transaction_id,sender_account,receiver_account,amount,timestamp,transaction_type,channel,bank,country,is_aml,pattern_type
TX_SBI_100001,SBI_ACC_20189,SBI_ACC_20057,542.79,2026-01-10 08:00:00,TRANSFER,UPI,State Bank of India,IN,0,NORMAL_BANKING_FLOW
TX_SBI_100002,SBI_ACC_20173,BOB_ACC_20022,287.65,2026-01-10 08:00:23,TRANSFER,UPI,State Bank of India,IN,0,NORMAL_BANKING_FLOW
TX_SBI_100003,SBI_ACC_20007,SBI_ACC_20060,631.24,2026-01-10 08:01:44,TRANSFER,UPI,State Bank of India,IN,0,NORMAL_BANKING_FLOW
TX_SBI_100004,SBI_ACC_20143,SBI_ACC_20167,1514.79,2026-01-10 08:02:21,TRANSFER,UPI,State Bank of India,IN,0,NORMAL_BANKING_FLOW
TX_SBI_100005,SBI_ACC_20056,SBI_ACC_20072,261.35,2026-01-10 08:03:56,TRANSFER,UPI,State Bank of India,IN,0,NORMAL_BANKING_FLOW
TX_SBI_100006,SBI_ACC_20040,SBI_ACC_20088,261.35,2026-01-10 08:01:15,TRANSFER,UPI,State Bank of India,IN,0,NORMAL_BANKING_FLOW
TX_SBI_100007,SBI_ACC_20245,ICICI_ACC_20023,1602.33,2026-01-10 08:03:12,TRANSFER,UPI,State Bank of India,IN,0,NORMAL_BANKING_FLOW
TX_SBI_100008,SBI_ACC_20216,SBI_ACC_20067,711.54,2026-01-10 08:04:33,TRANSFER,UPI,State Bank of India,IN,0,NORMAL_BANKING_FLOW
TX_SBI_100009,SBI_ACC_20137,SBI_ACC_20237,206.55,2026-01-10 08:02:16,TRANSFER,UPI,State Bank of India,IN,0,NORMAL_BANKING_FLOW
TX_SBI_100010,SBI_ACC_20075,INDUS_ACC_20147,568.25,2026-01-10 08:05:51,TRANSFER,UPI,State Bank of India,IN,0,NORMAL_BANKING_FLOW
TX_SBI_100011,SBI_ACC_20011,SBI_ACC_20198,207.8,2026-01-10 08:04:30,TRANSFER,UPI,State Bank of India,IN,0,NORMAL_BANKING_FLOW
TX_SBI_100012,SBI_ACC_20218,SBI_ACC_20025,207.32,2026-01-10 08:06:03,TRANSFER,IMPS,State Bank of India,IN,0,NORMAL_BANKING_FLOW
TX_SBI_100013,SBI_ACC_20162,AXIS_ACC_20094,420.72,2026-01-10 08:07:48,TRANSFER,UPI,State Bank of India,IN,0,NORMAL_BANKING_FLOW
TX_SBI_100014,SBI_ACC_20068,ICICI_ACC_20155,48.75,2026-01-10 08:08:01,TRANSFER,UPI,State Bank of India,IN,0,NORMAL_BANKING_FLOW
TX_SBI_100015,SBI_ACC_20186,SBI_ACC_20118,58.86,2026-01-10 08:12:50,TRANSFER,UPI,State Bank of India,IN,0,NORMAL_BANKING_FLOW
TX_SBI_100016,SBI_ACC_20236,SBI_ACC_20142,188.24,2026-01-10 08:09:45,TRANSFER,UPI,State Bank of India,IN,0,NORMAL_BANKING_FLOW
TX_SBI_100017,SBI_ACC_20215,HDFC_ACC_20058,119.96,2026-01-10 08:07:44,TRANSFER,UPI,State Bank of India,IN,0,NORMAL_BANKING_FLOW
TX_SBI_100018,SBI_ACC_20102,SBI_ACC_20054,452.26,2026-01-10 08:04:49,TRANSFER,IMPS,State Bank of India,IN,0,NORMAL_BANKING_FLOW
TX_SBI_100019,SBI_ACC_20080,SBI_ACC_20128,133.22,2026-01-10 08:15:18,TRANSFER,IMPS,State Bank of India,IN,0,NORMAL_BANKING_FLOW
TX_SBI_100020,SBI_ACC_20164,SBI_ACC_20067,80.45,2026-01-10 08:12:40,TRANSFER,IMPS,State Bank of India,IN,0,NORMAL_BANKING_FLOW
TX_SBI_100021,SBI_ACC_20143,SBI_ACC_20192,1430.31,2026-01-10 08:07:40,TRANSFER,UPI,State Bank of India,IN,0,NORMAL_BANKING_FLOW
TX_SBI_100022,SBI_ACC_20149,SBI_ACC_20056,263.54,2026-01-10 08:18:12,TRANSFER,UPI,State Bank of India,IN,0,NORMAL_BANKING_FLOW
TX_SBI_100023,SBI_ACC_20023,ICICI_ACC_20039,353.37,2026-01-10 08:08:26,TRANSFER,UPI,State Bank of India,IN,0,NORMAL_BANKING_FLOW
TX_SBI_100024,SBI_ACC_20174,SBI_ACC_20016,79.46,2026-01-10 08:21:05,TRANSFER,UPI,State Bank of India,IN,0,NORMAL_BANKING_FLOW
TX_SBI_100025,SBI_ACC_20119,SBI_ACC_20249,191.64,2026-01-10 08:15:36,TRANSFER,UPI,State Bank of India,IN,0,NORMAL_BANKING_FLOW
TX_SBI_100026,SBI_ACC_20002,SBI_ACC_20030,369.05,2026-01-10 08:20:50,TRANSFER,IMPS,State Bank of India,IN,0,NORMAL_BANKING_FLOW
TX_SBI_100027,SBI_ACC_20192,SBI_ACC_20164,104.48,2026-01-10 08:25:08,TRANSFER,IMPS,State Bank of India,IN,0,NORMAL_BANKING_FLOW
TX_SBI_100028,SBI_ACC_20111,SBI_ACC_20000,480.92,2026-01-10 08:16:12,TRANSFER,UPI,State Bank of India,IN,0,NORMAL_BANKING_FLOW
TX_SBI_100029,SBI_ACC_20195,SBI_ACC_20234,181.16,2026-01-10 08:14:28,TRANSFER,IMPS,State Bank of India,IN,0,NORMAL_BANKING_FLOW
TX_SBI_100030,SBI_ACC_20076,BOB_ACC_20155,246.73,2026-01-10 08:10:09,TRANSFER,IMPS,State Bank of India,IN,0,NORMAL_BANKING_FLOW
TX_SBI_100031,SBI_ACC_20195,SBI_ACC_20245,180.96,2026-01-10 08:13:30,TRANSFER,UPI,State Bank of India,IN,0,NORMAL_BANKING_FLOW
TX_SBI_100032,SBI_ACC_20153,SBI_ACC_20004,2105.44,2026-01-10 08:24:48,TRANSFER,IMPS,State Bank of India,IN,0,NORMAL_BANKING_FLOW
TX_SBI_100033,SBI_ACC_20224,PNB_ACC_20061,325.87,2026-01-10 08:11:44,TRANSFER,IMPS,State Bank of India,IN,0,NORMAL_BANKING_FLOW
TX_SBI_100034,SBI_ACC_20145,ICICI_ACC_20187,114.7,2026-01-10 08:09:54,TRANSFER,UPI,State Bank of India,IN,0,NORMAL_BANKING_FLOW
TX_SBI_100035,SBI_ACC_20194,SBI_ACC_20032,751.86,2026-01-10 08:26:04,TRANSFER,IMPS,State Bank of India,IN,0,NORMAL_BANKING_FLOW
TX_SBI_100036,SBI_ACC_20242,SBI_ACC_20067,97.43,2026-01-10 08:13:25,TRANSFER,UPI,State Bank of India,IN,0,NORMAL_BANKING_FLOW
TX_SBI_100037,SBI_ACC_20108,BOB_ACC_20193,407.02,2026-01-10 08:28:48,TRANSFER,IMPS,State Bank of India,IN,0,NORMAL_BANKING_FLOW
TX_SBI_100038,SBI_ACC_20079,SBI_ACC_20172,46.54,2026-01-10 08:36:23,TRANSFER,UPI,State Bank of India,IN,0,NORMAL_BANKING_FLOW
TX_SBI_100039,SBI_ACC_20230,SBI_ACC_20030,87.52,2026-01-10 08:35:28,TRANSFER,UPI,State Bank of India,IN,0,NORMAL_BANKING_FLOW
TX_SBI_100040,SBI_ACC_20086,SBI_ACC_20142,402.16,2026-01-10 08:19:30,TRANSFER,UPI,State Bank of India,IN,0,NORMAL_BANKING_FLOW
TX_SBI_100041,SBI_ACC_20001,SBI_ACC_20162,691.23,2026-01-10 08:19:20,TRANSFER,UPI,State Bank of India,IN,0,NORMAL_BANKING_FLOW
TX_SBI_100042,SBI_ACC_20231,SBI_ACC_20084,392.04,2026-01-10 08:12:18,TRANSFER,UPI,State Bank of India,IN,0,NORMAL_BANKING_FLOW
TX_SBI_100043,SBI_ACC_20071,SBI_ACC_20054,294.23,2026-01-10 08:13:18,TRANSFER,UPI,State Bank of India,IN,0,NORMAL_BANKING_FLOW
TX_SBI_100044,SBI_ACC_20239,CANARA_ACC_20062,244.42,2026-01-10 08:35:07,TRANSFER,UPI,State Bank of India,IN,0,NORMAL_BANKING_FLOW
TX_SBI_100045,SBI_ACC_20048,SBI_ACC_20169,75.3,2026-01-10 08:33:00,TRANSFER,IMPS,State Bank of India,IN,0,NORMAL_BANKING_FLOW
TX_SBI_100046,SBI_ACC_20105,SBI_ACC_20187,160.8,2026-01-10 08:31:30,TRANSFER,UPI,State Bank of India,IN,0,NORMAL_BANKING_FLOW
TX_SBI_100047,SBI_ACC_20165,SBI_ACC_20103,208.38,2026-01-10 08:13:48,TRANSFER,UPI,State Bank of India,IN,0,NORMAL_BANKING_FLOW
TX_SBI_100048,SBI_ACC_20027,SBI_ACC_20049,950.63,2026-01-10 08:28:12,TRANSFER,IMPS,State Bank of India,IN,0,NORMAL_BANKING_FLOW
TX_SBI_100049,SBI_ACC_20108,SBI_ACC_20119,465.74,2026-01-10 08:39:12,TRANSFER,UPI,State Bank of India,IN,0,NORMAL_BANKING_FLOW
TX_SBI_100050,SBI_ACC_20019,SBI_ACC_20221,56.65,2026-01-10 08:24:30,TRANSFER,IMPS,State Bank of India,IN,0,NORMAL_BANKING_FLOW
TX_SBI_100051,SBI_ACC_20166,HDFC_ACC_20248,456.73,2026-01-10 08:41:40,TRANSFER,UPI,State Bank of India,IN,0,NORMAL_BANKING_FLOW
TX_SBI_100052,SBI_ACC_20217,SBI_ACC_20104,224.73,2026-01-10 08:17:00,TRANSFER,IMPS,State Bank of India,IN,0,NORMAL_BANKING_FLOW
TX_SBI_100053,SBI_ACC_20221,SBI_ACC_20015,167.85,2026-01-10 08:39:52,TRANSFER,UPI,State Bank of India,IN,0,NORMAL_BANKING_FLOW
TX_SBI_100054,SBI_ACC_20099,SBI_ACC_20201,608.91,2026-01-10 08:22:05,TRANSFER,UPI,State Bank of India,IN,0,NORMAL_BANKING_FLOW
TX_SBI_100055,SBI_ACC_20178,BOB_ACC_20169,926.12,2026-01-10 08:39:36,TRANSFER,UPI,State Bank of India,IN,0,NORMAL_BANKING_FLOW
TX_SBI_100056,SBI_ACC_20048,SBI_ACC_20248,838.22,2026-01-10 08:55:00,TRANSFER,UPI,State Bank of India,IN,0,NORMAL_BANKING_FLOW
TX_SBI_100057,SBI_ACC_20138,SBI_ACC_20080,142.71,2026-01-10 08:16:48,TRANSFER,UPI,State Bank of India,IN,0,NORMAL_BANKING_FLOW
TX_SBI_100058,SBI_ACC_20122,SBI_ACC_20219,242.45,2026-01-10 08:17:06,TRANSFER,UPI,State Bank of India,IN,0,NORMAL_BANKING_FLOW
TX_SBI_100059,SBI_ACC_20245,SBI_ACC_20217,460.02,2026-01-10 08:46:24,TRANSFER,UPI,State Bank of India,IN,0,NORMAL_BANKING_FLOW
TX_SBI_100060,SBI_ACC_20017,SBI_ACC_20061,876.16,2026-01-10 08:25:34,TRANSFER,UPI,State Bank of India,IN,0,NORMAL_BANKING_FLOW
TX_SBI_100061,SBI_ACC_20227,SBI_ACC_20148,204.55,2026-01-10 08:40:00,TRANSFER,UPI,State Bank of India,IN,0,NORMAL_BANKING_FLOW
TX_SBI_100062,SBI_ACC_20020,SBI_ACC_20150,274.33,2026-01-10 08:53:53,TRANSFER,UPI,State Bank of India,IN,0,NORMAL_BANKING_FLOW
TX_SBI_100063,SBI_ACC_20239,SBI_ACC_20171,109.25,2026-01-10 08:52:42,TRANSFER,UPI,State Bank of India,IN,0,NORMAL_BANKING_FLOW
TX_SBI_100064,SBI_ACC_20067,SBI_ACC_20172,99.86,2026-01-10 09:03:00,TRANSFER,UPI,State Bank of India,IN,0,NORMAL_BANKING_FLOW
TX_SBI_100065,SBI_ACC_20080,ICICI_ACC_20002,744.36,2026-01-10 08:59:44,TRANSFER,UPI,State Bank of India,IN,0,NORMAL_BANKING_FLOW
TX_SBI_100066,SBI_ACC_20144,ICICI_ACC_20137,1282.08,2026-01-10 08:47:40,TRANSFER,UPI,State Bank of India,IN,0,NORMAL_BANKING_FLOW
TX_SBI_100067,SBI_ACC_20033,ICICI_ACC_20225,307.35,2026-01-10 08:30:48,TRANSFER,UPI,State Bank of India,IN,0,NORMAL_BANKING_FLOW
TX_SBI_100068,SBI_ACC_20040,SBI_ACC_20140,901.02,2026-01-10 08:33:30,TRANSFER,UPI,State Bank of India,IN,0,NORMAL_BANKING_FLOW
TX_SBI_100069,SBI_ACC_20206,SBI_ACC_20002,474.2,2026-01-10 09:08:00,TRANSFER,UPI,State Bank of India,IN,0,NORMAL_BANKING_FLOW
TX_SBI_100070,SBI_ACC_20076,ICICI_ACC_20240,173.28,2026-01-10 09:05:33,TRANSFER,IMPS,State Bank of India,IN,0,NORMAL_BANKING_FLOW
TX_SBI_100071,SBI_ACC_20227,SBI_ACC_20141,474.09,2026-01-10 08:26:50,TRANSFER,UPI,State Bank of India,IN,0,NORMAL_BANKING_FLOW
TX_SBI_100072,SBI_ACC_20154,SBI_ACC_20087,1537.69,2026-01-10 08:28:24,TRANSFER,UPI,State Bank of India,IN,0,NORMAL_BANKING_FLOW
TX_SBI_100073,SBI_ACC_20218,SBI_ACC_20125,318.68,2026-01-10 08:33:36,TRANSFER,UPI,State Bank of India,IN,0,NORMAL_BANKING_FLOW
TX_SBI_100074,SBI_ACC_20216,SBI_ACC_20162,1579.15,2026-01-10 08:37:43,TRANSFER,IMPS,State Bank of India,IN,0,NORMAL_BANKING_FLOW
TX_SBI_100075,SBI_ACC_20011,SBI_ACC_20198,24.05,2026-01-10 08:51:48,TRANSFER,IMPS,State Bank of India,IN,0,NORMAL_BANKING_FLOW
TX_SBI_100076,SBI_ACC_20067,SBI_ACC_20114,751.37,2026-01-10 08:28:45,TRANSFER,UPI,State Bank of India,IN,0,NORMAL_BANKING_FLOW
TX_SBI_100077,SBI_ACC_20143,SBI_ACC_20019,360.34,2026-01-10 09:03:20,TRANSFER,UPI,State Bank of India,IN,0,NORMAL_BANKING_FLOW
TX_SBI_100078,SBI_ACC_20139,SBI_ACC_20094,244.93,2026-01-10 09:15:43,TRANSFER,IMPS,State Bank of India,IN,0,NORMAL_BANKING_FLOW
TX_SBI_100079,SBI_ACC_20110,SBI_ACC_20078,362.04,2026-01-10 09:07:36,TRANSFER,UPI,State Bank of India,IN,0,NORMAL_BANKING_FLOW
TX_SBI_100080,SBI_ACC_20203,HDFC_ACC_20230,45.26,2026-01-10 08:50:02,TRANSFER,IMPS,State Bank of India,IN,0,NORMAL_BANKING_FLOW
TX_SBI_100081,SBI_ACC_20063,SBI_ACC_20091,265.16,2026-01-10 08:49:20,TRANSFER,UPI,State Bank of India,IN,0,NORMAL_BANKING_FLOW
TX_SBI_100082,SBI_ACC_20104,AXIS_ACC_20236,472.06,2026-01-10 09:07:30,TRANSFER,IMPS,State Bank of India,IN,0,NORMAL_BANKING_FLOW
TX_SBI_100083,SBI_ACC_20249,AXIS_ACC_20225,1447.94,2026-01-10 08:41:00,TRANSFER,IMPS,State Bank of India,IN,0,NORMAL_BANKING_FLOW
TX_SBI_100084,SBI_ACC_20188,YES_ACC_20205,196.71,2026-01-10 08:56:43,TRANSFER,UPI,State Bank of India,IN,0,NORMAL_BANKING_FLOW
TX_SBI_100085,SBI_ACC_20207,SBI_ACC_20040,147.16,2026-01-10 09:19:48,TRANSFER,IMPS,State Bank of India,IN,0,NORMAL_BANKING_FLOW
TX_SBI_100086,SBI_ACC_20223,SBI_ACC_20120,199.99,2026-01-10 09:23:35,TRANSFER,UPI,State Bank of India,IN,0,NORMAL_BANKING_FLOW
TX_SBI_100087,SBI_ACC_20235,SBI_ACC_20078,825.02,2026-01-10 08:41:34,TRANSFER,UPI,State Bank of India,IN,0,NORMAL_BANKING_FLOW
TX_SBI_100088,SBI_ACC_20168,SBI_ACC_20084,458.86,2026-01-10 08:42:03,TRANSFER,UPI,State Bank of India,IN,0,NORMAL_BANKING_FLOW
TX_SBI_100089,SBI_ACC_20247,INDUS_ACC_20164,194.46,2026-01-10 08:46:56,TRANSFER,IMPS,State Bank of India,IN,0,NORMAL_BANKING_FLOW
TX_SBI_100090,SBI_ACC_20215,SBI_ACC_20241,551.85,2026-01-10 09:09:43,TRANSFER,UPI,State Bank of India,IN,0,NORMAL_BANKING_FLOW
TX_SBI_100091,SBI_ACC_20248,SBI_ACC_20148,363.97,2026-01-10 08:24:00,TRANSFER,UPI,State Bank of India,IN,0,NORMAL_BANKING_FLOW
TX_SBI_100092,SBI_ACC_20152,SBI_ACC_20187,870.13,2026-01-10 08:47:01,TRANSFER,UPI,State Bank of India,IN,0,NORMAL_BANKING_FLOW
TX_SBI_100093,SBI_ACC_20130,SBI_ACC_20231,163.69,2026-01-10 08:53:40,TRANSFER,UPI,State Bank of India,IN,0,NORMAL_BANKING_FLOW
TX_SBI_100094,SBI_ACC_20011,HDFC_ACC_20133,238.02,2026-01-10 09:19:03,TRANSFER,UPI,State Bank of India,IN,0,NORMAL_BANKING_FLOW
TX_SBI_100095,SBI_ACC_20240,KOTAK_ACC_20093,223.16,2026-01-10 09:16:46,TRANSFER,UPI,State Bank of India,IN,0,NORMAL_BANKING_FLOW
TX_SBI_100096,SBI_ACC_20170,INDUS_ACC_20169,76.44,2026-01-10 09:06:30,TRANSFER,UPI,State Bank of India,IN,0,NORMAL_BANKING_FLOW
TX_SBI_100097,SBI_ACC_20076,SBI_ACC_20171,444.13,2026-01-10 08:35:12,TRANSFER,UPI,State Bank of India,IN,0,NORMAL_BANKING_FLOW
TX_SBI_100098,SBI_ACC_20178,SBI_ACC_20032,428.83,2026-01-10 09:06:17,TRANSFER,UPI,State Bank of India,IN,0,NORMAL_BANKING_FLOW
TX_SBI_100099,SBI_ACC_20240,SBI_ACC_20191,331.99,2026-01-10 08:44:06,TRANSFER,UPI,State Bank of India,IN,0,NORMAL_BANKING_FLOW
TX_SBI_100100,SBI_ACC_20077,SBI_ACC_20214,261.23,2026-01-10 08:42:54,TRANSFER,UPI,State Bank of India,IN,0,NORMAL_BANKING_FLOW
TX_SBI_100101,SBI_ACC_20053,SBI_ACC_20149,80.21,2026-01-10 08:25:00,TRANSFER,UPI,State Bank of India,IN,0,NORMAL_BANKING_FLOW
TX_SBI_100102,SBI_ACC_20119,SBI_ACC_20173,216.88,2026-01-10 09:29:13,TRANSFER,UPI,State Bank of India,IN,0,NORMAL_BANKING_FLOW
TX_SBI_100103,SBI_ACC_20203,AXIS_ACC_20168,234.46,2026-01-10 08:47:36,TRANSFER,UPI,State Bank of India,IN,0,NORMAL_BANKING_FLOW
TX_SBI_100104,SBI_ACC_20169,SBI_ACC_20085,148.08,2026-01-10 08:34:20,TRANSFER,UPI,State Bank of India,IN,0,NORMAL_BANKING_FLOW
TX_SBI_100105,SBI_ACC_20192,SBI_ACC_20079,281.1,2026-01-10 08:34:40,TRANSFER,IMPS,State Bank of India,IN,0,NORMAL_BANKING_FLOW
TX_SBI_100106,SBI_ACC_20037,SBI_ACC_20063,494.75,2026-01-10 08:50:45,TRANSFER,IMPS,State Bank of India,IN,0,NORMAL_BANKING_FLOW
TX_SBI_100107,SBI_ACC_20196,SBI_ACC_20106,2178.05,2026-01-10 09:19:30,TRANSFER,UPI,State Bank of India,IN,0,NORMAL_BANKING_FLOW
TX_SBI_100108,SBI_ACC_20183,SBI_ACC_20126,393.3,2026-01-10 09:38:05,TRANSFER,UPI,State Bank of India,IN,0,NORMAL_BANKING_FLOW
TX_SBI_100109,SBI_ACC_20167,SBI_ACC_20229,427.33,2026-01-10 09:12:00,TRANSFER,UPI,State Bank of India,IN,0,NORMAL_BANKING_FLOW
TX_SBI_100110,SBI_ACC_20056,SBI_ACC_20246,306.6,2026-01-10 08:38:09,TRANSFER,UPI,State Bank of India,IN,0,NORMAL_BANKING_FLOW
TX_SBI_100111,SBI_ACC_20012,SBI_ACC_20235,48.48,2026-01-10 09:48:10,TRANSFER,UPI,State Bank of India,IN,0,NORMAL_BANKING_FLOW
TX_SBI_100112,SBI_ACC_20205,SBI_ACC_20135,321.66,2026-01-10 08:40:42,TRANSFER,UPI,State Bank of India,IN,0,NORMAL_BANKING_FLOW
TX_SBI_100113,SBI_ACC_20243,CANARA_ACC_20156,350.8,2026-01-10 09:33:20,TRANSFER,UPI,State Bank of India,IN,0,NORMAL_BANKING_FLOW
TX_SBI_100114,SBI_ACC_20232,SBI_ACC_20229,3878.65,2026-01-10 09:28:31,TRANSFER,UPI,State Bank of India,IN,0,NORMAL_BANKING_FLOW
TX_SBI_100115,SBI_ACC_20121,SBI_ACC_20193,272.5,2026-01-10 08:47:30,TRANSFER,UPI,State Bank of India,IN,0,NORMAL_BANKING_FLOW
TX_SBI_100116,SBI_ACC_20070,BOB_ACC_20124,446.55,2026-01-10 08:57:30,TRANSFER,IMPS,State Bank of India,IN,0,NORMAL_BANKING_FLOW
TX_SBI_100117,SBI_ACC_20112,SBI_ACC_20073,319.03,2026-01-10 09:46:20,TRANSFER,UPI,State Bank of India,IN,0,NORMAL_BANKING_FLOW
TX_SBI_100118,SBI_ACC_20081,ICICI_ACC_20035,102.65,2026-01-10 08:58:30,TRANSFER,UPI,State Bank of India,IN,0,NORMAL_BANKING_FLOW
TX_SBI_100119,SBI_ACC_20177,SBI_ACC_20054,1035.69,2026-01-10 08:47:12,TRANSFER,UPI,State Bank of India,IN,0,NORMAL_BANKING_FLOW
TX_SBI_100120,SBI_ACC_20084,SBI_ACC_20107,700.6,2026-01-10 08:37:41,TRANSFER,UPI,State Bank of India,IN,0,NORMAL_BANKING_FLOW
TX_SBI_100121,SBI_ACC_20107,SBI_ACC_20198,728.53,2026-01-10 08:36:00,TRANSFER,UPI,State Bank of India,IN,0,NORMAL_BANKING_FLOW
TX_SBI_100122,SBI_ACC_20005,YES_ACC_20122,133.04,2026-01-10 09:44:52,TRANSFER,IMPS,State Bank of India,IN,0,NORMAL_BANKING_FLOW
TX_SBI_100123,SBI_ACC_20076,YES_ACC_20137,1343.18,2026-01-10 08:30:30,TRANSFER,IMPS,State Bank of India,IN,0,NORMAL_BANKING_FLOW
TX_SBI_100124,SBI_ACC_20229,SBI_ACC_20056,81.3,2026-01-10 09:40:27,TRANSFER,UPI,State Bank of India,IN,0,NORMAL_BANKING_FLOW
TX_SBI_100125,SBI_ACC_20007,SBI_ACC_20172,593.99,2026-01-10 09:06:08,TRANSFER,UPI,State Bank of India,IN,0,NORMAL_BANKING_FLOW
TX_SBI_100126,SBI_ACC_20185,SBI_ACC_20119,2952.64,2026-01-10 10:00:50,TRANSFER,UPI,State Bank of India,IN,0,NORMAL_BANKING_FLOW
TX_SBI_100127,SBI_ACC_20136,SBI_ACC_20100,122.67,2026-01-10 08:48:18,TRANSFER,IMPS,State Bank of India,IN,0,NORMAL_BANKING_FLOW
TX_SBI_100128,SBI_ACC_20006,SBI_ACC_20110,187.49,2026-01-10 09:50:04,TRANSFER,UPI,State Bank of India,IN,0,NORMAL_BANKING_FLOW
TX_SBI_100129,SBI_ACC_20046,SBI_ACC_20098,364.91,2026-01-10 08:49:04,TRANSFER,IMPS,State Bank of India,IN,0,NORMAL_BANKING_FLOW
TX_SBI_100130,SBI_ACC_20083,SBI_ACC_20226,199.64,2026-01-10 09:15:15,TRANSFER,UPI,State Bank of India,IN,0,NORMAL_BANKING_FLOW
TX_SBI_100131,SBI_ACC_20243,PNB_ACC_20213,70.06,2026-01-10 09:24:30,TRANSFER,UPI,State Bank of India,IN,0,NORMAL_BANKING_FLOW
TX_SBI_100132,SBI_ACC_20191,SBI_ACC_20244,353.74,2026-01-10 08:43:40,TRANSFER,UPI,State Bank of India,IN,0,NORMAL_BANKING_FLOW
TX_SBI_100133,SBI_ACC_20017,HDFC_ACC_20193,114.17,2026-01-10 09:21:24,TRANSFER,UPI,State Bank of India,IN,0,NORMAL_BANKING_FLOW
TX_SBI_100134,SBI_ACC_20051,AXIS_ACC_20061,530.38,2026-01-10 08:35:28,TRANSFER,IMPS,State Bank of India,IN,0,NORMAL_BANKING_FLOW
TX_SBI_100135,SBI_ACC_20029,SBI_ACC_20056,131.71,2026-01-10 08:51:22,TRANSFER,UPI,State Bank of India,IN,0,NORMAL_BANKING_FLOW
TX_SBI_100136,SBI_ACC_20196,SBI_ACC_20155,1556.09,2026-01-10 09:39:00,TRANSFER,UPI,State Bank of India,IN,0,NORMAL_BANKING_FLOW
TX_SBI_100137,SBI_ACC_20183,SBI_ACC_20210,150.92,2026-01-10 10:00:08,TRANSFER,IMPS,State Bank of India,IN,0,NORMAL_BANKING_FLOW
TX_SBI_100138,SBI_ACC_20027,SBI_ACC_20238,239.35,2026-01-10 08:57:05,TRANSFER,IMPS,State Bank of India,IN,0,NORMAL_BANKING_FLOW
TX_SBI_100139,SBI_ACC_20232,YES_ACC_20241,745.1,2026-01-10 09:18:12,TRANSFER,UPI,State Bank of India,IN,0,NORMAL_BANKING_FLOW
TX_SBI_100140,SBI_ACC_20151,SBI_ACC_20161,96.46,2026-01-10 10:19:00,TRANSFER,UPI,State Bank of India,IN,0,NORMAL_BANKING_FLOW
TX_SBI_100141,SBI_ACC_20197,SBI_ACC_20175,414.66,2026-01-10 09:10:00,TRANSFER,UPI,State Bank of India,IN,0,NORMAL_BANKING_FLOW
TX_SBI_100142,SBI_ACC_20203,HDFC_ACC_20088,1220.65,2026-01-10 10:04:33,TRANSFER,IMPS,State Bank of India,IN,0,NORMAL_BANKING_FLOW
TX_SBI_100143,SBI_ACC_20094,SBI_ACC_20166,66.19,2026-01-10 09:55:58,TRANSFER,UPI,State Bank of India,IN,0,NORMAL_BANKING_FLOW
TX_SBI_100144,SBI_ACC_20107,ICICI_ACC_20110,397.28,2026-01-10 09:25:48,TRANSFER,UPI,State Bank of India,IN,0,NORMAL_BANKING_FLOW
TX_SBI_100145,SBI_ACC_20212,SBI_ACC_20039,428.33,2026-01-10 09:31:12,TRANSFER,UPI,State Bank of India,IN,0,NORMAL_BANKING_FLOW
TX_SBI_100146,SBI_ACC_20133,PNB_ACC_20157,721.85,2026-01-10 09:41:30,TRANSFER,UPI,State Bank of India,IN,0,NORMAL_BANKING_FLOW
TX_SBI_100147,SBI_ACC_20119,SBI_ACC_20188,95.88,2026-01-10 09:59:14,TRANSFER,UPI,State Bank of India,IN,0,NORMAL_BANKING_FLOW
TX_SBI_100148,SBI_ACC_20218,SBI_ACC_20240,88.19,2026-01-10 10:07:24,TRANSFER,UPI,State Bank of India,IN,0,NORMAL_BANKING_FLOW
TX_SBI_100149,SBI_ACC_20115,SBI_ACC_20119,556.65,2026-01-10 08:49:20,TRANSFER,UPI,State Bank of India,IN,0,NORMAL_BANKING_FLOW
TX_SBI_100150,SBI_ACC_20097,SBI_ACC_20127,444.52,2026-01-10 10:06:39,TRANSFER,UPI,State Bank of India,IN,0,NORMAL_BANKING_FLOW
TX_SBI_100151,SBI_ACC_20054,SBI_ACC_20067,424.32,2026-01-10 09:27:30,TRANSFER,UPI,State Bank of India,IN,0,NORMAL_BANKING_FLOW
TX_SBI_100152,SBI_ACC_20152,PNB_ACC_20142,467.06,2026-01-10 09:30:36,TRANSFER,UPI,State Bank of India,IN,0,NORMAL_BANKING_FLOW
TX_SBI_100153,SBI_ACC_20048,SBI_ACC_20185,167.33,2026-01-10 08:38:00,TRANSFER,UPI,State Bank of India,IN,0,NORMAL_BANKING_FLOW
TX_SBI_100154,SBI_ACC_20194,SBI_ACC_20121,416.65,2026-01-10 09:44:33,TRANSFER,UPI,State Bank of India,IN,0,NORMAL_BANKING_FLOW
TX_SBI_100155,SBI_ACC_20114,ICICI_ACC_20075,442.78,2026-01-10 10:23:44,TRANSFER,UPI,State Bank of India,IN,0,NORMAL_BANKING_FLOW
TX_SBI_100156,SBI_ACC_20062,SBI_ACC_20149,161.68,2026-01-10 09:14:55,TRANSFER,UPI,State Bank of India,IN,0,NORMAL_BANKING_FLOW
TX_SBI_100157,SBI_ACC_20135,SBI_ACC_20191,2134.04,2026-01-10 09:38:48,TRANSFER,UPI,State Bank of India,IN,0,NORMAL_BANKING_FLOW
TX_SBI_100158,SBI_ACC_20179,SBI_ACC_20078,530.51,2026-01-10 10:10:50,TRANSFER,UPI,State Bank of India,IN,0,NORMAL_BANKING_FLOW
TX_SBI_100159,SBI_ACC_20184,SBI_ACC_20030,100.35,2026-01-10 09:21:38,TRANSFER,UPI,State Bank of India,IN,0,NORMAL_BANKING_FLOW
TX_SBI_100160,SBI_ACC_20176,SBI_ACC_20055,636.86,2026-01-10 10:09:51,TRANSFER,IMPS,State Bank of India,IN,0,NORMAL_BANKING_FLOW
TX_SBI_100161,SBI_ACC_20150,BOB_ACC_20152,124.63,2026-01-10 10:00:00,TRANSFER,UPI,State Bank of India,IN,0,NORMAL_BANKING_FLOW
TX_SBI_100162,SBI_ACC_20213,SBI_ACC_20058,725.66,2026-01-10 09:28:33,TRANSFER,IMPS,State Bank of India,IN,0,NORMAL_BANKING_FLOW
TX_SBI_100163,SBI_ACC_20003,AXIS_ACC_20070,1052.15,2026-01-10 09:42:36,TRANSFER,UPI,State Bank of India,IN,0,NORMAL_BANKING_FLOW
TX_SBI_100164,SBI_ACC_20141,SBI_ACC_20242,145.38,2026-01-10 08:46:11,TRANSFER,IMPS,State Bank of India,IN,0,NORMAL_BANKING_FLOW
TX_SBI_100165,SBI_ACC_20192,SBI_ACC_20224,865.56,2026-01-10 09:02:52,TRANSFER,UPI,State Bank of India,IN,0,NORMAL_BANKING_FLOW
TX_SBI_100166,SBI_ACC_20120,SBI_ACC_20087,499.09,2026-01-10 08:41:15,TRANSFER,UPI,State Bank of India,IN,0,NORMAL_BANKING_FLOW
TX_SBI_100167,SBI_ACC_20064,CANARA_ACC_20029,751.49,2026-01-10 09:11:56,TRANSFER,IMPS,State Bank of India,IN,0,NORMAL_BANKING_FLOW
TX_SBI_100168,SBI_ACC_20018,SBI_ACC_20176,2201.28,2026-01-10 08:52:53,TRANSFER,UPI,State Bank of India,IN,0,NORMAL_BANKING_FLOW
TX_SBI_100169,SBI_ACC_20207,SBI_ACC_20077,258.43,2026-01-10 08:50:24,TRANSFER,UPI,State Bank of India,IN,0,NORMAL_BANKING_FLOW
TX_SBI_100170,SBI_ACC_20030,SBI_ACC_20107,155.44,2026-01-10 08:56:20,TRANSFER,IMPS,State Bank of India,IN,0,NORMAL_BANKING_FLOW
TX_SBI_100171,SBI_ACC_20158,SBI_ACC_20133,135.71,2026-01-10 10:30:10,TRANSFER,UPI,State Bank of India,IN,0,NORMAL_BANKING_FLOW
TX_SBI_100172,SBI_ACC_20113,SBI_ACC_20151,146.09,2026-01-10 09:51:09,TRANSFER,UPI,State Bank of India,IN,0,NORMAL_BANKING_FLOW
TX_SBI_100173,SBI_ACC_20158,SBI_ACC_20246,305.79,2026-01-10 10:00:24,TRANSFER,UPI,State Bank of India,IN,0,NORMAL_BANKING_FLOW
TX_SBI_100174,SBI_ACC_20053,SBI_ACC_20068,464.59,2026-01-10 09:00:33,TRANSFER,IMPS,State Bank of India,IN,0,NORMAL_BANKING_FLOW
TX_SBI_100175,SBI_ACC_20061,SBI_ACC_20019,435.59,2026-01-10 10:45:18,TRANSFER,UPI,State Bank of India,IN,0,NORMAL_BANKING_FLOW
TX_SBI_100176,SBI_ACC_20115,SBI_ACC_20121,755.35,2026-01-10 09:12:55,TRANSFER,UPI,State Bank of India,IN,0,NORMAL_BANKING_FLOW
TX_SBI_100177,SBI_ACC_20073,CANARA_ACC_20018,334.62,2026-01-10 09:36:48,TRANSFER,UPI,State Bank of India,IN,0,NORMAL_BANKING_FLOW
TX_SBI_100178,SBI_ACC_20067,KOTAK_ACC_20108,1413.09,2026-01-10 10:51:06,TRANSFER,UPI,State Bank of India,IN,0,NORMAL_BANKING_FLOW
TX_SBI_100179,SBI_ACC_20165,SBI_ACC_20068,253.49,2026-01-10 09:05:16,TRANSFER,UPI,State Bank of India,IN,0,NORMAL_BANKING_FLOW
TX_SBI_100180,SBI_ACC_20042,PNB_ACC_20112,5014.9,2026-01-10 09:11:36,TRANSFER,UPI,State Bank of India,IN,0,NORMAL_BANKING_FLOW
TX_SBI_100181,SBI_ACC_20077,SBI_ACC_20242,617.49,2026-01-10 09:06:00,TRANSFER,UPI,State Bank of India,IN,0,NORMAL_BANKING_FLOW
TX_SBI_100182,SBI_ACC_20126,SBI_ACC_20154,140.17,2026-01-10 09:36:32,TRANSFER,UPI,State Bank of India,IN,0,NORMAL_BANKING_FLOW
TX_SBI_100183,SBI_ACC_20188,SBI_ACC_20064,113.19,2026-01-10 08:51:34,TRANSFER,IMPS,State Bank of India,IN,0,NORMAL_BANKING_FLOW
TX_SBI_100184,SBI_ACC_20246,SBI_ACC_20220,535.11,2026-01-10 08:48:48,TRANSFER,UPI,State Bank of India,IN,0,NORMAL_BANKING_FLOW
TX_SBI_100185,SBI_ACC_20005,PNB_ACC_20147,264.16,2026-01-10 10:36:24,TRANSFER,UPI,State Bank of India,IN,0,NORMAL_BANKING_FLOW
TX_SBI_100186,SBI_ACC_20044,SBI_ACC_20167,674.52,2026-01-10 08:52:25,TRANSFER,UPI,State Bank of India,IN,0,NORMAL_BANKING_FLOW
TX_SBI_100187,SBI_ACC_20046,YES_ACC_20162,530.19,2026-01-10 10:13:18,TRANSFER,IMPS,State Bank of India,IN,0,NORMAL_BANKING_FLOW
TX_SBI_100188,SBI_ACC_20120,SBI_ACC_20085,307.1,2026-01-10 10:23:22,TRANSFER,IMPS,State Bank of India,IN,0,NORMAL_BANKING_FLOW
TX_SBI_100189,SBI_ACC_20219,SBI_ACC_20105,141.63,2026-01-10 09:49:40,TRANSFER,UPI,State Bank of India,IN,0,NORMAL_BANKING_FLOW
TX_SBI_100190,SBI_ACC_20169,BOB_ACC_20009,72.61,2026-01-10 11:05:51,TRANSFER,UPI,State Bank of India,IN,0,NORMAL_BANKING_FLOW
TX_SBI_100191,SBI_ACC_20064,SBI_ACC_20249,211.34,2026-01-10 10:19:20,TRANSFER,UPI,State Bank of India,IN,0,NORMAL_BANKING_FLOW
TX_SBI_100192,SBI_ACC_20211,BOB_ACC_20118,777.75,2026-01-10 10:07:20,TRANSFER,IMPS,State Bank of India,IN,0,NORMAL_BANKING_FLOW
TX_SBI_100193,SBI_ACC_20132,SBI_ACC_20194,409.15,2026-01-10 10:11:12,TRANSFER,UPI,State Bank of India,IN,0,NORMAL_BANKING_FLOW
TX_SBI_100194,SBI_ACC_20194,SBI_ACC_20068,95.04,2026-01-10 10:27:58,TRANSFER,UPI,State Bank of India,IN,0,NORMAL_BANKING_FLOW
TX_SBI_100195,SBI_ACC_20073,SBI_ACC_20179,392.75,2026-01-10 10:41:40,TRANSFER,UPI,State Bank of India,IN,0,NORMAL_BANKING_FLOW
TX_SBI_100196,SBI_ACC_20249,SBI_ACC_20204,485.57,2026-01-10 10:29:30,TRANSFER,UPI,State Bank of India,IN,0,NORMAL_BANKING_FLOW
TX_SBI_100197,SBI_ACC_20079,SBI_ACC_20142,136.48,2026-01-10 09:38:00,TRANSFER,UPI,State Bank of India,IN,0,NORMAL_BANKING_FLOW
TX_SBI_100198,SBI_ACC_20215,CANARA_ACC_20242,385.19,2026-01-10 10:14:37,TRANSFER,UPI,State Bank of India,IN,0,NORMAL_BANKING_FLOW
TX_SBI_100199,SBI_ACC_20039,SBI_ACC_20184,350.1,2026-01-10 09:12:36,TRANSFER,UPI,State Bank of India,IN,0,NORMAL_BANKING_FLOW
TX_SBI_100200,SBI_ACC_20069,SBI_ACC_20124,105.32,2026-01-10 09:49:27,TRANSFER,UPI,State Bank of India,IN,0,NORMAL_BANKING_FLOW
TX_SBI_100201,SBI_ACC_20141,SBI_ACC_20048,472.38,2026-01-10 10:30:00,TRANSFER,UPI,State Bank of India,IN,0,NORMAL_BANKING_FLOW
TX_SBI_100202,SBI_ACC_20225,SBI_ACC_20017,578.7,2026-01-10 10:57:33,TRANSFER,UPI,State Bank of India,IN,0,NORMAL_BANKING_FLOW
TX_SBI_100203,SBI_ACC_20218,SBI_ACC_20240,975.6,2026-01-10 09:47:44,TRANSFER,UPI,State Bank of India,IN,0,NORMAL_BANKING_FLOW
TX_SBI_100204,SBI_ACC_20000,SBI_ACC_20077,947.48,2026-01-10 10:39:01,TRANSFER,UPI,State Bank of India,IN,0,NORMAL_BANKING_FLOW
TX_SBI_100205,SBI_ACC_20168,SBI_ACC_20038,83.29,2026-01-10 10:56:48,TRANSFER,UPI,State Bank of India,IN,0,NORMAL_BANKING_FLOW
TX_SBI_100206,SBI_ACC_20088,SBI_ACC_20196,129.31,2026-01-10 10:26:55,TRANSFER,UPI,State Bank of India,IN,0,NORMAL_BANKING_FLOW
TX_SBI_100207,SBI_ACC_20238,SBI_ACC_20048,552.82,2026-01-10 10:48:14,TRANSFER,UPI,State Bank of India,IN,0,NORMAL_BANKING_FLOW
TX_SBI_100208,SBI_ACC_20098,SBI_ACC_20199,552.13,2026-01-10 11:23:33,TRANSFER,UPI,State Bank of India,IN,0,NORMAL_BANKING_FLOW
TX_SBI_100209,SBI_ACC_20190,SBI_ACC_20234,552.83,2026-01-10 10:22:08,TRANSFER,UPI,State Bank of India,IN,0,NORMAL_BANKING_FLOW
TX_SBI_100210,SBI_ACC_20169,AXIS_ACC_20126,15564.24,2026-01-10 10:15:51,TRANSFER,UPI,State Bank of India,IN,0,NORMAL_BANKING_FLOW
TX_SBI_100211,SBI_ACC_20247,SBI_ACC_20222,584.58,2026-01-10 08:59:30,TRANSFER,UPI,State Bank of India,IN,0,NORMAL_BANKING_FLOW
TX_SBI_100212,SBI_ACC_20112,SBI_ACC_20234,1028.2,2026-01-10 09:13:51,TRANSFER,IMPS,State Bank of India,IN,0,NORMAL_BANKING_FLOW
TX_SBI_100213,SBI_ACC_20036,SBI_ACC_20168,857.48,2026-01-10 10:35:28,TRANSFER,UPI,State Bank of India,IN,0,NORMAL_BANKING_FLOW
TX_SBI_100214,SBI_ACC_20200,INDUS_ACC_20159,633.58,2026-01-10 09:25:12,TRANSFER,UPI,State Bank of India,IN,0,NORMAL_BANKING_FLOW
TX_SBI_100215,SBI_ACC_20020,BOB_ACC_20097,240.98,2026-01-10 11:30:26,TRANSFER,UPI,State Bank of India,IN,0,NORMAL_BANKING_FLOW
TX_SBI_100216,SBI_ACC_20227,BOB_ACC_20009,705.54,2026-01-10 10:05:25,TRANSFER,UPI,State Bank of India,IN,0,NORMAL_BANKING_FLOW
TX_SBI_100217,SBI_ACC_20161,SBI_ACC_20073,152.5,2026-01-10 11:14:24,TRANSFER,UPI,State Bank of India,IN,0,NORMAL_BANKING_FLOW
TX_SBI_100218,SBI_ACC_20111,ICICI_ACC_20113,260.65,2026-01-10 09:44:53,TRANSFER,UPI,State Bank of India,IN,0,NORMAL_BANKING_FLOW
TX_SBI_100219,SBI_ACC_20231,SBI_ACC_20083,203.29,2026-01-10 09:30:50,TRANSFER,UPI,State Bank of India,IN,0,NORMAL_BANKING_FLOW
TX_SBI_100220,SBI_ACC_20095,SBI_ACC_20062,358.48,2026-01-10 09:05:42,TRANSFER,UPI,State Bank of India,IN,0,NORMAL_BANKING_FLOW
TX_SBI_100221,SBI_ACC_20174,AXIS_ACC_20044,3343.12,2026-01-10 10:56:00,TRANSFER,UPI,State Bank of India,IN,0,NORMAL_BANKING_FLOW
TX_SBI_100222,SBI_ACC_20097,SBI_ACC_20061,51.05,2026-01-10 09:13:40,TRANSFER,UPI,State Bank of India,IN,0,NORMAL_BANKING_FLOW
TX_SBI_100223,SBI_ACC_20036,SBI_ACC_20164,656.07,2026-01-10 10:50:12,TRANSFER,IMPS,State Bank of India,IN,0,NORMAL_BANKING_FLOW
TX_SBI_100224,SBI_ACC_20170,SBI_ACC_20206,65.84,2026-01-10 09:55:13,TRANSFER,UPI,State Bank of India,IN,0,NORMAL_BANKING_FLOW
TX_SBI_100225,SBI_ACC_20173,SBI_ACC_20018,206.04,2026-01-10 10:44:16,TRANSFER,IMPS,State Bank of India,IN,0,NORMAL_BANKING_FLOW
TX_SBI_100226,SBI_ACC_20150,SBI_ACC_20247,981.37,2026-01-10 10:41:15,TRANSFER,IMPS,State Bank of India,IN,0,NORMAL_BANKING_FLOW
TX_SBI_100227,SBI_ACC_20116,KOTAK_ACC_20098,352.23,2026-01-10 10:38:12,TRANSFER,UPI,State Bank of India,IN,0,NORMAL_BANKING_FLOW
TX_SBI_100228,SBI_ACC_20097,SBI_ACC_20148,112.42,2026-01-10 10:50:15,TRANSFER,UPI,State Bank of India,IN,0,NORMAL_BANKING_FLOW
TX_SBI_100229,SBI_ACC_20075,SBI_ACC_20213,161.53,2026-01-10 10:05:24,TRANSFER,IMPS,State Bank of India,IN,0,NORMAL_BANKING_FLOW
TX_SBI_100230,SBI_ACC_20002,SBI_ACC_20176,651.71,2026-01-10 11:37:33,TRANSFER,UPI,State Bank of India,IN,0,NORMAL_BANKING_FLOW
TX_SBI_100231,SBI_ACC_20190,SBI_ACC_20232,159.12,2026-01-10 09:09:00,TRANSFER,IMPS,State Bank of India,IN,0,NORMAL_BANKING_FLOW
TX_SBI_100232,SBI_ACC_20058,SBI_ACC_20091,410.12,2026-01-10 10:07:03,TRANSFER,UPI,State Bank of India,IN,0,NORMAL_BANKING_FLOW
TX_SBI_100233,SBI_ACC_20158,SBI_ACC_20194,345.7,2026-01-10 09:52:08,TRANSFER,UPI,State Bank of India,IN,0,NORMAL_BANKING_FLOW
TX_SBI_100234,SBI_ACC_20035,SBI_ACC_20232,172.16,2026-01-10 11:41:21,TRANSFER,UPI,State Bank of India,IN,0,NORMAL_BANKING_FLOW
TX_SBI_100235,SBI_ACC_20079,HDFC_ACC_20148,2818.45,2026-01-10 11:34:30,TRANSFER,UPI,State Bank of India,IN,0,NORMAL_BANKING_FLOW
TX_SBI_100236,SBI_ACC_20023,INDUS_ACC_20191,622.61,2026-01-10 10:28:50,TRANSFER,UPI,State Bank of India,IN,0,NORMAL_BANKING_FLOW
TX_SBI_100237,SBI_ACC_20033,INDUS_ACC_20135,43.59,2026-01-10 10:41:16,TRANSFER,UPI,State Bank of India,IN,0,NORMAL_BANKING_FLOW
TX_SBI_100238,SBI_ACC_20212,SBI_ACC_20234,398.0,2026-01-10 11:05:39,TRANSFER,IMPS,State Bank of India,IN,0,NORMAL_BANKING_FLOW
TX_SBI_100239,SBI_ACC_20075,INDUS_ACC_20205,170.41,2026-01-10 10:58:30,TRANSFER,IMPS,State Bank of India,IN,0,NORMAL_BANKING_FLOW
TX_SBI_100240,SBI_ACC_20019,SBI_ACC_20248,774.67,2026-01-10 09:27:38,TRANSFER,UPI,State Bank of India,IN,0,NORMAL_BANKING_FLOW
TX_SBI_100241,SBI_ACC_20185,SBI_ACC_20101,149.53,2026-01-10 09:56:00,TRANSFER,IMPS,State Bank of India,IN,0,NORMAL_BANKING_FLOW
TX_SBI_100242,SBI_ACC_20202,SBI_ACC_20067,294.5,2026-01-10 11:20:50,TRANSFER,UPI,State Bank of India,IN,0,NORMAL_BANKING_FLOW
TX_SBI_100243,SBI_ACC_20094,SBI_ACC_20173,547.29,2026-01-10 11:17:38,TRANSFER,UPI,State Bank of India,IN,0,NORMAL_BANKING_FLOW
TX_SBI_100244,SBI_ACC_20210,SBI_ACC_20095,785.06,2026-01-10 10:05:33,TRANSFER,UPI,State Bank of India,IN,0,NORMAL_BANKING_FLOW
TX_SBI_100245,SBI_ACC_20120,SBI_ACC_20227,99.45,2026-01-10 09:25:24,TRANSFER,UPI,State Bank of India,IN,0,NORMAL_BANKING_FLOW
TX_SBI_100246,SBI_ACC_20156,SBI_ACC_20016,236.39,2026-01-10 11:24:10,TRANSFER,UPI,State Bank of India,IN,0,NORMAL_BANKING_FLOW
TX_SBI_100247,SBI_ACC_20232,YES_ACC_20029,205.42,2026-01-10 11:45:30,TRANSFER,IMPS,State Bank of India,IN,0,NORMAL_BANKING_FLOW
TX_SBI_100248,SBI_ACC_20009,SBI_ACC_20127,171.86,2026-01-10 09:34:41,TRANSFER,UPI,State Bank of India,IN,0,NORMAL_BANKING_FLOW
TX_SBI_100249,SBI_ACC_20227,SBI_ACC_20099,1930.35,2026-01-10 09:30:56,TRANSFER,UPI,State Bank of India,IN,0,NORMAL_BANKING_FLOW
TX_SBI_100250,SBI_ACC_20243,BOB_ACC_20107,495.21,2026-01-10 11:02:36,TRANSFER,UPI,State Bank of India,IN,0,NORMAL_BANKING_FLOW
TX_SBI_100251,SBI_ACC_20039,ICICI_ACC_20213,93.61,2026-01-10 11:36:40,TRANSFER,UPI,State Bank of India,IN,0,NORMAL_BANKING_FLOW
TX_SBI_100252,SBI_ACC_20240,HDFC_ACC_20176,827.05,2026-01-10 11:12:26,TRANSFER,UPI,State Bank of India,IN,0,NORMAL_BANKING_FLOW
TX_SBI_100253,SBI_ACC_20113,INDUS_ACC_20025,2757.71,2026-01-10 10:39:36,TRANSFER,UPI,State Bank of India,IN,0,NORMAL_BANKING_FLOW
TX_SBI_100254,SBI_ACC_20230,INDUS_ACC_20015,927.47,2026-01-10 12:04:34,TRANSFER,UPI,State Bank of India,IN,0,NORMAL_BANKING_FLOW
TX_SBI_100255,SBI_ACC_20247,SBI_ACC_20217,72.29,2026-01-10 10:49:20,TRANSFER,UPI,State Bank of India,IN,0,NORMAL_BANKING_FLOW
TX_SBI_100256,SBI_ACC_20054,SBI_ACC_20153,203.52,2026-01-10 11:07:00,TRANSFER,UPI,State Bank of India,IN,0,NORMAL_BANKING_FLOW
TX_SBI_100257,SBI_ACC_20085,SBI_ACC_20032,1172.52,2026-01-10 09:08:16,TRANSFER,UPI,State Bank of India,IN,0,NORMAL_BANKING_FLOW
TX_SBI_100258,SBI_ACC_20212,KOTAK_ACC_20150,162.77,2026-01-10 11:38:27,TRANSFER,UPI,State Bank of India,IN,0,NORMAL_BANKING_FLOW
TX_SBI_100259,SBI_ACC_20059,SBI_ACC_20037,514.82,2026-01-10 10:00:24,TRANSFER,IMPS,State Bank of India,IN,0,NORMAL_BANKING_FLOW
TX_SBI_100260,SBI_ACC_20219,AXIS_ACC_20138,716.68,2026-01-10 11:48:47,TRANSFER,UPI,State Bank of India,IN,0,NORMAL_BANKING_FLOW
TX_SBI_100261,SBI_ACC_20028,SBI_ACC_20006,130.72,2026-01-10 10:14:20,TRANSFER,UPI,State Bank of India,IN,0,NORMAL_BANKING_FLOW
TX_SBI_100262,SBI_ACC_20202,INDUS_ACC_20004,311.21,2026-01-10 09:40:03,TRANSFER,UPI,State Bank of India,IN,0,NORMAL_BANKING_FLOW
TX_SBI_100263,SBI_ACC_20032,BOB_ACC_20029,15.0,2026-01-10 09:53:32,TRANSFER,UPI,State Bank of India,IN,0,NORMAL_BANKING_FLOW
TX_SBI_100264,SBI_ACC_20199,SBI_ACC_20151,118.58,2026-01-10 09:23:17,TRANSFER,UPI,State Bank of India,IN,0,NORMAL_BANKING_FLOW
TX_SBI_100265,SBI_ACC_20056,HDFC_ACC_20186,256.58,2026-01-10 09:32:24,TRANSFER,UPI,State Bank of India,IN,0,NORMAL_BANKING_FLOW
TX_SBI_100266,SBI_ACC_20117,SBI_ACC_20007,94.84,2026-01-10 12:11:45,TRANSFER,UPI,State Bank of India,IN,0,NORMAL_BANKING_FLOW
TX_SBI_100267,SBI_ACC_20216,SBI_ACC_20175,1689.88,2026-01-10 09:19:48,TRANSFER,IMPS,State Bank of India,IN,0,NORMAL_BANKING_FLOW
TX_SBI_100268,SBI_ACC_20232,SBI_ACC_20230,79.03,2026-01-10 09:33:27,TRANSFER,UPI,State Bank of India,IN,0,NORMAL_BANKING_FLOW
TX_SBI_100269,SBI_ACC_20037,SBI_ACC_20071,212.72,2026-01-10 09:29:20,TRANSFER,UPI,State Bank of India,IN,0,NORMAL_BANKING_FLOW
TX_SBI_100270,SBI_ACC_20140,YES_ACC_20152,376.43,2026-01-10 12:02:06,TRANSFER,UPI,State Bank of India,IN,0,NORMAL_BANKING_FLOW
TX_SBI_100271,SBI_ACC_20129,SBI_ACC_20025,1395.87,2026-01-10 11:36:00,TRANSFER,UPI,State Bank of India,IN,0,NORMAL_BANKING_FLOW
TX_SBI_100272,SBI_ACC_20167,SBI_ACC_20197,78.58,2026-01-10 12:26:29,TRANSFER,UPI,State Bank of India,IN,0,NORMAL_BANKING_FLOW
TX_SBI_100273,SBI_ACC_20055,SBI_ACC_20228,1056.97,2026-01-10 11:46:40,TRANSFER,UPI,State Bank of India,IN,0,NORMAL_BANKING_FLOW
TX_SBI_100274,SBI_ACC_20211,SBI_ACC_20106,333.7,2026-01-10 10:11:57,TRANSFER,UPI,State Bank of India,IN,0,NORMAL_BANKING_FLOW
TX_SBI_100275,SBI_ACC_20080,SBI_ACC_20096,123.78,2026-01-10 09:35:54,TRANSFER,UPI,State Bank of India,IN,0,NORMAL_BANKING_FLOW
TX_SBI_100276,SBI_ACC_20121,SBI_ACC_20213,524.32,2026-01-10 09:50:00,TRANSFER,UPI,State Bank of India,IN,0,NORMAL_BANKING_FLOW
TX_SBI_100277,SBI_ACC_20024,INDUS_ACC_20207,403.05,2026-01-10 09:32:00,TRANSFER,UPI,State Bank of India,IN,0,NORMAL_BANKING_FLOW
TX_SBI_100278,SBI_ACC_20150,BOB_ACC_20084,181.23,2026-01-10 09:46:11,TRANSFER,UPI,State Bank of India,IN,0,NORMAL_BANKING_FLOW
TX_SBI_100279,SBI_ACC_20090,YES_ACC_20222,354.18,2026-01-10 12:24:06,TRANSFER,UPI,State Bank of India,IN,0,NORMAL_BANKING_FLOW
TX_SBI_100280,SBI_ACC_20153,SBI_ACC_20026,224.68,2026-01-10 09:23:42,TRANSFER,IMPS,State Bank of India,IN,0,NORMAL_BANKING_FLOW
TX_SBI_100281,SBI_ACC_20039,SBI_ACC_20058,370.01,2026-01-10 11:58:00,TRANSFER,UPI,State Bank of India,IN,0,NORMAL_BANKING_FLOW
TX_SBI_100282,SBI_ACC_20142,SBI_ACC_20196,640.42,2026-01-10 09:38:21,TRANSFER,UPI,State Bank of India,IN,0,NORMAL_BANKING_FLOW
TX_SBI_100283,SBI_ACC_20206,SBI_ACC_20143,1613.27,2026-01-10 10:30:24,TRANSFER,UPI,State Bank of India,IN,0,NORMAL_BANKING_FLOW
TX_SBI_100284,SBI_ACC_20164,SBI_ACC_20155,95.79,2026-01-10 12:14:42,TRANSFER,UPI,State Bank of India,IN,0,NORMAL_BANKING_FLOW
TX_SBI_100285,SBI_ACC_20068,SBI_ACC_20070,2787.87,2026-01-10 12:29:48,TRANSFER,IMPS,State Bank of India,IN,0,NORMAL_BANKING_FLOW
TX_SBI_100286,SBI_ACC_20235,SBI_ACC_20001,46.9,2026-01-10 12:40:15,TRANSFER,UPI,State Bank of India,IN,0,NORMAL_BANKING_FLOW
TX_SBI_100287,SBI_ACC_20144,SBI_ACC_20017,283.78,2026-01-10 10:03:56,TRANSFER,IMPS,State Bank of India,IN,0,NORMAL_BANKING_FLOW
TX_SBI_100288,SBI_ACC_20248,SBI_ACC_20191,594.85,2026-01-10 09:54:48,TRANSFER,UPI,State Bank of India,IN,0,NORMAL_BANKING_FLOW
TX_SBI_100289,SBI_ACC_20107,SBI_ACC_20040,437.46,2026-01-10 11:50:24,TRANSFER,UPI,State Bank of India,IN,0,NORMAL_BANKING_FLOW
TX_SBI_100290,SBI_ACC_20083,ICICI_ACC_20226,177.2,2026-01-10 11:03:02,TRANSFER,UPI,State Bank of India,IN,0,NORMAL_BANKING_FLOW
TX_SBI_100291,SBI_ACC_20193,SBI_ACC_20172,268.24,2026-01-10 09:27:00,TRANSFER,UPI,State Bank of India,IN,0,NORMAL_BANKING_FLOW
TX_SBI_100292,SBI_ACC_20169,SBI_ACC_20155,201.74,2026-01-10 09:37:00,TRANSFER,UPI,State Bank of India,IN,0,NORMAL_BANKING_FLOW
TX_SBI_100293,SBI_ACC_20055,ICICI_ACC_20088,183.21,2026-01-10 11:29:16,TRANSFER,UPI,State Bank of India,IN,0,NORMAL_BANKING_FLOW
TX_SBI_100294,SBI_ACC_20173,SBI_ACC_20124,772.48,2026-01-10 11:25:06,TRANSFER,UPI,State Bank of India,IN,0,NORMAL_BANKING_FLOW
TX_SBI_100295,SBI_ACC_20011,SBI_ACC_20154,472.02,2026-01-10 11:55:12,TRANSFER,UPI,State Bank of India,IN,0,NORMAL_BANKING_FLOW
TX_SBI_100296,SBI_ACC_20077,AXIS_ACC_20195,165.19,2026-01-10 09:28:30,TRANSFER,UPI,State Bank of India,IN,0,NORMAL_BANKING_FLOW
TX_SBI_100297,SBI_ACC_20030,SBI_ACC_20192,812.08,2026-01-10 10:32:56,TRANSFER,UPI,State Bank of India,IN,0,NORMAL_BANKING_FLOW
TX_SBI_100298,SBI_ACC_20097,SBI_ACC_20058,449.12,2026-01-10 11:27:54,TRANSFER,UPI,State Bank of India,IN,0,NORMAL_BANKING_FLOW
TX_SBI_100299,SBI_ACC_20171,ICICI_ACC_20101,744.61,2026-01-10 11:53:26,TRANSFER,UPI,State Bank of India,IN,0,NORMAL_BANKING_FLOW
TX_SBI_100300,SBI_ACC_20117,INDUS_ACC_20147,619.94,2026-01-10 09:24:43,TRANSFER,UPI,State Bank of India,IN,0,NORMAL_BANKING_FLOW
TX_SBI_100301,SBI_ACC_20181,SBI_ACC_20074,144.17,2026-01-10 11:30:00,TRANSFER,UPI,State Bank of India,IN,0,NORMAL_BANKING_FLOW
TX_SBI_100302,SBI_ACC_20247,SBI_ACC_20205,188.64,2026-01-10 09:50:22,TRANSFER,UPI,State Bank of India,IN,0,NORMAL_BANKING_FLOW
TX_SBI_100303,SBI_ACC_20176,ICICI_ACC_20111,697.35,2026-01-10 12:31:48,TRANSFER,UPI,State Bank of India,IN,0,NORMAL_BANKING_FLOW
TX_SBI_100304,SBI_ACC_20150,SBI_ACC_20020,608.12,2026-01-10 09:46:03,TRANSFER,UPI,State Bank of India,IN,0,NORMAL_BANKING_FLOW
TX_SBI_100305,SBI_ACC_20190,SBI_ACC_20085,323.47,2026-01-10 11:22:40,TRANSFER,IMPS,State Bank of India,IN,0,NORMAL_BANKING_FLOW
TX_SBI_100306,SBI_ACC_20162,SBI_ACC_20130,371.42,2026-01-10 10:07:05,TRANSFER,UPI,State Bank of India,IN,0,NORMAL_BANKING_FLOW
TX_SBI_100307,SBI_ACC_20089,SBI_ACC_20246,1185.2,2026-01-10 10:17:42,TRANSFER,IMPS,State Bank of India,IN,0,NORMAL_BANKING_FLOW
TX_SBI_100308,SBI_ACC_20060,SBI_ACC_20066,182.81,2026-01-10 12:46:32,TRANSFER,IMPS,State Bank of India,IN,0,NORMAL_BANKING_FLOW
TX_SBI_100309,SBI_ACC_20039,ICICI_ACC_20045,570.83,2026-01-10 10:18:36,TRANSFER,UPI,State Bank of India,IN,0,NORMAL_BANKING_FLOW
TX_SBI_100310,SBI_ACC_20193,SBI_ACC_20148,269.83,2026-01-10 12:43:15,TRANSFER,UPI,State Bank of India,IN,0,NORMAL_BANKING_FLOW
TX_SBI_100311,SBI_ACC_20225,SBI_ACC_20162,265.69,2026-01-10 11:42:10,TRANSFER,UPI,State Bank of India,IN,0,NORMAL_BANKING_FLOW
TX_SBI_100312,SBI_ACC_20248,SBI_ACC_20038,991.06,2026-01-10 12:39:54,TRANSFER,UPI,State Bank of India,IN,0,NORMAL_BANKING_FLOW
TX_SBI_100313,SBI_ACC_20113,SBI_ACC_20204,754.02,2026-01-10 11:43:36,TRANSFER,UPI,State Bank of India,IN,0,NORMAL_BANKING_FLOW
TX_SBI_100314,SBI_ACC_20090,SBI_ACC_20079,745.09,2026-01-10 10:46:56,TRANSFER,UPI,State Bank of India,IN,0,NORMAL_BANKING_FLOW
TX_SBI_100315,SBI_ACC_20014,SBI_ACC_20074,1218.63,2026-01-10 11:50:16,TRANSFER,UPI,State Bank of India,IN,0,NORMAL_BANKING_FLOW
TX_SBI_100316,SBI_ACC_20218,SBI_ACC_20152,337.31,2026-01-10 09:39:45,TRANSFER,UPI,State Bank of India,IN,0,NORMAL_BANKING_FLOW
TX_SBI_100317,SBI_ACC_20148,SBI_ACC_20203,653.25,2026-01-10 12:07:32,TRANSFER,UPI,State Bank of India,IN,0,NORMAL_BANKING_FLOW
TX_SBI_100318,SBI_ACC_20207,SBI_ACC_20048,242.19,2026-01-10 09:29:49,TRANSFER,UPI,State Bank of India,IN,0,NORMAL_BANKING_FLOW
TX_SBI_100319,SBI_ACC_20128,SBI_ACC_20015,456.76,2026-01-10 11:05:30,TRANSFER,UPI,State Bank of India,IN,0,NORMAL_BANKING_FLOW
TX_SBI_100320,SBI_ACC_20230,ICICI_ACC_20129,289.99,2026-01-10 11:48:37,TRANSFER,UPI,State Bank of India,IN,0,NORMAL_BANKING_FLOW
TX_SBI_100321,SBI_ACC_20063,CANARA_ACC_20134,363.94,2026-01-10 12:58:40,TRANSFER,UPI,State Bank of India,IN,0,NORMAL_BANKING_FLOW
TX_SBI_100322,SBI_ACC_20093,SBI_ACC_20072,598.94,2026-01-10 12:16:48,TRANSFER,UPI,State Bank of India,IN,0,NORMAL_BANKING_FLOW
TX_SBI_100323,SBI_ACC_20086,SBI_ACC_20013,145.73,2026-01-10 11:29:18,TRANSFER,UPI,State Bank of India,IN,0,NORMAL_BANKING_FLOW
TX_SBI_100324,SBI_ACC_20016,SBI_ACC_20143,2676.83,2026-01-10 12:56:05,TRANSFER,UPI,State Bank of India,IN,0,NORMAL_BANKING_FLOW
TX_SBI_100325,SBI_ACC_20064,AXIS_ACC_20085,120.78,2026-01-10 13:13:12,TRANSFER,UPI,State Bank of India,IN,0,NORMAL_BANKING_FLOW
TX_SBI_100326,SBI_ACC_20036,PNB_ACC_20247,98.08,2026-01-10 09:48:20,TRANSFER,UPI,State Bank of India,IN,0,NORMAL_BANKING_FLOW
TX_SBI_100327,SBI_ACC_20100,SBI_ACC_20182,1051.64,2026-01-10 13:04:16,TRANSFER,UPI,State Bank of India,IN,0,NORMAL_BANKING_FLOW
TX_SBI_100328,SBI_ACC_20096,SBI_ACC_20084,728.99,2026-01-10 09:49:00,TRANSFER,UPI,State Bank of India,IN,0,NORMAL_BANKING_FLOW
TX_SBI_100329,SBI_ACC_20212,BOB_ACC_20023,616.54,2026-01-10 10:05:44,TRANSFER,UPI,State Bank of India,IN,0,NORMAL_BANKING_FLOW
TX_SBI_100330,SBI_ACC_20130,SBI_ACC_20092,619.15,2026-01-10 13:07:04,TRANSFER,UPI,State Bank of India,IN,0,NORMAL_BANKING_FLOW
TX_SBI_100331,SBI_ACC_20054,SBI_ACC_20197,326.28,2026-01-10 11:07:00,TRANSFER,UPI,State Bank of India,IN,0,NORMAL_BANKING_FLOW
TX_SBI_100332,SBI_ACC_20035,SBI_ACC_20076,134.66,2026-01-10 12:13:46,TRANSFER,UPI,State Bank of India,IN,0,NORMAL_BANKING_FLOW
TX_SBI_100333,SBI_ACC_20138,BOB_ACC_20009,356.31,2026-01-10 09:56:12,TRANSFER,UPI,State Bank of India,IN,0,NORMAL_BANKING_FLOW
TX_SBI_100334,SBI_ACC_20196,SBI_ACC_20152,167.81,2026-01-10 13:16:21,TRANSFER,UPI,State Bank of India,IN,0,NORMAL_BANKING_FLOW
TX_SBI_100335,SBI_ACC_20046,AXIS_ACC_20184,875.78,2026-01-10 11:37:06,TRANSFER,UPI,State Bank of India,IN,0,NORMAL_BANKING_FLOW
TX_SBI_100336,SBI_ACC_20093,SBI_ACC_20060,285.13,2026-01-10 12:00:05,TRANSFER,UPI,State Bank of India,IN,0,NORMAL_BANKING_FLOW
TX_SBI_100337,SBI_ACC_20192,CANARA_ACC_20059,144.68,2026-01-10 12:00:48,TRANSFER,UPI,State Bank of India,IN,0,NORMAL_BANKING_FLOW
TX_SBI_100338,SBI_ACC_20247,CANARA_ACC_20231,239.51,2026-01-10 12:35:13,TRANSFER,UPI,State Bank of India,IN,0,NORMAL_BANKING_FLOW
TX_SBI_100339,SBI_ACC_20242,SBI_ACC_20112,499.16,2026-01-10 10:32:06,TRANSFER,UPI,State Bank of India,IN,0,NORMAL_BANKING_FLOW
TX_SBI_100340,SBI_ACC_20199,SBI_ACC_20135,187.97,2026-01-10 12:08:36,TRANSFER,UPI,State Bank of India,IN,0,NORMAL_BANKING_FLOW
TX_SBI_100341,SBI_ACC_20209,SBI_ACC_20154,145.15,2026-01-10 11:52:20,TRANSFER,IMPS,State Bank of India,IN,0,NORMAL_BANKING_FLOW
TX_SBI_100342,SBI_ACC_20013,SBI_ACC_20224,421.44,2026-01-10 10:10:43,TRANSFER,IMPS,State Bank of India,IN,0,NORMAL_BANKING_FLOW
TX_SBI_100343,SBI_ACC_20026,BOB_ACC_20217,421.98,2026-01-10 11:36:36,TRANSFER,UPI,State Bank of India,IN,0,NORMAL_BANKING_FLOW
TX_SBI_100344,SBI_ACC_20195,SBI_ACC_20115,198.95,2026-01-10 10:05:46,TRANSFER,UPI,State Bank of India,IN,0,NORMAL_BANKING_FLOW
TX_SBI_100345,SBI_ACC_20111,SBI_ACC_20234,206.22,2026-01-10 12:29:28,TRANSFER,UPI,State Bank of India,IN,0,NORMAL_BANKING_FLOW
TX_SBI_100346,SBI_ACC_20226,SBI_ACC_20006,416.57,2026-01-10 10:46:45,TRANSFER,IMPS,State Bank of India,IN,0,NORMAL_BANKING_FLOW
TX_SBI_100347,SBI_ACC_20128,SBI_ACC_20098,77.63,2026-01-10 11:56:26,TRANSFER,UPI,State Bank of India,IN,0,NORMAL_BANKING_FLOW
TX_SBI_100348,SBI_ACC_20007,SBI_ACC_20026,80.85,2026-01-10 09:55:40,TRANSFER,UPI,State Bank of India,IN,0,NORMAL_BANKING_FLOW
TX_SBI_100349,SBI_ACC_20202,SBI_ACC_20009,161.02,2026-01-10 13:48:00,TRANSFER,UPI,State Bank of India,IN,0,NORMAL_BANKING_FLOW
TX_SBI_100350,SBI_ACC_20120,SBI_ACC_20035,266.81,2026-01-10 11:11:57,TRANSFER,IMPS,State Bank of India,IN,0,NORMAL_BANKING_FLOW
TX_SBI_100351,SBI_ACC_20157,SBI_ACC_20020,450.75,2026-01-10 13:50:00,TRANSFER,UPI,State Bank of India,IN,0,NORMAL_BANKING_FLOW
TX_SBI_100352,SBI_ACC_20213,SBI_ACC_20241,1444.27,2026-01-10 09:33:36,TRANSFER,UPI,State Bank of India,IN,0,NORMAL_BANKING_FLOW
TX_SBI_100353,SBI_ACC_20028,KOTAK_ACC_20077,778.73,2026-01-10 13:10:56,TRANSFER,UPI,State Bank of India,IN,0,NORMAL_BANKING_FLOW
TX_SBI_100354,SBI_ACC_20107,SBI_ACC_20160,281.48,2026-01-10 10:09:26,TRANSFER,UPI,State Bank of India,IN,0,NORMAL_BANKING_FLOW
TX_SBI_100355,SBI_ACC_20214,BOB_ACC_20004,324.08,2026-01-10 12:19:36,TRANSFER,UPI,State Bank of India,IN,0,NORMAL_BANKING_FLOW
TX_SBI_100356,SBI_ACC_20061,PNB_ACC_20109,121.2,2026-01-10 13:25:25,TRANSFER,UPI,State Bank of India,IN,0,NORMAL_BANKING_FLOW
TX_SBI_100357,SBI_ACC_20061,SBI_ACC_20047,324.24,2026-01-10 09:29:00,TRANSFER,UPI,State Bank of India,IN,0,NORMAL_BANKING_FLOW
TX_SBI_100358,SBI_ACC_20134,ICICI_ACC_20244,247.48,2026-01-10 13:39:09,TRANSFER,UPI,State Bank of India,IN,0,NORMAL_BANKING_FLOW
TX_SBI_100359,SBI_ACC_20201,BOB_ACC_20005,456.1,2026-01-10 12:46:24,TRANSFER,UPI,State Bank of India,IN,0,NORMAL_BANKING_FLOW
TX_SBI_100360,SBI_ACC_20011,SBI_ACC_20096,144.43,2026-01-10 11:53:21,TRANSFER,IMPS,State Bank of India,IN,0,NORMAL_BANKING_FLOW
TX_SBI_100361,SBI_ACC_20091,INDUS_ACC_20061,555.21,2026-01-10 11:06:00,TRANSFER,UPI,State Bank of India,IN,0,NORMAL_BANKING_FLOW
TX_SBI_100362,SBI_ACC_20197,SBI_ACC_20193,1529.57,2026-01-10 13:42:57,TRANSFER,UPI,State Bank of India,IN,0,NORMAL_BANKING_FLOW
TX_SBI_100363,SBI_ACC_20090,SBI_ACC_20209,296.26,2026-01-10 11:37:12,TRANSFER,UPI,State Bank of India,IN,0,NORMAL_BANKING_FLOW
TX_SBI_100364,SBI_ACC_20199,SBI_ACC_20178,493.59,2026-01-10 13:38:48,TRANSFER,UPI,State Bank of India,IN,0,NORMAL_BANKING_FLOW
TX_SBI_100365,SBI_ACC_20207,SBI_ACC_20183,658.62,2026-01-10 12:33:00,TRANSFER,UPI,State Bank of India,IN,0,NORMAL_BANKING_FLOW
TX_SBI_100366,SBI_ACC_20051,SBI_ACC_20052,221.14,2026-01-10 12:27:40,TRANSFER,UPI,State Bank of India,IN,0,NORMAL_BANKING_FLOW
TX_SBI_100367,SBI_ACC_20079,SBI_ACC_20209,413.27,2026-01-10 09:43:42,TRANSFER,UPI,State Bank of India,IN,0,NORMAL_BANKING_FLOW
TX_SBI_100368,SBI_ACC_20009,KOTAK_ACC_20073,334.49,2026-01-10 12:59:43,TRANSFER,UPI,State Bank of India,IN,0,NORMAL_BANKING_FLOW
TX_SBI_100369,SBI_ACC_20012,INDUS_ACC_20069,364.19,2026-01-10 11:46:56,TRANSFER,IMPS,State Bank of India,IN,0,NORMAL_BANKING_FLOW
TX_SBI_100370,SBI_ACC_20111,CANARA_ACC_20229,152.47,2026-01-10 10:15:18,TRANSFER,UPI,State Bank of India,IN,0,NORMAL_BANKING_FLOW
TX_SBI_100371,SBI_ACC_20047,SBI_ACC_20128,338.5,2026-01-10 12:00:30,TRANSFER,UPI,State Bank of India,IN,0,NORMAL_BANKING_FLOW
TX_SBI_100372,SBI_ACC_20132,SBI_ACC_20021,543.48,2026-01-10 11:54:58,TRANSFER,IMPS,State Bank of India,IN,0,NORMAL_BANKING_FLOW
TX_SBI_100373,SBI_ACC_20154,AXIS_ACC_20139,1409.72,2026-01-10 12:20:24,TRANSFER,UPI,State Bank of India,IN,0,NORMAL_BANKING_FLOW
TX_SBI_100374,SBI_ACC_20020,SBI_ACC_20076,862.01,2026-01-10 11:25:09,TRANSFER,UPI,State Bank of India,IN,0,NORMAL_BANKING_FLOW
TX_SBI_100375,SBI_ACC_20183,SBI_ACC_20176,2844.61,2026-01-10 11:31:56,TRANSFER,UPI,State Bank of India,IN,0,NORMAL_BANKING_FLOW
TX_SBI_100376,SBI_ACC_20010,INDUS_ACC_20157,153.34,2026-01-10 12:28:45,TRANSFER,UPI,State Bank of India,IN,0,NORMAL_BANKING_FLOW
TX_SBI_100377,SBI_ACC_20202,ICICI_ACC_20171,790.23,2026-01-10 12:23:12,TRANSFER,UPI,State Bank of India,IN,0,NORMAL_BANKING_FLOW
TX_SBI_100378,SBI_ACC_20131,AXIS_ACC_20243,396.76,2026-01-10 13:45:35,TRANSFER,UPI,State Bank of India,IN,0,NORMAL_BANKING_FLOW
TX_SBI_100379,SBI_ACC_20155,SBI_ACC_20112,2950.72,2026-01-10 09:40:48,TRANSFER,UPI,State Bank of India,IN,0,NORMAL_BANKING_FLOW
TX_SBI_100380,SBI_ACC_20060,INDUS_ACC_20092,147.19,2026-01-10 09:47:23,TRANSFER,UPI,State Bank of India,IN,0,NORMAL_BANKING_FLOW
TX_SBI_100381,SBI_ACC_20008,SBI_ACC_20174,142.63,2026-01-10 12:07:00,TRANSFER,IMPS,State Bank of India,IN,0,NORMAL_BANKING_FLOW
TX_SBI_100382,SBI_ACC_20095,SBI_ACC_20019,181.38,2026-01-10 12:33:03,TRANSFER,IMPS,State Bank of India,IN,0,NORMAL_BANKING_FLOW
TX_SBI_100383,SBI_ACC_20093,SBI_ACC_20167,39.49,2026-01-10 13:24:42,TRANSFER,UPI,State Bank of India,IN,0,NORMAL_BANKING_FLOW
TX_SBI_100384,SBI_ACC_20029,SBI_ACC_20048,195.24,2026-01-10 11:24:16,TRANSFER,UPI,State Bank of India,IN,0,NORMAL_BANKING_FLOW
TX_SBI_100385,SBI_ACC_20233,SBI_ACC_20067,154.6,2026-01-10 12:54:24,TRANSFER,UPI,State Bank of India,IN,0,NORMAL_BANKING_FLOW
TX_SBI_100386,SBI_ACC_20054,PNB_ACC_20177,383.9,2026-01-10 11:18:55,TRANSFER,UPI,State Bank of India,IN,0,NORMAL_BANKING_FLOW
TX_SBI_100387,SBI_ACC_20034,CANARA_ACC_20044,464.87,2026-01-10 12:55:56,TRANSFER,UPI,State Bank of India,IN,0,NORMAL_BANKING_FLOW
TX_SBI_100388,SBI_ACC_20022,INDUS_ACC_20170,2156.35,2026-01-10 14:27:00,TRANSFER,UPI,State Bank of India,IN,0,NORMAL_BANKING_FLOW
TX_SBI_100389,SBI_ACC_20140,SBI_ACC_20229,854.42,2026-01-10 11:59:16,TRANSFER,UPI,State Bank of India,IN,0,NORMAL_BANKING_FLOW
TX_SBI_100390,SBI_ACC_20182,AXIS_ACC_20203,185.51,2026-01-10 11:40:26,TRANSFER,IMPS,State Bank of India,IN,0,NORMAL_BANKING_FLOW
TX_SBI_100391,SBI_ACC_20031,AXIS_ACC_20060,134.5,2026-01-10 12:07:00,TRANSFER,UPI,State Bank of India,IN,0,NORMAL_BANKING_FLOW
TX_SBI_100392,SBI_ACC_20141,SBI_ACC_20119,540.19,2026-01-10 12:59:46,TRANSFER,UPI,State Bank of India,IN,0,NORMAL_BANKING_FLOW
TX_SBI_100393,SBI_ACC_20226,SBI_ACC_20079,88.21,2026-01-10 13:26:40,TRANSFER,UPI,State Bank of India,IN,0,NORMAL_BANKING_FLOW
TX_SBI_100394,SBI_ACC_20184,SBI_ACC_20105,2062.06,2026-01-10 12:22:00,TRANSFER,IMPS,State Bank of India,IN,0,NORMAL_BANKING_FLOW
TX_SBI_100395,SBI_ACC_20018,SBI_ACC_20082,1074.32,2026-01-10 12:29:14,TRANSFER,IMPS,State Bank of India,IN,0,NORMAL_BANKING_FLOW
TX_SBI_100396,SBI_ACC_20119,SBI_ACC_20088,206.61,2026-01-10 14:08:40,TRANSFER,UPI,State Bank of India,IN,0,NORMAL_BANKING_FLOW
TX_SBI_100397,SBI_ACC_20199,SBI_ACC_20150,59.55,2026-01-10 10:31:48,TRANSFER,IMPS,State Bank of India,IN,0,NORMAL_BANKING_FLOW
TX_SBI_100398,SBI_ACC_20033,SBI_ACC_20234,1279.05,2026-01-10 10:52:02,TRANSFER,UPI,State Bank of India,IN,0,NORMAL_BANKING_FLOW
TX_SBI_100399,SBI_ACC_20132,SBI_ACC_20042,294.55,2026-01-10 09:59:24,TRANSFER,IMPS,State Bank of India,IN,0,NORMAL_BANKING_FLOW
TX_SBI_100400,SBI_ACC_20181,SBI_ACC_20243,1138.9,2026-01-10 10:46:15,TRANSFER,UPI,State Bank of India,IN,0,NORMAL_BANKING_FLOW
TX_SBI_100401,SBI_ACC_20216,SBI_ACC_20050,67.06,2026-01-10 13:20:00,TRANSFER,IMPS,State Bank of India,IN,0,NORMAL_BANKING_FLOW
TX_SBI_100402,SBI_ACC_20070,SBI_ACC_20078,181.39,2026-01-10 14:07:35,TRANSFER,IMPS,State Bank of India,IN,0,NORMAL_BANKING_FLOW
TX_SBI_100403,SBI_ACC_20128,SBI_ACC_20152,332.04,2026-01-10 14:01:48,TRANSFER,UPI,State Bank of India,IN,0,NORMAL_BANKING_FLOW
TX_SBI_100404,SBI_ACC_20168,SBI_ACC_20231,346.19,2026-01-10 13:49:16,TRANSFER,UPI,State Bank of India,IN,0,NORMAL_BANKING_FLOW
TX_SBI_100405,SBI_ACC_20236,SBI_ACC_20211,210.59,2026-01-10 13:56:52,TRANSFER,UPI,State Bank of India,IN,0,NORMAL_BANKING_FLOW
TX_SBI_100406,SBI_ACC_20242,SBI_ACC_20147,615.76,2026-01-10 09:48:00,TRANSFER,UPI,State Bank of India,IN,0,NORMAL_BANKING_FLOW
TX_SBI_100407,SBI_ACC_20196,SBI_ACC_20158,113.57,2026-01-10 11:29:46,TRANSFER,UPI,State Bank of India,IN,0,NORMAL_BANKING_FLOW
TX_SBI_100408,SBI_ACC_20227,SBI_ACC_20074,286.47,2026-01-10 14:13:05,TRANSFER,UPI,State Bank of India,IN,0,NORMAL_BANKING_FLOW
TX_SBI_100409,SBI_ACC_20123,SBI_ACC_20207,372.52,2026-01-10 14:20:48,TRANSFER,IMPS,State Bank of India,IN,0,NORMAL_BANKING_FLOW
TX_SBI_100410,SBI_ACC_20116,SBI_ACC_20015,552.49,2026-01-10 14:35:22,TRANSFER,UPI,State Bank of India,IN,0,NORMAL_BANKING_FLOW
TX_SBI_100411,SBI_ACC_20123,SBI_ACC_20087,672.91,2026-01-10 10:50:50,TRANSFER,UPI,State Bank of India,IN,0,NORMAL_BANKING_FLOW
TX_SBI_100412,SBI_ACC_20220,INDUS_ACC_20249,107.27,2026-01-10 14:03:03,TRANSFER,UPI,State Bank of India,IN,0,NORMAL_BANKING_FLOW
TX_SBI_100413,SBI_ACC_20094,SBI_ACC_20027,71.23,2026-01-10 12:34:40,TRANSFER,UPI,State Bank of India,IN,0,NORMAL_BANKING_FLOW
TX_SBI_100414,SBI_ACC_20031,SBI_ACC_20064,1185.21,2026-01-10 12:00:55,TRANSFER,UPI,State Bank of India,IN,0,NORMAL_BANKING_FLOW
TX_SBI_100415,SBI_ACC_20074,YES_ACC_20063,460.5,2026-01-10 10:45:36,TRANSFER,UPI,State Bank of India,IN,0,NORMAL_BANKING_FLOW
TX_SBI_100416,SBI_ACC_20239,SBI_ACC_20080,156.26,2026-01-10 10:52:55,TRANSFER,IMPS,State Bank of India,IN,0,NORMAL_BANKING_FLOW
TX_SBI_100417,SBI_ACC_20127,CANARA_ACC_20127,1557.99,2026-01-10 11:07:12,TRANSFER,UPI,State Bank of India,IN,0,NORMAL_BANKING_FLOW
TX_SBI_100418,SBI_ACC_20023,BOB_ACC_20117,370.8,2026-01-10 11:56:18,TRANSFER,UPI,State Bank of India,IN,0,NORMAL_BANKING_FLOW
TX_SBI_100419,SBI_ACC_20090,SBI_ACC_20072,1074.16,2026-01-10 11:29:00,TRANSFER,UPI,State Bank of India,IN,0,NORMAL_BANKING_FLOW
TX_SBI_100420,SBI_ACC_20215,SBI_ACC_20120,353.37,2026-01-10 13:21:14,TRANSFER,UPI,State Bank of India,IN,0,NORMAL_BANKING_FLOW
TX_SBI_100421,SBI_ACC_20216,SBI_ACC_20034,2593.46,2026-01-10 11:51:00,TRANSFER,UPI,State Bank of India,IN,0,NORMAL_BANKING_FLOW
TX_SBI_100422,SBI_ACC_20195,SBI_ACC_20011,1910.92,2026-01-10 11:37:31,TRANSFER,UPI,State Bank of India,IN,0,NORMAL_BANKING_FLOW
TX_SBI_100423,SBI_ACC_20143,SBI_ACC_20141,257.5,2026-01-10 12:41:20,TRANSFER,UPI,State Bank of India,IN,0,NORMAL_BANKING_FLOW
TX_SBI_100424,SBI_ACC_20129,SBI_ACC_20141,872.68,2026-01-10 11:52:39,TRANSFER,UPI,State Bank of India,IN,0,NORMAL_BANKING_FLOW
TX_SBI_100425,SBI_ACC_20159,SBI_ACC_20030,629.78,2026-01-10 11:46:08,TRANSFER,IMPS,State Bank of India,IN,0,NORMAL_BANKING_FLOW
TX_SBI_100426,SBI_ACC_20100,SBI_ACC_20086,1298.07,2026-01-10 10:42:55,TRANSFER,IMPS,State Bank of India,IN,0,NORMAL_BANKING_FLOW
TX_SBI_100427,SBI_ACC_20193,SBI_ACC_20154,125.85,2026-01-10 13:55:00,TRANSFER,IMPS,State Bank of India,IN,0,NORMAL_BANKING_FLOW
TX_SBI_100428,SBI_ACC_20010,SBI_ACC_20036,655.93,2026-01-10 13:34:29,TRANSFER,UPI,State Bank of India,IN,0,NORMAL_BANKING_FLOW
TX_SBI_100429,SBI_ACC_20121,SBI_ACC_20038,951.87,2026-01-10 15:08:00,TRANSFER,UPI,State Bank of India,IN,0,NORMAL_BANKING_FLOW
TX_SBI_100430,SBI_ACC_20035,SBI_ACC_20157,56.9,2026-01-10 14:18:57,TRANSFER,IMPS,State Bank of India,IN,0,NORMAL_BANKING_FLOW
TX_SBI_100431,SBI_ACC_20157,PNB_ACC_20151,101.16,2026-01-10 12:10:50,TRANSFER,UPI,State Bank of India,IN,0,NORMAL_BANKING_FLOW
TX_SBI_100432,SBI_ACC_20130,SBI_ACC_20182,42.98,2026-01-10 12:18:36,TRANSFER,UPI,State Bank of India,IN,0,NORMAL_BANKING_FLOW
TX_SBI_100433,SBI_ACC_20208,SBI_ACC_20084,252.29,2026-01-10 14:07:12,TRANSFER,UPI,State Bank of India,IN,0,NORMAL_BANKING_FLOW
TX_SBI_100434,SBI_ACC_20106,SBI_ACC_20204,676.91,2026-01-10 14:58:34,TRANSFER,UPI,State Bank of India,IN,0,NORMAL_BANKING_FLOW
TX_SBI_100435,SBI_ACC_20152,SBI_ACC_20248,1483.79,2026-01-10 15:06:46,TRANSFER,UPI,State Bank of India,IN,0,NORMAL_BANKING_FLOW
TX_SBI_100436,SBI_ACC_20198,SBI_ACC_20058,355.7,2026-01-10 14:46:00,TRANSFER,UPI,State Bank of India,IN,0,NORMAL_BANKING_FLOW
TX_SBI_100437,SBI_ACC_20043,SBI_ACC_20185,1683.48,2026-01-10 10:10:48,TRANSFER,UPI,State Bank of India,IN,0,NORMAL_BANKING_FLOW
TX_SBI_100438,SBI_ACC_20097,SBI_ACC_20175,83.09,2026-01-10 14:33:18,TRANSFER,UPI,State Bank of India,IN,0,NORMAL_BANKING_FLOW
TX_SBI_100439,SBI_ACC_20242,KOTAK_ACC_20004,60.14,2026-01-10 11:39:00,TRANSFER,UPI,State Bank of India,IN,0,NORMAL_BANKING_FLOW
TX_SBI_100440,SBI_ACC_20038,SBI_ACC_20053,312.45,2026-01-10 13:14:37,TRANSFER,UPI,State Bank of India,IN,0,NORMAL_BANKING_FLOW
TX_SBI_100441,SBI_ACC_20156,HDFC_ACC_20180,484.96,2026-01-10 13:00:40,TRANSFER,UPI,State Bank of India,IN,0,NORMAL_BANKING_FLOW
TX_SBI_100442,SBI_ACC_20143,SBI_ACC_20170,319.68,2026-01-10 10:49:03,TRANSFER,UPI,State Bank of India,IN,0,NORMAL_BANKING_FLOW
TX_SBI_100443,SBI_ACC_20080,CANARA_ACC_20233,41.79,2026-01-10 13:31:30,TRANSFER,UPI,State Bank of India,IN,0,NORMAL_BANKING_FLOW
TX_SBI_100444,SBI_ACC_20090,SBI_ACC_20223,302.14,2026-01-10 14:01:47,TRANSFER,UPI,State Bank of India,IN,0,NORMAL_BANKING_FLOW
TX_SBI_100445,SBI_ACC_20177,SBI_ACC_20123,89.62,2026-01-10 15:09:12,TRANSFER,UPI,State Bank of India,IN,0,NORMAL_BANKING_FLOW
TX_SBI_100446,SBI_ACC_20071,SBI_ACC_20057,645.27,2026-01-10 11:20:15,TRANSFER,IMPS,State Bank of India,IN,0,NORMAL_BANKING_FLOW
TX_SBI_100447,SBI_ACC_20180,SBI_ACC_20181,476.56,2026-01-10 12:12:44,TRANSFER,UPI,State Bank of India,IN,0,NORMAL_BANKING_FLOW
TX_SBI_100448,SBI_ACC_20089,SBI_ACC_20240,129.04,2026-01-10 13:42:42,TRANSFER,UPI,State Bank of India,IN,0,NORMAL_BANKING_FLOW
TX_SBI_100449,SBI_ACC_20146,SBI_ACC_20097,197.58,2026-01-10 11:58:56,TRANSFER,UPI,State Bank of India,IN,0,NORMAL_BANKING_FLOW
TX_SBI_100450,SBI_ACC_20244,AXIS_ACC_20074,114.52,2026-01-10 12:59:20,TRANSFER,IMPS,State Bank of India,IN,0,NORMAL_BANKING_FLOW
TX_SBI_100451,SBI_ACC_20182,SBI_ACC_20237,310.23,2026-01-10 10:07:30,TRANSFER,UPI,State Bank of India,IN,0,NORMAL_BANKING_FLOW
TX_SBI_100452,SBI_ACC_20191,SBI_ACC_20051,858.46,2026-01-10 13:23:13,TRANSFER,UPI,State Bank of India,IN,0,NORMAL_BANKING_FLOW
TX_SBI_100453,SBI_ACC_20143,SBI_ACC_20035,123.26,2026-01-10 14:09:08,TRANSFER,UPI,State Bank of India,IN,0,NORMAL_BANKING_FLOW
TX_SBI_100454,SBI_ACC_20150,SBI_ACC_20012,546.78,2026-01-10 10:38:33,TRANSFER,UPI,State Bank of India,IN,0,NORMAL_BANKING_FLOW
TX_SBI_100455,SBI_ACC_20057,SBI_ACC_20013,194.37,2026-01-10 15:11:18,TRANSFER,IMPS,State Bank of India,IN,0,NORMAL_BANKING_FLOW
TX_SBI_100456,SBI_ACC_20183,SBI_ACC_20174,149.47,2026-01-10 10:39:15,TRANSFER,UPI,State Bank of India,IN,0,NORMAL_BANKING_FLOW
TX_SBI_100457,SBI_ACC_20140,AXIS_ACC_20104,296.77,2026-01-10 10:54:48,TRANSFER,UPI,State Bank of India,IN,0,NORMAL_BANKING_FLOW
TX_SBI_100458,SBI_ACC_20224,SBI_ACC_20166,117.3,2026-01-10 15:06:32,TRANSFER,IMPS,State Bank of India,IN,0,NORMAL_BANKING_FLOW
TX_SBI_100459,SBI_ACC_20073,SBI_ACC_20166,189.87,2026-01-10 11:26:06,TRANSFER,UPI,State Bank of India,IN,0,NORMAL_BANKING_FLOW
TX_SBI_100460,SBI_ACC_20022,SBI_ACC_20060,99.7,2026-01-10 10:17:42,TRANSFER,IMPS,State Bank of India,IN,0,NORMAL_BANKING_FLOW
TX_SBI_100461,SBI_ACC_20217,AXIS_ACC_20106,2356.01,2026-01-10 14:15:40,TRANSFER,UPI,State Bank of India,IN,0,NORMAL_BANKING_FLOW
TX_SBI_100462,SBI_ACC_20009,YES_ACC_20201,342.15,2026-01-10 11:19:46,TRANSFER,IMPS,State Bank of India,IN,0,NORMAL_BANKING_FLOW
TX_SBI_100463,SBI_ACC_20191,PNB_ACC_20224,164.07,2026-01-10 13:54:12,TRANSFER,UPI,State Bank of India,IN,0,NORMAL_BANKING_FLOW
TX_SBI_100464,SBI_ACC_20145,SBI_ACC_20238,409.11,2026-01-10 10:11:11,TRANSFER,UPI,State Bank of India,IN,0,NORMAL_BANKING_FLOW
TX_SBI_100465,SBI_ACC_20164,SBI_ACC_20126,295.21,2026-01-10 12:38:24,TRANSFER,UPI,State Bank of India,IN,0,NORMAL_BANKING_FLOW
TX_SBI_100466,SBI_ACC_20119,SBI_ACC_20208,264.81,2026-01-10 10:58:15,TRANSFER,IMPS,State Bank of India,IN,0,NORMAL_BANKING_FLOW
TX_SBI_100467,SBI_ACC_20187,SBI_ACC_20065,610.43,2026-01-10 10:50:52,TRANSFER,UPI,State Bank of India,IN,0,NORMAL_BANKING_FLOW
TX_SBI_100468,SBI_ACC_20188,SBI_ACC_20075,704.51,2026-01-10 15:47:00,TRANSFER,UPI,State Bank of India,IN,0,NORMAL_BANKING_FLOW
TX_SBI_100469,SBI_ACC_20049,SBI_ACC_20220,194.32,2026-01-10 14:37:48,TRANSFER,UPI,State Bank of India,IN,0,NORMAL_BANKING_FLOW
TX_SBI_100470,SBI_ACC_20211,SBI_ACC_20083,185.71,2026-01-10 15:09:55,TRANSFER,IMPS,State Bank of India,IN,0,NORMAL_BANKING_FLOW
TX_SBI_100471,SBI_ACC_20024,SBI_ACC_20036,250.87,2026-01-10 10:36:40,TRANSFER,UPI,State Bank of India,IN,0,NORMAL_BANKING_FLOW
TX_SBI_100472,SBI_ACC_20063,SBI_ACC_20099,33.05,2026-01-10 13:53:15,TRANSFER,UPI,State Bank of India,IN,0,NORMAL_BANKING_FLOW
TX_SBI_100473,SBI_ACC_20068,PNB_ACC_20149,72.59,2026-01-10 11:56:00,TRANSFER,UPI,State Bank of India,IN,0,NORMAL_BANKING_FLOW
TX_SBI_100474,SBI_ACC_20167,SBI_ACC_20060,1295.79,2026-01-10 14:42:03,TRANSFER,UPI,State Bank of India,IN,0,NORMAL_BANKING_FLOW
TX_SBI_100475,SBI_ACC_20119,SBI_ACC_20103,1711.23,2026-01-10 10:22:12,TRANSFER,UPI,State Bank of India,IN,0,NORMAL_BANKING_FLOW
TX_SBI_100476,SBI_ACC_20229,PNB_ACC_20176,257.49,2026-01-10 15:39:10,TRANSFER,UPI,State Bank of India,IN,0,NORMAL_BANKING_FLOW
TX_SBI_100477,SBI_ACC_20240,SBI_ACC_20157,587.9,2026-01-10 10:54:32,TRANSFER,UPI,State Bank of India,IN,0,NORMAL_BANKING_FLOW
TX_SBI_100478,SBI_ACC_20034,SBI_ACC_20117,450.9,2026-01-10 11:50:33,TRANSFER,UPI,State Bank of India,IN,0,NORMAL_BANKING_FLOW
TX_SBI_100479,SBI_ACC_20179,SBI_ACC_20120,7178.75,2026-01-10 15:02:14,TRANSFER,UPI,State Bank of India,IN,0,NORMAL_BANKING_FLOW
TX_SBI_100480,SBI_ACC_20211,SBI_ACC_20063,1011.89,2026-01-10 14:31:11,TRANSFER,IMPS,State Bank of India,IN,0,NORMAL_BANKING_FLOW
TX_SBI_100481,SBI_ACC_20223,BOB_ACC_20114,290.64,2026-01-10 15:44:00,TRANSFER,UPI,State Bank of India,IN,0,NORMAL_BANKING_FLOW
TX_SBI_100482,SBI_ACC_20019,ICICI_ACC_20015,127.03,2026-01-10 14:24:48,TRANSFER,UPI,State Bank of India,IN,0,NORMAL_BANKING_FLOW
TX_SBI_100483,SBI_ACC_20051,SBI_ACC_20038,66.26,2026-01-10 14:41:40,TRANSFER,IMPS,State Bank of India,IN,0,NORMAL_BANKING_FLOW
TX_SBI_100484,SBI_ACC_20133,SBI_ACC_20175,404.83,2026-01-10 11:21:15,TRANSFER,UPI,State Bank of India,IN,0,NORMAL_BANKING_FLOW
TX_SBI_100485,SBI_ACC_20125,SBI_ACC_20131,155.03,2026-01-10 11:45:52,TRANSFER,UPI,State Bank of India,IN,0,NORMAL_BANKING_FLOW
TX_SBI_100486,SBI_ACC_20116,SBI_ACC_20106,79.66,2026-01-10 13:47:35,TRANSFER,IMPS,State Bank of India,IN,0,NORMAL_BANKING_FLOW
TX_SBI_100487,SBI_ACC_20143,SBI_ACC_20207,173.02,2026-01-10 13:56:24,TRANSFER,UPI,State Bank of India,IN,0,NORMAL_BANKING_FLOW
TX_SBI_100488,SBI_ACC_20101,SBI_ACC_20000,111.99,2026-01-10 12:35:58,TRANSFER,UPI,State Bank of India,IN,0,NORMAL_BANKING_FLOW
TX_SBI_100489,SBI_ACC_20011,SBI_ACC_20180,1784.94,2026-01-10 11:47:44,TRANSFER,UPI,State Bank of India,IN,0,NORMAL_BANKING_FLOW
TX_SBI_100490,SBI_ACC_20015,ICICI_ACC_20239,797.63,2026-01-10 10:34:51,TRANSFER,UPI,State Bank of India,IN,0,NORMAL_BANKING_FLOW
TX_SBI_100491,SBI_ACC_20104,SBI_ACC_20034,327.68,2026-01-10 14:07:30,TRANSFER,UPI,State Bank of India,IN,0,NORMAL_BANKING_FLOW
TX_SBI_100492,SBI_ACC_20165,INDUS_ACC_20228,1450.91,2026-01-10 15:38:16,TRANSFER,IMPS,State Bank of India,IN,0,NORMAL_BANKING_FLOW
TX_SBI_100493,SBI_ACC_20234,YES_ACC_20020,356.87,2026-01-10 13:19:48,TRANSFER,UPI,State Bank of India,IN,0,NORMAL_BANKING_FLOW
TX_SBI_100494,SBI_ACC_20223,SBI_ACC_20167,139.59,2026-01-10 15:56:34,TRANSFER,IMPS,State Bank of India,IN,0,NORMAL_BANKING_FLOW
TX_SBI_100495,SBI_ACC_20137,SBI_ACC_20032,1514.93,2026-01-10 13:04:38,TRANSFER,UPI,State Bank of India,IN,0,NORMAL_BANKING_FLOW
TX_SBI_100496,SBI_ACC_20193,SBI_ACC_20076,566.18,2026-01-10 11:59:15,TRANSFER,IMPS,State Bank of India,IN,0,NORMAL_BANKING_FLOW
TX_SBI_100497,SBI_ACC_20139,SBI_ACC_20097,117.07,2026-01-10 14:03:44,TRANSFER,UPI,State Bank of India,IN,0,NORMAL_BANKING_FLOW
TX_SBI_100498,SBI_ACC_20088,SBI_ACC_20048,273.05,2026-01-10 12:00:13,TRANSFER,UPI,State Bank of India,IN,0,NORMAL_BANKING_FLOW
TX_SBI_100499,SBI_ACC_20169,SBI_ACC_20197,137.6,2026-01-10 11:02:36,TRANSFER,UPI,State Bank of India,IN,0,NORMAL_BANKING_FLOW
TX_SBI_100500,SBI_ACC_20017,SBI_ACC_20008,82.86,2026-01-10 10:13:04,TRANSFER,UPI,State Bank of India,IN,0,NORMAL_BANKING_FLOW
TX_SBI_100501,SBI_ACC_20180,KOTAK_ACC_20189,833.95,2026-01-10 13:58:20,TRANSFER,UPI,State Bank of India,IN,0,NORMAL_BANKING_FLOW
TX_SBI_100502,SBI_ACC_20059,SBI_ACC_20194,2229.24,2026-01-10 10:21:57,TRANSFER,UPI,State Bank of India,IN,0,NORMAL_BANKING_FLOW
TX_SBI_100503,SBI_ACC_20074,SBI_ACC_20235,81.57,2026-01-10 10:30:36,TRANSFER,UPI,State Bank of India,IN,0,NORMAL_BANKING_FLOW
TX_SBI_100504,SBI_ACC_20153,INDUS_ACC_20060,579.97,2026-01-10 15:07:33,TRANSFER,UPI,State Bank of India,IN,0,NORMAL_BANKING_FLOW
TX_SBI_100505,SBI_ACC_20169,SBI_ACC_20105,172.32,2026-01-10 12:45:36,TRANSFER,IMPS,State Bank of India,IN,0,NORMAL_BANKING_FLOW
TX_SBI_100506,SBI_ACC_20142,AXIS_ACC_20160,202.93,2026-01-10 12:46:10,TRANSFER,UPI,State Bank of India,IN,0,NORMAL_BANKING_FLOW
TX_SBI_100507,SBI_ACC_20126,SBI_ACC_20088,182.66,2026-01-10 16:09:08,TRANSFER,UPI,State Bank of India,IN,0,NORMAL_BANKING_FLOW
TX_SBI_100508,SBI_ACC_20201,SBI_ACC_20178,139.21,2026-01-10 15:53:12,TRANSFER,UPI,State Bank of India,IN,0,NORMAL_BANKING_FLOW
TX_SBI_100509,SBI_ACC_20076,SBI_ACC_20194,346.72,2026-01-10 13:47:08,TRANSFER,UPI,State Bank of India,IN,0,NORMAL_BANKING_FLOW
TX_SBI_100510,SBI_ACC_20217,SBI_ACC_20220,143.89,2026-01-10 14:55:41,TRANSFER,UPI,State Bank of India,IN,0,NORMAL_BANKING_FLOW
TX_SBI_100511,SBI_ACC_20118,BOB_ACC_20105,432.88,2026-01-10 16:30:00,TRANSFER,UPI,State Bank of India,IN,0,NORMAL_BANKING_FLOW
TX_SBI_100512,SBI_ACC_20034,SBI_ACC_20066,314.12,2026-01-10 13:49:11,TRANSFER,UPI,State Bank of India,IN,0,NORMAL_BANKING_FLOW
TX_SBI_100513,SBI_ACC_20020,INDUS_ACC_20023,260.1,2026-01-10 11:58:56,TRANSFER,UPI,State Bank of India,IN,0,NORMAL_BANKING_FLOW
TX_SBI_100514,SBI_ACC_20048,SBI_ACC_20097,133.28,2026-01-10 14:58:57,TRANSFER,UPI,State Bank of India,IN,0,NORMAL_BANKING_FLOW
TX_SBI_100515,SBI_ACC_20010,KOTAK_ACC_20205,185.53,2026-01-10 16:16:52,TRANSFER,UPI,State Bank of India,IN,0,NORMAL_BANKING_FLOW
TX_SBI_100516,SBI_ACC_20143,SBI_ACC_20053,703.02,2026-01-10 15:26:20,TRANSFER,UPI,State Bank of India,IN,0,NORMAL_BANKING_FLOW
TX_SBI_100517,SBI_ACC_20232,SBI_ACC_20240,545.07,2026-01-10 13:09:36,TRANSFER,UPI,State Bank of India,IN,0,NORMAL_BANKING_FLOW
TX_SBI_100518,SBI_ACC_20030,CANARA_ACC_20234,124.27,2026-01-10 11:52:39,TRANSFER,IMPS,State Bank of India,IN,0,NORMAL_BANKING_FLOW
TX_SBI_100519,SBI_ACC_20180,SBI_ACC_20235,364.79,2026-01-10 12:19:00,TRANSFER,UPI,State Bank of India,IN,0,NORMAL_BANKING_FLOW
TX_SBI_100520,SBI_ACC_20198,SBI_ACC_20119,700.21,2026-01-10 12:19:30,TRANSFER,UPI,State Bank of India,IN,0,NORMAL_BANKING_FLOW
TX_SBI_100521,SBI_ACC_20078,SBI_ACC_20132,62.21,2026-01-10 15:04:40,TRANSFER,UPI,State Bank of India,IN,0,NORMAL_BANKING_FLOW
TX_SBI_100522,SBI_ACC_20205,CANARA_ACC_20194,568.7,2026-01-10 14:39:26,TRANSFER,UPI,State Bank of India,IN,0,NORMAL_BANKING_FLOW
TX_SBI_100523,SBI_ACC_20094,SBI_ACC_20011,170.27,2026-01-10 13:04:30,TRANSFER,IMPS,State Bank of India,IN,0,NORMAL_BANKING_FLOW
TX_SBI_100524,SBI_ACC_20189,SBI_ACC_20066,584.41,2026-01-10 15:24:33,TRANSFER,IMPS,State Bank of India,IN,0,NORMAL_BANKING_FLOW
TX_SBI_100525,SBI_ACC_20148,PNB_ACC_20039,153.97,2026-01-10 15:16:40,TRANSFER,IMPS,State Bank of India,IN,0,NORMAL_BANKING_FLOW
TX_SBI_100526,SBI_ACC_20097,SBI_ACC_20062,54.33,2026-01-10 11:56:15,TRANSFER,UPI,State Bank of India,IN,0,NORMAL_BANKING_FLOW
TX_SBI_100527,SBI_ACC_20241,SBI_ACC_20065,64.87,2026-01-10 14:43:16,TRANSFER,UPI,State Bank of India,IN,0,NORMAL_BANKING_FLOW
TX_SBI_100528,SBI_ACC_20164,CANARA_ACC_20043,346.57,2026-01-10 14:44:02,TRANSFER,IMPS,State Bank of India,IN,0,NORMAL_BANKING_FLOW
TX_SBI_100529,SBI_ACC_20184,SBI_ACC_20047,428.26,2026-01-10 13:25:36,TRANSFER,UPI,State Bank of India,IN,0,NORMAL_BANKING_FLOW
TX_SBI_100530,SBI_ACC_20245,SBI_ACC_20008,133.71,2026-01-10 15:12:01,TRANSFER,IMPS,State Bank of India,IN,0,NORMAL_BANKING_FLOW
TX_SBI_100531,SBI_ACC_20171,SBI_ACC_20001,625.53,2026-01-10 10:47:50,TRANSFER,IMPS,State Bank of India,IN,0,NORMAL_BANKING_FLOW
TX_SBI_100532,SBI_ACC_20161,SBI_ACC_20182,62.71,2026-01-10 14:02:51,TRANSFER,UPI,State Bank of India,IN,0,NORMAL_BANKING_FLOW
TX_SBI_100533,SBI_ACC_20129,SBI_ACC_20015,309.18,2026-01-10 11:32:48,TRANSFER,UPI,State Bank of India,IN,0,NORMAL_BANKING_FLOW
TX_SBI_100534,SBI_ACC_20239,SBI_ACC_20123,98.39,2026-01-10 15:59:42,TRANSFER,UPI,State Bank of India,IN,0,NORMAL_BANKING_FLOW
TX_SBI_100535,SBI_ACC_20001,SBI_ACC_20106,172.12,2026-01-10 16:27:18,TRANSFER,UPI,State Bank of India,IN,0,NORMAL_BANKING_FLOW
TX_SBI_100536,SBI_ACC_20184,SBI_ACC_20073,346.33,2026-01-10 10:13:45,TRANSFER,UPI,State Bank of India,IN,0,NORMAL_BANKING_FLOW
TX_SBI_100537,SBI_ACC_20178,SBI_ACC_20207,139.71,2026-01-10 10:22:56,TRANSFER,UPI,State Bank of India,IN,0,NORMAL_BANKING_FLOW
TX_SBI_100538,SBI_ACC_20024,SBI_ACC_20062,224.85,2026-01-10 11:52:42,TRANSFER,UPI,State Bank of India,IN,0,NORMAL_BANKING_FLOW
TX_SBI_100539,SBI_ACC_20064,PNB_ACC_20203,903.52,2026-01-10 12:02:06,TRANSFER,UPI,State Bank of India,IN,0,NORMAL_BANKING_FLOW
TX_SBI_100540,SBI_ACC_20245,SBI_ACC_20144,185.51,2026-01-10 13:59:20,TRANSFER,UPI,State Bank of India,IN,0,NORMAL_BANKING_FLOW
TX_SBI_100541,SBI_ACC_20057,SBI_ACC_20212,761.81,2026-01-10 12:30:00,TRANSFER,IMPS,State Bank of India,IN,0,NORMAL_BANKING_FLOW
TX_SBI_100542,SBI_ACC_20219,SBI_ACC_20008,106.73,2026-01-10 11:00:20,TRANSFER,UPI,State Bank of India,IN,0,NORMAL_BANKING_FLOW
TX_SBI_100543,SBI_ACC_20096,SBI_ACC_20014,561.05,2026-01-10 11:00:40,TRANSFER,UPI,State Bank of India,IN,0,NORMAL_BANKING_FLOW
TX_SBI_100544,SBI_ACC_20043,SBI_ACC_20217,1396.28,2026-01-10 16:17:45,TRANSFER,UPI,State Bank of India,IN,0,NORMAL_BANKING_FLOW
TX_SBI_100545,SBI_ACC_20084,SBI_ACC_20220,27.89,2026-01-10 14:20:48,TRANSFER,UPI,State Bank of India,IN,0,NORMAL_BANKING_FLOW
TX_SBI_100546,SBI_ACC_20235,SBI_ACC_20054,148.87,2026-01-10 11:10:45,TRANSFER,IMPS,State Bank of India,IN,0,NORMAL_BANKING_FLOW
TX_SBI_100547,SBI_ACC_20121,SBI_ACC_20237,588.2,2026-01-10 16:56:54,TRANSFER,IMPS,State Bank of India,IN,0,NORMAL_BANKING_FLOW
TX_SBI_100548,SBI_ACC_20071,HDFC_ACC_20045,269.6,2026-01-10 10:53:13,TRANSFER,UPI,State Bank of India,IN,0,NORMAL_BANKING_FLOW
TX_SBI_100549,SBI_ACC_20053,SBI_ACC_20193,478.73,2026-01-10 13:19:40,TRANSFER,UPI,State Bank of India,IN,0,NORMAL_BANKING_FLOW
TX_SBI_100550,SBI_ACC_20237,SBI_ACC_20041,180.55,2026-01-10 17:09:00,TRANSFER,IMPS,State Bank of India,IN,0,NORMAL_BANKING_FLOW
TX_SBI_100551,SBI_ACC_20213,BOB_ACC_20084,360.17,2026-01-10 15:47:30,TRANSFER,UPI,State Bank of India,IN,0,NORMAL_BANKING_FLOW
TX_SBI_100552,SBI_ACC_20035,ICICI_ACC_20128,282.68,2026-01-10 13:58:09,TRANSFER,UPI,State Bank of India,IN,0,NORMAL_BANKING_FLOW
TX_SBI_100553,SBI_ACC_20111,SBI_ACC_20019,1061.86,2026-01-10 13:40:24,TRANSFER,UPI,State Bank of India,IN,0,NORMAL_BANKING_FLOW
TX_SBI_100554,SBI_ACC_20157,YES_ACC_20248,425.99,2026-01-10 13:31:48,TRANSFER,UPI,State Bank of India,IN,0,NORMAL_BANKING_FLOW
TX_SBI_100555,SBI_ACC_20069,CANARA_ACC_20125,462.94,2026-01-10 13:23:10,TRANSFER,UPI,State Bank of India,IN,0,NORMAL_BANKING_FLOW
TX_SBI_100556,SBI_ACC_20240,SBI_ACC_20047,218.79,2026-01-10 12:28:15,TRANSFER,UPI,State Bank of India,IN,0,NORMAL_BANKING_FLOW
TX_SBI_100557,SBI_ACC_20097,SBI_ACC_20159,202.84,2026-01-10 16:57:28,TRANSFER,UPI,State Bank of India,IN,0,NORMAL_BANKING_FLOW
TX_SBI_100558,SBI_ACC_20182,SBI_ACC_20068,214.31,2026-01-10 13:06:21,TRANSFER,UPI,State Bank of India,IN,0,NORMAL_BANKING_FLOW
TX_SBI_100559,SBI_ACC_20200,SBI_ACC_20189,490.02,2026-01-10 11:43:12,TRANSFER,UPI,State Bank of India,IN,0,NORMAL_BANKING_FLOW
TX_SBI_100560,SBI_ACC_20027,SBI_ACC_20242,216.81,2026-01-10 14:03:21,TRANSFER,UPI,State Bank of India,IN,0,NORMAL_BANKING_FLOW
TX_SBI_100561,SBI_ACC_20194,SBI_ACC_20033,441.32,2026-01-10 13:17:20,TRANSFER,UPI,State Bank of India,IN,0,NORMAL_BANKING_FLOW
TX_SBI_100562,SBI_ACC_20114,SBI_ACC_20132,2631.74,2026-01-10 11:07:00,TRANSFER,UPI,State Bank of India,IN,0,NORMAL_BANKING_FLOW
TX_SBI_100563,SBI_ACC_20022,SBI_ACC_20024,789.28,2026-01-10 14:24:02,TRANSFER,UPI,State Bank of India,IN,0,NORMAL_BANKING_FLOW
TX_SBI_100564,SBI_ACC_20083,HDFC_ACC_20074,238.41,2026-01-10 16:17:19,TRANSFER,UPI,State Bank of India,IN,0,NORMAL_BANKING_FLOW
TX_SBI_100565,SBI_ACC_20021,BOB_ACC_20231,1097.97,2026-01-10 14:25:24,TRANSFER,UPI,State Bank of India,IN,0,NORMAL_BANKING_FLOW
TX_SBI_100566,SBI_ACC_20043,SBI_ACC_20044,219.63,2026-01-10 12:42:30,TRANSFER,UPI,State Bank of India,IN,0,NORMAL_BANKING_FLOW
TX_SBI_100567,SBI_ACC_20068,SBI_ACC_20016,43.03,2026-01-10 11:36:58,TRANSFER,UPI,State Bank of India,IN,0,NORMAL_BANKING_FLOW
TX_SBI_100568,SBI_ACC_20107,SBI_ACC_20201,120.53,2026-01-10 11:56:15,TRANSFER,UPI,State Bank of India,IN,0,NORMAL_BANKING_FLOW
TX_SBI_100569,SBI_ACC_20241,SBI_ACC_20160,50.87,2026-01-10 10:59:52,TRANSFER,UPI,State Bank of India,IN,0,NORMAL_BANKING_FLOW
TX_SBI_100570,SBI_ACC_20050,SBI_ACC_20034,232.41,2026-01-10 15:16:14,TRANSFER,UPI,State Bank of India,IN,0,NORMAL_BANKING_FLOW
TX_SBI_100571,SBI_ACC_20101,SBI_ACC_20159,336.44,2026-01-10 13:23:00,TRANSFER,UPI,State Bank of India,IN,0,NORMAL_BANKING_FLOW
TX_SBI_100572,SBI_ACC_20084,SBI_ACC_20111,1765.94,2026-01-10 14:11:09,TRANSFER,IMPS,State Bank of India,IN,0,NORMAL_BANKING_FLOW
TX_SBI_100573,SBI_ACC_20034,SBI_ACC_20155,458.03,2026-01-10 16:53:52,TRANSFER,IMPS,State Bank of India,IN,0,NORMAL_BANKING_FLOW
TX_SBI_100574,SBI_ACC_20080,SBI_ACC_20102,265.31,2026-01-10 17:23:27,TRANSFER,UPI,State Bank of India,IN,0,NORMAL_BANKING_FLOW
TX_SBI_100575,SBI_ACC_20177,SBI_ACC_20248,757.03,2026-01-10 13:34:50,TRANSFER,UPI,State Bank of India,IN,0,NORMAL_BANKING_FLOW
TX_SBI_100576,SBI_ACC_20083,SBI_ACC_20210,36.19,2026-01-10 16:08:45,TRANSFER,UPI,State Bank of India,IN,0,NORMAL_BANKING_FLOW
TX_SBI_100577,SBI_ACC_20238,SBI_ACC_20151,418.06,2026-01-10 14:24:00,TRANSFER,UPI,State Bank of India,IN,0,NORMAL_BANKING_FLOW
TX_SBI_100578,SBI_ACC_20196,SBI_ACC_20244,713.99,2026-01-10 15:51:13,TRANSFER,UPI,State Bank of India,IN,0,NORMAL_BANKING_FLOW
TX_SBI_100579,SBI_ACC_20053,SBI_ACC_20075,75.3,2026-01-10 15:03:52,TRANSFER,IMPS,State Bank of India,IN,0,NORMAL_BANKING_FLOW
TX_SBI_100580,SBI_ACC_20217,YES_ACC_20172,1036.65,2026-01-10 17:29:21,TRANSFER,UPI,State Bank of India,IN,0,NORMAL_BANKING_FLOW
TX_SBI_100581,SBI_ACC_20077,SBI_ACC_20169,463.36,2026-01-10 15:24:40,TRANSFER,UPI,State Bank of India,IN,0,NORMAL_BANKING_FLOW
TX_SBI_100582,SBI_ACC_20202,SBI_ACC_20114,218.05,2026-01-10 11:52:24,TRANSFER,UPI,State Bank of India,IN,0,NORMAL_BANKING_FLOW
TX_SBI_100583,SBI_ACC_20102,SBI_ACC_20237,621.9,2026-01-10 16:34:06,TRANSFER,UPI,State Bank of India,IN,0,NORMAL_BANKING_FLOW
TX_SBI_100584,SBI_ACC_20009,INDUS_ACC_20179,3199.32,2026-01-10 17:33:17,TRANSFER,UPI,State Bank of India,IN,0,NORMAL_BANKING_FLOW
TX_SBI_100585,SBI_ACC_20234,SBI_ACC_20196,396.18,2026-01-10 15:56:56,TRANSFER,UPI,State Bank of India,IN,0,NORMAL_BANKING_FLOW
TX_SBI_100586,SBI_ACC_20090,SBI_ACC_20157,423.36,2026-01-10 12:52:30,TRANSFER,UPI,State Bank of India,IN,0,NORMAL_BANKING_FLOW
TX_SBI_100587,SBI_ACC_20165,SBI_ACC_20102,208.65,2026-01-10 10:46:02,TRANSFER,UPI,State Bank of India,IN,0,NORMAL_BANKING_FLOW
TX_SBI_100588,SBI_ACC_20110,SBI_ACC_20025,141.2,2026-01-10 13:52:12,TRANSFER,IMPS,State Bank of India,IN,0,NORMAL_BANKING_FLOW
TX_SBI_100589,SBI_ACC_20191,SBI_ACC_20148,757.74,2026-01-10 13:03:48,TRANSFER,UPI,State Bank of India,IN,0,NORMAL_BANKING_FLOW
TX_SBI_100590,SBI_ACC_20114,SBI_ACC_20119,140.32,2026-01-10 17:39:11,TRANSFER,UPI,State Bank of India,IN,0,NORMAL_BANKING_FLOW
TX_SBI_100591,SBI_ACC_20128,SBI_ACC_20006,354.8,2026-01-10 17:30:20,TRANSFER,UPI,State Bank of India,IN,0,NORMAL_BANKING_FLOW
TX_SBI_100592,SBI_ACC_20106,ICICI_ACC_20029,204.86,2026-01-10 15:23:15,TRANSFER,UPI,State Bank of India,IN,0,NORMAL_BANKING_FLOW
TX_SBI_100593,SBI_ACC_20087,SBI_ACC_20052,533.24,2026-01-10 11:56:48,TRANSFER,UPI,State Bank of India,IN,0,NORMAL_BANKING_FLOW
TX_SBI_100594,SBI_ACC_20121,SBI_ACC_20185,461.12,2026-01-10 15:54:24,TRANSFER,UPI,State Bank of India,IN,0,NORMAL_BANKING_FLOW
TX_SBI_100595,SBI_ACC_20017,SBI_ACC_20208,932.19,2026-01-10 17:44:06,TRANSFER,UPI,State Bank of India,IN,0,NORMAL_BANKING_FLOW
TX_SBI_100596,SBI_ACC_20217,SBI_ACC_20027,198.34,2026-01-10 17:55:00,TRANSFER,UPI,State Bank of India,IN,0,NORMAL_BANKING_FLOW
TX_SBI_100597,SBI_ACC_20238,KOTAK_ACC_20132,252.18,2026-01-10 17:36:08,TRANSFER,IMPS,State Bank of India,IN,0,NORMAL_BANKING_FLOW
TX_SBI_100598,SBI_ACC_20084,SBI_ACC_20246,124.12,2026-01-10 12:18:42,TRANSFER,UPI,State Bank of India,IN,0,NORMAL_BANKING_FLOW
TX_SBI_100599,SBI_ACC_20103,SBI_ACC_20047,211.81,2026-01-10 15:18:32,TRANSFER,UPI,State Bank of India,IN,0,NORMAL_BANKING_FLOW
TX_SBI_100600,SBI_ACC_20101,SBI_ACC_20158,481.69,2026-01-10 17:09:05,TRANSFER,UPI,State Bank of India,IN,0,NORMAL_BANKING_FLOW
TX_SBI_100601,SBI_ACC_20109,SBI_ACC_20181,704.15,2026-01-10 12:30:00,TRANSFER,UPI,State Bank of India,IN,0,NORMAL_BANKING_FLOW
TX_SBI_100602,SBI_ACC_20192,ICICI_ACC_20147,131.35,2026-01-10 12:40:28,TRANSFER,UPI,State Bank of India,IN,0,NORMAL_BANKING_FLOW
TX_SBI_100603,SBI_ACC_20137,SBI_ACC_20083,788.08,2026-01-10 11:30:42,TRANSFER,UPI,State Bank of India,IN,0,NORMAL_BANKING_FLOW
TX_SBI_100604,SBI_ACC_20067,SBI_ACC_20126,1281.31,2026-01-10 12:31:21,TRANSFER,UPI,State Bank of India,IN,0,NORMAL_BANKING_FLOW
TX_SBI_100605,SBI_ACC_20080,SBI_ACC_20157,499.41,2026-01-10 16:03:12,TRANSFER,IMPS,State Bank of India,IN,0,NORMAL_BANKING_FLOW
TX_SBI_100606,SBI_ACC_20089,SBI_ACC_20118,2157.7,2026-01-10 14:43:20,TRANSFER,UPI,State Bank of India,IN,0,NORMAL_BANKING_FLOW
TX_SBI_100607,SBI_ACC_20172,PNB_ACC_20235,152.35,2026-01-10 17:05:24,TRANSFER,UPI,State Bank of India,IN,0,NORMAL_BANKING_FLOW
TX_SBI_100608,SBI_ACC_20172,SBI_ACC_20030,95.14,2026-01-10 17:06:18,TRANSFER,UPI,State Bank of India,IN,0,NORMAL_BANKING_FLOW
TX_SBI_100609,SBI_ACC_20046,SBI_ACC_20036,55.77,2026-01-10 13:04:00,TRANSFER,UPI,State Bank of India,IN,0,NORMAL_BANKING_FLOW
TX_SBI_100610,SBI_ACC_20152,SBI_ACC_20098,1474.46,2026-01-10 15:57:03,TRANSFER,UPI,State Bank of India,IN,0,NORMAL_BANKING_FLOW
TX_SBI_100611,SBI_ACC_20162,SBI_ACC_20236,635.47,2026-01-10 15:07:00,TRANSFER,UPI,State Bank of India,IN,0,NORMAL_BANKING_FLOW
TX_SBI_100612,SBI_ACC_20044,SBI_ACC_20126,312.44,2026-01-10 17:30:16,TRANSFER,IMPS,State Bank of India,IN,0,NORMAL_BANKING_FLOW
TX_SBI_100613,SBI_ACC_20080,HDFC_ACC_20221,437.02,2026-01-10 13:36:36,TRANSFER,UPI,State Bank of India,IN,0,NORMAL_BANKING_FLOW
TX_SBI_100614,SBI_ACC_20124,SBI_ACC_20209,107.18,2026-01-10 14:18:01,TRANSFER,IMPS,State Bank of India,IN,0,NORMAL_BANKING_FLOW
TX_SBI_100615,SBI_ACC_20129,SBI_ACC_20104,3811.4,2026-01-10 14:39:06,TRANSFER,IMPS,State Bank of India,IN,0,NORMAL_BANKING_FLOW
TX_SBI_100616,SBI_ACC_20181,CANARA_ACC_20042,375.86,2026-01-10 17:54:30,TRANSFER,UPI,State Bank of India,IN,0,NORMAL_BANKING_FLOW
TX_SBI_100617,SBI_ACC_20203,PNB_ACC_20008,368.48,2026-01-10 11:25:20,TRANSFER,UPI,State Bank of India,IN,0,NORMAL_BANKING_FLOW
TX_SBI_100618,SBI_ACC_20073,SBI_ACC_20118,682.5,2026-01-10 13:29:04,TRANSFER,UPI,State Bank of India,IN,0,NORMAL_BANKING_FLOW
TX_SBI_100619,SBI_ACC_20196,SBI_ACC_20130,534.33,2026-01-10 16:45:18,TRANSFER,UPI,State Bank of India,IN,0,NORMAL_BANKING_FLOW
TX_SBI_100620,SBI_ACC_20068,INDUS_ACC_20138,413.18,2026-01-10 11:46:58,TRANSFER,UPI,State Bank of India,IN,0,NORMAL_BANKING_FLOW
TX_SBI_100621,SBI_ACC_20112,SBI_ACC_20108,149.83,2026-01-10 10:55:40,TRANSFER,UPI,State Bank of India,IN,0,NORMAL_BANKING_FLOW
TX_SBI_100622,SBI_ACC_20167,PNB_ACC_20223,529.25,2026-01-10 11:37:21,TRANSFER,UPI,State Bank of India,IN,0,NORMAL_BANKING_FLOW
TX_SBI_100623,SBI_ACC_20089,ICICI_ACC_20112,2169.01,2026-01-10 10:56:14,TRANSFER,UPI,State Bank of India,IN,0,NORMAL_BANKING_FLOW
TX_SBI_100624,SBI_ACC_20060,SBI_ACC_20189,1268.28,2026-01-10 11:48:26,TRANSFER,UPI,State Bank of India,IN,0,NORMAL_BANKING_FLOW
TX_SBI_100625,SBI_ACC_20220,YES_ACC_20042,1624.88,2026-01-10 17:00:48,TRANSFER,UPI,State Bank of India,IN,0,NORMAL_BANKING_FLOW
TX_SBI_100626,SBI_ACC_20052,HDFC_ACC_20145,198.1,2026-01-10 17:22:30,TRANSFER,UPI,State Bank of India,IN,0,NORMAL_BANKING_FLOW
TX_SBI_100627,SBI_ACC_20152,SBI_ACC_20082,122.78,2026-01-10 14:26:02,TRANSFER,UPI,State Bank of India,IN,0,NORMAL_BANKING_FLOW
TX_SBI_100628,SBI_ACC_20146,SBI_ACC_20220,291.26,2026-01-10 18:27:00,TRANSFER,UPI,State Bank of India,IN,0,NORMAL_BANKING_FLOW
TX_SBI_100629,SBI_ACC_20173,AXIS_ACC_20246,349.23,2026-01-10 16:11:56,TRANSFER,IMPS,State Bank of India,IN,0,NORMAL_BANKING_FLOW
TX_SBI_100630,SBI_ACC_20070,AXIS_ACC_20179,986.53,2026-01-10 15:09:49,TRANSFER,IMPS,State Bank of India,IN,0,NORMAL_BANKING_FLOW
TX_SBI_100631,SBI_ACC_20182,SBI_ACC_20063,60.8,2026-01-10 12:01:30,TRANSFER,UPI,State Bank of India,IN,0,NORMAL_BANKING_FLOW
TX_SBI_100632,SBI_ACC_20036,SBI_ACC_20069,1524.7,2026-01-10 18:09:58,TRANSFER,UPI,State Bank of India,IN,0,NORMAL_BANKING_FLOW
TX_SBI_100633,SBI_ACC_20115,SBI_ACC_20204,282.02,2026-01-10 17:39:20,TRANSFER,UPI,State Bank of India,IN,0,NORMAL_BANKING_FLOW
TX_SBI_100634,SBI_ACC_20191,SBI_ACC_20240,215.53,2026-01-10 11:31:00,TRANSFER,UPI,State Bank of India,IN,0,NORMAL_BANKING_FLOW
TX_SBI_100635,SBI_ACC_20124,SBI_ACC_20000,120.05,2026-01-10 14:41:32,TRANSFER,UPI,State Bank of India,IN,0,NORMAL_BANKING_FLOW
TX_SBI_100636,SBI_ACC_20117,SBI_ACC_20179,63.13,2026-01-10 11:31:40,TRANSFER,UPI,State Bank of India,IN,0,NORMAL_BANKING_FLOW
TX_SBI_100637,SBI_ACC_20203,SBI_ACC_20055,752.33,2026-01-10 14:32:12,TRANSFER,IMPS,State Bank of India,IN,0,NORMAL_BANKING_FLOW
TX_SBI_100638,SBI_ACC_20126,SBI_ACC_20213,355.43,2026-01-10 15:25:54,TRANSFER,IMPS,State Bank of India,IN,0,NORMAL_BANKING_FLOW
TX_SBI_100639,SBI_ACC_20147,SBI_ACC_20219,90.93,2026-01-10 13:50:54,TRANSFER,UPI,State Bank of India,IN,0,NORMAL_BANKING_FLOW
TX_SBI_100640,SBI_ACC_20228,SBI_ACC_20012,90.46,2026-01-10 16:09:54,TRANSFER,UPI,State Bank of India,IN,0,NORMAL_BANKING_FLOW
TX_SBI_100641,SBI_ACC_20200,HDFC_ACC_20031,236.09,2026-01-10 11:01:20,TRANSFER,UPI,State Bank of India,IN,0,NORMAL_BANKING_FLOW
TX_SBI_100642,SBI_ACC_20000,YES_ACC_20051,1752.89,2026-01-10 12:27:05,TRANSFER,UPI,State Bank of India,IN,0,NORMAL_BANKING_FLOW
TX_SBI_100643,SBI_ACC_20225,SBI_ACC_20040,254.78,2026-01-10 18:31:18,TRANSFER,IMPS,State Bank of India,IN,0,NORMAL_BANKING_FLOW
TX_SBI_100644,SBI_ACC_20092,SBI_ACC_20096,73.47,2026-01-10 13:42:56,TRANSFER,UPI,State Bank of India,IN,0,NORMAL_BANKING_FLOW
TX_SBI_100645,SBI_ACC_20042,SBI_ACC_20161,258.33,2026-01-10 18:11:48,TRANSFER,IMPS,State Bank of India,IN,0,NORMAL_BANKING_FLOW
TX_SBI_100646,SBI_ACC_20193,SBI_ACC_20167,251.46,2026-01-10 14:05:30,TRANSFER,UPI,State Bank of India,IN,0,NORMAL_BANKING_FLOW
TX_SBI_100647,SBI_ACC_20000,SBI_ACC_20020,22.27,2026-01-10 11:35:20,TRANSFER,UPI,State Bank of India,IN,0,NORMAL_BANKING_FLOW
TX_SBI_100648,SBI_ACC_20132,SBI_ACC_20002,312.84,2026-01-10 12:08:01,TRANSFER,UPI,State Bank of India,IN,0,NORMAL_BANKING_FLOW
TX_SBI_100649,SBI_ACC_20209,SBI_ACC_20221,262.19,2026-01-10 10:42:00,TRANSFER,UPI,State Bank of India,IN,0,NORMAL_BANKING_FLOW
TX_SBI_100650,SBI_ACC_20122,SBI_ACC_20098,662.62,2026-01-10 15:34:18,TRANSFER,UPI,State Bank of India,IN,0,NORMAL_BANKING_FLOW
TX_SBI_100651,SBI_ACC_20026,SBI_ACC_20095,2098.45,2026-01-10 11:36:40,TRANSFER,UPI,State Bank of India,IN,0,NORMAL_BANKING_FLOW
TX_SBI_100652,SBI_ACC_20198,AXIS_ACC_20164,1018.99,2026-01-10 14:08:54,TRANSFER,UPI,State Bank of India,IN,0,NORMAL_BANKING_FLOW
TX_SBI_100653,SBI_ACC_20135,SBI_ACC_20157,252.42,2026-01-10 18:30:16,TRANSFER,UPI,State Bank of India,IN,0,NORMAL_BANKING_FLOW
TX_SBI_100654,SBI_ACC_20089,AXIS_ACC_20235,109.23,2026-01-10 18:09:28,TRANSFER,UPI,State Bank of India,IN,0,NORMAL_BANKING_FLOW
TX_SBI_100655,SBI_ACC_20113,ICICI_ACC_20229,4330.16,2026-01-10 15:26:54,TRANSFER,UPI,State Bank of India,IN,0,NORMAL_BANKING_FLOW
TX_SBI_100656,SBI_ACC_20031,SBI_ACC_20099,350.45,2026-01-10 11:49:15,TRANSFER,UPI,State Bank of India,IN,0,NORMAL_BANKING_FLOW
TX_SBI_100657,SBI_ACC_20080,KOTAK_ACC_20070,334.93,2026-01-10 14:44:32,TRANSFER,IMPS,State Bank of India,IN,0,NORMAL_BANKING_FLOW
TX_SBI_100658,SBI_ACC_20141,SBI_ACC_20185,322.43,2026-01-10 18:13:12,TRANSFER,UPI,State Bank of India,IN,0,NORMAL_BANKING_FLOW
TX_SBI_100659,SBI_ACC_20240,SBI_ACC_20217,402.66,2026-01-10 17:41:14,TRANSFER,UPI,State Bank of India,IN,0,NORMAL_BANKING_FLOW
TX_SBI_100660,SBI_ACC_20052,SBI_ACC_20131,285.9,2026-01-10 18:26:03,TRANSFER,IMPS,State Bank of India,IN,0,NORMAL_BANKING_FLOW
TX_SBI_100661,SBI_ACC_20075,SBI_ACC_20201,186.11,2026-01-10 12:57:00,TRANSFER,UPI,State Bank of India,IN,0,NORMAL_BANKING_FLOW
TX_SBI_100662,SBI_ACC_20028,SBI_ACC_20164,191.17,2026-01-10 13:30:30,TRANSFER,UPI,State Bank of India,IN,0,NORMAL_BANKING_FLOW
TX_SBI_100663,SBI_ACC_20227,INDUS_ACC_20239,319.66,2026-01-10 17:44:46,TRANSFER,UPI,State Bank of India,IN,0,NORMAL_BANKING_FLOW
TX_SBI_100664,SBI_ACC_20220,YES_ACC_20093,191.82,2026-01-10 14:26:45,TRANSFER,UPI,State Bank of India,IN,0,NORMAL_BANKING_FLOW
TX_SBI_100665,SBI_ACC_20195,SBI_ACC_20198,161.93,2026-01-10 17:02:16,TRANSFER,UPI,State Bank of India,IN,0,NORMAL_BANKING_FLOW
TX_SBI_100666,SBI_ACC_20017,SBI_ACC_20056,367.39,2026-01-10 11:30:35,TRANSFER,UPI,State Bank of India,IN,0,NORMAL_BANKING_FLOW
TX_SBI_100667,SBI_ACC_20242,BOB_ACC_20073,255.96,2026-01-10 11:08:42,TRANSFER,IMPS,State Bank of India,IN,0,NORMAL_BANKING_FLOW
TX_SBI_100668,SBI_ACC_20196,SBI_ACC_20179,1486.22,2026-01-10 18:11:25,TRANSFER,UPI,State Bank of India,IN,0,NORMAL_BANKING_FLOW
TX_SBI_100669,SBI_ACC_20137,SBI_ACC_20039,23.31,2026-01-10 15:25:20,TRANSFER,UPI,State Bank of India,IN,0,NORMAL_BANKING_FLOW
TX_SBI_100670,SBI_ACC_20020,SBI_ACC_20053,983.88,2026-01-10 13:56:48,TRANSFER,UPI,State Bank of India,IN,0,NORMAL_BANKING_FLOW
TX_SBI_100671,SBI_ACC_20100,SBI_ACC_20196,1148.35,2026-01-10 12:28:00,TRANSFER,UPI,State Bank of India,IN,0,NORMAL_BANKING_FLOW
TX_SBI_100672,SBI_ACC_20016,SBI_ACC_20112,41.54,2026-01-10 18:26:16,TRANSFER,UPI,State Bank of India,IN,0,NORMAL_BANKING_FLOW
TX_SBI_100673,SBI_ACC_20022,ICICI_ACC_20116,234.47,2026-01-10 13:36:00,TRANSFER,UPI,State Bank of India,IN,0,NORMAL_BANKING_FLOW
TX_SBI_100674,SBI_ACC_20079,SBI_ACC_20169,227.82,2026-01-10 18:05:42,TRANSFER,UPI,State Bank of India,IN,0,NORMAL_BANKING_FLOW
TX_SBI_100675,SBI_ACC_20181,SBI_ACC_20002,80.84,2026-01-10 12:52:04,TRANSFER,UPI,State Bank of India,IN,0,NORMAL_BANKING_FLOW
TX_SBI_100676,SBI_ACC_20088,SBI_ACC_20201,151.74,2026-01-10 12:41:15,TRANSFER,UPI,State Bank of India,IN,0,NORMAL_BANKING_FLOW
TX_SBI_100677,SBI_ACC_20032,PNB_ACC_20187,108.79,2026-01-10 13:49:16,TRANSFER,UPI,State Bank of India,IN,0,NORMAL_BANKING_FLOW
TX_SBI_100678,SBI_ACC_20007,SBI_ACC_20110,1905.06,2026-01-10 12:08:14,TRANSFER,UPI,State Bank of India,IN,0,NORMAL_BANKING_FLOW
TX_SBI_100679,SBI_ACC_20067,ICICI_ACC_20127,841.91,2026-01-10 14:01:36,TRANSFER,UPI,State Bank of India,IN,0,NORMAL_BANKING_FLOW
TX_SBI_100680,SBI_ACC_20014,SBI_ACC_20146,1177.98,2026-01-10 16:17:56,TRANSFER,UPI,State Bank of India,IN,0,NORMAL_BANKING_FLOW
TX_SBI_100681,SBI_ACC_20065,ICICI_ACC_20058,679.71,2026-01-10 12:43:20,TRANSFER,UPI,State Bank of India,IN,0,NORMAL_BANKING_FLOW
TX_SBI_100682,SBI_ACC_20219,KOTAK_ACC_20011,106.8,2026-01-10 16:53:27,TRANSFER,UPI,State Bank of India,IN,0,NORMAL_BANKING_FLOW
TX_SBI_100683,SBI_ACC_20235,SBI_ACC_20239,195.48,2026-01-10 16:31:30,TRANSFER,UPI,State Bank of India,IN,0,NORMAL_BANKING_FLOW
TX_SBI_100684,SBI_ACC_20233,YES_ACC_20057,538.82,2026-01-10 11:13:31,TRANSFER,UPI,State Bank of India,IN,0,NORMAL_BANKING_FLOW
TX_SBI_100685,SBI_ACC_20234,PNB_ACC_20211,97.31,2026-01-10 14:39:00,TRANSFER,UPI,State Bank of India,IN,0,NORMAL_BANKING_FLOW
TX_SBI_100686,SBI_ACC_20030,SBI_ACC_20231,673.84,2026-01-10 11:36:55,TRANSFER,UPI,State Bank of India,IN,0,NORMAL_BANKING_FLOW
TX_SBI_100687,SBI_ACC_20205,SBI_ACC_20011,259.74,2026-01-10 11:25:48,TRANSFER,UPI,State Bank of India,IN,0,NORMAL_BANKING_FLOW
TX_SBI_100688,SBI_ACC_20119,PNB_ACC_20083,227.05,2026-01-10 15:38:00,TRANSFER,UPI,State Bank of India,IN,0,NORMAL_BANKING_FLOW
TX_SBI_100689,SBI_ACC_20002,SBI_ACC_20075,672.47,2026-01-10 11:49:20,TRANSFER,UPI,State Bank of India,IN,0,NORMAL_BANKING_FLOW
TX_SBI_100690,SBI_ACC_20189,SBI_ACC_20118,515.05,2026-01-10 17:45:39,TRANSFER,UPI,State Bank of India,IN,0,NORMAL_BANKING_FLOW
TX_SBI_100691,SBI_ACC_20126,KOTAK_ACC_20187,230.22,2026-01-10 15:17:00,TRANSFER,UPI,State Bank of India,IN,0,NORMAL_BANKING_FLOW
TX_SBI_100692,SBI_ACC_20062,SBI_ACC_20239,1052.93,2026-01-10 17:24:19,TRANSFER,UPI,State Bank of India,IN,0,NORMAL_BANKING_FLOW
TX_SBI_100693,SBI_ACC_20138,SBI_ACC_20215,112.05,2026-01-10 15:52:52,TRANSFER,UPI,State Bank of India,IN,0,NORMAL_BANKING_FLOW
TX_SBI_100694,SBI_ACC_20243,SBI_ACC_20194,611.51,2026-01-10 19:21:27,TRANSFER,IMPS,State Bank of India,IN,0,NORMAL_BANKING_FLOW
TX_SBI_100695,SBI_ACC_20188,ICICI_ACC_20052,597.71,2026-01-10 18:59:18,TRANSFER,UPI,State Bank of India,IN,0,NORMAL_BANKING_FLOW
TX_SBI_100696,SBI_ACC_20107,SBI_ACC_20015,242.37,2026-01-10 17:16:00,TRANSFER,IMPS,State Bank of India,IN,0,NORMAL_BANKING_FLOW
TX_SBI_100697,SBI_ACC_20023,SBI_ACC_20060,457.66,2026-01-10 12:38:24,TRANSFER,UPI,State Bank of India,IN,0,NORMAL_BANKING_FLOW
TX_SBI_100698,SBI_ACC_20229,SBI_ACC_20191,94.53,2026-01-10 17:17:36,TRANSFER,UPI,State Bank of India,IN,0,NORMAL_BANKING_FLOW
TX_SBI_100699,SBI_ACC_20129,SBI_ACC_20210,832.16,2026-01-10 11:52:40,TRANSFER,UPI,State Bank of India,IN,0,NORMAL_BANKING_FLOW
TX_SBI_100700,SBI_ACC_20145,SBI_ACC_20170,274.54,2026-01-10 15:46:00,TRANSFER,UPI,State Bank of India,IN,0,NORMAL_BANKING_FLOW
TX_SBI_100701,SBI_ACC_20066,YES_ACC_20179,195.84,2026-01-10 12:28:20,TRANSFER,UPI,State Bank of India,IN,0,NORMAL_BANKING_FLOW
TX_SBI_100702,SBI_ACC_20069,SBI_ACC_20242,942.95,2026-01-10 14:48:55,TRANSFER,UPI,State Bank of India,IN,0,NORMAL_BANKING_FLOW
TX_SBI_100703,SBI_ACC_20197,SBI_ACC_20039,163.31,2026-01-10 13:15:54,TRANSFER,UPI,State Bank of India,IN,0,NORMAL_BANKING_FLOW
TX_SBI_100704,SBI_ACC_20119,SBI_ACC_20030,80.76,2026-01-10 12:06:03,TRANSFER,UPI,State Bank of India,IN,0,NORMAL_BANKING_FLOW
TX_SBI_100705,SBI_ACC_20197,SBI_ACC_20078,69.64,2026-01-10 17:34:56,TRANSFER,UPI,State Bank of India,IN,0,NORMAL_BANKING_FLOW
TX_SBI_100706,SBI_ACC_20030,SBI_ACC_20207,605.47,2026-01-10 16:37:00,TRANSFER,UPI,State Bank of India,IN,0,NORMAL_BANKING_FLOW
TX_SBI_100707,SBI_ACC_20180,SBI_ACC_20010,91.8,2026-01-10 19:22:28,TRANSFER,UPI,State Bank of India,IN,0,NORMAL_BANKING_FLOW
TX_SBI_100708,SBI_ACC_20083,SBI_ACC_20183,1909.88,2026-01-10 13:29:56,TRANSFER,IMPS,State Bank of India,IN,0,NORMAL_BANKING_FLOW
TX_SBI_100709,SBI_ACC_20101,SBI_ACC_20174,41.18,2026-01-10 13:54:00,TRANSFER,IMPS,State Bank of India,IN,0,NORMAL_BANKING_FLOW
TX_SBI_100710,SBI_ACC_20044,SBI_ACC_20104,1801.65,2026-01-10 14:41:46,TRANSFER,UPI,State Bank of India,IN,0,NORMAL_BANKING_FLOW
TX_SBI_100711,SBI_ACC_20140,SBI_ACC_20118,407.9,2026-01-10 16:28:50,TRANSFER,UPI,State Bank of India,IN,0,NORMAL_BANKING_FLOW
TX_SBI_100712,SBI_ACC_20035,SBI_ACC_20015,299.85,2026-01-10 12:08:51,TRANSFER,IMPS,State Bank of India,IN,0,NORMAL_BANKING_FLOW
TX_SBI_100713,SBI_ACC_20210,SBI_ACC_20175,191.54,2026-01-10 13:44:08,TRANSFER,UPI,State Bank of India,IN,0,NORMAL_BANKING_FLOW
TX_SBI_100714,SBI_ACC_20021,SBI_ACC_20067,492.32,2026-01-10 18:53:35,TRANSFER,IMPS,State Bank of India,IN,0,NORMAL_BANKING_FLOW
TX_SBI_100715,SBI_ACC_20016,SBI_ACC_20166,318.1,2026-01-10 11:46:06,TRANSFER,UPI,State Bank of India,IN,0,NORMAL_BANKING_FLOW
TX_SBI_100716,SBI_ACC_20023,INDUS_ACC_20031,995.56,2026-01-10 16:32:25,TRANSFER,IMPS,State Bank of India,IN,0,NORMAL_BANKING_FLOW
TX_SBI_100717,SBI_ACC_20012,SBI_ACC_20147,370.27,2026-01-10 11:22:52,TRANSFER,IMPS,State Bank of India,IN,0,NORMAL_BANKING_FLOW
TX_SBI_100718,SBI_ACC_20101,SBI_ACC_20097,383.87,2026-01-10 16:21:54,TRANSFER,IMPS,State Bank of India,IN,0,NORMAL_BANKING_FLOW
TX_SBI_100719,SBI_ACC_20090,SBI_ACC_20047,229.61,2026-01-10 19:34:04,TRANSFER,UPI,State Bank of India,IN,0,NORMAL_BANKING_FLOW
TX_SBI_100720,SBI_ACC_20226,SBI_ACC_20157,312.02,2026-01-10 14:23:28,TRANSFER,UPI,State Bank of India,IN,0,NORMAL_BANKING_FLOW
TX_SBI_100721,SBI_ACC_20165,SBI_ACC_20105,449.35,2026-01-10 18:48:00,TRANSFER,UPI,State Bank of India,IN,0,NORMAL_BANKING_FLOW
TX_SBI_100722,SBI_ACC_20022,SBI_ACC_20036,59.73,2026-01-10 18:00:50,TRANSFER,UPI,State Bank of India,IN,0,NORMAL_BANKING_FLOW
TX_SBI_100723,SBI_ACC_20226,KOTAK_ACC_20161,85.78,2026-01-10 16:13:22,TRANSFER,UPI,State Bank of India,IN,0,NORMAL_BANKING_FLOW
TX_SBI_100724,SBI_ACC_20097,INDUS_ACC_20122,694.55,2026-01-10 17:50:27,TRANSFER,UPI,State Bank of India,IN,0,NORMAL_BANKING_FLOW
TX_SBI_100725,SBI_ACC_20088,BOB_ACC_20082,391.84,2026-01-10 17:51:16,TRANSFER,UPI,State Bank of India,IN,0,NORMAL_BANKING_FLOW
TX_SBI_100726,SBI_ACC_20006,SBI_ACC_20057,274.79,2026-01-10 15:51:15,TRANSFER,UPI,State Bank of India,IN,0,NORMAL_BANKING_FLOW
TX_SBI_100727,SBI_ACC_20199,SBI_ACC_20208,336.44,2026-01-10 11:13:36,TRANSFER,IMPS,State Bank of India,IN,0,NORMAL_BANKING_FLOW
TX_SBI_100728,SBI_ACC_20196,SBI_ACC_20059,467.59,2026-01-10 17:05:15,TRANSFER,UPI,State Bank of India,IN,0,NORMAL_BANKING_FLOW
TX_SBI_100729,SBI_ACC_20168,SBI_ACC_20136,192.53,2026-01-10 13:03:20,TRANSFER,UPI,State Bank of India,IN,0,NORMAL_BANKING_FLOW
TX_SBI_100730,SBI_ACC_20242,SBI_ACC_20216,151.67,2026-01-10 11:38:42,TRANSFER,UPI,State Bank of India,IN,0,NORMAL_BANKING_FLOW
TX_SBI_100731,SBI_ACC_20214,AXIS_ACC_20045,401.76,2026-01-10 15:54:30,TRANSFER,UPI,State Bank of India,IN,0,NORMAL_BANKING_FLOW
TX_SBI_100732,SBI_ACC_20206,INDUS_ACC_20233,124.17,2026-01-10 14:05:30,TRANSFER,UPI,State Bank of India,IN,0,NORMAL_BANKING_FLOW
TX_SBI_100733,SBI_ACC_20179,SBI_ACC_20145,496.83,2026-01-10 18:34:24,TRANSFER,UPI,State Bank of India,IN,0,NORMAL_BANKING_FLOW
TX_SBI_100734,SBI_ACC_20242,SBI_ACC_20207,60.18,2026-01-10 18:23:03,TRANSFER,UPI,State Bank of India,IN,0,NORMAL_BANKING_FLOW
TX_SBI_100735,SBI_ACC_20044,SBI_ACC_20023,924.41,2026-01-10 17:22:44,TRANSFER,UPI,State Bank of India,IN,0,NORMAL_BANKING_FLOW
TX_SBI_100736,SBI_ACC_20056,SBI_ACC_20123,529.85,2026-01-10 11:40:30,TRANSFER,UPI,State Bank of India,IN,0,NORMAL_BANKING_FLOW
TX_SBI_100737,SBI_ACC_20157,SBI_ACC_20033,426.68,2026-01-10 11:04:00,TRANSFER,UPI,State Bank of India,IN,0,NORMAL_BANKING_FLOW
TX_SBI_100738,SBI_ACC_20235,INDUS_ACC_20015,882.44,2026-01-10 15:22:12,TRANSFER,UPI,State Bank of India,IN,0,NORMAL_BANKING_FLOW
TX_SBI_100739,SBI_ACC_20180,ICICI_ACC_20216,1746.68,2026-01-10 11:16:48,TRANSFER,UPI,State Bank of India,IN,0,NORMAL_BANKING_FLOW
TX_SBI_100740,SBI_ACC_20245,SBI_ACC_20180,910.84,2026-01-10 17:51:12,TRANSFER,IMPS,State Bank of India,IN,0,NORMAL_BANKING_FLOW
TX_SBI_100741,SBI_ACC_20025,SBI_ACC_20083,52.41,2026-01-10 19:43:00,TRANSFER,UPI,State Bank of India,IN,0,NORMAL_BANKING_FLOW
TX_SBI_100742,SBI_ACC_20187,CANARA_ACC_20166,91.87,2026-01-10 12:44:03,TRANSFER,IMPS,State Bank of India,IN,0,NORMAL_BANKING_FLOW
TX_SBI_100743,SBI_ACC_20247,SBI_ACC_20227,176.83,2026-01-10 15:12:50,TRANSFER,UPI,State Bank of India,IN,0,NORMAL_BANKING_FLOW
TX_SBI_100744,SBI_ACC_20057,SBI_ACC_20209,339.03,2026-01-10 19:08:42,TRANSFER,UPI,State Bank of India,IN,0,NORMAL_BANKING_FLOW
TX_SBI_100745,SBI_ACC_20187,SBI_ACC_20032,554.27,2026-01-10 13:22:24,TRANSFER,UPI,State Bank of India,IN,0,NORMAL_BANKING_FLOW
TX_SBI_100746,SBI_ACC_20242,YES_ACC_20217,159.85,2026-01-10 13:22:50,TRANSFER,UPI,State Bank of India,IN,0,NORMAL_BANKING_FLOW
TX_SBI_100747,SBI_ACC_20154,SBI_ACC_20208,398.13,2026-01-10 18:34:06,TRANSFER,UPI,State Bank of India,IN,0,NORMAL_BANKING_FLOW
TX_SBI_100748,SBI_ACC_20144,SBI_ACC_20127,155.18,2026-01-10 19:12:18,TRANSFER,UPI,State Bank of India,IN,0,NORMAL_BANKING_FLOW
TX_SBI_100749,SBI_ACC_20019,SBI_ACC_20082,179.2,2026-01-10 12:59:12,TRANSFER,UPI,State Bank of India,IN,0,NORMAL_BANKING_FLOW
TX_SBI_100750,SBI_ACC_20246,SBI_ACC_20181,80.91,2026-01-10 13:12:05,TRANSFER,UPI,State Bank of India,IN,0,NORMAL_BANKING_FLOW
TX_SBI_100751,SBI_ACC_20226,SBI_ACC_20002,131.21,2026-01-10 19:52:30,TRANSFER,UPI,State Bank of India,IN,0,NORMAL_BANKING_FLOW
TX_SBI_100752,SBI_ACC_20177,SBI_ACC_20065,85.48,2026-01-10 14:28:01,TRANSFER,UPI,State Bank of India,IN,0,NORMAL_BANKING_FLOW
TX_SBI_100753,SBI_ACC_20012,SBI_ACC_20188,124.48,2026-01-10 12:23:12,TRANSFER,UPI,State Bank of India,IN,0,NORMAL_BANKING_FLOW
TX_SBI_100754,SBI_ACC_20226,SBI_ACC_20225,947.32,2026-01-10 16:34:33,TRANSFER,IMPS,State Bank of India,IN,0,NORMAL_BANKING_FLOW
TX_SBI_100755,SBI_ACC_20096,SBI_ACC_20123,127.82,2026-01-10 16:10:06,TRANSFER,UPI,State Bank of India,IN,0,NORMAL_BANKING_FLOW
TX_SBI_100756,SBI_ACC_20175,SBI_ACC_20115,4593.43,2026-01-10 18:41:45,TRANSFER,UPI,State Bank of India,IN,0,NORMAL_BANKING_FLOW
TX_SBI_100757,SBI_ACC_20008,SBI_ACC_20082,540.95,2026-01-10 11:59:24,TRANSFER,UPI,State Bank of India,IN,0,NORMAL_BANKING_FLOW
TX_SBI_100758,SBI_ACC_20018,SBI_ACC_20228,397.36,2026-01-10 14:31:07,TRANSFER,IMPS,State Bank of India,IN,0,NORMAL_BANKING_FLOW
TX_SBI_100759,SBI_ACC_20019,SBI_ACC_20230,140.0,2026-01-10 16:12:42,TRANSFER,UPI,State Bank of India,IN,0,NORMAL_BANKING_FLOW
TX_SBI_100760,SBI_ACC_20157,HDFC_ACC_20110,665.35,2026-01-10 12:13:00,TRANSFER,UPI,State Bank of India,IN,0,NORMAL_BANKING_FLOW
TX_SBI_100761,SBI_ACC_20227,SBI_ACC_20013,185.74,2026-01-10 19:49:20,TRANSFER,UPI,State Bank of India,IN,0,NORMAL_BANKING_FLOW
TX_SBI_100762,SBI_ACC_20249,SBI_ACC_20178,373.16,2026-01-10 12:26:21,TRANSFER,UPI,State Bank of India,IN,0,NORMAL_BANKING_FLOW
TX_SBI_100763,SBI_ACC_20186,SBI_ACC_20169,4273.06,2026-01-10 18:35:00,TRANSFER,UPI,State Bank of India,IN,0,NORMAL_BANKING_FLOW
TX_SBI_100764,SBI_ACC_20024,SBI_ACC_20147,300.05,2026-01-10 14:59:39,TRANSFER,UPI,State Bank of India,IN,0,NORMAL_BANKING_FLOW
TX_SBI_100765,SBI_ACC_20039,SBI_ACC_20000,1042.39,2026-01-10 18:36:40,TRANSFER,IMPS,State Bank of India,IN,0,NORMAL_BANKING_FLOW
TX_SBI_100766,SBI_ACC_20210,SBI_ACC_20153,163.5,2026-01-10 16:55:30,TRANSFER,UPI,State Bank of India,IN,0,NORMAL_BANKING_FLOW
TX_SBI_100767,SBI_ACC_20006,SBI_ACC_20164,318.94,2026-01-10 17:34:30,TRANSFER,UPI,State Bank of India,IN,0,NORMAL_BANKING_FLOW
TX_SBI_100768,SBI_ACC_20121,PNB_ACC_20200,1940.69,2026-01-10 15:01:51,TRANSFER,IMPS,State Bank of India,IN,0,NORMAL_BANKING_FLOW
TX_SBI_100769,SBI_ACC_20229,SBI_ACC_20023,176.45,2026-01-10 16:32:00,TRANSFER,UPI,State Bank of India,IN,0,NORMAL_BANKING_FLOW
TX_SBI_100770,SBI_ACC_20047,SBI_ACC_20098,2023.23,2026-01-10 19:57:44,TRANSFER,UPI,State Bank of India,IN,0,NORMAL_BANKING_FLOW
TX_SBI_100771,SBI_ACC_20011,SBI_ACC_20120,670.32,2026-01-10 16:07:40,TRANSFER,UPI,State Bank of India,IN,0,NORMAL_BANKING_FLOW
TX_SBI_100772,SBI_ACC_20068,SBI_ACC_20038,188.21,2026-01-10 14:38:21,TRANSFER,UPI,State Bank of India,IN,0,NORMAL_BANKING_FLOW
TX_SBI_100773,SBI_ACC_20021,SBI_ACC_20207,621.67,2026-01-10 20:39:08,TRANSFER,UPI,State Bank of India,IN,0,NORMAL_BANKING_FLOW
TX_SBI_100774,SBI_ACC_20193,SBI_ACC_20141,873.54,2026-01-10 18:31:17,TRANSFER,UPI,State Bank of India,IN,0,NORMAL_BANKING_FLOW
TX_SBI_100775,SBI_ACC_20209,SBI_ACC_20248,615.12,2026-01-10 11:52:12,TRANSFER,IMPS,State Bank of India,IN,0,NORMAL_BANKING_FLOW
TX_SBI_100776,SBI_ACC_20239,SBI_ACC_20225,68.7,2026-01-10 18:32:55,TRANSFER,UPI,State Bank of India,IN,0,NORMAL_BANKING_FLOW
TX_SBI_100777,SBI_ACC_20020,SBI_ACC_20219,159.63,2026-01-10 14:28:00,TRANSFER,UPI,State Bank of India,IN,0,NORMAL_BANKING_FLOW
TX_SBI_100778,SBI_ACC_20146,AXIS_ACC_20030,257.88,2026-01-10 20:57:00,TRANSFER,UPI,State Bank of India,IN,0,NORMAL_BANKING_FLOW
TX_SBI_100779,SBI_ACC_20042,KOTAK_ACC_20032,306.61,2026-01-10 17:17:34,TRANSFER,UPI,State Bank of India,IN,0,NORMAL_BANKING_FLOW
TX_SBI_100780,SBI_ACC_20174,SBI_ACC_20211,614.42,2026-01-10 11:40:43,TRANSFER,UPI,State Bank of India,IN,0,NORMAL_BANKING_FLOW
TX_SBI_100781,SBI_ACC_20152,SBI_ACC_20234,394.53,2026-01-10 19:55:00,TRANSFER,UPI,State Bank of India,IN,0,NORMAL_BANKING_FLOW
TX_SBI_100782,SBI_ACC_20142,SBI_ACC_20083,86.89,2026-01-10 12:07:19,TRANSFER,UPI,State Bank of India,IN,0,NORMAL_BANKING_FLOW
TX_SBI_100783,SBI_ACC_20234,BOB_ACC_20200,483.09,2026-01-10 14:57:04,TRANSFER,UPI,State Bank of India,IN,0,NORMAL_BANKING_FLOW
TX_SBI_100784,SBI_ACC_20038,SBI_ACC_20151,608.25,2026-01-10 16:55:03,TRANSFER,UPI,State Bank of India,IN,0,NORMAL_BANKING_FLOW
TX_SBI_100785,SBI_ACC_20240,SBI_ACC_20027,578.13,2026-01-10 19:19:28,TRANSFER,UPI,State Bank of India,IN,0,NORMAL_BANKING_FLOW
TX_SBI_100786,SBI_ACC_20201,SBI_ACC_20137,973.39,2026-01-10 19:07:15,TRANSFER,UPI,State Bank of India,IN,0,NORMAL_BANKING_FLOW
TX_SBI_100787,SBI_ACC_20067,SBI_ACC_20125,760.46,2026-01-10 16:04:42,TRANSFER,IMPS,State Bank of India,IN,0,NORMAL_BANKING_FLOW
TX_SBI_100788,SBI_ACC_20009,SBI_ACC_20104,522.79,2026-01-10 19:08:57,TRANSFER,UPI,State Bank of India,IN,0,NORMAL_BANKING_FLOW
TX_SBI_100789,SBI_ACC_20174,SBI_ACC_20009,307.92,2026-01-10 13:15:12,TRANSFER,UPI,State Bank of India,IN,0,NORMAL_BANKING_FLOW
TX_SBI_100790,SBI_ACC_20084,SBI_ACC_20012,62.74,2026-01-10 16:46:00,TRANSFER,IMPS,State Bank of India,IN,0,NORMAL_BANKING_FLOW
TX_SBI_100791,SBI_ACC_20229,SBI_ACC_20086,507.56,2026-01-10 17:52:30,TRANSFER,IMPS,State Bank of India,IN,0,NORMAL_BANKING_FLOW
TX_SBI_100792,SBI_ACC_20215,SBI_ACC_20178,406.54,2026-01-10 15:28:14,TRANSFER,UPI,State Bank of India,IN,0,NORMAL_BANKING_FLOW
TX_SBI_100793,SBI_ACC_20222,SBI_ACC_20076,433.36,2026-01-10 20:45:36,TRANSFER,UPI,State Bank of India,IN,0,NORMAL_BANKING_FLOW
TX_SBI_100794,SBI_ACC_20082,SBI_ACC_20107,92.13,2026-01-10 17:28:19,TRANSFER,UPI,State Bank of India,IN,0,NORMAL_BANKING_FLOW
TX_SBI_100795,SBI_ACC_20048,SBI_ACC_20234,112.05,2026-01-10 19:41:22,TRANSFER,UPI,State Bank of India,IN,0,NORMAL_BANKING_FLOW
TX_SBI_100796,SBI_ACC_20194,SBI_ACC_20095,946.86,2026-01-10 17:03:15,TRANSFER,UPI,State Bank of India,IN,0,NORMAL_BANKING_FLOW
TX_SBI_100797,SBI_ACC_20040,SBI_ACC_20182,317.49,2026-01-10 11:58:48,TRANSFER,UPI,State Bank of India,IN,0,NORMAL_BANKING_FLOW
TX_SBI_100798,SBI_ACC_20199,HDFC_ACC_20044,652.95,2026-01-10 18:24:19,TRANSFER,UPI,State Bank of India,IN,0,NORMAL_BANKING_FLOW
TX_SBI_100799,SBI_ACC_20051,KOTAK_ACC_20008,339.79,2026-01-10 13:59:06,TRANSFER,IMPS,State Bank of India,IN,0,NORMAL_BANKING_FLOW
TX_SBI_100800,SBI_ACC_20092,PNB_ACC_20094,340.28,2026-01-10 17:45:56,TRANSFER,UPI,State Bank of India,IN,0,NORMAL_BANKING_FLOW
TX_SBI_100801,SBI_ACC_20162,HDFC_ACC_20061,844.11,2026-01-10 17:46:40,TRANSFER,UPI,State Bank of India,IN,0,NORMAL_BANKING_FLOW
TX_SBI_100802,SBI_ACC_20114,SBI_ACC_20223,197.15,2026-01-10 16:27:18,TRANSFER,UPI,State Bank of India,IN,0,NORMAL_BANKING_FLOW
TX_SBI_100803,SBI_ACC_20089,SBI_ACC_20215,363.62,2026-01-10 18:01:30,TRANSFER,UPI,State Bank of India,IN,0,NORMAL_BANKING_FLOW
TX_SBI_100804,SBI_ACC_20176,SBI_ACC_20007,208.04,2026-01-10 14:54:53,TRANSFER,UPI,State Bank of India,IN,0,NORMAL_BANKING_FLOW
TX_SBI_100805,SBI_ACC_20218,SBI_ACC_20248,213.9,2026-01-10 16:42:36,TRANSFER,UPI,State Bank of India,IN,0,NORMAL_BANKING_FLOW
TX_SBI_100806,SBI_ACC_20165,SBI_ACC_20052,242.46,2026-01-10 14:15:40,TRANSFER,IMPS,State Bank of India,IN,0,NORMAL_BANKING_FLOW
TX_SBI_100807,SBI_ACC_20131,SBI_ACC_20200,412.46,2026-01-10 15:09:52,TRANSFER,UPI,State Bank of India,IN,0,NORMAL_BANKING_FLOW
TX_SBI_100808,SBI_ACC_20233,SBI_ACC_20044,204.64,2026-01-10 21:00:06,TRANSFER,UPI,State Bank of India,IN,0,NORMAL_BANKING_FLOW
TX_SBI_100809,SBI_ACC_20057,SBI_ACC_20207,1159.51,2026-01-10 19:53:44,TRANSFER,IMPS,State Bank of India,IN,0,NORMAL_BANKING_FLOW
TX_SBI_100810,SBI_ACC_20181,SBI_ACC_20108,135.02,2026-01-10 15:38:26,TRANSFER,UPI,State Bank of India,IN,0,NORMAL_BANKING_FLOW
TX_SBI_100811,SBI_ACC_20117,SBI_ACC_20120,274.0,2026-01-10 16:46:30,TRANSFER,IMPS,State Bank of India,IN,0,NORMAL_BANKING_FLOW
TX_SBI_100812,SBI_ACC_20211,SBI_ACC_20149,212.78,2026-01-10 15:39:34,TRANSFER,UPI,State Bank of India,IN,0,NORMAL_BANKING_FLOW
TX_SBI_100813,SBI_ACC_20169,INDUS_ACC_20143,1403.86,2026-01-10 12:44:12,TRANSFER,UPI,State Bank of India,IN,0,NORMAL_BANKING_FLOW
TX_SBI_100814,SBI_ACC_20072,SBI_ACC_20027,402.04,2026-01-10 20:38:48,TRANSFER,UPI,State Bank of India,IN,0,NORMAL_BANKING_FLOW
TX_SBI_100815,SBI_ACC_20070,SBI_ACC_20221,926.9,2026-01-10 18:10:30,TRANSFER,UPI,State Bank of India,IN,0,NORMAL_BANKING_FLOW
TX_SBI_100816,SBI_ACC_20182,PNB_ACC_20048,74.77,2026-01-10 15:14:40,TRANSFER,UPI,State Bank of India,IN,0,NORMAL_BANKING_FLOW
TX_SBI_100817,SBI_ACC_20061,YES_ACC_20169,431.41,2026-01-10 13:26:24,TRANSFER,UPI,State Bank of India,IN,0,NORMAL_BANKING_FLOW
TX_SBI_100818,SBI_ACC_20184,SBI_ACC_20127,804.03,2026-01-10 15:56:35,TRANSFER,UPI,State Bank of India,IN,0,NORMAL_BANKING_FLOW
TX_SBI_100819,SBI_ACC_20107,SBI_ACC_20189,358.63,2026-01-10 15:29:54,TRANSFER,UPI,State Bank of India,IN,0,NORMAL_BANKING_FLOW
TX_SBI_100820,SBI_ACC_20146,INDUS_ACC_20185,958.61,2026-01-10 11:52:03,TRANSFER,UPI,State Bank of India,IN,0,NORMAL_BANKING_FLOW
TX_SBI_100821,SBI_ACC_20136,SBI_ACC_20121,196.9,2026-01-10 21:40:00,TRANSFER,UPI,State Bank of India,IN,0,NORMAL_BANKING_FLOW
TX_SBI_100822,SBI_ACC_20076,BOB_ACC_20046,1352.01,2026-01-10 20:59:57,TRANSFER,UPI,State Bank of India,IN,0,NORMAL_BANKING_FLOW
TX_SBI_100823,SBI_ACC_20032,BOB_ACC_20195,3290.84,2026-01-10 15:32:06,TRANSFER,UPI,State Bank of India,IN,0,NORMAL_BANKING_FLOW
TX_SBI_100824,SBI_ACC_20230,SBI_ACC_20022,229.79,2026-01-10 13:56:38,TRANSFER,IMPS,State Bank of India,IN,0,NORMAL_BANKING_FLOW
TX_SBI_100825,SBI_ACC_20190,YES_ACC_20201,211.56,2026-01-10 14:38:16,TRANSFER,UPI,State Bank of India,IN,0,NORMAL_BANKING_FLOW
TX_SBI_100826,SBI_ACC_20149,SBI_ACC_20218,1412.88,2026-01-10 16:15:00,TRANSFER,UPI,State Bank of India,IN,0,NORMAL_BANKING_FLOW
TX_SBI_100827,SBI_ACC_20221,SBI_ACC_20148,1602.9,2026-01-10 13:02:52,TRANSFER,UPI,State Bank of India,IN,0,NORMAL_BANKING_FLOW
TX_SBI_100828,SBI_ACC_20227,SBI_ACC_20030,195.81,2026-01-10 20:24:18,TRANSFER,UPI,State Bank of India,IN,0,NORMAL_BANKING_FLOW
TX_SBI_100829,SBI_ACC_20076,SBI_ACC_20223,216.98,2026-01-10 21:20:24,TRANSFER,UPI,State Bank of India,IN,0,NORMAL_BANKING_FLOW
TX_SBI_100830,SBI_ACC_20051,SBI_ACC_20146,249.19,2026-01-10 13:31:36,TRANSFER,UPI,State Bank of India,IN,0,NORMAL_BANKING_FLOW
TX_SBI_100831,SBI_ACC_20220,ICICI_ACC_20124,86.1,2026-01-10 18:08:40,TRANSFER,UPI,State Bank of India,IN,0,NORMAL_BANKING_FLOW
TX_SBI_100832,SBI_ACC_20045,SBI_ACC_20014,131.81,2026-01-10 16:18:36,TRANSFER,UPI,State Bank of India,IN,0,NORMAL_BANKING_FLOW
TX_SBI_100833,SBI_ACC_20053,AXIS_ACC_20147,121.01,2026-01-10 11:28:00,TRANSFER,UPI,State Bank of India,IN,0,NORMAL_BANKING_FLOW
TX_SBI_100834,SBI_ACC_20195,AXIS_ACC_20157,153.27,2026-01-10 13:47:05,TRANSFER,UPI,State Bank of India,IN,0,NORMAL_BANKING_FLOW
TX_SBI_100835,SBI_ACC_20103,SBI_ACC_20123,319.04,2026-01-10 17:43:48,TRANSFER,UPI,State Bank of India,IN,0,NORMAL_BANKING_FLOW
TX_SBI_100836,SBI_ACC_20136,SBI_ACC_20095,417.47,2026-01-10 17:02:45,TRANSFER,UPI,State Bank of India,IN,0,NORMAL_BANKING_FLOW
TX_SBI_100837,SBI_ACC_20193,KOTAK_ACC_20004,1556.98,2026-01-10 11:29:00,TRANSFER,IMPS,State Bank of India,IN,0,NORMAL_BANKING_FLOW
TX_SBI_100838,SBI_ACC_20187,SBI_ACC_20177,121.71,2026-01-10 21:29:06,TRANSFER,UPI,State Bank of India,IN,0,NORMAL_BANKING_FLOW
TX_SBI_100839,SBI_ACC_20026,SBI_ACC_20151,883.88,2026-01-10 16:36:46,TRANSFER,UPI,State Bank of India,IN,0,NORMAL_BANKING_FLOW
TX_SBI_100840,SBI_ACC_20210,SBI_ACC_20243,266.67,2026-01-10 15:55:26,TRANSFER,UPI,State Bank of India,IN,0,NORMAL_BANKING_FLOW
TX_SBI_100841,SBI_ACC_20133,SBI_ACC_20086,314.36,2026-01-10 15:42:00,TRANSFER,UPI,State Bank of India,IN,0,NORMAL_BANKING_FLOW
TX_SBI_100842,SBI_ACC_20034,SBI_ACC_20231,648.6,2026-01-10 17:48:42,TRANSFER,IMPS,State Bank of India,IN,0,NORMAL_BANKING_FLOW
TX_SBI_100843,SBI_ACC_20048,SBI_ACC_20233,107.48,2026-01-10 18:45:32,TRANSFER,UPI,State Bank of India,IN,0,NORMAL_BANKING_FLOW
TX_SBI_100844,SBI_ACC_20057,AXIS_ACC_20054,484.16,2026-01-10 17:22:00,TRANSFER,UPI,State Bank of India,IN,0,NORMAL_BANKING_FLOW
TX_SBI_100845,SBI_ACC_20043,SBI_ACC_20183,390.12,2026-01-10 11:45:04,TRANSFER,UPI,State Bank of India,IN,0,NORMAL_BANKING_FLOW
TX_SBI_100846,SBI_ACC_20096,PNB_ACC_20197,540.48,2026-01-10 21:08:40,TRANSFER,UPI,State Bank of India,IN,0,NORMAL_BANKING_FLOW
TX_SBI_100847,SBI_ACC_20152,ICICI_ACC_20167,441.05,2026-01-10 19:30:54,TRANSFER,UPI,State Bank of India,IN,0,NORMAL_BANKING_FLOW
TX_SBI_100848,SBI_ACC_20029,SBI_ACC_20098,3847.97,2026-01-10 11:45:52,TRANSFER,UPI,State Bank of India,IN,0,NORMAL_BANKING_FLOW
TX_SBI_100849,SBI_ACC_20121,KOTAK_ACC_20177,174.56,2026-01-10 13:10:56,TRANSFER,UPI,State Bank of India,IN,0,NORMAL_BANKING_FLOW
TX_SBI_100850,SBI_ACC_20077,SBI_ACC_20025,194.22,2026-01-10 21:40:42,TRANSFER,UPI,State Bank of India,IN,0,NORMAL_BANKING_FLOW
TX_SBI_100851,SBI_ACC_20159,SBI_ACC_20035,177.13,2026-01-10 21:27:30,TRANSFER,UPI,State Bank of India,IN,0,NORMAL_BANKING_FLOW
TX_SBI_100852,SBI_ACC_20026,SBI_ACC_20159,189.53,2026-01-10 17:41:31,TRANSFER,IMPS,State Bank of India,IN,0,NORMAL_BANKING_FLOW
TX_SBI_100853,SBI_ACC_20200,SBI_ACC_20050,174.62,2026-01-10 13:12:24,TRANSFER,UPI,State Bank of India,IN,0,NORMAL_BANKING_FLOW
TX_SBI_100854,SBI_ACC_20067,KOTAK_ACC_20091,1084.65,2026-01-10 20:33:29,TRANSFER,UPI,State Bank of India,IN,0,NORMAL_BANKING_FLOW
TX_SBI_100855,SBI_ACC_20041,SBI_ACC_20128,1367.18,2026-01-10 22:14:00,TRANSFER,UPI,State Bank of India,IN,0,NORMAL_BANKING_FLOW
TX_SBI_100856,SBI_ACC_20123,SBI_ACC_20000,186.65,2026-01-10 14:39:00,TRANSFER,UPI,State Bank of India,IN,0,NORMAL_BANKING_FLOW
TX_SBI_100857,SBI_ACC_20232,SBI_ACC_20146,143.69,2026-01-10 11:34:00,TRANSFER,UPI,State Bank of India,IN,0,NORMAL_BANKING_FLOW
TX_SBI_100858,SBI_ACC_20243,SBI_ACC_20130,529.23,2026-01-10 21:34:09,TRANSFER,UPI,State Bank of India,IN,0,NORMAL_BANKING_FLOW
TX_SBI_100859,SBI_ACC_20025,KOTAK_ACC_20116,190.14,2026-01-10 12:31:42,TRANSFER,UPI,State Bank of India,IN,0,NORMAL_BANKING_FLOW
TX_SBI_100860,SBI_ACC_20012,SBI_ACC_20045,621.99,2026-01-10 15:52:27,TRANSFER,UPI,State Bank of India,IN,0,NORMAL_BANKING_FLOW
TX_SBI_100861,SBI_ACC_20092,INDUS_ACC_20109,404.61,2026-01-10 12:03:40,TRANSFER,IMPS,State Bank of India,IN,0,NORMAL_BANKING_FLOW
TX_SBI_100862,SBI_ACC_20194,HDFC_ACC_20218,72.55,2026-01-10 13:15:42,TRANSFER,UPI,State Bank of India,IN,0,NORMAL_BANKING_FLOW
TX_SBI_100863,SBI_ACC_20043,SBI_ACC_20229,1552.32,2026-01-10 13:30:26,TRANSFER,UPI,State Bank of India,IN,0,NORMAL_BANKING_FLOW
TX_SBI_100864,SBI_ACC_20068,ICICI_ACC_20095,1989.98,2026-01-10 18:18:29,TRANSFER,IMPS,State Bank of India,IN,0,NORMAL_BANKING_FLOW
TX_SBI_100865,SBI_ACC_20102,SBI_ACC_20117,178.97,2026-01-10 16:38:24,TRANSFER,UPI,State Bank of India,IN,0,NORMAL_BANKING_FLOW
TX_SBI_100866,SBI_ACC_20176,YES_ACC_20166,224.15,2026-01-10 15:41:20,TRANSFER,IMPS,State Bank of India,IN,0,NORMAL_BANKING_FLOW
TX_SBI_100867,SBI_ACC_20178,AXIS_ACC_20026,439.6,2026-01-10 14:00:50,TRANSFER,UPI,State Bank of India,IN,0,NORMAL_BANKING_FLOW
TX_SBI_100868,SBI_ACC_20123,CANARA_ACC_20046,461.49,2026-01-10 17:52:27,TRANSFER,IMPS,State Bank of India,IN,0,NORMAL_BANKING_FLOW
TX_SBI_100869,SBI_ACC_20091,SBI_ACC_20221,638.13,2026-01-10 21:01:12,TRANSFER,UPI,State Bank of India,IN,0,NORMAL_BANKING_FLOW
TX_SBI_100870,SBI_ACC_20186,AXIS_ACC_20123,2465.63,2026-01-10 22:00:02,TRANSFER,IMPS,State Bank of India,IN,0,NORMAL_BANKING_FLOW
TX_SBI_100871,SBI_ACC_20105,SBI_ACC_20016,276.73,2026-01-10 19:07:00,TRANSFER,UPI,State Bank of India,IN,0,NORMAL_BANKING_FLOW
TX_SBI_100872,SBI_ACC_20003,BOB_ACC_20196,148.67,2026-01-10 15:30:01,TRANSFER,UPI,State Bank of India,IN,0,NORMAL_BANKING_FLOW
TX_SBI_100873,SBI_ACC_20057,INDUS_ACC_20132,83.15,2026-01-10 20:21:12,TRANSFER,UPI,State Bank of India,IN,0,NORMAL_BANKING_FLOW
TX_SBI_100874,SBI_ACC_20158,SBI_ACC_20170,159.03,2026-01-10 19:38:24,TRANSFER,UPI,State Bank of India,IN,0,NORMAL_BANKING_FLOW
TX_SBI_100875,SBI_ACC_20169,SBI_ACC_20098,319.54,2026-01-10 15:17:00,TRANSFER,UPI,State Bank of India,IN,0,NORMAL_BANKING_FLOW
TX_SBI_100876,SBI_ACC_20142,HDFC_ACC_20002,1987.35,2026-01-10 13:50:00,TRANSFER,IMPS,State Bank of India,IN,0,NORMAL_BANKING_FLOW
TX_SBI_100877,SBI_ACC_20129,CANARA_ACC_20222,196.84,2026-01-10 21:37:36,TRANSFER,IMPS,State Bank of India,IN,0,NORMAL_BANKING_FLOW
TX_SBI_100878,SBI_ACC_20125,SBI_ACC_20084,413.14,2026-01-10 14:05:25,TRANSFER,UPI,State Bank of India,IN,0,NORMAL_BANKING_FLOW
TX_SBI_100879,SBI_ACC_20057,SBI_ACC_20097,324.92,2026-01-10 15:48:16,TRANSFER,UPI,State Bank of India,IN,0,NORMAL_BANKING_FLOW
TX_SBI_100880,SBI_ACC_20020,SBI_ACC_20206,1083.98,2026-01-10 17:46:00,TRANSFER,IMPS,State Bank of India,IN,0,NORMAL_BANKING_FLOW
TX_SBI_100881,SBI_ACC_20219,SBI_ACC_20080,4133.72,2026-01-10 20:28:00,TRANSFER,UPI,State Bank of India,IN,0,NORMAL_BANKING_FLOW
TX_SBI_100882,SBI_ACC_20190,SBI_ACC_20026,194.25,2026-01-10 13:23:02,TRANSFER,IMPS,State Bank of India,IN,0,NORMAL_BANKING_FLOW
TX_SBI_100883,SBI_ACC_20142,SBI_ACC_20212,202.46,2026-01-10 17:48:00,TRANSFER,UPI,State Bank of India,IN,0,NORMAL_BANKING_FLOW
TX_SBI_100884,SBI_ACC_20246,SBI_ACC_20077,938.39,2026-01-10 12:54:20,TRANSFER,UPI,State Bank of India,IN,0,NORMAL_BANKING_FLOW
TX_SBI_100885,SBI_ACC_20167,SBI_ACC_20244,653.21,2026-01-10 19:32:28,TRANSFER,UPI,State Bank of India,IN,0,NORMAL_BANKING_FLOW
TX_SBI_100886,SBI_ACC_20013,CANARA_ACC_20084,2093.74,2026-01-10 16:51:00,TRANSFER,UPI,State Bank of India,IN,0,NORMAL_BANKING_FLOW
TX_SBI_100887,SBI_ACC_20153,SBI_ACC_20169,592.25,2026-01-10 20:18:20,TRANSFER,UPI,State Bank of India,IN,0,NORMAL_BANKING_FLOW
TX_SBI_100888,SBI_ACC_20029,SBI_ACC_20169,230.61,2026-01-10 17:21:46,TRANSFER,UPI,State Bank of India,IN,0,NORMAL_BANKING_FLOW
TX_SBI_100889,SBI_ACC_20090,PNB_ACC_20140,596.25,2026-01-10 15:09:12,TRANSFER,UPI,State Bank of India,IN,0,NORMAL_BANKING_FLOW
TX_SBI_100890,SBI_ACC_20027,SBI_ACC_20043,1000.95,2026-01-10 19:51:12,TRANSFER,UPI,State Bank of India,IN,0,NORMAL_BANKING_FLOW
TX_SBI_100891,SBI_ACC_20183,YES_ACC_20027,750.31,2026-01-10 19:22:20,TRANSFER,UPI,State Bank of India,IN,0,NORMAL_BANKING_FLOW
TX_SBI_100892,SBI_ACC_20048,SBI_ACC_20219,548.55,2026-01-10 15:40:21,TRANSFER,UPI,State Bank of India,IN,0,NORMAL_BANKING_FLOW
TX_SBI_100893,SBI_ACC_20211,INDUS_ACC_20027,959.75,2026-01-10 17:54:40,TRANSFER,UPI,State Bank of India,IN,0,NORMAL_BANKING_FLOW
TX_SBI_100894,SBI_ACC_20162,ICICI_ACC_20197,1063.47,2026-01-10 18:10:13,TRANSFER,UPI,State Bank of India,IN,0,NORMAL_BANKING_FLOW
TX_SBI_100895,SBI_ACC_20150,AXIS_ACC_20246,1315.75,2026-01-10 18:40:42,TRANSFER,UPI,State Bank of India,IN,0,NORMAL_BANKING_FLOW
TX_SBI_100896,SBI_ACC_20188,SBI_ACC_20240,631.89,2026-01-10 19:26:10,TRANSFER,UPI,State Bank of India,IN,0,NORMAL_BANKING_FLOW
TX_SBI_100897,SBI_ACC_20123,AXIS_ACC_20177,279.47,2026-01-10 18:27:12,TRANSFER,IMPS,State Bank of India,IN,0,NORMAL_BANKING_FLOW
TX_SBI_100898,SBI_ACC_20208,SBI_ACC_20099,382.49,2026-01-10 20:57:24,TRANSFER,UPI,State Bank of India,IN,0,NORMAL_BANKING_FLOW
TX_SBI_100899,SBI_ACC_20225,SBI_ACC_20226,1103.79,2026-01-10 22:13:06,TRANSFER,UPI,State Bank of India,IN,0,NORMAL_BANKING_FLOW
TX_SBI_100900,SBI_ACC_20155,KOTAK_ACC_20070,145.92,2026-01-10 17:44:21,TRANSFER,UPI,State Bank of India,IN,0,NORMAL_BANKING_FLOW
TX_SBI_100901,SBI_ACC_20248,SBI_ACC_20206,477.55,2026-01-10 18:00:00,TRANSFER,IMPS,State Bank of India,IN,0,NORMAL_BANKING_FLOW
TX_SBI_100902,SBI_ACC_20154,BOB_ACC_20076,222.89,2026-01-10 13:45:23,TRANSFER,UPI,State Bank of India,IN,0,NORMAL_BANKING_FLOW
TX_SBI_100903,SBI_ACC_20080,BOB_ACC_20161,339.93,2026-01-10 22:46:58,TRANSFER,UPI,State Bank of India,IN,0,NORMAL_BANKING_FLOW
TX_SBI_100904,SBI_ACC_20159,INDUS_ACC_20235,1186.13,2026-01-10 15:01:24,TRANSFER,UPI,State Bank of India,IN,0,NORMAL_BANKING_FLOW
TX_SBI_100905,SBI_ACC_20181,SBI_ACC_20246,399.85,2026-01-10 22:33:52,TRANSFER,UPI,State Bank of India,IN,0,NORMAL_BANKING_FLOW
TX_SBI_100906,SBI_ACC_20177,SBI_ACC_20182,346.0,2026-01-10 14:32:10,TRANSFER,UPI,State Bank of India,IN,0,NORMAL_BANKING_FLOW
TX_SBI_100907,SBI_ACC_20143,SBI_ACC_20147,84.79,2026-01-10 13:32:12,TRANSFER,UPI,State Bank of India,IN,0,NORMAL_BANKING_FLOW
TX_SBI_100908,SBI_ACC_20172,BOB_ACC_20073,696.63,2026-01-10 22:21:39,TRANSFER,UPI,State Bank of India,IN,0,NORMAL_BANKING_FLOW
TX_SBI_100909,SBI_ACC_20133,SBI_ACC_20097,629.85,2026-01-10 18:35:36,TRANSFER,IMPS,State Bank of India,IN,0,NORMAL_BANKING_FLOW
TX_SBI_100910,SBI_ACC_20014,SBI_ACC_20193,2873.41,2026-01-10 14:03:36,TRANSFER,UPI,State Bank of India,IN,0,NORMAL_BANKING_FLOW
TX_SBI_100911,SBI_ACC_20174,SBI_ACC_20215,242.8,2026-01-10 14:19:10,TRANSFER,IMPS,State Bank of India,IN,0,NORMAL_BANKING_FLOW
TX_SBI_100912,SBI_ACC_20075,SBI_ACC_20139,411.23,2026-01-10 12:33:18,TRANSFER,UPI,State Bank of India,IN,0,NORMAL_BANKING_FLOW
TX_SBI_100913,SBI_ACC_20115,SBI_ACC_20223,423.85,2026-01-10 12:18:24,TRANSFER,UPI,State Bank of India,IN,0,NORMAL_BANKING_FLOW
TX_SBI_100914,SBI_ACC_20221,SBI_ACC_20165,1599.51,2026-01-10 22:42:34,TRANSFER,UPI,State Bank of India,IN,0,NORMAL_BANKING_FLOW
TX_SBI_100915,SBI_ACC_20130,PNB_ACC_20177,300.28,2026-01-10 20:41:40,TRANSFER,UPI,State Bank of India,IN,0,NORMAL_BANKING_FLOW
TX_SBI_100916,SBI_ACC_20097,SBI_ACC_20245,436.6,2026-01-10 22:29:15,TRANSFER,UPI,State Bank of India,IN,0,NORMAL_BANKING_FLOW
TX_SBI_100917,SBI_ACC_20141,SBI_ACC_20191,606.62,2026-01-10 22:45:28,TRANSFER,UPI,State Bank of India,IN,0,NORMAL_BANKING_FLOW
TX_SBI_100918,SBI_ACC_20222,CANARA_ACC_20212,398.06,2026-01-10 15:53:47,TRANSFER,UPI,State Bank of India,IN,0,NORMAL_BANKING_FLOW
TX_SBI_100919,SBI_ACC_20180,INDUS_ACC_20193,211.36,2026-01-10 15:23:42,TRANSFER,IMPS,State Bank of India,IN,0,NORMAL_BANKING_FLOW
TX_SBI_100920,SBI_ACC_20154,SBI_ACC_20186,401.05,2026-01-10 21:16:28,TRANSFER,UPI,State Bank of India,IN,0,NORMAL_BANKING_FLOW
TX_SBI_100921,SBI_ACC_20045,ICICI_ACC_20047,966.45,2026-01-10 14:54:00,TRANSFER,UPI,State Bank of India,IN,0,NORMAL_BANKING_FLOW
TX_SBI_100922,SBI_ACC_20030,SBI_ACC_20110,118.33,2026-01-10 14:39:06,TRANSFER,UPI,State Bank of India,IN,0,NORMAL_BANKING_FLOW
TX_SBI_100923,SBI_ACC_20033,SBI_ACC_20217,377.27,2026-01-10 16:11:44,TRANSFER,UPI,State Bank of India,IN,0,NORMAL_BANKING_FLOW
TX_SBI_100924,SBI_ACC_20119,AXIS_ACC_20010,164.0,2026-01-10 15:56:53,TRANSFER,UPI,State Bank of India,IN,0,NORMAL_BANKING_FLOW
TX_SBI_100925,SBI_ACC_20152,SBI_ACC_20239,1091.21,2026-01-10 14:09:36,TRANSFER,IMPS,State Bank of India,IN,0,NORMAL_BANKING_FLOW
TX_SBI_100926,SBI_ACC_20169,SBI_ACC_20203,72.01,2026-01-10 22:07:55,TRANSFER,UPI,State Bank of India,IN,0,NORMAL_BANKING_FLOW
TX_SBI_100927,SBI_ACC_20018,INDUS_ACC_20134,188.87,2026-01-10 21:07:06,TRANSFER,UPI,State Bank of India,IN,0,NORMAL_BANKING_FLOW
TX_SBI_100928,SBI_ACC_20133,SBI_ACC_20129,481.65,2026-01-10 15:28:03,TRANSFER,IMPS,State Bank of India,IN,0,NORMAL_BANKING_FLOW
TX_SBI_100929,SBI_ACC_20137,SBI_ACC_20089,1580.54,2026-01-10 14:26:40,TRANSFER,UPI,State Bank of India,IN,0,NORMAL_BANKING_FLOW
TX_SBI_100930,SBI_ACC_20169,SBI_ACC_20092,309.28,2026-01-10 15:29:01,TRANSFER,IMPS,State Bank of India,IN,0,NORMAL_BANKING_FLOW
TX_SBI_100931,SBI_ACC_20192,SBI_ACC_20121,189.58,2026-01-10 16:31:30,TRANSFER,UPI,State Bank of India,IN,0,NORMAL_BANKING_FLOW
TX_SBI_100932,SBI_ACC_20166,SBI_ACC_20172,2167.13,2026-01-10 20:55:50,TRANSFER,IMPS,State Bank of India,IN,0,NORMAL_BANKING_FLOW
TX_SBI_100933,SBI_ACC_20231,SBI_ACC_20236,77.63,2026-01-10 17:34:44,TRANSFER,UPI,State Bank of India,IN,0,NORMAL_BANKING_FLOW
TX_SBI_100934,SBI_ACC_20010,SBI_ACC_20083,36.64,2026-01-10 21:59:42,TRANSFER,UPI,State Bank of India,IN,0,NORMAL_BANKING_FLOW
TX_SBI_100935,SBI_ACC_20241,SBI_ACC_20065,512.87,2026-01-10 18:07:06,TRANSFER,IMPS,State Bank of India,IN,0,NORMAL_BANKING_FLOW
TX_SBI_100936,SBI_ACC_20006,INDUS_ACC_20131,199.93,2026-01-10 20:43:35,TRANSFER,UPI,State Bank of India,IN,0,NORMAL_BANKING_FLOW
TX_SBI_100937,SBI_ACC_20011,SBI_ACC_20167,118.96,2026-01-10 20:13:12,TRANSFER,UPI,State Bank of India,IN,0,NORMAL_BANKING_FLOW
TX_SBI_100938,SBI_ACC_20021,AXIS_ACC_20248,670.72,2026-01-10 15:01:39,TRANSFER,UPI,State Bank of India,IN,0,NORMAL_BANKING_FLOW
TX_SBI_100939,SBI_ACC_20160,SBI_ACC_20172,421.49,2026-01-10 20:46:02,TRANSFER,UPI,State Bank of India,IN,0,NORMAL_BANKING_FLOW
TX_SBI_100940,SBI_ACC_20221,SBI_ACC_20213,187.9,2026-01-10 22:20:45,TRANSFER,UPI,State Bank of India,IN,0,NORMAL_BANKING_FLOW
TX_SBI_100941,SBI_ACC_20212,YES_ACC_20165,91.81,2026-01-10 13:29:00,TRANSFER,UPI,State Bank of India,IN,0,NORMAL_BANKING_FLOW
TX_SBI_100942,SBI_ACC_20039,SBI_ACC_20184,790.34,2026-01-10 12:57:59,TRANSFER,UPI,State Bank of India,IN,0,NORMAL_BANKING_FLOW
TX_SBI_100943,SBI_ACC_20018,SBI_ACC_20204,632.83,2026-01-10 17:25:12,TRANSFER,UPI,State Bank of India,IN,0,NORMAL_BANKING_FLOW
TX_SBI_100944,SBI_ACC_20147,PNB_ACC_20104,299.11,2026-01-10 16:07:13,TRANSFER,UPI,State Bank of India,IN,0,NORMAL_BANKING_FLOW
TX_SBI_100945,SBI_ACC_20103,SBI_ACC_20004,2093.59,2026-01-10 18:13:36,TRANSFER,UPI,State Bank of India,IN,0,NORMAL_BANKING_FLOW
TX_SBI_100946,SBI_ACC_20136,SBI_ACC_20185,113.29,2026-01-10 18:14:15,TRANSFER,UPI,State Bank of India,IN,0,NORMAL_BANKING_FLOW
TX_SBI_100947,SBI_ACC_20190,SBI_ACC_20179,71.84,2026-01-10 22:11:24,TRANSFER,UPI,State Bank of India,IN,0,NORMAL_BANKING_FLOW
TX_SBI_100948,SBI_ACC_20128,SBI_ACC_20202,165.35,2026-01-10 12:59:53,TRANSFER,UPI,State Bank of India,IN,0,NORMAL_BANKING_FLOW
TX_SBI_100949,SBI_ACC_20022,SBI_ACC_20238,315.58,2026-01-10 23:16:24,TRANSFER,UPI,State Bank of India,IN,0,NORMAL_BANKING_FLOW
TX_SBI_100950,SBI_ACC_20210,SBI_ACC_20121,421.3,2026-01-10 19:20:07,TRANSFER,UPI,State Bank of India,IN,0,NORMAL_BANKING_FLOW
TX_SBI_100951,SBI_ACC_20034,BOB_ACC_20075,259.5,2026-01-10 14:35:50,TRANSFER,UPI,State Bank of India,IN,0,NORMAL_BANKING_FLOW
TX_SBI_100952,SBI_ACC_20173,INDUS_ACC_20245,469.68,2026-01-10 22:31:45,TRANSFER,UPI,State Bank of India,IN,0,NORMAL_BANKING_FLOW
TX_SBI_100953,SBI_ACC_20142,SBI_ACC_20010,94.49,2026-01-10 11:58:00,TRANSFER,UPI,State Bank of India,IN,0,NORMAL_BANKING_FLOW
TX_SBI_100954,SBI_ACC_20100,SBI_ACC_20243,1399.35,2026-01-10 11:58:15,TRANSFER,UPI,State Bank of India,IN,0,NORMAL_BANKING_FLOW
TX_SBI_100955,SBI_ACC_20191,INDUS_ACC_20054,304.25,2026-01-10 13:18:00,TRANSFER,UPI,State Bank of India,IN,0,NORMAL_BANKING_FLOW
TX_SBI_100956,SBI_ACC_20217,SBI_ACC_20041,1009.59,2026-01-10 18:52:35,TRANSFER,IMPS,State Bank of India,IN,0,NORMAL_BANKING_FLOW
TX_SBI_100957,SBI_ACC_20213,SBI_ACC_20029,465.32,2026-01-10 14:54:16,TRANSFER,UPI,State Bank of India,IN,0,NORMAL_BANKING_FLOW
TX_SBI_100958,SBI_ACC_20145,BOB_ACC_20118,521.52,2026-01-10 14:54:42,TRANSFER,UPI,State Bank of India,IN,0,NORMAL_BANKING_FLOW
TX_SBI_100959,SBI_ACC_20074,SBI_ACC_20064,583.92,2026-01-10 22:54:08,TRANSFER,UPI,State Bank of India,IN,0,NORMAL_BANKING_FLOW
TX_SBI_100960,SBI_ACC_20148,SBI_ACC_20084,516.83,2026-01-10 13:35:39,TRANSFER,UPI,State Bank of India,IN,0,NORMAL_BANKING_FLOW
TX_SBI_100961,SBI_ACC_20167,SBI_ACC_20072,628.11,2026-01-10 17:52:00,TRANSFER,UPI,State Bank of India,IN,0,NORMAL_BANKING_FLOW
TX_SBI_100962,SBI_ACC_20049,SBI_ACC_20116,1247.82,2026-01-10 22:24:54,TRANSFER,UPI,State Bank of India,IN,0,NORMAL_BANKING_FLOW
TX_SBI_100963,SBI_ACC_20078,SBI_ACC_20039,402.03,2026-01-10 17:37:12,TRANSFER,UPI,State Bank of India,IN,0,NORMAL_BANKING_FLOW
TX_SBI_100964,SBI_ACC_20206,SBI_ACC_20109,671.16,2026-01-10 21:38:33,TRANSFER,UPI,State Bank of India,IN,0,NORMAL_BANKING_FLOW
TX_SBI_100965,SBI_ACC_20063,YES_ACC_20070,301.95,2026-01-10 14:41:40,TRANSFER,UPI,State Bank of India,IN,0,NORMAL_BANKING_FLOW
TX_SBI_100966,SBI_ACC_20187,SBI_ACC_20122,1394.26,2026-01-10 18:11:10,TRANSFER,UPI,State Bank of India,IN,0,NORMAL_BANKING_FLOW
TX_SBI_100967,SBI_ACC_20198,SBI_ACC_20141,167.94,2026-01-10 19:48:24,TRANSFER,UPI,State Bank of India,IN,0,NORMAL_BANKING_FLOW
TX_SBI_100968,SBI_ACC_20155,SBI_ACC_20071,2000.08,2026-01-10 13:38:27,TRANSFER,UPI,State Bank of India,IN,0,NORMAL_BANKING_FLOW
TX_SBI_100969,SBI_ACC_20050,SBI_ACC_20227,317.3,2026-01-10 14:11:04,TRANSFER,IMPS,State Bank of India,IN,0,NORMAL_BANKING_FLOW
TX_SBI_100970,SBI_ACC_20019,BOB_ACC_20161,78.98,2026-01-10 22:48:15,TRANSFER,UPI,State Bank of India,IN,0,NORMAL_BANKING_FLOW
TX_SBI_100971,SBI_ACC_20148,SBI_ACC_20152,375.44,2026-01-10 12:18:40,TRANSFER,IMPS,State Bank of India,IN,0,NORMAL_BANKING_FLOW
TX_SBI_100972,SBI_ACC_20141,SBI_ACC_20229,167.16,2026-01-10 15:33:08,TRANSFER,IMPS,State Bank of India,IN,0,NORMAL_BANKING_FLOW
TX_SBI_100973,SBI_ACC_20198,SBI_ACC_20100,765.59,2026-01-10 21:13:48,TRANSFER,UPI,State Bank of India,IN,0,NORMAL_BANKING_FLOW
TX_SBI_100974,SBI_ACC_20150,PNB_ACC_20034,171.98,2026-01-10 15:50:17,TRANSFER,IMPS,State Bank of India,IN,0,NORMAL_BANKING_FLOW
TX_SBI_100975,SBI_ACC_20023,SBI_ACC_20129,211.41,2026-01-10 19:54:16,TRANSFER,UPI,State Bank of India,IN,0,NORMAL_BANKING_FLOW
TX_SBI_100976,SBI_ACC_20217,AXIS_ACC_20193,49.92,2026-01-10 12:03:45,TRANSFER,UPI,State Bank of India,IN,0,NORMAL_BANKING_FLOW
TX_SBI_100977,SBI_ACC_20040,SBI_ACC_20243,210.12,2026-01-10 20:44:32,TRANSFER,UPI,State Bank of India,IN,0,NORMAL_BANKING_FLOW
TX_SBI_100978,SBI_ACC_20247,SBI_ACC_20187,29.26,2026-01-10 21:50:27,TRANSFER,UPI,State Bank of India,IN,0,NORMAL_BANKING_FLOW
TX_SBI_100979,SBI_ACC_20010,SBI_ACC_20125,67.77,2026-01-10 20:13:30,TRANSFER,IMPS,State Bank of India,IN,0,NORMAL_BANKING_FLOW
TX_SBI_100980,SBI_ACC_20094,SBI_ACC_20172,706.56,2026-01-10 15:53:11,TRANSFER,UPI,State Bank of India,IN,0,NORMAL_BANKING_FLOW
TX_SBI_100981,SBI_ACC_20202,SBI_ACC_20120,724.73,2026-01-10 15:37:20,TRANSFER,UPI,State Bank of India,IN,0,NORMAL_BANKING_FLOW
TX_SBI_100982,SBI_ACC_20010,INDUS_ACC_20026,505.45,2026-01-10 19:59:24,TRANSFER,IMPS,State Bank of India,IN,0,NORMAL_BANKING_FLOW
TX_SBI_100983,SBI_ACC_20162,PNB_ACC_20148,125.59,2026-01-11 00:22:00,TRANSFER,IMPS,State Bank of India,IN,0,NORMAL_BANKING_FLOW
TX_SBI_100984,SBI_ACC_20096,SBI_ACC_20093,314.91,2026-01-10 21:22:47,TRANSFER,UPI,State Bank of India,IN,0,NORMAL_BANKING_FLOW
TX_SBI_100985,SBI_ACC_20213,SBI_ACC_20064,329.11,2026-01-10 22:12:48,TRANSFER,UPI,State Bank of India,IN,0,NORMAL_BANKING_FLOW
TX_SBI_100986,SBI_ACC_20057,SBI_ACC_20091,103.71,2026-01-10 18:40:15,TRANSFER,IMPS,State Bank of India,IN,0,NORMAL_BANKING_FLOW
TX_SBI_100987,SBI_ACC_20123,HDFC_ACC_20128,1485.34,2026-01-10 18:08:02,TRANSFER,UPI,State Bank of India,IN,0,NORMAL_BANKING_FLOW
TX_SBI_100988,SBI_ACC_20058,SBI_ACC_20165,794.22,2026-01-10 14:18:21,TRANSFER,UPI,State Bank of India,IN,0,NORMAL_BANKING_FLOW
TX_SBI_100989,SBI_ACC_20047,SBI_ACC_20155,264.82,2026-01-10 16:46:56,TRANSFER,UPI,State Bank of India,IN,0,NORMAL_BANKING_FLOW
TX_SBI_100990,SBI_ACC_20169,SBI_ACC_20208,339.3,2026-01-11 00:29:00,TRANSFER,IMPS,State Bank of India,IN,0,NORMAL_BANKING_FLOW
TX_SBI_100991,SBI_ACC_20123,SBI_ACC_20122,406.82,2026-01-10 17:54:00,TRANSFER,UPI,State Bank of India,IN,0,NORMAL_BANKING_FLOW
TX_SBI_100992,SBI_ACC_20165,HDFC_ACC_20062,42.87,2026-01-10 15:42:28,TRANSFER,UPI,State Bank of India,IN,0,NORMAL_BANKING_FLOW
TX_SBI_100993,SBI_ACC_20151,SBI_ACC_20162,257.96,2026-01-10 12:41:04,TRANSFER,UPI,State Bank of India,IN,0,NORMAL_BANKING_FLOW
TX_SBI_100994,SBI_ACC_20146,SBI_ACC_20042,167.0,2026-01-10 20:57:51,TRANSFER,UPI,State Bank of India,IN,0,NORMAL_BANKING_FLOW
TX_SBI_100995,SBI_ACC_20132,HDFC_ACC_20224,121.31,2026-01-10 16:33:34,TRANSFER,IMPS,State Bank of India,IN,0,NORMAL_BANKING_FLOW
TX_SBI_100996,SBI_ACC_20242,SBI_ACC_20114,249.36,2026-01-10 23:45:15,TRANSFER,IMPS,State Bank of India,IN,0,NORMAL_BANKING_FLOW
TX_SBI_100997,SBI_ACC_20222,SBI_ACC_20056,1993.58,2026-01-10 22:39:48,TRANSFER,IMPS,State Bank of India,IN,0,NORMAL_BANKING_FLOW
TX_SBI_100998,SBI_ACC_20203,SBI_ACC_20196,626.93,2026-01-10 19:21:17,TRANSFER,UPI,State Bank of India,IN,0,NORMAL_BANKING_FLOW
TX_SBI_100999,SBI_ACC_20130,SBI_ACC_20186,186.57,2026-01-10 15:12:28,TRANSFER,UPI,State Bank of India,IN,0,NORMAL_BANKING_FLOW
TX_SBI_101000,SBI_ACC_20116,SBI_ACC_20017,585.57,2026-01-11 00:05:42,TRANSFER,UPI,State Bank of India,IN,0,NORMAL_BANKING_FLOW
TX_SBI_101001,SBI_ACC_20033,SBI_ACC_20052,1338.57,2026-01-10 16:03:20,TRANSFER,UPI,State Bank of India,IN,0,NORMAL_BANKING_FLOW
TX_SBI_101002,SBI_ACC_20129,SBI_ACC_20212,832.67,2026-01-10 21:20:48,TRANSFER,IMPS,State Bank of India,IN,0,NORMAL_BANKING_FLOW
TX_SBI_101003,SBI_ACC_20045,SBI_ACC_20158,350.59,2026-01-10 14:40:48,TRANSFER,UPI,State Bank of India,IN,0,NORMAL_BANKING_FLOW
TX_SBI_101004,SBI_ACC_20200,SBI_ACC_20192,172.96,2026-01-10 22:45:59,TRANSFER,UPI,State Bank of India,IN,0,NORMAL_BANKING_FLOW
TX_SBI_101005,SBI_ACC_20168,SBI_ACC_20154,663.96,2026-01-10 14:08:08,TRANSFER,UPI,State Bank of India,IN,0,NORMAL_BANKING_FLOW
TX_SBI_101006,SBI_ACC_20229,YES_ACC_20133,489.55,2026-01-10 21:40:45,TRANSFER,IMPS,State Bank of India,IN,0,NORMAL_BANKING_FLOW
TX_SBI_101007,SBI_ACC_20011,SBI_ACC_20110,808.51,2026-01-10 19:27:26,TRANSFER,UPI,State Bank of India,IN,0,NORMAL_BANKING_FLOW
TX_SBI_101008,SBI_ACC_20123,YES_ACC_20089,623.39,2026-01-10 16:06:43,TRANSFER,IMPS,State Bank of India,IN,0,NORMAL_BANKING_FLOW
TX_SBI_101009,SBI_ACC_20232,ICICI_ACC_20108,943.46,2026-01-10 22:33:36,TRANSFER,IMPS,State Bank of India,IN,0,NORMAL_BANKING_FLOW
TX_SBI_101010,SBI_ACC_20196,SBI_ACC_20220,193.4,2026-01-10 14:26:47,TRANSFER,UPI,State Bank of India,IN,0,NORMAL_BANKING_FLOW
TX_SBI_101011,SBI_ACC_20224,SBI_ACC_20065,1233.23,2026-01-10 13:36:40,TRANSFER,UPI,State Bank of India,IN,0,NORMAL_BANKING_FLOW
TX_SBI_101012,SBI_ACC_20190,BOB_ACC_20030,402.46,2026-01-10 15:34:57,TRANSFER,UPI,State Bank of India,IN,0,NORMAL_BANKING_FLOW
TX_SBI_101013,SBI_ACC_20167,SBI_ACC_20206,2631.37,2026-01-10 21:29:36,TRANSFER,UPI,State Bank of India,IN,0,NORMAL_BANKING_FLOW
TX_SBI_101014,SBI_ACC_20027,SBI_ACC_20167,165.8,2026-01-10 17:50:55,TRANSFER,UPI,State Bank of India,IN,0,NORMAL_BANKING_FLOW
TX_SBI_101015,SBI_ACC_20218,SBI_ACC_20144,1874.25,2026-01-10 22:38:48,TRANSFER,UPI,State Bank of India,IN,0,NORMAL_BANKING_FLOW
TX_SBI_101016,SBI_ACC_20174,SBI_ACC_20052,402.59,2026-01-10 18:42:50,TRANSFER,UPI,State Bank of India,IN,0,NORMAL_BANKING_FLOW
TX_SBI_101017,SBI_ACC_20142,SBI_ACC_20094,172.19,2026-01-10 19:34:16,TRANSFER,UPI,State Bank of India,IN,0,NORMAL_BANKING_FLOW
TX_SBI_101018,SBI_ACC_20064,INDUS_ACC_20198,203.59,2026-01-10 22:07:30,TRANSFER,UPI,State Bank of India,IN,0,NORMAL_BANKING_FLOW
TX_SBI_101019,SBI_ACC_20035,ICICI_ACC_20191,239.76,2026-01-11 00:58:00,TRANSFER,UPI,State Bank of India,IN,0,NORMAL_BANKING_FLOW
TX_SBI_101020,SBI_ACC_20179,ICICI_ACC_20054,504.8,2026-01-10 16:12:31,TRANSFER,UPI,State Bank of India,IN,0,NORMAL_BANKING_FLOW
TX_SBI_101021,SBI_ACC_20086,HDFC_ACC_20041,557.15,2026-01-10 21:19:00,TRANSFER,UPI,State Bank of India,IN,0,NORMAL_BANKING_FLOW
TX_SBI_101022,SBI_ACC_20001,AXIS_ACC_20120,186.1,2026-01-10 19:03:39,TRANSFER,IMPS,State Bank of India,IN,0,NORMAL_BANKING_FLOW
TX_SBI_101023,SBI_ACC_20016,SBI_ACC_20095,322.35,2026-01-10 23:02:46,TRANSFER,UPI,State Bank of India,IN,0,NORMAL_BANKING_FLOW
TX_SBI_101024,SBI_ACC_20185,SBI_ACC_20102,2813.74,2026-01-10 13:41:00,TRANSFER,UPI,State Bank of India,IN,0,NORMAL_BANKING_FLOW
TX_SBI_101025,SBI_ACC_20073,HDFC_ACC_20242,1858.53,2026-01-10 23:21:36,TRANSFER,UPI,State Bank of India,IN,0,NORMAL_BANKING_FLOW
TX_SBI_101026,SBI_ACC_20112,SBI_ACC_20218,510.98,2026-01-10 15:24:10,TRANSFER,UPI,State Bank of India,IN,0,NORMAL_BANKING_FLOW
TX_SBI_101027,SBI_ACC_20132,SBI_ACC_20008,343.09,2026-01-11 00:14:42,TRANSFER,IMPS,State Bank of India,IN,0,NORMAL_BANKING_FLOW
TX_SBI_101028,SBI_ACC_20178,SBI_ACC_20043,372.42,2026-01-10 23:07:11,TRANSFER,UPI,State Bank of India,IN,0,NORMAL_BANKING_FLOW
TX_SBI_101029,SBI_ACC_20061,SBI_ACC_20040,610.04,2026-01-11 00:33:44,TRANSFER,UPI,State Bank of India,IN,0,NORMAL_BANKING_FLOW
TX_SBI_101030,SBI_ACC_20199,SBI_ACC_20171,118.77,2026-01-10 13:43:00,TRANSFER,IMPS,State Bank of India,IN,0,NORMAL_BANKING_FLOW
TX_SBI_101031,SBI_ACC_20051,SBI_ACC_20189,255.35,2026-01-10 19:26:40,TRANSFER,UPI,State Bank of India,IN,0,NORMAL_BANKING_FLOW
TX_SBI_101032,SBI_ACC_20023,SBI_ACC_20186,62.27,2026-01-11 01:11:00,TRANSFER,UPI,State Bank of India,IN,0,NORMAL_BANKING_FLOW
TX_SBI_101033,SBI_ACC_20089,SBI_ACC_20209,492.37,2026-01-10 22:20:00,TRANSFER,IMPS,State Bank of India,IN,0,NORMAL_BANKING_FLOW
TX_SBI_101034,SBI_ACC_20246,SBI_ACC_20238,630.93,2026-01-10 17:10:56,TRANSFER,UPI,State Bank of India,IN,0,NORMAL_BANKING_FLOW
TX_SBI_101035,SBI_ACC_20066,SBI_ACC_20130,203.73,2026-01-10 19:29:20,TRANSFER,UPI,State Bank of India,IN,0,NORMAL_BANKING_FLOW
TX_SBI_101036,SBI_ACC_20128,SBI_ACC_20243,1593.98,2026-01-10 14:02:15,TRANSFER,UPI,State Bank of India,IN,0,NORMAL_BANKING_FLOW
TX_SBI_101037,SBI_ACC_20244,SBI_ACC_20137,96.95,2026-01-10 14:19:52,TRANSFER,IMPS,State Bank of India,IN,0,NORMAL_BANKING_FLOW
TX_SBI_101038,SBI_ACC_20113,CANARA_ACC_20197,76.37,2026-01-10 22:41:27,TRANSFER,UPI,State Bank of India,IN,0,NORMAL_BANKING_FLOW
TX_SBI_101039,SBI_ACC_20246,CANARA_ACC_20229,413.41,2026-01-10 16:39:00,TRANSFER,UPI,State Bank of India,IN,0,NORMAL_BANKING_FLOW
TX_SBI_101040,SBI_ACC_20123,SBI_ACC_20017,941.15,2026-01-10 23:00:28,TRANSFER,IMPS,State Bank of India,IN,0,NORMAL_BANKING_FLOW
TX_SBI_101041,SBI_ACC_20056,SBI_ACC_20059,1779.22,2026-01-10 19:16:00,TRANSFER,UPI,State Bank of India,IN,0,NORMAL_BANKING_FLOW
TX_SBI_101042,SBI_ACC_20090,SBI_ACC_20002,208.75,2026-01-10 18:07:15,TRANSFER,UPI,State Bank of India,IN,0,NORMAL_BANKING_FLOW
TX_SBI_101043,SBI_ACC_20063,SBI_ACC_20103,971.34,2026-01-11 01:04:38,TRANSFER,IMPS,State Bank of India,IN,0,NORMAL_BANKING_FLOW
TX_SBI_101044,SBI_ACC_20087,SBI_ACC_20239,317.82,2026-01-11 00:48:14,TRANSFER,UPI,State Bank of India,IN,0,NORMAL_BANKING_FLOW
TX_SBI_101045,SBI_ACC_20090,SBI_ACC_20147,277.93,2026-01-10 15:32:24,TRANSFER,UPI,State Bank of India,IN,0,NORMAL_BANKING_FLOW
TX_SBI_101046,SBI_ACC_20191,SBI_ACC_20233,799.24,2026-01-10 17:17:20,TRANSFER,UPI,State Bank of India,IN,0,NORMAL_BANKING_FLOW
TX_SBI_101047,SBI_ACC_20051,SBI_ACC_20062,634.17,2026-01-10 15:50:42,TRANSFER,UPI,State Bank of India,IN,0,NORMAL_BANKING_FLOW
TX_SBI_101048,SBI_ACC_20051,INDUS_ACC_20039,68.28,2026-01-10 17:00:57,TRANSFER,UPI,State Bank of India,IN,0,NORMAL_BANKING_FLOW
TX_SBI_101049,SBI_ACC_20020,SBI_ACC_20170,1445.98,2026-01-10 14:06:48,TRANSFER,UPI,State Bank of India,IN,0,NORMAL_BANKING_FLOW
TX_SBI_101050,SBI_ACC_20195,HDFC_ACC_20217,1313.03,2026-01-10 21:24:14,TRANSFER,UPI,State Bank of India,IN,0,NORMAL_BANKING_FLOW
TX_SBI_101051,SBI_ACC_20080,SBI_ACC_20226,176.7,2026-01-10 21:07:30,TRANSFER,UPI,State Bank of India,IN,0,NORMAL_BANKING_FLOW
TX_SBI_101052,SBI_ACC_20125,SBI_ACC_20196,490.69,2026-01-10 22:53:21,TRANSFER,IMPS,State Bank of India,IN,0,NORMAL_BANKING_FLOW
TX_SBI_101053,SBI_ACC_20056,AXIS_ACC_20013,541.33,2026-01-10 21:44:04,TRANSFER,UPI,State Bank of India,IN,0,NORMAL_BANKING_FLOW
TX_SBI_101054,SBI_ACC_20122,HDFC_ACC_20128,428.66,2026-01-10 22:02:24,TRANSFER,UPI,State Bank of India,IN,0,NORMAL_BANKING_FLOW
TX_SBI_101055,SBI_ACC_20175,CANARA_ACC_20249,190.51,2026-01-10 18:49:58,TRANSFER,UPI,State Bank of India,IN,0,NORMAL_BANKING_FLOW
TX_SBI_101056,SBI_ACC_20117,SBI_ACC_20002,168.74,2026-01-10 14:26:50,TRANSFER,UPI,State Bank of India,IN,0,NORMAL_BANKING_FLOW
TX_SBI_101057,SBI_ACC_20097,SBI_ACC_20083,321.97,2026-01-10 12:24:00,TRANSFER,UPI,State Bank of India,IN,0,NORMAL_BANKING_FLOW
TX_SBI_101058,SBI_ACC_20066,SBI_ACC_20068,1067.13,2026-01-10 19:09:26,TRANSFER,UPI,State Bank of India,IN,0,NORMAL_BANKING_FLOW
TX_SBI_101059,SBI_ACC_20245,SBI_ACC_20093,568.84,2026-01-10 16:49:00,TRANSFER,UPI,State Bank of India,IN,0,NORMAL_BANKING_FLOW
TX_SBI_101060,SBI_ACC_20053,SBI_ACC_20193,228.01,2026-01-10 15:38:54,TRANSFER,UPI,State Bank of India,IN,0,NORMAL_BANKING_FLOW
TX_SBI_101061,SBI_ACC_20102,SBI_ACC_20046,714.58,2026-01-10 19:11:20,TRANSFER,UPI,State Bank of India,IN,0,NORMAL_BANKING_FLOW
TX_SBI_101062,SBI_ACC_20147,SBI_ACC_20209,19.13,2026-01-10 23:01:51,TRANSFER,UPI,State Bank of India,IN,0,NORMAL_BANKING_FLOW
TX_SBI_101063,SBI_ACC_20205,SBI_ACC_20110,1041.86,2026-01-10 14:11:42,TRANSFER,UPI,State Bank of India,IN,0,NORMAL_BANKING_FLOW
TX_SBI_101064,SBI_ACC_20204,AXIS_ACC_20121,57.99,2026-01-10 19:30:57,TRANSFER,UPI,State Bank of India,IN,0,NORMAL_BANKING_FLOW
TX_SBI_101065,SBI_ACC_20127,SBI_ACC_20229,229.88,2026-01-10 12:26:00,TRANSFER,UPI,State Bank of India,IN,0,NORMAL_BANKING_FLOW
TX_SBI_101066,SBI_ACC_20184,SBI_ACC_20124,107.81,2026-01-11 00:16:15,TRANSFER,UPI,State Bank of India,IN,0,NORMAL_BANKING_FLOW
TX_SBI_101067,SBI_ACC_20219,SBI_ACC_20101,90.5,2026-01-10 18:04:04,TRANSFER,UPI,State Bank of India,IN,0,NORMAL_BANKING_FLOW
TX_SBI_101068,SBI_ACC_20015,SBI_ACC_20066,1054.51,2026-01-10 14:13:27,TRANSFER,UPI,State Bank of India,IN,0,NORMAL_BANKING_FLOW
TX_SBI_101069,SBI_ACC_20024,SBI_ACC_20086,206.91,2026-01-10 21:21:00,TRANSFER,IMPS,State Bank of India,IN,0,NORMAL_BANKING_FLOW
TX_SBI_101070,SBI_ACC_20143,SBI_ACC_20208,467.08,2026-01-10 17:12:19,TRANSFER,UPI,State Bank of India,IN,0,NORMAL_BANKING_FLOW
TX_SBI_101071,SBI_ACC_20105,SBI_ACC_20223,315.16,2026-01-10 17:12:50,TRANSFER,UPI,State Bank of India,IN,0,NORMAL_BANKING_FLOW
TX_SBI_101072,SBI_ACC_20050,SBI_ACC_20167,532.21,2026-01-11 01:15:18,TRANSFER,IMPS,State Bank of India,IN,0,NORMAL_BANKING_FLOW
TX_SBI_101073,SBI_ACC_20199,SBI_ACC_20083,356.67,2026-01-11 00:40:32,TRANSFER,UPI,State Bank of India,IN,0,NORMAL_BANKING_FLOW
TX_SBI_101074,SBI_ACC_20198,ICICI_ACC_20097,91.56,2026-01-11 01:17:14,TRANSFER,UPI,State Bank of India,IN,0,NORMAL_BANKING_FLOW
TX_SBI_101075,SBI_ACC_20161,AXIS_ACC_20163,894.5,2026-01-11 00:06:36,TRANSFER,UPI,State Bank of India,IN,0,NORMAL_BANKING_FLOW
TX_SBI_101076,SBI_ACC_20156,SBI_ACC_20218,201.59,2026-01-10 18:45:00,TRANSFER,UPI,State Bank of India,IN,0,NORMAL_BANKING_FLOW
TX_SBI_101077,SBI_ACC_20087,SBI_ACC_20081,69.65,2026-01-10 13:40:44,TRANSFER,UPI,State Bank of India,IN,0,NORMAL_BANKING_FLOW
TX_SBI_101078,SBI_ACC_20068,SBI_ACC_20102,215.27,2026-01-11 00:45:12,TRANSFER,UPI,State Bank of India,IN,0,NORMAL_BANKING_FLOW
TX_SBI_101079,SBI_ACC_20199,INDUS_ACC_20191,1481.43,2026-01-10 17:34:56,TRANSFER,IMPS,State Bank of India,IN,0,NORMAL_BANKING_FLOW
TX_SBI_101080,SBI_ACC_20115,SBI_ACC_20047,772.96,2026-01-10 23:35:08,TRANSFER,UPI,State Bank of India,IN,0,NORMAL_BANKING_FLOW
TX_SBI_101081,SBI_ACC_20060,SBI_ACC_20241,233.07,2026-01-10 12:48:00,TRANSFER,UPI,State Bank of India,IN,0,NORMAL_BANKING_FLOW
TX_SBI_101082,SBI_ACC_20053,SBI_ACC_20026,232.93,2026-01-11 01:42:59,TRANSFER,UPI,State Bank of India,IN,0,NORMAL_BANKING_FLOW
TX_SBI_101083,SBI_ACC_20224,SBI_ACC_20013,239.45,2026-01-10 14:18:42,TRANSFER,UPI,State Bank of India,IN,0,NORMAL_BANKING_FLOW
TX_SBI_101084,SBI_ACC_20134,ICICI_ACC_20026,2635.29,2026-01-10 12:48:48,TRANSFER,UPI,State Bank of India,IN,0,NORMAL_BANKING_FLOW
TX_SBI_101085,SBI_ACC_20021,SBI_ACC_20227,483.93,2026-01-10 17:20:04,TRANSFER,UPI,State Bank of India,IN,0,NORMAL_BANKING_FLOW
TX_SBI_101086,SBI_ACC_20063,CANARA_ACC_20160,507.78,2026-01-10 19:45:15,TRANSFER,UPI,State Bank of India,IN,0,NORMAL_BANKING_FLOW
TX_SBI_101087,SBI_ACC_20214,SBI_ACC_20008,925.45,2026-01-10 14:56:18,TRANSFER,UPI,State Bank of India,IN,0,NORMAL_BANKING_FLOW
TX_SBI_101088,SBI_ACC_20234,SBI_ACC_20121,419.38,2026-01-11 01:12:39,TRANSFER,UPI,State Bank of India,IN,0,NORMAL_BANKING_FLOW
TX_SBI_101089,SBI_ACC_20138,BOB_ACC_20113,254.92,2026-01-10 21:17:52,TRANSFER,IMPS,State Bank of India,IN,0,NORMAL_BANKING_FLOW
TX_SBI_101090,SBI_ACC_20178,SBI_ACC_20151,271.42,2026-01-10 14:57:27,TRANSFER,IMPS,State Bank of India,IN,0,NORMAL_BANKING_FLOW
TX_SBI_101091,SBI_ACC_20191,SBI_ACC_20144,307.48,2026-01-11 00:02:50,TRANSFER,UPI,State Bank of India,IN,0,NORMAL_BANKING_FLOW
TX_SBI_101092,SBI_ACC_20163,SBI_ACC_20233,318.23,2026-01-10 20:43:42,TRANSFER,UPI,State Bank of India,IN,0,NORMAL_BANKING_FLOW
TX_SBI_101093,SBI_ACC_20058,CANARA_ACC_20078,683.78,2026-01-10 19:13:24,TRANSFER,UPI,State Bank of India,IN,0,NORMAL_BANKING_FLOW
TX_SBI_101094,SBI_ACC_20039,SBI_ACC_20000,347.91,2026-01-10 19:32:14,TRANSFER,UPI,State Bank of India,IN,0,NORMAL_BANKING_FLOW
TX_SBI_101095,SBI_ACC_20217,SBI_ACC_20073,687.21,2026-01-10 22:35:12,TRANSFER,IMPS,State Bank of India,IN,0,NORMAL_BANKING_FLOW
TX_SBI_101096,SBI_ACC_20176,CANARA_ACC_20076,304.69,2026-01-10 21:41:15,TRANSFER,UPI,State Bank of India,IN,0,NORMAL_BANKING_FLOW
TX_SBI_101097,SBI_ACC_20204,SBI_ACC_20059,357.32,2026-01-10 12:34:00,TRANSFER,UPI,State Bank of India,IN,0,NORMAL_BANKING_FLOW
TX_SBI_101098,SBI_ACC_20048,SBI_ACC_20144,44.78,2026-01-10 12:34:15,TRANSFER,UPI,State Bank of India,IN,0,NORMAL_BANKING_FLOW
TX_SBI_101099,SBI_ACC_20041,YES_ACC_20212,825.78,2026-01-10 20:48:36,TRANSFER,UPI,State Bank of India,IN,0,NORMAL_BANKING_FLOW
TX_SBI_101100,SBI_ACC_20020,SBI_ACC_20062,467.07,2026-01-10 19:54:21,TRANSFER,UPI,State Bank of India,IN,0,NORMAL_BANKING_FLOW
TX_SBI_101101,SBI_ACC_20232,SBI_ACC_20177,896.06,2026-01-10 22:40:00,TRANSFER,UPI,State Bank of India,IN,0,NORMAL_BANKING_FLOW
TX_SBI_101102,SBI_ACC_20166,PNB_ACC_20105,18.24,2026-01-11 01:44:18,TRANSFER,UPI,State Bank of India,IN,0,NORMAL_BANKING_FLOW
TX_SBI_101103,SBI_ACC_20046,SBI_ACC_20028,2666.11,2026-01-10 16:15:54,TRANSFER,IMPS,State Bank of India,IN,0,NORMAL_BANKING_FLOW
TX_SBI_101104,SBI_ACC_20115,SBI_ACC_20160,287.27,2026-01-11 00:51:05,TRANSFER,UPI,State Bank of India,IN,0,NORMAL_BANKING_FLOW
TX_SBI_101105,SBI_ACC_20004,SBI_ACC_20249,1000.43,2026-01-10 22:06:24,TRANSFER,UPI,State Bank of India,IN,0,NORMAL_BANKING_FLOW
TX_SBI_101106,SBI_ACC_20248,SBI_ACC_20068,116.76,2026-01-10 23:02:25,TRANSFER,UPI,State Bank of India,IN,0,NORMAL_BANKING_FLOW
TX_SBI_101107,SBI_ACC_20186,SBI_ACC_20023,609.58,2026-01-10 15:03:58,TRANSFER,UPI,State Bank of India,IN,0,NORMAL_BANKING_FLOW
TX_SBI_101108,SBI_ACC_20055,SBI_ACC_20080,115.19,2026-01-10 15:22:48,TRANSFER,UPI,State Bank of India,IN,0,NORMAL_BANKING_FLOW
TX_SBI_101109,SBI_ACC_20118,SBI_ACC_20008,177.01,2026-01-10 22:09:28,TRANSFER,IMPS,State Bank of India,IN,0,NORMAL_BANKING_FLOW
TX_SBI_101110,SBI_ACC_20192,HDFC_ACC_20068,2239.55,2026-01-10 19:05:24,TRANSFER,UPI,State Bank of India,IN,0,NORMAL_BANKING_FLOW
TX_SBI_101111,SBI_ACC_20120,SBI_ACC_20230,272.96,2026-01-10 20:20:00,TRANSFER,UPI,State Bank of India,IN,0,NORMAL_BANKING_FLOW
TX_SBI_101112,SBI_ACC_20212,SBI_ACC_20196,410.52,2026-01-10 17:34:01,TRANSFER,IMPS,State Bank of India,IN,0,NORMAL_BANKING_FLOW
TX_SBI_101113,SBI_ACC_20197,KOTAK_ACC_20188,788.45,2026-01-11 02:32:00,TRANSFER,UPI,State Bank of India,IN,0,NORMAL_BANKING_FLOW
TX_SBI_101114,SBI_ACC_20188,BOB_ACC_20170,542.23,2026-01-10 13:15:21,TRANSFER,UPI,State Bank of India,IN,0,NORMAL_BANKING_FLOW
TX_SBI_101115,SBI_ACC_20174,INDUS_ACC_20040,383.91,2026-01-10 16:39:52,TRANSFER,UPI,State Bank of India,IN,0,NORMAL_BANKING_FLOW
TX_SBI_101116,SBI_ACC_20190,BOB_ACC_20031,475.78,2026-01-11 01:02:05,TRANSFER,UPI,State Bank of India,IN,0,NORMAL_BANKING_FLOW
TX_SBI_101117,SBI_ACC_20076,SBI_ACC_20228,3653.41,2026-01-10 17:36:36,TRANSFER,UPI,State Bank of India,IN,0,NORMAL_BANKING_FLOW
TX_SBI_101118,SBI_ACC_20055,KOTAK_ACC_20162,311.81,2026-01-10 13:35:06,TRANSFER,IMPS,State Bank of India,IN,0,NORMAL_BANKING_FLOW
TX_SBI_101119,SBI_ACC_20042,ICICI_ACC_20101,403.87,2026-01-10 21:02:36,TRANSFER,UPI,State Bank of India,IN,0,NORMAL_BANKING_FLOW
TX_SBI_101120,SBI_ACC_20010,SBI_ACC_20177,944.5,2026-01-10 17:19:30,TRANSFER,UPI,State Bank of India,IN,0,NORMAL_BANKING_FLOW
TX_SBI_101121,SBI_ACC_20039,SBI_ACC_20022,997.77,2026-01-10 22:00:00,TRANSFER,UPI,State Bank of India,IN,0,NORMAL_BANKING_FLOW
TX_SBI_101122,SBI_ACC_20023,SBI_ACC_20087,1082.5,2026-01-10 17:20:30,TRANSFER,UPI,State Bank of India,IN,0,NORMAL_BANKING_FLOW
TX_SBI_101123,SBI_ACC_20091,SBI_ACC_20180,625.61,2026-01-11 01:08:30,TRANSFER,UPI,State Bank of India,IN,0,NORMAL_BANKING_FLOW
TX_SBI_101124,SBI_ACC_20032,SBI_ACC_20082,105.32,2026-01-10 23:17:07,TRANSFER,UPI,State Bank of India,IN,0,NORMAL_BANKING_FLOW
TX_SBI_101125,SBI_ACC_20193,SBI_ACC_20229,1691.6,2026-01-10 23:36:40,TRANSFER,UPI,State Bank of India,IN,0,NORMAL_BANKING_FLOW
TX_SBI_101126,SBI_ACC_20005,SBI_ACC_20092,104.97,2026-01-10 21:26:15,TRANSFER,UPI,State Bank of India,IN,0,NORMAL_BANKING_FLOW
TX_SBI_101127,SBI_ACC_20010,SBI_ACC_20113,447.03,2026-01-10 15:11:38,TRANSFER,UPI,State Bank of India,IN,0,NORMAL_BANKING_FLOW
TX_SBI_101128,SBI_ACC_20178,SBI_ACC_20145,155.36,2026-01-10 23:39:10,TRANSFER,UPI,State Bank of India,IN,0,NORMAL_BANKING_FLOW
TX_SBI_101129,SBI_ACC_20082,PNB_ACC_20222,309.78,2026-01-10 16:08:48,TRANSFER,UPI,State Bank of India,IN,0,NORMAL_BANKING_FLOW
TX_SBI_101130,SBI_ACC_20141,SBI_ACC_20135,458.87,2026-01-11 00:37:17,TRANSFER,IMPS,State Bank of India,IN,0,NORMAL_BANKING_FLOW
TX_SBI_101131,SBI_ACC_20209,SBI_ACC_20093,455.48,2026-01-10 15:32:00,TRANSFER,UPI,State Bank of India,IN,0,NORMAL_BANKING_FLOW
TX_SBI_101132,SBI_ACC_20163,SBI_ACC_20188,503.67,2026-01-10 21:49:24,TRANSFER,UPI,State Bank of India,IN,0,NORMAL_BANKING_FLOW
TX_SBI_101133,SBI_ACC_20158,KOTAK_ACC_20082,1658.57,2026-01-10 16:10:32,TRANSFER,IMPS,State Bank of India,IN,0,NORMAL_BANKING_FLOW
TX_SBI_101134,SBI_ACC_20137,KOTAK_ACC_20134,519.85,2026-01-10 13:58:47,TRANSFER,UPI,State Bank of India,IN,0,NORMAL_BANKING_FLOW
TX_SBI_101135,SBI_ACC_20141,SBI_ACC_20072,258.75,2026-01-11 02:16:12,TRANSFER,UPI,State Bank of India,IN,0,NORMAL_BANKING_FLOW
TX_SBI_101136,SBI_ACC_20082,SBI_ACC_20134,866.18,2026-01-10 19:02:05,TRANSFER,UPI,State Bank of India,IN,0,NORMAL_BANKING_FLOW
TX_SBI_101137,SBI_ACC_20213,AXIS_ACC_20223,1085.15,2026-01-11 01:59:12,TRANSFER,UPI,State Bank of India,IN,0,NORMAL_BANKING_FLOW
TX_SBI_101138,SBI_ACC_20124,SBI_ACC_20008,96.78,2026-01-10 13:22:09,TRANSFER,UPI,State Bank of India,IN,0,NORMAL_BANKING_FLOW
TX_SBI_101139,SBI_ACC_20099,SBI_ACC_20135,600.28,2026-01-11 00:07:18,TRANSFER,UPI,State Bank of India,IN,0,NORMAL_BANKING_FLOW
TX_SBI_101140,SBI_ACC_20065,SBI_ACC_20056,665.92,2026-01-11 01:05:06,TRANSFER,UPI,State Bank of India,IN,0,NORMAL_BANKING_FLOW
TX_SBI_101141,SBI_ACC_20003,KOTAK_ACC_20167,245.29,2026-01-11 00:47:00,TRANSFER,UPI,State Bank of India,IN,0,NORMAL_BANKING_FLOW
TX_SBI_101142,SBI_ACC_20213,SBI_ACC_20205,1307.28,2026-01-10 22:34:46,TRANSFER,IMPS,State Bank of India,IN,0,NORMAL_BANKING_FLOW
TX_SBI_101143,SBI_ACC_20142,YES_ACC_20210,284.28,2026-01-11 01:26:50,TRANSFER,UPI,State Bank of India,IN,0,NORMAL_BANKING_FLOW
TX_SBI_101144,SBI_ACC_20014,PNB_ACC_20135,374.49,2026-01-10 20:03:54,TRANSFER,UPI,State Bank of India,IN,0,NORMAL_BANKING_FLOW
TX_SBI_101145,SBI_ACC_20213,SBI_ACC_20242,277.81,2026-01-10 13:24:08,TRANSFER,UPI,State Bank of India,IN,0,NORMAL_BANKING_FLOW
TX_SBI_101146,SBI_ACC_20024,SBI_ACC_20060,335.49,2026-01-10 16:54:20,TRANSFER,IMPS,State Bank of India,IN,0,NORMAL_BANKING_FLOW
TX_SBI_101147,SBI_ACC_20049,SBI_ACC_20064,110.36,2026-01-10 23:35:54,TRANSFER,UPI,State Bank of India,IN,0,NORMAL_BANKING_FLOW
TX_SBI_101148,SBI_ACC_20045,SBI_ACC_20143,78.25,2026-01-11 00:14:57,TRANSFER,UPI,State Bank of India,IN,0,NORMAL_BANKING_FLOW
TX_SBI_101149,SBI_ACC_20196,SBI_ACC_20091,1627.02,2026-01-10 21:04:28,TRANSFER,UPI,State Bank of India,IN,0,NORMAL_BANKING_FLOW
TX_SBI_101150,SBI_ACC_20170,SBI_ACC_20026,141.6,2026-01-11 02:30:42,TRANSFER,UPI,State Bank of India,IN,0,NORMAL_BANKING_FLOW
TX_SBI_101151,SBI_ACC_20140,SBI_ACC_20086,122.56,2026-01-10 15:59:10,TRANSFER,UPI,State Bank of India,IN,0,NORMAL_BANKING_FLOW
TX_SBI_101152,SBI_ACC_20153,SBI_ACC_20090,38.34,2026-01-11 02:13:27,TRANSFER,UPI,State Bank of India,IN,0,NORMAL_BANKING_FLOW
TX_SBI_101153,SBI_ACC_20083,YES_ACC_20195,174.35,2026-01-10 19:12:00,TRANSFER,UPI,State Bank of India,IN,0,NORMAL_BANKING_FLOW
TX_SBI_101154,SBI_ACC_20185,SBI_ACC_20061,87.96,2026-01-11 01:36:55,TRANSFER,UPI,State Bank of India,IN,0,NORMAL_BANKING_FLOW
TX_SBI_101155,SBI_ACC_20096,PNB_ACC_20092,1706.18,2026-01-11 00:20:54,TRANSFER,UPI,State Bank of India,IN,0,NORMAL_BANKING_FLOW
TX_SBI_101156,SBI_ACC_20101,SBI_ACC_20008,906.7,2026-01-10 21:47:45,TRANSFER,UPI,State Bank of India,IN,0,NORMAL_BANKING_FLOW
TX_SBI_101157,SBI_ACC_20132,SBI_ACC_20228,165.98,2026-01-10 18:35:48,TRANSFER,UPI,State Bank of India,IN,0,NORMAL_BANKING_FLOW
TX_SBI_101158,SBI_ACC_20056,SBI_ACC_20081,3141.44,2026-01-10 18:55:38,TRANSFER,UPI,State Bank of India,IN,0,NORMAL_BANKING_FLOW
TX_SBI_101159,SBI_ACC_20241,SBI_ACC_20070,881.62,2026-01-10 13:08:48,TRANSFER,UPI,State Bank of India,IN,0,NORMAL_BANKING_FLOW
TX_SBI_101160,SBI_ACC_20146,AXIS_ACC_20024,238.69,2026-01-11 00:05:50,TRANSFER,UPI,State Bank of India,IN,0,NORMAL_BANKING_FLOW
TX_SBI_101161,SBI_ACC_20039,SBI_ACC_20094,27.13,2026-01-10 13:28:40,TRANSFER,UPI,State Bank of India,IN,0,NORMAL_BANKING_FLOW
TX_SBI_101162,SBI_ACC_20065,ICICI_ACC_20146,3264.76,2026-01-11 00:46:12,TRANSFER,UPI,State Bank of India,IN,0,NORMAL_BANKING_FLOW
TX_SBI_101163,SBI_ACC_20055,INDUS_ACC_20202,82.3,2026-01-10 20:54:40,TRANSFER,UPI,State Bank of India,IN,0,NORMAL_BANKING_FLOW
TX_SBI_101164,SBI_ACC_20211,ICICI_ACC_20152,63.73,2026-01-10 22:32:15,TRANSFER,UPI,State Bank of India,IN,0,NORMAL_BANKING_FLOW
TX_SBI_101165,SBI_ACC_20187,YES_ACC_20020,918.34,2026-01-11 02:06:24,TRANSFER,UPI,State Bank of India,IN,0,NORMAL_BANKING_FLOW
TX_SBI_101166,SBI_ACC_20085,SBI_ACC_20210,3788.6,2026-01-10 13:49:30,TRANSFER,IMPS,State Bank of India,IN,0,NORMAL_BANKING_FLOW
TX_SBI_101167,SBI_ACC_20222,SBI_ACC_20197,1318.53,2026-01-10 21:36:12,TRANSFER,UPI,State Bank of India,IN,0,NORMAL_BANKING_FLOW
TX_SBI_101168,SBI_ACC_20217,SBI_ACC_20002,580.51,2026-01-10 17:24:03,TRANSFER,UPI,State Bank of India,IN,0,NORMAL_BANKING_FLOW
TX_SBI_101169,SBI_ACC_20097,SBI_ACC_20135,598.7,2026-01-11 01:50:40,TRANSFER,UPI,State Bank of India,IN,0,NORMAL_BANKING_FLOW
TX_SBI_101170,SBI_ACC_20144,SBI_ACC_20128,775.43,2026-01-10 13:31:13,TRANSFER,UPI,State Bank of India,IN,0,NORMAL_BANKING_FLOW
TX_SBI_101171,SBI_ACC_20012,SBI_ACC_20101,705.52,2026-01-11 03:10:30,TRANSFER,UPI,State Bank of India,IN,0,NORMAL_BANKING_FLOW
TX_SBI_101172,SBI_ACC_20147,SBI_ACC_20056,437.55,2026-01-10 21:59:13,TRANSFER,UPI,State Bank of India,IN,0,NORMAL_BANKING_FLOW
TX_SBI_101173,SBI_ACC_20100,SBI_ACC_20086,366.57,2026-01-10 21:40:24,TRANSFER,UPI,State Bank of India,IN,0,NORMAL_BANKING_FLOW
TX_SBI_101174,SBI_ACC_20190,SBI_ACC_20102,310.26,2026-01-10 14:31:00,TRANSFER,UPI,State Bank of India,IN,0,NORMAL_BANKING_FLOW
TX_SBI_101175,SBI_ACC_20128,SBI_ACC_20179,155.41,2026-01-10 18:06:34,TRANSFER,UPI,State Bank of India,IN,0,NORMAL_BANKING_FLOW
TX_SBI_101176,SBI_ACC_20123,SBI_ACC_20125,249.47,2026-01-10 15:30:25,TRANSFER,UPI,State Bank of India,IN,0,NORMAL_BANKING_FLOW
TX_SBI_101177,SBI_ACC_20050,SBI_ACC_20189,60.77,2026-01-10 21:04:00,TRANSFER,UPI,State Bank of India,IN,0,NORMAL_BANKING_FLOW
TX_SBI_101178,SBI_ACC_20018,SBI_ACC_20111,299.36,2026-01-10 23:41:36,TRANSFER,UPI,State Bank of India,IN,0,NORMAL_BANKING_FLOW
TX_SBI_101179,SBI_ACC_20147,SBI_ACC_20172,122.9,2026-01-10 19:27:10,TRANSFER,UPI,State Bank of India,IN,0,NORMAL_BANKING_FLOW
TX_SBI_101180,SBI_ACC_20089,SBI_ACC_20088,109.55,2026-01-10 21:25:39,TRANSFER,UPI,State Bank of India,IN,0,NORMAL_BANKING_FLOW
TX_SBI_101181,SBI_ACC_20197,SBI_ACC_20089,395.4,2026-01-11 01:22:20,TRANSFER,UPI,State Bank of India,IN,0,NORMAL_BANKING_FLOW
TX_SBI_101182,SBI_ACC_20205,SBI_ACC_20037,1328.76,2026-01-11 01:42:54,TRANSFER,IMPS,State Bank of India,IN,0,NORMAL_BANKING_FLOW
TX_SBI_101183,SBI_ACC_20209,SBI_ACC_20175,827.42,2026-01-10 22:07:06,TRANSFER,UPI,State Bank of India,IN,0,NORMAL_BANKING_FLOW
TX_SBI_101184,SBI_ACC_20186,ICICI_ACC_20189,68.68,2026-01-10 20:29:14,TRANSFER,UPI,State Bank of India,IN,0,NORMAL_BANKING_FLOW
TX_SBI_101185,SBI_ACC_20158,PNB_ACC_20003,122.78,2026-01-10 13:55:12,TRANSFER,UPI,State Bank of India,IN,0,NORMAL_BANKING_FLOW
TX_SBI_101186,SBI_ACC_20028,SBI_ACC_20121,846.21,2026-01-10 19:51:00,TRANSFER,UPI,State Bank of India,IN,0,NORMAL_BANKING_FLOW
TX_SBI_101187,SBI_ACC_20189,SBI_ACC_20052,123.66,2026-01-10 13:16:16,TRANSFER,UPI,State Bank of India,IN,0,NORMAL_BANKING_FLOW
TX_SBI_101188,SBI_ACC_20066,SBI_ACC_20160,263.85,2026-01-11 00:09:23,TRANSFER,UPI,State Bank of India,IN,0,NORMAL_BANKING_FLOW
TX_SBI_101189,SBI_ACC_20171,SBI_ACC_20149,572.52,2026-01-10 15:55:12,TRANSFER,UPI,State Bank of India,IN,0,NORMAL_BANKING_FLOW
TX_SBI_101190,SBI_ACC_20065,SBI_ACC_20073,125.42,2026-01-11 02:49:33,TRANSFER,UPI,State Bank of India,IN,0,NORMAL_BANKING_FLOW
TX_SBI_101191,SBI_ACC_20158,SBI_ACC_20119,367.01,2026-01-10 16:55:30,TRANSFER,UPI,State Bank of India,IN,0,NORMAL_BANKING_FLOW
TX_SBI_101192,SBI_ACC_20017,SBI_ACC_20070,87.01,2026-01-11 02:31:36,TRANSFER,IMPS,State Bank of India,IN,0,NORMAL_BANKING_FLOW
TX_SBI_101193,SBI_ACC_20168,SBI_ACC_20027,181.02,2026-01-11 02:52:24,TRANSFER,IMPS,State Bank of India,IN,0,NORMAL_BANKING_FLOW
TX_SBI_101194,SBI_ACC_20226,SBI_ACC_20059,454.77,2026-01-10 13:18:08,TRANSFER,UPI,State Bank of India,IN,0,NORMAL_BANKING_FLOW
TX_SBI_101195,SBI_ACC_20181,SBI_ACC_20080,67.16,2026-01-10 20:56:06,TRANSFER,UPI,State Bank of India,IN,0,NORMAL_BANKING_FLOW
TX_SBI_101196,SBI_ACC_20136,SBI_ACC_20050,513.1,2026-01-10 23:16:10,TRANSFER,IMPS,State Bank of India,IN,0,NORMAL_BANKING_FLOW
TX_SBI_101197,SBI_ACC_20143,HDFC_ACC_20010,323.88,2026-01-10 23:36:52,TRANSFER,IMPS,State Bank of India,IN,0,NORMAL_BANKING_FLOW
TX_SBI_101198,SBI_ACC_20078,SBI_ACC_20101,573.92,2026-01-10 17:58:30,TRANSFER,IMPS,State Bank of India,IN,0,NORMAL_BANKING_FLOW
TX_SBI_101199,SBI_ACC_20175,SBI_ACC_20160,413.19,2026-01-10 16:19:10,TRANSFER,UPI,State Bank of India,IN,0,NORMAL_BANKING_FLOW
TX_SBI_101200,SBI_ACC_20128,SBI_ACC_20015,1292.25,2026-01-10 19:19:26,TRANSFER,UPI,State Bank of India,IN,0,NORMAL_BANKING_FLOW
TX_SBI_101201,SBI_ACC_20099,HDFC_ACC_20241,374.36,2026-01-11 02:20:00,TRANSFER,UPI,State Bank of India,IN,0,NORMAL_BANKING_FLOW
TX_SBI_101202,SBI_ACC_20057,SBI_ACC_20230,214.99,2026-01-11 00:40:50,TRANSFER,IMPS,State Bank of India,IN,0,NORMAL_BANKING_FLOW
TX_SBI_101203,SBI_ACC_20022,BOB_ACC_20245,373.27,2026-01-10 21:21:20,TRANSFER,UPI,State Bank of India,IN,0,NORMAL_BANKING_FLOW
TX_SBI_101204,SBI_ACC_20160,SBI_ACC_20106,568.67,2026-01-11 03:22:54,TRANSFER,UPI,State Bank of India,IN,0,NORMAL_BANKING_FLOW
TX_SBI_101205,SBI_ACC_20109,INDUS_ACC_20114,346.84,2026-01-10 18:02:00,TRANSFER,UPI,State Bank of India,IN,0,NORMAL_BANKING_FLOW
TX_SBI_101206,SBI_ACC_20167,SBI_ACC_20138,343.98,2026-01-11 00:24:05,TRANSFER,UPI,State Bank of India,IN,0,NORMAL_BANKING_FLOW
TX_SBI_101207,SBI_ACC_20220,SBI_ACC_20176,163.7,2026-01-11 03:25:48,TRANSFER,IMPS,State Bank of India,IN,0,NORMAL_BANKING_FLOW
TX_SBI_101208,SBI_ACC_20232,SBI_ACC_20233,170.22,2026-01-11 04:07:00,TRANSFER,IMPS,State Bank of India,IN,0,NORMAL_BANKING_FLOW
TX_SBI_101209,SBI_ACC_20144,INDUS_ACC_20017,81.24,2026-01-10 16:03:12,TRANSFER,UPI,State Bank of India,IN,0,NORMAL_BANKING_FLOW
TX_SBI_101210,SBI_ACC_20184,SBI_ACC_20081,1899.94,2026-01-11 00:47:30,TRANSFER,UPI,State Bank of India,IN,0,NORMAL_BANKING_FLOW
TX_SBI_101211,SBI_ACC_20195,SBI_ACC_20105,95.21,2026-01-10 16:04:00,TRANSFER,UPI,State Bank of India,IN,0,NORMAL_BANKING_FLOW
TX_SBI_101212,SBI_ACC_20190,PNB_ACC_20038,165.19,2026-01-10 21:47:31,TRANSFER,UPI,State Bank of India,IN,0,NORMAL_BANKING_FLOW
TX_SBI_101213,SBI_ACC_20047,SBI_ACC_20157,161.03,2026-01-10 17:05:24,TRANSFER,UPI,State Bank of India,IN,0,NORMAL_BANKING_FLOW
TX_SBI_101214,SBI_ACC_20145,SBI_ACC_20153,808.29,2026-01-11 02:11:42,TRANSFER,UPI,State Bank of India,IN,0,NORMAL_BANKING_FLOW
TX_SBI_101215,SBI_ACC_20006,SBI_ACC_20177,245.93,2026-01-10 17:46:46,TRANSFER,UPI,State Bank of India,IN,0,NORMAL_BANKING_FLOW
TX_SBI_101216,SBI_ACC_20216,SBI_ACC_20182,1150.26,2026-01-10 23:11:15,TRANSFER,UPI,State Bank of India,IN,0,NORMAL_BANKING_FLOW
TX_SBI_101217,SBI_ACC_20218,SBI_ACC_20121,168.43,2026-01-11 02:54:56,TRANSFER,UPI,State Bank of India,IN,0,NORMAL_BANKING_FLOW
TX_SBI_101218,SBI_ACC_20057,SBI_ACC_20196,436.59,2026-01-10 15:46:31,TRANSFER,UPI,State Bank of India,IN,0,NORMAL_BANKING_FLOW
TX_SBI_101219,SBI_ACC_20243,SBI_ACC_20190,143.26,2026-01-10 13:04:30,TRANSFER,IMPS,State Bank of India,IN,0,NORMAL_BANKING_FLOW
TX_SBI_101220,SBI_ACC_20193,SBI_ACC_20045,2821.85,2026-01-11 03:18:03,TRANSFER,IMPS,State Bank of India,IN,0,NORMAL_BANKING_FLOW
TX_SBI_101221,SBI_ACC_20125,SBI_ACC_20222,100.73,2026-01-10 22:34:20,TRANSFER,IMPS,State Bank of India,IN,0,NORMAL_BANKING_FLOW
TX_SBI_101222,SBI_ACC_20109,SBI_ACC_20010,450.26,2026-01-10 22:55:24,TRANSFER,IMPS,State Bank of India,IN,0,NORMAL_BANKING_FLOW
TX_SBI_101223,SBI_ACC_20097,YES_ACC_20156,622.52,2026-01-11 01:59:26,TRANSFER,UPI,State Bank of India,IN,0,NORMAL_BANKING_FLOW
TX_SBI_101224,SBI_ACC_20134,SBI_ACC_20181,499.6,2026-01-11 01:19:33,TRANSFER,UPI,State Bank of India,IN,0,NORMAL_BANKING_FLOW
TX_SBI_101225,SBI_ACC_20115,SBI_ACC_20225,274.43,2026-01-10 13:46:48,TRANSFER,UPI,State Bank of India,IN,0,NORMAL_BANKING_FLOW
TX_SBI_101226,SBI_ACC_20062,SBI_ACC_20102,290.09,2026-01-10 13:47:05,TRANSFER,IMPS,State Bank of India,IN,0,NORMAL_BANKING_FLOW
TX_SBI_101227,SBI_ACC_20132,HDFC_ACC_20048,345.09,2026-01-10 13:47:22,TRANSFER,UPI,State Bank of India,IN,0,NORMAL_BANKING_FLOW
TX_SBI_101228,SBI_ACC_20226,SBI_ACC_20211,285.15,2026-01-10 19:14:51,TRANSFER,UPI,State Bank of India,IN,0,NORMAL_BANKING_FLOW
TX_SBI_101229,SBI_ACC_20108,SBI_ACC_20236,865.99,2026-01-10 19:15:24,TRANSFER,UPI,State Bank of India,IN,0,NORMAL_BANKING_FLOW
TX_SBI_101230,SBI_ACC_20231,SBI_ACC_20212,3012.49,2026-01-10 14:08:42,TRANSFER,UPI,State Bank of India,IN,0,NORMAL_BANKING_FLOW
TX_SBI_101231,SBI_ACC_20184,SBI_ACC_20046,189.14,2026-01-11 03:08:00,TRANSFER,UPI,State Bank of India,IN,0,NORMAL_BANKING_FLOW
TX_SBI_101232,SBI_ACC_20178,SBI_ACC_20100,83.95,2026-01-11 01:46:52,TRANSFER,IMPS,State Bank of India,IN,0,NORMAL_BANKING_FLOW
TX_SBI_101233,SBI_ACC_20006,SBI_ACC_20152,302.39,2026-01-10 22:01:52,TRANSFER,UPI,State Bank of India,IN,0,NORMAL_BANKING_FLOW
TX_SBI_101234,SBI_ACC_20225,SBI_ACC_20064,4357.74,2026-01-11 04:33:00,TRANSFER,IMPS,State Bank of India,IN,0,NORMAL_BANKING_FLOW
TX_SBI_101235,SBI_ACC_20232,AXIS_ACC_20183,147.87,2026-01-10 19:59:50,TRANSFER,UPI,State Bank of India,IN,0,NORMAL_BANKING_FLOW
TX_SBI_101236,SBI_ACC_20180,SBI_ACC_20092,1701.25,2026-01-10 15:32:50,TRANSFER,UPI,State Bank of India,IN,0,NORMAL_BANKING_FLOW
TX_SBI_101237,SBI_ACC_20098,BOB_ACC_20156,1768.17,2026-01-10 14:52:00,TRANSFER,UPI,State Bank of India,IN,0,NORMAL_BANKING_FLOW
TX_SBI_101238,SBI_ACC_20097,SBI_ACC_20043,189.88,2026-01-10 16:35:25,TRANSFER,UPI,State Bank of India,IN,0,NORMAL_BANKING_FLOW
TX_SBI_101239,SBI_ACC_20168,AXIS_ACC_20222,583.46,2026-01-10 20:22:48,TRANSFER,UPI,State Bank of India,IN,0,NORMAL_BANKING_FLOW
TX_SBI_101240,SBI_ACC_20182,SBI_ACC_20078,1683.11,2026-01-10 16:15:36,TRANSFER,UPI,State Bank of India,IN,0,NORMAL_BANKING_FLOW
TX_SBI_101241,SBI_ACC_20246,SBI_ACC_20160,226.08,2026-01-10 19:42:40,TRANSFER,UPI,State Bank of India,IN,0,NORMAL_BANKING_FLOW
TX_SBI_101242,SBI_ACC_20033,HDFC_ACC_20159,269.46,2026-01-10 16:57:46,TRANSFER,UPI,State Bank of India,IN,0,NORMAL_BANKING_FLOW
TX_SBI_101243,SBI_ACC_20127,BOB_ACC_20206,184.62,2026-01-10 18:41:42,TRANSFER,UPI,State Bank of India,IN,0,NORMAL_BANKING_FLOW
TX_SBI_101244,SBI_ACC_20126,SBI_ACC_20151,119.73,2026-01-10 13:10:45,TRANSFER,UPI,State Bank of India,IN,0,NORMAL_BANKING_FLOW
TX_SBI_101245,SBI_ACC_20104,SBI_ACC_20154,172.56,2026-01-11 03:41:48,TRANSFER,UPI,State Bank of India,IN,0,NORMAL_BANKING_FLOW
TX_SBI_101246,SBI_ACC_20225,SBI_ACC_20158,97.13,2026-01-11 02:19:45,TRANSFER,UPI,State Bank of India,IN,0,NORMAL_BANKING_FLOW
TX_SBI_101247,SBI_ACC_20211,SBI_ACC_20047,341.75,2026-01-11 03:02:10,TRANSFER,UPI,State Bank of India,IN,0,NORMAL_BANKING_FLOW
TX_SBI_101248,SBI_ACC_20089,SBI_ACC_20219,152.94,2026-01-10 16:18:48,TRANSFER,UPI,State Bank of India,IN,0,NORMAL_BANKING_FLOW
TX_SBI_101249,SBI_ACC_20214,SBI_ACC_20084,417.29,2026-01-10 13:53:36,TRANSFER,UPI,State Bank of India,IN,0,NORMAL_BANKING_FLOW
TX_SBI_101250,SBI_ACC_20106,AXIS_ACC_20172,69.69,2026-01-10 14:56:20,TRANSFER,UPI,State Bank of India,IN,0,NORMAL_BANKING_FLOW
TX_SBI_101251,SBI_ACC_20177,SBI_ACC_20146,459.84,2026-01-10 19:27:30,TRANSFER,UPI,State Bank of India,IN,0,NORMAL_BANKING_FLOW
TX_SBI_101252,SBI_ACC_20116,INDUS_ACC_20238,760.16,2026-01-11 01:22:30,TRANSFER,UPI,State Bank of India,IN,0,NORMAL_BANKING_FLOW
TX_SBI_101253,SBI_ACC_20076,SBI_ACC_20230,44.98,2026-01-10 13:54:44,TRANSFER,UPI,State Bank of India,IN,0,NORMAL_BANKING_FLOW
TX_SBI_101254,SBI_ACC_20194,SBI_ACC_20140,480.13,2026-01-10 21:34:27,TRANSFER,IMPS,State Bank of India,IN,0,NORMAL_BANKING_FLOW
TX_SBI_101255,SBI_ACC_20034,SBI_ACC_20221,1127.4,2026-01-10 14:37:06,TRANSFER,UPI,State Bank of India,IN,0,NORMAL_BANKING_FLOW
TX_SBI_101256,SBI_ACC_20105,SBI_ACC_20179,98.53,2026-01-10 19:09:20,TRANSFER,UPI,State Bank of India,IN,0,NORMAL_BANKING_FLOW
TX_SBI_101257,SBI_ACC_20027,SBI_ACC_20162,1759.13,2026-01-10 17:46:08,TRANSFER,UPI,State Bank of India,IN,0,NORMAL_BANKING_FLOW
TX_SBI_101258,SBI_ACC_20123,PNB_ACC_20109,502.21,2026-01-11 00:45:36,TRANSFER,IMPS,State Bank of India,IN,0,NORMAL_BANKING_FLOW
TX_SBI_101259,SBI_ACC_20066,SBI_ACC_20160,163.2,2026-01-11 02:31:14,TRANSFER,IMPS,State Bank of India,IN,0,NORMAL_BANKING_FLOW
TX_SBI_101260,SBI_ACC_20157,SBI_ACC_20133,312.38,2026-01-10 20:56:23,TRANSFER,IMPS,State Bank of India,IN,0,NORMAL_BANKING_FLOW
TX_SBI_101261,SBI_ACC_20206,SBI_ACC_20156,577.28,2026-01-11 03:15:00,TRANSFER,UPI,State Bank of India,IN,0,NORMAL_BANKING_FLOW
TX_SBI_101262,SBI_ACC_20049,SBI_ACC_20006,356.38,2026-01-10 18:09:29,TRANSFER,UPI,State Bank of India,IN,0,NORMAL_BANKING_FLOW
TX_SBI_101263,SBI_ACC_20030,KOTAK_ACC_20204,566.09,2026-01-10 23:25:28,TRANSFER,UPI,State Bank of India,IN,0,NORMAL_BANKING_FLOW
TX_SBI_101264,SBI_ACC_20105,SBI_ACC_20089,131.54,2026-01-11 02:56:42,TRANSFER,IMPS,State Bank of India,IN,0,NORMAL_BANKING_FLOW
TX_SBI_101265,SBI_ACC_20054,SBI_ACC_20051,391.26,2026-01-11 01:33:20,TRANSFER,IMPS,State Bank of India,IN,0,NORMAL_BANKING_FLOW
TX_SBI_101266,SBI_ACC_20202,SBI_ACC_20076,80.34,2026-01-11 04:43:55,TRANSFER,UPI,State Bank of India,IN,0,NORMAL_BANKING_FLOW
TX_SBI_101267,SBI_ACC_20196,SBI_ACC_20175,295.53,2026-01-11 00:31:42,TRANSFER,UPI,State Bank of India,IN,0,NORMAL_BANKING_FLOW
TX_SBI_101268,SBI_ACC_20185,SBI_ACC_20246,133.77,2026-01-10 20:40:12,TRANSFER,UPI,State Bank of India,IN,0,NORMAL_BANKING_FLOW
TX_SBI_101269,SBI_ACC_20049,SBI_ACC_20087,158.3,2026-01-10 13:38:08,TRANSFER,IMPS,State Bank of India,IN,0,NORMAL_BANKING_FLOW
TX_SBI_101270,SBI_ACC_20121,AXIS_ACC_20123,1136.94,2026-01-11 04:26:42,TRANSFER,UPI,State Bank of India,IN,0,NORMAL_BANKING_FLOW
TX_SBI_101271,SBI_ACC_20228,INDUS_ACC_20118,983.69,2026-01-10 16:28:00,TRANSFER,UPI,State Bank of India,IN,0,NORMAL_BANKING_FLOW
TX_SBI_101272,SBI_ACC_20014,PNB_ACC_20144,607.37,2026-01-10 22:28:31,TRANSFER,IMPS,State Bank of India,IN,0,NORMAL_BANKING_FLOW
TX_SBI_101273,SBI_ACC_20137,SBI_ACC_20148,110.8,2026-01-11 04:29:36,TRANSFER,UPI,State Bank of India,IN,0,NORMAL_BANKING_FLOW
TX_SBI_101274,SBI_ACC_20234,INDUS_ACC_20016,240.71,2026-01-11 04:30:34,TRANSFER,UPI,State Bank of India,IN,0,NORMAL_BANKING_FLOW
TX_SBI_101275,SBI_ACC_20007,SBI_ACC_20097,1111.09,2026-01-10 16:29:36,TRANSFER,UPI,State Bank of India,IN,0,NORMAL_BANKING_FLOW
TX_SBI_101276,SBI_ACC_20042,SBI_ACC_20100,380.59,2026-01-11 03:28:45,TRANSFER,UPI,State Bank of India,IN,0,NORMAL_BANKING_FLOW
TX_SBI_101277,SBI_ACC_20221,PNB_ACC_20180,3358.77,2026-01-10 17:12:56,TRANSFER,UPI,State Bank of India,IN,0,NORMAL_BANKING_FLOW
TX_SBI_101278,SBI_ACC_20069,SBI_ACC_20128,489.47,2026-01-10 20:24:55,TRANSFER,UPI,State Bank of India,IN,0,NORMAL_BANKING_FLOW
TX_SBI_101279,SBI_ACC_20212,KOTAK_ACC_20134,400.23,2026-01-10 18:39:00,TRANSFER,UPI,State Bank of India,IN,0,NORMAL_BANKING_FLOW
TX_SBI_101280,SBI_ACC_20095,KOTAK_ACC_20233,242.47,2026-01-10 20:04:46,TRANSFER,UPI,State Bank of India,IN,0,NORMAL_BANKING_FLOW
TX_SBI_101281,SBI_ACC_20006,BOB_ACC_20039,377.49,2026-01-10 15:06:40,TRANSFER,UPI,State Bank of India,IN,0,NORMAL_BANKING_FLOW
TX_SBI_101282,SBI_ACC_20123,BOB_ACC_20079,283.59,2026-01-10 17:36:27,TRANSFER,UPI,State Bank of India,IN,0,NORMAL_BANKING_FLOW
TX_SBI_101283,SBI_ACC_20223,SBI_ACC_20241,670.56,2026-01-10 20:27:50,TRANSFER,UPI,State Bank of India,IN,0,NORMAL_BANKING_FLOW
TX_SBI_101284,SBI_ACC_20033,SBI_ACC_20009,859.8,2026-01-11 01:06:24,TRANSFER,UPI,State Bank of India,IN,0,NORMAL_BANKING_FLOW
TX_SBI_101285,SBI_ACC_20221,SBI_ACC_20001,150.51,2026-01-10 23:41:36,TRANSFER,UPI,State Bank of India,IN,0,NORMAL_BANKING_FLOW
TX_SBI_101286,SBI_ACC_20175,ICICI_ACC_20085,87.25,2026-01-10 20:08:10,TRANSFER,IMPS,State Bank of India,IN,0,NORMAL_BANKING_FLOW
TX_SBI_101287,SBI_ACC_20026,SBI_ACC_20169,52.66,2026-01-10 23:43:04,TRANSFER,IMPS,State Bank of India,IN,0,NORMAL_BANKING_FLOW
TX_SBI_101288,SBI_ACC_20194,SBI_ACC_20229,548.94,2026-01-10 20:09:18,TRANSFER,UPI,State Bank of India,IN,0,NORMAL_BANKING_FLOW
TX_SBI_101289,SBI_ACC_20049,SBI_ACC_20137,109.58,2026-01-10 18:01:04,TRANSFER,UPI,State Bank of India,IN,0,NORMAL_BANKING_FLOW
TX_SBI_101290,SBI_ACC_20171,SBI_ACC_20038,38.36,2026-01-10 20:31:55,TRANSFER,UPI,State Bank of India,IN,0,NORMAL_BANKING_FLOW
TX_SBI_101291,SBI_ACC_20003,BOB_ACC_20131,487.15,2026-01-10 16:57:30,TRANSFER,UPI,State Bank of India,IN,0,NORMAL_BANKING_FLOW
TX_SBI_101292,SBI_ACC_20089,SBI_ACC_20069,3995.8,2026-01-10 15:31:51,TRANSFER,UPI,State Bank of India,IN,0,NORMAL_BANKING_FLOW
TX_SBI_101293,SBI_ACC_20205,SBI_ACC_20062,328.3,2026-01-10 16:36:48,TRANSFER,IMPS,State Bank of India,IN,0,NORMAL_BANKING_FLOW
TX_SBI_101294,SBI_ACC_20156,BOB_ACC_20113,763.94,2026-01-10 16:58:45,TRANSFER,UPI,State Bank of India,IN,0,NORMAL_BANKING_FLOW
TX_SBI_101295,SBI_ACC_20120,HDFC_ACC_20027,358.46,2026-01-10 14:28:12,TRANSFER,UPI,State Bank of India,IN,0,NORMAL_BANKING_FLOW
TX_SBI_101296,SBI_ACC_20109,SBI_ACC_20181,299.2,2026-01-10 22:01:45,TRANSFER,UPI,State Bank of India,IN,0,NORMAL_BANKING_FLOW
TX_SBI_101297,SBI_ACC_20161,CANARA_ACC_20157,828.05,2026-01-11 03:04:48,TRANSFER,IMPS,State Bank of India,IN,0,NORMAL_BANKING_FLOW
TX_SBI_101298,SBI_ACC_20209,SBI_ACC_20194,247.08,2026-01-10 21:19:49,TRANSFER,UPI,State Bank of India,IN,0,NORMAL_BANKING_FLOW
TX_SBI_101299,SBI_ACC_20020,CANARA_ACC_20145,431.55,2026-01-11 04:33:06,TRANSFER,IMPS,State Bank of India,IN,0,NORMAL_BANKING_FLOW
TX_SBI_101300,SBI_ACC_20205,CANARA_ACC_20024,455.64,2026-01-10 16:17:57,TRANSFER,UPI,State Bank of India,IN,0,NORMAL_BANKING_FLOW
TX_SBI_101301,SBI_ACC_20164,CANARA_ACC_20120,169.34,2026-01-10 23:53:20,TRANSFER,UPI,State Bank of India,IN,0,NORMAL_BANKING_FLOW
TX_SBI_101302,SBI_ACC_20036,PNB_ACC_20233,890.73,2026-01-10 18:28:49,TRANSFER,IMPS,State Bank of India,IN,0,NORMAL_BANKING_FLOW
TX_SBI_101303,SBI_ACC_20179,INDUS_ACC_20201,277.28,2026-01-10 21:44:36,TRANSFER,UPI,State Bank of India,IN,0,NORMAL_BANKING_FLOW
TX_SBI_101304,SBI_ACC_20007,SBI_ACC_20029,155.13,2026-01-10 20:40:05,TRANSFER,UPI,State Bank of India,IN,0,NORMAL_BANKING_FLOW
TX_SBI_101305,SBI_ACC_20216,SBI_ACC_20196,564.82,2026-01-10 21:24:08,TRANSFER,UPI,State Bank of India,IN,0,NORMAL_BANKING_FLOW
TX_SBI_101306,SBI_ACC_20032,SBI_ACC_20104,134.5,2026-01-10 21:24:45,TRANSFER,UPI,State Bank of India,IN,0,NORMAL_BANKING_FLOW
TX_SBI_101307,SBI_ACC_20083,SBI_ACC_20018,339.74,2026-01-11 05:46:00,TRANSFER,UPI,State Bank of India,IN,0,NORMAL_BANKING_FLOW
TX_SBI_101308,SBI_ACC_20102,SBI_ACC_20061,327.3,2026-01-10 20:20:38,TRANSFER,UPI,State Bank of India,IN,0,NORMAL_BANKING_FLOW
TX_SBI_101309,SBI_ACC_20040,YES_ACC_20016,978.38,2026-01-11 03:37:12,TRANSFER,UPI,State Bank of India,IN,0,NORMAL_BANKING_FLOW
TX_SBI_101310,SBI_ACC_20177,SBI_ACC_20201,530.97,2026-01-10 21:05:24,TRANSFER,UPI,State Bank of India,IN,0,NORMAL_BANKING_FLOW
TX_SBI_101311,SBI_ACC_20087,SBI_ACC_20060,322.14,2026-01-10 23:17:00,TRANSFER,UPI,State Bank of India,IN,0,NORMAL_BANKING_FLOW
TX_SBI_101312,SBI_ACC_20019,CANARA_ACC_20029,748.27,2026-01-10 17:28:06,TRANSFER,UPI,State Bank of India,IN,0,NORMAL_BANKING_FLOW
TX_SBI_101313,SBI_ACC_20083,SBI_ACC_20211,1326.38,2026-01-11 02:57:04,TRANSFER,UPI,State Bank of India,IN,0,NORMAL_BANKING_FLOW
TX_SBI_101314,SBI_ACC_20244,SBI_ACC_20153,576.98,2026-01-10 23:40:59,TRANSFER,UPI,State Bank of India,IN,0,NORMAL_BANKING_FLOW
TX_SBI_101315,SBI_ACC_20152,YES_ACC_20083,333.74,2026-01-10 15:39:54,TRANSFER,UPI,State Bank of India,IN,0,NORMAL_BANKING_FLOW
TX_SBI_101316,SBI_ACC_20015,SBI_ACC_20210,88.96,2026-01-11 00:48:10,TRANSFER,UPI,State Bank of India,IN,0,NORMAL_BANKING_FLOW
TX_SBI_101317,SBI_ACC_20231,HDFC_ACC_20193,113.85,2026-01-10 16:24:28,TRANSFER,IMPS,State Bank of India,IN,0,NORMAL_BANKING_FLOW
TX_SBI_101318,SBI_ACC_20115,SBI_ACC_20099,243.42,2026-01-10 16:46:48,TRANSFER,UPI,State Bank of India,IN,0,NORMAL_BANKING_FLOW
TX_SBI_101319,SBI_ACC_20050,SBI_ACC_20225,179.56,2026-01-11 03:46:12,TRANSFER,UPI,State Bank of India,IN,0,NORMAL_BANKING_FLOW
TX_SBI_101320,SBI_ACC_20203,PNB_ACC_20235,273.97,2026-01-10 20:49:25,TRANSFER,UPI,State Bank of India,IN,0,NORMAL_BANKING_FLOW
TX_SBI_101321,SBI_ACC_20234,SBI_ACC_20022,349.55,2026-01-10 23:24:00,TRANSFER,UPI,State Bank of India,IN,0,NORMAL_BANKING_FLOW
TX_SBI_101322,SBI_ACC_20130,SBI_ACC_20032,560.98,2026-01-11 03:04:52,TRANSFER,UPI,State Bank of India,IN,0,NORMAL_BANKING_FLOW
TX_SBI_101323,SBI_ACC_20230,SBI_ACC_20013,307.82,2026-01-10 20:07:06,TRANSFER,UPI,State Bank of India,IN,0,NORMAL_BANKING_FLOW
TX_SBI_101324,SBI_ACC_20210,ICICI_ACC_20220,537.27,2026-01-10 13:30:45,TRANSFER,UPI,State Bank of India,IN,0,NORMAL_BANKING_FLOW
TX_SBI_101325,SBI_ACC_20060,SBI_ACC_20152,352.3,2026-01-10 20:08:12,TRANSFER,IMPS,State Bank of India,IN,0,NORMAL_BANKING_FLOW
TX_SBI_101326,SBI_ACC_20182,SBI_ACC_20097,45.81,2026-01-10 22:43:20,TRANSFER,UPI,State Bank of India,IN,0,NORMAL_BANKING_FLOW
TX_SBI_101327,SBI_ACC_20169,SBI_ACC_20035,129.11,2026-01-10 23:28:12,TRANSFER,UPI,State Bank of India,IN,0,NORMAL_BANKING_FLOW
TX_SBI_101328,SBI_ACC_20215,YES_ACC_20039,285.98,2026-01-10 17:57:09,TRANSFER,UPI,State Bank of India,IN,0,NORMAL_BANKING_FLOW
TX_SBI_101329,SBI_ACC_20171,SBI_ACC_20002,98.52,2026-01-10 20:10:24,TRANSFER,IMPS,State Bank of India,IN,0,NORMAL_BANKING_FLOW
TX_SBI_101330,SBI_ACC_20036,CANARA_ACC_20168,601.8,2026-01-10 15:00:51,TRANSFER,UPI,State Bank of India,IN,0,NORMAL_BANKING_FLOW
TX_SBI_101331,SBI_ACC_20034,SBI_ACC_20165,1526.53,2026-01-10 23:31:00,TRANSFER,IMPS,State Bank of India,IN,0,NORMAL_BANKING_FLOW
TX_SBI_101332,SBI_ACC_20228,YES_ACC_20159,1117.4,2026-01-10 23:09:31,TRANSFER,IMPS,State Bank of India,IN,0,NORMAL_BANKING_FLOW
TX_SBI_101333,SBI_ACC_20108,SBI_ACC_20116,266.82,2026-01-10 17:37:12,TRANSFER,UPI,State Bank of India,IN,0,NORMAL_BANKING_FLOW
TX_SBI_101334,SBI_ACC_20047,SBI_ACC_20001,1466.64,2026-01-10 22:26:27,TRANSFER,UPI,State Bank of India,IN,0,NORMAL_BANKING_FLOW
TX_SBI_101335,SBI_ACC_20187,SBI_ACC_20128,383.24,2026-01-11 02:53:54,TRANSFER,UPI,State Bank of India,IN,0,NORMAL_BANKING_FLOW
TX_SBI_101336,SBI_ACC_20139,SBI_ACC_20008,235.78,2026-01-10 19:52:00,TRANSFER,UPI,State Bank of India,IN,0,NORMAL_BANKING_FLOW
TX_SBI_101337,SBI_ACC_20180,SBI_ACC_20148,178.86,2026-01-10 14:18:32,TRANSFER,UPI,State Bank of India,IN,0,NORMAL_BANKING_FLOW
TX_SBI_101338,SBI_ACC_20020,SBI_ACC_20188,244.09,2026-01-11 00:42:45,TRANSFER,IMPS,State Bank of India,IN,0,NORMAL_BANKING_FLOW
TX_SBI_101339,SBI_ACC_20192,CANARA_ACC_20132,224.04,2026-01-11 01:50:24,TRANSFER,IMPS,State Bank of India,IN,0,NORMAL_BANKING_FLOW
TX_SBI_101340,SBI_ACC_20156,SBI_ACC_20120,391.67,2026-01-10 15:26:20,TRANSFER,UPI,State Bank of India,IN,0,NORMAL_BANKING_FLOW
TX_SBI_101341,SBI_ACC_20245,SBI_ACC_20175,387.83,2026-01-11 04:28:20,TRANSFER,UPI,State Bank of India,IN,0,NORMAL_BANKING_FLOW
TX_SBI_101342,SBI_ACC_20148,SBI_ACC_20013,331.31,2026-01-11 04:29:15,TRANSFER,UPI,State Bank of India,IN,0,NORMAL_BANKING_FLOW
TX_SBI_101343,SBI_ACC_20002,SBI_ACC_20132,511.29,2026-01-10 21:25:12,TRANSFER,UPI,State Bank of India,IN,0,NORMAL_BANKING_FLOW
TX_SBI_101344,SBI_ACC_20084,SBI_ACC_20246,1086.42,2026-01-11 00:47:15,TRANSFER,UPI,State Bank of India,IN,0,NORMAL_BANKING_FLOW
TX_SBI_101345,SBI_ACC_20009,SBI_ACC_20153,853.68,2026-01-10 20:19:12,TRANSFER,UPI,State Bank of India,IN,0,NORMAL_BANKING_FLOW
TX_SBI_101346,SBI_ACC_20144,SBI_ACC_20162,74.82,2026-01-10 20:42:10,TRANSFER,UPI,State Bank of India,IN,0,NORMAL_BANKING_FLOW
TX_SBI_101347,SBI_ACC_20146,SBI_ACC_20074,25.69,2026-01-11 00:49:30,TRANSFER,UPI,State Bank of India,IN,0,NORMAL_BANKING_FLOW
TX_SBI_101348,SBI_ACC_20124,SBI_ACC_20130,840.77,2026-01-11 04:12:18,TRANSFER,UPI,State Bank of India,IN,0,NORMAL_BANKING_FLOW
TX_SBI_101349,SBI_ACC_20071,SBI_ACC_20158,84.19,2026-01-10 15:06:52,TRANSFER,IMPS,State Bank of India,IN,0,NORMAL_BANKING_FLOW
TX_SBI_101350,SBI_ACC_20065,SBI_ACC_20028,263.81,2026-01-10 19:59:28,TRANSFER,UPI,State Bank of India,IN,0,NORMAL_BANKING_FLOW
TX_SBI_101351,SBI_ACC_20151,CANARA_ACC_20094,102.5,2026-01-11 03:52:30,TRANSFER,UPI,State Bank of India,IN,0,NORMAL_BANKING_FLOW
TX_SBI_101352,SBI_ACC_20179,SBI_ACC_20046,54.49,2026-01-10 17:45:26,TRANSFER,UPI,State Bank of India,IN,0,NORMAL_BANKING_FLOW
TX_SBI_101353,SBI_ACC_20087,AXIS_ACC_20152,567.63,2026-01-11 02:01:36,TRANSFER,IMPS,State Bank of India,IN,0,NORMAL_BANKING_FLOW
TX_SBI_101354,SBI_ACC_20192,YES_ACC_20060,705.68,2026-01-10 17:01:12,TRANSFER,IMPS,State Bank of India,IN,0,NORMAL_BANKING_FLOW
TX_SBI_101355,SBI_ACC_20163,SBI_ACC_20147,185.58,2026-01-11 05:26:18,TRANSFER,UPI,State Bank of India,IN,0,NORMAL_BANKING_FLOW
TX_SBI_101356,SBI_ACC_20067,ICICI_ACC_20013,24.75,2026-01-10 21:55:35,TRANSFER,UPI,State Bank of India,IN,0,NORMAL_BANKING_FLOW
TX_SBI_101357,SBI_ACC_20121,SBI_ACC_20192,191.28,2026-01-10 17:25:00,TRANSFER,UPI,State Bank of India,IN,0,NORMAL_BANKING_FLOW
TX_SBI_101358,SBI_ACC_20174,CANARA_ACC_20067,488.73,2026-01-11 02:28:13,TRANSFER,UPI,State Bank of India,IN,0,NORMAL_BANKING_FLOW
TX_SBI_101359,SBI_ACC_20111,SBI_ACC_20238,75.27,2026-01-10 17:03:12,TRANSFER,UPI,State Bank of India,IN,0,NORMAL_BANKING_FLOW
TX_SBI_101360,SBI_ACC_20080,HDFC_ACC_20024,396.77,2026-01-11 00:13:57,TRANSFER,UPI,State Bank of India,IN,0,NORMAL_BANKING_FLOW
TX_SBI_101361,SBI_ACC_20244,PNB_ACC_20085,325.28,2026-01-11 02:30:40,TRANSFER,UPI,State Bank of India,IN,0,NORMAL_BANKING_FLOW
TX_SBI_101362,SBI_ACC_20025,SBI_ACC_20150,589.51,2026-01-10 20:05:52,TRANSFER,UPI,State Bank of India,IN,0,NORMAL_BANKING_FLOW
TX_SBI_101363,SBI_ACC_20172,KOTAK_ACC_20133,372.26,2026-01-10 23:08:00,TRANSFER,UPI,State Bank of India,IN,0,NORMAL_BANKING_FLOW
TX_SBI_101364,SBI_ACC_20046,SBI_ACC_20002,124.83,2026-01-10 21:37:48,TRANSFER,UPI,State Bank of India,IN,0,NORMAL_BANKING_FLOW
TX_SBI_101365,SBI_ACC_20017,SBI_ACC_20026,1092.88,2026-01-11 05:58:32,TRANSFER,UPI,State Bank of India,IN,0,NORMAL_BANKING_FLOW
TX_SBI_101366,SBI_ACC_20114,SBI_ACC_20186,281.88,2026-01-11 02:12:00,TRANSFER,UPI,State Bank of India,IN,0,NORMAL_BANKING_FLOW
TX_SBI_101367,SBI_ACC_20008,SBI_ACC_20024,321.4,2026-01-10 20:31:18,TRANSFER,UPI,State Bank of India,IN,0,NORMAL_BANKING_FLOW
TX_SBI_101368,SBI_ACC_20168,KOTAK_ACC_20243,129.9,2026-01-10 14:50:06,TRANSFER,IMPS,State Bank of India,IN,0,NORMAL_BANKING_FLOW
TX_SBI_101369,SBI_ACC_20181,ICICI_ACC_20219,212.03,2026-01-11 04:08:24,TRANSFER,UPI,State Bank of India,IN,0,NORMAL_BANKING_FLOW
TX_SBI_101370,SBI_ACC_20168,AXIS_ACC_20229,136.35,2026-01-11 04:09:17,TRANSFER,UPI,State Bank of India,IN,0,NORMAL_BANKING_FLOW
TX_SBI_101371,SBI_ACC_20064,SBI_ACC_20170,277.84,2026-01-10 16:22:20,TRANSFER,UPI,State Bank of India,IN,0,NORMAL_BANKING_FLOW
TX_SBI_101372,SBI_ACC_20236,YES_ACC_20177,1829.34,2026-01-10 15:14:09,TRANSFER,UPI,State Bank of India,IN,0,NORMAL_BANKING_FLOW
TX_SBI_101373,SBI_ACC_20082,SBI_ACC_20200,83.77,2026-01-11 05:43:24,TRANSFER,UPI,State Bank of India,IN,0,NORMAL_BANKING_FLOW
TX_SBI_101374,SBI_ACC_20015,SBI_ACC_20086,65.79,2026-01-10 15:14:47,TRANSFER,UPI,State Bank of India,IN,0,NORMAL_BANKING_FLOW
TX_SBI_101375,SBI_ACC_20208,SBI_ACC_20112,1438.23,2026-01-10 14:52:12,TRANSFER,UPI,State Bank of India,IN,0,NORMAL_BANKING_FLOW
TX_SBI_101376,SBI_ACC_20237,SBI_ACC_20100,267.92,2026-01-10 15:15:25,TRANSFER,UPI,State Bank of India,IN,0,NORMAL_BANKING_FLOW
TX_SBI_101377,SBI_ACC_20027,SBI_ACC_20197,169.17,2026-01-10 17:56:16,TRANSFER,UPI,State Bank of India,IN,0,NORMAL_BANKING_FLOW
TX_SBI_101378,SBI_ACC_20164,SBI_ACC_20113,934.4,2026-01-11 00:03:54,TRANSFER,UPI,State Bank of India,IN,0,NORMAL_BANKING_FLOW
TX_SBI_101379,SBI_ACC_20008,SBI_ACC_20147,180.26,2026-01-11 06:58:00,TRANSFER,UPI,State Bank of India,IN,0,NORMAL_BANKING_FLOW
TX_SBI_101380,SBI_ACC_20004,AXIS_ACC_20167,2050.85,2026-01-10 19:52:29,TRANSFER,UPI,State Bank of India,IN,0,NORMAL_BANKING_FLOW
TX_SBI_101381,SBI_ACC_20009,SBI_ACC_20069,650.62,2026-01-11 05:05:00,TRANSFER,UPI,State Bank of India,IN,0,NORMAL_BANKING_FLOW
TX_SBI_101382,SBI_ACC_20231,SBI_ACC_20000,202.77,2026-01-10 17:12:24,TRANSFER,UPI,State Bank of India,IN,0,NORMAL_BANKING_FLOW
TX_SBI_101383,SBI_ACC_20197,SBI_ACC_20111,2856.37,2026-01-11 02:02:34,TRANSFER,UPI,State Bank of India,IN,0,NORMAL_BANKING_FLOW
TX_SBI_101384,SBI_ACC_20199,ICICI_ACC_20138,180.24,2026-01-10 23:22:00,TRANSFER,IMPS,State Bank of India,IN,0,NORMAL_BANKING_FLOW
TX_SBI_101385,SBI_ACC_20244,SBI_ACC_20199,693.74,2026-01-10 19:08:56,TRANSFER,UPI,State Bank of India,IN,0,NORMAL_BANKING_FLOW
TX_SBI_101386,SBI_ACC_20137,INDUS_ACC_20085,445.54,2026-01-11 01:18:45,TRANSFER,UPI,State Bank of India,IN,0,NORMAL_BANKING_FLOW
TX_SBI_101387,SBI_ACC_20014,SBI_ACC_20246,1214.08,2026-01-11 06:19:48,TRANSFER,UPI,State Bank of India,IN,0,NORMAL_BANKING_FLOW
TX_SBI_101388,SBI_ACC_20136,INDUS_ACC_20020,1574.21,2026-01-11 05:34:32,TRANSFER,UPI,State Bank of India,IN,0,NORMAL_BANKING_FLOW
TX_SBI_101389,SBI_ACC_20074,SBI_ACC_20045,341.04,2026-01-11 00:57:52,TRANSFER,UPI,State Bank of India,IN,0,NORMAL_BANKING_FLOW
TX_SBI_101390,SBI_ACC_20098,SBI_ACC_20076,155.49,2026-01-11 03:17:30,TRANSFER,UPI,State Bank of India,IN,0,NORMAL_BANKING_FLOW
TX_SBI_101391,SBI_ACC_20027,SBI_ACC_20092,523.2,2026-01-11 06:46:50,TRANSFER,UPI,State Bank of India,IN,0,NORMAL_BANKING_FLOW
TX_SBI_101392,SBI_ACC_20161,SBI_ACC_20048,167.72,2026-01-11 01:46:26,TRANSFER,UPI,State Bank of India,IN,0,NORMAL_BANKING_FLOW
TX_SBI_101393,SBI_ACC_20006,KOTAK_ACC_20125,2473.49,2026-01-10 16:53:36,TRANSFER,UPI,State Bank of India,IN,0,NORMAL_BANKING_FLOW
TX_SBI_101394,SBI_ACC_20138,SBI_ACC_20127,378.62,2026-01-10 23:05:27,TRANSFER,UPI,State Bank of India,IN,0,NORMAL_BANKING_FLOW
TX_SBI_101395,SBI_ACC_20207,SBI_ACC_20004,229.22,2026-01-11 02:58:26,TRANSFER,IMPS,State Bank of India,IN,0,NORMAL_BANKING_FLOW
TX_SBI_101396,SBI_ACC_20086,HDFC_ACC_20103,397.3,2026-01-10 14:35:15,TRANSFER,UPI,State Bank of India,IN,0,NORMAL_BANKING_FLOW
TX_SBI_101397,SBI_ACC_20167,SBI_ACC_20117,85.87,2026-01-10 16:31:52,TRANSFER,UPI,State Bank of India,IN,0,NORMAL_BANKING_FLOW
TX_SBI_101398,SBI_ACC_20137,SBI_ACC_20149,125.01,2026-01-11 06:30:26,TRANSFER,IMPS,State Bank of India,IN,0,NORMAL_BANKING_FLOW
TX_SBI_101399,SBI_ACC_20009,CANARA_ACC_20167,1097.09,2026-01-10 19:15:42,TRANSFER,IMPS,State Bank of India,IN,0,NORMAL_BANKING_FLOW
TX_SBI_101400,SBI_ACC_20235,SBI_ACC_20062,171.25,2026-01-10 14:13:04,TRANSFER,UPI,State Bank of India,IN,0,NORMAL_BANKING_FLOW
TX_SBI_101401,SBI_ACC_20003,SBI_ACC_20013,115.94,2026-01-11 06:56:40,TRANSFER,UPI,State Bank of India,IN,0,NORMAL_BANKING_FLOW
TX_SBI_101402,SBI_ACC_20024,SBI_ACC_20044,564.9,2026-01-10 21:13:54,TRANSFER,IMPS,State Bank of India,IN,0,NORMAL_BANKING_FLOW
TX_SBI_101403,SBI_ACC_20209,SBI_ACC_20127,1081.07,2026-01-11 04:15:04,TRANSFER,UPI,State Bank of India,IN,0,NORMAL_BANKING_FLOW
TX_SBI_101404,SBI_ACC_20056,SBI_ACC_20051,677.87,2026-01-11 04:39:19,TRANSFER,UPI,State Bank of India,IN,0,NORMAL_BANKING_FLOW
TX_SBI_101405,SBI_ACC_20213,YES_ACC_20083,894.31,2026-01-11 00:22:48,TRANSFER,UPI,State Bank of India,IN,0,NORMAL_BANKING_FLOW
TX_SBI_101406,SBI_ACC_20147,SBI_ACC_20082,154.97,2026-01-10 16:35:10,TRANSFER,IMPS,State Bank of India,IN,0,NORMAL_BANKING_FLOW
TX_SBI_101407,SBI_ACC_20151,SBI_ACC_20016,79.69,2026-01-10 18:56:08,TRANSFER,UPI,State Bank of India,IN,0,NORMAL_BANKING_FLOW
TX_SBI_101408,SBI_ACC_20193,SBI_ACC_20178,1482.28,2026-01-10 16:35:54,TRANSFER,UPI,State Bank of India,IN,0,NORMAL_BANKING_FLOW
TX_SBI_101409,SBI_ACC_20112,SBI_ACC_20149,239.2,2026-01-10 22:51:44,TRANSFER,UPI,State Bank of India,IN,0,NORMAL_BANKING_FLOW
TX_SBI_101410,SBI_ACC_20202,YES_ACC_20199,257.02,2026-01-10 14:39:13,TRANSFER,UPI,State Bank of India,IN,0,NORMAL_BANKING_FLOW
TX_SBI_101411,SBI_ACC_20124,SBI_ACC_20001,1246.62,2026-01-10 17:47:30,TRANSFER,UPI,State Bank of India,IN,0,NORMAL_BANKING_FLOW
TX_SBI_101412,SBI_ACC_20180,SBI_ACC_20228,576.07,2026-01-10 18:11:26,TRANSFER,IMPS,State Bank of India,IN,0,NORMAL_BANKING_FLOW
TX_SBI_101413,SBI_ACC_20206,CANARA_ACC_20177,521.07,2026-01-10 20:56:36,TRANSFER,UPI,State Bank of India,IN,0,NORMAL_BANKING_FLOW
TX_SBI_101414,SBI_ACC_20163,SBI_ACC_20115,2878.44,2026-01-10 17:01:39,TRANSFER,UPI,State Bank of India,IN,0,NORMAL_BANKING_FLOW
TX_SBI_101415,SBI_ACC_20044,SBI_ACC_20009,173.55,2026-01-11 00:06:14,TRANSFER,UPI,State Bank of India,IN,0,NORMAL_BANKING_FLOW
TX_SBI_101416,SBI_ACC_20127,SBI_ACC_20022,835.34,2026-01-11 04:49:55,TRANSFER,UPI,State Bank of India,IN,0,NORMAL_BANKING_FLOW
TX_SBI_101417,SBI_ACC_20077,SBI_ACC_20001,349.68,2026-01-11 05:38:00,TRANSFER,IMPS,State Bank of India,IN,0,NORMAL_BANKING_FLOW
TX_SBI_101418,SBI_ACC_20030,ICICI_ACC_20158,432.07,2026-01-11 03:40:50,TRANSFER,UPI,State Bank of India,IN,0,NORMAL_BANKING_FLOW
TX_SBI_101419,SBI_ACC_20138,SBI_ACC_20118,1523.05,2026-01-10 22:58:04,TRANSFER,IMPS,State Bank of India,IN,0,NORMAL_BANKING_FLOW
TX_SBI_101420,SBI_ACC_20070,SBI_ACC_20028,548.86,2026-01-11 05:40:45,TRANSFER,UPI,State Bank of India,IN,0,NORMAL_BANKING_FLOW
TX_SBI_101421,SBI_ACC_20247,CANARA_ACC_20045,565.83,2026-01-10 17:28:00,TRANSFER,UPI,State Bank of India,IN,0,NORMAL_BANKING_FLOW
TX_SBI_101422,SBI_ACC_20011,SBI_ACC_20094,965.37,2026-01-10 17:52:05,TRANSFER,UPI,State Bank of India,IN,0,NORMAL_BANKING_FLOW
TX_SBI_101423,SBI_ACC_20064,SBI_ACC_20207,229.3,2026-01-10 21:02:06,TRANSFER,UPI,State Bank of India,IN,0,NORMAL_BANKING_FLOW
TX_SBI_101424,SBI_ACC_20189,SBI_ACC_20137,142.71,2026-01-11 01:23:32,TRANSFER,UPI,State Bank of India,IN,0,NORMAL_BANKING_FLOW
TX_SBI_101425,SBI_ACC_20007,SBI_ACC_20030,116.19,2026-01-10 18:17:04,TRANSFER,UPI,State Bank of India,IN,0,NORMAL_BANKING_FLOW
TX_SBI_101426,SBI_ACC_20184,SBI_ACC_20148,46.23,2026-01-10 15:31:15,TRANSFER,IMPS,State Bank of India,IN,0,NORMAL_BANKING_FLOW
TX_SBI_101427,SBI_ACC_20191,SBI_ACC_20083,2581.71,2026-01-10 21:51:50,TRANSFER,UPI,State Bank of India,IN,0,NORMAL_BANKING_FLOW
TX_SBI_101428,SBI_ACC_20083,SBI_ACC_20060,109.59,2026-01-10 19:29:43,TRANSFER,UPI,State Bank of India,IN,0,NORMAL_BANKING_FLOW
TX_SBI_101429,SBI_ACC_20096,ICICI_ACC_20120,264.74,2026-01-11 00:15:48,TRANSFER,IMPS,State Bank of India,IN,0,NORMAL_BANKING_FLOW
TX_SBI_101430,SBI_ACC_20227,SBI_ACC_20055,250.43,2026-01-11 04:38:28,TRANSFER,UPI,State Bank of India,IN,0,NORMAL_BANKING_FLOW
TX_SBI_101431,SBI_ACC_20099,SBI_ACC_20118,449.17,2026-01-11 05:27:00,TRANSFER,UPI,State Bank of India,IN,0,NORMAL_BANKING_FLOW
TX_SBI_101432,SBI_ACC_20249,SBI_ACC_20085,746.76,2026-01-10 18:43:57,TRANSFER,UPI,State Bank of India,IN,0,NORMAL_BANKING_FLOW
TX_SBI_101433,SBI_ACC_20145,SBI_ACC_20034,780.92,2026-01-10 17:08:56,TRANSFER,UPI,State Bank of India,IN,0,NORMAL_BANKING_FLOW
TX_SBI_101434,SBI_ACC_20117,SBI_ACC_20195,184.37,2026-01-10 16:45:26,TRANSFER,IMPS,State Bank of India,IN,0,NORMAL_BANKING_FLOW
TX_SBI_101435,SBI_ACC_20075,SBI_ACC_20203,279.47,2026-01-10 22:20:24,TRANSFER,UPI,State Bank of India,IN,0,NORMAL_BANKING_FLOW
TX_SBI_101436,SBI_ACC_20231,SBI_ACC_20249,438.16,2026-01-11 05:55:25,TRANSFER,IMPS,State Bank of India,IN,0,NORMAL_BANKING_FLOW
TX_SBI_101437,SBI_ACC_20022,SBI_ACC_20134,257.57,2026-01-11 03:56:40,TRANSFER,IMPS,State Bank of India,IN,0,NORMAL_BANKING_FLOW
TX_SBI_101438,SBI_ACC_20055,SBI_ACC_20215,1648.05,2026-01-11 02:21:42,TRANSFER,IMPS,State Bank of India,IN,0,NORMAL_BANKING_FLOW
TX_SBI_101439,SBI_ACC_20186,SBI_ACC_20224,539.68,2026-01-11 01:34:32,TRANSFER,UPI,State Bank of India,IN,0,NORMAL_BANKING_FLOW
TX_SBI_101440,SBI_ACC_20111,SBI_ACC_20229,688.75,2026-01-10 19:59:30,TRANSFER,UPI,State Bank of India,IN,0,NORMAL_BANKING_FLOW
TX_SBI_101441,SBI_ACC_20233,SBI_ACC_20001,640.91,2026-01-11 04:48:00,TRANSFER,IMPS,State Bank of India,IN,0,NORMAL_BANKING_FLOW
TX_SBI_101442,SBI_ACC_20010,BOB_ACC_20008,1067.93,2026-01-11 00:24:41,TRANSFER,IMPS,State Bank of India,IN,0,NORMAL_BANKING_FLOW
TX_SBI_101443,SBI_ACC_20122,ICICI_ACC_20115,395.84,2026-01-11 00:49:24,TRANSFER,UPI,State Bank of India,IN,0,NORMAL_BANKING_FLOW
TX_SBI_101444,SBI_ACC_20142,YES_ACC_20243,90.3,2026-01-11 02:26:18,TRANSFER,UPI,State Bank of India,IN,0,NORMAL_BANKING_FLOW
TX_SBI_101445,SBI_ACC_20075,SBI_ACC_20023,492.6,2026-01-10 19:13:52,TRANSFER,UPI,State Bank of India,IN,0,NORMAL_BANKING_FLOW
TX_SBI_101446,SBI_ACC_20078,SBI_ACC_20118,172.2,2026-01-10 14:25:20,TRANSFER,UPI,State Bank of India,IN,0,NORMAL_BANKING_FLOW
TX_SBI_101447,SBI_ACC_20006,CANARA_ACC_20197,194.69,2026-01-11 04:29:06,TRANSFER,UPI,State Bank of India,IN,0,NORMAL_BANKING_FLOW
TX_SBI_101448,SBI_ACC_20103,SBI_ACC_20224,593.69,2026-01-10 17:14:41,TRANSFER,IMPS,State Bank of India,IN,0,NORMAL_BANKING_FLOW
TX_SBI_101449,SBI_ACC_20180,SBI_ACC_20221,1139.43,2026-01-10 23:17:04,TRANSFER,UPI,State Bank of India,IN,0,NORMAL_BANKING_FLOW
TX_SBI_101450,SBI_ACC_20228,SBI_ACC_20135,337.4,2026-01-11 06:08:15,TRANSFER,UPI,State Bank of India,IN,0,NORMAL_BANKING_FLOW
TX_SBI_101451,SBI_ACC_20192,SBI_ACC_20243,449.81,2026-01-10 14:50:50,TRANSFER,UPI,State Bank of India,IN,0,NORMAL_BANKING_FLOW
TX_SBI_101452,SBI_ACC_20203,SBI_ACC_20175,1812.05,2026-01-11 05:45:54,TRANSFER,UPI,State Bank of India,IN,0,NORMAL_BANKING_FLOW
TX_SBI_101453,SBI_ACC_20085,HDFC_ACC_20131,420.21,2026-01-10 16:04:00,TRANSFER,UPI,State Bank of India,IN,0,NORMAL_BANKING_FLOW
TX_SBI_101454,SBI_ACC_20013,SBI_ACC_20094,4454.56,2026-01-11 07:24:34,TRANSFER,UPI,State Bank of India,IN,0,NORMAL_BANKING_FLOW
TX_SBI_101455,SBI_ACC_20093,SBI_ACC_20166,581.44,2026-01-11 01:46:16,TRANSFER,UPI,State Bank of India,IN,0,NORMAL_BANKING_FLOW
TX_SBI_101456,SBI_ACC_20143,KOTAK_ACC_20035,56.78,2026-01-11 04:12:30,TRANSFER,UPI,State Bank of India,IN,0,NORMAL_BANKING_FLOW
TX_SBI_101457,SBI_ACC_20029,SBI_ACC_20189,701.58,2026-01-10 22:33:36,TRANSFER,UPI,State Bank of India,IN,0,NORMAL_BANKING_FLOW
TX_SBI_101458,SBI_ACC_20179,SBI_ACC_20191,483.55,2026-01-11 05:02:44,TRANSFER,IMPS,State Bank of India,IN,0,NORMAL_BANKING_FLOW
TX_SBI_101459,SBI_ACC_20229,SBI_ACC_20174,1199.61,2026-01-10 19:44:42,TRANSFER,UPI,State Bank of India,IN,0,NORMAL_BANKING_FLOW
TX_SBI_101460,SBI_ACC_20016,SBI_ACC_20116,647.54,2026-01-11 01:01:18,TRANSFER,UPI,State Bank of India,IN,0,NORMAL_BANKING_FLOW
TX_SBI_101461,SBI_ACC_20212,SBI_ACC_20181,287.59,2026-01-11 02:39:20,TRANSFER,UPI,State Bank of India,IN,0,NORMAL_BANKING_FLOW
TX_SBI_101462,SBI_ACC_20136,CANARA_ACC_20158,97.1,2026-01-11 03:53:09,TRANSFER,UPI,State Bank of India,IN,0,NORMAL_BANKING_FLOW
TX_SBI_101463,SBI_ACC_20242,SBI_ACC_20240,268.0,2026-01-10 23:25:56,TRANSFER,UPI,State Bank of India,IN,0,NORMAL_BANKING_FLOW
TX_SBI_101464,SBI_ACC_20226,SBI_ACC_20020,141.1,2026-01-10 15:43:17,TRANSFER,UPI,State Bank of India,IN,0,NORMAL_BANKING_FLOW
TX_SBI_101465,SBI_ACC_20073,ICICI_ACC_20027,184.84,2026-01-11 00:16:00,TRANSFER,IMPS,State Bank of India,IN,0,NORMAL_BANKING_FLOW
TX_SBI_101466,SBI_ACC_20178,SBI_ACC_20038,595.01,2026-01-10 18:10:25,TRANSFER,UPI,State Bank of India,IN,0,NORMAL_BANKING_FLOW
TX_SBI_101467,SBI_ACC_20160,SBI_ACC_20106,1754.44,2026-01-10 19:24:08,TRANSFER,UPI,State Bank of India,IN,0,NORMAL_BANKING_FLOW
TX_SBI_101468,SBI_ACC_20033,SBI_ACC_20108,490.13,2026-01-11 07:38:06,TRANSFER,UPI,State Bank of India,IN,0,NORMAL_BANKING_FLOW
TX_SBI_101469,SBI_ACC_20005,SBI_ACC_20017,99.89,2026-01-11 01:32:04,TRANSFER,UPI,State Bank of India,IN,0,NORMAL_BANKING_FLOW
TX_SBI_101470,SBI_ACC_20059,BOB_ACC_20165,515.22,2026-01-10 14:31:44,TRANSFER,IMPS,State Bank of India,IN,0,NORMAL_BANKING_FLOW
TX_SBI_101471,SBI_ACC_20087,SBI_ACC_20202,1092.95,2026-01-10 22:42:00,TRANSFER,UPI,State Bank of India,IN,0,NORMAL_BANKING_FLOW
TX_SBI_101472,SBI_ACC_20170,SBI_ACC_20216,179.51,2026-01-10 22:18:05,TRANSFER,UPI,State Bank of India,IN,0,NORMAL_BANKING_FLOW
TX_SBI_101473,SBI_ACC_20077,SBI_ACC_20230,288.87,2026-01-11 04:26:40,TRANSFER,UPI,State Bank of India,IN,0,NORMAL_BANKING_FLOW
TX_SBI_101474,SBI_ACC_20066,SBI_ACC_20096,335.19,2026-01-10 21:54:42,TRANSFER,UPI,State Bank of India,IN,0,NORMAL_BANKING_FLOW
TX_SBI_101475,SBI_ACC_20012,SBI_ACC_20073,150.67,2026-01-10 21:30:42,TRANSFER,UPI,State Bank of India,IN,0,NORMAL_BANKING_FLOW
TX_SBI_101476,SBI_ACC_20158,BOB_ACC_20073,631.62,2026-01-11 02:01:40,TRANSFER,IMPS,State Bank of India,IN,0,NORMAL_BANKING_FLOW
TX_SBI_101477,SBI_ACC_20214,AXIS_ACC_20041,292.67,2026-01-10 18:39:36,TRANSFER,IMPS,State Bank of India,IN,0,NORMAL_BANKING_FLOW
TX_SBI_101478,SBI_ACC_20081,SBI_ACC_20113,502.47,2026-01-10 20:18:30,TRANSFER,UPI,State Bank of India,IN,0,NORMAL_BANKING_FLOW
TX_SBI_101479,SBI_ACC_20052,SBI_ACC_20008,135.98,2026-01-10 20:43:38,TRANSFER,UPI,State Bank of India,IN,0,NORMAL_BANKING_FLOW
TX_SBI_101480,SBI_ACC_20088,SBI_ACC_20115,213.27,2026-01-11 07:25:03,TRANSFER,UPI,State Bank of India,IN,0,NORMAL_BANKING_FLOW
TX_SBI_101481,SBI_ACC_20136,SBI_ACC_20236,680.2,2026-01-11 04:08:40,TRANSFER,IMPS,State Bank of India,IN,0,NORMAL_BANKING_FLOW
TX_SBI_101482,SBI_ACC_20127,CANARA_ACC_20237,227.5,2026-01-10 14:34:56,TRANSFER,UPI,State Bank of India,IN,0,NORMAL_BANKING_FLOW
TX_SBI_101483,SBI_ACC_20248,BOB_ACC_20084,1857.46,2026-01-10 22:24:30,TRANSFER,UPI,State Bank of India,IN,0,NORMAL_BANKING_FLOW
TX_SBI_101484,SBI_ACC_20121,AXIS_ACC_20204,221.49,2026-01-11 07:04:08,TRANSFER,UPI,State Bank of India,IN,0,NORMAL_BANKING_FLOW
TX_SBI_101485,SBI_ACC_20236,SBI_ACC_20176,413.51,2026-01-11 05:01:24,TRANSFER,UPI,State Bank of India,IN,0,NORMAL_BANKING_FLOW
TX_SBI_101486,SBI_ACC_20230,SBI_ACC_20173,839.32,2026-01-10 17:04:30,TRANSFER,UPI,State Bank of India,IN,0,NORMAL_BANKING_FLOW
TX_SBI_101487,SBI_ACC_20006,SBI_ACC_20216,79.97,2026-01-11 04:38:20,TRANSFER,UPI,State Bank of India,IN,0,NORMAL_BANKING_FLOW
TX_SBI_101488,SBI_ACC_20023,SBI_ACC_20156,56.78,2026-01-10 19:58:43,TRANSFER,UPI,State Bank of India,IN,0,NORMAL_BANKING_FLOW
TX_SBI_101489,SBI_ACC_20134,SBI_ACC_20240,71.83,2026-01-11 07:08:48,TRANSFER,UPI,State Bank of India,IN,0,NORMAL_BANKING_FLOW
TX_SBI_101490,SBI_ACC_20021,SBI_ACC_20115,1167.46,2026-01-10 21:14:08,TRANSFER,UPI,State Bank of India,IN,0,NORMAL_BANKING_FLOW
TX_SBI_101491,SBI_ACC_20022,YES_ACC_20049,190.21,2026-01-11 08:00:20,TRANSFER,UPI,State Bank of India,IN,0,NORMAL_BANKING_FLOW
TX_SBI_101492,SBI_ACC_20154,SBI_ACC_20014,4265.01,2026-01-11 03:03:06,TRANSFER,UPI,State Bank of India,IN,0,NORMAL_BANKING_FLOW
TX_SBI_101493,SBI_ACC_20037,YES_ACC_20094,187.87,2026-01-11 07:37:24,TRANSFER,UPI,State Bank of India,IN,0,NORMAL_BANKING_FLOW
TX_SBI_101494,SBI_ACC_20072,SBI_ACC_20079,397.24,2026-01-11 00:10:27,TRANSFER,UPI,State Bank of India,IN,0,NORMAL_BANKING_FLOW
TX_SBI_101495,SBI_ACC_20022,SBI_ACC_20228,1543.97,2026-01-11 01:50:42,TRANSFER,IMPS,State Bank of India,IN,0,NORMAL_BANKING_FLOW
TX_SBI_101496,SBI_ACC_20106,PNB_ACC_20041,2455.52,2026-01-11 01:51:25,TRANSFER,UPI,State Bank of India,IN,0,NORMAL_BANKING_FLOW
TX_SBI_101497,SBI_ACC_20106,SBI_ACC_20151,2595.42,2026-01-11 01:27:12,TRANSFER,UPI,State Bank of India,IN,0,NORMAL_BANKING_FLOW
TX_SBI_101498,SBI_ACC_20053,SBI_ACC_20223,1105.85,2026-01-11 06:02:21,TRANSFER,UPI,State Bank of India,IN,0,NORMAL_BANKING_FLOW
TX_SBI_101499,SBI_ACC_20016,YES_ACC_20022,919.71,2026-01-11 03:58:24,TRANSFER,IMPS,State Bank of India,IN,0,NORMAL_BANKING_FLOW
TX_SBI_101500,SBI_ACC_20234,SBI_ACC_20044,597.36,2026-01-10 14:14:45,TRANSFER,UPI,State Bank of India,IN,0,NORMAL_BANKING_FLOW
TX_SBI_101501,SBI_ACC_20145,AXIS_ACC_20051,719.36,2026-01-11 04:50:00,TRANSFER,UPI,State Bank of India,IN,0,NORMAL_BANKING_FLOW
TX_SBI_101502,SBI_ACC_20074,SBI_ACC_20010,190.34,2026-01-10 18:50:26,TRANSFER,IMPS,State Bank of India,IN,0,NORMAL_BANKING_FLOW
TX_SBI_101503,SBI_ACC_20077,SBI_ACC_20190,145.74,2026-01-10 22:11:08,TRANSFER,IMPS,State Bank of India,IN,0,NORMAL_BANKING_FLOW
TX_SBI_101504,SBI_ACC_20202,SBI_ACC_20067,329.19,2026-01-11 02:22:12,TRANSFER,UPI,State Bank of India,IN,0,NORMAL_BANKING_FLOW
TX_SBI_101505,SBI_ACC_20213,SBI_ACC_20031,278.61,2026-01-10 22:12:16,TRANSFER,IMPS,State Bank of India,IN,0,NORMAL_BANKING_FLOW
TX_SBI_101506,SBI_ACC_20073,SBI_ACC_20126,209.93,2026-01-11 07:24:40,TRANSFER,UPI,State Bank of India,IN,0,NORMAL_BANKING_FLOW
TX_SBI_101507,SBI_ACC_20007,SBI_ACC_20071,662.74,2026-01-11 08:40:54,TRANSFER,UPI,State Bank of India,IN,0,NORMAL_BANKING_FLOW
TX_SBI_101508,SBI_ACC_20017,SBI_ACC_20093,858.6,2026-01-11 03:15:22,TRANSFER,IMPS,State Bank of India,IN,0,NORMAL_BANKING_FLOW
TX_SBI_101509,SBI_ACC_20111,CANARA_ACC_20249,360.83,2026-01-11 05:46:56,TRANSFER,UPI,State Bank of India,IN,0,NORMAL_BANKING_FLOW
TX_SBI_101510,SBI_ACC_20095,SBI_ACC_20148,1447.41,2026-01-11 08:43:51,TRANSFER,IMPS,State Bank of India,IN,0,NORMAL_BANKING_FLOW
TX_SBI_101511,SBI_ACC_20041,SBI_ACC_20037,105.46,2026-01-10 14:42:40,TRANSFER,IMPS,State Bank of India,IN,0,NORMAL_BANKING_FLOW
TX_SBI_101512,SBI_ACC_20177,SBI_ACC_20041,272.15,2026-01-10 22:41:25,TRANSFER,UPI,State Bank of India,IN,0,NORMAL_BANKING_FLOW
TX_SBI_101513,SBI_ACC_20107,SBI_ACC_20245,161.29,2026-01-10 15:33:36,TRANSFER,UPI,State Bank of India,IN,0,NORMAL_BANKING_FLOW
TX_SBI_101514,SBI_ACC_20074,SBI_ACC_20240,51.08,2026-01-10 23:33:01,TRANSFER,UPI,State Bank of India,IN,0,NORMAL_BANKING_FLOW
TX_SBI_101515,SBI_ACC_20196,SBI_ACC_20195,304.09,2026-01-10 15:59:26,TRANSFER,UPI,State Bank of India,IN,0,NORMAL_BANKING_FLOW
TX_SBI_101516,SBI_ACC_20042,SBI_ACC_20224,292.44,2026-01-10 16:50:15,TRANSFER,UPI,State Bank of India,IN,0,NORMAL_BANKING_FLOW
TX_SBI_101517,SBI_ACC_20175,PNB_ACC_20175,1500.34,2026-01-10 22:44:20,TRANSFER,IMPS,State Bank of India,IN,0,NORMAL_BANKING_FLOW
TX_SBI_101518,SBI_ACC_20024,SBI_ACC_20091,620.68,2026-01-11 08:51:43,TRANSFER,UPI,State Bank of India,IN,0,NORMAL_BANKING_FLOW
TX_SBI_101519,SBI_ACC_20132,SBI_ACC_20200,118.61,2026-01-10 18:07:12,TRANSFER,UPI,State Bank of India,IN,0,NORMAL_BANKING_FLOW
TX_SBI_101520,SBI_ACC_20235,ICICI_ACC_20055,2109.26,2026-01-11 03:24:34,TRANSFER,UPI,State Bank of India,IN,0,NORMAL_BANKING_FLOW
TX_SBI_101521,SBI_ACC_20212,SBI_ACC_20230,1119.94,2026-01-10 18:08:00,TRANSFER,UPI,State Bank of India,IN,0,NORMAL_BANKING_FLOW
TX_SBI_101522,SBI_ACC_20212,BOB_ACC_20182,591.17,2026-01-11 05:07:30,TRANSFER,UPI,State Bank of India,IN,0,NORMAL_BANKING_FLOW
TX_SBI_101523,SBI_ACC_20205,SBI_ACC_20117,263.36,2026-01-11 05:08:20,TRANSFER,UPI,State Bank of India,IN,0,NORMAL_BANKING_FLOW
TX_SBI_101524,SBI_ACC_20033,CANARA_ACC_20089,126.54,2026-01-10 16:02:17,TRANSFER,UPI,State Bank of India,IN,0,NORMAL_BANKING_FLOW
TX_SBI_101525,SBI_ACC_20035,BOB_ACC_20195,227.65,2026-01-10 22:23:36,TRANSFER,UPI,State Bank of India,IN,0,NORMAL_BANKING_FLOW
TX_SBI_101526,SBI_ACC_20077,SBI_ACC_20209,981.17,2026-01-10 23:15:00,TRANSFER,UPI,State Bank of India,IN,0,NORMAL_BANKING_FLOW
TX_SBI_101527,SBI_ACC_20219,SBI_ACC_20176,2174.57,2026-01-10 17:19:32,TRANSFER,UPI,State Bank of India,IN,0,NORMAL_BANKING_FLOW
TX_SBI_101528,SBI_ACC_20053,SBI_ACC_20020,1545.72,2026-01-10 20:18:03,TRANSFER,UPI,State Bank of India,IN,0,NORMAL_BANKING_FLOW
TX_SBI_101529,SBI_ACC_20200,SBI_ACC_20004,202.58,2026-01-11 01:49:36,TRANSFER,UPI,State Bank of India,IN,0,NORMAL_BANKING_FLOW
TX_SBI_101530,SBI_ACC_20010,SBI_ACC_20008,107.81,2026-01-11 03:06:45,TRANSFER,UPI,State Bank of India,IN,0,NORMAL_BANKING_FLOW
TX_SBI_101531,SBI_ACC_20015,SBI_ACC_20233,380.27,2026-01-11 08:13:30,TRANSFER,UPI,State Bank of India,IN,0,NORMAL_BANKING_FLOW
TX_SBI_101532,SBI_ACC_20077,SBI_ACC_20194,56.35,2026-01-10 21:11:01,TRANSFER,UPI,State Bank of India,IN,0,NORMAL_BANKING_FLOW
TX_SBI_101533,SBI_ACC_20235,SBI_ACC_20150,456.31,2026-01-10 16:56:12,TRANSFER,UPI,State Bank of India,IN,0,NORMAL_BANKING_FLOW
TX_SBI_101534,SBI_ACC_20089,SBI_ACC_20037,284.97,2026-01-10 19:29:51,TRANSFER,UPI,State Bank of India,IN,0,NORMAL_BANKING_FLOW
TX_SBI_101535,SBI_ACC_20089,SBI_ACC_20219,207.26,2026-01-10 21:38:08,TRANSFER,IMPS,State Bank of India,IN,0,NORMAL_BANKING_FLOW
TX_SBI_101536,SBI_ACC_20156,SBI_ACC_20145,67.04,2026-01-11 04:02:25,TRANSFER,UPI,State Bank of India,IN,0,NORMAL_BANKING_FLOW
TX_SBI_101537,SBI_ACC_20148,BOB_ACC_20055,552.03,2026-01-10 16:06:24,TRANSFER,UPI,State Bank of India,IN,0,NORMAL_BANKING_FLOW
TX_SBI_101538,SBI_ACC_20072,SBI_ACC_20194,193.89,2026-01-11 09:37:00,TRANSFER,UPI,State Bank of India,IN,0,NORMAL_BANKING_FLOW
TX_SBI_101539,SBI_ACC_20185,SBI_ACC_20054,102.52,2026-01-11 04:56:02,TRANSFER,UPI,State Bank of India,IN,0,NORMAL_BANKING_FLOW
TX_SBI_101540,SBI_ACC_20121,SBI_ACC_20151,18.69,2026-01-11 04:05:33,TRANSFER,IMPS,State Bank of India,IN,0,NORMAL_BANKING_FLOW
TX_SBI_101541,SBI_ACC_20245,SBI_ACC_20213,321.34,2026-01-10 19:07:20,TRANSFER,UPI,State Bank of India,IN,0,NORMAL_BANKING_FLOW
TX_SBI_101542,SBI_ACC_20108,SBI_ACC_20058,1943.51,2026-01-10 23:50:17,TRANSFER,IMPS,State Bank of India,IN,0,NORMAL_BANKING_FLOW
TX_SBI_101543,SBI_ACC_20080,SBI_ACC_20028,1739.34,2026-01-11 01:33:42,TRANSFER,UPI,State Bank of India,IN,0,NORMAL_BANKING_FLOW
TX_SBI_101544,SBI_ACC_20195,SBI_ACC_20073,209.12,2026-01-11 04:34:24,TRANSFER,UPI,State Bank of India,IN,0,NORMAL_BANKING_FLOW
TX_SBI_101545,SBI_ACC_20021,SBI_ACC_20030,180.87,2026-01-11 05:26:40,TRANSFER,UPI,State Bank of India,IN,0,NORMAL_BANKING_FLOW
TX_SBI_101546,SBI_ACC_20153,CANARA_ACC_20057,527.83,2026-01-11 00:44:15,TRANSFER,UPI,State Bank of India,IN,0,NORMAL_BANKING_FLOW
TX_SBI_101547,SBI_ACC_20218,SBI_ACC_20220,121.71,2026-01-11 05:28:20,TRANSFER,UPI,State Bank of India,IN,0,NORMAL_BANKING_FLOW
TX_SBI_101548,SBI_ACC_20205,SBI_ACC_20173,446.66,2026-01-10 16:09:53,TRANSFER,IMPS,State Bank of India,IN,0,NORMAL_BANKING_FLOW
TX_SBI_101549,SBI_ACC_20172,SBI_ACC_20026,710.58,2026-01-11 00:20:24,TRANSFER,UPI,State Bank of India,IN,0,NORMAL_BANKING_FLOW
TX_SBI_101550,SBI_ACC_20168,SBI_ACC_20030,1126.57,2026-01-11 01:12:40,TRANSFER,UPI,State Bank of India,IN,0,NORMAL_BANKING_FLOW
TX_SBI_101551,SBI_ACC_20177,SBI_ACC_20026,298.82,2026-01-10 18:20:00,TRANSFER,UPI,State Bank of India,IN,0,NORMAL_BANKING_FLOW
TX_SBI_101552,SBI_ACC_20249,SBI_ACC_20051,269.43,2026-01-10 18:46:15,TRANSFER,UPI,State Bank of India,IN,0,NORMAL_BANKING_FLOW
TX_SBI_101553,SBI_ACC_20103,SBI_ACC_20215,137.28,2026-01-11 06:50:56,TRANSFER,IMPS,State Bank of India,IN,0,NORMAL_BANKING_FLOW
TX_SBI_101554,SBI_ACC_20071,PNB_ACC_20193,144.48,2026-01-11 02:07:06,TRANSFER,UPI,State Bank of India,IN,0,NORMAL_BANKING_FLOW
TX_SBI_101555,SBI_ACC_20091,SBI_ACC_20155,263.36,2026-01-11 08:10:24,TRANSFER,IMPS,State Bank of India,IN,0,NORMAL_BANKING_FLOW
TX_SBI_101556,SBI_ACC_20130,SBI_ACC_20197,476.93,2026-01-11 01:16:40,TRANSFER,IMPS,State Bank of India,IN,0,NORMAL_BANKING_FLOW
TX_SBI_101557,SBI_ACC_20064,SBI_ACC_20059,823.52,2026-01-11 03:01:04,TRANSFER,UPI,State Bank of India,IN,0,NORMAL_BANKING_FLOW
TX_SBI_101558,SBI_ACC_20007,SBI_ACC_20014,147.94,2026-01-11 07:47:15,TRANSFER,IMPS,State Bank of India,IN,0,NORMAL_BANKING_FLOW
TX_SBI_101559,SBI_ACC_20006,YES_ACC_20154,1469.52,2026-01-10 16:13:22,TRANSFER,UPI,State Bank of India,IN,0,NORMAL_BANKING_FLOW
TX_SBI_101560,SBI_ACC_20077,SBI_ACC_20024,251.86,2026-01-11 09:07:02,TRANSFER,UPI,State Bank of India,IN,0,NORMAL_BANKING_FLOW
TX_SBI_101561,SBI_ACC_20133,CANARA_ACC_20051,323.32,2026-01-10 16:14:00,TRANSFER,UPI,State Bank of India,IN,0,NORMAL_BANKING_FLOW
TX_SBI_101562,SBI_ACC_20125,SBI_ACC_20139,156.46,2026-01-10 22:18:33,TRANSFER,UPI,State Bank of India,IN,0,NORMAL_BANKING_FLOW
TX_SBI_101563,SBI_ACC_20138,SBI_ACC_20244,29.25,2026-01-10 23:37:12,TRANSFER,IMPS,State Bank of India,IN,0,NORMAL_BANKING_FLOW
TX_SBI_101564,SBI_ACC_20225,YES_ACC_20115,799.55,2026-01-10 15:22:51,TRANSFER,IMPS,State Bank of India,IN,0,NORMAL_BANKING_FLOW
TX_SBI_101565,SBI_ACC_20113,SBI_ACC_20008,690.11,2026-01-10 23:12:20,TRANSFER,IMPS,State Bank of India,IN,0,NORMAL_BANKING_FLOW
TX_SBI_101566,SBI_ACC_20220,AXIS_ACC_20125,249.3,2026-01-10 19:18:10,TRANSFER,UPI,State Bank of India,IN,0,NORMAL_BANKING_FLOW
TX_SBI_101567,SBI_ACC_20183,SBI_ACC_20196,353.18,2026-01-11 02:16:12,TRANSFER,UPI,State Bank of India,IN,0,NORMAL_BANKING_FLOW
TX_SBI_101568,SBI_ACC_20125,SBI_ACC_20176,553.32,2026-01-10 17:34:34,TRANSFER,UPI,State Bank of India,IN,0,NORMAL_BANKING_FLOW
TX_SBI_101569,SBI_ACC_20121,SBI_ACC_20040,69.23,2026-01-11 05:20:32,TRANSFER,UPI,State Bank of India,IN,0,NORMAL_BANKING_FLOW
TX_SBI_101570,SBI_ACC_20067,SBI_ACC_20249,194.6,2026-01-11 04:29:03,TRANSFER,UPI,State Bank of India,IN,0,NORMAL_BANKING_FLOW
TX_SBI_101571,SBI_ACC_20090,PNB_ACC_20082,730.89,2026-01-11 01:00:30,TRANSFER,UPI,State Bank of India,IN,0,NORMAL_BANKING_FLOW
TX_SBI_101572,SBI_ACC_20011,SBI_ACC_20094,94.23,2026-01-10 15:51:18,TRANSFER,UPI,State Bank of India,IN,0,NORMAL_BANKING_FLOW
TX_SBI_101573,SBI_ACC_20149,SBI_ACC_20229,442.99,2026-01-11 00:09:24,TRANSFER,IMPS,State Bank of India,IN,0,NORMAL_BANKING_FLOW
TX_SBI_101574,SBI_ACC_20024,SBI_ACC_20092,85.07,2026-01-11 08:01:55,TRANSFER,UPI,State Bank of India,IN,0,NORMAL_BANKING_FLOW
TX_SBI_101575,SBI_ACC_20169,SBI_ACC_20060,526.59,2026-01-11 01:55:34,TRANSFER,UPI,State Bank of India,IN,0,NORMAL_BANKING_FLOW
TX_SBI_101576,SBI_ACC_20021,ICICI_ACC_20222,318.73,2026-01-11 08:30:00,TRANSFER,UPI,State Bank of India,IN,0,NORMAL_BANKING_FLOW
TX_SBI_101577,SBI_ACC_20043,SBI_ACC_20084,65.68,2026-01-10 22:53:04,TRANSFER,UPI,State Bank of India,IN,0,NORMAL_BANKING_FLOW
TX_SBI_101578,SBI_ACC_20221,SBI_ACC_20131,1058.64,2026-01-10 15:26:49,TRANSFER,UPI,State Bank of India,IN,0,NORMAL_BANKING_FLOW
TX_SBI_101579,SBI_ACC_20178,SBI_ACC_20005,158.45,2026-01-11 01:58:18,TRANSFER,UPI,State Bank of India,IN,0,NORMAL_BANKING_FLOW
TX_SBI_101580,SBI_ACC_20099,SBI_ACC_20025,146.9,2026-01-10 23:21:05,TRANSFER,UPI,State Bank of India,IN,0,NORMAL_BANKING_FLOW
TX_SBI_101581,SBI_ACC_20172,SBI_ACC_20127,403.66,2026-01-11 04:11:20,TRANSFER,UPI,State Bank of India,IN,0,NORMAL_BANKING_FLOW
TX_SBI_101582,SBI_ACC_20170,SBI_ACC_20157,1041.73,2026-01-11 04:38:27,TRANSFER,IMPS,State Bank of India,IN,0,NORMAL_BANKING_FLOW
TX_SBI_101583,SBI_ACC_20111,SBI_ACC_20163,119.6,2026-01-10 22:56:28,TRANSFER,UPI,State Bank of India,IN,0,NORMAL_BANKING_FLOW
TX_SBI_101584,SBI_ACC_20137,SBI_ACC_20067,351.31,2026-01-10 16:21:17,TRANSFER,IMPS,State Bank of India,IN,0,NORMAL_BANKING_FLOW
TX_SBI_101585,SBI_ACC_20146,SBI_ACC_20057,507.15,2026-01-10 15:55:12,TRANSFER,UPI,State Bank of India,IN,0,NORMAL_BANKING_FLOW
TX_SBI_101586,SBI_ACC_20023,ICICI_ACC_20151,660.57,2026-01-11 07:46:30,TRANSFER,UPI,State Bank of India,IN,0,NORMAL_BANKING_FLOW
TX_SBI_101587,SBI_ACC_20145,CANARA_ACC_20109,394.04,2026-01-10 23:51:36,TRANSFER,UPI,State Bank of India,IN,0,NORMAL_BANKING_FLOW
TX_SBI_101588,SBI_ACC_20019,SBI_ACC_20078,228.83,2026-01-10 20:20:36,TRANSFER,UPI,State Bank of India,IN,0,NORMAL_BANKING_FLOW
TX_SBI_101589,SBI_ACC_20110,SBI_ACC_20080,144.37,2026-01-11 04:43:56,TRANSFER,IMPS,State Bank of India,IN,0,NORMAL_BANKING_FLOW
TX_SBI_101590,SBI_ACC_20064,SBI_ACC_20117,360.01,2026-01-10 19:55:03,TRANSFER,UPI,State Bank of India,IN,0,NORMAL_BANKING_FLOW
TX_SBI_101591,SBI_ACC_20046,BOB_ACC_20220,113.05,2026-01-11 09:10:30,TRANSFER,UPI,State Bank of India,IN,0,NORMAL_BANKING_FLOW
TX_SBI_101592,SBI_ACC_20054,SBI_ACC_20211,17.79,2026-01-10 19:29:26,TRANSFER,UPI,State Bank of India,IN,0,NORMAL_BANKING_FLOW
TX_SBI_101593,SBI_ACC_20163,SBI_ACC_20157,511.1,2026-01-11 03:27:28,TRANSFER,UPI,State Bank of India,IN,0,NORMAL_BANKING_FLOW
TX_SBI_101594,SBI_ACC_20186,SBI_ACC_20133,815.61,2026-01-11 02:35:06,TRANSFER,IMPS,State Bank of India,IN,0,NORMAL_BANKING_FLOW
TX_SBI_101595,SBI_ACC_20037,SBI_ACC_20192,31.1,2026-01-10 19:57:18,TRANSFER,UPI,State Bank of India,IN,0,NORMAL_BANKING_FLOW
TX_SBI_101596,SBI_ACC_20216,SBI_ACC_20081,120.33,2026-01-11 09:41:50,TRANSFER,UPI,State Bank of India,IN,0,NORMAL_BANKING_FLOW
TX_SBI_101597,SBI_ACC_20216,SBI_ACC_20210,613.48,2026-01-10 16:25:24,TRANSFER,UPI,State Bank of India,IN,0,NORMAL_BANKING_FLOW
TX_SBI_101598,SBI_ACC_20065,SBI_ACC_20060,2585.04,2026-01-10 22:38:21,TRANSFER,UPI,State Bank of India,IN,0,NORMAL_BANKING_FLOW
TX_SBI_101599,SBI_ACC_20038,SBI_ACC_20063,337.24,2026-01-11 01:45:20,TRANSFER,UPI,State Bank of India,IN,0,NORMAL_BANKING_FLOW
TX_SBI_101600,SBI_ACC_20143,YES_ACC_20165,159.49,2026-01-10 23:06:06,TRANSFER,UPI,State Bank of India,IN,0,NORMAL_BANKING_FLOW
TX_SBI_101601,SBI_ACC_20069,SBI_ACC_20066,275.09,2026-01-10 15:33:20,TRANSFER,UPI,State Bank of India,IN,0,NORMAL_BANKING_FLOW
TX_SBI_101602,SBI_ACC_20045,SBI_ACC_20010,1306.2,2026-01-10 22:13:52,TRANSFER,UPI,State Bank of India,IN,0,NORMAL_BANKING_FLOW
TX_SBI_101603,SBI_ACC_20014,ICICI_ACC_20080,173.13,2026-01-11 04:28:12,TRANSFER,UPI,State Bank of India,IN,0,NORMAL_BANKING_FLOW
TX_SBI_101604,SBI_ACC_20016,YES_ACC_20229,148.53,2026-01-11 07:35:59,TRANSFER,UPI,State Bank of India,IN,0,NORMAL_BANKING_FLOW
TX_SBI_101605,SBI_ACC_20226,SBI_ACC_20242,203.82,2026-01-11 00:55:52,TRANSFER,UPI,State Bank of India,IN,0,NORMAL_BANKING_FLOW
TX_SBI_101606,SBI_ACC_20146,ICICI_ACC_20133,127.32,2026-01-10 18:15:15,TRANSFER,UPI,State Bank of India,IN,0,NORMAL_BANKING_FLOW
TX_SBI_101607,SBI_ACC_20243,BOB_ACC_20064,373.41,2026-01-11 09:25:42,TRANSFER,IMPS,State Bank of India,IN,0,NORMAL_BANKING_FLOW
TX_SBI_101608,SBI_ACC_20060,SBI_ACC_20198,1676.86,2026-01-11 04:32:02,TRANSFER,IMPS,State Bank of India,IN,0,NORMAL_BANKING_FLOW
TX_SBI_101609,SBI_ACC_20149,KOTAK_ACC_20239,456.27,2026-01-10 23:38:00,TRANSFER,UPI,State Bank of India,IN,0,NORMAL_BANKING_FLOW
TX_SBI_101610,SBI_ACC_20027,SBI_ACC_20249,256.63,2026-01-11 02:46:18,TRANSFER,UPI,State Bank of India,IN,0,NORMAL_BANKING_FLOW
TX_SBI_101611,SBI_ACC_20065,HDFC_ACC_20125,246.7,2026-01-10 22:18:40,TRANSFER,UPI,State Bank of India,IN,0,NORMAL_BANKING_FLOW
TX_SBI_101612,SBI_ACC_20242,SBI_ACC_20139,69.19,2026-01-11 05:55:39,TRANSFER,UPI,State Bank of India,IN,0,NORMAL_BANKING_FLOW
TX_SBI_101613,SBI_ACC_20063,AXIS_ACC_20092,798.8,2026-01-11 02:48:24,TRANSFER,UPI,State Bank of India,IN,0,NORMAL_BANKING_FLOW
TX_SBI_101614,SBI_ACC_20210,SBI_ACC_20165,305.57,2026-01-11 04:09:45,TRANSFER,UPI,State Bank of India,IN,0,NORMAL_BANKING_FLOW
TX_SBI_101615,SBI_ACC_20189,SBI_ACC_20241,275.76,2026-01-11 07:45:42,TRANSFER,UPI,State Bank of India,IN,0,NORMAL_BANKING_FLOW
TX_SBI_101616,SBI_ACC_20201,SBI_ACC_20064,8047.43,2026-01-10 16:04:30,TRANSFER,UPI,State Bank of India,IN,0,NORMAL_BANKING_FLOW
TX_SBI_101617,SBI_ACC_20163,INDUS_ACC_20231,445.3,2026-01-11 06:26:40,TRANSFER,UPI,State Bank of India,IN,0,NORMAL_BANKING_FLOW
TX_SBI_101618,SBI_ACC_20221,SBI_ACC_20113,155.74,2026-01-11 10:03:06,TRANSFER,UPI,State Bank of India,IN,0,NORMAL_BANKING_FLOW
TX_SBI_101619,SBI_ACC_20245,SBI_ACC_20234,215.65,2026-01-11 01:31:42,TRANSFER,UPI,State Bank of India,IN,0,NORMAL_BANKING_FLOW
TX_SBI_101620,SBI_ACC_20239,KOTAK_ACC_20076,1041.53,2026-01-10 21:56:29,TRANSFER,UPI,State Bank of India,IN,0,NORMAL_BANKING_FLOW
TX_SBI_101621,SBI_ACC_20041,INDUS_ACC_20225,369.91,2026-01-10 20:36:00,TRANSFER,IMPS,State Bank of India,IN,0,NORMAL_BANKING_FLOW
TX_SBI_101622,SBI_ACC_20008,SBI_ACC_20021,78.39,2026-01-11 09:12:56,TRANSFER,UPI,State Bank of India,IN,0,NORMAL_BANKING_FLOW
TX_SBI_101623,SBI_ACC_20105,INDUS_ACC_20183,828.18,2026-01-11 04:43:32,TRANSFER,UPI,State Bank of India,IN,0,NORMAL_BANKING_FLOW
TX_SBI_101624,SBI_ACC_20209,SBI_ACC_20041,169.33,2026-01-11 02:56:06,TRANSFER,IMPS,State Bank of India,IN,0,NORMAL_BANKING_FLOW
TX_SBI_101625,SBI_ACC_20016,SBI_ACC_20155,2150.16,2026-01-11 10:36:56,TRANSFER,UPI,State Bank of India,IN,0,NORMAL_BANKING_FLOW
TX_SBI_101626,SBI_ACC_20116,SBI_ACC_20196,972.67,2026-01-11 06:34:10,TRANSFER,UPI,State Bank of India,IN,0,NORMAL_BANKING_FLOW
TX_SBI_101627,SBI_ACC_20047,SBI_ACC_20203,211.17,2026-01-10 16:07:48,TRANSFER,UPI,State Bank of India,IN,0,NORMAL_BANKING_FLOW
TX_SBI_101628,SBI_ACC_20102,SBI_ACC_20078,1189.18,2026-01-11 09:18:32,TRANSFER,UPI,State Bank of India,IN,0,NORMAL_BANKING_FLOW
TX_SBI_101629,SBI_ACC_20028,SBI_ACC_20133,353.49,2026-01-10 23:49:40,TRANSFER,UPI,State Bank of India,IN,0,NORMAL_BANKING_FLOW
TX_SBI_101630,SBI_ACC_20212,SBI_ACC_20033,774.93,2026-01-11 11:09:00,TRANSFER,IMPS,State Bank of India,IN,0,NORMAL_BANKING_FLOW
TX_SBI_101631,SBI_ACC_20202,CANARA_ACC_20122,536.32,2026-01-11 07:59:50,TRANSFER,UPI,State Bank of India,IN,0,NORMAL_BANKING_FLOW
TX_SBI_101632,SBI_ACC_20175,SBI_ACC_20083,141.69,2026-01-10 18:25:13,TRANSFER,UPI,State Bank of India,IN,0,NORMAL_BANKING_FLOW
TX_SBI_101633,SBI_ACC_20106,SBI_ACC_20100,173.55,2026-01-10 22:57:36,TRANSFER,UPI,State Bank of India,IN,0,NORMAL_BANKING_FLOW
TX_SBI_101634,SBI_ACC_20226,SBI_ACC_20005,925.15,2026-01-11 01:41:27,TRANSFER,IMPS,State Bank of India,IN,0,NORMAL_BANKING_FLOW
TX_SBI_101635,SBI_ACC_20165,SBI_ACC_20058,236.33,2026-01-10 15:15:44,TRANSFER,IMPS,State Bank of India,IN,0,NORMAL_BANKING_FLOW
TX_SBI_101636,SBI_ACC_20050,SBI_ACC_20219,220.6,2026-01-10 17:05:00,TRANSFER,IMPS,State Bank of India,IN,0,NORMAL_BANKING_FLOW
TX_SBI_101637,SBI_ACC_20158,SBI_ACC_20066,127.09,2026-01-10 19:21:40,TRANSFER,UPI,State Bank of India,IN,0,NORMAL_BANKING_FLOW
TX_SBI_101638,SBI_ACC_20094,SBI_ACC_20146,504.52,2026-01-10 18:54:48,TRANSFER,UPI,State Bank of India,IN,0,NORMAL_BANKING_FLOW
TX_SBI_101639,SBI_ACC_20134,SBI_ACC_20236,2598.07,2026-01-10 18:00:36,TRANSFER,UPI,State Bank of India,IN,0,NORMAL_BANKING_FLOW
TX_SBI_101640,SBI_ACC_20126,SBI_ACC_20183,113.58,2026-01-11 04:01:56,TRANSFER,IMPS,State Bank of India,IN,0,NORMAL_BANKING_FLOW
TX_SBI_101641,SBI_ACC_20220,PNB_ACC_20073,338.4,2026-01-10 20:45:20,TRANSFER,UPI,State Bank of India,IN,0,NORMAL_BANKING_FLOW
TX_SBI_101642,SBI_ACC_20110,KOTAK_ACC_20210,1355.9,2026-01-11 04:58:06,TRANSFER,UPI,State Bank of India,IN,0,NORMAL_BANKING_FLOW
TX_SBI_101643,SBI_ACC_20048,SBI_ACC_20105,305.01,2026-01-10 23:03:06,TRANSFER,UPI,State Bank of India,IN,0,NORMAL_BANKING_FLOW
TX_SBI_101644,SBI_ACC_20249,SBI_ACC_20158,519.24,2026-01-10 18:57:12,TRANSFER,UPI,State Bank of India,IN,0,NORMAL_BANKING_FLOW
TX_SBI_101645,SBI_ACC_20094,SBI_ACC_20166,114.16,2026-01-11 03:38:12,TRANSFER,IMPS,State Bank of India,IN,0,NORMAL_BANKING_FLOW
TX_SBI_101646,SBI_ACC_20120,SBI_ACC_20082,506.9,2026-01-11 04:06:20,TRANSFER,UPI,State Bank of India,IN,0,NORMAL_BANKING_FLOW
TX_SBI_101647,SBI_ACC_20054,YES_ACC_20188,273.93,2026-01-11 10:58:34,TRANSFER,UPI,State Bank of India,IN,0,NORMAL_BANKING_FLOW
TX_SBI_101648,SBI_ACC_20024,SBI_ACC_20013,885.13,2026-01-11 08:14:51,TRANSFER,UPI,State Bank of India,IN,0,NORMAL_BANKING_FLOW
TX_SBI_101649,SBI_ACC_20120,HDFC_ACC_20001,1082.89,2026-01-11 00:28:48,TRANSFER,IMPS,State Bank of India,IN,0,NORMAL_BANKING_FLOW
TX_SBI_101650,SBI_ACC_20097,SBI_ACC_20102,4400.9,2026-01-10 22:11:59,TRANSFER,UPI,State Bank of India,IN,0,NORMAL_BANKING_FLOW
TX_SBI_101651,SBI_ACC_20247,HDFC_ACC_20148,589.71,2026-01-11 10:07:30,TRANSFER,UPI,State Bank of India,IN,0,NORMAL_BANKING_FLOW
TX_SBI_101652,SBI_ACC_20128,SBI_ACC_20086,457.51,2026-01-10 19:55:26,TRANSFER,UPI,State Bank of India,IN,0,NORMAL_BANKING_FLOW
TX_SBI_101653,SBI_ACC_20081,YES_ACC_20036,401.17,2026-01-11 04:11:28,TRANSFER,UPI,State Bank of India,IN,0,NORMAL_BANKING_FLOW
TX_SBI_101654,SBI_ACC_20011,CANARA_ACC_20223,232.02,2026-01-10 22:14:03,TRANSFER,UPI,State Bank of India,IN,0,NORMAL_BANKING_FLOW
TX_SBI_101655,SBI_ACC_20237,SBI_ACC_20231,463.35,2026-01-10 22:42:08,TRANSFER,UPI,State Bank of India,IN,0,NORMAL_BANKING_FLOW
TX_SBI_101656,SBI_ACC_20194,BOB_ACC_20080,245.82,2026-01-10 22:15:05,TRANSFER,UPI,State Bank of India,IN,0,NORMAL_BANKING_FLOW
TX_SBI_101657,SBI_ACC_20080,CANARA_ACC_20195,390.9,2026-01-11 03:19:12,TRANSFER,IMPS,State Bank of India,IN,0,NORMAL_BANKING_FLOW
TX_SBI_101658,SBI_ACC_20236,SBI_ACC_20204,1233.48,2026-01-10 19:02:48,TRANSFER,UPI,State Bank of India,IN,0,NORMAL_BANKING_FLOW
TX_SBI_101659,SBI_ACC_20038,SBI_ACC_20047,120.72,2026-01-11 03:48:14,TRANSFER,UPI,State Bank of India,IN,0,NORMAL_BANKING_FLOW
TX_SBI_101660,SBI_ACC_20041,YES_ACC_20029,1032.64,2026-01-10 15:50:03,TRANSFER,UPI,State Bank of India,IN,0,NORMAL_BANKING_FLOW
TX_SBI_101661,SBI_ACC_20091,BOB_ACC_20124,1232.89,2026-01-11 05:12:40,TRANSFER,UPI,State Bank of India,IN,0,NORMAL_BANKING_FLOW
TX_SBI_101662,SBI_ACC_20216,AXIS_ACC_20031,293.52,2026-01-11 04:18:04,TRANSFER,UPI,State Bank of India,IN,0,NORMAL_BANKING_FLOW
TX_SBI_101663,SBI_ACC_20222,SBI_ACC_20213,39.57,2026-01-11 01:04:54,TRANSFER,UPI,State Bank of India,IN,0,NORMAL_BANKING_FLOW
TX_SBI_101664,SBI_ACC_20210,SBI_ACC_20229,179.86,2026-01-10 19:32:55,TRANSFER,UPI,State Bank of India,IN,0,NORMAL_BANKING_FLOW
TX_SBI_101665,SBI_ACC_20149,HDFC_ACC_20134,1208.33,2026-01-11 10:20:48,TRANSFER,UPI,State Bank of India,IN,0,NORMAL_BANKING_FLOW
TX_SBI_101666,SBI_ACC_20235,SBI_ACC_20196,322.83,2026-01-11 07:35:15,TRANSFER,UPI,State Bank of India,IN,0,NORMAL_BANKING_FLOW
TX_SBI_101667,SBI_ACC_20227,SBI_ACC_20072,121.6,2026-01-11 05:17:16,TRANSFER,UPI,State Bank of India,IN,0,NORMAL_BANKING_FLOW
TX_SBI_101668,SBI_ACC_20031,SBI_ACC_20152,199.38,2026-01-11 10:51:26,TRANSFER,IMPS,State Bank of India,IN,0,NORMAL_BANKING_FLOW
TX_SBI_101669,SBI_ACC_20039,SBI_ACC_20118,765.57,2026-01-10 17:43:48,TRANSFER,IMPS,State Bank of India,IN,0,NORMAL_BANKING_FLOW
TX_SBI_101670,SBI_ACC_20116,SBI_ACC_20068,570.63,2026-01-11 11:49:00,TRANSFER,UPI,State Bank of India,IN,0,NORMAL_BANKING_FLOW
TX_SBI_101671,SBI_ACC_20084,CANARA_ACC_20083,260.1,2026-01-11 08:35:10,TRANSFER,UPI,State Bank of India,IN,0,NORMAL_BANKING_FLOW
TX_SBI_101672,SBI_ACC_20220,SBI_ACC_20164,228.87,2026-01-11 07:40:21,TRANSFER,UPI,State Bank of India,IN,0,NORMAL_BANKING_FLOW
TX_SBI_101673,SBI_ACC_20014,BOB_ACC_20243,223.24,2026-01-10 23:19:36,TRANSFER,UPI,State Bank of India,IN,0,NORMAL_BANKING_FLOW
TX_SBI_101674,SBI_ACC_20102,SBI_ACC_20061,131.31,2026-01-11 08:37:49,TRANSFER,UPI,State Bank of India,IN,0,NORMAL_BANKING_FLOW
TX_SBI_101675,SBI_ACC_20218,SBI_ACC_20099,1661.33,2026-01-11 02:36:00,TRANSFER,UPI,State Bank of India,IN,0,NORMAL_BANKING_FLOW
TX_SBI_101676,SBI_ACC_20192,AXIS_ACC_20030,239.29,2026-01-11 02:36:40,TRANSFER,UPI,State Bank of India,IN,0,NORMAL_BANKING_FLOW
TX_SBI_101677,SBI_ACC_20110,PNB_ACC_20231,1115.61,2026-01-10 23:49:44,TRANSFER,UPI,State Bank of India,IN,0,NORMAL_BANKING_FLOW
TX_SBI_101678,SBI_ACC_20091,SBI_ACC_20214,1512.19,2026-01-11 11:01:06,TRANSFER,UPI,State Bank of India,IN,0,NORMAL_BANKING_FLOW
TX_SBI_101679,SBI_ACC_20125,SBI_ACC_20099,896.33,2026-01-11 01:42:44,TRANSFER,UPI,State Bank of India,IN,0,NORMAL_BANKING_FLOW
TX_SBI_101680,SBI_ACC_20153,SBI_ACC_20194,214.52,2026-01-11 04:59:15,TRANSFER,UPI,State Bank of India,IN,0,NORMAL_BANKING_FLOW
TX_SBI_101681,SBI_ACC_20157,SBI_ACC_20162,494.59,2026-01-11 03:36:00,TRANSFER,IMPS,State Bank of India,IN,0,NORMAL_BANKING_FLOW
TX_SBI_101682,SBI_ACC_20131,SBI_ACC_20118,322.4,2026-01-11 03:36:42,TRANSFER,UPI,State Bank of India,IN,0,NORMAL_BANKING_FLOW
TX_SBI_101683,SBI_ACC_20175,CANARA_ACC_20134,133.79,2026-01-11 11:05:56,TRANSFER,UPI,State Bank of India,IN,0,NORMAL_BANKING_FLOW
TX_SBI_101684,SBI_ACC_20021,SBI_ACC_20112,456.85,2026-01-11 09:42:45,TRANSFER,UPI,State Bank of India,IN,0,NORMAL_BANKING_FLOW
TX_SBI_101685,SBI_ACC_20122,SBI_ACC_20032,101.59,2026-01-10 17:21:20,TRANSFER,IMPS,State Bank of India,IN,0,NORMAL_BANKING_FLOW
TX_SBI_101686,SBI_ACC_20215,SBI_ACC_20109,1083.2,2026-01-11 11:08:50,TRANSFER,IMPS,State Bank of India,IN,0,NORMAL_BANKING_FLOW
TX_SBI_101687,SBI_ACC_20141,SBI_ACC_20011,207.55,2026-01-10 23:27:18,TRANSFER,UPI,State Bank of India,IN,0,NORMAL_BANKING_FLOW
TX_SBI_101688,SBI_ACC_20108,SBI_ACC_20119,403.9,2026-01-11 06:01:29,TRANSFER,UPI,State Bank of India,IN,0,NORMAL_BANKING_FLOW
TX_SBI_101689,SBI_ACC_20208,SBI_ACC_20065,438.47,2026-01-11 10:43:36,TRANSFER,UPI,State Bank of India,IN,0,NORMAL_BANKING_FLOW
TX_SBI_101690,SBI_ACC_20128,SBI_ACC_20190,254.96,2026-01-11 08:23:48,TRANSFER,UPI,State Bank of India,IN,0,NORMAL_BANKING_FLOW
TX_SBI_101691,SBI_ACC_20201,SBI_ACC_20100,593.89,2026-01-11 10:45:30,TRANSFER,UPI,State Bank of India,IN,0,NORMAL_BANKING_FLOW
TX_SBI_101692,SBI_ACC_20224,INDUS_ACC_20150,205.43,2026-01-10 15:59:07,TRANSFER,UPI,State Bank of India,IN,0,NORMAL_BANKING_FLOW
TX_SBI_101693,SBI_ACC_20115,SBI_ACC_20067,789.42,2026-01-11 04:40:48,TRANSFER,UPI,State Bank of India,IN,0,NORMAL_BANKING_FLOW
TX_SBI_101694,SBI_ACC_20223,KOTAK_ACC_20047,85.97,2026-01-11 00:55:48,TRANSFER,IMPS,State Bank of India,IN,0,NORMAL_BANKING_FLOW
TX_SBI_101695,SBI_ACC_20154,SBI_ACC_20173,374.8,2026-01-10 17:24:40,TRANSFER,UPI,State Bank of India,IN,0,NORMAL_BANKING_FLOW
TX_SBI_101696,SBI_ACC_20004,SBI_ACC_20030,2296.01,2026-01-10 17:53:15,TRANSFER,UPI,State Bank of India,IN,0,NORMAL_BANKING_FLOW
TX_SBI_101697,SBI_ACC_20122,SBI_ACC_20103,121.47,2026-01-10 15:04:00,TRANSFER,UPI,State Bank of India,IN,0,NORMAL_BANKING_FLOW
TX_SBI_101698,SBI_ACC_20154,PNB_ACC_20158,167.71,2026-01-11 10:52:09,TRANSFER,IMPS,State Bank of India,IN,0,NORMAL_BANKING_FLOW
TX_SBI_101699,SBI_ACC_20172,YES_ACC_20205,552.2,2026-01-11 09:28:12,TRANSFER,UPI,State Bank of India,IN,0,NORMAL_BANKING_FLOW
TX_SBI_101700,SBI_ACC_20034,SBI_ACC_20028,395.28,2026-01-11 00:02:46,TRANSFER,UPI,State Bank of India,IN,0,NORMAL_BANKING_FLOW
TX_SBI_101701,SBI_ACC_20048,KOTAK_ACC_20123,469.01,2026-01-10 15:33:20,TRANSFER,UPI,State Bank of India,IN,0,NORMAL_BANKING_FLOW
TX_SBI_101702,SBI_ACC_20061,SBI_ACC_20161,538.72,2026-01-11 10:27:36,TRANSFER,UPI,State Bank of India,IN,0,NORMAL_BANKING_FLOW
TX_SBI_101703,SBI_ACC_20077,AXIS_ACC_20121,623.11,2026-01-11 07:09:58,TRANSFER,UPI,State Bank of India,IN,0,NORMAL_BANKING_FLOW
TX_SBI_101704,SBI_ACC_20042,CANARA_ACC_20246,1001.95,2026-01-11 03:52:06,TRANSFER,UPI,State Bank of India,IN,0,NORMAL_BANKING_FLOW
TX_SBI_101705,SBI_ACC_20220,SBI_ACC_20062,497.61,2026-01-11 05:46:24,TRANSFER,UPI,State Bank of India,IN,0,NORMAL_BANKING_FLOW
TX_SBI_101706,SBI_ACC_20212,HDFC_ACC_20085,259.5,2026-01-10 20:47:15,TRANSFER,UPI,State Bank of India,IN,0,NORMAL_BANKING_FLOW
TX_SBI_101707,SBI_ACC_20216,YES_ACC_20217,647.15,2026-01-10 15:06:30,TRANSFER,UPI,State Bank of India,IN,0,NORMAL_BANKING_FLOW
TX_SBI_101708,SBI_ACC_20152,PNB_ACC_20009,2208.09,2026-01-11 05:48:42,TRANSFER,UPI,State Bank of India,IN,0,NORMAL_BANKING_FLOW
TX_SBI_101709,SBI_ACC_20131,SBI_ACC_20157,289.27,2026-01-11 05:49:28,TRANSFER,UPI,State Bank of India,IN,0,NORMAL_BANKING_FLOW
TX_SBI_101710,SBI_ACC_20222,SBI_ACC_20182,124.65,2026-01-11 11:32:02,TRANSFER,IMPS,State Bank of India,IN,0,NORMAL_BANKING_FLOW
TX_SBI_101711,SBI_ACC_20108,SBI_ACC_20142,999.33,2026-01-10 16:33:00,TRANSFER,UPI,State Bank of India,IN,0,NORMAL_BANKING_FLOW
TX_SBI_101712,SBI_ACC_20165,SBI_ACC_20121,292.84,2026-01-10 17:01:49,TRANSFER,UPI,State Bank of India,IN,0,NORMAL_BANKING_FLOW
TX_SBI_101713,SBI_ACC_20240,SBI_ACC_20114,37.61,2026-01-10 18:27:44,TRANSFER,UPI,State Bank of India,IN,0,NORMAL_BANKING_FLOW
TX_SBI_101714,SBI_ACC_20041,SBI_ACC_20050,770.79,2026-01-11 12:04:27,TRANSFER,UPI,State Bank of India,IN,0,NORMAL_BANKING_FLOW
TX_SBI_101715,SBI_ACC_20059,SBI_ACC_20151,193.38,2026-01-11 05:25:30,TRANSFER,UPI,State Bank of India,IN,0,NORMAL_BANKING_FLOW
TX_SBI_101716,SBI_ACC_20154,CANARA_ACC_20033,301.71,2026-01-11 11:37:50,TRANSFER,UPI,State Bank of India,IN,0,NORMAL_BANKING_FLOW
TX_SBI_101717,SBI_ACC_20099,INDUS_ACC_20203,460.35,2026-01-10 23:43:48,TRANSFER,UPI,State Bank of India,IN,0,NORMAL_BANKING_FLOW
TX_SBI_101718,SBI_ACC_20216,SBI_ACC_20053,399.61,2026-01-11 05:27:45,TRANSFER,UPI,State Bank of India,IN,0,NORMAL_BANKING_FLOW
TX_SBI_101719,SBI_ACC_20022,SBI_ACC_20034,671.46,2026-01-10 23:44:54,TRANSFER,UPI,State Bank of India,IN,0,NORMAL_BANKING_FLOW
TX_SBI_101720,SBI_ACC_20155,SBI_ACC_20204,213.69,2026-01-10 20:24:54,TRANSFER,UPI,State Bank of India,IN,0,NORMAL_BANKING_FLOW
TX_SBI_101721,SBI_ACC_20126,SBI_ACC_20053,551.76,2026-01-11 03:35:20,TRANSFER,IMPS,State Bank of India,IN,0,NORMAL_BANKING_FLOW
TX_SBI_101722,SBI_ACC_20004,SBI_ACC_20067,254.79,2026-01-11 07:54:10,TRANSFER,UPI,State Bank of India,IN,0,NORMAL_BANKING_FLOW
TX_SBI_101723,SBI_ACC_20044,BOB_ACC_20008,691.46,2026-01-11 01:41:54,TRANSFER,UPI,State Bank of India,IN,0,NORMAL_BANKING_FLOW
TX_SBI_101724,SBI_ACC_20029,SBI_ACC_20031,611.17,2026-01-10 17:05:37,TRANSFER,UPI,State Bank of India,IN,0,NORMAL_BANKING_FLOW
TX_SBI_101725,SBI_ACC_20066,INDUS_ACC_20196,129.61,2026-01-11 07:56:40,TRANSFER,UPI,State Bank of India,IN,0,NORMAL_BANKING_FLOW
TX_SBI_101726,SBI_ACC_20142,SBI_ACC_20038,978.46,2026-01-10 16:08:45,TRANSFER,UPI,State Bank of India,IN,0,NORMAL_BANKING_FLOW
TX_SBI_101727,SBI_ACC_20154,SBI_ACC_20181,193.26,2026-01-11 12:17:14,TRANSFER,IMPS,State Bank of India,IN,0,NORMAL_BANKING_FLOW
TX_SBI_101728,SBI_ACC_20112,ICICI_ACC_20249,741.04,2026-01-10 16:38:06,TRANSFER,IMPS,State Bank of India,IN,0,NORMAL_BANKING_FLOW
TX_SBI_101729,SBI_ACC_20156,ICICI_ACC_20210,476.89,2026-01-10 18:04:48,TRANSFER,UPI,State Bank of India,IN,0,NORMAL_BANKING_FLOW
TX_SBI_101730,SBI_ACC_20026,SBI_ACC_20031,2075.97,2026-01-11 08:00:50,TRANSFER,UPI,State Bank of India,IN,0,NORMAL_BANKING_FLOW
TX_SBI_101731,SBI_ACC_20040,CANARA_ACC_20195,264.15,2026-01-10 21:27:20,TRANSFER,IMPS,State Bank of India,IN,0,NORMAL_BANKING_FLOW
TX_SBI_101732,SBI_ACC_20222,SBI_ACC_20165,232.92,2026-01-11 06:35:57,TRANSFER,UPI,State Bank of India,IN,0,NORMAL_BANKING_FLOW
TX_SBI_101733,SBI_ACC_20035,SBI_ACC_20052,323.95,2026-01-11 02:16:56,TRANSFER,UPI,State Bank of India,IN,0,NORMAL_BANKING_FLOW
TX_SBI_101734,SBI_ACC_20196,KOTAK_ACC_20213,243.92,2026-01-11 04:41:59,TRANSFER,IMPS,State Bank of India,IN,0,NORMAL_BANKING_FLOW
TX_SBI_101735,SBI_ACC_20129,SBI_ACC_20068,735.05,2026-01-11 05:40:30,TRANSFER,UPI,State Bank of India,IN,0,NORMAL_BANKING_FLOW
TX_SBI_101736,SBI_ACC_20106,SBI_ACC_20171,65.61,2026-01-11 02:18:50,TRANSFER,UPI,State Bank of India,IN,0,NORMAL_BANKING_FLOW
TX_SBI_101737,SBI_ACC_20192,SBI_ACC_20202,115.16,2026-01-10 22:28:00,TRANSFER,UPI,State Bank of India,IN,0,NORMAL_BANKING_FLOW
TX_SBI_101738,SBI_ACC_20109,SBI_ACC_20104,113.54,2026-01-10 21:59:33,TRANSFER,UPI,State Bank of India,IN,0,NORMAL_BANKING_FLOW
TX_SBI_101739,SBI_ACC_20132,INDUS_ACC_20241,854.32,2026-01-11 05:14:32,TRANSFER,IMPS,State Bank of India,IN,0,NORMAL_BANKING_FLOW
TX_SBI_101740,SBI_ACC_20197,SBI_ACC_20207,1827.33,2026-01-10 15:43:44,TRANSFER,UPI,State Bank of India,IN,0,NORMAL_BANKING_FLOW
TX_SBI_101741,SBI_ACC_20021,SBI_ACC_20103,297.54,2026-01-11 07:12:00,TRANSFER,IMPS,State Bank of India,IN,0,NORMAL_BANKING_FLOW
TX_SBI_101742,SBI_ACC_20100,AXIS_ACC_20231,278.99,2026-01-10 20:05:25,TRANSFER,UPI,State Bank of India,IN,0,NORMAL_BANKING_FLOW
TX_SBI_101743,SBI_ACC_20161,BOB_ACC_20249,354.27,2026-01-11 08:40:42,TRANSFER,UPI,State Bank of India,IN,0,NORMAL_BANKING_FLOW
TX_SBI_101744,SBI_ACC_20226,SBI_ACC_20141,1055.61,2026-01-10 23:58:39,TRANSFER,UPI,State Bank of India,IN,0,NORMAL_BANKING_FLOW
TX_SBI_101745,SBI_ACC_20080,HDFC_ACC_20211,130.67,2026-01-11 00:28:16,TRANSFER,UPI,State Bank of India,IN,0,NORMAL_BANKING_FLOW
TX_SBI_101746,SBI_ACC_20156,YES_ACC_20114,419.21,2026-01-10 23:30:40,TRANSFER,IMPS,State Bank of India,IN,0,NORMAL_BANKING_FLOW
TX_SBI_101747,SBI_ACC_20139,SBI_ACC_20159,875.85,2026-01-11 11:09:36,TRANSFER,UPI,State Bank of India,IN,0,NORMAL_BANKING_FLOW
TX_SBI_101748,SBI_ACC_20088,YES_ACC_20198,545.17,2026-01-11 11:10:32,TRANSFER,UPI,State Bank of India,IN,0,NORMAL_BANKING_FLOW
TX_SBI_101749,SBI_ACC_20021,SBI_ACC_20086,399.25,2026-01-10 21:06:36,TRANSFER,IMPS,State Bank of India,IN,0,NORMAL_BANKING_FLOW
TX_SBI_101750,SBI_ACC_20189,BOB_ACC_20138,898.79,2026-01-11 02:56:51,TRANSFER,UPI,State Bank of India,IN,0,NORMAL_BANKING_FLOW
TX_SBI_101751,SBI_ACC_20130,SBI_ACC_20134,22.13,2026-01-11 00:02:30,TRANSFER,UPI,State Bank of India,IN,0,NORMAL_BANKING_FLOW
TX_SBI_101752,SBI_ACC_20040,SBI_ACC_20228,650.59,2026-01-11 01:30:36,TRANSFER,UPI,State Bank of India,IN,0,NORMAL_BANKING_FLOW
TX_SBI_101753,SBI_ACC_20061,PNB_ACC_20185,171.73,2026-01-11 07:50:48,TRANSFER,UPI,State Bank of India,IN,0,NORMAL_BANKING_FLOW
TX_SBI_101754,SBI_ACC_20028,INDUS_ACC_20066,52.95,2026-01-11 04:27:06,TRANSFER,IMPS,State Bank of India,IN,0,NORMAL_BANKING_FLOW
TX_SBI_101755,SBI_ACC_20031,SBI_ACC_20167,550.71,2026-01-11 10:47:50,TRANSFER,UPI,State Bank of India,IN,0,NORMAL_BANKING_FLOW
TX_SBI_101756,SBI_ACC_20146,CANARA_ACC_20086,1304.61,2026-01-10 18:43:30,TRANSFER,UPI,State Bank of India,IN,0,NORMAL_BANKING_FLOW
TX_SBI_101757,SBI_ACC_20148,SBI_ACC_20229,287.88,2026-01-10 22:38:00,TRANSFER,IMPS,State Bank of India,IN,0,NORMAL_BANKING_FLOW
TX_SBI_101758,SBI_ACC_20216,SBI_ACC_20089,856.52,2026-01-11 10:50:35,TRANSFER,UPI,State Bank of India,IN,0,NORMAL_BANKING_FLOW
TX_SBI_101759,SBI_ACC_20200,AXIS_ACC_20182,1656.2,2026-01-11 00:36:12,TRANSFER,UPI,State Bank of India,IN,0,NORMAL_BANKING_FLOW
TX_SBI_101760,SBI_ACC_20063,SBI_ACC_20133,1230.18,2026-01-11 03:03:21,TRANSFER,UPI,State Bank of India,IN,0,NORMAL_BANKING_FLOW
TX_SBI_101761,SBI_ACC_20199,SBI_ACC_20025,1702.69,2026-01-11 09:25:20,TRANSFER,UPI,State Bank of India,IN,0,NORMAL_BANKING_FLOW
TX_SBI_101762,SBI_ACC_20212,SBI_ACC_20023,693.76,2026-01-10 19:44:24,TRANSFER,UPI,State Bank of India,IN,0,NORMAL_BANKING_FLOW
TX_SBI_101763,SBI_ACC_20033,SBI_ACC_20115,356.18,2026-01-10 16:48:36,TRANSFER,UPI,State Bank of India,IN,0,NORMAL_BANKING_FLOW
TX_SBI_101764,SBI_ACC_20134,SBI_ACC_20144,66.56,2026-01-10 17:18:17,TRANSFER,UPI,State Bank of India,IN,0,NORMAL_BANKING_FLOW
TX_SBI_101765,SBI_ACC_20223,SBI_ACC_20127,258.25,2026-01-11 07:31:12,TRANSFER,UPI,State Bank of India,IN,0,NORMAL_BANKING_FLOW
TX_SBI_101766,SBI_ACC_20112,SBI_ACC_20243,142.13,2026-01-11 10:57:55,TRANSFER,UPI,State Bank of India,IN,0,NORMAL_BANKING_FLOW
TX_SBI_101767,SBI_ACC_20106,AXIS_ACC_20129,2895.59,2026-01-11 06:33:56,TRANSFER,UPI,State Bank of India,IN,0,NORMAL_BANKING_FLOW
TX_SBI_101768,SBI_ACC_20117,SBI_ACC_20181,277.03,2026-01-10 19:17:21,TRANSFER,UPI,State Bank of India,IN,0,NORMAL_BANKING_FLOW
TX_SBI_101769,SBI_ACC_20030,SBI_ACC_20117,373.61,2026-01-11 07:04:56,TRANSFER,IMPS,State Bank of India,IN,0,NORMAL_BANKING_FLOW
TX_SBI_101770,SBI_ACC_20040,INDUS_ACC_20235,573.34,2026-01-11 06:06:45,TRANSFER,UPI,State Bank of India,IN,0,NORMAL_BANKING_FLOW
TX_SBI_101771,SBI_ACC_20104,SBI_ACC_20094,345.02,2026-01-10 18:49:00,TRANSFER,UPI,State Bank of India,IN,0,NORMAL_BANKING_FLOW
TX_SBI_101772,SBI_ACC_20133,SBI_ACC_20095,1799.12,2026-01-11 09:05:21,TRANSFER,UPI,State Bank of India,IN,0,NORMAL_BANKING_FLOW
TX_SBI_101773,SBI_ACC_20077,SBI_ACC_20007,177.21,2026-01-11 00:44:08,TRANSFER,IMPS,State Bank of India,IN,0,NORMAL_BANKING_FLOW
TX_SBI_101774,SBI_ACC_20150,SBI_ACC_20240,401.26,2026-01-10 19:49:12,TRANSFER,UPI,State Bank of India,IN,0,NORMAL_BANKING_FLOW
TX_SBI_101775,SBI_ACC_20055,SBI_ACC_20190,157.2,2026-01-11 00:45:16,TRANSFER,IMPS,State Bank of India,IN,0,NORMAL_BANKING_FLOW
TX_SBI_101776,SBI_ACC_20140,SBI_ACC_20223,88.23,2026-01-11 06:40:50,TRANSFER,UPI,State Bank of India,IN,0,NORMAL_BANKING_FLOW
TX_SBI_101777,SBI_ACC_20146,SBI_ACC_20115,179.15,2026-01-10 16:23:12,TRANSFER,UPI,State Bank of India,IN,0,NORMAL_BANKING_FLOW
TX_SBI_101778,SBI_ACC_20121,AXIS_ACC_20195,318.29,2026-01-11 01:46:12,TRANSFER,UPI,State Bank of India,IN,0,NORMAL_BANKING_FLOW
TX_SBI_101779,SBI_ACC_20117,CANARA_ACC_20038,215.01,2026-01-10 19:21:34,TRANSFER,UPI,State Bank of India,IN,0,NORMAL_BANKING_FLOW
TX_SBI_101780,SBI_ACC_20159,SBI_ACC_20104,165.27,2026-01-11 01:17:45,TRANSFER,UPI,State Bank of India,IN,0,NORMAL_BANKING_FLOW
TX_SBI_101781,SBI_ACC_20101,SBI_ACC_20011,80.94,2026-01-11 03:17:00,TRANSFER,UPI,State Bank of India,IN,0,NORMAL_BANKING_FLOW
TX_SBI_101782,SBI_ACC_20188,SBI_ACC_20022,303.96,2026-01-11 12:11:57,TRANSFER,IMPS,State Bank of India,IN,0,NORMAL_BANKING_FLOW
TX_SBI_101783,SBI_ACC_20146,SBI_ACC_20198,73.35,2026-01-10 20:22:30,TRANSFER,UPI,State Bank of India,IN,0,NORMAL_BANKING_FLOW
TX_SBI_101784,SBI_ACC_20165,SBI_ACC_20143,706.31,2026-01-11 13:43:00,TRANSFER,UPI,State Bank of India,IN,0,NORMAL_BANKING_FLOW
TX_SBI_101785,SBI_ACC_20158,SBI_ACC_20194,358.68,2026-01-10 17:54:40,TRANSFER,UPI,State Bank of India,IN,0,NORMAL_BANKING_FLOW
TX_SBI_101786,SBI_ACC_20133,SBI_ACC_20121,76.9,2026-01-10 16:55:30,TRANSFER,IMPS,State Bank of India,IN,0,NORMAL_BANKING_FLOW
TX_SBI_101787,SBI_ACC_20030,SBI_ACC_20137,242.45,2026-01-11 07:19:02,TRANSFER,IMPS,State Bank of India,IN,0,NORMAL_BANKING_FLOW
TX_SBI_101788,SBI_ACC_20070,KOTAK_ACC_20212,155.69,2026-01-10 20:54:22,TRANSFER,IMPS,State Bank of India,IN,0,NORMAL_BANKING_FLOW
TX_SBI_101789,SBI_ACC_20148,SBI_ACC_20207,454.49,2026-01-11 13:48:00,TRANSFER,IMPS,State Bank of India,IN,0,NORMAL_BANKING_FLOW
TX_SBI_101790,SBI_ACC_20102,SBI_ACC_20126,1262.0,2026-01-11 08:21:01,TRANSFER,UPI,State Bank of India,IN,0,NORMAL_BANKING_FLOW
TX_SBI_101791,SBI_ACC_20046,SBI_ACC_20221,50.64,2026-01-10 15:57:20,TRANSFER,UPI,State Bank of India,IN,0,NORMAL_BANKING_FLOW
TX_SBI_101792,SBI_ACC_20065,SBI_ACC_20025,370.56,2026-01-11 07:52:48,TRANSFER,UPI,State Bank of India,IN,0,NORMAL_BANKING_FLOW
TX_SBI_101793,SBI_ACC_20036,SBI_ACC_20197,281.43,2026-01-11 08:23:28,TRANSFER,UPI,State Bank of India,IN,0,NORMAL_BANKING_FLOW
TX_SBI_101794,SBI_ACC_20243,SBI_ACC_20043,646.35,2026-01-10 17:57:40,TRANSFER,UPI,State Bank of India,IN,0,NORMAL_BANKING_FLOW
TX_SBI_101795,SBI_ACC_20083,SBI_ACC_20183,408.79,2026-01-10 16:58:12,TRANSFER,UPI,State Bank of India,IN,0,NORMAL_BANKING_FLOW
TX_SBI_101796,SBI_ACC_20025,SBI_ACC_20106,155.72,2026-01-10 16:58:30,TRANSFER,UPI,State Bank of India,IN,0,NORMAL_BANKING_FLOW
TX_SBI_101797,SBI_ACC_20241,ICICI_ACC_20013,240.07,2026-01-11 01:27:40,TRANSFER,UPI,State Bank of India,IN,0,NORMAL_BANKING_FLOW
TX_SBI_101798,SBI_ACC_20152,SBI_ACC_20126,149.0,2026-01-10 21:28:39,TRANSFER,UPI,State Bank of India,IN,0,NORMAL_BANKING_FLOW
TX_SBI_101799,SBI_ACC_20098,PNB_ACC_20015,968.75,2026-01-11 07:28:26,TRANSFER,UPI,State Bank of India,IN,0,NORMAL_BANKING_FLOW
TX_SBI_101800,SBI_ACC_20104,SBI_ACC_20007,337.41,2026-01-11 01:29:25,TRANSFER,UPI,State Bank of India,IN,0,NORMAL_BANKING_FLOW
TX_SBI_101801,SBI_ACC_20233,PNB_ACC_20141,2210.98,2026-01-11 04:30:00,TRANSFER,UPI,State Bank of India,IN,0,NORMAL_BANKING_FLOW
TX_SBI_101802,SBI_ACC_20063,AXIS_ACC_20077,310.86,2026-01-11 10:00:52,TRANSFER,UPI,State Bank of India,IN,0,NORMAL_BANKING_FLOW
TX_SBI_101803,SBI_ACC_20021,BOB_ACC_20052,162.65,2026-01-11 09:31:42,TRANSFER,UPI,State Bank of India,IN,0,NORMAL_BANKING_FLOW
TX_SBI_101804,SBI_ACC_20043,BOB_ACC_20243,72.7,2026-01-10 20:01:12,TRANSFER,UPI,State Bank of India,IN,0,NORMAL_BANKING_FLOW
TX_SBI_101805,SBI_ACC_20142,SBI_ACC_20000,54.43,2026-01-11 05:02:48,TRANSFER,IMPS,State Bank of India,IN,0,NORMAL_BANKING_FLOW
TX_SBI_101806,SBI_ACC_20158,SBI_ACC_20249,67.75,2026-01-11 06:03:40,TRANSFER,IMPS,State Bank of India,IN,0,NORMAL_BANKING_FLOW
TX_SBI_101807,SBI_ACC_20238,PNB_ACC_20153,431.44,2026-01-10 20:32:30,TRANSFER,UPI,State Bank of India,IN,0,NORMAL_BANKING_FLOW
TX_SBI_101808,SBI_ACC_20097,KOTAK_ACC_20149,549.34,2026-01-10 23:33:37,TRANSFER,IMPS,State Bank of India,IN,0,NORMAL_BANKING_FLOW
TX_SBI_101809,SBI_ACC_20041,ICICI_ACC_20076,67.95,2026-01-11 07:36:16,TRANSFER,UPI,State Bank of India,IN,0,NORMAL_BANKING_FLOW
TX_SBI_101810,SBI_ACC_20031,BOB_ACC_20071,808.38,2026-01-10 18:03:00,TRANSFER,UPI,State Bank of India,IN,0,NORMAL_BANKING_FLOW
TX_SBI_101811,SBI_ACC_20129,INDUS_ACC_20226,203.76,2026-01-11 05:07:00,TRANSFER,UPI,State Bank of India,IN,0,NORMAL_BANKING_FLOW
TX_SBI_101812,SBI_ACC_20162,SBI_ACC_20193,382.52,2026-01-11 13:10:38,TRANSFER,IMPS,State Bank of India,IN,0,NORMAL_BANKING_FLOW
TX_SBI_101813,SBI_ACC_20062,SBI_ACC_20083,1656.1,2026-01-11 14:12:00,TRANSFER,UPI,State Bank of India,IN,0,NORMAL_BANKING_FLOW
TX_SBI_101814,SBI_ACC_20245,SBI_ACC_20004,809.84,2026-01-11 02:07:48,TRANSFER,UPI,State Bank of India,IN,0,NORMAL_BANKING_FLOW
TX_SBI_101815,SBI_ACC_20236,SBI_ACC_20121,252.51,2026-01-11 13:43:46,TRANSFER,UPI,State Bank of India,IN,0,NORMAL_BANKING_FLOW
TX_SBI_101816,SBI_ACC_20172,SBI_ACC_20142,135.48,2026-01-10 15:33:45,TRANSFER,IMPS,State Bank of India,IN,0,NORMAL_BANKING_FLOW
TX_SBI_101817,SBI_ACC_20195,SBI_ACC_20020,38.4,2026-01-11 13:45:44,TRANSFER,UPI,State Bank of India,IN,0,NORMAL_BANKING_FLOW
TX_SBI_101818,SBI_ACC_20137,SBI_ACC_20214,160.91,2026-01-11 12:15:52,TRANSFER,UPI,State Bank of India,IN,0,NORMAL_BANKING_FLOW
TX_SBI_101819,SBI_ACC_20031,SBI_ACC_20209,267.43,2026-01-11 12:47:06,TRANSFER,UPI,State Bank of India,IN,0,NORMAL_BANKING_FLOW
TX_SBI_101820,SBI_ACC_20091,SBI_ACC_20215,123.08,2026-01-11 03:42:21,TRANSFER,IMPS,State Bank of India,IN,0,NORMAL_BANKING_FLOW
TX_SBI_101821,SBI_ACC_20031,SBI_ACC_20240,289.67,2026-01-11 13:49:40,TRANSFER,IMPS,State Bank of India,IN,0,NORMAL_BANKING_FLOW
TX_SBI_101822,SBI_ACC_20056,PNB_ACC_20174,356.68,2026-01-10 21:39:27,TRANSFER,UPI,State Bank of India,IN,0,NORMAL_BANKING_FLOW
TX_SBI_101823,SBI_ACC_20023,PNB_ACC_20206,263.79,2026-01-11 14:22:00,TRANSFER,UPI,State Bank of India,IN,0,NORMAL_BANKING_FLOW
TX_SBI_101824,SBI_ACC_20126,HDFC_ACC_20071,172.43,2026-01-11 14:23:00,TRANSFER,UPI,State Bank of India,IN,0,NORMAL_BANKING_FLOW
TX_SBI_101825,SBI_ACC_20180,SBI_ACC_20001,390.98,2026-01-11 07:18:24,TRANSFER,IMPS,State Bank of India,IN,0,NORMAL_BANKING_FLOW
TX_SBI_101826,SBI_ACC_20163,SBI_ACC_20223,513.85,2026-01-10 21:41:15,TRANSFER,IMPS,State Bank of India,IN,0,NORMAL_BANKING_FLOW
TX_SBI_101827,SBI_ACC_20126,SBI_ACC_20049,111.01,2026-01-11 00:13:52,TRANSFER,UPI,State Bank of India,IN,0,NORMAL_BANKING_FLOW
TX_SBI_101828,SBI_ACC_20172,SBI_ACC_20144,1354.15,2026-01-11 12:55:39,TRANSFER,UPI,State Bank of India,IN,0,NORMAL_BANKING_FLOW
TX_SBI_101829,SBI_ACC_20032,AXIS_ACC_20066,299.29,2026-01-10 21:12:08,TRANSFER,UPI,State Bank of India,IN,0,NORMAL_BANKING_FLOW
TX_SBI_101830,SBI_ACC_20225,SBI_ACC_20200,336.58,2026-01-11 09:54:39,TRANSFER,IMPS,State Bank of India,IN,0,NORMAL_BANKING_FLOW
TX_SBI_101831,SBI_ACC_20173,SBI_ACC_20249,670.63,2026-01-11 00:16:00,TRANSFER,UPI,State Bank of India,IN,0,NORMAL_BANKING_FLOW
TX_SBI_101832,SBI_ACC_20157,SBI_ACC_20143,417.05,2026-01-11 14:00:29,TRANSFER,UPI,State Bank of India,IN,0,NORMAL_BANKING_FLOW
TX_SBI_101833,SBI_ACC_20109,SBI_ACC_20242,856.74,2026-01-11 06:23:28,TRANSFER,UPI,State Bank of India,IN,0,NORMAL_BANKING_FLOW
TX_SBI_101834,SBI_ACC_20240,SBI_ACC_20216,440.15,2026-01-11 12:30:48,TRANSFER,UPI,State Bank of India,IN,0,NORMAL_BANKING_FLOW
TX_SBI_101835,SBI_ACC_20174,SBI_ACC_20126,179.03,2026-01-11 04:53:14,TRANSFER,UPI,State Bank of India,IN,0,NORMAL_BANKING_FLOW
TX_SBI_101836,SBI_ACC_20011,KOTAK_ACC_20012,474.14,2026-01-11 03:22:10,TRANSFER,UPI,State Bank of India,IN,0,NORMAL_BANKING_FLOW
TX_SBI_101837,SBI_ACC_20136,SBI_ACC_20001,105.24,2026-01-11 00:19:12,TRANSFER,IMPS,State Bank of India,IN,0,NORMAL_BANKING_FLOW
TX_SBI_101838,SBI_ACC_20020,HDFC_ACC_20188,368.18,2026-01-11 04:24:40,TRANSFER,UPI,State Bank of India,IN,0,NORMAL_BANKING_FLOW
TX_SBI_101839,SBI_ACC_20108,KOTAK_ACC_20050,319.5,2026-01-10 22:48:22,TRANSFER,IMPS,State Bank of India,IN,0,NORMAL_BANKING_FLOW
TX_SBI_101840,SBI_ACC_20016,SBI_ACC_20025,268.24,2026-01-10 20:46:15,TRANSFER,UPI,State Bank of India,IN,0,NORMAL_BANKING_FLOW
TX_SBI_101841,SBI_ACC_20206,SBI_ACC_20204,290.46,2026-01-10 16:10:40,TRANSFER,UPI,State Bank of India,IN,0,NORMAL_BANKING_FLOW
TX_SBI_101842,SBI_ACC_20215,SBI_ACC_20027,50.31,2026-01-11 12:07:35,TRANSFER,IMPS,State Bank of India,IN,0,NORMAL_BANKING_FLOW
TX_SBI_101843,SBI_ACC_20087,INDUS_ACC_20133,190.81,2026-01-11 07:01:30,TRANSFER,UPI,State Bank of India,IN,0,NORMAL_BANKING_FLOW
TX_SBI_101844,SBI_ACC_20198,SBI_ACC_20112,362.43,2026-01-10 23:21:30,TRANSFER,IMPS,State Bank of India,IN,0,NORMAL_BANKING_FLOW
TX_SBI_101845,SBI_ACC_20148,SBI_ACC_20015,387.55,2026-01-10 18:45:24,TRANSFER,UPI,State Bank of India,IN,0,NORMAL_BANKING_FLOW
TX_SBI_101846,SBI_ACC_20227,ICICI_ACC_20200,118.19,2026-01-10 16:42:45,TRANSFER,UPI,State Bank of India,IN,0,NORMAL_BANKING_FLOW
TX_SBI_101847,SBI_ACC_20205,SBI_ACC_20077,1171.11,2026-01-10 19:47:38,TRANSFER,UPI,State Bank of India,IN,0,NORMAL_BANKING_FLOW
TX_SBI_101848,SBI_ACC_20016,SBI_ACC_20014,138.91,2026-01-11 11:42:18,TRANSFER,UPI,State Bank of India,IN,0,NORMAL_BANKING_FLOW
TX_SBI_101849,SBI_ACC_20217,SBI_ACC_20024,870.84,2026-01-11 09:40:00,TRANSFER,UPI,State Bank of India,IN,0,NORMAL_BANKING_FLOW
TX_SBI_101850,SBI_ACC_20059,HDFC_ACC_20116,506.33,2026-01-11 11:44:06,TRANSFER,UPI,State Bank of India,IN,0,NORMAL_BANKING_FLOW
TX_SBI_101851,SBI_ACC_20109,ICICI_ACC_20086,173.08,2026-01-11 04:02:30,TRANSFER,UPI,State Bank of India,IN,0,NORMAL_BANKING_FLOW
TX_SBI_101852,SBI_ACC_20200,SBI_ACC_20132,1949.47,2026-01-11 12:47:36,TRANSFER,IMPS,State Bank of India,IN,0,NORMAL_BANKING_FLOW
TX_SBI_101853,SBI_ACC_20027,SBI_ACC_20153,100.12,2026-01-11 02:31:12,TRANSFER,UPI,State Bank of India,IN,0,NORMAL_BANKING_FLOW
TX_SBI_101854,SBI_ACC_20202,AXIS_ACC_20163,828.12,2026-01-11 14:53:00,TRANSFER,UPI,State Bank of India,IN,0,NORMAL_BANKING_FLOW
TX_SBI_101855,SBI_ACC_20107,SBI_ACC_20159,898.37,2026-01-11 08:12:18,TRANSFER,UPI,State Bank of India,IN,0,NORMAL_BANKING_FLOW
TX_SBI_101856,SBI_ACC_20035,HDFC_ACC_20032,168.91,2026-01-11 06:09:25,TRANSFER,UPI,State Bank of India,IN,0,NORMAL_BANKING_FLOW
TX_SBI_101857,SBI_ACC_20131,INDUS_ACC_20079,1329.38,2026-01-11 01:31:44,TRANSFER,UPI,State Bank of India,IN,0,NORMAL_BANKING_FLOW
TX_SBI_101858,SBI_ACC_20198,SBI_ACC_20120,257.23,2026-01-11 10:49:24,TRANSFER,IMPS,State Bank of India,IN,0,NORMAL_BANKING_FLOW
TX_SBI_101859,SBI_ACC_20074,SBI_ACC_20002,440.85,2026-01-11 01:32:52,TRANSFER,UPI,State Bank of India,IN,0,NORMAL_BANKING_FLOW
TX_SBI_101860,SBI_ACC_20173,SBI_ACC_20060,428.51,2026-01-11 08:47:12,TRANSFER,UPI,State Bank of India,IN,0,NORMAL_BANKING_FLOW
TX_SBI_101861,SBI_ACC_20143,YES_ACC_20088,288.79,2026-01-11 08:17:00,TRANSFER,IMPS,State Bank of India,IN,0,NORMAL_BANKING_FLOW
TX_SBI_101862,SBI_ACC_20163,ICICI_ACC_20087,743.08,2026-01-10 21:57:27,TRANSFER,IMPS,State Bank of India,IN,0,NORMAL_BANKING_FLOW
TX_SBI_101863,SBI_ACC_20177,SBI_ACC_20119,730.32,2026-01-10 21:57:54,TRANSFER,UPI,State Bank of India,IN,0,NORMAL_BANKING_FLOW
TX_SBI_101864,SBI_ACC_20218,SBI_ACC_20247,57.48,2026-01-11 11:25:39,TRANSFER,UPI,State Bank of India,IN,0,NORMAL_BANKING_FLOW
TX_SBI_101865,SBI_ACC_20107,SBI_ACC_20026,1217.24,2026-01-11 02:38:24,TRANSFER,UPI,State Bank of India,IN,0,NORMAL_BANKING_FLOW
TX_SBI_101866,SBI_ACC_20233,SBI_ACC_20056,62.65,2026-01-11 06:47:40,TRANSFER,IMPS,State Bank of India,IN,0,NORMAL_BANKING_FLOW
TX_SBI_101867,SBI_ACC_20177,SBI_ACC_20159,927.55,2026-01-10 15:46:30,TRANSFER,UPI,State Bank of India,IN,0,NORMAL_BANKING_FLOW
TX_SBI_101868,SBI_ACC_20188,INDUS_ACC_20206,1019.13,2026-01-10 22:31:16,TRANSFER,UPI,State Bank of India,IN,0,NORMAL_BANKING_FLOW
TX_SBI_101869,SBI_ACC_20047,HDFC_ACC_20092,110.94,2026-01-11 04:14:12,TRANSFER,UPI,State Bank of India,IN,0,NORMAL_BANKING_FLOW
TX_SBI_101870,SBI_ACC_20007,SBI_ACC_20037,219.02,2026-01-10 15:47:15,TRANSFER,UPI,State Bank of India,IN,0,NORMAL_BANKING_FLOW
TX_SBI_101871,SBI_ACC_20161,SBI_ACC_20196,109.32,2026-01-11 01:08:30,TRANSFER,UPI,State Bank of India,IN,0,NORMAL_BANKING_FLOW
TX_SBI_101872,SBI_ACC_20007,SBI_ACC_20073,266.42,2026-01-11 03:44:58,TRANSFER,UPI,State Bank of India,IN,0,NORMAL_BANKING_FLOW
TX_SBI_101873,SBI_ACC_20067,INDUS_ACC_20216,242.73,2026-01-10 21:31:12,TRANSFER,UPI,State Bank of India,IN,0,NORMAL_BANKING_FLOW
TX_SBI_101874,SBI_ACC_20050,SBI_ACC_20216,720.29,2026-01-11 10:00:50,TRANSFER,UPI,State Bank of India,IN,0,NORMAL_BANKING_FLOW
TX_SBI_101875,SBI_ACC_20005,AXIS_ACC_20097,1224.53,2026-01-11 00:08:14,TRANSFER,IMPS,State Bank of India,IN,0,NORMAL_BANKING_FLOW
TX_SBI_101876,SBI_ACC_20028,SBI_ACC_20054,1333.66,2026-01-11 13:10:00,TRANSFER,UPI,State Bank of India,IN,0,NORMAL_BANKING_FLOW
TX_SBI_101877,SBI_ACC_20094,AXIS_ACC_20240,188.26,2026-01-11 01:43:04,TRANSFER,UPI,State Bank of India,IN,0,NORMAL_BANKING_FLOW
TX_SBI_101878,SBI_ACC_20159,ICICI_ACC_20030,267.94,2026-01-11 09:01:36,TRANSFER,IMPS,State Bank of India,IN,0,NORMAL_BANKING_FLOW
TX_SBI_101879,SBI_ACC_20033,KOTAK_ACC_20136,61.35,2026-01-10 20:31:12,TRANSFER,IMPS,State Bank of India,IN,0,NORMAL_BANKING_FLOW
TX_SBI_101880,SBI_ACC_20081,SBI_ACC_20163,147.54,2026-01-11 04:21:21,TRANSFER,UPI,State Bank of India,IN,0,NORMAL_BANKING_FLOW
TX_SBI_101881,SBI_ACC_20195,SBI_ACC_20048,866.84,2026-01-10 23:40:00,TRANSFER,IMPS,State Bank of India,IN,0,NORMAL_BANKING_FLOW
TX_SBI_101882,SBI_ACC_20038,SBI_ACC_20013,1661.68,2026-01-11 09:36:09,TRANSFER,UPI,State Bank of India,IN,0,NORMAL_BANKING_FLOW
TX_SBI_101883,SBI_ACC_20223,SBI_ACC_20130,96.13,2026-01-11 12:45:10,TRANSFER,UPI,State Bank of India,IN,0,NORMAL_BANKING_FLOW
TX_SBI_101884,SBI_ACC_20053,CANARA_ACC_20202,182.64,2026-01-11 11:11:56,TRANSFER,IMPS,State Bank of India,IN,0,NORMAL_BANKING_FLOW
TX_SBI_101885,SBI_ACC_20042,SBI_ACC_20193,321.69,2026-01-11 13:49:48,TRANSFER,UPI,State Bank of India,IN,0,NORMAL_BANKING_FLOW
TX_SBI_101886,SBI_ACC_20095,SBI_ACC_20119,437.1,2026-01-11 13:19:20,TRANSFER,UPI,State Bank of India,IN,0,NORMAL_BANKING_FLOW
TX_SBI_101887,SBI_ACC_20095,SBI_ACC_20124,146.99,2026-01-10 21:37:16,TRANSFER,UPI,State Bank of India,IN,0,NORMAL_BANKING_FLOW
TX_SBI_101888,SBI_ACC_20121,SBI_ACC_20102,504.75,2026-01-11 15:27:00,TRANSFER,IMPS,State Bank of India,IN,0,NORMAL_BANKING_FLOW
TX_SBI_101889,SBI_ACC_20149,SBI_ACC_20053,205.65,2026-01-11 12:50:40,TRANSFER,IMPS,State Bank of India,IN,0,NORMAL_BANKING_FLOW
TX_SBI_101890,SBI_ACC_20115,YES_ACC_20055,325.56,2026-01-10 23:13:01,TRANSFER,IMPS,State Bank of India,IN,0,NORMAL_BANKING_FLOW
TX_SBI_101891,SBI_ACC_20096,SBI_ACC_20240,570.37,2026-01-11 01:51:00,TRANSFER,UPI,State Bank of India,IN,0,NORMAL_BANKING_FLOW
TX_SBI_101892,SBI_ACC_20021,SBI_ACC_20022,332.43,2026-01-11 03:57:38,TRANSFER,UPI,State Bank of India,IN,0,NORMAL_BANKING_FLOW
TX_SBI_101893,SBI_ACC_20090,SBI_ACC_20010,213.5,2026-01-11 01:20:36,TRANSFER,UPI,State Bank of India,IN,0,NORMAL_BANKING_FLOW
TX_SBI_101894,SBI_ACC_20086,SBI_ACC_20120,296.01,2026-01-11 07:08:12,TRANSFER,UPI,State Bank of India,IN,0,NORMAL_BANKING_FLOW
TX_SBI_101895,SBI_ACC_20205,SBI_ACC_20069,302.37,2026-01-11 06:05:48,TRANSFER,UPI,State Bank of India,IN,0,NORMAL_BANKING_FLOW
TX_SBI_101896,SBI_ACC_20113,SBI_ACC_20166,228.15,2026-01-11 04:31:45,TRANSFER,UPI,State Bank of India,IN,0,NORMAL_BANKING_FLOW
TX_SBI_101897,SBI_ACC_20021,SBI_ACC_20129,254.98,2026-01-10 18:00:24,TRANSFER,UPI,State Bank of India,IN,0,NORMAL_BANKING_FLOW
TX_SBI_101898,SBI_ACC_20020,KOTAK_ACC_20025,1633.77,2026-01-11 08:45:59,TRANSFER,UPI,State Bank of India,IN,0,NORMAL_BANKING_FLOW
TX_SBI_101899,SBI_ACC_20009,SBI_ACC_20086,578.78,2026-01-10 19:35:56,TRANSFER,UPI,State Bank of India,IN,0,NORMAL_BANKING_FLOW
TX_SBI_101900,SBI_ACC_20064,SBI_ACC_20209,245.8,2026-01-10 22:14:33,TRANSFER,UPI,State Bank of India,IN,0,NORMAL_BANKING_FLOW
TX_SBI_101901,SBI_ACC_20048,AXIS_ACC_20218,663.12,2026-01-11 14:36:40,TRANSFER,IMPS,State Bank of India,IN,0,NORMAL_BANKING_FLOW
TX_SBI_101902,SBI_ACC_20233,SBI_ACC_20197,236.55,2026-01-11 15:41:00,TRANSFER,UPI,State Bank of India,IN,0,NORMAL_BANKING_FLOW
TX_SBI_101903,SBI_ACC_20088,YES_ACC_20242,1067.55,2026-01-11 01:57:48,TRANSFER,UPI,State Bank of India,IN,0,NORMAL_BANKING_FLOW
TX_SBI_101904,SBI_ACC_20193,SBI_ACC_20120,478.02,2026-01-11 05:08:40,TRANSFER,IMPS,State Bank of India,IN,0,NORMAL_BANKING_FLOW
TX_SBI_101905,SBI_ACC_20194,YES_ACC_20058,296.69,2026-01-11 13:37:04,TRANSFER,UPI,State Bank of India,IN,0,NORMAL_BANKING_FLOW
TX_SBI_101906,SBI_ACC_20053,SBI_ACC_20133,516.83,2026-01-10 23:20:45,TRANSFER,UPI,State Bank of India,IN,0,NORMAL_BANKING_FLOW
TX_SBI_101907,SBI_ACC_20193,SBI_ACC_20209,68.66,2026-01-11 11:31:52,TRANSFER,UPI,State Bank of India,IN,0,NORMAL_BANKING_FLOW
TX_SBI_101908,SBI_ACC_20021,SBI_ACC_20049,107.04,2026-01-11 07:18:28,TRANSFER,UPI,State Bank of India,IN,0,NORMAL_BANKING_FLOW
TX_SBI_101909,SBI_ACC_20178,SBI_ACC_20112,100.09,2026-01-11 06:15:36,TRANSFER,UPI,State Bank of India,IN,0,NORMAL_BANKING_FLOW
TX_SBI_101910,SBI_ACC_20007,SBI_ACC_20148,381.05,2026-01-11 06:48:07,TRANSFER,IMPS,State Bank of India,IN,0,NORMAL_BANKING_FLOW
TX_SBI_101911,SBI_ACC_20188,SBI_ACC_20208,1867.8,2026-01-10 20:12:10,TRANSFER,UPI,State Bank of India,IN,0,NORMAL_BANKING_FLOW
TX_SBI_101912,SBI_ACC_20086,SBI_ACC_20109,3075.74,2026-01-11 14:15:27,TRANSFER,IMPS,State Bank of India,IN,0,NORMAL_BANKING_FLOW
TX_SBI_101913,SBI_ACC_20195,BOB_ACC_20076,625.19,2026-01-11 14:48:16,TRANSFER,UPI,State Bank of India,IN,0,NORMAL_BANKING_FLOW
TX_SBI_101914,SBI_ACC_20145,AXIS_ACC_20039,545.03,2026-01-11 02:35:55,TRANSFER,UPI,State Bank of India,IN,0,NORMAL_BANKING_FLOW
TX_SBI_101915,SBI_ACC_20204,SBI_ACC_20155,54.54,2026-01-11 03:08:24,TRANSFER,UPI,State Bank of India,IN,0,NORMAL_BANKING_FLOW
TX_SBI_101916,SBI_ACC_20097,SBI_ACC_20101,191.97,2026-01-11 11:07:45,TRANSFER,IMPS,State Bank of India,IN,0,NORMAL_BANKING_FLOW
TX_SBI_101917,SBI_ACC_20048,SBI_ACC_20085,150.24,2026-01-10 18:06:44,TRANSFER,UPI,State Bank of India,IN,0,NORMAL_BANKING_FLOW
TX_SBI_101918,SBI_ACC_20163,ICICI_ACC_20043,177.53,2026-01-11 11:09:27,TRANSFER,IMPS,State Bank of India,IN,0,NORMAL_BANKING_FLOW
TX_SBI_101919,SBI_ACC_20045,SBI_ACC_20177,279.18,2026-01-10 19:11:18,TRANSFER,UPI,State Bank of India,IN,0,NORMAL_BANKING_FLOW
TX_SBI_101920,SBI_ACC_20047,SBI_ACC_20234,206.01,2026-01-11 12:15:07,TRANSFER,UPI,State Bank of India,IN,0,NORMAL_BANKING_FLOW
TX_SBI_101921,SBI_ACC_20059,SBI_ACC_20135,45.64,2026-01-11 04:48:00,TRANSFER,UPI,State Bank of India,IN,0,NORMAL_BANKING_FLOW
TX_SBI_101922,SBI_ACC_20094,SBI_ACC_20043,697.78,2026-01-10 18:08:19,TRANSFER,UPI,State Bank of India,IN,0,NORMAL_BANKING_FLOW
TX_SBI_101923,SBI_ACC_20105,SBI_ACC_20028,112.99,2026-01-11 02:41:10,TRANSFER,IMPS,State Bank of India,IN,0,NORMAL_BANKING_FLOW
TX_SBI_101924,SBI_ACC_20122,YES_ACC_20244,419.58,2026-01-10 20:17:09,TRANSFER,UPI,State Bank of India,IN,0,NORMAL_BANKING_FLOW
TX_SBI_101925,SBI_ACC_20052,SBI_ACC_20210,2628.27,2026-01-10 22:57:52,TRANSFER,UPI,State Bank of India,IN,0,NORMAL_BANKING_FLOW
TX_SBI_101926,SBI_ACC_20040,SBI_ACC_20241,131.71,2026-01-11 16:05:00,TRANSFER,UPI,State Bank of India,IN,0,NORMAL_BANKING_FLOW
TX_SBI_101927,SBI_ACC_20128,CANARA_ACC_20070,26.3,2026-01-11 02:11:24,TRANSFER,UPI,State Bank of India,IN,0,NORMAL_BANKING_FLOW
TX_SBI_101928,SBI_ACC_20036,SBI_ACC_20212,248.14,2026-01-10 22:27:09,TRANSFER,UPI,State Bank of India,IN,0,NORMAL_BANKING_FLOW
TX_SBI_101929,SBI_ACC_20063,SBI_ACC_20234,993.23,2026-01-11 05:25:20,TRANSFER,UPI,State Bank of India,IN,0,NORMAL_BANKING_FLOW
TX_SBI_101930,SBI_ACC_20117,SBI_ACC_20010,2341.03,2026-01-11 11:19:39,TRANSFER,IMPS,State Bank of India,IN,0,NORMAL_BANKING_FLOW
TX_SBI_101931,SBI_ACC_20225,INDUS_ACC_20179,96.59,2026-01-10 18:43:20,TRANSFER,UPI,State Bank of India,IN,0,NORMAL_BANKING_FLOW
TX_SBI_101932,SBI_ACC_20100,SBI_ACC_20208,542.78,2026-01-11 16:11:00,TRANSFER,UPI,State Bank of India,IN,0,NORMAL_BANKING_FLOW
TX_SBI_101933,SBI_ACC_20045,YES_ACC_20117,207.41,2026-01-10 21:57:12,TRANSFER,UPI,State Bank of India,IN,0,NORMAL_BANKING_FLOW
TX_SBI_101934,SBI_ACC_20046,SBI_ACC_20024,297.09,2026-01-11 04:56:27,TRANSFER,IMPS,State Bank of India,IN,0,NORMAL_BANKING_FLOW
TX_SBI_101935,SBI_ACC_20011,SBI_ACC_20223,4648.7,2026-01-11 05:29:20,TRANSFER,UPI,State Bank of India,IN,0,NORMAL_BANKING_FLOW
TX_SBI_101936,SBI_ACC_20160,SBI_ACC_20171,73.48,2026-01-10 21:26:15,TRANSFER,UPI,State Bank of India,IN,0,NORMAL_BANKING_FLOW
TX_SBI_101937,SBI_ACC_20184,CANARA_ACC_20105,425.7,2026-01-10 18:13:04,TRANSFER,UPI,State Bank of India,IN,0,NORMAL_BANKING_FLOW
TX_SBI_101938,SBI_ACC_20094,SBI_ACC_20026,527.26,2026-01-11 10:54:10,TRANSFER,UPI,State Bank of India,IN,0,NORMAL_BANKING_FLOW
TX_SBI_101939,SBI_ACC_20083,SBI_ACC_20042,978.27,2026-01-11 09:18:06,TRANSFER,UPI,State Bank of India,IN,0,NORMAL_BANKING_FLOW
TX_SBI_101940,SBI_ACC_20011,SBI_ACC_20019,364.3,2026-01-11 00:41:49,TRANSFER,UPI,State Bank of India,IN,0,NORMAL_BANKING_FLOW
TX_SBI_101941,SBI_ACC_20191,SBI_ACC_20087,449.46,2026-01-11 13:38:20,TRANSFER,UPI,State Bank of India,IN,0,NORMAL_BANKING_FLOW
TX_SBI_101942,SBI_ACC_20101,SBI_ACC_20064,223.26,2026-01-11 05:34:00,TRANSFER,IMPS,State Bank of India,IN,0,NORMAL_BANKING_FLOW
TX_SBI_101943,SBI_ACC_20034,SBI_ACC_20192,432.3,2026-01-10 19:52:04,TRANSFER,UPI,State Bank of India,IN,0,NORMAL_BANKING_FLOW
TX_SBI_101944,SBI_ACC_20017,SBI_ACC_20169,234.35,2026-01-11 07:44:52,TRANSFER,UPI,State Bank of India,IN,0,NORMAL_BANKING_FLOW
TX_SBI_101945,SBI_ACC_20112,SBI_ACC_20211,614.97,2026-01-11 00:12:00,TRANSFER,UPI,State Bank of India,IN,0,NORMAL_BANKING_FLOW
TX_SBI_101946,SBI_ACC_20043,ICICI_ACC_20045,228.24,2026-01-11 01:17:20,TRANSFER,IMPS,State Bank of India,IN,0,NORMAL_BANKING_FLOW
TX_SBI_101947,SBI_ACC_20189,SBI_ACC_20019,481.59,2026-01-11 01:50:18,TRANSFER,UPI,State Bank of India,IN,0,NORMAL_BANKING_FLOW
TX_SBI_101948,SBI_ACC_20173,SBI_ACC_20112,320.77,2026-01-11 14:49:39,TRANSFER,UPI,State Bank of India,IN,0,NORMAL_BANKING_FLOW
TX_SBI_101949,SBI_ACC_20182,SBI_ACC_20172,1018.46,2026-01-11 04:01:16,TRANSFER,UPI,State Bank of India,IN,0,NORMAL_BANKING_FLOW
TX_SBI_101950,SBI_ACC_20178,SBI_ACC_20162,313.75,2026-01-11 10:31:41,TRANSFER,UPI,State Bank of India,IN,0,NORMAL_BANKING_FLOW
TX_SBI_101951,SBI_ACC_20183,SBI_ACC_20026,56.09,2026-01-11 10:00:00,TRANSFER,UPI,State Bank of India,IN,0,NORMAL_BANKING_FLOW
TX_SBI_101952,SBI_ACC_20113,SBI_ACC_20001,1166.68,2026-01-11 05:08:09,TRANSFER,UPI,State Bank of India,IN,0,NORMAL_BANKING_FLOW
TX_SBI_101953,SBI_ACC_20196,SBI_ACC_20063,133.52,2026-01-10 17:45:36,TRANSFER,UPI,State Bank of India,IN,0,NORMAL_BANKING_FLOW
TX_SBI_101954,SBI_ACC_20051,SBI_ACC_20108,171.78,2026-01-11 04:36:54,TRANSFER,IMPS,State Bank of India,IN,0,NORMAL_BANKING_FLOW
TX_SBI_101955,SBI_ACC_20086,ICICI_ACC_20056,182.06,2026-01-10 16:41:04,TRANSFER,IMPS,State Bank of India,IN,0,NORMAL_BANKING_FLOW
TX_SBI_101956,SBI_ACC_20212,SBI_ACC_20185,1305.63,2026-01-10 19:24:15,TRANSFER,UPI,State Bank of India,IN,0,NORMAL_BANKING_FLOW
TX_SBI_101957,SBI_ACC_20131,SBI_ACC_20083,39.03,2026-01-10 21:35:00,TRANSFER,UPI,State Bank of India,IN,0,NORMAL_BANKING_FLOW
TX_SBI_101958,SBI_ACC_20048,SBI_ACC_20240,7614.03,2026-01-11 03:01:35,TRANSFER,UPI,State Bank of India,IN,0,NORMAL_BANKING_FLOW
TX_SBI_101959,SBI_ACC_20109,SBI_ACC_20054,949.62,2026-01-11 10:39:02,TRANSFER,UPI,State Bank of India,IN,0,NORMAL_BANKING_FLOW
TX_SBI_101960,SBI_ACC_20044,SBI_ACC_20168,412.91,2026-01-10 19:25:39,TRANSFER,UPI,State Bank of India,IN,0,NORMAL_BANKING_FLOW
TX_SBI_101961,SBI_ACC_20054,SBI_ACC_20016,312.66,2026-01-11 03:03:20,TRANSFER,UPI,State Bank of India,IN,0,NORMAL_BANKING_FLOW
TX_SBI_101962,SBI_ACC_20166,SBI_ACC_20011,439.46,2026-01-11 15:02:57,TRANSFER,IMPS,State Bank of India,IN,0,NORMAL_BANKING_FLOW
TX_SBI_101963,SBI_ACC_20105,SBI_ACC_20154,556.2,2026-01-10 18:21:18,TRANSFER,IMPS,State Bank of India,IN,0,NORMAL_BANKING_FLOW
TX_SBI_101964,SBI_ACC_20026,AXIS_ACC_20064,629.68,2026-01-11 09:04:58,TRANSFER,IMPS,State Bank of India,IN,0,NORMAL_BANKING_FLOW
TX_SBI_101965,SBI_ACC_20161,SBI_ACC_20174,575.71,2026-01-10 19:27:24,TRANSFER,UPI,State Bank of India,IN,0,NORMAL_BANKING_FLOW
TX_SBI_101966,SBI_ACC_20044,SBI_ACC_20227,361.25,2026-01-11 16:12:15,TRANSFER,UPI,State Bank of India,IN,0,NORMAL_BANKING_FLOW
TX_SBI_101967,SBI_ACC_20217,SBI_ACC_20017,271.15,2026-01-11 16:13:14,TRANSFER,UPI,State Bank of India,IN,0,NORMAL_BANKING_FLOW
TX_SBI_101968,SBI_ACC_20233,SBI_ACC_20097,283.93,2026-01-11 03:40:12,TRANSFER,UPI,State Bank of India,IN,0,NORMAL_BANKING_FLOW
TX_SBI_101969,SBI_ACC_20059,SBI_ACC_20181,271.81,2026-01-11 09:41:36,TRANSFER,UPI,State Bank of India,IN,0,NORMAL_BANKING_FLOW
TX_SBI_101970,SBI_ACC_20157,ICICI_ACC_20079,1026.36,2026-01-10 16:12:15,TRANSFER,UPI,State Bank of India,IN,0,NORMAL_BANKING_FLOW
TX_SBI_101971,SBI_ACC_20193,SBI_ACC_20020,597.98,2026-01-11 00:25:00,TRANSFER,UPI,State Bank of India,IN,0,NORMAL_BANKING_FLOW
TX_SBI_101972,SBI_ACC_20127,SBI_ACC_20038,17.45,2026-01-10 17:51:18,TRANSFER,UPI,State Bank of India,IN,0,NORMAL_BANKING_FLOW
TX_SBI_101973,SBI_ACC_20009,SBI_ACC_20186,636.45,2026-01-11 05:21:48,TRANSFER,UPI,State Bank of India,IN,0,NORMAL_BANKING_FLOW
TX_SBI_101974,SBI_ACC_20113,INDUS_ACC_20034,401.31,2026-01-11 13:02:49,TRANSFER,IMPS,State Bank of India,IN,0,NORMAL_BANKING_FLOW
TX_SBI_101975,SBI_ACC_20201,BOB_ACC_20202,324.18,2026-01-11 01:32:48,TRANSFER,UPI,State Bank of India,IN,0,NORMAL_BANKING_FLOW
TX_SBI_101976,SBI_ACC_20073,KOTAK_ACC_20216,223.96,2026-01-11 06:29:35,TRANSFER,UPI,State Bank of India,IN,0,NORMAL_BANKING_FLOW
TX_SBI_101977,SBI_ACC_20052,SBI_ACC_20233,1016.49,2026-01-11 03:45:36,TRANSFER,UPI,State Bank of India,IN,0,NORMAL_BANKING_FLOW
TX_SBI_101978,SBI_ACC_20205,SBI_ACC_20184,851.95,2026-01-11 15:18:09,TRANSFER,IMPS,State Bank of India,IN,0,NORMAL_BANKING_FLOW
TX_SBI_101979,SBI_ACC_20097,SBI_ACC_20046,152.49,2026-01-10 23:56:02,TRANSFER,UPI,State Bank of India,IN,0,NORMAL_BANKING_FLOW
TX_SBI_101980,SBI_ACC_20016,ICICI_ACC_20244,496.24,2026-01-11 07:38:17,TRANSFER,UPI,State Bank of India,IN,0,NORMAL_BANKING_FLOW
TX_SBI_101981,SBI_ACC_20036,AXIS_ACC_20023,125.0,2026-01-10 22:51:00,TRANSFER,UPI,State Bank of India,IN,0,NORMAL_BANKING_FLOW
TX_SBI_101982,SBI_ACC_20212,KOTAK_ACC_20060,83.13,2026-01-10 22:18:26,TRANSFER,UPI,State Bank of India,IN,0,NORMAL_BANKING_FLOW
TX_SBI_101983,SBI_ACC_20185,SBI_ACC_20042,176.49,2026-01-11 09:52:34,TRANSFER,UPI,State Bank of India,IN,0,NORMAL_BANKING_FLOW
TX_SBI_101984,SBI_ACC_20045,SBI_ACC_20078,782.42,2026-01-10 22:52:21,TRANSFER,UPI,State Bank of India,IN,0,NORMAL_BANKING_FLOW
TX_SBI_101985,SBI_ACC_20247,SBI_ACC_20069,856.73,2026-01-11 02:11:12,TRANSFER,UPI,State Bank of India,IN,0,NORMAL_BANKING_FLOW
TX_SBI_101986,SBI_ACC_20248,SBI_ACC_20096,551.74,2026-01-11 08:48:45,TRANSFER,UPI,State Bank of India,IN,0,NORMAL_BANKING_FLOW
TX_SBI_101987,SBI_ACC_20108,SBI_ACC_20189,682.05,2026-01-10 21:47:30,TRANSFER,UPI,State Bank of India,IN,0,NORMAL_BANKING_FLOW
TX_SBI_101988,SBI_ACC_20209,CANARA_ACC_20005,553.45,2026-01-11 07:10:54,TRANSFER,UPI,State Bank of India,IN,0,NORMAL_BANKING_FLOW
TX_SBI_101989,SBI_ACC_20021,PNB_ACC_20152,173.91,2026-01-11 05:32:12,TRANSFER,UPI,State Bank of India,IN,0,NORMAL_BANKING_FLOW
TX_SBI_101990,SBI_ACC_20186,SBI_ACC_20097,508.73,2026-01-11 11:04:21,TRANSFER,UPI,State Bank of India,IN,0,NORMAL_BANKING_FLOW
TX_SBI_101991,SBI_ACC_20072,SBI_ACC_20156,735.4,2026-01-11 08:19:20,TRANSFER,UPI,State Bank of India,IN,0,NORMAL_BANKING_FLOW
TX_SBI_101992,SBI_ACC_20034,KOTAK_ACC_20039,702.25,2026-01-11 08:53:15,TRANSFER,UPI,State Bank of India,IN,0,NORMAL_BANKING_FLOW
TX_SBI_101993,SBI_ACC_20220,SBI_ACC_20185,1084.54,2026-01-10 22:56:24,TRANSFER,UPI,State Bank of India,IN,0,NORMAL_BANKING_FLOW
TX_SBI_101994,SBI_ACC_20236,SBI_ACC_20101,670.69,2026-01-11 05:02:14,TRANSFER,UPI,State Bank of India,IN,0,NORMAL_BANKING_FLOW
TX_SBI_101995,SBI_ACC_20078,SBI_ACC_20151,469.4,2026-01-11 05:02:52,TRANSFER,UPI,State Bank of India,IN,0,NORMAL_BANKING_FLOW
TX_SBI_101996,SBI_ACC_20009,ICICI_ACC_20098,963.09,2026-01-10 18:31:45,TRANSFER,UPI,State Bank of India,IN,0,NORMAL_BANKING_FLOW
TX_SBI_101997,SBI_ACC_20195,SBI_ACC_20065,321.65,2026-01-11 12:16:36,TRANSFER,UPI,State Bank of India,IN,0,NORMAL_BANKING_FLOW
TX_SBI_101998,SBI_ACC_20125,SBI_ACC_20094,136.75,2026-01-11 04:31:29,TRANSFER,UPI,State Bank of India,IN,0,NORMAL_BANKING_FLOW
TX_SBI_101999,SBI_ACC_20098,KOTAK_ACC_20062,280.6,2026-01-11 16:44:42,TRANSFER,UPI,State Bank of India,IN,0,NORMAL_BANKING_FLOW
TX_SBI_102000,SBI_ACC_20208,SBI_ACC_20180,156.82,2026-01-11 08:59:15,TRANSFER,UPI,State Bank of India,IN,0,NORMAL_BANKING_FLOW
TX_SBI_102001,SBI_ACC_20170,SBI_ACC_20066,168.14,2026-01-11 16:13:20,TRANSFER,UPI,State Bank of India,IN,0,NORMAL_BANKING_FLOW
TX_SBI_102002,SBI_ACC_20174,SBI_ACC_20063,285.85,2026-01-11 13:27:33,TRANSFER,UPI,State Bank of India,IN,0,NORMAL_BANKING_FLOW
TX_SBI_102003,SBI_ACC_20169,HDFC_ACC_20029,149.54,2026-01-11 13:28:26,TRANSFER,UPI,State Bank of India,IN,0,NORMAL_BANKING_FLOW
TX_SBI_102004,SBI_ACC_20234,SBI_ACC_20180,242.75,2026-01-10 19:07:40,TRANSFER,UPI,State Bank of India,IN,0,NORMAL_BANKING_FLOW
TX_SBI_102005,SBI_ACC_20020,SBI_ACC_20049,49.72,2026-01-11 12:56:48,TRANSFER,IMPS,State Bank of India,IN,0,NORMAL_BANKING_FLOW
TX_SBI_102006,SBI_ACC_20109,SBI_ACC_20077,408.83,2026-01-11 07:23:30,TRANSFER,UPI,State Bank of India,IN,0,NORMAL_BANKING_FLOW
TX_SBI_102007,SBI_ACC_20168,PNB_ACC_20187,330.7,2026-01-11 10:11:22,TRANSFER,IMPS,State Bank of India,IN,0,NORMAL_BANKING_FLOW
TX_SBI_102008,SBI_ACC_20236,ICICI_ACC_20027,145.9,2026-01-11 06:51:27,TRANSFER,UPI,State Bank of India,IN,0,NORMAL_BANKING_FLOW
TX_SBI_102009,SBI_ACC_20204,SBI_ACC_20036,638.58,2026-01-11 14:40:40,TRANSFER,UPI,State Bank of India,IN,0,NORMAL_BANKING_FLOW
TX_SBI_102010,SBI_ACC_20238,PNB_ACC_20001,843.51,2026-01-11 01:51:28,TRANSFER,UPI,State Bank of India,IN,0,NORMAL_BANKING_FLOW
TX_SBI_102011,SBI_ACC_20000,SBI_ACC_20199,66.18,2026-01-10 21:57:30,TRANSFER,IMPS,State Bank of India,IN,0,NORMAL_BANKING_FLOW
TX_SBI_102012,SBI_ACC_20106,SBI_ACC_20188,154.05,2026-01-11 16:57:29,TRANSFER,UPI,State Bank of India,IN,0,NORMAL_BANKING_FLOW
TX_SBI_102013,SBI_ACC_20095,SBI_ACC_20034,153.06,2026-01-11 07:28:24,TRANSFER,UPI,State Bank of India,IN,0,NORMAL_BANKING_FLOW
TX_SBI_102014,SBI_ACC_20128,CANARA_ACC_20145,129.04,2026-01-10 23:05:51,TRANSFER,UPI,State Bank of India,IN,0,NORMAL_BANKING_FLOW
TX_SBI_102015,SBI_ACC_20015,KOTAK_ACC_20066,757.08,2026-01-10 23:39:52,TRANSFER,UPI,State Bank of India,IN,0,NORMAL_BANKING_FLOW
TX_SBI_102016,SBI_ACC_20233,SBI_ACC_20222,272.1,2026-01-11 06:56:55,TRANSFER,UPI,State Bank of India,IN,0,NORMAL_BANKING_FLOW
TX_SBI_102017,SBI_ACC_20075,SBI_ACC_20031,253.53,2026-01-11 14:48:00,TRANSFER,UPI,State Bank of India,IN,0,NORMAL_BANKING_FLOW
TX_SBI_102018,SBI_ACC_20007,SBI_ACC_20123,44.53,2026-01-11 01:55:44,TRANSFER,UPI,State Bank of India,IN,0,NORMAL_BANKING_FLOW
TX_SBI_102019,SBI_ACC_20025,SBI_ACC_20069,623.54,2026-01-11 09:47:08,TRANSFER,UPI,State Bank of India,IN,0,NORMAL_BANKING_FLOW
TX_SBI_102020,SBI_ACC_20202,ICICI_ACC_20054,95.65,2026-01-10 16:24:45,TRANSFER,UPI,State Bank of India,IN,0,NORMAL_BANKING_FLOW
TX_SBI_102021,SBI_ACC_20096,SBI_ACC_20247,350.7,2026-01-11 10:56:00,TRANSFER,UPI,State Bank of India,IN,0,NORMAL_BANKING_FLOW
TX_SBI_102022,SBI_ACC_20121,YES_ACC_20086,435.88,2026-01-11 01:57:52,TRANSFER,IMPS,State Bank of India,IN,0,NORMAL_BANKING_FLOW
TX_SBI_102023,SBI_ACC_20087,KOTAK_ACC_20240,1287.76,2026-01-11 05:20:36,TRANSFER,UPI,State Bank of India,IN,0,NORMAL_BANKING_FLOW
TX_SBI_102024,SBI_ACC_20096,SBI_ACC_20091,89.23,2026-01-11 05:21:14,TRANSFER,UPI,State Bank of India,IN,0,NORMAL_BANKING_FLOW
TX_SBI_102025,SBI_ACC_20000,SBI_ACC_20179,16.13,2026-01-11 04:14:24,TRANSFER,IMPS,State Bank of India,IN,0,NORMAL_BANKING_FLOW
TX_SBI_102026,SBI_ACC_20227,HDFC_ACC_20154,396.97,2026-01-11 06:30:00,TRANSFER,UPI,State Bank of India,IN,0,NORMAL_BANKING_FLOW
TX_SBI_102027,SBI_ACC_20071,KOTAK_ACC_20094,1999.22,2026-01-10 20:22:52,TRANSFER,IMPS,State Bank of India,IN,0,NORMAL_BANKING_FLOW
TX_SBI_102028,SBI_ACC_20168,BOB_ACC_20105,1140.19,2026-01-11 08:12:41,TRANSFER,UPI,State Bank of India,IN,0,NORMAL_BANKING_FLOW
TX_SBI_102029,SBI_ACC_20163,INDUS_ACC_20004,407.34,2026-01-11 16:06:36,TRANSFER,UPI,State Bank of India,IN,0,NORMAL_BANKING_FLOW
TX_SBI_102030,SBI_ACC_20011,INDUS_ACC_20173,202.02,2026-01-11 14:59:55,TRANSFER,UPI,State Bank of India,IN,0,NORMAL_BANKING_FLOW
TX_SBI_102031,SBI_ACC_20124,SBI_ACC_20157,740.35,2026-01-11 08:14:50,TRANSFER,UPI,State Bank of India,IN,0,NORMAL_BANKING_FLOW
TX_SBI_102032,SBI_ACC_20240,CANARA_ACC_20168,124.77,2026-01-10 19:17:00,TRANSFER,UPI,State Bank of India,IN,0,NORMAL_BANKING_FLOW
TX_SBI_102033,SBI_ACC_20187,SBI_ACC_20155,531.85,2026-01-11 17:18:08,TRANSFER,IMPS,State Bank of India,IN,0,NORMAL_BANKING_FLOW
TX_SBI_102034,SBI_ACC_20222,SBI_ACC_20146,547.56,2026-01-10 23:14:51,TRANSFER,UPI,State Bank of India,IN,0,NORMAL_BANKING_FLOW
TX_SBI_102035,SBI_ACC_20032,SBI_ACC_20022,953.57,2026-01-11 17:54:00,TRANSFER,UPI,State Bank of India,IN,0,NORMAL_BANKING_FLOW
TX_SBI_102036,SBI_ACC_20140,CANARA_ACC_20043,5216.91,2026-01-11 03:13:10,TRANSFER,IMPS,State Bank of India,IN,0,NORMAL_BANKING_FLOW
TX_SBI_102037,SBI_ACC_20123,SBI_ACC_20061,489.03,2026-01-11 08:19:08,TRANSFER,IMPS,State Bank of India,IN,0,NORMAL_BANKING_FLOW
TX_SBI_102038,SBI_ACC_20192,ICICI_ACC_20027,198.55,2026-01-11 00:58:30,TRANSFER,UPI,State Bank of India,IN,0,NORMAL_BANKING_FLOW
TX_SBI_102039,SBI_ACC_20007,SBI_ACC_20238,321.96,2026-01-11 07:46:36,TRANSFER,IMPS,State Bank of India,IN,0,NORMAL_BANKING_FLOW
TX_SBI_102040,SBI_ACC_20196,SBI_ACC_20184,56.31,2026-01-11 03:49:25,TRANSFER,IMPS,State Bank of India,IN,0,NORMAL_BANKING_FLOW
TX_SBI_102041,SBI_ACC_20243,ICICI_ACC_20170,164.89,2026-01-11 01:34:00,TRANSFER,UPI,State Bank of India,IN,0,NORMAL_BANKING_FLOW
TX_SBI_102042,SBI_ACC_20162,ICICI_ACC_20203,219.36,2026-01-10 21:02:23,TRANSFER,IMPS,State Bank of India,IN,0,NORMAL_BANKING_FLOW
TX_SBI_102043,SBI_ACC_20057,ICICI_ACC_20164,195.57,2026-01-11 17:27:58,TRANSFER,UPI,State Bank of India,IN,0,NORMAL_BANKING_FLOW
TX_SBI_102044,SBI_ACC_20183,YES_ACC_20167,384.66,2026-01-11 04:25:48,TRANSFER,UPI,State Bank of India,IN,0,NORMAL_BANKING_FLOW
TX_SBI_102045,SBI_ACC_20247,KOTAK_ACC_20057,145.12,2026-01-11 15:47:44,TRANSFER,UPI,State Bank of India,IN,0,NORMAL_BANKING_FLOW
TX_SBI_102046,SBI_ACC_20022,SBI_ACC_20088,1013.36,2026-01-11 01:36:35,TRANSFER,UPI,State Bank of India,IN,0,NORMAL_BANKING_FLOW
TX_SBI_102047,SBI_ACC_20190,INDUS_ACC_20032,330.37,2026-01-11 13:33:12,TRANSFER,IMPS,State Bank of India,IN,0,NORMAL_BANKING_FLOW
TX_SBI_102048,SBI_ACC_20147,PNB_ACC_20015,327.24,2026-01-11 03:54:05,TRANSFER,IMPS,State Bank of India,IN,0,NORMAL_BANKING_FLOW
TX_SBI_102049,SBI_ACC_20216,SBI_ACC_20108,237.96,2026-01-11 13:34:56,TRANSFER,UPI,State Bank of India,IN,0,NORMAL_BANKING_FLOW
TX_SBI_102050,SBI_ACC_20204,SBI_ACC_20203,385.75,2026-01-11 03:55:15,TRANSFER,UPI,State Bank of India,IN,0,NORMAL_BANKING_FLOW
TX_SBI_102051,SBI_ACC_20154,SBI_ACC_20027,753.78,2026-01-10 21:05:50,TRANSFER,UPI,State Bank of India,IN,0,NORMAL_BANKING_FLOW
TX_SBI_102052,SBI_ACC_20218,SBI_ACC_20037,138.78,2026-01-11 06:47:20,TRANSFER,UPI,State Bank of India,IN,0,NORMAL_BANKING_FLOW
TX_SBI_102053,SBI_ACC_20127,SBI_ACC_20037,171.04,2026-01-11 02:48:36,TRANSFER,IMPS,State Bank of India,IN,0,NORMAL_BANKING_FLOW
TX_SBI_102054,SBI_ACC_20191,SBI_ACC_20206,243.78,2026-01-11 14:13:29,TRANSFER,UPI,State Bank of India,IN,0,NORMAL_BANKING_FLOW
TX_SBI_102055,SBI_ACC_20081,SBI_ACC_20177,85.98,2026-01-11 17:39:46,TRANSFER,UPI,State Bank of India,IN,0,NORMAL_BANKING_FLOW
TX_SBI_102056,SBI_ACC_20217,CANARA_ACC_20161,145.58,2026-01-10 20:33:30,TRANSFER,UPI,State Bank of India,IN,0,NORMAL_BANKING_FLOW
TX_SBI_102057,SBI_ACC_20180,HDFC_ACC_20207,205.16,2026-01-10 23:59:28,TRANSFER,UPI,State Bank of India,IN,0,NORMAL_BANKING_FLOW
TX_SBI_102058,SBI_ACC_20183,SBI_ACC_20188,791.86,2026-01-11 04:34:12,TRANSFER,UPI,State Bank of India,IN,0,NORMAL_BANKING_FLOW
TX_SBI_102059,SBI_ACC_20013,AXIS_ACC_20219,429.47,2026-01-11 00:34:42,TRANSFER,UPI,State Bank of India,IN,0,NORMAL_BANKING_FLOW
TX_SBI_102060,SBI_ACC_20076,AXIS_ACC_20005,400.85,2026-01-11 10:18:34,TRANSFER,UPI,State Bank of India,IN,0,NORMAL_BANKING_FLOW
TX_SBI_102061,SBI_ACC_20108,SBI_ACC_20089,773.48,2026-01-11 12:36:40,TRANSFER,UPI,State Bank of India,IN,0,NORMAL_BANKING_FLOW
TX_SBI_102062,SBI_ACC_20135,PNB_ACC_20178,287.9,2026-01-11 06:54:00,TRANSFER,UPI,State Bank of India,IN,0,NORMAL_BANKING_FLOW
TX_SBI_102063,SBI_ACC_20140,SBI_ACC_20033,488.07,2026-01-10 23:27:54,TRANSFER,UPI,State Bank of India,IN,0,NORMAL_BANKING_FLOW
TX_SBI_102064,SBI_ACC_20148,HDFC_ACC_20217,297.91,2026-01-11 04:03:25,TRANSFER,UPI,State Bank of India,IN,0,NORMAL_BANKING_FLOW
TX_SBI_102065,SBI_ACC_20167,SBI_ACC_20035,430.68,2026-01-11 18:24:00,TRANSFER,UPI,State Bank of India,IN,0,NORMAL_BANKING_FLOW
TX_SBI_102066,SBI_ACC_20074,KOTAK_ACC_20055,184.42,2026-01-11 08:39:55,TRANSFER,UPI,State Bank of India,IN,0,NORMAL_BANKING_FLOW
TX_SBI_102067,SBI_ACC_20002,SBI_ACC_20220,28.82,2026-01-10 23:29:42,TRANSFER,UPI,State Bank of India,IN,0,NORMAL_BANKING_FLOW
TX_SBI_102068,SBI_ACC_20201,AXIS_ACC_20096,288.8,2026-01-11 13:16:57,TRANSFER,UPI,State Bank of India,IN,0,NORMAL_BANKING_FLOW
TX_SBI_102069,SBI_ACC_20043,ICICI_ACC_20091,1370.25,2026-01-11 08:07:36,TRANSFER,UPI,State Bank of India,IN,0,NORMAL_BANKING_FLOW
TX_SBI_102070,SBI_ACC_20013,SBI_ACC_20132,833.98,2026-01-11 09:51:45,TRANSFER,UPI,State Bank of India,IN,0,NORMAL_BANKING_FLOW
TX_SBI_102071,SBI_ACC_20111,YES_ACC_20062,867.31,2026-01-11 16:12:00,TRANSFER,UPI,State Bank of India,IN,0,NORMAL_BANKING_FLOW
TX_SBI_102072,SBI_ACC_20101,SBI_ACC_20177,1136.98,2026-01-10 17:46:47,TRANSFER,UPI,State Bank of India,IN,0,NORMAL_BANKING_FLOW
TX_SBI_102073,SBI_ACC_20167,ICICI_ACC_20199,360.92,2026-01-11 14:30:16,TRANSFER,IMPS,State Bank of India,IN,0,NORMAL_BANKING_FLOW
TX_SBI_102074,SBI_ACC_20166,SBI_ACC_20161,402.35,2026-01-11 09:20:12,TRANSFER,IMPS,State Bank of India,IN,0,NORMAL_BANKING_FLOW
TX_SBI_102075,SBI_ACC_20002,SBI_ACC_20022,178.1,2026-01-11 16:15:44,TRANSFER,UPI,State Bank of India,IN,0,NORMAL_BANKING_FLOW
TX_SBI_102076,SBI_ACC_20171,KOTAK_ACC_20005,240.79,2026-01-10 20:40:50,TRANSFER,UPI,State Bank of India,IN,0,NORMAL_BANKING_FLOW
TX_SBI_102077,SBI_ACC_20146,SBI_ACC_20178,611.41,2026-01-11 13:59:12,TRANSFER,UPI,State Bank of India,IN,0,NORMAL_BANKING_FLOW
TX_SBI_102078,SBI_ACC_20046,SBI_ACC_20166,1100.9,2026-01-10 20:06:57,TRANSFER,UPI,State Bank of India,IN,0,NORMAL_BANKING_FLOW
TX_SBI_102079,SBI_ACC_20146,SBI_ACC_20083,287.31,2026-01-11 18:03:22,TRANSFER,UPI,State Bank of India,IN,0,NORMAL_BANKING_FLOW
TX_SBI_102080,SBI_ACC_20220,AXIS_ACC_20103,210.57,2026-01-10 18:58:21,TRANSFER,UPI,State Bank of India,IN,0,NORMAL_BANKING_FLOW
TX_SBI_102081,SBI_ACC_20142,BOB_ACC_20125,330.47,2026-01-11 18:05:20,TRANSFER,UPI,State Bank of India,IN,0,NORMAL_BANKING_FLOW
TX_SBI_102082,SBI_ACC_20149,SBI_ACC_20210,602.57,2026-01-10 18:58:59,TRANSFER,UPI,State Bank of India,IN,0,NORMAL_BANKING_FLOW
TX_SBI_102083,SBI_ACC_20192,SBI_ACC_20168,77.96,2026-01-11 16:23:12,TRANSFER,UPI,State Bank of India,IN,0,NORMAL_BANKING_FLOW
TX_SBI_102084,SBI_ACC_20153,SBI_ACC_20001,33.24,2026-01-10 20:43:46,TRANSFER,UPI,State Bank of India,IN,0,NORMAL_BANKING_FLOW
TX_SBI_102085,SBI_ACC_20080,SBI_ACC_20032,190.46,2026-01-11 12:56:40,TRANSFER,UPI,State Bank of India,IN,0,NORMAL_BANKING_FLOW
TX_SBI_102086,SBI_ACC_20041,SBI_ACC_20066,97.44,2026-01-11 13:32:15,TRANSFER,UPI,State Bank of India,IN,0,NORMAL_BANKING_FLOW
TX_SBI_102087,SBI_ACC_20031,SBI_ACC_20094,198.71,2026-01-10 17:51:02,TRANSFER,UPI,State Bank of India,IN,0,NORMAL_BANKING_FLOW
TX_SBI_102088,SBI_ACC_20241,SBI_ACC_20063,284.92,2026-01-11 12:24:23,TRANSFER,UPI,State Bank of India,IN,0,NORMAL_BANKING_FLOW
TX_SBI_102089,SBI_ACC_20242,SBI_ACC_20200,209.93,2026-01-11 03:43:12,TRANSFER,UPI,State Bank of India,IN,0,NORMAL_BANKING_FLOW
TX_SBI_102090,SBI_ACC_20113,SBI_ACC_20126,1411.58,2026-01-11 03:08:57,TRANSFER,UPI,State Bank of India,IN,0,NORMAL_BANKING_FLOW
TX_SBI_102091,SBI_ACC_20233,INDUS_ACC_20155,457.94,2026-01-11 18:15:10,TRANSFER,UPI,State Bank of India,IN,0,NORMAL_BANKING_FLOW
TX_SBI_102092,SBI_ACC_20176,SBI_ACC_20210,446.07,2026-01-11 12:27:39,TRANSFER,UPI,State Bank of India,IN,0,NORMAL_BANKING_FLOW
TX_SBI_102093,SBI_ACC_20048,SBI_ACC_20220,615.36,2026-01-10 17:52:44,TRANSFER,UPI,State Bank of India,IN,0,NORMAL_BANKING_FLOW
TX_SBI_102094,SBI_ACC_20154,SBI_ACC_20151,105.76,2026-01-11 00:16:44,TRANSFER,IMPS,State Bank of India,IN,0,NORMAL_BANKING_FLOW
TX_SBI_102095,SBI_ACC_20186,SBI_ACC_20019,933.66,2026-01-11 05:31:18,TRANSFER,UPI,State Bank of India,IN,0,NORMAL_BANKING_FLOW
TX_SBI_102096,SBI_ACC_20097,SBI_ACC_20041,306.2,2026-01-11 13:05:50,TRANSFER,UPI,State Bank of India,IN,0,NORMAL_BANKING_FLOW
TX_SBI_102097,SBI_ACC_20241,SBI_ACC_20108,645.79,2026-01-11 07:17:20,TRANSFER,UPI,State Bank of India,IN,0,NORMAL_BANKING_FLOW
TX_SBI_102098,SBI_ACC_20052,SBI_ACC_20188,113.09,2026-01-11 18:22:03,TRANSFER,UPI,State Bank of India,IN,0,NORMAL_BANKING_FLOW
TX_SBI_102099,SBI_ACC_20178,SBI_ACC_20183,69.84,2026-01-11 02:38:56,TRANSFER,IMPS,State Bank of India,IN,0,NORMAL_BANKING_FLOW
TX_SBI_102100,SBI_ACC_20165,AXIS_ACC_20107,748.36,2026-01-11 06:09:22,TRANSFER,UPI,State Bank of India,IN,0,NORMAL_BANKING_FLOW
TX_SBI_102101,SBI_ACC_20201,SBI_ACC_20006,481.26,2026-01-10 22:00:00,TRANSFER,UPI,State Bank of India,IN,0,NORMAL_BANKING_FLOW
TX_SBI_102102,SBI_ACC_20069,SBI_ACC_20028,134.01,2026-01-11 14:55:53,TRANSFER,UPI,State Bank of India,IN,0,NORMAL_BANKING_FLOW
TX_SBI_102103,SBI_ACC_20016,SBI_ACC_20023,138.43,2026-01-11 17:51:56,TRANSFER,UPI,State Bank of India,IN,0,NORMAL_BANKING_FLOW
TX_SBI_102104,SBI_ACC_20199,SBI_ACC_20223,1017.84,2026-01-11 06:11:54,TRANSFER,IMPS,State Bank of India,IN,0,NORMAL_BANKING_FLOW
TX_SBI_102105,SBI_ACC_20025,SBI_ACC_20249,100.54,2026-01-11 00:56:56,TRANSFER,UPI,State Bank of India,IN,0,NORMAL_BANKING_FLOW
TX_SBI_102106,SBI_ACC_20026,ICICI_ACC_20044,1707.31,2026-01-11 00:57:25,TRANSFER,UPI,State Bank of India,IN,0,NORMAL_BANKING_FLOW
TX_SBI_102107,SBI_ACC_20078,SBI_ACC_20207,134.21,2026-01-11 12:04:48,TRANSFER,UPI,State Bank of India,IN,0,NORMAL_BANKING_FLOW
TX_SBI_102108,SBI_ACC_20089,PNB_ACC_20141,625.4,2026-01-11 10:55:22,TRANSFER,UPI,State Bank of India,IN,0,NORMAL_BANKING_FLOW
TX_SBI_102109,SBI_ACC_20229,SBI_ACC_20081,237.79,2026-01-11 02:44:16,TRANSFER,UPI,State Bank of India,IN,0,NORMAL_BANKING_FLOW
TX_SBI_102110,SBI_ACC_20206,BOB_ACC_20141,603.77,2026-01-11 06:50:51,TRANSFER,UPI,State Bank of India,IN,0,NORMAL_BANKING_FLOW
TX_SBI_102111,SBI_ACC_20103,SBI_ACC_20032,191.69,2026-01-11 15:03:50,TRANSFER,IMPS,State Bank of India,IN,0,NORMAL_BANKING_FLOW
TX_SBI_102112,SBI_ACC_20131,AXIS_ACC_20036,280.68,2026-01-11 02:10:41,TRANSFER,UPI,State Bank of India,IN,0,NORMAL_BANKING_FLOW
TX_SBI_102113,SBI_ACC_20068,SBI_ACC_20186,344.1,2026-01-11 06:52:48,TRANSFER,UPI,State Bank of India,IN,0,NORMAL_BANKING_FLOW
TX_SBI_102114,SBI_ACC_20181,YES_ACC_20180,121.24,2026-01-11 16:16:55,TRANSFER,IMPS,State Bank of India,IN,0,NORMAL_BANKING_FLOW
TX_SBI_102115,SBI_ACC_20090,BOB_ACC_20073,692.86,2026-01-11 09:50:16,TRANSFER,UPI,State Bank of India,IN,0,NORMAL_BANKING_FLOW
TX_SBI_102116,SBI_ACC_20133,KOTAK_ACC_20078,197.71,2026-01-11 02:48:00,TRANSFER,IMPS,State Bank of India,IN,0,NORMAL_BANKING_FLOW
TX_SBI_102117,SBI_ACC_20242,SBI_ACC_20197,262.8,2026-01-11 16:19:40,TRANSFER,IMPS,State Bank of India,IN,0,NORMAL_BANKING_FLOW
TX_SBI_102118,SBI_ACC_20162,SBI_ACC_20187,122.2,2026-01-11 04:34:55,TRANSFER,IMPS,State Bank of India,IN,0,NORMAL_BANKING_FLOW
TX_SBI_102119,SBI_ACC_20042,SBI_ACC_20021,25.47,2026-01-11 01:39:00,TRANSFER,IMPS,State Bank of India,IN,0,NORMAL_BANKING_FLOW
TX_SBI_102120,SBI_ACC_20126,HDFC_ACC_20246,272.86,2026-01-11 03:25:27,TRANSFER,UPI,State Bank of India,IN,0,NORMAL_BANKING_FLOW
TX_SBI_102121,SBI_ACC_20238,CANARA_ACC_20127,3687.17,2026-01-11 08:44:00,TRANSFER,UPI,State Bank of India,IN,0,NORMAL_BANKING_FLOW
TX_SBI_102122,SBI_ACC_20173,ICICI_ACC_20103,723.86,2026-01-11 11:41:27,TRANSFER,UPI,State Bank of India,IN,0,NORMAL_BANKING_FLOW
TX_SBI_102123,SBI_ACC_20233,HDFC_ACC_20182,324.0,2026-01-10 16:50:30,TRANSFER,UPI,State Bank of India,IN,0,NORMAL_BANKING_FLOW
TX_SBI_102124,SBI_ACC_20191,SBI_ACC_20189,253.94,2026-01-11 08:46:06,TRANSFER,UPI,State Bank of India,IN,0,NORMAL_BANKING_FLOW
TX_SBI_102125,SBI_ACC_20210,BOB_ACC_20175,337.8,2026-01-11 17:37:48,TRANSFER,IMPS,State Bank of India,IN,0,NORMAL_BANKING_FLOW
TX_SBI_102126,SBI_ACC_20114,BOB_ACC_20231,570.85,2026-01-11 15:17:05,TRANSFER,UPI,State Bank of India,IN,0,NORMAL_BANKING_FLOW
TX_SBI_102127,SBI_ACC_20093,BOB_ACC_20090,101.41,2026-01-11 01:07:34,TRANSFER,UPI,State Bank of India,IN,0,NORMAL_BANKING_FLOW
TX_SBI_102128,SBI_ACC_20097,SBI_ACC_20249,1006.59,2026-01-10 18:38:06,TRANSFER,UPI,State Bank of India,IN,0,NORMAL_BANKING_FLOW
TX_SBI_102129,SBI_ACC_20173,SBI_ACC_20138,675.45,2026-01-10 21:00:16,TRANSFER,UPI,State Bank of India,IN,0,NORMAL_BANKING_FLOW
TX_SBI_102130,SBI_ACC_20123,SBI_ACC_20054,677.35,2026-01-10 21:00:38,TRANSFER,UPI,State Bank of India,IN,0,NORMAL_BANKING_FLOW
TX_SBI_102131,SBI_ACC_20145,SBI_ACC_20237,512.08,2026-01-10 16:52:30,TRANSFER,UPI,State Bank of India,IN,0,NORMAL_BANKING_FLOW
TX_SBI_102132,SBI_ACC_20245,SBI_ACC_20211,336.84,2026-01-11 04:07:34,TRANSFER,IMPS,State Bank of India,IN,0,NORMAL_BANKING_FLOW
TX_SBI_102133,SBI_ACC_20228,SBI_ACC_20124,647.33,2026-01-10 18:04:04,TRANSFER,IMPS,State Bank of India,IN,0,NORMAL_BANKING_FLOW
TX_SBI_102134,SBI_ACC_20157,SBI_ACC_20076,596.94,2026-01-10 18:39:54,TRANSFER,UPI,State Bank of India,IN,0,NORMAL_BANKING_FLOW
TX_SBI_102135,SBI_ACC_20089,AXIS_ACC_20102,231.82,2026-01-11 05:55:58,TRANSFER,UPI,State Bank of India,IN,0,NORMAL_BANKING_FLOW
TX_SBI_102136,SBI_ACC_20110,SBI_ACC_20021,186.12,2026-01-11 05:56:35,TRANSFER,UPI,State Bank of India,IN,0,NORMAL_BANKING_FLOW
TX_SBI_102137,SBI_ACC_20039,SBI_ACC_20234,365.72,2026-01-11 12:28:48,TRANSFER,UPI,State Bank of India,IN,0,NORMAL_BANKING_FLOW
TX_SBI_102138,SBI_ACC_20196,SBI_ACC_20057,1554.67,2026-01-11 11:18:22,TRANSFER,UPI,State Bank of India,IN,0,NORMAL_BANKING_FLOW
TX_SBI_102139,SBI_ACC_20076,SBI_ACC_20229,95.67,2026-01-11 10:43:30,TRANSFER,UPI,State Bank of India,IN,0,NORMAL_BANKING_FLOW
TX_SBI_102140,SBI_ACC_20068,SBI_ACC_20113,76.13,2026-01-10 23:26:54,TRANSFER,UPI,State Bank of India,IN,0,NORMAL_BANKING_FLOW
TX_SBI_102141,SBI_ACC_20041,SBI_ACC_20192,389.46,2026-01-11 17:53:00,TRANSFER,IMPS,State Bank of India,IN,0,NORMAL_BANKING_FLOW
TX_SBI_102142,SBI_ACC_20226,KOTAK_ACC_20028,347.54,2026-01-11 08:58:42,TRANSFER,UPI,State Bank of India,IN,0,NORMAL_BANKING_FLOW
TX_SBI_102143,SBI_ACC_20034,SBI_ACC_20191,392.82,2026-01-11 00:03:54,TRANSFER,UPI,State Bank of India,IN,0,NORMAL_BANKING_FLOW
TX_SBI_102144,SBI_ACC_20041,SBI_ACC_20243,421.56,2026-01-11 05:25:48,TRANSFER,IMPS,State Bank of India,IN,0,NORMAL_BANKING_FLOW
TX_SBI_102145,SBI_ACC_20068,SBI_ACC_20126,264.22,2026-01-11 10:48:00,TRANSFER,IMPS,State Bank of India,IN,0,NORMAL_BANKING_FLOW
TX_SBI_102146,SBI_ACC_20174,INDUS_ACC_20192,1465.37,2026-01-11 13:47:30,TRANSFER,UPI,State Bank of India,IN,0,NORMAL_BANKING_FLOW
TX_SBI_102147,SBI_ACC_20236,YES_ACC_20033,66.63,2026-01-11 07:50:40,TRANSFER,UPI,State Bank of India,IN,0,NORMAL_BANKING_FLOW
TX_SBI_102148,SBI_ACC_20202,SBI_ACC_20039,144.24,2026-01-10 21:07:14,TRANSFER,IMPS,State Bank of India,IN,0,NORMAL_BANKING_FLOW
TX_SBI_102149,SBI_ACC_20196,SBI_ACC_20013,297.9,2026-01-11 06:04:36,TRANSFER,UPI,State Bank of India,IN,0,NORMAL_BANKING_FLOW
TX_SBI_102150,SBI_ACC_20109,HDFC_ACC_20111,63.87,2026-01-11 18:37:22,TRANSFER,IMPS,State Bank of India,IN,0,NORMAL_BANKING_FLOW
TX_SBI_102151,SBI_ACC_20124,SBI_ACC_20109,277.04,2026-01-11 10:52:30,TRANSFER,UPI,State Bank of India,IN,0,NORMAL_BANKING_FLOW
TX_SBI_102152,SBI_ACC_20186,SBI_ACC_20063,1739.7,2026-01-11 01:55:30,TRANSFER,UPI,State Bank of India,IN,0,NORMAL_BANKING_FLOW
TX_SBI_102153,SBI_ACC_20221,SBI_ACC_20179,337.27,2026-01-11 03:07:44,TRANSFER,UPI,State Bank of India,IN,0,NORMAL_BANKING_FLOW
TX_SBI_102154,SBI_ACC_20109,SBI_ACC_20181,416.01,2026-01-11 01:56:30,TRANSFER,UPI,State Bank of India,IN,0,NORMAL_BANKING_FLOW
TX_SBI_102155,SBI_ACC_20128,SBI_ACC_20048,93.68,2026-01-10 20:33:54,TRANSFER,UPI,State Bank of India,IN,0,NORMAL_BANKING_FLOW
TX_SBI_102156,SBI_ACC_20038,SBI_ACC_20033,178.33,2026-01-11 15:07:40,TRANSFER,UPI,State Bank of India,IN,0,NORMAL_BANKING_FLOW
TX_SBI_102157,SBI_ACC_20049,YES_ACC_20004,226.97,2026-01-11 07:57:20,TRANSFER,UPI,State Bank of India,IN,0,NORMAL_BANKING_FLOW
TX_SBI_102158,SBI_ACC_20221,SBI_ACC_20104,240.4,2026-01-11 16:21:18,TRANSFER,UPI,State Bank of India,IN,0,NORMAL_BANKING_FLOW
TX_SBI_102159,SBI_ACC_20162,KOTAK_ACC_20086,1189.92,2026-01-11 12:46:24,TRANSFER,UPI,State Bank of India,IN,0,NORMAL_BANKING_FLOW
TX_SBI_102160,SBI_ACC_20130,SBI_ACC_20013,576.91,2026-01-11 09:11:18,TRANSFER,UPI,State Bank of India,IN,0,NORMAL_BANKING_FLOW
TX_SBI_102161,SBI_ACC_20093,SBI_ACC_20089,108.69,2026-01-11 04:24:00,TRANSFER,UPI,State Bank of India,IN,0,NORMAL_BANKING_FLOW
TX_SBI_102162,SBI_ACC_20081,AXIS_ACC_20010,422.63,2026-01-11 20:01:00,TRANSFER,UPI,State Bank of India,IN,0,NORMAL_BANKING_FLOW
TX_SBI_102163,SBI_ACC_20190,SBI_ACC_20073,543.6,2026-01-10 17:00:30,TRANSFER,UPI,State Bank of India,IN,0,NORMAL_BANKING_FLOW
TX_SBI_102164,SBI_ACC_20155,SBI_ACC_20047,1032.92,2026-01-11 11:02:15,TRANSFER,UPI,State Bank of India,IN,0,NORMAL_BANKING_FLOW
TX_SBI_102165,SBI_ACC_20093,SBI_ACC_20028,1604.46,2026-01-11 02:38:04,TRANSFER,IMPS,State Bank of India,IN,0,NORMAL_BANKING_FLOW
TX_SBI_102166,SBI_ACC_20174,SBI_ACC_20221,119.69,2026-01-10 20:37:45,TRANSFER,UPI,State Bank of India,IN,0,NORMAL_BANKING_FLOW
TX_SBI_102167,SBI_ACC_20189,BOB_ACC_20154,146.81,2026-01-10 21:50:18,TRANSFER,UPI,State Bank of India,IN,0,NORMAL_BANKING_FLOW
TX_SBI_102168,SBI_ACC_20070,SBI_ACC_20099,93.92,2026-01-11 06:52:26,TRANSFER,UPI,State Bank of India,IN,0,NORMAL_BANKING_FLOW
TX_SBI_102169,SBI_ACC_20033,SBI_ACC_20155,261.38,2026-01-10 20:02:40,TRANSFER,IMPS,State Bank of India,IN,0,NORMAL_BANKING_FLOW
TX_SBI_102170,SBI_ACC_20247,KOTAK_ACC_20049,526.56,2026-01-10 21:15:18,TRANSFER,UPI,State Bank of India,IN,0,NORMAL_BANKING_FLOW
TX_SBI_102171,SBI_ACC_20025,SBI_ACC_20140,886.55,2026-01-11 20:10:00,TRANSFER,UPI,State Bank of India,IN,0,NORMAL_BANKING_FLOW
TX_SBI_102172,SBI_ACC_20185,SBI_ACC_20195,306.14,2026-01-11 16:33:54,TRANSFER,UPI,State Bank of India,IN,0,NORMAL_BANKING_FLOW
TX_SBI_102173,SBI_ACC_20039,SBI_ACC_20050,239.88,2026-01-11 00:17:24,TRANSFER,UPI,State Bank of India,IN,0,NORMAL_BANKING_FLOW
TX_SBI_102174,SBI_ACC_20064,BOB_ACC_20249,384.43,2026-01-11 08:44:53,TRANSFER,UPI,State Bank of India,IN,0,NORMAL_BANKING_FLOW
TX_SBI_102175,SBI_ACC_20114,SBI_ACC_20030,143.29,2026-01-11 06:20:38,TRANSFER,IMPS,State Bank of India,IN,0,NORMAL_BANKING_FLOW
TX_SBI_102176,SBI_ACC_20107,SBI_ACC_20244,2669.21,2026-01-11 09:22:30,TRANSFER,UPI,State Bank of India,IN,0,NORMAL_BANKING_FLOW
TX_SBI_102177,SBI_ACC_20042,SBI_ACC_20179,66.18,2026-01-11 12:24:32,TRANSFER,UPI,State Bank of India,IN,0,NORMAL_BANKING_FLOW
TX_SBI_102178,SBI_ACC_20244,SBI_ACC_20203,397.32,2026-01-10 21:54:31,TRANSFER,UPI,State Bank of India,IN,0,NORMAL_BANKING_FLOW
TX_SBI_102179,SBI_ACC_20208,SBI_ACC_20175,2498.9,2026-01-11 19:41:42,TRANSFER,UPI,State Bank of India,IN,0,NORMAL_BANKING_FLOW
TX_SBI_102180,SBI_ACC_20248,SBI_ACC_20112,332.55,2026-01-11 13:39:31,TRANSFER,IMPS,State Bank of India,IN,0,NORMAL_BANKING_FLOW
TX_SBI_102181,SBI_ACC_20199,SBI_ACC_20155,273.13,2026-01-11 12:27:40,TRANSFER,UPI,State Bank of India,IN,0,NORMAL_BANKING_FLOW
TX_SBI_102182,SBI_ACC_20000,SBI_ACC_20056,231.03,2026-01-11 03:23:12,TRANSFER,UPI,State Bank of India,IN,0,NORMAL_BANKING_FLOW
TX_SBI_102183,SBI_ACC_20225,BOB_ACC_20116,275.78,2026-01-11 15:31:04,TRANSFER,UPI,State Bank of India,IN,0,NORMAL_BANKING_FLOW
TX_SBI_102184,SBI_ACC_20134,SBI_ACC_20219,1303.55,2026-01-11 12:30:01,TRANSFER,UPI,State Bank of India,IN,0,NORMAL_BANKING_FLOW
TX_SBI_102185,SBI_ACC_20068,SBI_ACC_20043,36.17,2026-01-11 01:35:36,TRANSFER,UPI,State Bank of India,IN,0,NORMAL_BANKING_FLOW
TX_SBI_102186,SBI_ACC_20060,SBI_ACC_20164,1530.63,2026-01-11 01:36:05,TRANSFER,UPI,State Bank of India,IN,0,NORMAL_BANKING_FLOW
TX_SBI_102187,SBI_ACC_20071,PNB_ACC_20223,79.52,2026-01-10 22:34:24,TRANSFER,IMPS,State Bank of India,IN,0,NORMAL_BANKING_FLOW
TX_SBI_102188,SBI_ACC_20063,KOTAK_ACC_20136,252.99,2026-01-10 18:56:06,TRANSFER,UPI,State Bank of India,IN,0,NORMAL_BANKING_FLOW
TX_SBI_102189,SBI_ACC_20088,SBI_ACC_20249,215.03,2026-01-10 21:22:16,TRANSFER,UPI,State Bank of India,IN,0,NORMAL_BANKING_FLOW
TX_SBI_102190,SBI_ACC_20242,BOB_ACC_20067,595.0,2026-01-11 07:06:22,TRANSFER,UPI,State Bank of India,IN,0,NORMAL_BANKING_FLOW
TX_SBI_102191,SBI_ACC_20156,SBI_ACC_20014,66.81,2026-01-10 21:59:30,TRANSFER,UPI,State Bank of India,IN,0,NORMAL_BANKING_FLOW
TX_SBI_102192,SBI_ACC_20210,SBI_ACC_20187,524.36,2026-01-11 17:28:25,TRANSFER,IMPS,State Bank of India,IN,0,NORMAL_BANKING_FLOW
TX_SBI_102193,SBI_ACC_20248,SBI_ACC_20168,2500.66,2026-01-11 03:29:04,TRANSFER,UPI,State Bank of India,IN,0,NORMAL_BANKING_FLOW
TX_SBI_102194,SBI_ACC_20190,SBI_ACC_20243,84.51,2026-01-11 15:40:36,TRANSFER,UPI,State Bank of India,IN,0,NORMAL_BANKING_FLOW
TX_SBI_102195,SBI_ACC_20160,SBI_ACC_20141,399.3,2026-01-11 18:07:44,TRANSFER,UPI,State Bank of India,IN,0,NORMAL_BANKING_FLOW
TX_SBI_102196,SBI_ACC_20056,SBI_ACC_20052,170.38,2026-01-11 01:04:20,TRANSFER,IMPS,State Bank of India,IN,0,NORMAL_BANKING_FLOW
TX_SBI_102197,SBI_ACC_20219,AXIS_ACC_20114,505.67,2026-01-11 15:43:12,TRANSFER,UPI,State Bank of India,IN,0,NORMAL_BANKING_FLOW
TX_SBI_102198,SBI_ACC_20111,SBI_ACC_20231,336.69,2026-01-11 01:41:53,TRANSFER,UPI,State Bank of India,IN,0,NORMAL_BANKING_FLOW
TX_SBI_102199,SBI_ACC_20046,SBI_ACC_20209,173.91,2026-01-11 11:28:30,TRANSFER,UPI,State Bank of India,IN,0,NORMAL_BANKING_FLOW
TX_SBI_102200,SBI_ACC_20125,AXIS_ACC_20165,538.01,2026-01-10 23:52:54,TRANSFER,UPI,State Bank of India,IN,0,NORMAL_BANKING_FLOW
