transaction_id,sender_account,receiver_account,amount,timestamp,transaction_type,channel,bank,country,is_aml,pattern_type
TX_HDFC_102201,HDFC_ACC_20041,YES_ACC_20175,1952815.86,2026-01-10 09:00:00,SETTLEMENT,NEFT,HDFC Bank,IN,0,NORMAL_BANKING_FLOW
TX_HDFC_102202,HDFC_ACC_20036,HDFC_ACC_20063,217511.24,2026-01-10 09:00:53,SETTLEMENT,NEFT,HDFC Bank,IN,0,NORMAL_BANKING_FLOW
TX_HDFC_102203,HDFC_ACC_20248,HDFC_ACC_20185,592279.38,2026-01-10 09:01:28,SETTLEMENT,RTGS,HDFC Bank,IN,0,NORMAL_BANKING_FLOW
TX_HDFC_102204,HDFC_ACC_20192,ICICI_ACC_20096,64692.45,2026-01-10 09:02:24,SETTLEMENT,NEFT,HDFC Bank,IN,0,NORMAL_BANKING_FLOW
TX_HDFC_102205,HDFC_ACC_20211,HDFC_ACC_20213,93706.23,2026-01-10 09:02:36,SETTLEMENT,NEFT,HDFC Bank,IN,0,NORMAL_BANKING_FLOW
TX_HDFC_102206,HDFC_ACC_20033,HDFC_ACC_20021,451191.39,2026-01-10 09:04:40,SETTLEMENT,RTGS,HDFC Bank,IN,0,NORMAL_BANKING_FLOW
TX_HDFC_102207,HDFC_ACC_20160,HDFC_ACC_20203,1373026.01,2026-01-10 09:03:12,SETTLEMENT,NEFT,HDFC Bank,IN,0,NORMAL_BANKING_FLOW
TX_HDFC_102208,HDFC_ACC_20027,HDFC_ACC_20210,396794.85,2026-01-10 09:01:45,SETTLEMENT,RTGS,HDFC Bank,IN,0,NORMAL_BANKING_FLOW
TX_HDFC_102209,HDFC_ACC_20021,HDFC_ACC_20123,190162.86,2026-01-10 09:04:48,SETTLEMENT,RTGS,HDFC Bank,IN,0,NORMAL_BANKING_FLOW
TX_HDFC_102210,HDFC_ACC_20208,HDFC_ACC_20084,268128.21,2026-01-10 09:07:39,SETTLEMENT,RTGS,HDFC Bank,IN,0,NORMAL_BANKING_FLOW
TX_HDFC_102211,HDFC_ACC_20014,HDFC_ACC_20069,67815.87,2026-01-10 09:07:30,SETTLEMENT,NEFT,HDFC Bank,IN,0,NORMAL_BANKING_FLOW
TX_HDFC_102212,HDFC_ACC_20005,ICICI_ACC_20139,521762.02,2026-01-10 09:10:05,SETTLEMENT,RTGS,HDFC Bank,IN,0,NORMAL_BANKING_FLOW
TX_HDFC_102213,HDFC_ACC_20226,AXIS_ACC_20000,708259.88,2026-01-10 09:06:36,SETTLEMENT,NEFT,HDFC Bank,IN,0,NORMAL_BANKING_FLOW
TX_HDFC_102214,HDFC_ACC_20109,HDFC_ACC_20090,163194.93,2026-01-10 09:06:17,SETTLEMENT,NEFT,HDFC Bank,IN,0,NORMAL_BANKING_FLOW
TX_HDFC_102215,HDFC_ACC_20235,YES_ACC_20175,160003.93,2026-01-10 09:13:04,SETTLEMENT,NEFT,HDFC Bank,IN,0,NORMAL_BANKING_FLOW
TX_HDFC_102216,HDFC_ACC_20028,HDFC_ACC_20029,359498.78,2026-01-10 09:15:00,SETTLEMENT,RTGS,HDFC Bank,IN,0,NORMAL_BANKING_FLOW
TX_HDFC_102217,HDFC_ACC_20244,HDFC_ACC_20019,165977.63,2026-01-10 09:07:44,SETTLEMENT,NEFT,HDFC Bank,IN,0,NORMAL_BANKING_FLOW
TX_HDFC_102218,HDFC_ACC_20092,ICICI_ACC_20229,249509.96,2026-01-10 09:15:18,SETTLEMENT,NEFT,HDFC Bank,IN,0,NORMAL_BANKING_FLOW
TX_HDFC_102219,HDFC_ACC_20045,HDFC_ACC_20086,2702516.59,2026-01-10 09:05:06,SETTLEMENT,RTGS,HDFC Bank,IN,0,NORMAL_BANKING_FLOW
TX_HDFC_102220,HDFC_ACC_20108,HDFC_ACC_20171,204489.46,2026-01-10 09:16:47,SETTLEMENT,NEFT,HDFC Bank,IN,0,NORMAL_BANKING_FLOW
TX_HDFC_102221,HDFC_ACC_20209,HDFC_ACC_20225,180922.82,2026-01-10 09:19:20,SETTLEMENT,NEFT,HDFC Bank,IN,0,NORMAL_BANKING_FLOW
TX_HDFC_102222,HDFC_ACC_20127,HDFC_ACC_20239,131623.92,2026-01-10 09:07:21,SETTLEMENT,NEFT,HDFC Bank,IN,0,NORMAL_BANKING_FLOW
TX_HDFC_102223,HDFC_ACC_20182,SBI_ACC_20220,608414.19,2026-01-10 09:11:22,SETTLEMENT,RTGS,HDFC Bank,IN,0,NORMAL_BANKING_FLOW
TX_HDFC_102224,HDFC_ACC_20037,HDFC_ACC_20100,219839.59,2026-01-10 09:09:12,SETTLEMENT,RTGS,HDFC Bank,IN,0,NORMAL_BANKING_FLOW
TX_HDFC_102225,HDFC_ACC_20201,ICICI_ACC_20028,131359.05,2026-01-10 09:17:12,SETTLEMENT,RTGS,HDFC Bank,IN,0,NORMAL_BANKING_FLOW
TX_HDFC_102226,HDFC_ACC_20186,HDFC_ACC_20023,1147888.17,2026-01-10 09:21:15,SETTLEMENT,RTGS,HDFC Bank,IN,0,NORMAL_BANKING_FLOW
TX_HDFC_102227,HDFC_ACC_20046,INDUS_ACC_20081,1278967.03,2026-01-10 09:15:10,SETTLEMENT,RTGS,HDFC Bank,IN,0,NORMAL_BANKING_FLOW
TX_HDFC_102228,HDFC_ACC_20177,INDUS_ACC_20035,138625.88,2026-01-10 09:20:42,SETTLEMENT,RTGS,HDFC Bank,IN,0,NORMAL_BANKING_FLOW
TX_HDFC_102229,HDFC_ACC_20098,HDFC_ACC_20128,34434.22,2026-01-10 09:26:08,SETTLEMENT,RTGS,HDFC Bank,IN,0,NORMAL_BANKING_FLOW
TX_HDFC_102230,HDFC_ACC_20136,HDFC_ACC_20058,812820.08,2026-01-10 09:23:41,SETTLEMENT,RTGS,HDFC Bank,IN,0,NORMAL_BANKING_FLOW
TX_HDFC_102231,HDFC_ACC_20183,HDFC_ACC_20147,126362.14,2026-01-10 09:19:30,SETTLEMENT,NEFT,HDFC Bank,IN,0,NORMAL_BANKING_FLOW
TX_HDFC_102232,HDFC_ACC_20056,KOTAK_ACC_20092,640297.48,2026-01-10 09:30:29,SETTLEMENT,RTGS,HDFC Bank,IN,0,NORMAL_BANKING_FLOW
TX_HDFC_102233,HDFC_ACC_20217,HDFC_ACC_20142,30726.66,2026-01-10 09:08:00,SETTLEMENT,NEFT,HDFC Bank,IN,0,NORMAL_BANKING_FLOW
TX_HDFC_102234,HDFC_ACC_20235,HDFC_ACC_20233,716301.95,2026-01-10 09:24:45,SETTLEMENT,RTGS,HDFC Bank,IN,0,NORMAL_BANKING_FLOW
TX_HDFC_102235,HDFC_ACC_20217,AXIS_ACC_20075,70806.84,2026-01-10 09:20:58,SETTLEMENT,NEFT,HDFC Bank,IN,0,NORMAL_BANKING_FLOW
TX_HDFC_102236,HDFC_ACC_20218,HDFC_ACC_20239,599493.57,2026-01-10 09:25:40,SETTLEMENT,NEFT,HDFC Bank,IN,0,NORMAL_BANKING_FLOW
TX_HDFC_102237,HDFC_ACC_20211,HDFC_ACC_20191,272583.53,2026-01-10 09:24:36,SETTLEMENT,NEFT,HDFC Bank,IN,0,NORMAL_BANKING_FLOW
TX_HDFC_102238,HDFC_ACC_20178,YES_ACC_20187,93963.97,2026-01-10 09:14:11,SETTLEMENT,NEFT,HDFC Bank,IN,0,NORMAL_BANKING_FLOW
TX_HDFC_102239,HDFC_ACC_20108,HDFC_ACC_20180,171486.54,2026-01-10 09:10:08,SETTLEMENT,RTGS,HDFC Bank,IN,0,NORMAL_BANKING_FLOW
TX_HDFC_102240,HDFC_ACC_20018,HDFC_ACC_20153,570889.13,2026-01-10 09:13:39,SETTLEMENT,RTGS,HDFC Bank,IN,0,NORMAL_BANKING_FLOW
TX_HDFC_102241,HDFC_ACC_20093,HDFC_ACC_20062,301487.52,2026-01-10 09:16:40,SETTLEMENT,NEFT,HDFC Bank,IN,0,NORMAL_BANKING_FLOW
TX_HDFC_102242,HDFC_ACC_20212,AXIS_ACC_20195,510351.14,2026-01-10 09:12:59,SETTLEMENT,NEFT,HDFC Bank,IN,0,NORMAL_BANKING_FLOW
TX_HDFC_102243,HDFC_ACC_20035,PNB_ACC_20120,2359793.43,2026-01-10 09:18:12,SETTLEMENT,RTGS,HDFC Bank,IN,0,NORMAL_BANKING_FLOW
TX_HDFC_102244,HDFC_ACC_20113,SBI_ACC_20073,48018.14,2026-01-10 09:29:23,SETTLEMENT,RTGS,HDFC Bank,IN,0,NORMAL_BANKING_FLOW
TX_HDFC_102245,HDFC_ACC_20225,HDFC_ACC_20154,1589506.0,2026-01-10 09:16:08,SETTLEMENT,NEFT,HDFC Bank,IN,0,NORMAL_BANKING_FLOW
TX_HDFC_102246,HDFC_ACC_20002,HDFC_ACC_20109,300977.72,2026-01-10 09:19:30,SETTLEMENT,RTGS,HDFC Bank,IN,0,NORMAL_BANKING_FLOW
TX_HDFC_102247,HDFC_ACC_20116,HDFC_ACC_20213,99841.33,2026-01-10 09:44:28,SETTLEMENT,RTGS,HDFC Bank,IN,0,NORMAL_BANKING_FLOW
TX_HDFC_102248,HDFC_ACC_20128,HDFC_ACC_20058,62109.55,2026-01-10 09:24:17,SETTLEMENT,RTGS,HDFC Bank,IN,0,NORMAL_BANKING_FLOW
TX_HDFC_102249,HDFC_ACC_20069,BOB_ACC_20096,217938.36,2026-01-10 09:33:36,SETTLEMENT,RTGS,HDFC Bank,IN,0,NORMAL_BANKING_FLOW
TX_HDFC_102250,HDFC_ACC_20102,HDFC_ACC_20056,739563.28,2026-01-10 09:18:47,SETTLEMENT,RTGS,HDFC Bank,IN,0,NORMAL_BANKING_FLOW
TX_HDFC_102251,HDFC_ACC_20190,ICICI_ACC_20209,233210.32,2026-01-10 09:33:20,SETTLEMENT,NEFT,HDFC Bank,IN,0,NORMAL_BANKING_FLOW
TX_HDFC_102252,HDFC_ACC_20080,HDFC_ACC_20104,1414477.02,2026-01-10 09:50:09,SETTLEMENT,RTGS,HDFC Bank,IN,0,NORMAL_BANKING_FLOW
TX_HDFC_102253,HDFC_ACC_20205,HDFC_ACC_20108,54377.55,2026-01-10 09:33:48,SETTLEMENT,NEFT,HDFC Bank,IN,0,NORMAL_BANKING_FLOW
TX_HDFC_102254,HDFC_ACC_20026,HDFC_ACC_20155,264792.6,2026-01-10 09:23:51,SETTLEMENT,NEFT,HDFC Bank,IN,0,NORMAL_BANKING_FLOW
TX_HDFC_102255,HDFC_ACC_20072,HDFC_ACC_20027,67667.9,2026-01-10 09:32:24,SETTLEMENT,NEFT,HDFC Bank,IN,0,NORMAL_BANKING_FLOW
TX_HDFC_102256,HDFC_ACC_20002,PNB_ACC_20048,400310.22,2026-01-10 09:17:25,SETTLEMENT,NEFT,HDFC Bank,IN,0,NORMAL_BANKING_FLOW
TX_HDFC_102257,HDFC_ACC_20237,HDFC_ACC_20068,711817.0,2026-01-10 09:46:40,SETTLEMENT,NEFT,HDFC Bank,IN,0,NORMAL_BANKING_FLOW
TX_HDFC_102258,HDFC_ACC_20144,HDFC_ACC_20203,168916.88,2026-01-10 09:19:00,SETTLEMENT,RTGS,HDFC Bank,IN,0,NORMAL_BANKING_FLOW
TX_HDFC_102259,HDFC_ACC_20080,HDFC_ACC_20079,15296.28,2026-01-10 09:43:30,SETTLEMENT,NEFT,HDFC Bank,IN,0,NORMAL_BANKING_FLOW
TX_HDFC_102260,HDFC_ACC_20192,HDFC_ACC_20101,333982.19,2026-01-10 09:14:45,SETTLEMENT,RTGS,HDFC Bank,IN,0,NORMAL_BANKING_FLOW
TX_HDFC_102261,HDFC_ACC_20192,HDFC_ACC_20091,433831.9,2026-01-10 09:47:00,SETTLEMENT,NEFT,HDFC Bank,IN,0,NORMAL_BANKING_FLOW
TX_HDFC_102262,HDFC_ACC_20024,HDFC_ACC_20230,418622.25,2026-01-10 09:23:23,SETTLEMENT,RTGS,HDFC Bank,IN,0,NORMAL_BANKING_FLOW
TX_HDFC_102263,HDFC_ACC_20206,SBI_ACC_20150,1044825.47,2026-01-10 09:48:34,SETTLEMENT,NEFT,HDFC Bank,IN,0,NORMAL_BANKING_FLOW
TX_HDFC_102264,HDFC_ACC_20222,PNB_ACC_20041,82606.28,2026-01-10 09:40:57,SETTLEMENT,RTGS,HDFC Bank,IN,0,NORMAL_BANKING_FLOW
TX_HDFC_102265,HDFC_ACC_20020,ICICI_ACC_20243,567069.82,2026-01-10 09:25:36,SETTLEMENT,RTGS,HDFC Bank,IN,0,NORMAL_BANKING_FLOW
TX_HDFC_102266,HDFC_ACC_20055,AXIS_ACC_20196,996254.74,2026-01-10 10:05:00,SETTLEMENT,NEFT,HDFC Bank,IN,0,NORMAL_BANKING_FLOW
TX_HDFC_102267,HDFC_ACC_20246,HDFC_ACC_20186,37932.13,2026-01-10 10:06:00,SETTLEMENT,NEFT,HDFC Bank,IN,0,NORMAL_BANKING_FLOW
TX_HDFC_102268,HDFC_ACC_20238,CANARA_ACC_20201,381404.97,2026-01-10 09:59:11,SETTLEMENT,RTGS,HDFC Bank,IN,0,NORMAL_BANKING_FLOW
TX_HDFC_102269,HDFC_ACC_20092,HDFC_ACC_20241,154106.96,2026-01-10 09:26:04,SETTLEMENT,NEFT,HDFC Bank,IN,0,NORMAL_BANKING_FLOW
TX_HDFC_102270,HDFC_ACC_20182,YES_ACC_20061,245321.55,2026-01-10 09:48:18,SETTLEMENT,NEFT,HDFC Bank,IN,0,NORMAL_BANKING_FLOW
TX_HDFC_102271,HDFC_ACC_20155,HDFC_ACC_20039,393345.69,2026-01-10 09:32:40,SETTLEMENT,RTGS,HDFC Bank,IN,0,NORMAL_BANKING_FLOW
TX_HDFC_102272,HDFC_ACC_20127,HDFC_ACC_20003,157007.46,2026-01-10 10:00:21,SETTLEMENT,RTGS,HDFC Bank,IN,0,NORMAL_BANKING_FLOW
TX_HDFC_102273,HDFC_ACC_20079,HDFC_ACC_20249,127608.35,2026-01-10 09:28:48,SETTLEMENT,RTGS,HDFC Bank,IN,0,NORMAL_BANKING_FLOW
TX_HDFC_102274,HDFC_ACC_20116,HDFC_ACC_20240,278609.84,2026-01-10 09:24:20,SETTLEMENT,RTGS,HDFC Bank,IN,0,NORMAL_BANKING_FLOW
TX_HDFC_102275,HDFC_ACC_20071,HDFC_ACC_20091,81147.96,2026-01-10 09:40:42,SETTLEMENT,NEFT,HDFC Bank,IN,0,NORMAL_BANKING_FLOW
TX_HDFC_102276,HDFC_ACC_20181,PNB_ACC_20121,81274.89,2026-01-10 09:25:00,SETTLEMENT,NEFT,HDFC Bank,IN,0,NORMAL_BANKING_FLOW
TX_HDFC_102277,HDFC_ACC_20113,HDFC_ACC_20035,566544.33,2026-01-10 09:39:16,SETTLEMENT,RTGS,HDFC Bank,IN,0,NORMAL_BANKING_FLOW
TX_HDFC_102278,HDFC_ACC_20124,HDFC_ACC_20220,75835.86,2026-01-10 09:28:14,SETTLEMENT,RTGS,HDFC Bank,IN,0,NORMAL_BANKING_FLOW
TX_HDFC_102279,HDFC_ACC_20219,HDFC_ACC_20174,558463.06,2026-01-10 09:42:54,SETTLEMENT,RTGS,HDFC Bank,IN,0,NORMAL_BANKING_FLOW
TX_HDFC_102280,HDFC_ACC_20131,INDUS_ACC_20095,446346.32,2026-01-10 09:30:17,SETTLEMENT,RTGS,HDFC Bank,IN,0,NORMAL_BANKING_FLOW
TX_HDFC_102281,HDFC_ACC_20129,HDFC_ACC_20225,40199.61,2026-01-10 09:26:40,SETTLEMENT,RTGS,HDFC Bank,IN,0,NORMAL_BANKING_FLOW
TX_HDFC_102282,HDFC_ACC_20164,HDFC_ACC_20203,127348.01,2026-01-10 10:18:18,SETTLEMENT,NEFT,HDFC Bank,IN,0,NORMAL_BANKING_FLOW
TX_HDFC_102283,HDFC_ACC_20143,HDFC_ACC_20219,998011.76,2026-01-10 09:41:00,SETTLEMENT,RTGS,HDFC Bank,IN,0,NORMAL_BANKING_FLOW
TX_HDFC_102284,HDFC_ACC_20040,HDFC_ACC_20219,91191.59,2026-01-10 09:29:03,SETTLEMENT,NEFT,HDFC Bank,IN,0,NORMAL_BANKING_FLOW
TX_HDFC_102285,HDFC_ACC_20223,HDFC_ACC_20023,160999.3,2026-01-10 09:26:36,SETTLEMENT,NEFT,HDFC Bank,IN,0,NORMAL_BANKING_FLOW
TX_HDFC_102286,HDFC_ACC_20164,HDFC_ACC_20210,446085.98,2026-01-10 09:52:25,SETTLEMENT,RTGS,HDFC Bank,IN,0,NORMAL_BANKING_FLOW
TX_HDFC_102287,HDFC_ACC_20046,YES_ACC_20196,635221.83,2026-01-10 10:03:04,SETTLEMENT,NEFT,HDFC Bank,IN,0,NORMAL_BANKING_FLOW
TX_HDFC_102288,HDFC_ACC_20084,HDFC_ACC_20088,203476.79,2026-01-10 10:00:54,SETTLEMENT,NEFT,HDFC Bank,IN,0,NORMAL_BANKING_FLOW
TX_HDFC_102289,HDFC_ACC_20179,ICICI_ACC_20071,139070.85,2026-01-10 10:17:44,SETTLEMENT,RTGS,HDFC Bank,IN,0,NORMAL_BANKING_FLOW
TX_HDFC_102290,HDFC_ACC_20039,AXIS_ACC_20163,1282865.55,2026-01-10 10:05:16,SETTLEMENT,NEFT,HDFC Bank,IN,0,NORMAL_BANKING_FLOW
TX_HDFC_102291,HDFC_ACC_20008,YES_ACC_20015,1817167.69,2026-01-10 09:42:00,SETTLEMENT,NEFT,HDFC Bank,IN,0,NORMAL_BANKING_FLOW
TX_HDFC_102292,HDFC_ACC_20121,HDFC_ACC_20054,787598.61,2026-01-10 09:57:38,SETTLEMENT,RTGS,HDFC Bank,IN,0,NORMAL_BANKING_FLOW
TX_HDFC_102293,HDFC_ACC_20175,HDFC_ACC_20064,294740.31,2026-01-10 09:24:32,SETTLEMENT,RTGS,HDFC Bank,IN,0,NORMAL_BANKING_FLOW
TX_HDFC_102294,HDFC_ACC_20036,HDFC_ACC_20104,110294.32,2026-01-10 10:25:15,SETTLEMENT,NEFT,HDFC Bank,IN,0,NORMAL_BANKING_FLOW
TX_HDFC_102295,HDFC_ACC_20182,HDFC_ACC_20107,107636.08,2026-01-10 09:31:20,SETTLEMENT,NEFT,HDFC Bank,IN,0,NORMAL_BANKING_FLOW
TX_HDFC_102296,HDFC_ACC_20228,HDFC_ACC_20212,476758.58,2026-01-10 10:16:00,SETTLEMENT,NEFT,HDFC Bank,IN,0,NORMAL_BANKING_FLOW
TX_HDFC_102297,HDFC_ACC_20230,HDFC_ACC_20247,425167.31,2026-01-10 09:28:48,SETTLEMENT,NEFT,HDFC Bank,IN,0,NORMAL_BANKING_FLOW
TX_HDFC_102298,HDFC_ACC_20089,CANARA_ACC_20121,1253886.46,2026-01-10 09:54:58,SETTLEMENT,NEFT,HDFC Bank,IN,0,NORMAL_BANKING_FLOW
TX_HDFC_102299,HDFC_ACC_20041,YES_ACC_20090,548803.15,2026-01-10 10:20:02,SETTLEMENT,RTGS,HDFC Bank,IN,0,NORMAL_BANKING_FLOW
TX_HDFC_102300,HDFC_ACC_20210,HDFC_ACC_20200,51359.83,2026-01-10 10:37:21,SETTLEMENT,RTGS,HDFC Bank,IN,0,NORMAL_BANKING_FLOW
TX_HDFC_102301,HDFC_ACC_20185,HDFC_ACC_20157,853535.47,2026-01-10 10:28:20,SETTLEMENT,NEFT,HDFC Bank,IN,0,NORMAL_BANKING_FLOW
TX_HDFC_102302,HDFC_ACC_20210,INDUS_ACC_20003,89512.48,2026-01-10 09:40:24,SETTLEMENT,NEFT,HDFC Bank,IN,0,NORMAL_BANKING_FLOW
TX_HDFC_102303,HDFC_ACC_20239,HDFC_ACC_20221,175893.08,2026-01-10 09:40:48,SETTLEMENT,RTGS,HDFC Bank,IN,0,NORMAL_BANKING_FLOW
TX_HDFC_102304,HDFC_ACC_20248,HDFC_ACC_20067,353352.08,2026-01-10 10:00:05,SETTLEMENT,NEFT,HDFC Bank,IN,0,NORMAL_BANKING_FLOW
TX_HDFC_102305,HDFC_ACC_20115,AXIS_ACC_20162,2410233.62,2026-01-10 10:23:12,SETTLEMENT,RTGS,HDFC Bank,IN,0,NORMAL_BANKING_FLOW
TX_HDFC_102306,HDFC_ACC_20148,HDFC_ACC_20055,4500000.0,2026-01-10 10:15:15,SETTLEMENT,RTGS,HDFC Bank,IN,0,NORMAL_BANKING_FLOW
TX_HDFC_102307,HDFC_ACC_20139,YES_ACC_20055,523030.66,2026-01-10 09:47:42,SETTLEMENT,RTGS,HDFC Bank,IN,0,NORMAL_BANKING_FLOW
TX_HDFC_102308,HDFC_ACC_20048,SBI_ACC_20094,219363.12,2026-01-10 10:05:59,SETTLEMENT,NEFT,HDFC Bank,IN,0,NORMAL_BANKING_FLOW
TX_HDFC_102309,HDFC_ACC_20229,HDFC_ACC_20209,483089.02,2026-01-10 10:08:24,SETTLEMENT,NEFT,HDFC Bank,IN,0,NORMAL_BANKING_FLOW
TX_HDFC_102310,HDFC_ACC_20166,YES_ACC_20105,712418.62,2026-01-10 09:39:58,SETTLEMENT,RTGS,HDFC Bank,IN,0,NORMAL_BANKING_FLOW
TX_HDFC_102311,HDFC_ACC_20138,HDFC_ACC_20196,188577.74,2026-01-10 10:07:50,SETTLEMENT,NEFT,HDFC Bank,IN,0,NORMAL_BANKING_FLOW
TX_HDFC_102312,HDFC_ACC_20045,HDFC_ACC_20096,1933287.52,2026-01-10 10:06:36,SETTLEMENT,NEFT,HDFC Bank,IN,0,NORMAL_BANKING_FLOW
TX_HDFC_102313,HDFC_ACC_20041,HDFC_ACC_20098,345614.0,2026-01-10 09:48:32,SETTLEMENT,RTGS,HDFC Bank,IN,0,NORMAL_BANKING_FLOW
TX_HDFC_102314,HDFC_ACC_20176,HDFC_ACC_20162,463943.19,2026-01-10 10:02:09,SETTLEMENT,RTGS,HDFC Bank,IN,0,NORMAL_BANKING_FLOW
TX_HDFC_102315,HDFC_ACC_20240,ICICI_ACC_20022,558224.6,2026-01-10 10:02:42,SETTLEMENT,RTGS,HDFC Bank,IN,0,NORMAL_BANKING_FLOW
TX_HDFC_102316,HDFC_ACC_20004,HDFC_ACC_20106,426661.09,2026-01-10 09:40:15,SETTLEMENT,NEFT,HDFC Bank,IN,0,NORMAL_BANKING_FLOW
TX_HDFC_102317,HDFC_ACC_20192,HDFC_ACC_20139,675247.49,2026-01-10 09:40:36,SETTLEMENT,RTGS,HDFC Bank,IN,0,NORMAL_BANKING_FLOW
TX_HDFC_102318,HDFC_ACC_20128,HDFC_ACC_20008,136083.17,2026-01-10 09:40:57,SETTLEMENT,RTGS,HDFC Bank,IN,0,NORMAL_BANKING_FLOW
TX_HDFC_102319,HDFC_ACC_20107,HDFC_ACC_20199,145200.1,2026-01-10 10:52:06,SETTLEMENT,NEFT,HDFC Bank,IN,0,NORMAL_BANKING_FLOW
TX_HDFC_102320,HDFC_ACC_20029,HDFC_ACC_20121,80003.87,2026-01-10 10:27:16,SETTLEMENT,RTGS,HDFC Bank,IN,0,NORMAL_BANKING_FLOW
TX_HDFC_102321,HDFC_ACC_20203,YES_ACC_20232,435152.3,2026-01-10 09:44:00,SETTLEMENT,NEFT,HDFC Bank,IN,0,NORMAL_BANKING_FLOW
TX_HDFC_102322,HDFC_ACC_20189,HDFC_ACC_20241,632117.23,2026-01-10 10:52:56,SETTLEMENT,RTGS,HDFC Bank,IN,0,NORMAL_BANKING_FLOW
TX_HDFC_102323,HDFC_ACC_20129,HDFC_ACC_20226,443986.82,2026-01-10 10:17:16,SETTLEMENT,RTGS,HDFC Bank,IN,0,NORMAL_BANKING_FLOW
TX_HDFC_102324,HDFC_ACC_20214,YES_ACC_20172,1692879.83,2026-01-10 10:56:51,SETTLEMENT,NEFT,HDFC Bank,IN,0,NORMAL_BANKING_FLOW
TX_HDFC_102325,HDFC_ACC_20232,HDFC_ACC_20003,266690.58,2026-01-10 10:02:00,SETTLEMENT,NEFT,HDFC Bank,IN,0,NORMAL_BANKING_FLOW
TX_HDFC_102326,HDFC_ACC_20095,BOB_ACC_20209,559957.31,2026-01-10 09:33:20,SETTLEMENT,NEFT,HDFC Bank,IN,0,NORMAL_BANKING_FLOW
TX_HDFC_102327,HDFC_ACC_20043,YES_ACC_20061,80751.28,2026-01-10 10:51:18,SETTLEMENT,NEFT,HDFC Bank,IN,0,NORMAL_BANKING_FLOW
TX_HDFC_102328,HDFC_ACC_20049,HDFC_ACC_20101,175288.83,2026-01-10 10:45:50,SETTLEMENT,RTGS,HDFC Bank,IN,0,NORMAL_BANKING_FLOW
TX_HDFC_102329,HDFC_ACC_20147,HDFC_ACC_20241,576708.1,2026-01-10 09:38:24,SETTLEMENT,RTGS,HDFC Bank,IN,0,NORMAL_BANKING_FLOW
TX_HDFC_102330,HDFC_ACC_20186,HDFC_ACC_20232,682837.59,2026-01-10 10:58:15,SETTLEMENT,NEFT,HDFC Bank,IN,0,NORMAL_BANKING_FLOW
TX_HDFC_102331,HDFC_ACC_20111,HDFC_ACC_20182,194198.55,2026-01-10 10:15:50,SETTLEMENT,RTGS,HDFC Bank,IN,0,NORMAL_BANKING_FLOW
TX_HDFC_102332,HDFC_ACC_20161,HDFC_ACC_20100,248014.09,2026-01-10 09:50:13,SETTLEMENT,RTGS,HDFC Bank,IN,0,NORMAL_BANKING_FLOW
TX_HDFC_102333,HDFC_ACC_20214,HDFC_ACC_20243,50530.83,2026-01-10 11:01:00,SETTLEMENT,RTGS,HDFC Bank,IN,0,NORMAL_BANKING_FLOW
TX_HDFC_102334,HDFC_ACC_20023,HDFC_ACC_20002,181183.91,2026-01-10 10:17:35,SETTLEMENT,NEFT,HDFC Bank,IN,0,NORMAL_BANKING_FLOW
TX_HDFC_102335,HDFC_ACC_20039,HDFC_ACC_20182,714559.45,2026-01-10 11:02:50,SETTLEMENT,RTGS,HDFC Bank,IN,0,NORMAL_BANKING_FLOW
TX_HDFC_102336,HDFC_ACC_20020,HDFC_ACC_20006,505208.01,2026-01-10 10:50:15,SETTLEMENT,RTGS,HDFC Bank,IN,0,NORMAL_BANKING_FLOW
TX_HDFC_102337,HDFC_ACC_20162,HDFC_ACC_20091,465437.12,2026-01-10 09:52:08,SETTLEMENT,RTGS,HDFC Bank,IN,0,NORMAL_BANKING_FLOW
TX_HDFC_102338,HDFC_ACC_20229,HDFC_ACC_20049,283438.67,2026-01-10 09:59:22,SETTLEMENT,NEFT,HDFC Bank,IN,0,NORMAL_BANKING_FLOW
TX_HDFC_102339,HDFC_ACC_20185,YES_ACC_20197,270430.25,2026-01-10 10:52:42,SETTLEMENT,RTGS,HDFC Bank,IN,0,NORMAL_BANKING_FLOW
TX_HDFC_102340,HDFC_ACC_20070,HDFC_ACC_20036,129786.59,2026-01-10 10:11:49,SETTLEMENT,RTGS,HDFC Bank,IN,0,NORMAL_BANKING_FLOW
TX_HDFC_102341,HDFC_ACC_20148,ICICI_ACC_20117,578799.41,2026-01-10 11:08:20,SETTLEMENT,NEFT,HDFC Bank,IN,0,NORMAL_BANKING_FLOW
TX_HDFC_102342,HDFC_ACC_20036,HDFC_ACC_20230,426373.17,2026-01-10 11:04:33,SETTLEMENT,NEFT,HDFC Bank,IN,0,NORMAL_BANKING_FLOW
TX_HDFC_102343,HDFC_ACC_20126,KOTAK_ACC_20100,461031.08,2026-01-10 10:01:32,SETTLEMENT,NEFT,HDFC Bank,IN,0,NORMAL_BANKING_FLOW
TX_HDFC_102344,HDFC_ACC_20005,HDFC_ACC_20125,150446.33,2026-01-10 09:50:03,SETTLEMENT,RTGS,HDFC Bank,IN,0,NORMAL_BANKING_FLOW
TX_HDFC_102345,HDFC_ACC_20175,HDFC_ACC_20228,25117.57,2026-01-10 11:12:00,SETTLEMENT,NEFT,HDFC Bank,IN,0,NORMAL_BANKING_FLOW
TX_HDFC_102346,HDFC_ACC_20115,AXIS_ACC_20076,897050.99,2026-01-10 10:24:35,SETTLEMENT,RTGS,HDFC Bank,IN,0,NORMAL_BANKING_FLOW
TX_HDFC_102347,HDFC_ACC_20168,HDFC_ACC_20155,158463.38,2026-01-10 09:36:30,SETTLEMENT,RTGS,HDFC Bank,IN,0,NORMAL_BANKING_FLOW
TX_HDFC_102348,HDFC_ACC_20087,CANARA_ACC_20157,103875.32,2026-01-10 09:41:39,SETTLEMENT,NEFT,HDFC Bank,IN,0,NORMAL_BANKING_FLOW
TX_HDFC_102349,HDFC_ACC_20040,HDFC_ACC_20066,575403.49,2026-01-10 11:10:44,SETTLEMENT,RTGS,HDFC Bank,IN,0,NORMAL_BANKING_FLOW
TX_HDFC_102350,HDFC_ACC_20007,HDFC_ACC_20133,174344.08,2026-01-10 09:54:38,SETTLEMENT,NEFT,HDFC Bank,IN,0,NORMAL_BANKING_FLOW
TX_HDFC_102351,HDFC_ACC_20055,ICICI_ACC_20230,861069.09,2026-01-10 10:57:30,SETTLEMENT,RTGS,HDFC Bank,IN,0,NORMAL_BANKING_FLOW
TX_HDFC_102352,HDFC_ACC_20035,HDFC_ACC_20187,528980.34,2026-01-10 10:10:28,SETTLEMENT,NEFT,HDFC Bank,IN,0,NORMAL_BANKING_FLOW
TX_HDFC_102353,HDFC_ACC_20068,HDFC_ACC_20051,569165.34,2026-01-10 11:29:28,SETTLEMENT,RTGS,HDFC Bank,IN,0,NORMAL_BANKING_FLOW
TX_HDFC_102354,HDFC_ACC_20141,HDFC_ACC_20119,59721.58,2026-01-10 09:51:00,SETTLEMENT,NEFT,HDFC Bank,IN,0,NORMAL_BANKING_FLOW
TX_HDFC_102355,HDFC_ACC_20242,HDFC_ACC_20049,1017784.11,2026-01-10 10:58:04,SETTLEMENT,RTGS,HDFC Bank,IN,0,NORMAL_BANKING_FLOW
TX_HDFC_102356,HDFC_ACC_20175,PNB_ACC_20246,357673.41,2026-01-10 10:20:05,SETTLEMENT,NEFT,HDFC Bank,IN,0,NORMAL_BANKING_FLOW
TX_HDFC_102357,HDFC_ACC_20203,PNB_ACC_20042,178759.24,2026-01-10 10:44:00,SETTLEMENT,NEFT,HDFC Bank,IN,0,NORMAL_BANKING_FLOW
TX_HDFC_102358,HDFC_ACC_20124,HDFC_ACC_20114,314181.87,2026-01-10 10:13:16,SETTLEMENT,RTGS,HDFC Bank,IN,0,NORMAL_BANKING_FLOW
TX_HDFC_102359,HDFC_ACC_20069,ICICI_ACC_20155,38030.4,2026-01-10 10:50:36,SETTLEMENT,RTGS,HDFC Bank,IN,0,NORMAL_BANKING_FLOW
TX_HDFC_102360,HDFC_ACC_20145,HDFC_ACC_20230,420633.88,2026-01-10 10:43:21,SETTLEMENT,RTGS,HDFC Bank,IN,0,NORMAL_BANKING_FLOW
TX_HDFC_102361,HDFC_ACC_20115,HDFC_ACC_20008,86481.98,2026-01-10 11:26:40,SETTLEMENT,RTGS,HDFC Bank,IN,0,NORMAL_BANKING_FLOW
TX_HDFC_102362,HDFC_ACC_20104,HDFC_ACC_20212,60600.76,2026-01-10 11:06:07,SETTLEMENT,NEFT,HDFC Bank,IN,0,NORMAL_BANKING_FLOW
TX_HDFC_102363,HDFC_ACC_20135,HDFC_ACC_20007,50282.12,2026-01-10 11:31:12,SETTLEMENT,RTGS,HDFC Bank,IN,0,NORMAL_BANKING_FLOW
TX_HDFC_102364,HDFC_ACC_20082,HDFC_ACC_20047,912512.64,2026-01-10 09:59:46,SETTLEMENT,NEFT,HDFC Bank,IN,0,NORMAL_BANKING_FLOW
TX_HDFC_102365,HDFC_ACC_20055,HDFC_ACC_20096,134297.16,2026-01-10 10:41:08,SETTLEMENT,NEFT,HDFC Bank,IN,0,NORMAL_BANKING_FLOW
TX_HDFC_102366,HDFC_ACC_20031,HDFC_ACC_20177,1450038.23,2026-01-10 10:06:00,SETTLEMENT,RTGS,HDFC Bank,IN,0,NORMAL_BANKING_FLOW
TX_HDFC_102367,HDFC_ACC_20054,HDFC_ACC_20204,148838.69,2026-01-10 09:41:30,SETTLEMENT,RTGS,HDFC Bank,IN,0,NORMAL_BANKING_FLOW
TX_HDFC_102368,HDFC_ACC_20143,HDFC_ACC_20072,41023.74,2026-01-10 10:37:25,SETTLEMENT,RTGS,HDFC Bank,IN,0,NORMAL_BANKING_FLOW
TX_HDFC_102369,HDFC_ACC_20055,HDFC_ACC_20072,78576.12,2026-01-10 11:28:24,SETTLEMENT,NEFT,HDFC Bank,IN,0,NORMAL_BANKING_FLOW
TX_HDFC_102370,HDFC_ACC_20226,ICICI_ACC_20146,1044859.29,2026-01-10 11:49:00,SETTLEMENT,RTGS,HDFC Bank,IN,0,NORMAL_BANKING_FLOW
TX_HDFC_102371,HDFC_ACC_20193,HDFC_ACC_20209,226050.12,2026-01-10 11:38:40,SETTLEMENT,RTGS,HDFC Bank,IN,0,NORMAL_BANKING_FLOW
TX_HDFC_102372,HDFC_ACC_20012,CANARA_ACC_20011,146808.45,2026-01-10 10:39:45,SETTLEMENT,NEFT,HDFC Bank,IN,0,NORMAL_BANKING_FLOW
TX_HDFC_102373,HDFC_ACC_20031,HDFC_ACC_20154,319982.01,2026-01-10 10:31:44,SETTLEMENT,RTGS,HDFC Bank,IN,0,NORMAL_BANKING_FLOW
TX_HDFC_102374,HDFC_ACC_20060,HDFC_ACC_20073,466009.37,2026-01-10 10:40:55,SETTLEMENT,RTGS,HDFC Bank,IN,0,NORMAL_BANKING_FLOW
TX_HDFC_102375,HDFC_ACC_20219,HDFC_ACC_20001,917253.08,2026-01-10 09:46:24,SETTLEMENT,RTGS,HDFC Bank,IN,0,NORMAL_BANKING_FLOW
TX_HDFC_102376,HDFC_ACC_20215,SBI_ACC_20229,1320273.08,2026-01-10 11:08:20,SETTLEMENT,NEFT,HDFC Bank,IN,0,NORMAL_BANKING_FLOW
TX_HDFC_102377,HDFC_ACC_20010,HDFC_ACC_20004,180638.76,2026-01-10 11:23:44,SETTLEMENT,RTGS,HDFC Bank,IN,0,NORMAL_BANKING_FLOW
TX_HDFC_102378,HDFC_ACC_20212,PNB_ACC_20070,62401.68,2026-01-10 09:56:03,SETTLEMENT,RTGS,HDFC Bank,IN,0,NORMAL_BANKING_FLOW
TX_HDFC_102379,HDFC_ACC_20102,HDFC_ACC_20199,170278.11,2026-01-10 10:43:50,SETTLEMENT,RTGS,HDFC Bank,IN,0,NORMAL_BANKING_FLOW
TX_HDFC_102380,HDFC_ACC_20012,HDFC_ACC_20179,357291.97,2026-01-10 10:44:25,SETTLEMENT,RTGS,HDFC Bank,IN,0,NORMAL_BANKING_FLOW
TX_HDFC_102381,HDFC_ACC_20164,ICICI_ACC_20215,92954.48,2026-01-10 11:12:00,SETTLEMENT,RTGS,HDFC Bank,IN,0,NORMAL_BANKING_FLOW
TX_HDFC_102382,HDFC_ACC_20026,HDFC_ACC_20012,93632.61,2026-01-10 10:54:38,SETTLEMENT,RTGS,HDFC Bank,IN,0,NORMAL_BANKING_FLOW
TX_HDFC_102383,HDFC_ACC_20082,YES_ACC_20057,391666.77,2026-01-10 09:45:30,SETTLEMENT,NEFT,HDFC Bank,IN,0,NORMAL_BANKING_FLOW
TX_HDFC_102384,HDFC_ACC_20185,INDUS_ACC_20208,254354.03,2026-01-10 10:16:15,SETTLEMENT,NEFT,HDFC Bank,IN,0,NORMAL_BANKING_FLOW
TX_HDFC_102385,HDFC_ACC_20239,HDFC_ACC_20013,278194.75,2026-01-10 11:30:16,SETTLEMENT,RTGS,HDFC Bank,IN,0,NORMAL_BANKING_FLOW
TX_HDFC_102386,HDFC_ACC_20011,HDFC_ACC_20243,116501.0,2026-01-10 10:35:35,SETTLEMENT,RTGS,HDFC Bank,IN,0,NORMAL_BANKING_FLOW
TX_HDFC_102387,HDFC_ACC_20084,HDFC_ACC_20203,208263.46,2026-01-10 10:45:24,SETTLEMENT,NEFT,HDFC Bank,IN,0,NORMAL_BANKING_FLOW
TX_HDFC_102388,HDFC_ACC_20043,CANARA_ACC_20030,97085.13,2026-01-10 11:01:33,SETTLEMENT,NEFT,HDFC Bank,IN,0,NORMAL_BANKING_FLOW
TX_HDFC_102389,HDFC_ACC_20037,YES_ACC_20163,714414.25,2026-01-10 10:12:04,SETTLEMENT,NEFT,HDFC Bank,IN,0,NORMAL_BANKING_FLOW
TX_HDFC_102390,HDFC_ACC_20133,HDFC_ACC_20148,838000.74,2026-01-10 11:15:27,SETTLEMENT,RTGS,HDFC Bank,IN,0,NORMAL_BANKING_FLOW
TX_HDFC_102391,HDFC_ACC_20249,HDFC_ACC_20197,35213.8,2026-01-10 11:22:30,SETTLEMENT,RTGS,HDFC Bank,IN,0,NORMAL_BANKING_FLOW
TX_HDFC_102392,HDFC_ACC_20067,ICICI_ACC_20090,96523.14,2026-01-10 11:23:15,SETTLEMENT,NEFT,HDFC Bank,IN,0,NORMAL_BANKING_FLOW
TX_HDFC_102393,HDFC_ACC_20062,HDFC_ACC_20189,51731.28,2026-01-10 11:40:00,SETTLEMENT,RTGS,HDFC Bank,IN,0,NORMAL_BANKING_FLOW
TX_HDFC_102394,HDFC_ACC_20019,SBI_ACC_20054,131265.03,2026-01-10 10:30:04,SETTLEMENT,RTGS,HDFC Bank,IN,0,NORMAL_BANKING_FLOW
TX_HDFC_102395,HDFC_ACC_20119,KOTAK_ACC_20124,244805.24,2026-01-10 09:48:30,SETTLEMENT,RTGS,HDFC Bank,IN,0,NORMAL_BANKING_FLOW
TX_HDFC_102396,HDFC_ACC_20208,HDFC_ACC_20135,54469.18,2026-01-10 10:08:15,SETTLEMENT,NEFT,HDFC Bank,IN,0,NORMAL_BANKING_FLOW
TX_HDFC_102397,HDFC_ACC_20194,CANARA_ACC_20167,97338.92,2026-01-10 11:33:32,SETTLEMENT,RTGS,HDFC Bank,IN,0,NORMAL_BANKING_FLOW
TX_HDFC_102398,HDFC_ACC_20027,KOTAK_ACC_20234,88933.74,2026-01-10 10:18:48,SETTLEMENT,RTGS,HDFC Bank,IN,0,NORMAL_BANKING_FLOW
TX_HDFC_102399,HDFC_ACC_20115,BOB_ACC_20051,337052.53,2026-01-10 11:05:24,SETTLEMENT,NEFT,HDFC Bank,IN,0,NORMAL_BANKING_FLOW
TX_HDFC_102400,HDFC_ACC_20071,HDFC_ACC_20176,289606.61,2026-01-10 11:12:40,SETTLEMENT,NEFT,HDFC Bank,IN,0,NORMAL_BANKING_FLOW
TX_HDFC_102401,HDFC_ACC_20147,HDFC_ACC_20037,121308.08,2026-01-10 10:53:20,SETTLEMENT,RTGS,HDFC Bank,IN,0,NORMAL_BANKING_FLOW
TX_HDFC_102402,HDFC_ACC_20190,HDFC_ACC_20004,325951.2,2026-01-10 11:27:24,SETTLEMENT,RTGS,HDFC Bank,IN,0,NORMAL_BANKING_FLOW
TX_HDFC_102403,HDFC_ACC_20007,HDFC_ACC_20136,147068.23,2026-01-10 11:28:08,SETTLEMENT,NEFT,HDFC Bank,IN,0,NORMAL_BANKING_FLOW
TX_HDFC_102404,HDFC_ACC_20030,ICICI_ACC_20090,199023.74,2026-01-10 11:25:29,SETTLEMENT,NEFT,HDFC Bank,IN,0,NORMAL_BANKING_FLOW
TX_HDFC_102405,HDFC_ACC_20101,HDFC_ACC_20131,1690943.64,2026-01-10 11:22:48,SETTLEMENT,NEFT,HDFC Bank,IN,0,NORMAL_BANKING_FLOW
TX_HDFC_102406,HDFC_ACC_20069,HDFC_ACC_20012,1172333.96,2026-01-10 11:03:00,SETTLEMENT,NEFT,HDFC Bank,IN,0,NORMAL_BANKING_FLOW
TX_HDFC_102407,HDFC_ACC_20237,HDFC_ACC_20075,64245.09,2026-01-10 12:12:16,SETTLEMENT,NEFT,HDFC Bank,IN,0,NORMAL_BANKING_FLOW
TX_HDFC_102408,HDFC_ACC_20152,HDFC_ACC_20156,668442.5,2026-01-10 10:33:09,SETTLEMENT,RTGS,HDFC Bank,IN,0,NORMAL_BANKING_FLOW
TX_HDFC_102409,HDFC_ACC_20027,HDFC_ACC_20166,655095.44,2026-01-10 11:39:28,SETTLEMENT,RTGS,HDFC Bank,IN,0,NORMAL_BANKING_FLOW
TX_HDFC_102410,HDFC_ACC_20056,HDFC_ACC_20230,75880.15,2026-01-10 10:44:30,SETTLEMENT,RTGS,HDFC Bank,IN,0,NORMAL_BANKING_FLOW
TX_HDFC_102411,HDFC_ACC_20061,HDFC_ACC_20025,660435.94,2026-01-10 09:59:30,SETTLEMENT,RTGS,HDFC Bank,IN,0,NORMAL_BANKING_FLOW
TX_HDFC_102412,HDFC_ACC_20158,HDFC_ACC_20103,1456759.65,2026-01-10 10:52:32,SETTLEMENT,NEFT,HDFC Bank,IN,0,NORMAL_BANKING_FLOW
TX_HDFC_102413,HDFC_ACC_20056,PNB_ACC_20126,78057.48,2026-01-10 11:21:20,SETTLEMENT,NEFT,HDFC Bank,IN,0,NORMAL_BANKING_FLOW
TX_HDFC_102414,HDFC_ACC_20052,HDFC_ACC_20074,97806.56,2026-01-10 10:39:24,SETTLEMENT,NEFT,HDFC Bank,IN,0,NORMAL_BANKING_FLOW
TX_HDFC_102415,HDFC_ACC_20187,HDFC_ACC_20047,821944.06,2026-01-10 12:34:00,SETTLEMENT,RTGS,HDFC Bank,IN,0,NORMAL_BANKING_FLOW
TX_HDFC_102416,HDFC_ACC_20159,HDFC_ACC_20078,361726.92,2026-01-10 11:48:25,SETTLEMENT,RTGS,HDFC Bank,IN,0,NORMAL_BANKING_FLOW
TX_HDFC_102417,HDFC_ACC_20080,HDFC_ACC_20042,492191.87,2026-01-10 12:32:24,SETTLEMENT,NEFT,HDFC Bank,IN,0,NORMAL_BANKING_FLOW
TX_HDFC_102418,HDFC_ACC_20116,HDFC_ACC_20003,390291.1,2026-01-10 10:34:02,SETTLEMENT,NEFT,HDFC Bank,IN,0,NORMAL_BANKING_FLOW
TX_HDFC_102419,HDFC_ACC_20085,HDFC_ACC_20067,412406.8,2026-01-10 12:27:06,SETTLEMENT,RTGS,HDFC Bank,IN,0,NORMAL_BANKING_FLOW
TX_HDFC_102420,HDFC_ACC_20194,INDUS_ACC_20248,62372.56,2026-01-10 10:09:21,SETTLEMENT,NEFT,HDFC Bank,IN,0,NORMAL_BANKING_FLOW
TX_HDFC_102421,HDFC_ACC_20125,CANARA_ACC_20028,849199.55,2026-01-10 11:45:00,SETTLEMENT,RTGS,HDFC Bank,IN,0,NORMAL_BANKING_FLOW
TX_HDFC_102422,HDFC_ACC_20145,HDFC_ACC_20074,971453.8,2026-01-10 10:02:37,SETTLEMENT,RTGS,HDFC Bank,IN,0,NORMAL_BANKING_FLOW
TX_HDFC_102423,HDFC_ACC_20042,ICICI_ACC_20025,208494.97,2026-01-10 10:47:18,SETTLEMENT,RTGS,HDFC Bank,IN,0,NORMAL_BANKING_FLOW
TX_HDFC_102424,HDFC_ACC_20085,HDFC_ACC_20189,255806.19,2026-01-10 11:06:22,SETTLEMENT,RTGS,HDFC Bank,IN,0,NORMAL_BANKING_FLOW
TX_HDFC_102425,HDFC_ACC_20065,HDFC_ACC_20064,49800.57,2026-01-10 11:18:08,SETTLEMENT,RTGS,HDFC Bank,IN,0,NORMAL_BANKING_FLOW
TX_HDFC_102426,HDFC_ACC_20211,HDFC_ACC_20181,472446.71,2026-01-10 11:22:30,SETTLEMENT,RTGS,HDFC Bank,IN,0,NORMAL_BANKING_FLOW
TX_HDFC_102427,HDFC_ACC_20198,HDFC_ACC_20222,503461.83,2026-01-10 11:15:36,SETTLEMENT,RTGS,HDFC Bank,IN,0,NORMAL_BANKING_FLOW
TX_HDFC_102428,HDFC_ACC_20069,HDFC_ACC_20187,250594.13,2026-01-10 12:20:31,SETTLEMENT,RTGS,HDFC Bank,IN,0,NORMAL_BANKING_FLOW
TX_HDFC_102429,HDFC_ACC_20105,AXIS_ACC_20091,924296.97,2026-01-10 12:29:00,SETTLEMENT,NEFT,HDFC Bank,IN,0,NORMAL_BANKING_FLOW
TX_HDFC_102430,HDFC_ACC_20147,YES_ACC_20092,185816.53,2026-01-10 11:55:34,SETTLEMENT,NEFT,HDFC Bank,IN,0,NORMAL_BANKING_FLOW
TX_HDFC_102431,HDFC_ACC_20049,YES_ACC_20163,499351.99,2026-01-10 10:47:20,SETTLEMENT,RTGS,HDFC Bank,IN,0,NORMAL_BANKING_FLOW
TX_HDFC_102432,HDFC_ACC_20224,HDFC_ACC_20139,87410.37,2026-01-10 10:20:51,SETTLEMENT,RTGS,HDFC Bank,IN,0,NORMAL_BANKING_FLOW
TX_HDFC_102433,HDFC_ACC_20224,HDFC_ACC_20067,261474.65,2026-01-10 11:46:16,SETTLEMENT,RTGS,HDFC Bank,IN,0,NORMAL_BANKING_FLOW
TX_HDFC_102434,HDFC_ACC_20084,HDFC_ACC_20107,221507.19,2026-01-10 12:45:14,SETTLEMENT,NEFT,HDFC Bank,IN,0,NORMAL_BANKING_FLOW
TX_HDFC_102435,HDFC_ACC_20010,HDFC_ACC_20180,343808.03,2026-01-10 11:04:48,SETTLEMENT,NEFT,HDFC Bank,IN,0,NORMAL_BANKING_FLOW
TX_HDFC_102436,HDFC_ACC_20031,HDFC_ACC_20117,178710.13,2026-01-10 11:21:00,SETTLEMENT,RTGS,HDFC Bank,IN,0,NORMAL_BANKING_FLOW
TX_HDFC_102437,HDFC_ACC_20202,HDFC_ACC_20028,232205.99,2026-01-10 12:20:36,SETTLEMENT,RTGS,HDFC Bank,IN,0,NORMAL_BANKING_FLOW
TX_HDFC_102438,HDFC_ACC_20175,HDFC_ACC_20174,665738.27,2026-01-10 09:59:15,SETTLEMENT,RTGS,HDFC Bank,IN,0,NORMAL_BANKING_FLOW
TX_HDFC_102439,HDFC_ACC_20074,HDFC_ACC_20171,165969.5,2026-01-10 10:35:12,SETTLEMENT,RTGS,HDFC Bank,IN,0,NORMAL_BANKING_FLOW
TX_HDFC_102440,HDFC_ACC_20073,HDFC_ACC_20076,45833.25,2026-01-10 10:39:35,SETTLEMENT,NEFT,HDFC Bank,IN,0,NORMAL_BANKING_FLOW
TX_HDFC_102441,HDFC_ACC_20055,HDFC_ACC_20152,1838650.24,2026-01-10 10:00:00,SETTLEMENT,RTGS,HDFC Bank,IN,0,NORMAL_BANKING_FLOW
TX_HDFC_102442,HDFC_ACC_20078,HDFC_ACC_20091,1226407.21,2026-01-10 10:28:22,SETTLEMENT,NEFT,HDFC Bank,IN,0,NORMAL_BANKING_FLOW
TX_HDFC_102443,HDFC_ACC_20012,HDFC_ACC_20090,64764.38,2026-01-10 12:49:54,SETTLEMENT,RTGS,HDFC Bank,IN,0,NORMAL_BANKING_FLOW
TX_HDFC_102444,HDFC_ACC_20128,HDFC_ACC_20197,573021.54,2026-01-10 11:13:39,SETTLEMENT,RTGS,HDFC Bank,IN,0,NORMAL_BANKING_FLOW
TX_HDFC_102445,HDFC_ACC_20022,AXIS_ACC_20187,154311.37,2026-01-10 12:23:20,SETTLEMENT,NEFT,HDFC Bank,IN,0,NORMAL_BANKING_FLOW
TX_HDFC_102446,HDFC_ACC_20235,HDFC_ACC_20056,358554.5,2026-01-10 10:50:15,SETTLEMENT,RTGS,HDFC Bank,IN,0,NORMAL_BANKING_FLOW
TX_HDFC_102447,HDFC_ACC_20090,HDFC_ACC_20174,370884.71,2026-01-10 10:09:42,SETTLEMENT,RTGS,HDFC Bank,IN,0,NORMAL_BANKING_FLOW
TX_HDFC_102448,HDFC_ACC_20102,ICICI_ACC_20228,207347.5,2026-01-10 12:46:25,SETTLEMENT,NEFT,HDFC Bank,IN,0,NORMAL_BANKING_FLOW
TX_HDFC_102449,HDFC_ACC_20152,HDFC_ACC_20144,113307.17,2026-01-10 11:08:08,SETTLEMENT,RTGS,HDFC Bank,IN,0,NORMAL_BANKING_FLOW
TX_HDFC_102450,HDFC_ACC_20082,AXIS_ACC_20174,125543.15,2026-01-10 11:54:18,SETTLEMENT,RTGS,HDFC Bank,IN,0,NORMAL_BANKING_FLOW
TX_HDFC_102451,HDFC_ACC_20106,HDFC_ACC_20077,97947.7,2026-01-10 10:52:30,SETTLEMENT,NEFT,HDFC Bank,IN,0,NORMAL_BANKING_FLOW
TX_HDFC_102452,HDFC_ACC_20145,CANARA_ACC_20139,107473.07,2026-01-10 11:22:14,SETTLEMENT,NEFT,HDFC Bank,IN,0,NORMAL_BANKING_FLOW
TX_HDFC_102453,HDFC_ACC_20224,ICICI_ACC_20035,249223.13,2026-01-10 10:49:12,SETTLEMENT,NEFT,HDFC Bank,IN,0,NORMAL_BANKING_FLOW
TX_HDFC_102454,HDFC_ACC_20080,HDFC_ACC_20176,122108.35,2026-01-10 12:22:24,SETTLEMENT,RTGS,HDFC Bank,IN,0,NORMAL_BANKING_FLOW
TX_HDFC_102455,HDFC_ACC_20090,HDFC_ACC_20108,568216.21,2026-01-10 13:14:00,SETTLEMENT,NEFT,HDFC Bank,IN,0,NORMAL_BANKING_FLOW
TX_HDFC_102456,HDFC_ACC_20233,HDFC_ACC_20246,1377761.68,2026-01-10 11:54:15,SETTLEMENT,RTGS,HDFC Bank,IN,0,NORMAL_BANKING_FLOW
TX_HDFC_102457,HDFC_ACC_20035,HDFC_ACC_20078,141767.18,2026-01-10 11:54:56,SETTLEMENT,NEFT,HDFC Bank,IN,0,NORMAL_BANKING_FLOW
TX_HDFC_102458,HDFC_ACC_20095,HDFC_ACC_20140,349180.74,2026-01-10 11:08:30,SETTLEMENT,RTGS,HDFC Bank,IN,0,NORMAL_BANKING_FLOW
TX_HDFC_102459,HDFC_ACC_20013,YES_ACC_20032,464935.34,2026-01-10 12:39:18,SETTLEMENT,RTGS,HDFC Bank,IN,0,NORMAL_BANKING_FLOW
TX_HDFC_102460,HDFC_ACC_20118,BOB_ACC_20117,450990.93,2026-01-10 11:52:40,SETTLEMENT,RTGS,HDFC Bank,IN,0,NORMAL_BANKING_FLOW
TX_HDFC_102461,HDFC_ACC_20069,ICICI_ACC_20085,291720.31,2026-01-10 10:18:00,SETTLEMENT,NEFT,HDFC Bank,IN,0,NORMAL_BANKING_FLOW
TX_HDFC_102462,HDFC_ACC_20074,HDFC_ACC_20177,607404.76,2026-01-10 12:50:33,SETTLEMENT,NEFT,HDFC Bank,IN,0,NORMAL_BANKING_FLOW
TX_HDFC_102463,HDFC_ACC_20031,BOB_ACC_20189,456102.96,2026-01-10 11:37:12,SETTLEMENT,RTGS,HDFC Bank,IN,0,NORMAL_BANKING_FLOW
TX_HDFC_102464,HDFC_ACC_20052,HDFC_ACC_20144,68773.33,2026-01-10 13:23:00,SETTLEMENT,NEFT,HDFC Bank,IN,0,NORMAL_BANKING_FLOW
TX_HDFC_102465,HDFC_ACC_20229,HDFC_ACC_20218,698067.91,2026-01-10 12:22:24,SETTLEMENT,NEFT,HDFC Bank,IN,0,NORMAL_BANKING_FLOW
TX_HDFC_102466,HDFC_ACC_20079,SBI_ACC_20206,712132.96,2026-01-10 10:46:00,SETTLEMENT,NEFT,HDFC Bank,IN,0,NORMAL_BANKING_FLOW
TX_HDFC_102467,HDFC_ACC_20051,HDFC_ACC_20000,115888.67,2026-01-10 12:23:56,SETTLEMENT,RTGS,HDFC Bank,IN,0,NORMAL_BANKING_FLOW
TX_HDFC_102468,HDFC_ACC_20030,HDFC_ACC_20064,279772.38,2026-01-10 10:46:48,SETTLEMENT,RTGS,HDFC Bank,IN,0,NORMAL_BANKING_FLOW
TX_HDFC_102469,HDFC_ACC_20006,CANARA_ACC_20100,569014.9,2026-01-10 11:05:04,SETTLEMENT,NEFT,HDFC Bank,IN,0,NORMAL_BANKING_FLOW
TX_HDFC_102470,HDFC_ACC_20076,HDFC_ACC_20047,213150.72,2026-01-10 10:20:42,SETTLEMENT,RTGS,HDFC Bank,IN,0,NORMAL_BANKING_FLOW
TX_HDFC_102471,HDFC_ACC_20139,HDFC_ACC_20157,873510.87,2026-01-10 11:15:00,SETTLEMENT,RTGS,HDFC Bank,IN,0,NORMAL_BANKING_FLOW
TX_HDFC_102472,HDFC_ACC_20168,HDFC_ACC_20110,3613761.46,2026-01-10 13:21:58,SETTLEMENT,RTGS,HDFC Bank,IN,0,NORMAL_BANKING_FLOW
TX_HDFC_102473,HDFC_ACC_20047,HDFC_ACC_20191,113030.77,2026-01-10 10:48:48,SETTLEMENT,RTGS,HDFC Bank,IN,0,NORMAL_BANKING_FLOW
TX_HDFC_102474,HDFC_ACC_20130,BOB_ACC_20051,58738.52,2026-01-10 13:19:21,SETTLEMENT,NEFT,HDFC Bank,IN,0,NORMAL_BANKING_FLOW
TX_HDFC_102475,HDFC_ACC_20074,HDFC_ACC_20246,374819.72,2026-01-10 12:25:30,SETTLEMENT,RTGS,HDFC Bank,IN,0,NORMAL_BANKING_FLOW
TX_HDFC_102476,HDFC_ACC_20170,HDFC_ACC_20098,593456.24,2026-01-10 12:58:20,SETTLEMENT,RTGS,HDFC Bank,IN,0,NORMAL_BANKING_FLOW
TX_HDFC_102477,HDFC_ACC_20118,HDFC_ACC_20108,208156.81,2026-01-10 13:31:24,SETTLEMENT,RTGS,HDFC Bank,IN,0,NORMAL_BANKING_FLOW
TX_HDFC_102478,HDFC_ACC_20117,HDFC_ACC_20099,1327206.25,2026-01-10 10:50:48,SETTLEMENT,NEFT,HDFC Bank,IN,0,NORMAL_BANKING_FLOW
TX_HDFC_102479,HDFC_ACC_20008,HDFC_ACC_20229,61545.6,2026-01-10 10:09:30,SETTLEMENT,RTGS,HDFC Bank,IN,0,NORMAL_BANKING_FLOW
TX_HDFC_102480,HDFC_ACC_20010,INDUS_ACC_20246,575048.97,2026-01-10 13:25:03,SETTLEMENT,RTGS,HDFC Bank,IN,0,NORMAL_BANKING_FLOW
TX_HDFC_102481,HDFC_ACC_20185,HDFC_ACC_20002,137799.24,2026-01-10 10:47:20,SETTLEMENT,RTGS,HDFC Bank,IN,0,NORMAL_BANKING_FLOW
TX_HDFC_102482,HDFC_ACC_20219,KOTAK_ACC_20089,1778561.94,2026-01-10 10:57:05,SETTLEMENT,NEFT,HDFC Bank,IN,0,NORMAL_BANKING_FLOW
TX_HDFC_102483,HDFC_ACC_20131,HDFC_ACC_20168,2401890.97,2026-01-10 13:42:00,SETTLEMENT,RTGS,HDFC Bank,IN,0,NORMAL_BANKING_FLOW
TX_HDFC_102484,HDFC_ACC_20184,HDFC_ACC_20117,115459.81,2026-01-10 10:53:12,SETTLEMENT,NEFT,HDFC Bank,IN,0,NORMAL_BANKING_FLOW
TX_HDFC_102485,HDFC_ACC_20035,HDFC_ACC_20196,146603.53,2026-01-10 13:44:00,SETTLEMENT,RTGS,HDFC Bank,IN,0,NORMAL_BANKING_FLOW
TX_HDFC_102486,HDFC_ACC_20100,HDFC_ACC_20215,690759.28,2026-01-10 13:30:45,SETTLEMENT,NEFT,HDFC Bank,IN,0,NORMAL_BANKING_FLOW
TX_HDFC_102487,HDFC_ACC_20246,HDFC_ACC_20168,175282.86,2026-01-10 13:26:56,SETTLEMENT,RTGS,HDFC Bank,IN,0,NORMAL_BANKING_FLOW
TX_HDFC_102488,HDFC_ACC_20237,HDFC_ACC_20168,255262.49,2026-01-10 11:04:22,SETTLEMENT,RTGS,HDFC Bank,IN,0,NORMAL_BANKING_FLOW
TX_HDFC_102489,HDFC_ACC_20178,HDFC_ACC_20245,275936.84,2026-01-10 12:50:24,SETTLEMENT,NEFT,HDFC Bank,IN,0,NORMAL_BANKING_FLOW
TX_HDFC_102490,HDFC_ACC_20158,ICICI_ACC_20011,32479.34,2026-01-10 13:10:28,SETTLEMENT,NEFT,HDFC Bank,IN,0,NORMAL_BANKING_FLOW
TX_HDFC_102491,HDFC_ACC_20040,HDFC_ACC_20171,264283.71,2026-01-10 10:17:20,SETTLEMENT,RTGS,HDFC Bank,IN,0,NORMAL_BANKING_FLOW
TX_HDFC_102492,HDFC_ACC_20173,HDFC_ACC_20195,125655.52,2026-01-10 10:41:51,SETTLEMENT,RTGS,HDFC Bank,IN,0,NORMAL_BANKING_FLOW
TX_HDFC_102493,HDFC_ACC_20206,KOTAK_ACC_20026,155992.76,2026-01-10 11:21:08,SETTLEMENT,RTGS,HDFC Bank,IN,0,NORMAL_BANKING_FLOW
TX_HDFC_102494,HDFC_ACC_20098,YES_ACC_20236,1313223.3,2026-01-10 11:06:58,SETTLEMENT,RTGS,HDFC Bank,IN,0,NORMAL_BANKING_FLOW
TX_HDFC_102495,HDFC_ACC_20064,HDFC_ACC_20217,67362.41,2026-01-10 10:33:06,SETTLEMENT,NEFT,HDFC Bank,IN,0,NORMAL_BANKING_FLOW
TX_HDFC_102496,HDFC_ACC_20095,HDFC_ACC_20216,656400.04,2026-01-10 10:33:25,SETTLEMENT,RTGS,HDFC Bank,IN,0,NORMAL_BANKING_FLOW
TX_HDFC_102497,HDFC_ACC_20082,HDFC_ACC_20116,197430.28,2026-01-10 10:18:56,SETTLEMENT,RTGS,HDFC Bank,IN,0,NORMAL_BANKING_FLOW
TX_HDFC_102498,HDFC_ACC_20163,HDFC_ACC_20051,197257.21,2026-01-10 12:13:03,SETTLEMENT,NEFT,HDFC Bank,IN,0,NORMAL_BANKING_FLOW
TX_HDFC_102499,HDFC_ACC_20112,HDFC_ACC_20057,640118.81,2026-01-10 11:14:06,SETTLEMENT,NEFT,HDFC Bank,IN,0,NORMAL_BANKING_FLOW
TX_HDFC_102500,HDFC_ACC_20111,KOTAK_ACC_20022,390060.22,2026-01-10 11:14:33,SETTLEMENT,RTGS,HDFC Bank,IN,0,NORMAL_BANKING_FLOW
TX_HDFC_102501,HDFC_ACC_20245,HDFC_ACC_20052,502662.52,2026-01-10 13:20:00,SETTLEMENT,NEFT,HDFC Bank,IN,0,NORMAL_BANKING_FLOW
TX_HDFC_102502,HDFC_ACC_20228,HDFC_ACC_20198,778405.7,2026-01-10 10:25:17,SETTLEMENT,RTGS,HDFC Bank,IN,0,NORMAL_BANKING_FLOW
TX_HDFC_102503,HDFC_ACC_20221,HDFC_ACC_20047,186383.34,2026-01-10 12:26:22,SETTLEMENT,RTGS,HDFC Bank,IN,0,NORMAL_BANKING_FLOW
TX_HDFC_102504,HDFC_ACC_20233,BOB_ACC_20127,136836.16,2026-01-10 13:52:54,SETTLEMENT,RTGS,HDFC Bank,IN,0,NORMAL_BANKING_FLOW
TX_HDFC_102505,HDFC_ACC_20146,BOB_ACC_20090,81335.22,2026-01-10 11:16:48,SETTLEMENT,RTGS,HDFC Bank,IN,0,NORMAL_BANKING_FLOW
TX_HDFC_102506,HDFC_ACC_20143,ICICI_ACC_20112,108233.74,2026-01-10 12:08:05,SETTLEMENT,RTGS,HDFC Bank,IN,0,NORMAL_BANKING_FLOW
TX_HDFC_102507,HDFC_ACC_20223,HDFC_ACC_20020,4500000.0,2026-01-10 12:34:12,SETTLEMENT,RTGS,HDFC Bank,IN,0,NORMAL_BANKING_FLOW
TX_HDFC_102508,HDFC_ACC_20076,HDFC_ACC_20128,1055101.51,2026-01-10 10:57:41,SETTLEMENT,RTGS,HDFC Bank,IN,0,NORMAL_BANKING_FLOW
TX_HDFC_102509,HDFC_ACC_20138,HDFC_ACC_20057,60707.24,2026-01-10 11:28:52,SETTLEMENT,NEFT,HDFC Bank,IN,0,NORMAL_BANKING_FLOW
TX_HDFC_102510,HDFC_ACC_20064,HDFC_ACC_20092,62648.58,2026-01-10 11:49:57,SETTLEMENT,RTGS,HDFC Bank,IN,0,NORMAL_BANKING_FLOW
TX_HDFC_102511,HDFC_ACC_20040,ICICI_ACC_20136,455910.9,2026-01-10 10:38:10,SETTLEMENT,RTGS,HDFC Bank,IN,0,NORMAL_BANKING_FLOW
TX_HDFC_102512,HDFC_ACC_20132,BOB_ACC_20079,489917.0,2026-01-10 13:24:21,SETTLEMENT,NEFT,HDFC Bank,IN,0,NORMAL_BANKING_FLOW
TX_HDFC_102513,HDFC_ACC_20139,HDFC_ACC_20028,490790.3,2026-01-10 12:28:00,SETTLEMENT,RTGS,HDFC Bank,IN,0,NORMAL_BANKING_FLOW
TX_HDFC_102514,HDFC_ACC_20234,SBI_ACC_20008,202713.44,2026-01-10 13:31:16,SETTLEMENT,RTGS,HDFC Bank,IN,0,NORMAL_BANKING_FLOW
TX_HDFC_102515,HDFC_ACC_20051,HDFC_ACC_20196,233748.33,2026-01-10 12:08:24,SETTLEMENT,RTGS,HDFC Bank,IN,0,NORMAL_BANKING_FLOW
TX_HDFC_102516,HDFC_ACC_20140,INDUS_ACC_20236,384872.53,2026-01-10 10:34:30,SETTLEMENT,NEFT,HDFC Bank,IN,0,NORMAL_BANKING_FLOW
TX_HDFC_102517,HDFC_ACC_20015,HDFC_ACC_20019,294926.75,2026-01-10 14:00:12,SETTLEMENT,RTGS,HDFC Bank,IN,0,NORMAL_BANKING_FLOW
TX_HDFC_102518,HDFC_ACC_20179,SBI_ACC_20088,23359.75,2026-01-10 13:29:27,SETTLEMENT,RTGS,HDFC Bank,IN,0,NORMAL_BANKING_FLOW
TX_HDFC_102519,HDFC_ACC_20153,ICICI_ACC_20227,208401.21,2026-01-10 10:40:42,SETTLEMENT,RTGS,HDFC Bank,IN,0,NORMAL_BANKING_FLOW
TX_HDFC_102520,HDFC_ACC_20033,HDFC_ACC_20010,105182.57,2026-01-10 13:25:50,SETTLEMENT,RTGS,HDFC Bank,IN,0,NORMAL_BANKING_FLOW
TX_HDFC_102521,HDFC_ACC_20129,HDFC_ACC_20089,325374.65,2026-01-10 10:52:00,SETTLEMENT,NEFT,HDFC Bank,IN,0,NORMAL_BANKING_FLOW
TX_HDFC_102522,HDFC_ACC_20200,KOTAK_ACC_20005,4500000.0,2026-01-10 12:44:42,SETTLEMENT,RTGS,HDFC Bank,IN,0,NORMAL_BANKING_FLOW
TX_HDFC_102523,HDFC_ACC_20200,BOB_ACC_20155,402009.03,2026-01-10 10:36:36,SETTLEMENT,NEFT,HDFC Bank,IN,0,NORMAL_BANKING_FLOW
TX_HDFC_102524,HDFC_ACC_20188,HDFC_ACC_20123,190064.23,2026-01-10 12:29:57,SETTLEMENT,RTGS,HDFC Bank,IN,0,NORMAL_BANKING_FLOW
TX_HDFC_102525,HDFC_ACC_20096,HDFC_ACC_20111,739686.44,2026-01-10 10:37:12,SETTLEMENT,NEFT,HDFC Bank,IN,0,NORMAL_BANKING_FLOW
TX_HDFC_102526,HDFC_ACC_20035,HDFC_ACC_20030,456323.23,2026-01-10 14:19:35,SETTLEMENT,RTGS,HDFC Bank,IN,0,NORMAL_BANKING_FLOW
TX_HDFC_102527,HDFC_ACC_20094,HDFC_ACC_20087,425961.37,2026-01-10 13:53:24,SETTLEMENT,RTGS,HDFC Bank,IN,0,NORMAL_BANKING_FLOW
TX_HDFC_102528,HDFC_ACC_20060,HDFC_ACC_20151,523104.04,2026-01-10 12:48:54,SETTLEMENT,RTGS,HDFC Bank,IN,0,NORMAL_BANKING_FLOW
TX_HDFC_102529,HDFC_ACC_20191,BOB_ACC_20145,2577158.31,2026-01-10 10:22:00,SETTLEMENT,NEFT,HDFC Bank,IN,0,NORMAL_BANKING_FLOW
TX_HDFC_102530,HDFC_ACC_20003,KOTAK_ACC_20208,77344.34,2026-01-10 10:33:13,SETTLEMENT,RTGS,HDFC Bank,IN,0,NORMAL_BANKING_FLOW
TX_HDFC_102531,HDFC_ACC_20032,HDFC_ACC_20073,451800.18,2026-01-10 10:39:00,SETTLEMENT,NEFT,HDFC Bank,IN,0,NORMAL_BANKING_FLOW
TX_HDFC_102532,HDFC_ACC_20154,HDFC_ACC_20062,96856.01,2026-01-10 10:33:47,SETTLEMENT,NEFT,HDFC Bank,IN,0,NORMAL_BANKING_FLOW
TX_HDFC_102533,HDFC_ACC_20101,HDFC_ACC_20031,494382.07,2026-01-10 12:02:36,SETTLEMENT,NEFT,HDFC Bank,IN,0,NORMAL_BANKING_FLOW
TX_HDFC_102534,HDFC_ACC_20064,KOTAK_ACC_20126,97679.29,2026-01-10 14:16:21,SETTLEMENT,NEFT,HDFC Bank,IN,0,NORMAL_BANKING_FLOW
TX_HDFC_102535,HDFC_ACC_20091,KOTAK_ACC_20113,169548.87,2026-01-10 14:34:00,SETTLEMENT,RTGS,HDFC Bank,IN,0,NORMAL_BANKING_FLOW
TX_HDFC_102536,HDFC_ACC_20093,PNB_ACC_20222,193958.81,2026-01-10 14:35:00,SETTLEMENT,NEFT,HDFC Bank,IN,0,NORMAL_BANKING_FLOW
TX_HDFC_102537,HDFC_ACC_20228,HDFC_ACC_20178,784968.13,2026-01-10 14:13:36,SETTLEMENT,NEFT,HDFC Bank,IN,0,NORMAL_BANKING_FLOW
TX_HDFC_102538,HDFC_ACC_20013,HDFC_ACC_20106,736968.1,2026-01-10 13:35:13,SETTLEMENT,RTGS,HDFC Bank,IN,0,NORMAL_BANKING_FLOW
TX_HDFC_102539,HDFC_ACC_20124,HDFC_ACC_20052,68166.66,2026-01-10 14:38:00,SETTLEMENT,RTGS,HDFC Bank,IN,0,NORMAL_BANKING_FLOW
TX_HDFC_102540,HDFC_ACC_20133,HDFC_ACC_20190,285052.18,2026-01-10 11:09:57,SETTLEMENT,RTGS,HDFC Bank,IN,0,NORMAL_BANKING_FLOW
TX_HDFC_102541,HDFC_ACC_20095,AXIS_ACC_20009,122941.28,2026-01-10 13:43:20,SETTLEMENT,NEFT,HDFC Bank,IN,0,NORMAL_BANKING_FLOW
TX_HDFC_102542,HDFC_ACC_20166,ICICI_ACC_20005,67214.52,2026-01-10 11:50:30,SETTLEMENT,RTGS,HDFC Bank,IN,0,NORMAL_BANKING_FLOW
TX_HDFC_102543,HDFC_ACC_20069,HDFC_ACC_20099,211352.21,2026-01-10 13:22:12,SETTLEMENT,RTGS,HDFC Bank,IN,0,NORMAL_BANKING_FLOW
TX_HDFC_102544,HDFC_ACC_20021,HDFC_ACC_20219,191122.32,2026-01-10 12:14:22,SETTLEMENT,RTGS,HDFC Bank,IN,0,NORMAL_BANKING_FLOW
TX_HDFC_102545,HDFC_ACC_20004,YES_ACC_20113,3872412.03,2026-01-10 14:09:36,SETTLEMENT,NEFT,HDFC Bank,IN,0,NORMAL_BANKING_FLOW
TX_HDFC_102546,HDFC_ACC_20097,HDFC_ACC_20111,432032.38,2026-01-10 10:37:45,SETTLEMENT,NEFT,HDFC Bank,IN,0,NORMAL_BANKING_FLOW
TX_HDFC_102547,HDFC_ACC_20078,HDFC_ACC_20196,58960.37,2026-01-10 13:42:34,SETTLEMENT,NEFT,HDFC Bank,IN,0,NORMAL_BANKING_FLOW
TX_HDFC_102548,HDFC_ACC_20232,HDFC_ACC_20228,144170.02,2026-01-10 12:33:59,SETTLEMENT,RTGS,HDFC Bank,IN,0,NORMAL_BANKING_FLOW
TX_HDFC_102549,HDFC_ACC_20232,HDFC_ACC_20192,825316.0,2026-01-10 12:28:48,SETTLEMENT,RTGS,HDFC Bank,IN,0,NORMAL_BANKING_FLOW
TX_HDFC_102550,HDFC_ACC_20007,HDFC_ACC_20213,2669193.83,2026-01-10 14:02:28,SETTLEMENT,NEFT,HDFC Bank,IN,0,NORMAL_BANKING_FLOW
TX_HDFC_102551,HDFC_ACC_20109,SBI_ACC_20206,46883.37,2026-01-10 14:15:00,SETTLEMENT,RTGS,HDFC Bank,IN,0,NORMAL_BANKING_FLOW
TX_HDFC_102552,HDFC_ACC_20243,PNB_ACC_20219,33930.96,2026-01-10 11:02:51,SETTLEMENT,RTGS,HDFC Bank,IN,0,NORMAL_BANKING_FLOW
TX_HDFC_102553,HDFC_ACC_20146,BOB_ACC_20066,2101289.36,2026-01-10 13:47:28,SETTLEMENT,RTGS,HDFC Bank,IN,0,NORMAL_BANKING_FLOW
TX_HDFC_102554,HDFC_ACC_20119,KOTAK_ACC_20033,411916.36,2026-01-10 11:27:05,SETTLEMENT,RTGS,HDFC Bank,IN,0,NORMAL_BANKING_FLOW
TX_HDFC_102555,HDFC_ACC_20174,ICICI_ACC_20063,103246.85,2026-01-10 10:28:30,SETTLEMENT,NEFT,HDFC Bank,IN,0,NORMAL_BANKING_FLOW
TX_HDFC_102556,HDFC_ACC_20146,HDFC_ACC_20158,483154.61,2026-01-10 13:49:55,SETTLEMENT,NEFT,HDFC Bank,IN,0,NORMAL_BANKING_FLOW
TX_HDFC_102557,HDFC_ACC_20168,HDFC_ACC_20167,14774.79,2026-01-10 12:09:52,SETTLEMENT,NEFT,HDFC Bank,IN,0,NORMAL_BANKING_FLOW
TX_HDFC_102558,HDFC_ACC_20078,HDFC_ACC_20083,269335.49,2026-01-10 14:15:21,SETTLEMENT,NEFT,HDFC Bank,IN,0,NORMAL_BANKING_FLOW
TX_HDFC_102559,HDFC_ACC_20113,HDFC_ACC_20112,384847.83,2026-01-10 12:04:58,SETTLEMENT,RTGS,HDFC Bank,IN,0,NORMAL_BANKING_FLOW
TX_HDFC_102560,HDFC_ACC_20247,HDFC_ACC_20163,741697.79,2026-01-10 10:29:45,SETTLEMENT,RTGS,HDFC Bank,IN,0,NORMAL_BANKING_FLOW
TX_HDFC_102561,HDFC_ACC_20014,HDFC_ACC_20021,87966.77,2026-01-10 14:00:00,SETTLEMENT,NEFT,HDFC Bank,IN,0,NORMAL_BANKING_FLOW
TX_HDFC_102562,HDFC_ACC_20141,HDFC_ACC_20016,294859.98,2026-01-10 12:12:32,SETTLEMENT,RTGS,HDFC Bank,IN,0,NORMAL_BANKING_FLOW
TX_HDFC_102563,HDFC_ACC_20196,PNB_ACC_20222,96957.97,2026-01-10 13:19:26,SETTLEMENT,NEFT,HDFC Bank,IN,0,NORMAL_BANKING_FLOW
TX_HDFC_102564,HDFC_ACC_20161,HDFC_ACC_20224,355372.61,2026-01-10 13:38:18,SETTLEMENT,NEFT,HDFC Bank,IN,0,NORMAL_BANKING_FLOW
TX_HDFC_102565,HDFC_ACC_20059,HDFC_ACC_20009,100219.6,2026-01-10 14:27:36,SETTLEMENT,RTGS,HDFC Bank,IN,0,NORMAL_BANKING_FLOW
TX_HDFC_102566,HDFC_ACC_20220,HDFC_ACC_20081,171285.85,2026-01-10 11:38:10,SETTLEMENT,RTGS,HDFC Bank,IN,0,NORMAL_BANKING_FLOW
TX_HDFC_102567,HDFC_ACC_20058,HDFC_ACC_20183,89733.82,2026-01-10 10:43:42,SETTLEMENT,RTGS,HDFC Bank,IN,0,NORMAL_BANKING_FLOW
TX_HDFC_102568,HDFC_ACC_20004,HDFC_ACC_20220,549217.53,2026-01-10 12:09:37,SETTLEMENT,RTGS,HDFC Bank,IN,0,NORMAL_BANKING_FLOW
TX_HDFC_102569,HDFC_ACC_20011,HDFC_ACC_20090,689896.06,2026-01-10 12:46:56,SETTLEMENT,RTGS,HDFC Bank,IN,0,NORMAL_BANKING_FLOW
TX_HDFC_102570,HDFC_ACC_20113,HDFC_ACC_20019,207298.98,2026-01-10 11:09:09,SETTLEMENT,NEFT,HDFC Bank,IN,0,NORMAL_BANKING_FLOW
TX_HDFC_102571,HDFC_ACC_20146,HDFC_ACC_20211,279864.77,2026-01-10 12:05:00,SETTLEMENT,NEFT,HDFC Bank,IN,0,NORMAL_BANKING_FLOW
TX_HDFC_102572,HDFC_ACC_20164,HDFC_ACC_20072,54532.35,2026-01-10 14:58:38,SETTLEMENT,RTGS,HDFC Bank,IN,0,NORMAL_BANKING_FLOW
TX_HDFC_102573,HDFC_ACC_20155,INDUS_ACC_20249,192982.67,2026-01-10 11:28:48,SETTLEMENT,NEFT,HDFC Bank,IN,0,NORMAL_BANKING_FLOW
TX_HDFC_102574,HDFC_ACC_20095,HDFC_ACC_20075,253920.1,2026-01-10 13:14:53,SETTLEMENT,RTGS,HDFC Bank,IN,0,NORMAL_BANKING_FLOW
TX_HDFC_102575,HDFC_ACC_20094,HDFC_ACC_20239,4500000.0,2026-01-10 14:36:36,SETTLEMENT,NEFT,HDFC Bank,IN,0,NORMAL_BANKING_FLOW
TX_HDFC_102576,HDFC_ACC_20006,HDFC_ACC_20055,78971.02,2026-01-10 11:30:00,SETTLEMENT,RTGS,HDFC Bank,IN,0,NORMAL_BANKING_FLOW
TX_HDFC_102577,HDFC_ACC_20199,INDUS_ACC_20240,1343239.73,2026-01-10 12:39:20,SETTLEMENT,RTGS,HDFC Bank,IN,0,NORMAL_BANKING_FLOW
TX_HDFC_102578,HDFC_ACC_20149,HDFC_ACC_20186,803349.11,2026-01-10 11:55:56,SETTLEMENT,NEFT,HDFC Bank,IN,0,NORMAL_BANKING_FLOW
TX_HDFC_102579,HDFC_ACC_20166,HDFC_ACC_20019,365382.51,2026-01-10 11:31:12,SETTLEMENT,NEFT,HDFC Bank,IN,0,NORMAL_BANKING_FLOW
TX_HDFC_102580,HDFC_ACC_20147,HDFC_ACC_20188,1857018.0,2026-01-10 12:03:11,SETTLEMENT,RTGS,HDFC Bank,IN,0,NORMAL_BANKING_FLOW
TX_HDFC_102581,HDFC_ACC_20031,BOB_ACC_20204,404058.93,2026-01-10 13:19:40,SETTLEMENT,RTGS,HDFC Bank,IN,0,NORMAL_BANKING_FLOW
TX_HDFC_102582,HDFC_ACC_20168,HDFC_ACC_20112,411710.25,2026-01-10 10:54:18,SETTLEMENT,RTGS,HDFC Bank,IN,0,NORMAL_BANKING_FLOW
TX_HDFC_102583,HDFC_ACC_20214,HDFC_ACC_20234,253106.92,2026-01-10 12:42:50,SETTLEMENT,NEFT,HDFC Bank,IN,0,NORMAL_BANKING_FLOW
TX_HDFC_102584,HDFC_ACC_20204,INDUS_ACC_20059,1030882.48,2026-01-10 12:11:30,SETTLEMENT,NEFT,HDFC Bank,IN,0,NORMAL_BANKING_FLOW
TX_HDFC_102585,HDFC_ACC_20248,HDFC_ACC_20061,896376.82,2026-01-10 13:41:36,SETTLEMENT,NEFT,HDFC Bank,IN,0,NORMAL_BANKING_FLOW
TX_HDFC_102586,HDFC_ACC_20225,HDFC_ACC_20020,134827.97,2026-01-10 13:35:55,SETTLEMENT,RTGS,HDFC Bank,IN,0,NORMAL_BANKING_FLOW
TX_HDFC_102587,HDFC_ACC_20019,CANARA_ACC_20154,62870.23,2026-01-10 12:58:02,SETTLEMENT,RTGS,HDFC Bank,IN,0,NORMAL_BANKING_FLOW
TX_HDFC_102588,HDFC_ACC_20107,HDFC_ACC_20212,214640.82,2026-01-10 12:07:03,SETTLEMENT,RTGS,HDFC Bank,IN,0,NORMAL_BANKING_FLOW
TX_HDFC_102589,HDFC_ACC_20062,YES_ACC_20172,111297.0,2026-01-10 11:28:44,SETTLEMENT,RTGS,HDFC Bank,IN,0,NORMAL_BANKING_FLOW
TX_HDFC_102590,HDFC_ACC_20155,HDFC_ACC_20073,250226.8,2026-01-10 14:37:08,SETTLEMENT,RTGS,HDFC Bank,IN,0,NORMAL_BANKING_FLOW
TX_HDFC_102591,HDFC_ACC_20020,HDFC_ACC_20130,1046730.39,2026-01-10 12:54:00,SETTLEMENT,NEFT,HDFC Bank,IN,0,NORMAL_BANKING_FLOW
TX_HDFC_102592,HDFC_ACC_20161,KOTAK_ACC_20230,162262.1,2026-01-10 11:36:24,SETTLEMENT,RTGS,HDFC Bank,IN,0,NORMAL_BANKING_FLOW
TX_HDFC_102593,HDFC_ACC_20003,HDFC_ACC_20108,255990.16,2026-01-10 11:49:52,SETTLEMENT,RTGS,HDFC Bank,IN,0,NORMAL_BANKING_FLOW
TX_HDFC_102594,HDFC_ACC_20182,ICICI_ACC_20032,286022.29,2026-01-10 12:23:03,SETTLEMENT,RTGS,HDFC Bank,IN,0,NORMAL_BANKING_FLOW
TX_HDFC_102595,HDFC_ACC_20006,HDFC_ACC_20019,682333.6,2026-01-10 10:51:38,SETTLEMENT,RTGS,HDFC Bank,IN,0,NORMAL_BANKING_FLOW
TX_HDFC_102596,HDFC_ACC_20135,YES_ACC_20090,22661.48,2026-01-10 11:31:25,SETTLEMENT,RTGS,HDFC Bank,IN,0,NORMAL_BANKING_FLOW
TX_HDFC_102597,HDFC_ACC_20142,HDFC_ACC_20075,137672.05,2026-01-10 11:31:48,SETTLEMENT,RTGS,HDFC Bank,IN,0,NORMAL_BANKING_FLOW
TX_HDFC_102598,HDFC_ACC_20211,ICICI_ACC_20184,338544.92,2026-01-10 11:25:34,SETTLEMENT,NEFT,HDFC Bank,IN,0,NORMAL_BANKING_FLOW
TX_HDFC_102599,HDFC_ACC_20235,HDFC_ACC_20114,1004586.78,2026-01-10 10:52:46,SETTLEMENT,NEFT,HDFC Bank,IN,0,NORMAL_BANKING_FLOW
TX_HDFC_102600,HDFC_ACC_20189,PNB_ACC_20193,156202.31,2026-01-10 13:32:39,SETTLEMENT,RTGS,HDFC Bank,IN,0,NORMAL_BANKING_FLOW
TX_HDFC_102601,HDFC_ACC_20187,HDFC_ACC_20197,34057.04,2026-01-10 14:00:00,SETTLEMENT,RTGS,HDFC Bank,IN,0,NORMAL_BANKING_FLOW
TX_HDFC_102602,HDFC_ACC_20239,HDFC_ACC_20038,530556.95,2026-01-10 14:47:32,SETTLEMENT,RTGS,HDFC Bank,IN,0,NORMAL_BANKING_FLOW
TX_HDFC_102603,HDFC_ACC_20094,HDFC_ACC_20117,133399.19,2026-01-10 10:40:30,SETTLEMENT,RTGS,HDFC Bank,IN,0,NORMAL_BANKING_FLOW
TX_HDFC_102604,HDFC_ACC_20045,HDFC_ACC_20151,72501.8,2026-01-10 13:21:57,SETTLEMENT,NEFT,HDFC Bank,IN,0,NORMAL_BANKING_FLOW
TX_HDFC_102605,HDFC_ACC_20024,HDFC_ACC_20127,135025.65,2026-01-10 12:35:28,SETTLEMENT,RTGS,HDFC Bank,IN,0,NORMAL_BANKING_FLOW
TX_HDFC_102606,HDFC_ACC_20132,BOB_ACC_20216,219042.73,2026-01-10 13:03:00,SETTLEMENT,NEFT,HDFC Bank,IN,0,NORMAL_BANKING_FLOW
TX_HDFC_102607,HDFC_ACC_20098,HDFC_ACC_20045,137968.53,2026-01-10 13:44:12,SETTLEMENT,NEFT,HDFC Bank,IN,0,NORMAL_BANKING_FLOW
TX_HDFC_102608,HDFC_ACC_20241,KOTAK_ACC_20110,23715.34,2026-01-10 11:42:48,SETTLEMENT,NEFT,HDFC Bank,IN,0,NORMAL_BANKING_FLOW
TX_HDFC_102609,HDFC_ACC_20225,HDFC_ACC_20025,719831.77,2026-01-10 14:26:24,SETTLEMENT,NEFT,HDFC Bank,IN,0,NORMAL_BANKING_FLOW
TX_HDFC_102610,HDFC_ACC_20030,HDFC_ACC_20125,1090735.23,2026-01-10 13:12:13,SETTLEMENT,NEFT,HDFC Bank,IN,0,NORMAL_BANKING_FLOW
TX_HDFC_102611,HDFC_ACC_20043,HDFC_ACC_20235,549450.62,2026-01-10 13:53:50,SETTLEMENT,NEFT,HDFC Bank,IN,0,NORMAL_BANKING_FLOW
TX_HDFC_102612,HDFC_ACC_20192,HDFC_ACC_20059,76768.2,2026-01-10 12:32:21,SETTLEMENT,RTGS,HDFC Bank,IN,0,NORMAL_BANKING_FLOW
TX_HDFC_102613,HDFC_ACC_20024,HDFC_ACC_20215,214992.69,2026-01-10 15:31:24,SETTLEMENT,NEFT,HDFC Bank,IN,0,NORMAL_BANKING_FLOW
TX_HDFC_102614,HDFC_ACC_20007,HDFC_ACC_20011,266419.27,2026-01-10 14:23:31,SETTLEMENT,RTGS,HDFC Bank,IN,0,NORMAL_BANKING_FLOW
TX_HDFC_102615,HDFC_ACC_20049,HDFC_ACC_20214,518488.86,2026-01-10 14:38:06,SETTLEMENT,RTGS,HDFC Bank,IN,0,NORMAL_BANKING_FLOW
TX_HDFC_102616,HDFC_ACC_20072,YES_ACC_20187,559710.26,2026-01-10 10:50:40,SETTLEMENT,NEFT,HDFC Bank,IN,0,NORMAL_BANKING_FLOW
TX_HDFC_102617,HDFC_ACC_20212,HDFC_ACC_20236,119659.9,2026-01-10 13:58:08,SETTLEMENT,RTGS,HDFC Bank,IN,0,NORMAL_BANKING_FLOW
TX_HDFC_102618,HDFC_ACC_20235,CANARA_ACC_20227,293665.05,2026-01-10 11:32:54,SETTLEMENT,RTGS,HDFC Bank,IN,0,NORMAL_BANKING_FLOW
TX_HDFC_102619,HDFC_ACC_20022,PNB_ACC_20187,443746.37,2026-01-10 13:52:36,SETTLEMENT,RTGS,HDFC Bank,IN,0,NORMAL_BANKING_FLOW
TX_HDFC_102620,HDFC_ACC_20090,KOTAK_ACC_20186,1330951.36,2026-01-10 15:38:03,SETTLEMENT,NEFT,HDFC Bank,IN,0,NORMAL_BANKING_FLOW
TX_HDFC_102621,HDFC_ACC_20129,HDFC_ACC_20116,582425.87,2026-01-10 11:13:00,SETTLEMENT,NEFT,HDFC Bank,IN,0,NORMAL_BANKING_FLOW
TX_HDFC_102622,HDFC_ACC_20172,INDUS_ACC_20228,639193.41,2026-01-10 15:25:55,SETTLEMENT,RTGS,HDFC Bank,IN,0,NORMAL_BANKING_FLOW
TX_HDFC_102623,HDFC_ACC_20238,BOB_ACC_20081,294257.14,2026-01-10 10:59:34,SETTLEMENT,RTGS,HDFC Bank,IN,0,NORMAL_BANKING_FLOW
TX_HDFC_102624,HDFC_ACC_20169,SBI_ACC_20242,1266167.35,2026-01-10 12:10:21,SETTLEMENT,RTGS,HDFC Bank,IN,0,NORMAL_BANKING_FLOW
TX_HDFC_102625,HDFC_ACC_20062,HDFC_ACC_20097,421147.78,2026-01-10 15:28:40,SETTLEMENT,RTGS,HDFC Bank,IN,0,NORMAL_BANKING_FLOW
TX_HDFC_102626,HDFC_ACC_20067,HDFC_ACC_20125,104068.36,2026-01-10 12:25:25,SETTLEMENT,RTGS,HDFC Bank,IN,0,NORMAL_BANKING_FLOW
TX_HDFC_102627,HDFC_ACC_20072,HDFC_ACC_20163,1256332.06,2026-01-10 12:04:36,SETTLEMENT,RTGS,HDFC Bank,IN,0,NORMAL_BANKING_FLOW
TX_HDFC_102628,HDFC_ACC_20219,KOTAK_ACC_20000,578210.69,2026-01-10 11:22:20,SETTLEMENT,RTGS,HDFC Bank,IN,0,NORMAL_BANKING_FLOW
TX_HDFC_102629,HDFC_ACC_20142,HDFC_ACC_20182,164826.98,2026-01-10 13:59:36,SETTLEMENT,NEFT,HDFC Bank,IN,0,NORMAL_BANKING_FLOW
TX_HDFC_102630,HDFC_ACC_20176,HDFC_ACC_20097,158349.16,2026-01-10 12:05:54,SETTLEMENT,NEFT,HDFC Bank,IN,0,NORMAL_BANKING_FLOW
TX_HDFC_102631,HDFC_ACC_20163,HDFC_ACC_20135,371845.27,2026-01-10 15:34:10,SETTLEMENT,RTGS,HDFC Bank,IN,0,NORMAL_BANKING_FLOW
TX_HDFC_102632,HDFC_ACC_20224,HDFC_ACC_20059,446637.81,2026-01-10 15:49:27,SETTLEMENT,RTGS,HDFC Bank,IN,0,NORMAL_BANKING_FLOW
TX_HDFC_102633,HDFC_ACC_20125,YES_ACC_20153,333374.41,2026-01-10 12:57:36,SETTLEMENT,RTGS,HDFC Bank,IN,0,NORMAL_BANKING_FLOW
TX_HDFC_102634,HDFC_ACC_20075,HDFC_ACC_20028,377920.65,2026-01-10 13:27:01,SETTLEMENT,RTGS,HDFC Bank,IN,0,NORMAL_BANKING_FLOW
TX_HDFC_102635,HDFC_ACC_20114,HDFC_ACC_20170,1740970.22,2026-01-10 12:58:42,SETTLEMENT,RTGS,HDFC Bank,IN,0,NORMAL_BANKING_FLOW
TX_HDFC_102636,HDFC_ACC_20118,ICICI_ACC_20088,872133.22,2026-01-10 14:04:30,SETTLEMENT,NEFT,HDFC Bank,IN,0,NORMAL_BANKING_FLOW
TX_HDFC_102637,HDFC_ACC_20032,CANARA_ACC_20215,330942.24,2026-01-10 16:08:44,SETTLEMENT,NEFT,HDFC Bank,IN,0,NORMAL_BANKING_FLOW
TX_HDFC_102638,HDFC_ACC_20175,HDFC_ACC_20074,755731.66,2026-01-10 14:35:02,SETTLEMENT,RTGS,HDFC Bank,IN,0,NORMAL_BANKING_FLOW
TX_HDFC_102639,HDFC_ACC_20227,YES_ACC_20015,86182.61,2026-01-10 12:53:36,SETTLEMENT,RTGS,HDFC Bank,IN,0,NORMAL_BANKING_FLOW
TX_HDFC_102640,HDFC_ACC_20066,HDFC_ACC_20106,415700.26,2026-01-10 15:05:50,SETTLEMENT,RTGS,HDFC Bank,IN,0,NORMAL_BANKING_FLOW
TX_HDFC_102641,HDFC_ACC_20108,HDFC_ACC_20234,1963495.74,2026-01-10 13:53:20,SETTLEMENT,RTGS,HDFC Bank,IN,0,NORMAL_BANKING_FLOW
TX_HDFC_102642,HDFC_ACC_20186,HDFC_ACC_20162,211113.15,2026-01-10 11:12:18,SETTLEMENT,NEFT,HDFC Bank,IN,0,NORMAL_BANKING_FLOW
TX_HDFC_102643,HDFC_ACC_20104,HDFC_ACC_20225,105619.96,2026-01-10 11:05:14,SETTLEMENT,NEFT,HDFC Bank,IN,0,NORMAL_BANKING_FLOW
TX_HDFC_102644,HDFC_ACC_20199,HDFC_ACC_20243,130967.2,2026-01-10 12:04:35,SETTLEMENT,RTGS,HDFC Bank,IN,0,NORMAL_BANKING_FLOW
TX_HDFC_102645,HDFC_ACC_20033,HDFC_ACC_20005,80935.16,2026-01-10 15:39:36,SETTLEMENT,RTGS,HDFC Bank,IN,0,NORMAL_BANKING_FLOW
TX_HDFC_102646,HDFC_ACC_20023,INDUS_ACC_20233,113183.07,2026-01-10 10:58:40,SETTLEMENT,RTGS,HDFC Bank,IN,0,NORMAL_BANKING_FLOW
TX_HDFC_102647,HDFC_ACC_20141,HDFC_ACC_20012,178517.35,2026-01-10 13:35:02,SETTLEMENT,RTGS,HDFC Bank,IN,0,NORMAL_BANKING_FLOW
TX_HDFC_102648,HDFC_ACC_20137,HDFC_ACC_20040,57175.24,2026-01-10 14:57:36,SETTLEMENT,NEFT,HDFC Bank,IN,0,NORMAL_BANKING_FLOW
TX_HDFC_102649,HDFC_ACC_20183,HDFC_ACC_20206,272987.19,2026-01-10 15:05:52,SETTLEMENT,NEFT,HDFC Bank,IN,0,NORMAL_BANKING_FLOW
TX_HDFC_102650,HDFC_ACC_20084,HDFC_ACC_20142,723969.75,2026-01-10 12:07:05,SETTLEMENT,RTGS,HDFC Bank,IN,0,NORMAL_BANKING_FLOW
TX_HDFC_102651,HDFC_ACC_20009,BOB_ACC_20026,98860.81,2026-01-10 12:45:00,SETTLEMENT,RTGS,HDFC Bank,IN,0,NORMAL_BANKING_FLOW
TX_HDFC_102652,HDFC_ACC_20124,HDFC_ACC_20072,1427181.84,2026-01-10 14:53:17,SETTLEMENT,NEFT,HDFC Bank,IN,0,NORMAL_BANKING_FLOW
TX_HDFC_102653,HDFC_ACC_20161,KOTAK_ACC_20008,470650.61,2026-01-10 13:16:08,SETTLEMENT,NEFT,HDFC Bank,IN,0,NORMAL_BANKING_FLOW
TX_HDFC_102654,HDFC_ACC_20208,YES_ACC_20033,833708.12,2026-01-10 13:01:36,SETTLEMENT,RTGS,HDFC Bank,IN,0,NORMAL_BANKING_FLOW
TX_HDFC_102655,HDFC_ACC_20019,HDFC_ACC_20185,130142.07,2026-01-10 13:02:08,SETTLEMENT,RTGS,HDFC Bank,IN,0,NORMAL_BANKING_FLOW
TX_HDFC_102656,HDFC_ACC_20106,HDFC_ACC_20191,686923.18,2026-01-10 16:35:00,SETTLEMENT,RTGS,HDFC Bank,IN,0,NORMAL_BANKING_FLOW
TX_HDFC_102657,HDFC_ACC_20038,HDFC_ACC_20151,80730.58,2026-01-10 15:12:24,SETTLEMENT,RTGS,HDFC Bank,IN,0,NORMAL_BANKING_FLOW
TX_HDFC_102658,HDFC_ACC_20155,INDUS_ACC_20108,714452.83,2026-01-10 14:04:40,SETTLEMENT,NEFT,HDFC Bank,IN,0,NORMAL_BANKING_FLOW
TX_HDFC_102659,HDFC_ACC_20077,HDFC_ACC_20051,324169.98,2026-01-10 14:58:46,SETTLEMENT,RTGS,HDFC Bank,IN,0,NORMAL_BANKING_FLOW
TX_HDFC_102660,HDFC_ACC_20167,HDFC_ACC_20096,493153.79,2026-01-10 11:40:39,SETTLEMENT,NEFT,HDFC Bank,IN,0,NORMAL_BANKING_FLOW
TX_HDFC_102661,HDFC_ACC_20056,BOB_ACC_20071,73632.81,2026-01-10 13:13:00,SETTLEMENT,RTGS,HDFC Bank,IN,0,NORMAL_BANKING_FLOW
TX_HDFC_102662,HDFC_ACC_20179,HDFC_ACC_20062,100250.08,2026-01-10 14:45:45,SETTLEMENT,NEFT,HDFC Bank,IN,0,NORMAL_BANKING_FLOW
TX_HDFC_102663,HDFC_ACC_20127,INDUS_ACC_20195,517596.39,2026-01-10 14:00:18,SETTLEMENT,NEFT,HDFC Bank,IN,0,NORMAL_BANKING_FLOW
TX_HDFC_102664,HDFC_ACC_20115,HDFC_ACC_20006,94543.68,2026-01-10 15:18:07,SETTLEMENT,RTGS,HDFC Bank,IN,0,NORMAL_BANKING_FLOW
TX_HDFC_102665,HDFC_ACC_20114,HDFC_ACC_20145,446648.37,2026-01-10 14:09:20,SETTLEMENT,RTGS,HDFC Bank,IN,0,NORMAL_BANKING_FLOW
TX_HDFC_102666,HDFC_ACC_20085,HDFC_ACC_20162,59643.97,2026-01-10 11:42:45,SETTLEMENT,RTGS,HDFC Bank,IN,0,NORMAL_BANKING_FLOW
TX_HDFC_102667,HDFC_ACC_20043,HDFC_ACC_20242,682140.98,2026-01-10 11:35:20,SETTLEMENT,NEFT,HDFC Bank,IN,0,NORMAL_BANKING_FLOW
TX_HDFC_102668,HDFC_ACC_20021,HDFC_ACC_20158,69163.21,2026-01-10 14:58:02,SETTLEMENT,RTGS,HDFC Bank,IN,0,NORMAL_BANKING_FLOW
TX_HDFC_102669,HDFC_ACC_20214,HDFC_ACC_20059,492638.01,2026-01-10 14:51:00,SETTLEMENT,RTGS,HDFC Bank,IN,0,NORMAL_BANKING_FLOW
TX_HDFC_102670,HDFC_ACC_20064,HDFC_ACC_20190,534022.91,2026-01-10 11:20:42,SETTLEMENT,RTGS,HDFC Bank,IN,0,NORMAL_BANKING_FLOW
TX_HDFC_102671,HDFC_ACC_20009,HDFC_ACC_20145,124685.64,2026-01-10 13:42:00,SETTLEMENT,RTGS,HDFC Bank,IN,0,NORMAL_BANKING_FLOW
TX_HDFC_102672,HDFC_ACC_20001,HDFC_ACC_20054,509013.2,2026-01-10 15:56:03,SETTLEMENT,RTGS,HDFC Bank,IN,0,NORMAL_BANKING_FLOW
TX_HDFC_102673,HDFC_ACC_20139,HDFC_ACC_20246,357355.55,2026-01-10 15:33:20,SETTLEMENT,RTGS,HDFC Bank,IN,0,NORMAL_BANKING_FLOW
TX_HDFC_102674,HDFC_ACC_20118,BOB_ACC_20142,148341.74,2026-01-10 16:21:28,SETTLEMENT,NEFT,HDFC Bank,IN,0,NORMAL_BANKING_FLOW
TX_HDFC_102675,HDFC_ACC_20108,HDFC_ACC_20096,88485.13,2026-01-10 11:38:00,SETTLEMENT,RTGS,HDFC Bank,IN,0,NORMAL_BANKING_FLOW
TX_HDFC_102676,HDFC_ACC_20041,HDFC_ACC_20031,30980.45,2026-01-10 12:02:05,SETTLEMENT,RTGS,HDFC Bank,IN,0,NORMAL_BANKING_FLOW
TX_HDFC_102677,HDFC_ACC_20222,SBI_ACC_20226,394200.54,2026-01-10 12:18:20,SETTLEMENT,NEFT,HDFC Bank,IN,0,NORMAL_BANKING_FLOW
TX_HDFC_102678,HDFC_ACC_20160,CANARA_ACC_20035,47988.51,2026-01-10 14:33:54,SETTLEMENT,RTGS,HDFC Bank,IN,0,NORMAL_BANKING_FLOW
TX_HDFC_102679,HDFC_ACC_20002,HDFC_ACC_20112,298008.9,2026-01-10 15:38:20,SETTLEMENT,RTGS,HDFC Bank,IN,0,NORMAL_BANKING_FLOW
TX_HDFC_102680,HDFC_ACC_20225,HDFC_ACC_20133,200828.57,2026-01-10 13:23:27,SETTLEMENT,RTGS,HDFC Bank,IN,0,NORMAL_BANKING_FLOW
TX_HDFC_102681,HDFC_ACC_20095,HDFC_ACC_20042,566400.7,2026-01-10 13:40:00,SETTLEMENT,RTGS,HDFC Bank,IN,0,NORMAL_BANKING_FLOW
TX_HDFC_102682,HDFC_ACC_20175,HDFC_ACC_20157,192480.47,2026-01-10 12:12:24,SETTLEMENT,NEFT,HDFC Bank,IN,0,NORMAL_BANKING_FLOW
TX_HDFC_102683,HDFC_ACC_20154,HDFC_ACC_20118,186765.19,2026-01-10 17:02:00,SETTLEMENT,NEFT,HDFC Bank,IN,0,NORMAL_BANKING_FLOW
TX_HDFC_102684,HDFC_ACC_20237,AXIS_ACC_20042,600223.75,2026-01-10 12:45:24,SETTLEMENT,RTGS,HDFC Bank,IN,0,NORMAL_BANKING_FLOW
TX_HDFC_102685,HDFC_ACC_20121,HDFC_ACC_20106,387923.65,2026-01-10 15:27:12,SETTLEMENT,RTGS,HDFC Bank,IN,0,NORMAL_BANKING_FLOW
TX_HDFC_102686,HDFC_ACC_20017,SBI_ACC_20079,379941.11,2026-01-10 12:30:10,SETTLEMENT,NEFT,HDFC Bank,IN,0,NORMAL_BANKING_FLOW
TX_HDFC_102687,HDFC_ACC_20177,HDFC_ACC_20117,449636.32,2026-01-10 16:57:54,SETTLEMENT,NEFT,HDFC Bank,IN,0,NORMAL_BANKING_FLOW
TX_HDFC_102688,HDFC_ACC_20159,HDFC_ACC_20040,49556.6,2026-01-10 13:52:12,SETTLEMENT,NEFT,HDFC Bank,IN,0,NORMAL_BANKING_FLOW
TX_HDFC_102689,HDFC_ACC_20143,INDUS_ACC_20160,616903.29,2026-01-10 11:34:32,SETTLEMENT,NEFT,HDFC Bank,IN,0,NORMAL_BANKING_FLOW
TX_HDFC_102690,HDFC_ACC_20070,HDFC_ACC_20234,526346.84,2026-01-10 11:02:15,SETTLEMENT,RTGS,HDFC Bank,IN,0,NORMAL_BANKING_FLOW
TX_HDFC_102691,HDFC_ACC_20078,HDFC_ACC_20197,87697.49,2026-01-10 14:43:00,SETTLEMENT,RTGS,HDFC Bank,IN,0,NORMAL_BANKING_FLOW
TX_HDFC_102692,HDFC_ACC_20143,HDFC_ACC_20169,205153.03,2026-01-10 14:27:20,SETTLEMENT,RTGS,HDFC Bank,IN,0,NORMAL_BANKING_FLOW
TX_HDFC_102693,HDFC_ACC_20039,HDFC_ACC_20056,256982.17,2026-01-10 12:41:24,SETTLEMENT,NEFT,HDFC Bank,IN,0,NORMAL_BANKING_FLOW
TX_HDFC_102694,HDFC_ACC_20144,HDFC_ACC_20205,231434.82,2026-01-10 13:22:56,SETTLEMENT,NEFT,HDFC Bank,IN,0,NORMAL_BANKING_FLOW
TX_HDFC_102695,HDFC_ACC_20196,HDFC_ACC_20147,387412.76,2026-01-10 15:35:12,SETTLEMENT,RTGS,HDFC Bank,IN,0,NORMAL_BANKING_FLOW
TX_HDFC_102696,HDFC_ACC_20247,CANARA_ACC_20053,1295624.61,2026-01-10 16:09:00,SETTLEMENT,RTGS,HDFC Bank,IN,0,NORMAL_BANKING_FLOW
TX_HDFC_102697,HDFC_ACC_20059,ICICI_ACC_20237,881996.53,2026-01-10 12:26:40,SETTLEMENT,NEFT,HDFC Bank,IN,0,NORMAL_BANKING_FLOW
TX_HDFC_102698,HDFC_ACC_20042,HDFC_ACC_20000,63358.15,2026-01-10 16:27:18,SETTLEMENT,NEFT,HDFC Bank,IN,0,NORMAL_BANKING_FLOW
TX_HDFC_102699,HDFC_ACC_20248,HDFC_ACC_20130,531935.22,2026-01-10 13:50:30,SETTLEMENT,NEFT,HDFC Bank,IN,0,NORMAL_BANKING_FLOW
TX_HDFC_102700,HDFC_ACC_20120,HDFC_ACC_20129,1157562.03,2026-01-10 14:57:37,SETTLEMENT,RTGS,HDFC Bank,IN,0,NORMAL_BANKING_FLOW
TX_HDFC_102701,HDFC_ACC_20100,HDFC_ACC_20098,410647.05,2026-01-10 12:03:20,SETTLEMENT,NEFT,HDFC Bank,IN,0,NORMAL_BANKING_FLOW
TX_HDFC_102702,HDFC_ACC_20079,INDUS_ACC_20135,890981.08,2026-01-10 17:21:00,SETTLEMENT,RTGS,HDFC Bank,IN,0,NORMAL_BANKING_FLOW
TX_HDFC_102703,HDFC_ACC_20215,HDFC_ACC_20042,2454656.74,2026-01-10 11:47:20,SETTLEMENT,RTGS,HDFC Bank,IN,0,NORMAL_BANKING_FLOW
TX_HDFC_102704,HDFC_ACC_20182,HDFC_ACC_20111,827430.59,2026-01-10 16:41:05,SETTLEMENT,RTGS,HDFC Bank,IN,0,NORMAL_BANKING_FLOW
TX_HDFC_102705,HDFC_ACC_20177,ICICI_ACC_20142,353005.69,2026-01-10 16:00:00,SETTLEMENT,RTGS,HDFC Bank,IN,0,NORMAL_BANKING_FLOW
TX_HDFC_102706,HDFC_ACC_20045,HDFC_ACC_20094,847119.73,2026-01-10 14:53:30,SETTLEMENT,RTGS,HDFC Bank,IN,0,NORMAL_BANKING_FLOW
TX_HDFC_102707,HDFC_ACC_20088,KOTAK_ACC_20157,314700.48,2026-01-10 15:11:04,SETTLEMENT,RTGS,HDFC Bank,IN,0,NORMAL_BANKING_FLOW
TX_HDFC_102708,HDFC_ACC_20235,YES_ACC_20095,275486.35,2026-01-10 16:02:30,SETTLEMENT,RTGS,HDFC Bank,IN,0,NORMAL_BANKING_FLOW
TX_HDFC_102709,HDFC_ACC_20002,HDFC_ACC_20093,182306.45,2026-01-10 12:40:08,SETTLEMENT,RTGS,HDFC Bank,IN,0,NORMAL_BANKING_FLOW
TX_HDFC_102710,HDFC_ACC_20150,HDFC_ACC_20024,1498169.66,2026-01-10 15:47:12,SETTLEMENT,NEFT,HDFC Bank,IN,0,NORMAL_BANKING_FLOW
TX_HDFC_102711,HDFC_ACC_20128,PNB_ACC_20008,109068.18,2026-01-10 14:23:00,SETTLEMENT,RTGS,HDFC Bank,IN,0,NORMAL_BANKING_FLOW
TX_HDFC_102712,HDFC_ACC_20122,HDFC_ACC_20179,1447870.62,2026-01-10 16:56:56,SETTLEMENT,NEFT,HDFC Bank,IN,0,NORMAL_BANKING_FLOW
TX_HDFC_102713,HDFC_ACC_20160,HDFC_ACC_20146,465026.9,2026-01-10 17:32:00,SETTLEMENT,NEFT,HDFC Bank,IN,0,NORMAL_BANKING_FLOW
TX_HDFC_102714,HDFC_ACC_20237,HDFC_ACC_20155,57570.36,2026-01-10 11:16:48,SETTLEMENT,RTGS,HDFC Bank,IN,0,NORMAL_BANKING_FLOW
TX_HDFC_102715,HDFC_ACC_20044,HDFC_ACC_20224,402083.16,2026-01-10 16:51:10,SETTLEMENT,RTGS,HDFC Bank,IN,0,NORMAL_BANKING_FLOW
TX_HDFC_102716,HDFC_ACC_20206,HDFC_ACC_20094,26634.72,2026-01-10 17:00:40,SETTLEMENT,RTGS,HDFC Bank,IN,0,NORMAL_BANKING_FLOW
TX_HDFC_102717,HDFC_ACC_20182,HDFC_ACC_20189,533950.71,2026-01-10 11:17:36,SETTLEMENT,RTGS,HDFC Bank,IN,0,NORMAL_BANKING_FLOW
TX_HDFC_102718,HDFC_ACC_20033,HDFC_ACC_20214,710521.6,2026-01-10 12:44:02,SETTLEMENT,RTGS,HDFC Bank,IN,0,NORMAL_BANKING_FLOW
TX_HDFC_102719,HDFC_ACC_20163,INDUS_ACC_20024,139861.57,2026-01-10 12:09:56,SETTLEMENT,NEFT,HDFC Bank,IN,0,NORMAL_BANKING_FLOW
TX_HDFC_102720,HDFC_ACC_20218,HDFC_ACC_20157,307399.19,2026-01-10 16:03:51,SETTLEMENT,NEFT,HDFC Bank,IN,0,NORMAL_BANKING_FLOW
TX_HDFC_102721,HDFC_ACC_20172,INDUS_ACC_20229,2302654.57,2026-01-10 11:18:40,SETTLEMENT,NEFT,HDFC Bank,IN,0,NORMAL_BANKING_FLOW
TX_HDFC_102722,HDFC_ACC_20150,INDUS_ACC_20132,153841.58,2026-01-10 17:41:00,SETTLEMENT,NEFT,HDFC Bank,IN,0,NORMAL_BANKING_FLOW
TX_HDFC_102723,HDFC_ACC_20103,HDFC_ACC_20171,83717.36,2026-01-10 11:10:30,SETTLEMENT,RTGS,HDFC Bank,IN,0,NORMAL_BANKING_FLOW
TX_HDFC_102724,HDFC_ACC_20049,BOB_ACC_20037,1369326.74,2026-01-10 17:16:51,SETTLEMENT,NEFT,HDFC Bank,IN,0,NORMAL_BANKING_FLOW
TX_HDFC_102725,HDFC_ACC_20113,HDFC_ACC_20156,2324105.77,2026-01-10 13:39:28,SETTLEMENT,NEFT,HDFC Bank,IN,0,NORMAL_BANKING_FLOW
TX_HDFC_102726,HDFC_ACC_20104,HDFC_ACC_20192,269430.36,2026-01-10 12:56:15,SETTLEMENT,RTGS,HDFC Bank,IN,0,NORMAL_BANKING_FLOW
TX_HDFC_102727,HDFC_ACC_20143,HDFC_ACC_20087,816358.88,2026-01-10 11:11:30,SETTLEMENT,NEFT,HDFC Bank,IN,0,NORMAL_BANKING_FLOW
TX_HDFC_102728,HDFC_ACC_20178,HDFC_ACC_20239,1173643.43,2026-01-10 15:26:28,SETTLEMENT,RTGS,HDFC Bank,IN,0,NORMAL_BANKING_FLOW
TX_HDFC_102729,HDFC_ACC_20235,HDFC_ACC_20186,118571.02,2026-01-10 15:27:12,SETTLEMENT,NEFT,HDFC Bank,IN,0,NORMAL_BANKING_FLOW
TX_HDFC_102730,HDFC_ACC_20151,HDFC_ACC_20005,157339.88,2026-01-10 11:56:20,SETTLEMENT,NEFT,HDFC Bank,IN,0,NORMAL_BANKING_FLOW
TX_HDFC_102731,HDFC_ACC_20055,HDFC_ACC_20118,1039200.23,2026-01-10 12:40:50,SETTLEMENT,RTGS,HDFC Bank,IN,0,NORMAL_BANKING_FLOW
TX_HDFC_102732,HDFC_ACC_20241,HDFC_ACC_20214,1712587.1,2026-01-10 11:57:00,SETTLEMENT,RTGS,HDFC Bank,IN,0,NORMAL_BANKING_FLOW
TX_HDFC_102733,HDFC_ACC_20230,AXIS_ACC_20079,498405.33,2026-01-10 17:34:16,SETTLEMENT,RTGS,HDFC Bank,IN,0,NORMAL_BANKING_FLOW
TX_HDFC_102734,HDFC_ACC_20073,HDFC_ACC_20035,101946.58,2026-01-10 11:39:54,SETTLEMENT,NEFT,HDFC Bank,IN,0,NORMAL_BANKING_FLOW
TX_HDFC_102735,HDFC_ACC_20057,PNB_ACC_20226,2387523.57,2026-01-10 16:33:54,SETTLEMENT,NEFT,HDFC Bank,IN,0,NORMAL_BANKING_FLOW
TX_HDFC_102736,HDFC_ACC_20075,HDFC_ACC_20113,149631.67,2026-01-10 13:00:45,SETTLEMENT,NEFT,HDFC Bank,IN,0,NORMAL_BANKING_FLOW
TX_HDFC_102737,HDFC_ACC_20090,HDFC_ACC_20089,185599.88,2026-01-10 13:36:56,SETTLEMENT,NEFT,HDFC Bank,IN,0,NORMAL_BANKING_FLOW
TX_HDFC_102738,HDFC_ACC_20212,HDFC_ACC_20213,391042.53,2026-01-10 17:21:12,SETTLEMENT,RTGS,HDFC Bank,IN,0,NORMAL_BANKING_FLOW
TX_HDFC_102739,HDFC_ACC_20213,HDFC_ACC_20039,1482998.28,2026-01-10 12:44:10,SETTLEMENT,NEFT,HDFC Bank,IN,0,NORMAL_BANKING_FLOW
TX_HDFC_102740,HDFC_ACC_20179,HDFC_ACC_20165,686508.29,2026-01-10 16:20:11,SETTLEMENT,RTGS,HDFC Bank,IN,0,NORMAL_BANKING_FLOW
TX_HDFC_102741,HDFC_ACC_20053,HDFC_ACC_20248,423518.32,2026-01-10 17:42:00,SETTLEMENT,RTGS,HDFC Bank,IN,0,NORMAL_BANKING_FLOW
TX_HDFC_102742,HDFC_ACC_20190,ICICI_ACC_20131,446688.78,2026-01-10 16:03:47,SETTLEMENT,RTGS,HDFC Bank,IN,0,NORMAL_BANKING_FLOW
TX_HDFC_102743,HDFC_ACC_20119,HDFC_ACC_20237,281493.92,2026-01-10 13:12:56,SETTLEMENT,NEFT,HDFC Bank,IN,0,NORMAL_BANKING_FLOW
TX_HDFC_102744,HDFC_ACC_20161,HDFC_ACC_20035,495812.68,2026-01-10 12:19:06,SETTLEMENT,RTGS,HDFC Bank,IN,0,NORMAL_BANKING_FLOW
TX_HDFC_102745,HDFC_ACC_20095,HDFC_ACC_20169,16605.41,2026-01-10 15:38:56,SETTLEMENT,RTGS,HDFC Bank,IN,0,NORMAL_BANKING_FLOW
TX_HDFC_102746,HDFC_ACC_20082,INDUS_ACC_20222,193635.3,2026-01-10 16:52:20,SETTLEMENT,RTGS,HDFC Bank,IN,0,NORMAL_BANKING_FLOW
TX_HDFC_102747,HDFC_ACC_20121,HDFC_ACC_20166,349918.0,2026-01-10 11:16:30,SETTLEMENT,NEFT,HDFC Bank,IN,0,NORMAL_BANKING_FLOW
TX_HDFC_102748,HDFC_ACC_20091,HDFC_ACC_20120,75650.89,2026-01-10 12:11:27,SETTLEMENT,NEFT,HDFC Bank,IN,0,NORMAL_BANKING_FLOW
TX_HDFC_102749,HDFC_ACC_20005,HDFC_ACC_20158,410427.94,2026-01-10 16:27:32,SETTLEMENT,NEFT,HDFC Bank,IN,0,NORMAL_BANKING_FLOW
TX_HDFC_102750,HDFC_ACC_20177,HDFC_ACC_20102,214289.17,2026-01-10 15:42:36,SETTLEMENT,RTGS,HDFC Bank,IN,0,NORMAL_BANKING_FLOW
TX_HDFC_102751,HDFC_ACC_20064,INDUS_ACC_20123,1850605.18,2026-01-10 15:52:30,SETTLEMENT,RTGS,HDFC Bank,IN,0,NORMAL_BANKING_FLOW
TX_HDFC_102752,HDFC_ACC_20010,KOTAK_ACC_20195,1514084.76,2026-01-10 17:52:38,SETTLEMENT,RTGS,HDFC Bank,IN,0,NORMAL_BANKING_FLOW
TX_HDFC_102753,HDFC_ACC_20109,YES_ACC_20151,160751.32,2026-01-10 16:12:24,SETTLEMENT,NEFT,HDFC Bank,IN,0,NORMAL_BANKING_FLOW
TX_HDFC_102754,HDFC_ACC_20042,BOB_ACC_20050,227311.94,2026-01-10 11:27:28,SETTLEMENT,NEFT,HDFC Bank,IN,0,NORMAL_BANKING_FLOW
TX_HDFC_102755,HDFC_ACC_20033,HDFC_ACC_20202,247374.26,2026-01-10 16:50:54,SETTLEMENT,RTGS,HDFC Bank,IN,0,NORMAL_BANKING_FLOW
TX_HDFC_102756,HDFC_ACC_20079,AXIS_ACC_20205,163272.29,2026-01-10 11:46:30,SETTLEMENT,RTGS,HDFC Bank,IN,0,NORMAL_BANKING_FLOW
TX_HDFC_102757,HDFC_ACC_20042,HDFC_ACC_20169,332544.01,2026-01-10 14:42:52,SETTLEMENT,RTGS,HDFC Bank,IN,0,NORMAL_BANKING_FLOW
TX_HDFC_102758,HDFC_ACC_20044,HDFC_ACC_20020,116528.33,2026-01-10 12:42:48,SETTLEMENT,NEFT,HDFC Bank,IN,0,NORMAL_BANKING_FLOW
TX_HDFC_102759,HDFC_ACC_20052,HDFC_ACC_20186,77367.58,2026-01-10 13:01:48,SETTLEMENT,NEFT,HDFC Bank,IN,0,NORMAL_BANKING_FLOW
TX_HDFC_102760,HDFC_ACC_20142,INDUS_ACC_20001,532310.55,2026-01-10 13:39:30,SETTLEMENT,NEFT,HDFC Bank,IN,0,NORMAL_BANKING_FLOW
TX_HDFC_102761,HDFC_ACC_20025,HDFC_ACC_20176,536318.0,2026-01-10 16:00:00,SETTLEMENT,NEFT,HDFC Bank,IN,0,NORMAL_BANKING_FLOW
TX_HDFC_102762,HDFC_ACC_20233,HDFC_ACC_20096,110774.59,2026-01-10 15:14:00,SETTLEMENT,RTGS,HDFC Bank,IN,0,NORMAL_BANKING_FLOW
TX_HDFC_102763,HDFC_ACC_20195,YES_ACC_20032,718478.44,2026-01-10 15:52:08,SETTLEMENT,RTGS,HDFC Bank,IN,0,NORMAL_BANKING_FLOW
TX_HDFC_102764,HDFC_ACC_20034,HDFC_ACC_20084,133955.71,2026-01-10 14:28:25,SETTLEMENT,RTGS,HDFC Bank,IN,0,NORMAL_BANKING_FLOW
TX_HDFC_102765,HDFC_ACC_20186,YES_ACC_20136,354506.43,2026-01-10 14:10:12,SETTLEMENT,RTGS,HDFC Bank,IN,0,NORMAL_BANKING_FLOW
TX_HDFC_102766,HDFC_ACC_20171,SBI_ACC_20056,661574.85,2026-01-10 11:58:55,SETTLEMENT,NEFT,HDFC Bank,IN,0,NORMAL_BANKING_FLOW
TX_HDFC_102767,HDFC_ACC_20060,HDFC_ACC_20088,258597.01,2026-01-10 17:19:58,SETTLEMENT,NEFT,HDFC Bank,IN,0,NORMAL_BANKING_FLOW
TX_HDFC_102768,HDFC_ACC_20156,HDFC_ACC_20101,442508.52,2026-01-10 16:24:09,SETTLEMENT,RTGS,HDFC Bank,IN,0,NORMAL_BANKING_FLOW
TX_HDFC_102769,HDFC_ACC_20035,HDFC_ACC_20011,152044.33,2026-01-10 11:59:52,SETTLEMENT,RTGS,HDFC Bank,IN,0,NORMAL_BANKING_FLOW
TX_HDFC_102770,HDFC_ACC_20023,HDFC_ACC_20168,216184.34,2026-01-10 13:25:32,SETTLEMENT,NEFT,HDFC Bank,IN,0,NORMAL_BANKING_FLOW
TX_HDFC_102771,HDFC_ACC_20072,HDFC_ACC_20173,213962.2,2026-01-10 13:07:00,SETTLEMENT,RTGS,HDFC Bank,IN,0,NORMAL_BANKING_FLOW
TX_HDFC_102772,HDFC_ACC_20245,AXIS_ACC_20041,118038.23,2026-01-10 16:08:15,SETTLEMENT,NEFT,HDFC Bank,IN,0,NORMAL_BANKING_FLOW
TX_HDFC_102773,HDFC_ACC_20213,HDFC_ACC_20206,220918.34,2026-01-10 15:21:20,SETTLEMENT,RTGS,HDFC Bank,IN,0,NORMAL_BANKING_FLOW
TX_HDFC_102774,HDFC_ACC_20187,HDFC_ACC_20221,48850.5,2026-01-10 12:11:00,SETTLEMENT,NEFT,HDFC Bank,IN,0,NORMAL_BANKING_FLOW
TX_HDFC_102775,HDFC_ACC_20003,HDFC_ACC_20033,156331.01,2026-01-10 15:22:40,SETTLEMENT,RTGS,HDFC Bank,IN,0,NORMAL_BANKING_FLOW
TX_HDFC_102776,HDFC_ACC_20175,HDFC_ACC_20124,196150.39,2026-01-10 17:08:45,SETTLEMENT,RTGS,HDFC Bank,IN,0,NORMAL_BANKING_FLOW
TX_HDFC_102777,HDFC_ACC_20102,HDFC_ACC_20013,202440.7,2026-01-10 17:57:36,SETTLEMENT,RTGS,HDFC Bank,IN,0,NORMAL_BANKING_FLOW
TX_HDFC_102778,HDFC_ACC_20189,HDFC_ACC_20154,205736.77,2026-01-10 14:26:58,SETTLEMENT,RTGS,HDFC Bank,IN,0,NORMAL_BANKING_FLOW
TX_HDFC_102779,HDFC_ACC_20199,HDFC_ACC_20085,250711.81,2026-01-10 15:54:14,SETTLEMENT,RTGS,HDFC Bank,IN,0,NORMAL_BANKING_FLOW
TX_HDFC_102780,HDFC_ACC_20028,YES_ACC_20136,454696.6,2026-01-10 16:52:51,SETTLEMENT,RTGS,HDFC Bank,IN,0,NORMAL_BANKING_FLOW
TX_HDFC_102781,HDFC_ACC_20020,HDFC_ACC_20087,702196.66,2026-01-10 15:17:00,SETTLEMENT,RTGS,HDFC Bank,IN,0,NORMAL_BANKING_FLOW
TX_HDFC_102782,HDFC_ACC_20050,HDFC_ACC_20158,131302.39,2026-01-10 18:41:00,SETTLEMENT,RTGS,HDFC Bank,IN,0,NORMAL_BANKING_FLOW
TX_HDFC_102783,HDFC_ACC_20118,HDFC_ACC_20031,71430.42,2026-01-10 16:06:48,SETTLEMENT,RTGS,HDFC Bank,IN,0,NORMAL_BANKING_FLOW
TX_HDFC_102784,HDFC_ACC_20012,INDUS_ACC_20064,85284.77,2026-01-10 16:26:58,SETTLEMENT,RTGS,HDFC Bank,IN,0,NORMAL_BANKING_FLOW
TX_HDFC_102785,HDFC_ACC_20075,SBI_ACC_20138,157011.89,2026-01-10 15:48:48,SETTLEMENT,NEFT,HDFC Bank,IN,0,NORMAL_BANKING_FLOW
TX_HDFC_102786,HDFC_ACC_20091,HDFC_ACC_20115,182204.79,2026-01-10 14:12:00,SETTLEMENT,NEFT,HDFC Bank,IN,0,NORMAL_BANKING_FLOW
TX_HDFC_102787,HDFC_ACC_20009,HDFC_ACC_20092,115036.45,2026-01-10 14:41:50,SETTLEMENT,NEFT,HDFC Bank,IN,0,NORMAL_BANKING_FLOW
TX_HDFC_102788,HDFC_ACC_20101,HDFC_ACC_20021,64490.4,2026-01-10 11:46:19,SETTLEMENT,RTGS,HDFC Bank,IN,0,NORMAL_BANKING_FLOW
TX_HDFC_102789,HDFC_ACC_20186,HDFC_ACC_20126,162473.0,2026-01-10 17:00:12,SETTLEMENT,NEFT,HDFC Bank,IN,0,NORMAL_BANKING_FLOW
TX_HDFC_102790,HDFC_ACC_20088,KOTAK_ACC_20235,327606.77,2026-01-10 15:52:18,SETTLEMENT,RTGS,HDFC Bank,IN,0,NORMAL_BANKING_FLOW
TX_HDFC_102791,HDFC_ACC_20010,HDFC_ACC_20096,516346.03,2026-01-10 16:52:00,SETTLEMENT,RTGS,HDFC Bank,IN,0,NORMAL_BANKING_FLOW
TX_HDFC_102792,HDFC_ACC_20185,HDFC_ACC_20226,145340.51,2026-01-10 11:47:27,SETTLEMENT,NEFT,HDFC Bank,IN,0,NORMAL_BANKING_FLOW
TX_HDFC_102793,HDFC_ACC_20185,HDFC_ACC_20238,170365.67,2026-01-10 12:27:12,SETTLEMENT,NEFT,HDFC Bank,IN,0,NORMAL_BANKING_FLOW
TX_HDFC_102794,HDFC_ACC_20108,HDFC_ACC_20047,96822.23,2026-01-10 18:03:35,SETTLEMENT,RTGS,HDFC Bank,IN,0,NORMAL_BANKING_FLOW
TX_HDFC_102795,HDFC_ACC_20190,YES_ACC_20247,259215.99,2026-01-10 14:06:54,SETTLEMENT,RTGS,HDFC Bank,IN,0,NORMAL_BANKING_FLOW
TX_HDFC_102796,HDFC_ACC_20146,HDFC_ACC_20077,105527.67,2026-01-10 12:38:10,SETTLEMENT,RTGS,HDFC Bank,IN,0,NORMAL_BANKING_FLOW
TX_HDFC_102797,HDFC_ACC_20218,SBI_ACC_20095,504054.96,2026-01-10 17:56:24,SETTLEMENT,RTGS,HDFC Bank,IN,0,NORMAL_BANKING_FLOW
TX_HDFC_102798,HDFC_ACC_20194,PNB_ACC_20191,37629.62,2026-01-10 17:27:27,SETTLEMENT,RTGS,HDFC Bank,IN,0,NORMAL_BANKING_FLOW
TX_HDFC_102799,HDFC_ACC_20070,HDFC_ACC_20011,180666.37,2026-01-10 18:48:02,SETTLEMENT,RTGS,HDFC Bank,IN,0,NORMAL_BANKING_FLOW
TX_HDFC_102800,HDFC_ACC_20046,HDFC_ACC_20070,373703.53,2026-01-10 17:49:07,SETTLEMENT,NEFT,HDFC Bank,IN,0,NORMAL_BANKING_FLOW
TX_HDFC_102801,HDFC_ACC_20004,AXIS_ACC_20070,328475.64,2026-01-10 11:30:00,SETTLEMENT,RTGS,HDFC Bank,IN,0,NORMAL_BANKING_FLOW
TX_HDFC_102802,HDFC_ACC_20202,INDUS_ACC_20024,4500000.0,2026-01-10 14:20:32,SETTLEMENT,RTGS,HDFC Bank,IN,0,NORMAL_BANKING_FLOW
TX_HDFC_102803,HDFC_ACC_20181,HDFC_ACC_20016,394265.58,2026-01-10 13:50:58,SETTLEMENT,NEFT,HDFC Bank,IN,0,NORMAL_BANKING_FLOW
TX_HDFC_102804,HDFC_ACC_20182,HDFC_ACC_20117,88924.23,2026-01-10 18:02:42,SETTLEMENT,NEFT,HDFC Bank,IN,0,NORMAL_BANKING_FLOW
TX_HDFC_102805,HDFC_ACC_20152,HDFC_ACC_20099,241588.06,2026-01-10 17:43:28,SETTLEMENT,RTGS,HDFC Bank,IN,0,NORMAL_BANKING_FLOW
TX_HDFC_102806,HDFC_ACC_20003,HDFC_ACC_20082,38029.94,2026-01-10 16:33:45,SETTLEMENT,RTGS,HDFC Bank,IN,0,NORMAL_BANKING_FLOW
TX_HDFC_102807,HDFC_ACC_20038,HDFC_ACC_20191,245570.73,2026-01-10 15:13:42,SETTLEMENT,RTGS,HDFC Bank,IN,0,NORMAL_BANKING_FLOW
TX_HDFC_102808,HDFC_ACC_20178,HDFC_ACC_20099,107327.3,2026-01-10 16:45:22,SETTLEMENT,NEFT,HDFC Bank,IN,0,NORMAL_BANKING_FLOW
TX_HDFC_102809,HDFC_ACC_20169,ICICI_ACC_20161,734488.27,2026-01-10 14:14:08,SETTLEMENT,RTGS,HDFC Bank,IN,0,NORMAL_BANKING_FLOW
TX_HDFC_102810,HDFC_ACC_20088,HDFC_ACC_20192,146606.25,2026-01-10 16:46:54,SETTLEMENT,RTGS,HDFC Bank,IN,0,NORMAL_BANKING_FLOW
TX_HDFC_102811,HDFC_ACC_20074,CANARA_ACC_20172,235993.02,2026-01-10 17:08:00,SETTLEMENT,NEFT,HDFC Bank,IN,0,NORMAL_BANKING_FLOW
TX_HDFC_102812,HDFC_ACC_20159,HDFC_ACC_20160,133370.52,2026-01-10 16:28:04,SETTLEMENT,NEFT,HDFC Bank,IN,0,NORMAL_BANKING_FLOW
TX_HDFC_102813,HDFC_ACC_20106,SBI_ACC_20192,1817071.12,2026-01-10 15:17:24,SETTLEMENT,RTGS,HDFC Bank,IN,0,NORMAL_BANKING_FLOW
TX_HDFC_102814,HDFC_ACC_20125,YES_ACC_20235,188458.47,2026-01-10 14:37:09,SETTLEMENT,RTGS,HDFC Bank,IN,0,NORMAL_BANKING_FLOW
TX_HDFC_102815,HDFC_ACC_20155,ICICI_ACC_20024,2014361.34,2026-01-10 17:21:26,SETTLEMENT,NEFT,HDFC Bank,IN,0,NORMAL_BANKING_FLOW
TX_HDFC_102816,HDFC_ACC_20028,HDFC_ACC_20046,657083.87,2026-01-10 15:50:00,SETTLEMENT,NEFT,HDFC Bank,IN,0,NORMAL_BANKING_FLOW
TX_HDFC_102817,HDFC_ACC_20188,BOB_ACC_20104,456011.54,2026-01-10 13:16:40,SETTLEMENT,RTGS,HDFC Bank,IN,0,NORMAL_BANKING_FLOW
TX_HDFC_102818,HDFC_ACC_20107,PNB_ACC_20081,402562.83,2026-01-10 15:20:29,SETTLEMENT,RTGS,HDFC Bank,IN,0,NORMAL_BANKING_FLOW
TX_HDFC_102819,HDFC_ACC_20170,INDUS_ACC_20128,413816.13,2026-01-10 15:31:24,SETTLEMENT,RTGS,HDFC Bank,IN,0,NORMAL_BANKING_FLOW
TX_HDFC_102820,HDFC_ACC_20057,CANARA_ACC_20193,32194.8,2026-01-10 17:25:31,SETTLEMENT,RTGS,HDFC Bank,IN,0,NORMAL_BANKING_FLOW
TX_HDFC_102821,HDFC_ACC_20236,HDFC_ACC_20237,197447.55,2026-01-10 16:34:40,SETTLEMENT,NEFT,HDFC Bank,IN,0,NORMAL_BANKING_FLOW
TX_HDFC_102822,HDFC_ACC_20000,HDFC_ACC_20086,679881.48,2026-01-10 13:29:06,SETTLEMENT,RTGS,HDFC Bank,IN,0,NORMAL_BANKING_FLOW
TX_HDFC_102823,HDFC_ACC_20174,YES_ACC_20148,254285.54,2026-01-10 16:36:08,SETTLEMENT,RTGS,HDFC Bank,IN,0,NORMAL_BANKING_FLOW
TX_HDFC_102824,HDFC_ACC_20107,HDFC_ACC_20163,57198.97,2026-01-10 18:41:28,SETTLEMENT,RTGS,HDFC Bank,IN,0,NORMAL_BANKING_FLOW
TX_HDFC_102825,HDFC_ACC_20035,HDFC_ACC_20129,253306.4,2026-01-10 11:46:24,SETTLEMENT,RTGS,HDFC Bank,IN,0,NORMAL_BANKING_FLOW
TX_HDFC_102826,HDFC_ACC_20187,HDFC_ACC_20005,1748932.34,2026-01-10 12:28:20,SETTLEMENT,RTGS,HDFC Bank,IN,0,NORMAL_BANKING_FLOW
TX_HDFC_102827,HDFC_ACC_20042,HDFC_ACC_20121,1057672.07,2026-01-10 15:05:10,SETTLEMENT,RTGS,HDFC Bank,IN,0,NORMAL_BANKING_FLOW
TX_HDFC_102828,HDFC_ACC_20094,HDFC_ACC_20154,250645.68,2026-01-10 19:06:06,SETTLEMENT,NEFT,HDFC Bank,IN,0,NORMAL_BANKING_FLOW
TX_HDFC_102829,HDFC_ACC_20130,AXIS_ACC_20117,764207.18,2026-01-10 18:46:08,SETTLEMENT,NEFT,HDFC Bank,IN,0,NORMAL_BANKING_FLOW
TX_HDFC_102830,HDFC_ACC_20061,HDFC_ACC_20240,179304.77,2026-01-10 15:38:22,SETTLEMENT,RTGS,HDFC Bank,IN,0,NORMAL_BANKING_FLOW
TX_HDFC_102831,HDFC_ACC_20082,HDFC_ACC_20016,41181.37,2026-01-10 19:30:00,SETTLEMENT,RTGS,HDFC Bank,IN,0,NORMAL_BANKING_FLOW
TX_HDFC_102832,HDFC_ACC_20118,HDFC_ACC_20176,97060.27,2026-01-10 11:48:16,SETTLEMENT,NEFT,HDFC Bank,IN,0,NORMAL_BANKING_FLOW
TX_HDFC_102833,HDFC_ACC_20061,CANARA_ACC_20128,1497305.39,2026-01-10 18:18:16,SETTLEMENT,RTGS,HDFC Bank,IN,0,NORMAL_BANKING_FLOW
TX_HDFC_102834,HDFC_ACC_20154,AXIS_ACC_20062,198512.55,2026-01-10 18:50:48,SETTLEMENT,NEFT,HDFC Bank,IN,0,NORMAL_BANKING_FLOW
TX_HDFC_102835,HDFC_ACC_20017,HDFC_ACC_20008,205310.27,2026-01-10 16:44:56,SETTLEMENT,RTGS,HDFC Bank,IN,0,NORMAL_BANKING_FLOW
TX_HDFC_102836,HDFC_ACC_20221,HDFC_ACC_20120,192948.38,2026-01-10 19:13:50,SETTLEMENT,RTGS,HDFC Bank,IN,0,NORMAL_BANKING_FLOW
TX_HDFC_102837,HDFC_ACC_20106,BOB_ACC_20030,2179378.38,2026-01-10 15:53:24,SETTLEMENT,NEFT,HDFC Bank,IN,0,NORMAL_BANKING_FLOW
TX_HDFC_102838,HDFC_ACC_20165,SBI_ACC_20112,1604872.4,2026-01-10 19:37:00,SETTLEMENT,RTGS,HDFC Bank,IN,0,NORMAL_BANKING_FLOW
TX_HDFC_102839,HDFC_ACC_20015,HDFC_ACC_20102,3080671.83,2026-01-10 16:58:30,SETTLEMENT,RTGS,HDFC Bank,IN,0,NORMAL_BANKING_FLOW
TX_HDFC_102840,HDFC_ACC_20183,CANARA_ACC_20109,225268.94,2026-01-10 12:01:03,SETTLEMENT,NEFT,HDFC Bank,IN,0,NORMAL_BANKING_FLOW
TX_HDFC_102841,HDFC_ACC_20216,HDFC_ACC_20211,371456.46,2026-01-10 12:54:40,SETTLEMENT,NEFT,HDFC Bank,IN,0,NORMAL_BANKING_FLOW
TX_HDFC_102842,HDFC_ACC_20028,INDUS_ACC_20105,50599.31,2026-01-10 18:15:32,SETTLEMENT,RTGS,HDFC Bank,IN,0,NORMAL_BANKING_FLOW
TX_HDFC_102843,HDFC_ACC_20233,HDFC_ACC_20123,1362222.16,2026-01-10 19:09:54,SETTLEMENT,NEFT,HDFC Bank,IN,0,NORMAL_BANKING_FLOW
TX_HDFC_102844,HDFC_ACC_20084,HDFC_ACC_20018,74268.52,2026-01-10 14:00:04,SETTLEMENT,NEFT,HDFC Bank,IN,0,NORMAL_BANKING_FLOW
TX_HDFC_102845,HDFC_ACC_20125,PNB_ACC_20087,340596.28,2026-01-10 16:52:16,SETTLEMENT,RTGS,HDFC Bank,IN,0,NORMAL_BANKING_FLOW
TX_HDFC_102846,HDFC_ACC_20084,PNB_ACC_20145,80255.23,2026-01-10 14:54:45,SETTLEMENT,RTGS,HDFC Bank,IN,0,NORMAL_BANKING_FLOW
TX_HDFC_102847,HDFC_ACC_20194,HDFC_ACC_20133,140399.4,2026-01-10 14:44:32,SETTLEMENT,RTGS,HDFC Bank,IN,0,NORMAL_BANKING_FLOW
TX_HDFC_102848,HDFC_ACC_20225,HDFC_ACC_20092,106831.84,2026-01-10 14:55:51,SETTLEMENT,NEFT,HDFC Bank,IN,0,NORMAL_BANKING_FLOW
TX_HDFC_102849,HDFC_ACC_20241,PNB_ACC_20121,137494.23,2026-01-10 19:48:00,SETTLEMENT,NEFT,HDFC Bank,IN,0,NORMAL_BANKING_FLOW
TX_HDFC_102850,HDFC_ACC_20075,HDFC_ACC_20207,148295.92,2026-01-10 19:49:00,SETTLEMENT,RTGS,HDFC Bank,IN,0,NORMAL_BANKING_FLOW
TX_HDFC_102851,HDFC_ACC_20155,HDFC_ACC_20098,146811.44,2026-01-10 19:39:10,SETTLEMENT,NEFT,HDFC Bank,IN,0,NORMAL_BANKING_FLOW
TX_HDFC_102852,HDFC_ACC_20007,PNB_ACC_20037,671095.88,2026-01-10 14:36:21,SETTLEMENT,RTGS,HDFC Bank,IN,0,NORMAL_BANKING_FLOW
TX_HDFC_102853,HDFC_ACC_20093,BOB_ACC_20103,79590.57,2026-01-10 18:25:04,SETTLEMENT,NEFT,HDFC Bank,IN,0,NORMAL_BANKING_FLOW
TX_HDFC_102854,HDFC_ACC_20043,AXIS_ACC_20150,342010.11,2026-01-10 17:09:45,SETTLEMENT,RTGS,HDFC Bank,IN,0,NORMAL_BANKING_FLOW
TX_HDFC_102855,HDFC_ACC_20095,HDFC_ACC_20238,1024540.8,2026-01-10 17:32:18,SETTLEMENT,NEFT,HDFC Bank,IN,0,NORMAL_BANKING_FLOW
TX_HDFC_102856,HDFC_ACC_20222,HDFC_ACC_20044,152586.05,2026-01-10 17:22:10,SETTLEMENT,RTGS,HDFC Bank,IN,0,NORMAL_BANKING_FLOW
TX_HDFC_102857,HDFC_ACC_20003,HDFC_ACC_20017,121818.71,2026-01-10 17:12:00,SETTLEMENT,RTGS,HDFC Bank,IN,0,NORMAL_BANKING_FLOW
TX_HDFC_102858,HDFC_ACC_20052,HDFC_ACC_20072,208235.08,2026-01-10 15:34:12,SETTLEMENT,NEFT,HDFC Bank,IN,0,NORMAL_BANKING_FLOW
TX_HDFC_102859,HDFC_ACC_20202,HDFC_ACC_20050,982344.88,2026-01-10 18:41:14,SETTLEMENT,RTGS,HDFC Bank,IN,0,NORMAL_BANKING_FLOW
TX_HDFC_102860,HDFC_ACC_20145,SBI_ACC_20215,332208.61,2026-01-10 15:46:23,SETTLEMENT,RTGS,HDFC Bank,IN,0,NORMAL_BANKING_FLOW
TX_HDFC_102861,HDFC_ACC_20189,HDFC_ACC_20170,149591.61,2026-01-10 17:48:00,SETTLEMENT,RTGS,HDFC Bank,IN,0,NORMAL_BANKING_FLOW
TX_HDFC_102862,HDFC_ACC_20025,BOB_ACC_20017,456920.33,2026-01-10 12:07:17,SETTLEMENT,NEFT,HDFC Bank,IN,0,NORMAL_BANKING_FLOW
TX_HDFC_102863,HDFC_ACC_20136,BOB_ACC_20223,79815.95,2026-01-10 14:53:04,SETTLEMENT,RTGS,HDFC Bank,IN,0,NORMAL_BANKING_FLOW
TX_HDFC_102864,HDFC_ACC_20014,HDFC_ACC_20134,567783.5,2026-01-10 12:41:00,SETTLEMENT,RTGS,HDFC Bank,IN,0,NORMAL_BANKING_FLOW
TX_HDFC_102865,HDFC_ACC_20204,KOTAK_ACC_20058,420612.83,2026-01-10 14:32:00,SETTLEMENT,NEFT,HDFC Bank,IN,0,NORMAL_BANKING_FLOW
TX_HDFC_102866,HDFC_ACC_20045,HDFC_ACC_20156,191264.14,2026-01-10 19:53:55,SETTLEMENT,RTGS,HDFC Bank,IN,0,NORMAL_BANKING_FLOW
TX_HDFC_102867,HDFC_ACC_20023,ICICI_ACC_20231,106676.44,2026-01-10 14:55:12,SETTLEMENT,RTGS,HDFC Bank,IN,0,NORMAL_BANKING_FLOW
TX_HDFC_102868,HDFC_ACC_20015,HDFC_ACC_20063,101179.45,2026-01-10 13:15:41,SETTLEMENT,RTGS,HDFC Bank,IN,0,NORMAL_BANKING_FLOW
TX_HDFC_102869,HDFC_ACC_20122,HDFC_ACC_20138,483254.67,2026-01-10 18:38:56,SETTLEMENT,RTGS,HDFC Bank,IN,0,NORMAL_BANKING_FLOW
TX_HDFC_102870,HDFC_ACC_20162,HDFC_ACC_20122,1037037.4,2026-01-10 12:20:42,SETTLEMENT,NEFT,HDFC Bank,IN,0,NORMAL_BANKING_FLOW
TX_HDFC_102871,HDFC_ACC_20121,HDFC_ACC_20139,133114.04,2026-01-10 13:05:40,SETTLEMENT,RTGS,HDFC Bank,IN,0,NORMAL_BANKING_FLOW
TX_HDFC_102872,HDFC_ACC_20124,HDFC_ACC_20002,444286.71,2026-01-10 18:41:32,SETTLEMENT,NEFT,HDFC Bank,IN,0,NORMAL_BANKING_FLOW
TX_HDFC_102873,HDFC_ACC_20231,HDFC_ACC_20226,27018.32,2026-01-10 18:42:24,SETTLEMENT,RTGS,HDFC Bank,IN,0,NORMAL_BANKING_FLOW
TX_HDFC_102874,HDFC_ACC_20049,HDFC_ACC_20163,141057.16,2026-01-10 17:02:19,SETTLEMENT,RTGS,HDFC Bank,IN,0,NORMAL_BANKING_FLOW
TX_HDFC_102875,HDFC_ACC_20000,HDFC_ACC_20105,259324.43,2026-01-10 19:06:36,SETTLEMENT,RTGS,HDFC Bank,IN,0,NORMAL_BANKING_FLOW
TX_HDFC_102876,HDFC_ACC_20161,HDFC_ACC_20129,98651.45,2026-01-10 18:56:15,SETTLEMENT,NEFT,HDFC Bank,IN,0,NORMAL_BANKING_FLOW
TX_HDFC_102877,HDFC_ACC_20243,HDFC_ACC_20067,95783.24,2026-01-10 17:27:00,SETTLEMENT,RTGS,HDFC Bank,IN,0,NORMAL_BANKING_FLOW
TX_HDFC_102878,HDFC_ACC_20070,HDFC_ACC_20129,128726.14,2026-01-10 18:12:53,SETTLEMENT,NEFT,HDFC Bank,IN,0,NORMAL_BANKING_FLOW
TX_HDFC_102879,HDFC_ACC_20028,AXIS_ACC_20124,370056.88,2026-01-10 15:24:12,SETTLEMENT,RTGS,HDFC Bank,IN,0,NORMAL_BANKING_FLOW
TX_HDFC_102880,HDFC_ACC_20249,HDFC_ACC_20126,218368.24,2026-01-10 11:49:45,SETTLEMENT,NEFT,HDFC Bank,IN,0,NORMAL_BANKING_FLOW
TX_HDFC_102881,HDFC_ACC_20194,HDFC_ACC_20077,22878.33,2026-01-10 13:43:20,SETTLEMENT,NEFT,HDFC Bank,IN,0,NORMAL_BANKING_FLOW
TX_HDFC_102882,HDFC_ACC_20113,HDFC_ACC_20176,26035.85,2026-01-10 12:58:21,SETTLEMENT,RTGS,HDFC Bank,IN,0,NORMAL_BANKING_FLOW
TX_HDFC_102883,HDFC_ACC_20049,KOTAK_ACC_20054,137647.08,2026-01-10 18:16:58,SETTLEMENT,RTGS,HDFC Bank,IN,0,NORMAL_BANKING_FLOW
TX_HDFC_102884,HDFC_ACC_20081,CANARA_ACC_20026,443944.68,2026-01-10 15:27:02,SETTLEMENT,RTGS,HDFC Bank,IN,0,NORMAL_BANKING_FLOW
TX_HDFC_102885,HDFC_ACC_20156,HDFC_ACC_20173,13065.69,2026-01-10 20:01:12,SETTLEMENT,NEFT,HDFC Bank,IN,0,NORMAL_BANKING_FLOW
TX_HDFC_102886,HDFC_ACC_20049,AXIS_ACC_20218,154863.1,2026-01-10 13:34:00,SETTLEMENT,NEFT,HDFC Bank,IN,0,NORMAL_BANKING_FLOW
TX_HDFC_102887,HDFC_ACC_20040,HDFC_ACC_20133,150411.08,2026-01-10 13:45:50,SETTLEMENT,RTGS,HDFC Bank,IN,0,NORMAL_BANKING_FLOW
TX_HDFC_102888,HDFC_ACC_20201,HDFC_ACC_20185,1235728.9,2026-01-10 17:35:15,SETTLEMENT,RTGS,HDFC Bank,IN,0,NORMAL_BANKING_FLOW
TX_HDFC_102889,HDFC_ACC_20067,HDFC_ACC_20220,175689.94,2026-01-10 15:06:56,SETTLEMENT,NEFT,HDFC Bank,IN,0,NORMAL_BANKING_FLOW
TX_HDFC_102890,HDFC_ACC_20078,HDFC_ACC_20091,408925.34,2026-01-10 15:30:26,SETTLEMENT,NEFT,HDFC Bank,IN,0,NORMAL_BANKING_FLOW
TX_HDFC_102891,HDFC_ACC_20108,HDFC_ACC_20196,313446.15,2026-01-10 15:42:30,SETTLEMENT,RTGS,HDFC Bank,IN,0,NORMAL_BANKING_FLOW
TX_HDFC_102892,HDFC_ACC_20240,HDFC_ACC_20248,25754.81,2026-01-10 16:52:11,SETTLEMENT,NEFT,HDFC Bank,IN,0,NORMAL_BANKING_FLOW
TX_HDFC_102893,HDFC_ACC_20206,HDFC_ACC_20116,624700.7,2026-01-10 16:52:52,SETTLEMENT,NEFT,HDFC Bank,IN,0,NORMAL_BANKING_FLOW
TX_HDFC_102894,HDFC_ACC_20180,HDFC_ACC_20169,340080.0,2026-01-10 15:09:36,SETTLEMENT,NEFT,HDFC Bank,IN,0,NORMAL_BANKING_FLOW
TX_HDFC_102895,HDFC_ACC_20213,HDFC_ACC_20082,469345.99,2026-01-10 20:34:00,SETTLEMENT,NEFT,HDFC Bank,IN,0,NORMAL_BANKING_FLOW
TX_HDFC_102896,HDFC_ACC_20083,HDFC_ACC_20190,4500000.0,2026-01-10 17:06:30,SETTLEMENT,RTGS,HDFC Bank,IN,0,NORMAL_BANKING_FLOW
TX_HDFC_102897,HDFC_ACC_20158,HDFC_ACC_20220,27105.06,2026-01-10 14:13:12,SETTLEMENT,RTGS,HDFC Bank,IN,0,NORMAL_BANKING_FLOW
TX_HDFC_102898,HDFC_ACC_20062,HDFC_ACC_20186,1788998.13,2026-01-10 15:11:44,SETTLEMENT,NEFT,HDFC Bank,IN,0,NORMAL_BANKING_FLOW
TX_HDFC_102899,HDFC_ACC_20151,HDFC_ACC_20249,195596.22,2026-01-10 17:43:30,SETTLEMENT,RTGS,HDFC Bank,IN,0,NORMAL_BANKING_FLOW
TX_HDFC_102900,HDFC_ACC_20099,HDFC_ACC_20233,368082.29,2026-01-10 12:18:03,SETTLEMENT,RTGS,HDFC Bank,IN,0,NORMAL_BANKING_FLOW
TX_HDFC_102901,HDFC_ACC_20071,YES_ACC_20015,255234.12,2026-01-10 20:40:00,SETTLEMENT,RTGS,HDFC Bank,IN,0,NORMAL_BANKING_FLOW
TX_HDFC_102902,HDFC_ACC_20087,HDFC_ACC_20095,168272.51,2026-01-10 13:05:21,SETTLEMENT,NEFT,HDFC Bank,IN,0,NORMAL_BANKING_FLOW
TX_HDFC_102903,HDFC_ACC_20028,HDFC_ACC_20226,143369.97,2026-01-10 17:23:06,SETTLEMENT,RTGS,HDFC Bank,IN,0,NORMAL_BANKING_FLOW
TX_HDFC_102904,HDFC_ACC_20198,AXIS_ACC_20223,385562.89,2026-01-10 12:42:37,SETTLEMENT,NEFT,HDFC Bank,IN,0,NORMAL_BANKING_FLOW
TX_HDFC_102905,HDFC_ACC_20146,HDFC_ACC_20022,50569.75,2026-01-10 13:41:36,SETTLEMENT,RTGS,HDFC Bank,IN,0,NORMAL_BANKING_FLOW
TX_HDFC_102906,HDFC_ACC_20146,HDFC_ACC_20170,612703.91,2026-01-10 17:25:15,SETTLEMENT,NEFT,HDFC Bank,IN,0,NORMAL_BANKING_FLOW
TX_HDFC_102907,HDFC_ACC_20209,HDFC_ACC_20005,169767.67,2026-01-10 15:04:46,SETTLEMENT,RTGS,HDFC Bank,IN,0,NORMAL_BANKING_FLOW
TX_HDFC_102908,HDFC_ACC_20017,INDUS_ACC_20245,77414.06,2026-01-10 13:31:01,SETTLEMENT,RTGS,HDFC Bank,IN,0,NORMAL_BANKING_FLOW
TX_HDFC_102909,HDFC_ACC_20114,KOTAK_ACC_20047,163568.29,2026-01-10 16:28:24,SETTLEMENT,RTGS,HDFC Bank,IN,0,NORMAL_BANKING_FLOW
TX_HDFC_102910,HDFC_ACC_20117,HDFC_ACC_20050,1069673.63,2026-01-10 15:53:35,SETTLEMENT,RTGS,HDFC Bank,IN,0,NORMAL_BANKING_FLOW
TX_HDFC_102911,HDFC_ACC_20066,HDFC_ACC_20192,148915.07,2026-01-10 20:26:20,SETTLEMENT,RTGS,HDFC Bank,IN,0,NORMAL_BANKING_FLOW
TX_HDFC_102912,HDFC_ACC_20164,HDFC_ACC_20101,398036.5,2026-01-10 12:09:36,SETTLEMENT,NEFT,HDFC Bank,IN,0,NORMAL_BANKING_FLOW
TX_HDFC_102913,HDFC_ACC_20212,HDFC_ACC_20234,120084.16,2026-01-10 18:05:52,SETTLEMENT,RTGS,HDFC Bank,IN,0,NORMAL_BANKING_FLOW
TX_HDFC_102914,HDFC_ACC_20144,HDFC_ACC_20008,617672.73,2026-01-10 18:18:31,SETTLEMENT,NEFT,HDFC Bank,IN,0,NORMAL_BANKING_FLOW
TX_HDFC_102915,HDFC_ACC_20083,CANARA_ACC_20072,570380.24,2026-01-10 18:19:18,SETTLEMENT,RTGS,HDFC Bank,IN,0,NORMAL_BANKING_FLOW
TX_HDFC_102916,HDFC_ACC_20017,ICICI_ACC_20249,2050244.71,2026-01-10 19:07:45,SETTLEMENT,NEFT,HDFC Bank,IN,0,NORMAL_BANKING_FLOW
TX_HDFC_102917,HDFC_ACC_20136,HDFC_ACC_20131,221212.63,2026-01-10 18:56:40,SETTLEMENT,RTGS,HDFC Bank,IN,0,NORMAL_BANKING_FLOW
TX_HDFC_102918,HDFC_ACC_20119,HDFC_ACC_20048,559903.81,2026-01-10 12:59:00,SETTLEMENT,RTGS,HDFC Bank,IN,0,NORMAL_BANKING_FLOW
TX_HDFC_102919,HDFC_ACC_20110,CANARA_ACC_20115,298902.97,2026-01-10 12:47:22,SETTLEMENT,RTGS,HDFC Bank,IN,0,NORMAL_BANKING_FLOW
TX_HDFC_102920,HDFC_ACC_20018,HDFC_ACC_20148,1116220.47,2026-01-10 13:47:36,SETTLEMENT,RTGS,HDFC Bank,IN,0,NORMAL_BANKING_FLOW
TX_HDFC_102921,HDFC_ACC_20199,HDFC_ACC_20210,121696.36,2026-01-10 16:12:00,SETTLEMENT,RTGS,HDFC Bank,IN,0,NORMAL_BANKING_FLOW
TX_HDFC_102922,HDFC_ACC_20102,HDFC_ACC_20001,608958.77,2026-01-10 17:24:42,SETTLEMENT,RTGS,HDFC Bank,IN,0,NORMAL_BANKING_FLOW
TX_HDFC_102923,HDFC_ACC_20004,HDFC_ACC_20083,216605.49,2026-01-10 19:49:48,SETTLEMENT,RTGS,HDFC Bank,IN,0,NORMAL_BANKING_FLOW
TX_HDFC_102924,HDFC_ACC_20219,HDFC_ACC_20172,250044.21,2026-01-10 17:26:06,SETTLEMENT,NEFT,HDFC Bank,IN,0,NORMAL_BANKING_FLOW
TX_HDFC_102925,HDFC_ACC_20167,HDFC_ACC_20198,296833.82,2026-01-10 16:02:20,SETTLEMENT,RTGS,HDFC Bank,IN,0,NORMAL_BANKING_FLOW
TX_HDFC_102926,HDFC_ACC_20228,AXIS_ACC_20048,354145.96,2026-01-10 19:16:15,SETTLEMENT,RTGS,HDFC Bank,IN,0,NORMAL_BANKING_FLOW
TX_HDFC_102927,HDFC_ACC_20046,HDFC_ACC_20137,236132.43,2026-01-10 13:50:24,SETTLEMENT,NEFT,HDFC Bank,IN,0,NORMAL_BANKING_FLOW
TX_HDFC_102928,HDFC_ACC_20010,BOB_ACC_20089,339824.47,2026-01-10 19:42:11,SETTLEMENT,RTGS,HDFC Bank,IN,0,NORMAL_BANKING_FLOW
TX_HDFC_102929,HDFC_ACC_20080,KOTAK_ACC_20051,1522599.86,2026-01-10 12:50:32,SETTLEMENT,NEFT,HDFC Bank,IN,0,NORMAL_BANKING_FLOW
TX_HDFC_102930,HDFC_ACC_20069,HDFC_ACC_20236,793330.08,2026-01-10 15:53:06,SETTLEMENT,NEFT,HDFC Bank,IN,0,NORMAL_BANKING_FLOW
TX_HDFC_102931,HDFC_ACC_20006,HDFC_ACC_20231,698066.78,2026-01-10 14:40:40,SETTLEMENT,RTGS,HDFC Bank,IN,0,NORMAL_BANKING_FLOW
TX_HDFC_102932,HDFC_ACC_20242,HDFC_ACC_20113,162576.92,2026-01-10 17:43:53,SETTLEMENT,NEFT,HDFC Bank,IN,0,NORMAL_BANKING_FLOW
TX_HDFC_102933,HDFC_ACC_20114,HDFC_ACC_20050,100894.94,2026-01-10 14:41:36,SETTLEMENT,NEFT,HDFC Bank,IN,0,NORMAL_BANKING_FLOW
TX_HDFC_102934,HDFC_ACC_20151,ICICI_ACC_20248,767451.54,2026-01-10 14:42:04,SETTLEMENT,RTGS,HDFC Bank,IN,0,NORMAL_BANKING_FLOW
TX_HDFC_102935,HDFC_ACC_20148,ICICI_ACC_20041,703379.23,2026-01-10 14:18:04,SETTLEMENT,RTGS,HDFC Bank,IN,0,NORMAL_BANKING_FLOW
TX_HDFC_102936,HDFC_ACC_20125,INDUS_ACC_20191,1355848.13,2026-01-10 14:43:00,SETTLEMENT,NEFT,HDFC Bank,IN,0,NORMAL_BANKING_FLOW
TX_HDFC_102937,HDFC_ACC_20053,BOB_ACC_20092,138084.53,2026-01-10 16:09:20,SETTLEMENT,RTGS,HDFC Bank,IN,0,NORMAL_BANKING_FLOW
TX_HDFC_102938,HDFC_ACC_20028,SBI_ACC_20001,208458.75,2026-01-10 18:12:45,SETTLEMENT,NEFT,HDFC Bank,IN,0,NORMAL_BANKING_FLOW
TX_HDFC_102939,HDFC_ACC_20102,ICICI_ACC_20090,44203.86,2026-01-10 16:59:42,SETTLEMENT,RTGS,HDFC Bank,IN,0,NORMAL_BANKING_FLOW
TX_HDFC_102940,HDFC_ACC_20214,HDFC_ACC_20243,174256.18,2026-01-10 16:48:02,SETTLEMENT,RTGS,HDFC Bank,IN,0,NORMAL_BANKING_FLOW
TX_HDFC_102941,HDFC_ACC_20179,HDFC_ACC_20164,803094.41,2026-01-10 20:30:40,SETTLEMENT,NEFT,HDFC Bank,IN,0,NORMAL_BANKING_FLOW
TX_HDFC_102942,HDFC_ACC_20004,PNB_ACC_20186,160629.39,2026-01-10 17:01:39,SETTLEMENT,RTGS,HDFC Bank,IN,0,NORMAL_BANKING_FLOW
TX_HDFC_102943,HDFC_ACC_20011,HDFC_ACC_20064,542817.14,2026-01-10 20:32:32,SETTLEMENT,RTGS,HDFC Bank,IN,0,NORMAL_BANKING_FLOW
TX_HDFC_102944,HDFC_ACC_20032,HDFC_ACC_20036,217607.14,2026-01-10 14:21:58,SETTLEMENT,RTGS,HDFC Bank,IN,0,NORMAL_BANKING_FLOW
TX_HDFC_102945,HDFC_ACC_20009,HDFC_ACC_20206,383257.64,2026-01-10 21:11:36,SETTLEMENT,RTGS,HDFC Bank,IN,0,NORMAL_BANKING_FLOW
TX_HDFC_102946,HDFC_ACC_20169,HDFC_ACC_20158,75927.9,2026-01-10 14:47:40,SETTLEMENT,RTGS,HDFC Bank,IN,0,NORMAL_BANKING_FLOW
TX_HDFC_102947,HDFC_ACC_20107,HDFC_ACC_20240,294705.08,2026-01-10 17:29:46,SETTLEMENT,RTGS,HDFC Bank,IN,0,NORMAL_BANKING_FLOW
TX_HDFC_102948,HDFC_ACC_20189,AXIS_ACC_20093,9994.1,2026-01-10 18:57:36,SETTLEMENT,RTGS,HDFC Bank,IN,0,NORMAL_BANKING_FLOW
TX_HDFC_102949,HDFC_ACC_20007,HDFC_ACC_20079,218472.24,2026-01-10 13:34:16,SETTLEMENT,RTGS,HDFC Bank,IN,0,NORMAL_BANKING_FLOW
TX_HDFC_102950,HDFC_ACC_20232,INDUS_ACC_20007,44644.19,2026-01-10 17:19:20,SETTLEMENT,RTGS,HDFC Bank,IN,0,NORMAL_BANKING_FLOW
TX_HDFC_102951,HDFC_ACC_20227,HDFC_ACC_20188,1011145.06,2026-01-10 12:20:00,SETTLEMENT,NEFT,HDFC Bank,IN,0,NORMAL_BANKING_FLOW
TX_HDFC_102952,HDFC_ACC_20011,HDFC_ACC_20196,631054.87,2026-01-10 14:00:24,SETTLEMENT,RTGS,HDFC Bank,IN,0,NORMAL_BANKING_FLOW
TX_HDFC_102953,HDFC_ACC_20043,HDFC_ACC_20003,448353.87,2026-01-10 20:04:16,SETTLEMENT,RTGS,HDFC Bank,IN,0,NORMAL_BANKING_FLOW
TX_HDFC_102954,HDFC_ACC_20023,HDFC_ACC_20016,1429888.25,2026-01-10 16:44:21,SETTLEMENT,RTGS,HDFC Bank,IN,0,NORMAL_BANKING_FLOW
TX_HDFC_102955,HDFC_ACC_20118,BOB_ACC_20112,94484.57,2026-01-10 13:36:28,SETTLEMENT,RTGS,HDFC Bank,IN,0,NORMAL_BANKING_FLOW
TX_HDFC_102956,HDFC_ACC_20207,HDFC_ACC_20079,1834164.31,2026-01-10 13:49:25,SETTLEMENT,RTGS,HDFC Bank,IN,0,NORMAL_BANKING_FLOW
TX_HDFC_102957,HDFC_ACC_20231,HDFC_ACC_20082,748188.87,2026-01-10 18:27:00,SETTLEMENT,RTGS,HDFC Bank,IN,0,NORMAL_BANKING_FLOW
TX_HDFC_102958,HDFC_ACC_20244,HDFC_ACC_20183,206858.28,2026-01-10 20:59:09,SETTLEMENT,RTGS,HDFC Bank,IN,0,NORMAL_BANKING_FLOW
TX_HDFC_102959,HDFC_ACC_20191,KOTAK_ACC_20032,935823.49,2026-01-10 13:25:18,SETTLEMENT,RTGS,HDFC Bank,IN,0,NORMAL_BANKING_FLOW
TX_HDFC_102960,HDFC_ACC_20206,KOTAK_ACC_20168,79465.41,2026-01-10 15:06:51,SETTLEMENT,RTGS,HDFC Bank,IN,0,NORMAL_BANKING_FLOW
TX_HDFC_102961,HDFC_ACC_20183,HDFC_ACC_20228,108340.51,2026-01-10 13:13:20,SETTLEMENT,RTGS,HDFC Bank,IN,0,NORMAL_BANKING_FLOW
TX_HDFC_102962,HDFC_ACC_20057,HDFC_ACC_20187,137386.21,2026-01-10 20:24:54,SETTLEMENT,NEFT,HDFC Bank,IN,0,NORMAL_BANKING_FLOW
TX_HDFC_102963,HDFC_ACC_20181,BOB_ACC_20132,149960.1,2026-01-10 21:03:54,SETTLEMENT,NEFT,HDFC Bank,IN,0,NORMAL_BANKING_FLOW
TX_HDFC_102964,HDFC_ACC_20068,AXIS_ACC_20083,83934.05,2026-01-10 19:48:33,SETTLEMENT,RTGS,HDFC Bank,IN,0,NORMAL_BANKING_FLOW
TX_HDFC_102965,HDFC_ACC_20037,HDFC_ACC_20240,1030331.73,2026-01-10 17:54:48,SETTLEMENT,NEFT,HDFC Bank,IN,0,NORMAL_BANKING_FLOW
TX_HDFC_102966,HDFC_ACC_20204,HDFC_ACC_20012,201845.97,2026-01-10 12:36:45,SETTLEMENT,RTGS,HDFC Bank,IN,0,NORMAL_BANKING_FLOW
TX_HDFC_102967,HDFC_ACC_20003,HDFC_ACC_20009,395440.44,2026-01-10 14:44:42,SETTLEMENT,RTGS,HDFC Bank,IN,0,NORMAL_BANKING_FLOW
TX_HDFC_102968,HDFC_ACC_20082,HDFC_ACC_20124,143288.23,2026-01-10 15:23:30,SETTLEMENT,NEFT,HDFC Bank,IN,0,NORMAL_BANKING_FLOW
TX_HDFC_102969,HDFC_ACC_20048,HDFC_ACC_20210,36218.9,2026-01-10 18:36:00,SETTLEMENT,RTGS,HDFC Bank,IN,0,NORMAL_BANKING_FLOW
TX_HDFC_102970,HDFC_ACC_20054,HDFC_ACC_20068,361155.21,2026-01-10 19:53:39,SETTLEMENT,RTGS,HDFC Bank,IN,0,NORMAL_BANKING_FLOW
TX_HDFC_102971,HDFC_ACC_20190,HDFC_ACC_20197,32745.46,2026-01-10 19:28:50,SETTLEMENT,RTGS,HDFC Bank,IN,0,NORMAL_BANKING_FLOW
TX_HDFC_102972,HDFC_ACC_20086,AXIS_ACC_20065,248824.36,2026-01-10 19:03:57,SETTLEMENT,RTGS,HDFC Bank,IN,0,NORMAL_BANKING_FLOW
TX_HDFC_102973,HDFC_ACC_20124,CANARA_ACC_20169,59566.79,2026-01-10 16:43:12,SETTLEMENT,RTGS,HDFC Bank,IN,0,NORMAL_BANKING_FLOW
TX_HDFC_102974,HDFC_ACC_20087,PNB_ACC_20016,2388087.99,2026-01-10 13:30:33,SETTLEMENT,RTGS,HDFC Bank,IN,0,NORMAL_BANKING_FLOW
TX_HDFC_102975,HDFC_ACC_20006,AXIS_ACC_20024,731241.46,2026-01-10 17:10:12,SETTLEMENT,RTGS,HDFC Bank,IN,0,NORMAL_BANKING_FLOW
TX_HDFC_102976,HDFC_ACC_20212,HDFC_ACC_20140,301440.87,2026-01-10 15:14:35,SETTLEMENT,RTGS,HDFC Bank,IN,0,NORMAL_BANKING_FLOW
TX_HDFC_102977,HDFC_ACC_20223,HDFC_ACC_20115,1077417.3,2026-01-10 21:56:00,SETTLEMENT,NEFT,HDFC Bank,IN,0,NORMAL_BANKING_FLOW
TX_HDFC_102978,HDFC_ACC_20240,HDFC_ACC_20221,105773.2,2026-01-10 18:03:54,SETTLEMENT,RTGS,HDFC Bank,IN,0,NORMAL_BANKING_FLOW
TX_HDFC_102979,HDFC_ACC_20209,BOB_ACC_20049,487881.25,2026-01-10 19:09:26,SETTLEMENT,NEFT,HDFC Bank,IN,0,NORMAL_BANKING_FLOW
TX_HDFC_102980,HDFC_ACC_20056,KOTAK_ACC_20187,334299.13,2026-01-10 14:11:36,SETTLEMENT,RTGS,HDFC Bank,IN,0,NORMAL_BANKING_FLOW
TX_HDFC_102981,HDFC_ACC_20199,HDFC_ACC_20221,358764.72,2026-01-10 17:01:00,SETTLEMENT,RTGS,HDFC Bank,IN,0,NORMAL_BANKING_FLOW
TX_HDFC_102982,HDFC_ACC_20204,HDFC_ACC_20138,1087714.05,2026-01-10 19:24:48,SETTLEMENT,RTGS,HDFC Bank,IN,0,NORMAL_BANKING_FLOW
TX_HDFC_102983,HDFC_ACC_20135,HDFC_ACC_20040,600634.16,2026-01-10 15:17:58,SETTLEMENT,RTGS,HDFC Bank,IN,0,NORMAL_BANKING_FLOW
TX_HDFC_102984,HDFC_ACC_20162,HDFC_ACC_20158,368647.44,2026-01-10 13:34:03,SETTLEMENT,RTGS,HDFC Bank,IN,0,NORMAL_BANKING_FLOW
TX_HDFC_102985,HDFC_ACC_20192,BOB_ACC_20241,43461.2,2026-01-10 15:18:56,SETTLEMENT,RTGS,HDFC Bank,IN,0,NORMAL_BANKING_FLOW
TX_HDFC_102986,HDFC_ACC_20051,HDFC_ACC_20246,93334.87,2026-01-10 20:46:30,SETTLEMENT,RTGS,HDFC Bank,IN,0,NORMAL_BANKING_FLOW
TX_HDFC_102987,HDFC_ACC_20230,HDFC_ACC_20107,234455.29,2026-01-10 17:44:00,SETTLEMENT,NEFT,HDFC Bank,IN,0,NORMAL_BANKING_FLOW
TX_HDFC_102988,HDFC_ACC_20034,PNB_ACC_20000,297363.21,2026-01-10 18:50:15,SETTLEMENT,RTGS,HDFC Bank,IN,0,NORMAL_BANKING_FLOW
TX_HDFC_102989,HDFC_ACC_20142,HDFC_ACC_20053,77402.62,2026-01-10 13:09:32,SETTLEMENT,NEFT,HDFC Bank,IN,0,NORMAL_BANKING_FLOW
TX_HDFC_102990,HDFC_ACC_20017,HDFC_ACC_20106,3808874.68,2026-01-10 20:50:06,SETTLEMENT,RTGS,HDFC Bank,IN,0,NORMAL_BANKING_FLOW
TX_HDFC_102991,HDFC_ACC_20210,HDFC_ACC_20249,1422652.24,2026-01-10 14:02:50,SETTLEMENT,NEFT,HDFC Bank,IN,0,NORMAL_BANKING_FLOW
TX_HDFC_102992,HDFC_ACC_20040,HDFC_ACC_20101,520388.1,2026-01-10 15:35:30,SETTLEMENT,NEFT,HDFC Bank,IN,0,NORMAL_BANKING_FLOW
TX_HDFC_102993,HDFC_ACC_20213,HDFC_ACC_20057,290465.63,2026-01-10 20:26:24,SETTLEMENT,NEFT,HDFC Bank,IN,0,NORMAL_BANKING_FLOW
TX_HDFC_102994,HDFC_ACC_20102,HDFC_ACC_20190,212472.99,2026-01-10 16:02:56,SETTLEMENT,NEFT,HDFC Bank,IN,0,NORMAL_BANKING_FLOW
TX_HDFC_102995,HDFC_ACC_20038,HDFC_ACC_20036,94173.08,2026-01-10 20:28:08,SETTLEMENT,RTGS,HDFC Bank,IN,0,NORMAL_BANKING_FLOW
TX_HDFC_102996,HDFC_ACC_20083,HDFC_ACC_20030,292210.17,2026-01-10 21:48:30,SETTLEMENT,NEFT,HDFC Bank,IN,0,NORMAL_BANKING_FLOW
TX_HDFC_102997,HDFC_ACC_20026,CANARA_ACC_20059,356299.8,2026-01-10 19:36:48,SETTLEMENT,NEFT,HDFC Bank,IN,0,NORMAL_BANKING_FLOW
TX_HDFC_102998,HDFC_ACC_20210,HDFC_ACC_20190,68464.0,2026-01-10 21:37:09,SETTLEMENT,RTGS,HDFC Bank,IN,0,NORMAL_BANKING_FLOW
TX_HDFC_102999,HDFC_ACC_20018,INDUS_ACC_20224,387547.64,2026-01-10 20:58:12,SETTLEMENT,RTGS,HDFC Bank,IN,0,NORMAL_BANKING_FLOW
TX_HDFC_103000,HDFC_ACC_20010,HDFC_ACC_20229,226209.09,2026-01-10 16:06:08,SETTLEMENT,RTGS,HDFC Bank,IN,0,NORMAL_BANKING_FLOW
TX_HDFC_103001,HDFC_ACC_20119,HDFC_ACC_20043,32906.05,2026-01-10 15:53:20,SETTLEMENT,NEFT,HDFC Bank,IN,0,NORMAL_BANKING_FLOW
TX_HDFC_103002,HDFC_ACC_20203,HDFC_ACC_20074,104148.86,2026-01-10 22:21:00,SETTLEMENT,RTGS,HDFC Bank,IN,0,NORMAL_BANKING_FLOW
TX_HDFC_103003,HDFC_ACC_20022,INDUS_ACC_20061,170251.82,2026-01-10 15:27:38,SETTLEMENT,RTGS,HDFC Bank,IN,0,NORMAL_BANKING_FLOW
TX_HDFC_103004,HDFC_ACC_20179,YES_ACC_20014,2140299.7,2026-01-10 21:42:51,SETTLEMENT,RTGS,HDFC Bank,IN,0,NORMAL_BANKING_FLOW
TX_HDFC_103005,HDFC_ACC_20197,HDFC_ACC_20185,494948.22,2026-01-10 21:17:00,SETTLEMENT,NEFT,HDFC Bank,IN,0,NORMAL_BANKING_FLOW
TX_HDFC_103006,HDFC_ACC_20163,HDFC_ACC_20107,61757.47,2026-01-10 16:09:20,SETTLEMENT,RTGS,HDFC Bank,IN,0,NORMAL_BANKING_FLOW
TX_HDFC_103007,HDFC_ACC_20091,HDFC_ACC_20025,458007.08,2026-01-10 21:45:42,SETTLEMENT,RTGS,HDFC Bank,IN,0,NORMAL_BANKING_FLOW
TX_HDFC_103008,HDFC_ACC_20062,HDFC_ACC_20056,48921.18,2026-01-10 22:27:00,SETTLEMENT,RTGS,HDFC Bank,IN,0,NORMAL_BANKING_FLOW
TX_HDFC_103009,HDFC_ACC_20068,HDFC_ACC_20200,882893.76,2026-01-10 20:40:16,SETTLEMENT,RTGS,HDFC Bank,IN,0,NORMAL_BANKING_FLOW
TX_HDFC_103010,HDFC_ACC_20155,YES_ACC_20155,159813.51,2026-01-10 22:29:00,SETTLEMENT,RTGS,HDFC Bank,IN,0,NORMAL_BANKING_FLOW
TX_HDFC_103011,HDFC_ACC_20170,HDFC_ACC_20154,242074.35,2026-01-10 19:48:00,SETTLEMENT,RTGS,HDFC Bank,IN,0,NORMAL_BANKING_FLOW
TX_HDFC_103012,HDFC_ACC_20203,HDFC_ACC_20025,1153574.93,2026-01-10 13:43:51,SETTLEMENT,RTGS,HDFC Bank,IN,0,NORMAL_BANKING_FLOW
TX_HDFC_103013,HDFC_ACC_20247,INDUS_ACC_20148,65128.67,2026-01-10 20:30:12,SETTLEMENT,NEFT,HDFC Bank,IN,0,NORMAL_BANKING_FLOW
TX_HDFC_103014,HDFC_ACC_20154,HDFC_ACC_20100,57709.09,2026-01-10 22:05:54,SETTLEMENT,RTGS,HDFC Bank,IN,0,NORMAL_BANKING_FLOW
TX_HDFC_103015,HDFC_ACC_20088,HDFC_ACC_20113,141215.27,2026-01-10 22:34:00,SETTLEMENT,RTGS,HDFC Bank,IN,0,NORMAL_BANKING_FLOW
TX_HDFC_103016,HDFC_ACC_20133,HDFC_ACC_20102,840890.51,2026-01-10 18:57:40,SETTLEMENT,RTGS,HDFC Bank,IN,0,NORMAL_BANKING_FLOW
TX_HDFC_103017,HDFC_ACC_20110,HDFC_ACC_20006,50449.06,2026-01-10 21:28:00,SETTLEMENT,RTGS,HDFC Bank,IN,0,NORMAL_BANKING_FLOW
TX_HDFC_103018,HDFC_ACC_20006,HDFC_ACC_20085,11903.99,2026-01-10 15:21:16,SETTLEMENT,RTGS,HDFC Bank,IN,0,NORMAL_BANKING_FLOW
TX_HDFC_103019,HDFC_ACC_20105,CANARA_ACC_20217,163362.23,2026-01-10 13:46:18,SETTLEMENT,NEFT,HDFC Bank,IN,0,NORMAL_BANKING_FLOW
TX_HDFC_103020,HDFC_ACC_20174,HDFC_ACC_20248,492335.11,2026-01-10 16:03:09,SETTLEMENT,NEFT,HDFC Bank,IN,0,NORMAL_BANKING_FLOW
TX_HDFC_103021,HDFC_ACC_20200,HDFC_ACC_20117,1004788.8,2026-01-10 15:50:00,SETTLEMENT,NEFT,HDFC Bank,IN,0,NORMAL_BANKING_FLOW
TX_HDFC_103022,HDFC_ACC_20067,AXIS_ACC_20053,161219.57,2026-01-10 22:27:19,SETTLEMENT,RTGS,HDFC Bank,IN,0,NORMAL_BANKING_FLOW
TX_HDFC_103023,HDFC_ACC_20140,HDFC_ACC_20190,170660.37,2026-01-10 20:25:00,SETTLEMENT,RTGS,HDFC Bank,IN,0,NORMAL_BANKING_FLOW
TX_HDFC_103024,HDFC_ACC_20199,CANARA_ACC_20219,954832.11,2026-01-10 18:08:40,SETTLEMENT,RTGS,HDFC Bank,IN,0,NORMAL_BANKING_FLOW
TX_HDFC_103025,HDFC_ACC_20157,HDFC_ACC_20207,34313.16,2026-01-10 13:34:40,SETTLEMENT,NEFT,HDFC Bank,IN,0,NORMAL_BANKING_FLOW
TX_HDFC_103026,HDFC_ACC_20078,HDFC_ACC_20185,175015.03,2026-01-10 15:38:45,SETTLEMENT,NEFT,HDFC Bank,IN,0,NORMAL_BANKING_FLOW
TX_HDFC_103027,HDFC_ACC_20080,HDFC_ACC_20164,330865.19,2026-01-10 13:35:20,SETTLEMENT,RTGS,HDFC Bank,IN,0,NORMAL_BANKING_FLOW
TX_HDFC_103028,HDFC_ACC_20051,HDFC_ACC_20182,439828.69,2026-01-10 14:58:22,SETTLEMENT,RTGS,HDFC Bank,IN,0,NORMAL_BANKING_FLOW
TX_HDFC_103029,HDFC_ACC_20206,HDFC_ACC_20092,153156.05,2026-01-10 19:34:48,SETTLEMENT,NEFT,HDFC Bank,IN,0,NORMAL_BANKING_FLOW
TX_HDFC_103030,HDFC_ACC_20082,HDFC_ACC_20048,278698.3,2026-01-10 14:45:25,SETTLEMENT,RTGS,HDFC Bank,IN,0,NORMAL_BANKING_FLOW
TX_HDFC_103031,HDFC_ACC_20129,BOB_ACC_20075,17375.91,2026-01-10 20:59:20,SETTLEMENT,NEFT,HDFC Bank,IN,0,NORMAL_BANKING_FLOW
TX_HDFC_103032,HDFC_ACC_20101,HDFC_ACC_20019,130082.84,2026-01-10 20:32:30,SETTLEMENT,RTGS,HDFC Bank,IN,0,NORMAL_BANKING_FLOW
TX_HDFC_103033,HDFC_ACC_20182,HDFC_ACC_20225,441909.14,2026-01-10 15:14:24,SETTLEMENT,NEFT,HDFC Bank,IN,0,NORMAL_BANKING_FLOW
TX_HDFC_103034,HDFC_ACC_20067,HDFC_ACC_20088,91078.46,2026-01-10 22:11:21,SETTLEMENT,RTGS,HDFC Bank,IN,0,NORMAL_BANKING_FLOW
TX_HDFC_103035,HDFC_ACC_20034,ICICI_ACC_20216,286324.95,2026-01-10 20:21:06,SETTLEMENT,NEFT,HDFC Bank,IN,0,NORMAL_BANKING_FLOW
TX_HDFC_103036,HDFC_ACC_20248,HDFC_ACC_20057,438695.03,2026-01-10 16:39:15,SETTLEMENT,RTGS,HDFC Bank,IN,0,NORMAL_BANKING_FLOW
TX_HDFC_103037,HDFC_ACC_20062,HDFC_ACC_20171,184092.91,2026-01-10 18:59:08,SETTLEMENT,RTGS,HDFC Bank,IN,0,NORMAL_BANKING_FLOW
TX_HDFC_103038,HDFC_ACC_20057,KOTAK_ACC_20062,323679.84,2026-01-10 16:26:24,SETTLEMENT,NEFT,HDFC Bank,IN,0,NORMAL_BANKING_FLOW
TX_HDFC_103039,HDFC_ACC_20207,HDFC_ACC_20003,93059.48,2026-01-10 15:45:02,SETTLEMENT,RTGS,HDFC Bank,IN,0,NORMAL_BANKING_FLOW
TX_HDFC_103040,HDFC_ACC_20005,CANARA_ACC_20214,213785.32,2026-01-10 16:41:27,SETTLEMENT,NEFT,HDFC Bank,IN,0,NORMAL_BANKING_FLOW
TX_HDFC_103041,HDFC_ACC_20141,KOTAK_ACC_20105,525044.23,2026-01-10 19:02:00,SETTLEMENT,RTGS,HDFC Bank,IN,0,NORMAL_BANKING_FLOW
TX_HDFC_103042,HDFC_ACC_20148,HDFC_ACC_20147,318911.93,2026-01-10 15:04:26,SETTLEMENT,RTGS,HDFC Bank,IN,0,NORMAL_BANKING_FLOW
TX_HDFC_103043,HDFC_ACC_20180,INDUS_ACC_20205,140760.56,2026-01-10 18:07:18,SETTLEMENT,RTGS,HDFC Bank,IN,0,NORMAL_BANKING_FLOW
TX_HDFC_103044,HDFC_ACC_20093,KOTAK_ACC_20081,343395.47,2026-01-10 16:15:33,SETTLEMENT,RTGS,HDFC Bank,IN,0,NORMAL_BANKING_FLOW
TX_HDFC_103045,HDFC_ACC_20245,HDFC_ACC_20082,588934.81,2026-01-10 20:29:16,SETTLEMENT,NEFT,HDFC Bank,IN,0,NORMAL_BANKING_FLOW
TX_HDFC_103046,HDFC_ACC_20137,HDFC_ACC_20024,28143.3,2026-01-10 22:50:55,SETTLEMENT,NEFT,HDFC Bank,IN,0,NORMAL_BANKING_FLOW
TX_HDFC_103047,HDFC_ACC_20137,HDFC_ACC_20207,960281.23,2026-01-10 20:02:42,SETTLEMENT,RTGS,HDFC Bank,IN,0,NORMAL_BANKING_FLOW
TX_HDFC_103048,HDFC_ACC_20089,BOB_ACC_20210,185371.98,2026-01-10 21:28:11,SETTLEMENT,NEFT,HDFC Bank,IN,0,NORMAL_BANKING_FLOW
TX_HDFC_103049,HDFC_ACC_20147,CANARA_ACC_20158,428496.96,2026-01-10 15:49:52,SETTLEMENT,RTGS,HDFC Bank,IN,0,NORMAL_BANKING_FLOW
TX_HDFC_103050,HDFC_ACC_20111,HDFC_ACC_20043,1001462.13,2026-01-10 19:08:27,SETTLEMENT,RTGS,HDFC Bank,IN,0,NORMAL_BANKING_FLOW
TX_HDFC_103051,HDFC_ACC_20143,HDFC_ACC_20230,59347.12,2026-01-10 12:46:40,SETTLEMENT,RTGS,HDFC Bank,IN,0,NORMAL_BANKING_FLOW
TX_HDFC_103052,HDFC_ACC_20180,HDFC_ACC_20174,122960.06,2026-01-10 17:44:47,SETTLEMENT,RTGS,HDFC Bank,IN,0,NORMAL_BANKING_FLOW
TX_HDFC_103053,HDFC_ACC_20184,HDFC_ACC_20064,195359.44,2026-01-10 17:45:24,SETTLEMENT,NEFT,HDFC Bank,IN,0,NORMAL_BANKING_FLOW
TX_HDFC_103054,HDFC_ACC_20125,HDFC_ACC_20196,113308.69,2026-01-10 12:47:28,SETTLEMENT,RTGS,HDFC Bank,IN,0,NORMAL_BANKING_FLOW
TX_HDFC_103055,HDFC_ACC_20055,HDFC_ACC_20080,1809263.17,2026-01-10 14:27:22,SETTLEMENT,RTGS,HDFC Bank,IN,0,NORMAL_BANKING_FLOW
TX_HDFC_103056,HDFC_ACC_20077,HDFC_ACC_20146,104563.59,2026-01-10 20:38:15,SETTLEMENT,RTGS,HDFC Bank,IN,0,NORMAL_BANKING_FLOW
TX_HDFC_103057,HDFC_ACC_20036,INDUS_ACC_20220,145640.79,2026-01-10 20:10:32,SETTLEMENT,RTGS,HDFC Bank,IN,0,NORMAL_BANKING_FLOW
TX_HDFC_103058,HDFC_ACC_20013,INDUS_ACC_20150,335987.06,2026-01-10 12:34:15,SETTLEMENT,RTGS,HDFC Bank,IN,0,NORMAL_BANKING_FLOW
TX_HDFC_103059,HDFC_ACC_20018,HDFC_ACC_20136,71513.07,2026-01-10 14:14:36,SETTLEMENT,RTGS,HDFC Bank,IN,0,NORMAL_BANKING_FLOW
TX_HDFC_103060,HDFC_ACC_20187,HDFC_ACC_20153,173642.04,2026-01-10 18:46:59,SETTLEMENT,RTGS,HDFC Bank,IN,0,NORMAL_BANKING_FLOW
TX_HDFC_103061,HDFC_ACC_20007,HDFC_ACC_20127,380483.69,2026-01-10 15:12:40,SETTLEMENT,RTGS,HDFC Bank,IN,0,NORMAL_BANKING_FLOW
TX_HDFC_103062,HDFC_ACC_20024,YES_ACC_20206,186065.41,2026-01-10 14:15:42,SETTLEMENT,NEFT,HDFC Bank,IN,0,NORMAL_BANKING_FLOW
TX_HDFC_103063,HDFC_ACC_20121,HDFC_ACC_20087,242140.75,2026-01-10 18:49:02,SETTLEMENT,NEFT,HDFC Bank,IN,0,NORMAL_BANKING_FLOW
TX_HDFC_103064,HDFC_ACC_20090,HDFC_ACC_20111,149901.65,2026-01-10 15:13:58,SETTLEMENT,NEFT,HDFC Bank,IN,0,NORMAL_BANKING_FLOW
TX_HDFC_103065,HDFC_ACC_20047,HDFC_ACC_20052,50720.36,2026-01-10 16:26:24,SETTLEMENT,RTGS,HDFC Bank,IN,0,NORMAL_BANKING_FLOW
TX_HDFC_103066,HDFC_ACC_20165,HDFC_ACC_20086,382220.34,2026-01-10 15:58:05,SETTLEMENT,NEFT,HDFC Bank,IN,0,NORMAL_BANKING_FLOW
TX_HDFC_103067,HDFC_ACC_20134,HDFC_ACC_20226,1849500.9,2026-01-10 19:20:38,SETTLEMENT,RTGS,HDFC Bank,IN,0,NORMAL_BANKING_FLOW
TX_HDFC_103068,HDFC_ACC_20142,HDFC_ACC_20095,273824.26,2026-01-10 21:45:51,SETTLEMENT,NEFT,HDFC Bank,IN,0,NORMAL_BANKING_FLOW
TX_HDFC_103069,HDFC_ACC_20246,SBI_ACC_20001,343791.46,2026-01-10 14:03:48,SETTLEMENT,NEFT,HDFC Bank,IN,0,NORMAL_BANKING_FLOW
TX_HDFC_103070,HDFC_ACC_20007,INDUS_ACC_20219,574925.09,2026-01-10 17:26:55,SETTLEMENT,NEFT,HDFC Bank,IN,0,NORMAL_BANKING_FLOW
TX_HDFC_103071,HDFC_ACC_20048,HDFC_ACC_20128,66418.87,2026-01-10 13:35:30,SETTLEMENT,RTGS,HDFC Bank,IN,0,NORMAL_BANKING_FLOW
TX_HDFC_103072,HDFC_ACC_20249,HDFC_ACC_20223,1745874.48,2026-01-10 15:17:26,SETTLEMENT,RTGS,HDFC Bank,IN,0,NORMAL_BANKING_FLOW
TX_HDFC_103073,HDFC_ACC_20153,HDFC_ACC_20045,335226.49,2026-01-10 23:02:56,SETTLEMENT,RTGS,HDFC Bank,IN,0,NORMAL_BANKING_FLOW
TX_HDFC_103074,HDFC_ACC_20225,BOB_ACC_20038,1615318.31,2026-01-10 19:25:39,SETTLEMENT,RTGS,HDFC Bank,IN,0,NORMAL_BANKING_FLOW
TX_HDFC_103075,HDFC_ACC_20009,ICICI_ACC_20206,119810.15,2026-01-10 19:26:22,SETTLEMENT,NEFT,HDFC Bank,IN,0,NORMAL_BANKING_FLOW
TX_HDFC_103076,HDFC_ACC_20027,HDFC_ACC_20047,1982497.78,2026-01-10 17:15:50,SETTLEMENT,RTGS,HDFC Bank,IN,0,NORMAL_BANKING_FLOW
TX_HDFC_103077,HDFC_ACC_20230,HDFC_ACC_20049,629493.65,2026-01-10 21:39:12,SETTLEMENT,RTGS,HDFC Bank,IN,0,NORMAL_BANKING_FLOW
TX_HDFC_103078,HDFC_ACC_20156,CANARA_ACC_20237,493039.26,2026-01-10 21:54:41,SETTLEMENT,NEFT,HDFC Bank,IN,0,NORMAL_BANKING_FLOW
TX_HDFC_103079,HDFC_ACC_20099,ICICI_ACC_20171,347120.37,2026-01-10 22:54:06,SETTLEMENT,RTGS,HDFC Bank,IN,0,NORMAL_BANKING_FLOW
TX_HDFC_103080,HDFC_ACC_20063,HDFC_ACC_20061,204151.68,2026-01-10 21:12:30,SETTLEMENT,NEFT,HDFC Bank,IN,0,NORMAL_BANKING_FLOW
TX_HDFC_103081,HDFC_ACC_20103,HDFC_ACC_20015,1005087.16,2026-01-10 20:14:40,SETTLEMENT,NEFT,HDFC Bank,IN,0,NORMAL_BANKING_FLOW
TX_HDFC_103082,HDFC_ACC_20232,HDFC_ACC_20193,313136.93,2026-01-10 20:00:45,SETTLEMENT,RTGS,HDFC Bank,IN,0,NORMAL_BANKING_FLOW
TX_HDFC_103083,HDFC_ACC_20133,HDFC_ACC_20168,30829.38,2026-01-10 21:44:24,SETTLEMENT,NEFT,HDFC Bank,IN,0,NORMAL_BANKING_FLOW
TX_HDFC_103084,HDFC_ACC_20144,HDFC_ACC_20136,78518.92,2026-01-10 17:35:05,SETTLEMENT,RTGS,HDFC Bank,IN,0,NORMAL_BANKING_FLOW
TX_HDFC_103085,HDFC_ACC_20139,HDFC_ACC_20072,218724.82,2026-01-10 20:47:12,SETTLEMENT,NEFT,HDFC Bank,IN,0,NORMAL_BANKING_FLOW
TX_HDFC_103086,HDFC_ACC_20195,HDFC_ACC_20242,377376.59,2026-01-10 17:36:15,SETTLEMENT,NEFT,HDFC Bank,IN,0,NORMAL_BANKING_FLOW
TX_HDFC_103087,HDFC_ACC_20111,HDFC_ACC_20126,252143.25,2026-01-10 22:32:10,SETTLEMENT,RTGS,HDFC Bank,IN,0,NORMAL_BANKING_FLOW
TX_HDFC_103088,HDFC_ACC_20082,HDFC_ACC_20157,1025681.54,2026-01-10 12:56:32,SETTLEMENT,RTGS,HDFC Bank,IN,0,NORMAL_BANKING_FLOW
TX_HDFC_103089,HDFC_ACC_20201,SBI_ACC_20135,31375.67,2026-01-10 18:37:12,SETTLEMENT,NEFT,HDFC Bank,IN,0,NORMAL_BANKING_FLOW
TX_HDFC_103090,HDFC_ACC_20022,HDFC_ACC_20151,314250.82,2026-01-10 13:11:53,SETTLEMENT,NEFT,HDFC Bank,IN,0,NORMAL_BANKING_FLOW
TX_HDFC_103091,HDFC_ACC_20164,HDFC_ACC_20012,36323.6,2026-01-10 21:36:30,SETTLEMENT,RTGS,HDFC Bank,IN,0,NORMAL_BANKING_FLOW
TX_HDFC_103092,HDFC_ACC_20247,HDFC_ACC_20048,618890.43,2026-01-10 21:07:39,SETTLEMENT,NEFT,HDFC Bank,IN,0,NORMAL_BANKING_FLOW
TX_HDFC_103093,HDFC_ACC_20013,YES_ACC_20189,241855.43,2026-01-10 18:10:04,SETTLEMENT,RTGS,HDFC Bank,IN,0,NORMAL_BANKING_FLOW
TX_HDFC_103094,HDFC_ACC_20045,HDFC_ACC_20175,425734.41,2026-01-10 20:39:31,SETTLEMENT,RTGS,HDFC Bank,IN,0,NORMAL_BANKING_FLOW
TX_HDFC_103095,HDFC_ACC_20054,HDFC_ACC_20244,103748.89,2026-01-10 23:39:06,SETTLEMENT,NEFT,HDFC Bank,IN,0,NORMAL_BANKING_FLOW
TX_HDFC_103096,HDFC_ACC_20182,HDFC_ACC_20183,1096256.14,2026-01-10 15:27:50,SETTLEMENT,RTGS,HDFC Bank,IN,0,NORMAL_BANKING_FLOW
TX_HDFC_103097,HDFC_ACC_20146,HDFC_ACC_20003,843991.02,2026-01-10 15:58:08,SETTLEMENT,RTGS,HDFC Bank,IN,0,NORMAL_BANKING_FLOW
TX_HDFC_103098,HDFC_ACC_20052,ICICI_ACC_20236,509863.71,2026-01-10 13:14:09,SETTLEMENT,RTGS,HDFC Bank,IN,0,NORMAL_BANKING_FLOW
TX_HDFC_103099,HDFC_ACC_20061,HDFC_ACC_20235,232705.98,2026-01-10 17:13:54,SETTLEMENT,NEFT,HDFC Bank,IN,0,NORMAL_BANKING_FLOW
TX_HDFC_103100,HDFC_ACC_20099,INDUS_ACC_20234,507800.03,2026-01-10 17:59:24,SETTLEMENT,RTGS,HDFC Bank,IN,0,NORMAL_BANKING_FLOW
TX_HDFC_103101,HDFC_ACC_20036,HDFC_ACC_20160,123305.24,2026-01-10 19:00:00,SETTLEMENT,NEFT,HDFC Bank,IN,0,NORMAL_BANKING_FLOW
TX_HDFC_103102,HDFC_ACC_20236,HDFC_ACC_20146,687702.23,2026-01-10 23:15:57,SETTLEMENT,NEFT,HDFC Bank,IN,0,NORMAL_BANKING_FLOW
TX_HDFC_103103,HDFC_ACC_20160,HDFC_ACC_20241,1646939.02,2026-01-11 00:02:00,SETTLEMENT,RTGS,HDFC Bank,IN,0,NORMAL_BANKING_FLOW
TX_HDFC_103104,HDFC_ACC_20069,HDFC_ACC_20002,871239.0,2026-01-10 23:02:48,SETTLEMENT,RTGS,HDFC Bank,IN,0,NORMAL_BANKING_FLOW
TX_HDFC_103105,HDFC_ACC_20096,HDFC_ACC_20231,120263.12,2026-01-10 19:17:44,SETTLEMENT,RTGS,HDFC Bank,IN,0,NORMAL_BANKING_FLOW
TX_HDFC_103106,HDFC_ACC_20124,HDFC_ACC_20002,399336.24,2026-01-10 15:47:15,SETTLEMENT,RTGS,HDFC Bank,IN,0,NORMAL_BANKING_FLOW
TX_HDFC_103107,HDFC_ACC_20010,HDFC_ACC_20115,64701.8,2026-01-10 22:50:30,SETTLEMENT,RTGS,HDFC Bank,IN,0,NORMAL_BANKING_FLOW
TX_HDFC_103108,HDFC_ACC_20057,HDFC_ACC_20029,503646.21,2026-01-10 14:47:41,SETTLEMENT,RTGS,HDFC Bank,IN,0,NORMAL_BANKING_FLOW
TX_HDFC_103109,HDFC_ACC_20202,HDFC_ACC_20046,440499.13,2026-01-10 14:32:56,SETTLEMENT,NEFT,HDFC Bank,IN,0,NORMAL_BANKING_FLOW
TX_HDFC_103110,HDFC_ACC_20241,YES_ACC_20072,34310.34,2026-01-10 21:22:21,SETTLEMENT,NEFT,HDFC Bank,IN,0,NORMAL_BANKING_FLOW
TX_HDFC_103111,HDFC_ACC_20219,HDFC_ACC_20027,74759.96,2026-01-10 21:23:10,SETTLEMENT,NEFT,HDFC Bank,IN,0,NORMAL_BANKING_FLOW
TX_HDFC_103112,HDFC_ACC_20226,ICICI_ACC_20142,196525.45,2026-01-10 14:34:02,SETTLEMENT,NEFT,HDFC Bank,IN,0,NORMAL_BANKING_FLOW
TX_HDFC_103113,HDFC_ACC_20132,CANARA_ACC_20122,192731.69,2026-01-10 20:39:12,SETTLEMENT,NEFT,HDFC Bank,IN,0,NORMAL_BANKING_FLOW
TX_HDFC_103114,HDFC_ACC_20009,AXIS_ACC_20021,70938.98,2026-01-10 14:19:33,SETTLEMENT,NEFT,HDFC Bank,IN,0,NORMAL_BANKING_FLOW
TX_HDFC_103115,HDFC_ACC_20061,HDFC_ACC_20095,411628.53,2026-01-10 23:58:46,SETTLEMENT,RTGS,HDFC Bank,IN,0,NORMAL_BANKING_FLOW
TX_HDFC_103116,HDFC_ACC_20113,HDFC_ACC_20010,353847.38,2026-01-10 19:55:45,SETTLEMENT,RTGS,HDFC Bank,IN,0,NORMAL_BANKING_FLOW
TX_HDFC_103117,HDFC_ACC_20196,KOTAK_ACC_20185,216707.53,2026-01-10 23:30:12,SETTLEMENT,RTGS,HDFC Bank,IN,0,NORMAL_BANKING_FLOW
TX_HDFC_103118,HDFC_ACC_20003,INDUS_ACC_20220,116848.01,2026-01-10 17:54:55,SETTLEMENT,NEFT,HDFC Bank,IN,0,NORMAL_BANKING_FLOW
TX_HDFC_103119,HDFC_ACC_20089,HDFC_ACC_20231,850498.43,2026-01-10 16:54:18,SETTLEMENT,RTGS,HDFC Bank,IN,0,NORMAL_BANKING_FLOW
TX_HDFC_103120,HDFC_ACC_20097,HDFC_ACC_20074,1657710.22,2026-01-10 23:17:44,SETTLEMENT,NEFT,HDFC Bank,IN,0,NORMAL_BANKING_FLOW
TX_HDFC_103121,HDFC_ACC_20047,HDFC_ACC_20086,157642.07,2026-01-10 21:00:40,SETTLEMENT,NEFT,HDFC Bank,IN,0,NORMAL_BANKING_FLOW
TX_HDFC_103122,HDFC_ACC_20006,ICICI_ACC_20215,136846.67,2026-01-10 23:34:57,SETTLEMENT,RTGS,HDFC Bank,IN,0,NORMAL_BANKING_FLOW
TX_HDFC_103123,HDFC_ACC_20073,HDFC_ACC_20036,460619.88,2026-01-10 16:41:00,SETTLEMENT,RTGS,HDFC Bank,IN,0,NORMAL_BANKING_FLOW
TX_HDFC_103124,HDFC_ACC_20014,HDFC_ACC_20017,180984.68,2026-01-10 21:49:10,SETTLEMENT,RTGS,HDFC Bank,IN,0,NORMAL_BANKING_FLOW
TX_HDFC_103125,HDFC_ACC_20004,HDFC_ACC_20044,230190.63,2026-01-10 19:31:24,SETTLEMENT,RTGS,HDFC Bank,IN,0,NORMAL_BANKING_FLOW
TX_HDFC_103126,HDFC_ACC_20036,KOTAK_ACC_20001,605384.13,2026-01-10 17:59:35,SETTLEMENT,NEFT,HDFC Bank,IN,0,NORMAL_BANKING_FLOW
TX_HDFC_103127,HDFC_ACC_20014,ICICI_ACC_20219,32850.04,2026-01-10 19:01:54,SETTLEMENT,NEFT,HDFC Bank,IN,0,NORMAL_BANKING_FLOW
TX_HDFC_103128,HDFC_ACC_20009,HDFC_ACC_20019,1144104.23,2026-01-10 16:28:03,SETTLEMENT,RTGS,HDFC Bank,IN,0,NORMAL_BANKING_FLOW
TX_HDFC_103129,HDFC_ACC_20233,HDFC_ACC_20146,290671.36,2026-01-10 13:07:28,SETTLEMENT,RTGS,HDFC Bank,IN,0,NORMAL_BANKING_FLOW
TX_HDFC_103130,HDFC_ACC_20175,HDFC_ACC_20115,170647.88,2026-01-10 23:27:04,SETTLEMENT,NEFT,HDFC Bank,IN,0,NORMAL_BANKING_FLOW
TX_HDFC_103131,HDFC_ACC_20156,HDFC_ACC_20163,243249.37,2026-01-10 16:45:00,SETTLEMENT,RTGS,HDFC Bank,IN,0,NORMAL_BANKING_FLOW
TX_HDFC_103132,HDFC_ACC_20230,HDFC_ACC_20137,257473.55,2026-01-10 20:22:44,SETTLEMENT,RTGS,HDFC Bank,IN,0,NORMAL_BANKING_FLOW
TX_HDFC_103133,HDFC_ACC_20073,HDFC_ACC_20044,39961.77,2026-01-10 18:50:16,SETTLEMENT,NEFT,HDFC Bank,IN,0,NORMAL_BANKING_FLOW
TX_HDFC_103134,HDFC_ACC_20225,HDFC_ACC_20189,1389468.77,2026-01-10 19:06:27,SETTLEMENT,RTGS,HDFC Bank,IN,0,NORMAL_BANKING_FLOW
TX_HDFC_103135,HDFC_ACC_20076,HDFC_ACC_20118,280816.92,2026-01-10 13:09:04,SETTLEMENT,RTGS,HDFC Bank,IN,0,NORMAL_BANKING_FLOW
TX_HDFC_103136,HDFC_ACC_20138,YES_ACC_20032,436831.29,2026-01-10 19:38:55,SETTLEMENT,RTGS,HDFC Bank,IN,0,NORMAL_BANKING_FLOW
TX_HDFC_103137,HDFC_ACC_20241,HDFC_ACC_20226,764291.66,2026-01-10 23:18:00,SETTLEMENT,NEFT,HDFC Bank,IN,0,NORMAL_BANKING_FLOW
TX_HDFC_103138,HDFC_ACC_20115,HDFC_ACC_20099,87266.44,2026-01-10 19:40:17,SETTLEMENT,RTGS,HDFC Bank,IN,0,NORMAL_BANKING_FLOW
TX_HDFC_103139,HDFC_ACC_20083,HDFC_ACC_20034,451720.58,2026-01-10 20:27:52,SETTLEMENT,NEFT,HDFC Bank,IN,0,NORMAL_BANKING_FLOW
TX_HDFC_103140,HDFC_ACC_20055,KOTAK_ACC_20242,199904.45,2026-01-10 21:31:12,SETTLEMENT,NEFT,HDFC Bank,IN,0,NORMAL_BANKING_FLOW
TX_HDFC_103141,HDFC_ACC_20093,BOB_ACC_20220,681088.72,2026-01-10 23:53:00,SETTLEMENT,RTGS,HDFC Bank,IN,0,NORMAL_BANKING_FLOW
TX_HDFC_103142,HDFC_ACC_20078,HDFC_ACC_20036,25849.59,2026-01-10 19:43:01,SETTLEMENT,NEFT,HDFC Bank,IN,0,NORMAL_BANKING_FLOW
TX_HDFC_103143,HDFC_ACC_20166,HDFC_ACC_20232,240625.31,2026-01-10 20:46:30,SETTLEMENT,NEFT,HDFC Bank,IN,0,NORMAL_BANKING_FLOW
TX_HDFC_103144,HDFC_ACC_20051,HDFC_ACC_20142,138260.83,2026-01-10 23:08:42,SETTLEMENT,RTGS,HDFC Bank,IN,0,NORMAL_BANKING_FLOW
TX_HDFC_103145,HDFC_ACC_20239,HDFC_ACC_20046,431701.32,2026-01-10 15:33:20,SETTLEMENT,RTGS,HDFC Bank,IN,0,NORMAL_BANKING_FLOW
TX_HDFC_103146,HDFC_ACC_20052,HDFC_ACC_20171,450020.59,2026-01-10 20:17:15,SETTLEMENT,NEFT,HDFC Bank,IN,0,NORMAL_BANKING_FLOW
TX_HDFC_103147,HDFC_ACC_20190,HDFC_ACC_20197,123205.81,2026-01-10 15:49:56,SETTLEMENT,NEFT,HDFC Bank,IN,0,NORMAL_BANKING_FLOW
TX_HDFC_103148,HDFC_ACC_20147,KOTAK_ACC_20038,122590.98,2026-01-10 15:18:48,SETTLEMENT,RTGS,HDFC Bank,IN,0,NORMAL_BANKING_FLOW
TX_HDFC_103149,HDFC_ACC_20062,AXIS_ACC_20195,237582.0,2026-01-10 19:47:48,SETTLEMENT,NEFT,HDFC Bank,IN,0,NORMAL_BANKING_FLOW
TX_HDFC_103150,HDFC_ACC_20238,BOB_ACC_20188,100076.84,2026-01-10 21:07:34,SETTLEMENT,NEFT,HDFC Bank,IN,0,NORMAL_BANKING_FLOW
TX_HDFC_103151,HDFC_ACC_20173,HDFC_ACC_20016,677511.68,2026-01-10 23:30:50,SETTLEMENT,RTGS,HDFC Bank,IN,0,NORMAL_BANKING_FLOW
TX_HDFC_103152,HDFC_ACC_20235,SBI_ACC_20084,178772.99,2026-01-10 14:17:00,SETTLEMENT,NEFT,HDFC Bank,IN,0,NORMAL_BANKING_FLOW
TX_HDFC_103153,HDFC_ACC_20230,HDFC_ACC_20190,10963.35,2026-01-10 14:17:20,SETTLEMENT,NEFT,HDFC Bank,IN,0,NORMAL_BANKING_FLOW
TX_HDFC_103154,HDFC_ACC_20078,INDUS_ACC_20159,177672.23,2026-01-10 15:21:12,SETTLEMENT,RTGS,HDFC Bank,IN,0,NORMAL_BANKING_FLOW
TX_HDFC_103155,HDFC_ACC_20212,HDFC_ACC_20086,85613.8,2026-01-10 18:16:30,SETTLEMENT,RTGS,HDFC Bank,IN,0,NORMAL_BANKING_FLOW
TX_HDFC_103156,HDFC_ACC_20077,HDFC_ACC_20144,44604.79,2026-01-11 00:55:00,SETTLEMENT,NEFT,HDFC Bank,IN,0,NORMAL_BANKING_FLOW
TX_HDFC_103157,HDFC_ACC_20038,HDFC_ACC_20030,68791.17,2026-01-10 15:38:20,SETTLEMENT,RTGS,HDFC Bank,IN,0,NORMAL_BANKING_FLOW
TX_HDFC_103158,HDFC_ACC_20104,HDFC_ACC_20142,302655.15,2026-01-10 22:01:33,SETTLEMENT,RTGS,HDFC Bank,IN,0,NORMAL_BANKING_FLOW
TX_HDFC_103159,HDFC_ACC_20071,HDFC_ACC_20232,1157189.65,2026-01-10 23:38:10,SETTLEMENT,RTGS,HDFC Bank,IN,0,NORMAL_BANKING_FLOW
TX_HDFC_103160,HDFC_ACC_20169,CANARA_ACC_20024,378701.25,2026-01-10 16:59:30,SETTLEMENT,RTGS,HDFC Bank,IN,0,NORMAL_BANKING_FLOW
TX_HDFC_103161,HDFC_ACC_20097,HDFC_ACC_20123,137701.87,2026-01-10 13:32:00,SETTLEMENT,NEFT,HDFC Bank,IN,0,NORMAL_BANKING_FLOW
TX_HDFC_103162,HDFC_ACC_20150,HDFC_ACC_20210,443075.12,2026-01-10 15:40:25,SETTLEMENT,RTGS,HDFC Bank,IN,0,NORMAL_BANKING_FLOW
TX_HDFC_103163,HDFC_ACC_20149,HDFC_ACC_20114,161943.16,2026-01-10 19:09:16,SETTLEMENT,RTGS,HDFC Bank,IN,0,NORMAL_BANKING_FLOW
TX_HDFC_103164,HDFC_ACC_20242,HDFC_ACC_20088,124983.82,2026-01-10 13:16:48,SETTLEMENT,RTGS,HDFC Bank,IN,0,NORMAL_BANKING_FLOW
TX_HDFC_103165,HDFC_ACC_20226,HDFC_ACC_20045,75372.75,2026-01-10 18:38:24,SETTLEMENT,RTGS,HDFC Bank,IN,0,NORMAL_BANKING_FLOW
TX_HDFC_103166,HDFC_ACC_20173,HDFC_ACC_20038,39065.24,2026-01-10 15:09:55,SETTLEMENT,RTGS,HDFC Bank,IN,0,NORMAL_BANKING_FLOW
TX_HDFC_103167,HDFC_ACC_20202,KOTAK_ACC_20246,174745.15,2026-01-10 14:54:12,SETTLEMENT,RTGS,HDFC Bank,IN,0,NORMAL_BANKING_FLOW
TX_HDFC_103168,HDFC_ACC_20182,ICICI_ACC_20090,319291.21,2026-01-10 23:46:25,SETTLEMENT,NEFT,HDFC Bank,IN,0,NORMAL_BANKING_FLOW
TX_HDFC_103169,HDFC_ACC_20126,HDFC_ACC_20229,241280.14,2026-01-10 23:15:04,SETTLEMENT,RTGS,HDFC Bank,IN,0,NORMAL_BANKING_FLOW
TX_HDFC_103170,HDFC_ACC_20043,HDFC_ACC_20065,169810.16,2026-01-10 22:59:48,SETTLEMENT,RTGS,HDFC Bank,IN,0,NORMAL_BANKING_FLOW
TX_HDFC_103171,HDFC_ACC_20133,SBI_ACC_20125,94814.66,2026-01-10 16:16:30,SETTLEMENT,RTGS,HDFC Bank,IN,0,NORMAL_BANKING_FLOW
TX_HDFC_103172,HDFC_ACC_20013,HDFC_ACC_20180,523907.7,2026-01-10 18:26:25,SETTLEMENT,RTGS,HDFC Bank,IN,0,NORMAL_BANKING_FLOW
TX_HDFC_103173,HDFC_ACC_20110,HDFC_ACC_20069,63016.69,2026-01-10 18:10:48,SETTLEMENT,NEFT,HDFC Bank,IN,0,NORMAL_BANKING_FLOW
TX_HDFC_103174,HDFC_ACC_20020,HDFC_ACC_20008,630098.04,2026-01-11 00:24:21,SETTLEMENT,RTGS,HDFC Bank,IN,0,NORMAL_BANKING_FLOW
TX_HDFC_103175,HDFC_ACC_20237,HDFC_ACC_20188,89104.16,2026-01-10 15:13:22,SETTLEMENT,RTGS,HDFC Bank,IN,0,NORMAL_BANKING_FLOW
TX_HDFC_103176,HDFC_ACC_20097,HDFC_ACC_20121,117280.2,2026-01-10 22:48:45,SETTLEMENT,NEFT,HDFC Bank,IN,0,NORMAL_BANKING_FLOW
TX_HDFC_103177,HDFC_ACC_20177,HDFC_ACC_20179,53451.84,2026-01-10 19:34:24,SETTLEMENT,NEFT,HDFC Bank,IN,0,NORMAL_BANKING_FLOW
TX_HDFC_103178,HDFC_ACC_20205,HDFC_ACC_20200,154578.55,2026-01-10 19:35:03,SETTLEMENT,NEFT,HDFC Bank,IN,0,NORMAL_BANKING_FLOW
TX_HDFC_103179,HDFC_ACC_20087,HDFC_ACC_20089,784532.83,2026-01-10 20:24:36,SETTLEMENT,RTGS,HDFC Bank,IN,0,NORMAL_BANKING_FLOW
TX_HDFC_103180,HDFC_ACC_20125,HDFC_ACC_20021,473160.96,2026-01-10 17:25:49,SETTLEMENT,RTGS,HDFC Bank,IN,0,NORMAL_BANKING_FLOW
TX_HDFC_103181,HDFC_ACC_20021,INDUS_ACC_20220,787221.02,2026-01-10 20:42:20,SETTLEMENT,RTGS,HDFC Bank,IN,0,NORMAL_BANKING_FLOW
TX_HDFC_103182,HDFC_ACC_20005,ICICI_ACC_20062,476563.76,2026-01-10 21:48:27,SETTLEMENT,RTGS,HDFC Bank,IN,0,NORMAL_BANKING_FLOW
TX_HDFC_103183,HDFC_ACC_20016,HDFC_ACC_20206,79695.08,2026-01-10 14:10:58,SETTLEMENT,NEFT,HDFC Bank,IN,0,NORMAL_BANKING_FLOW
TX_HDFC_103184,HDFC_ACC_20221,HDFC_ACC_20185,186489.81,2026-01-10 17:11:30,SETTLEMENT,RTGS,HDFC Bank,IN,0,NORMAL_BANKING_FLOW
TX_HDFC_103185,HDFC_ACC_20087,ICICI_ACC_20039,113752.57,2026-01-10 13:06:00,SETTLEMENT,RTGS,HDFC Bank,IN,0,NORMAL_BANKING_FLOW
TX_HDFC_103186,HDFC_ACC_20223,INDUS_ACC_20201,1159654.18,2026-01-10 23:13:40,SETTLEMENT,RTGS,HDFC Bank,IN,0,NORMAL_BANKING_FLOW
TX_HDFC_103187,HDFC_ACC_20031,HDFC_ACC_20036,71936.03,2026-01-11 00:36:42,SETTLEMENT,NEFT,HDFC Bank,IN,0,NORMAL_BANKING_FLOW
TX_HDFC_103188,HDFC_ACC_20237,HDFC_ACC_20023,717169.47,2026-01-10 16:24:09,SETTLEMENT,RTGS,HDFC Bank,IN,0,NORMAL_BANKING_FLOW
TX_HDFC_103189,HDFC_ACC_20000,HDFC_ACC_20176,716582.93,2026-01-11 01:28:00,SETTLEMENT,RTGS,HDFC Bank,IN,0,NORMAL_BANKING_FLOW
TX_HDFC_103190,HDFC_ACC_20183,HDFC_ACC_20082,2007864.39,2026-01-10 16:58:01,SETTLEMENT,NEFT,HDFC Bank,IN,0,NORMAL_BANKING_FLOW
TX_HDFC_103191,HDFC_ACC_20121,CANARA_ACC_20154,170987.33,2026-01-11 00:07:30,SETTLEMENT,RTGS,HDFC Bank,IN,0,NORMAL_BANKING_FLOW
TX_HDFC_103192,HDFC_ACC_20073,SBI_ACC_20113,587454.68,2026-01-11 01:31:00,SETTLEMENT,NEFT,HDFC Bank,IN,0,NORMAL_BANKING_FLOW
TX_HDFC_103193,HDFC_ACC_20020,HDFC_ACC_20051,3301267.42,2026-01-10 16:09:52,SETTLEMENT,RTGS,HDFC Bank,IN,0,NORMAL_BANKING_FLOW
TX_HDFC_103194,HDFC_ACC_20138,HDFC_ACC_20048,136025.03,2026-01-10 17:33:03,SETTLEMENT,NEFT,HDFC Bank,IN,0,NORMAL_BANKING_FLOW
TX_HDFC_103195,HDFC_ACC_20194,HDFC_ACC_20047,49585.6,2026-01-11 01:17:26,SETTLEMENT,NEFT,HDFC Bank,IN,0,NORMAL_BANKING_FLOW
TX_HDFC_103196,HDFC_ACC_20058,HDFC_ACC_20163,33927.76,2026-01-10 18:40:25,SETTLEMENT,RTGS,HDFC Bank,IN,0,NORMAL_BANKING_FLOW
TX_HDFC_103197,HDFC_ACC_20105,HDFC_ACC_20073,587706.66,2026-01-10 23:23:12,SETTLEMENT,NEFT,HDFC Bank,IN,0,NORMAL_BANKING_FLOW
TX_HDFC_103198,HDFC_ACC_20211,HDFC_ACC_20061,33810.77,2026-01-10 16:45:16,SETTLEMENT,RTGS,HDFC Bank,IN,0,NORMAL_BANKING_FLOW
TX_HDFC_103199,HDFC_ACC_20227,PNB_ACC_20072,178162.09,2026-01-10 22:18:24,SETTLEMENT,NEFT,HDFC Bank,IN,0,NORMAL_BANKING_FLOW
TX_HDFC_103200,HDFC_ACC_20016,HDFC_ACC_20232,434106.21,2026-01-10 15:56:15,SETTLEMENT,NEFT,HDFC Bank,IN,0,NORMAL_BANKING_FLOW
TX_HDFC_103201,HDFC_ACC_20209,HDFC_ACC_20172,328960.54,2026-01-10 14:00:00,SETTLEMENT,RTGS,HDFC Bank,IN,0,NORMAL_BANKING_FLOW
TX_HDFC_103202,HDFC_ACC_20190,HDFC_ACC_20081,428475.72,2026-01-11 01:41:00,SETTLEMENT,RTGS,HDFC Bank,IN,0,NORMAL_BANKING_FLOW
TX_HDFC_103203,HDFC_ACC_20234,HDFC_ACC_20174,342668.52,2026-01-10 23:28:24,SETTLEMENT,RTGS,HDFC Bank,IN,0,NORMAL_BANKING_FLOW
TX_HDFC_103204,HDFC_ACC_20016,HDFC_ACC_20187,1095533.91,2026-01-10 23:45:59,SETTLEMENT,RTGS,HDFC Bank,IN,0,NORMAL_BANKING_FLOW
TX_HDFC_103205,HDFC_ACC_20190,INDUS_ACC_20127,94131.87,2026-01-10 18:45:40,SETTLEMENT,RTGS,HDFC Bank,IN,0,NORMAL_BANKING_FLOW
TX_HDFC_103206,HDFC_ACC_20080,HDFC_ACC_20191,127427.82,2026-01-10 18:29:30,SETTLEMENT,RTGS,HDFC Bank,IN,0,NORMAL_BANKING_FLOW
TX_HDFC_103207,HDFC_ACC_20043,HDFC_ACC_20091,114699.92,2026-01-10 16:32:42,SETTLEMENT,NEFT,HDFC Bank,IN,0,NORMAL_BANKING_FLOW
TX_HDFC_103208,HDFC_ACC_20118,HDFC_ACC_20204,668780.37,2026-01-10 20:28:07,SETTLEMENT,RTGS,HDFC Bank,IN,0,NORMAL_BANKING_FLOW
TX_HDFC_103209,HDFC_ACC_20230,HDFC_ACC_20039,722475.25,2026-01-10 20:12:00,SETTLEMENT,RTGS,HDFC Bank,IN,0,NORMAL_BANKING_FLOW
TX_HDFC_103210,HDFC_ACC_20098,HDFC_ACC_20006,440800.58,2026-01-10 15:43:36,SETTLEMENT,RTGS,HDFC Bank,IN,0,NORMAL_BANKING_FLOW
TX_HDFC_103211,HDFC_ACC_20097,AXIS_ACC_20102,986425.45,2026-01-10 15:27:10,SETTLEMENT,RTGS,HDFC Bank,IN,0,NORMAL_BANKING_FLOW
TX_HDFC_103212,HDFC_ACC_20202,AXIS_ACC_20038,73434.93,2026-01-10 19:40:18,SETTLEMENT,NEFT,HDFC Bank,IN,0,NORMAL_BANKING_FLOW
TX_HDFC_103213,HDFC_ACC_20055,HDFC_ACC_20101,1679398.96,2026-01-10 23:37:04,SETTLEMENT,RTGS,HDFC Bank,IN,0,NORMAL_BANKING_FLOW
TX_HDFC_103214,HDFC_ACC_20086,HDFC_ACC_20128,1433403.84,2026-01-10 21:39:45,SETTLEMENT,NEFT,HDFC Bank,IN,0,NORMAL_BANKING_FLOW
TX_HDFC_103215,HDFC_ACC_20212,BOB_ACC_20071,602705.64,2026-01-10 20:16:00,SETTLEMENT,NEFT,HDFC Bank,IN,0,NORMAL_BANKING_FLOW
TX_HDFC_103216,HDFC_ACC_20155,YES_ACC_20111,1904973.77,2026-01-10 17:10:35,SETTLEMENT,NEFT,HDFC Bank,IN,0,NORMAL_BANKING_FLOW
TX_HDFC_103217,HDFC_ACC_20170,HDFC_ACC_20247,43378.29,2026-01-10 16:03:20,SETTLEMENT,RTGS,HDFC Bank,IN,0,NORMAL_BANKING_FLOW
TX_HDFC_103218,HDFC_ACC_20082,PNB_ACC_20036,150709.14,2026-01-10 14:55:57,SETTLEMENT,NEFT,HDFC Bank,IN,0,NORMAL_BANKING_FLOW
TX_HDFC_103219,HDFC_ACC_20126,YES_ACC_20125,119511.3,2026-01-10 17:29:00,SETTLEMENT,RTGS,HDFC Bank,IN,0,NORMAL_BANKING_FLOW
TX_HDFC_103220,HDFC_ACC_20161,HDFC_ACC_20162,593401.94,2026-01-10 13:14:45,SETTLEMENT,RTGS,HDFC Bank,IN,0,NORMAL_BANKING_FLOW
TX_HDFC_103221,HDFC_ACC_20109,HDFC_ACC_20154,84528.6,2026-01-10 18:38:00,SETTLEMENT,RTGS,HDFC Bank,IN,0,NORMAL_BANKING_FLOW
TX_HDFC_103222,HDFC_ACC_20087,AXIS_ACC_20094,617382.88,2026-01-10 15:31:23,SETTLEMENT,RTGS,HDFC Bank,IN,0,NORMAL_BANKING_FLOW
TX_HDFC_103223,HDFC_ACC_20016,HDFC_ACC_20095,1211766.49,2026-01-10 23:28:42,SETTLEMENT,RTGS,HDFC Bank,IN,0,NORMAL_BANKING_FLOW
TX_HDFC_103224,HDFC_ACC_20241,HDFC_ACC_20059,576495.72,2026-01-10 20:39:03,SETTLEMENT,NEFT,HDFC Bank,IN,0,NORMAL_BANKING_FLOW
TX_HDFC_103225,HDFC_ACC_20230,PNB_ACC_20142,366636.48,2026-01-10 18:57:20,SETTLEMENT,RTGS,HDFC Bank,IN,0,NORMAL_BANKING_FLOW
TX_HDFC_103226,HDFC_ACC_20084,HDFC_ACC_20231,90521.2,2026-01-10 19:15:00,SETTLEMENT,RTGS,HDFC Bank,IN,0,NORMAL_BANKING_FLOW
TX_HDFC_103227,HDFC_ACC_20200,HDFC_ACC_20249,105710.97,2026-01-10 15:33:18,SETTLEMENT,RTGS,HDFC Bank,IN,0,NORMAL_BANKING_FLOW
TX_HDFC_103228,HDFC_ACC_20156,HDFC_ACC_20210,1060849.75,2026-01-10 17:16:23,SETTLEMENT,RTGS,HDFC Bank,IN,0,NORMAL_BANKING_FLOW
TX_HDFC_103229,HDFC_ACC_20120,INDUS_ACC_20130,632404.12,2026-01-10 17:34:00,SETTLEMENT,RTGS,HDFC Bank,IN,0,NORMAL_BANKING_FLOW
TX_HDFC_103230,HDFC_ACC_20037,HDFC_ACC_20020,257063.53,2026-01-10 15:00:09,SETTLEMENT,NEFT,HDFC Bank,IN,0,NORMAL_BANKING_FLOW
TX_HDFC_103231,HDFC_ACC_20154,PNB_ACC_20017,169447.68,2026-01-10 22:44:00,SETTLEMENT,RTGS,HDFC Bank,IN,0,NORMAL_BANKING_FLOW
TX_HDFC_103232,HDFC_ACC_20049,PNB_ACC_20182,28900.42,2026-01-10 21:18:53,SETTLEMENT,NEFT,HDFC Bank,IN,0,NORMAL_BANKING_FLOW
TX_HDFC_103233,HDFC_ACC_20199,HDFC_ACC_20063,82624.57,2026-01-10 15:52:48,SETTLEMENT,NEFT,HDFC Bank,IN,0,NORMAL_BANKING_FLOW
TX_HDFC_103234,HDFC_ACC_20083,HDFC_ACC_20159,2196906.95,2026-01-10 17:19:17,SETTLEMENT,RTGS,HDFC Bank,IN,0,NORMAL_BANKING_FLOW
TX_HDFC_103235,HDFC_ACC_20200,HDFC_ACC_20081,65611.01,2026-01-10 21:55:30,SETTLEMENT,RTGS,HDFC Bank,IN,0,NORMAL_BANKING_FLOW
TX_HDFC_103236,HDFC_ACC_20154,KOTAK_ACC_20210,330521.77,2026-01-10 22:13:30,SETTLEMENT,RTGS,HDFC Bank,IN,0,NORMAL_BANKING_FLOW
TX_HDFC_103237,HDFC_ACC_20236,HDFC_ACC_20030,812757.75,2026-01-11 01:06:56,SETTLEMENT,NEFT,HDFC Bank,IN,0,NORMAL_BANKING_FLOW
TX_HDFC_103238,HDFC_ACC_20188,BOB_ACC_20204,67479.9,2026-01-10 18:30:21,SETTLEMENT,RTGS,HDFC Bank,IN,0,NORMAL_BANKING_FLOW
TX_HDFC_103239,HDFC_ACC_20202,HDFC_ACC_20179,328792.3,2026-01-10 22:33:06,SETTLEMENT,NEFT,HDFC Bank,IN,0,NORMAL_BANKING_FLOW
TX_HDFC_103240,HDFC_ACC_20052,HDFC_ACC_20006,752914.6,2026-01-10 13:19:45,SETTLEMENT,NEFT,HDFC Bank,IN,0,NORMAL_BANKING_FLOW
TX_HDFC_103241,HDFC_ACC_20195,HDFC_ACC_20094,272052.2,2026-01-10 13:37:20,SETTLEMENT,RTGS,HDFC Bank,IN,0,NORMAL_BANKING_FLOW
TX_HDFC_103242,HDFC_ACC_20037,HDFC_ACC_20098,4500000.0,2026-01-10 21:43:24,SETTLEMENT,RTGS,HDFC Bank,IN,0,NORMAL_BANKING_FLOW
TX_HDFC_103243,HDFC_ACC_20113,ICICI_ACC_20239,42810.59,2026-01-10 23:28:20,SETTLEMENT,NEFT,HDFC Bank,IN,0,NORMAL_BANKING_FLOW
TX_HDFC_103244,HDFC_ACC_20050,CANARA_ACC_20072,859925.8,2026-01-10 18:16:16,SETTLEMENT,RTGS,HDFC Bank,IN,0,NORMAL_BANKING_FLOW
TX_HDFC_103245,HDFC_ACC_20082,ICICI_ACC_20013,221885.79,2026-01-10 16:15:00,SETTLEMENT,RTGS,HDFC Bank,IN,0,NORMAL_BANKING_FLOW
TX_HDFC_103246,HDFC_ACC_20094,HDFC_ACC_20213,627257.34,2026-01-10 19:09:35,SETTLEMENT,RTGS,HDFC Bank,IN,0,NORMAL_BANKING_FLOW
TX_HDFC_103247,HDFC_ACC_20160,HDFC_ACC_20082,436017.59,2026-01-10 20:19:54,SETTLEMENT,RTGS,HDFC Bank,IN,0,NORMAL_BANKING_FLOW
TX_HDFC_103248,HDFC_ACC_20156,SBI_ACC_20164,119793.92,2026-01-10 20:38:00,SETTLEMENT,NEFT,HDFC Bank,IN,0,NORMAL_BANKING_FLOW
TX_HDFC_103249,HDFC_ACC_20193,HDFC_ACC_20227,345205.8,2026-01-10 18:36:24,SETTLEMENT,NEFT,HDFC Bank,IN,0,NORMAL_BANKING_FLOW
TX_HDFC_103250,HDFC_ACC_20183,CANARA_ACC_20016,34762.98,2026-01-10 22:41:43,SETTLEMENT,NEFT,HDFC Bank,IN,0,NORMAL_BANKING_FLOW
TX_HDFC_103251,HDFC_ACC_20026,HDFC_ACC_20241,521034.87,2026-01-10 14:32:30,SETTLEMENT,NEFT,HDFC Bank,IN,0,NORMAL_BANKING_FLOW
TX_HDFC_103252,HDFC_ACC_20193,HDFC_ACC_20091,372493.29,2026-01-11 02:31:00,SETTLEMENT,NEFT,HDFC Bank,IN,0,NORMAL_BANKING_FLOW
TX_HDFC_103253,HDFC_ACC_20087,CANARA_ACC_20102,541731.72,2026-01-10 19:31:12,SETTLEMENT,NEFT,HDFC Bank,IN,0,NORMAL_BANKING_FLOW
TX_HDFC_103254,HDFC_ACC_20106,HDFC_ACC_20101,859348.79,2026-01-10 23:19:57,SETTLEMENT,NEFT,HDFC Bank,IN,0,NORMAL_BANKING_FLOW
TX_HDFC_103255,HDFC_ACC_20210,HDFC_ACC_20053,402070.14,2026-01-11 02:16:26,SETTLEMENT,NEFT,HDFC Bank,IN,0,NORMAL_BANKING_FLOW
TX_HDFC_103256,HDFC_ACC_20195,PNB_ACC_20058,315810.73,2026-01-10 21:36:05,SETTLEMENT,NEFT,HDFC Bank,IN,0,NORMAL_BANKING_FLOW
TX_HDFC_103257,HDFC_ACC_20174,HDFC_ACC_20013,101806.05,2026-01-10 17:48:00,SETTLEMENT,NEFT,HDFC Bank,IN,0,NORMAL_BANKING_FLOW
TX_HDFC_103258,HDFC_ACC_20057,HDFC_ACC_20010,122584.66,2026-01-11 01:26:32,SETTLEMENT,RTGS,HDFC Bank,IN,0,NORMAL_BANKING_FLOW
TX_HDFC_103259,HDFC_ACC_20243,HDFC_ACC_20222,989948.38,2026-01-10 17:31:22,SETTLEMENT,RTGS,HDFC Bank,IN,0,NORMAL_BANKING_FLOW
TX_HDFC_103260,HDFC_ACC_20082,HDFC_ACC_20163,1302725.21,2026-01-10 15:45:57,SETTLEMENT,RTGS,HDFC Bank,IN,0,NORMAL_BANKING_FLOW
TX_HDFC_103261,HDFC_ACC_20130,CANARA_ACC_20006,206504.71,2026-01-11 01:47:00,SETTLEMENT,NEFT,HDFC Bank,IN,0,NORMAL_BANKING_FLOW
TX_HDFC_103262,HDFC_ACC_20106,HDFC_ACC_20010,282265.39,2026-01-11 01:47:57,SETTLEMENT,RTGS,HDFC Bank,IN,0,NORMAL_BANKING_FLOW
TX_HDFC_103263,HDFC_ACC_20053,HDFC_ACC_20126,99203.06,2026-01-10 16:57:54,SETTLEMENT,RTGS,HDFC Bank,IN,0,NORMAL_BANKING_FLOW
TX_HDFC_103264,HDFC_ACC_20020,HDFC_ACC_20095,974843.8,2026-01-10 13:25:45,SETTLEMENT,NEFT,HDFC Bank,IN,0,NORMAL_BANKING_FLOW
TX_HDFC_103265,HDFC_ACC_20042,HDFC_ACC_20038,557913.11,2026-01-10 22:53:28,SETTLEMENT,RTGS,HDFC Bank,IN,0,NORMAL_BANKING_FLOW
TX_HDFC_103266,HDFC_ACC_20160,PNB_ACC_20068,2270110.76,2026-01-10 23:29:45,SETTLEMENT,NEFT,HDFC Bank,IN,0,NORMAL_BANKING_FLOW
TX_HDFC_103267,HDFC_ACC_20099,HDFC_ACC_20051,102113.95,2026-01-10 23:48:20,SETTLEMENT,NEFT,HDFC Bank,IN,0,NORMAL_BANKING_FLOW
TX_HDFC_103268,HDFC_ACC_20050,HDFC_ACC_20067,177050.68,2026-01-11 00:42:31,SETTLEMENT,NEFT,HDFC Bank,IN,0,NORMAL_BANKING_FLOW
TX_HDFC_103269,HDFC_ACC_20073,HDFC_ACC_20115,346137.2,2026-01-10 20:52:00,SETTLEMENT,NEFT,HDFC Bank,IN,0,NORMAL_BANKING_FLOW
TX_HDFC_103270,HDFC_ACC_20171,HDFC_ACC_20103,546417.43,2026-01-11 00:44:17,SETTLEMENT,RTGS,HDFC Bank,IN,0,NORMAL_BANKING_FLOW
TX_HDFC_103271,HDFC_ACC_20010,HDFC_ACC_20028,211666.16,2026-01-10 17:19:20,SETTLEMENT,NEFT,HDFC Bank,IN,0,NORMAL_BANKING_FLOW
TX_HDFC_103272,HDFC_ACC_20145,PNB_ACC_20213,102718.02,2026-01-10 17:19:48,SETTLEMENT,NEFT,HDFC Bank,IN,0,NORMAL_BANKING_FLOW
TX_HDFC_103273,HDFC_ACC_20226,HDFC_ACC_20077,707539.18,2026-01-11 02:34:08,SETTLEMENT,RTGS,HDFC Bank,IN,0,NORMAL_BANKING_FLOW
TX_HDFC_103274,HDFC_ACC_20165,HDFC_ACC_20145,593177.46,2026-01-10 20:19:34,SETTLEMENT,RTGS,HDFC Bank,IN,0,NORMAL_BANKING_FLOW
TX_HDFC_103275,HDFC_ACC_20006,HDFC_ACC_20056,97938.84,2026-01-10 18:14:54,SETTLEMENT,NEFT,HDFC Bank,IN,0,NORMAL_BANKING_FLOW
TX_HDFC_103276,HDFC_ACC_20052,HDFC_ACC_20185,1191814.01,2026-01-10 16:45:50,SETTLEMENT,RTGS,HDFC Bank,IN,0,NORMAL_BANKING_FLOW
TX_HDFC_103277,HDFC_ACC_20117,AXIS_ACC_20235,972104.49,2026-01-10 20:39:24,SETTLEMENT,RTGS,HDFC Bank,IN,0,NORMAL_BANKING_FLOW
TX_HDFC_103278,HDFC_ACC_20152,HDFC_ACC_20171,311055.35,2026-01-10 22:45:42,SETTLEMENT,RTGS,HDFC Bank,IN,0,NORMAL_BANKING_FLOW
TX_HDFC_103279,HDFC_ACC_20027,SBI_ACC_20158,292891.54,2026-01-10 17:59:00,SETTLEMENT,NEFT,HDFC Bank,IN,0,NORMAL_BANKING_FLOW
TX_HDFC_103280,HDFC_ACC_20242,HDFC_ACC_20000,493591.51,2026-01-10 14:23:42,SETTLEMENT,RTGS,HDFC Bank,IN,0,NORMAL_BANKING_FLOW
TX_HDFC_103281,HDFC_ACC_20186,HDFC_ACC_20040,103997.97,2026-01-10 19:12:00,SETTLEMENT,RTGS,HDFC Bank,IN,0,NORMAL_BANKING_FLOW
TX_HDFC_103282,HDFC_ACC_20055,HDFC_ACC_20249,277349.75,2026-01-10 15:18:21,SETTLEMENT,NEFT,HDFC Bank,IN,0,NORMAL_BANKING_FLOW
TX_HDFC_103283,HDFC_ACC_20095,HDFC_ACC_20107,25144.09,2026-01-10 21:37:24,SETTLEMENT,RTGS,HDFC Bank,IN,0,NORMAL_BANKING_FLOW
TX_HDFC_103284,HDFC_ACC_20197,HDFC_ACC_20030,703695.64,2026-01-11 01:50:48,SETTLEMENT,NEFT,HDFC Bank,IN,0,NORMAL_BANKING_FLOW
TX_HDFC_103285,HDFC_ACC_20116,KOTAK_ACC_20030,48163.53,2026-01-10 19:14:16,SETTLEMENT,NEFT,HDFC Bank,IN,0,NORMAL_BANKING_FLOW
TX_HDFC_103286,HDFC_ACC_20174,CANARA_ACC_20044,1402492.84,2026-01-11 01:34:35,SETTLEMENT,RTGS,HDFC Bank,IN,0,NORMAL_BANKING_FLOW
TX_HDFC_103287,HDFC_ACC_20185,HDFC_ACC_20223,186627.12,2026-01-10 13:31:30,SETTLEMENT,NEFT,HDFC Bank,IN,0,NORMAL_BANKING_FLOW
TX_HDFC_103288,HDFC_ACC_20069,HDFC_ACC_20180,212599.7,2026-01-11 00:42:04,SETTLEMENT,RTGS,HDFC Bank,IN,0,NORMAL_BANKING_FLOW
TX_HDFC_103289,HDFC_ACC_20187,HDFC_ACC_20055,134523.3,2026-01-11 00:24:48,SETTLEMENT,RTGS,HDFC Bank,IN,0,NORMAL_BANKING_FLOW
TX_HDFC_103290,HDFC_ACC_20096,HDFC_ACC_20128,195469.03,2026-01-10 14:44:51,SETTLEMENT,NEFT,HDFC Bank,IN,0,NORMAL_BANKING_FLOW
TX_HDFC_103291,HDFC_ACC_20105,HDFC_ACC_20003,1277460.24,2026-01-10 21:43:00,SETTLEMENT,RTGS,HDFC Bank,IN,0,NORMAL_BANKING_FLOW
TX_HDFC_103292,HDFC_ACC_20168,HDFC_ACC_20198,17385.82,2026-01-11 00:27:21,SETTLEMENT,RTGS,HDFC Bank,IN,0,NORMAL_BANKING_FLOW
TX_HDFC_103293,HDFC_ACC_20184,HDFC_ACC_20206,1093246.12,2026-01-10 18:42:24,SETTLEMENT,RTGS,HDFC Bank,IN,0,NORMAL_BANKING_FLOW
TX_HDFC_103294,HDFC_ACC_20069,KOTAK_ACC_20060,389191.13,2026-01-10 18:42:56,SETTLEMENT,NEFT,HDFC Bank,IN,0,NORMAL_BANKING_FLOW
TX_HDFC_103295,HDFC_ACC_20000,SBI_ACC_20223,71130.83,2026-01-11 02:55:46,SETTLEMENT,RTGS,HDFC Bank,IN,0,NORMAL_BANKING_FLOW
TX_HDFC_103296,HDFC_ACC_20111,HDFC_ACC_20180,82220.21,2026-01-11 00:30:45,SETTLEMENT,RTGS,HDFC Bank,IN,0,NORMAL_BANKING_FLOW
TX_HDFC_103297,HDFC_ACC_20183,SBI_ACC_20073,1696422.75,2026-01-10 23:00:16,SETTLEMENT,RTGS,HDFC Bank,IN,0,NORMAL_BANKING_FLOW
TX_HDFC_103298,HDFC_ACC_20094,HDFC_ACC_20121,94839.61,2026-01-10 20:34:46,SETTLEMENT,NEFT,HDFC Bank,IN,0,NORMAL_BANKING_FLOW
TX_HDFC_103299,HDFC_ACC_20168,BOB_ACC_20138,75456.71,2026-01-10 23:56:42,SETTLEMENT,NEFT,HDFC Bank,IN,0,NORMAL_BANKING_FLOW
TX_HDFC_103300,HDFC_ACC_20163,HDFC_ACC_20044,937569.34,2026-01-10 16:19:36,SETTLEMENT,NEFT,HDFC Bank,IN,0,NORMAL_BANKING_FLOW
TX_HDFC_103301,HDFC_ACC_20119,PNB_ACC_20037,389417.83,2026-01-11 00:53:20,SETTLEMENT,RTGS,HDFC Bank,IN,0,NORMAL_BANKING_FLOW
TX_HDFC_103302,HDFC_ACC_20126,HDFC_ACC_20104,95633.83,2026-01-11 02:44:18,SETTLEMENT,RTGS,HDFC Bank,IN,0,NORMAL_BANKING_FLOW
TX_HDFC_103303,HDFC_ACC_20022,HDFC_ACC_20227,340539.86,2026-01-10 20:37:56,SETTLEMENT,RTGS,HDFC Bank,IN,0,NORMAL_BANKING_FLOW
TX_HDFC_103304,HDFC_ACC_20091,HDFC_ACC_20116,86826.92,2026-01-10 16:02:49,SETTLEMENT,NEFT,HDFC Bank,IN,0,NORMAL_BANKING_FLOW
TX_HDFC_103305,HDFC_ACC_20042,INDUS_ACC_20129,900678.4,2026-01-11 00:01:36,SETTLEMENT,RTGS,HDFC Bank,IN,0,NORMAL_BANKING_FLOW
TX_HDFC_103306,HDFC_ACC_20087,HDFC_ACC_20213,862428.96,2026-01-11 01:52:55,SETTLEMENT,NEFT,HDFC Bank,IN,0,NORMAL_BANKING_FLOW
TX_HDFC_103307,HDFC_ACC_20146,HDFC_ACC_20209,481762.64,2026-01-10 16:40:50,SETTLEMENT,RTGS,HDFC Bank,IN,0,NORMAL_BANKING_FLOW
TX_HDFC_103308,HDFC_ACC_20101,HDFC_ACC_20108,399443.32,2026-01-10 17:36:36,SETTLEMENT,RTGS,HDFC Bank,IN,0,NORMAL_BANKING_FLOW
TX_HDFC_103309,HDFC_ACC_20139,HDFC_ACC_20026,1862270.38,2026-01-10 15:46:16,SETTLEMENT,RTGS,HDFC Bank,IN,0,NORMAL_BANKING_FLOW
TX_HDFC_103310,HDFC_ACC_20239,HDFC_ACC_20242,268244.72,2026-01-11 00:42:39,SETTLEMENT,NEFT,HDFC Bank,IN,0,NORMAL_BANKING_FLOW
TX_HDFC_103311,HDFC_ACC_20175,INDUS_ACC_20125,73125.94,2026-01-10 16:42:30,SETTLEMENT,RTGS,HDFC Bank,IN,0,NORMAL_BANKING_FLOW
TX_HDFC_103312,HDFC_ACC_20214,BOB_ACC_20239,439952.17,2026-01-10 15:47:22,SETTLEMENT,NEFT,HDFC Bank,IN,0,NORMAL_BANKING_FLOW
TX_HDFC_103313,HDFC_ACC_20209,HDFC_ACC_20147,2662168.98,2026-01-10 21:21:20,SETTLEMENT,RTGS,HDFC Bank,IN,0,NORMAL_BANKING_FLOW
TX_HDFC_103314,HDFC_ACC_20176,ICICI_ACC_20057,87883.25,2026-01-10 20:26:21,SETTLEMENT,RTGS,HDFC Bank,IN,0,NORMAL_BANKING_FLOW
TX_HDFC_103315,HDFC_ACC_20039,KOTAK_ACC_20183,180302.44,2026-01-11 02:01:10,SETTLEMENT,RTGS,HDFC Bank,IN,0,NORMAL_BANKING_FLOW
TX_HDFC_103316,HDFC_ACC_20248,HDFC_ACC_20027,424255.29,2026-01-10 13:38:45,SETTLEMENT,RTGS,HDFC Bank,IN,0,NORMAL_BANKING_FLOW
TX_HDFC_103317,HDFC_ACC_20018,HDFC_ACC_20079,252888.68,2026-01-10 23:15:36,SETTLEMENT,NEFT,HDFC Bank,IN,0,NORMAL_BANKING_FLOW
TX_HDFC_103318,HDFC_ACC_20077,BOB_ACC_20163,91077.5,2026-01-10 18:18:30,SETTLEMENT,RTGS,HDFC Bank,IN,0,NORMAL_BANKING_FLOW
TX_HDFC_103319,HDFC_ACC_20048,HDFC_ACC_20007,921763.2,2026-01-10 15:31:18,SETTLEMENT,RTGS,HDFC Bank,IN,0,NORMAL_BANKING_FLOW
TX_HDFC_103320,HDFC_ACC_20047,ICICI_ACC_20017,3443657.85,2026-01-10 19:15:27,SETTLEMENT,NEFT,HDFC Bank,IN,0,NORMAL_BANKING_FLOW
TX_HDFC_103321,HDFC_ACC_20030,HDFC_ACC_20092,332949.0,2026-01-10 18:38:40,SETTLEMENT,RTGS,HDFC Bank,IN,0,NORMAL_BANKING_FLOW
TX_HDFC_103322,HDFC_ACC_20178,HDFC_ACC_20087,99262.67,2026-01-11 02:44:57,SETTLEMENT,RTGS,HDFC Bank,IN,0,NORMAL_BANKING_FLOW
TX_HDFC_103323,HDFC_ACC_20077,HDFC_ACC_20151,48832.11,2026-01-10 21:09:18,SETTLEMENT,NEFT,HDFC Bank,IN,0,NORMAL_BANKING_FLOW
TX_HDFC_103324,HDFC_ACC_20151,HDFC_ACC_20125,356387.39,2026-01-10 23:02:15,SETTLEMENT,RTGS,HDFC Bank,IN,0,NORMAL_BANKING_FLOW
TX_HDFC_103325,HDFC_ACC_20089,HDFC_ACC_20180,903711.16,2026-01-10 14:18:28,SETTLEMENT,RTGS,HDFC Bank,IN,0,NORMAL_BANKING_FLOW
TX_HDFC_103326,HDFC_ACC_20098,ICICI_ACC_20108,452564.02,2026-01-10 23:03:45,SETTLEMENT,RTGS,HDFC Bank,IN,0,NORMAL_BANKING_FLOW
TX_HDFC_103327,HDFC_ACC_20225,HDFC_ACC_20249,267628.68,2026-01-11 03:27:14,SETTLEMENT,RTGS,HDFC Bank,IN,0,NORMAL_BANKING_FLOW
TX_HDFC_103328,HDFC_ACC_20006,HDFC_ACC_20247,140336.89,2026-01-11 03:09:26,SETTLEMENT,RTGS,HDFC Bank,IN,0,NORMAL_BANKING_FLOW
TX_HDFC_103329,HDFC_ACC_20022,HDFC_ACC_20140,80710.18,2026-01-10 23:24:48,SETTLEMENT,RTGS,HDFC Bank,IN,0,NORMAL_BANKING_FLOW
TX_HDFC_103330,HDFC_ACC_20185,ICICI_ACC_20116,672143.04,2026-01-10 15:16:20,SETTLEMENT,NEFT,HDFC Bank,IN,0,NORMAL_BANKING_FLOW
TX_HDFC_103331,HDFC_ACC_20061,HDFC_ACC_20121,733181.66,2026-01-10 21:14:30,SETTLEMENT,RTGS,HDFC Bank,IN,0,NORMAL_BANKING_FLOW
TX_HDFC_103332,HDFC_ACC_20141,CANARA_ACC_20055,49005.96,2026-01-10 14:20:27,SETTLEMENT,NEFT,HDFC Bank,IN,0,NORMAL_BANKING_FLOW
TX_HDFC_103333,HDFC_ACC_20002,HDFC_ACC_20152,1542357.85,2026-01-11 01:58:48,SETTLEMENT,RTGS,HDFC Bank,IN,0,NORMAL_BANKING_FLOW
TX_HDFC_103334,HDFC_ACC_20239,HDFC_ACC_20017,504578.32,2026-01-11 03:15:14,SETTLEMENT,RTGS,HDFC Bank,IN,0,NORMAL_BANKING_FLOW
TX_HDFC_103335,HDFC_ACC_20070,HDFC_ACC_20100,1251125.51,2026-01-10 23:48:18,SETTLEMENT,NEFT,HDFC Bank,IN,0,NORMAL_BANKING_FLOW
TX_HDFC_103336,HDFC_ACC_20012,HDFC_ACC_20031,61307.62,2026-01-11 00:26:55,SETTLEMENT,RTGS,HDFC Bank,IN,0,NORMAL_BANKING_FLOW
TX_HDFC_103337,HDFC_ACC_20044,PNB_ACC_20218,59730.22,2026-01-11 03:37:04,SETTLEMENT,RTGS,HDFC Bank,IN,0,NORMAL_BANKING_FLOW
TX_HDFC_103338,HDFC_ACC_20153,HDFC_ACC_20028,227779.6,2026-01-10 16:53:45,SETTLEMENT,NEFT,HDFC Bank,IN,0,NORMAL_BANKING_FLOW
TX_HDFC_103339,HDFC_ACC_20214,HDFC_ACC_20123,466523.13,2026-01-11 03:20:04,SETTLEMENT,NEFT,HDFC Bank,IN,0,NORMAL_BANKING_FLOW
TX_HDFC_103340,HDFC_ACC_20099,AXIS_ACC_20197,1935733.54,2026-01-10 23:33:14,SETTLEMENT,NEFT,HDFC Bank,IN,0,NORMAL_BANKING_FLOW
TX_HDFC_103341,HDFC_ACC_20046,HDFC_ACC_20222,583434.11,2026-01-10 21:21:00,SETTLEMENT,NEFT,HDFC Bank,IN,0,NORMAL_BANKING_FLOW
TX_HDFC_103342,HDFC_ACC_20126,HDFC_ACC_20113,205469.03,2026-01-11 03:22:58,SETTLEMENT,RTGS,HDFC Bank,IN,0,NORMAL_BANKING_FLOW
TX_HDFC_103343,HDFC_ACC_20029,HDFC_ACC_20036,86768.06,2026-01-11 03:42:58,SETTLEMENT,RTGS,HDFC Bank,IN,0,NORMAL_BANKING_FLOW
TX_HDFC_103344,HDFC_ACC_20242,HDFC_ACC_20006,1038201.69,2026-01-10 16:18:09,SETTLEMENT,RTGS,HDFC Bank,IN,0,NORMAL_BANKING_FLOW
TX_HDFC_103345,HDFC_ACC_20203,HDFC_ACC_20005,92857.75,2026-01-10 22:39:52,SETTLEMENT,RTGS,HDFC Bank,IN,0,NORMAL_BANKING_FLOW
TX_HDFC_103346,HDFC_ACC_20177,HDFC_ACC_20139,1609308.93,2026-01-11 04:05:00,SETTLEMENT,RTGS,HDFC Bank,IN,0,NORMAL_BANKING_FLOW
TX_HDFC_103347,HDFC_ACC_20008,HDFC_ACC_20143,196256.33,2026-01-10 15:41:06,SETTLEMENT,RTGS,HDFC Bank,IN,0,NORMAL_BANKING_FLOW
TX_HDFC_103348,HDFC_ACC_20016,HDFC_ACC_20225,1543619.1,2026-01-11 03:47:53,SETTLEMENT,RTGS,HDFC Bank,IN,0,NORMAL_BANKING_FLOW
TX_HDFC_103349,HDFC_ACC_20102,HDFC_ACC_20062,566268.95,2026-01-11 03:10:36,SETTLEMENT,NEFT,HDFC Bank,IN,0,NORMAL_BANKING_FLOW
TX_HDFC_103350,HDFC_ACC_20041,HDFC_ACC_20048,230799.57,2026-01-10 16:20:27,SETTLEMENT,NEFT,HDFC Bank,IN,0,NORMAL_BANKING_FLOW
TX_HDFC_103351,HDFC_ACC_20168,INDUS_ACC_20142,151548.96,2026-01-11 03:12:30,SETTLEMENT,NEFT,HDFC Bank,IN,0,NORMAL_BANKING_FLOW
TX_HDFC_103352,HDFC_ACC_20248,AXIS_ACC_20149,184425.59,2026-01-10 18:54:41,SETTLEMENT,RTGS,HDFC Bank,IN,0,NORMAL_BANKING_FLOW
TX_HDFC_103353,HDFC_ACC_20010,HDFC_ACC_20038,429831.42,2026-01-10 22:07:12,SETTLEMENT,NEFT,HDFC Bank,IN,0,NORMAL_BANKING_FLOW
TX_HDFC_103354,HDFC_ACC_20179,HDFC_ACC_20095,292106.03,2026-01-10 19:53:22,SETTLEMENT,NEFT,HDFC Bank,IN,0,NORMAL_BANKING_FLOW
TX_HDFC_103355,HDFC_ACC_20003,HDFC_ACC_20171,139637.83,2026-01-10 14:46:12,SETTLEMENT,RTGS,HDFC Bank,IN,0,NORMAL_BANKING_FLOW
TX_HDFC_103356,HDFC_ACC_20002,HDFC_ACC_20208,223642.81,2026-01-10 19:16:00,SETTLEMENT,RTGS,HDFC Bank,IN,0,NORMAL_BANKING_FLOW
TX_HDFC_103357,HDFC_ACC_20062,KOTAK_ACC_20048,292562.83,2026-01-10 16:23:08,SETTLEMENT,NEFT,HDFC Bank,IN,0,NORMAL_BANKING_FLOW
TX_HDFC_103358,HDFC_ACC_20122,HDFC_ACC_20044,25806.78,2026-01-11 03:19:09,SETTLEMENT,RTGS,HDFC Bank,IN,0,NORMAL_BANKING_FLOW
TX_HDFC_103359,HDFC_ACC_20160,HDFC_ACC_20206,444179.89,2026-01-10 21:32:42,SETTLEMENT,RTGS,HDFC Bank,IN,0,NORMAL_BANKING_FLOW
TX_HDFC_103360,HDFC_ACC_20032,AXIS_ACC_20220,91336.58,2026-01-10 15:07:01,SETTLEMENT,NEFT,HDFC Bank,IN,0,NORMAL_BANKING_FLOW
TX_HDFC_103361,HDFC_ACC_20018,HDFC_ACC_20064,75458.22,2026-01-10 15:07:20,SETTLEMENT,RTGS,HDFC Bank,IN,0,NORMAL_BANKING_FLOW
TX_HDFC_103362,HDFC_ACC_20214,HDFC_ACC_20241,41936.89,2026-01-11 02:44:15,SETTLEMENT,RTGS,HDFC Bank,IN,0,NORMAL_BANKING_FLOW
TX_HDFC_103363,HDFC_ACC_20104,HDFC_ACC_20111,37298.87,2026-01-10 18:21:38,SETTLEMENT,RTGS,HDFC Bank,IN,0,NORMAL_BANKING_FLOW
TX_HDFC_103364,HDFC_ACC_20199,HDFC_ACC_20049,60415.91,2026-01-10 14:29:31,SETTLEMENT,RTGS,HDFC Bank,IN,0,NORMAL_BANKING_FLOW
TX_HDFC_103365,HDFC_ACC_20095,HDFC_ACC_20156,123016.89,2026-01-11 03:25:48,SETTLEMENT,RTGS,HDFC Bank,IN,0,NORMAL_BANKING_FLOW
TX_HDFC_103366,HDFC_ACC_20032,HDFC_ACC_20244,2300380.38,2026-01-10 18:23:05,SETTLEMENT,RTGS,HDFC Bank,IN,0,NORMAL_BANKING_FLOW
TX_HDFC_103367,HDFC_ACC_20165,AXIS_ACC_20061,150472.01,2026-01-11 00:13:22,SETTLEMENT,RTGS,HDFC Bank,IN,0,NORMAL_BANKING_FLOW
TX_HDFC_103368,HDFC_ACC_20127,YES_ACC_20153,326284.54,2026-01-11 02:10:51,SETTLEMENT,RTGS,HDFC Bank,IN,0,NORMAL_BANKING_FLOW
TX_HDFC_103369,HDFC_ACC_20143,HDFC_ACC_20229,416869.93,2026-01-10 14:11:28,SETTLEMENT,RTGS,HDFC Bank,IN,0,NORMAL_BANKING_FLOW
TX_HDFC_103370,HDFC_ACC_20010,HDFC_ACC_20101,309951.68,2026-01-10 16:47:36,SETTLEMENT,RTGS,HDFC Bank,IN,0,NORMAL_BANKING_FLOW
TX_HDFC_103371,HDFC_ACC_20206,INDUS_ACC_20077,246424.81,2026-01-10 19:24:00,SETTLEMENT,RTGS,HDFC Bank,IN,0,NORMAL_BANKING_FLOW
TX_HDFC_103372,HDFC_ACC_20235,HDFC_ACC_20243,72054.41,2026-01-11 00:56:19,SETTLEMENT,RTGS,HDFC Bank,IN,0,NORMAL_BANKING_FLOW
TX_HDFC_103373,HDFC_ACC_20098,BOB_ACC_20236,1323804.44,2026-01-10 23:39:00,SETTLEMENT,RTGS,HDFC Bank,IN,0,NORMAL_BANKING_FLOW
TX_HDFC_103374,HDFC_ACC_20169,AXIS_ACC_20120,1958944.39,2026-01-11 03:53:54,SETTLEMENT,RTGS,HDFC Bank,IN,0,NORMAL_BANKING_FLOW
TX_HDFC_103375,HDFC_ACC_20125,BOB_ACC_20132,42153.6,2026-01-10 20:44:24,SETTLEMENT,NEFT,HDFC Bank,IN,0,NORMAL_BANKING_FLOW
TX_HDFC_103376,HDFC_ACC_20064,HDFC_ACC_20240,86991.75,2026-01-11 02:37:30,SETTLEMENT,RTGS,HDFC Bank,IN,0,NORMAL_BANKING_FLOW
TX_HDFC_103377,HDFC_ACC_20152,HDFC_ACC_20080,197246.33,2026-01-10 19:27:12,SETTLEMENT,RTGS,HDFC Bank,IN,0,NORMAL_BANKING_FLOW
TX_HDFC_103378,HDFC_ACC_20144,HDFC_ACC_20249,92874.87,2026-01-10 20:26:35,SETTLEMENT,RTGS,HDFC Bank,IN,0,NORMAL_BANKING_FLOW
TX_HDFC_103379,HDFC_ACC_20085,HDFC_ACC_20106,468158.46,2026-01-10 20:07:32,SETTLEMENT,NEFT,HDFC Bank,IN,0,NORMAL_BANKING_FLOW
TX_HDFC_103380,HDFC_ACC_20108,HDFC_ACC_20048,120439.23,2026-01-10 19:28:48,SETTLEMENT,NEFT,HDFC Bank,IN,0,NORMAL_BANKING_FLOW
TX_HDFC_103381,HDFC_ACC_20035,PNB_ACC_20048,2903889.71,2026-01-11 02:42:00,SETTLEMENT,RTGS,HDFC Bank,IN,0,NORMAL_BANKING_FLOW
TX_HDFC_103382,HDFC_ACC_20182,HDFC_ACC_20082,994110.31,2026-01-11 04:01:38,SETTLEMENT,RTGS,HDFC Bank,IN,0,NORMAL_BANKING_FLOW
TX_HDFC_103383,HDFC_ACC_20148,HDFC_ACC_20030,339025.78,2026-01-10 18:11:36,SETTLEMENT,RTGS,HDFC Bank,IN,0,NORMAL_BANKING_FLOW
TX_HDFC_103384,HDFC_ACC_20052,HDFC_ACC_20163,830418.35,2026-01-10 19:50:39,SETTLEMENT,RTGS,HDFC Bank,IN,0,NORMAL_BANKING_FLOW
TX_HDFC_103385,HDFC_ACC_20165,INDUS_ACC_20062,905724.51,2026-01-10 20:50:24,SETTLEMENT,NEFT,HDFC Bank,IN,0,NORMAL_BANKING_FLOW
TX_HDFC_103386,HDFC_ACC_20069,CANARA_ACC_20137,144301.16,2026-01-10 22:10:00,SETTLEMENT,RTGS,HDFC Bank,IN,0,NORMAL_BANKING_FLOW
TX_HDFC_103387,HDFC_ACC_20155,HDFC_ACC_20031,109333.82,2026-01-10 20:51:36,SETTLEMENT,NEFT,HDFC Bank,IN,0,NORMAL_BANKING_FLOW
TX_HDFC_103388,HDFC_ACC_20100,HDFC_ACC_20048,292423.21,2026-01-10 21:51:33,SETTLEMENT,RTGS,HDFC Bank,IN,0,NORMAL_BANKING_FLOW
TX_HDFC_103389,HDFC_ACC_20116,BOB_ACC_20149,692317.36,2026-01-10 19:13:48,SETTLEMENT,RTGS,HDFC Bank,IN,0,NORMAL_BANKING_FLOW
TX_HDFC_103390,HDFC_ACC_20107,HDFC_ACC_20013,312689.65,2026-01-10 19:34:08,SETTLEMENT,RTGS,HDFC Bank,IN,0,NORMAL_BANKING_FLOW
TX_HDFC_103391,HDFC_ACC_20125,HDFC_ACC_20121,47349.14,2026-01-10 22:53:00,SETTLEMENT,RTGS,HDFC Bank,IN,0,NORMAL_BANKING_FLOW
TX_HDFC_103392,HDFC_ACC_20030,HDFC_ACC_20032,110956.46,2026-01-10 22:53:42,SETTLEMENT,NEFT,HDFC Bank,IN,0,NORMAL_BANKING_FLOW
TX_HDFC_103393,HDFC_ACC_20013,HDFC_ACC_20018,247367.37,2026-01-10 21:34:56,SETTLEMENT,RTGS,HDFC Bank,IN,0,NORMAL_BANKING_FLOW
TX_HDFC_103394,HDFC_ACC_20137,HDFC_ACC_20201,246907.2,2026-01-10 19:36:16,SETTLEMENT,NEFT,HDFC Bank,IN,0,NORMAL_BANKING_FLOW
TX_HDFC_103395,HDFC_ACC_20175,HDFC_ACC_20010,2349695.71,2026-01-10 15:57:54,SETTLEMENT,RTGS,HDFC Bank,IN,0,NORMAL_BANKING_FLOW
TX_HDFC_103396,HDFC_ACC_20002,HDFC_ACC_20160,58419.98,2026-01-11 03:55:15,SETTLEMENT,RTGS,HDFC Bank,IN,0,NORMAL_BANKING_FLOW
TX_HDFC_103397,HDFC_ACC_20061,HDFC_ACC_20159,467964.71,2026-01-10 19:37:52,SETTLEMENT,NEFT,HDFC Bank,IN,0,NORMAL_BANKING_FLOW
TX_HDFC_103398,HDFC_ACC_20068,INDUS_ACC_20215,1380594.03,2026-01-11 02:37:21,SETTLEMENT,RTGS,HDFC Bank,IN,0,NORMAL_BANKING_FLOW
TX_HDFC_103399,HDFC_ACC_20141,HDFC_ACC_20196,3264426.71,2026-01-10 18:59:00,SETTLEMENT,NEFT,HDFC Bank,IN,0,NORMAL_BANKING_FLOW
TX_HDFC_103400,HDFC_ACC_20247,KOTAK_ACC_20138,171985.05,2026-01-10 18:39:31,SETTLEMENT,NEFT,HDFC Bank,IN,0,NORMAL_BANKING_FLOW
TX_HDFC_103401,HDFC_ACC_20041,HDFC_ACC_20190,460732.27,2026-01-11 03:00:00,SETTLEMENT,NEFT,HDFC Bank,IN,0,NORMAL_BANKING_FLOW
TX_HDFC_103402,HDFC_ACC_20069,ICICI_ACC_20024,502191.3,2026-01-11 03:00:54,SETTLEMENT,RTGS,HDFC Bank,IN,0,NORMAL_BANKING_FLOW
TX_HDFC_103403,HDFC_ACC_20056,HDFC_ACC_20157,332711.13,2026-01-10 19:01:00,SETTLEMENT,RTGS,HDFC Bank,IN,0,NORMAL_BANKING_FLOW
TX_HDFC_103404,HDFC_ACC_20234,HDFC_ACC_20027,240691.25,2026-01-10 17:21:15,SETTLEMENT,RTGS,HDFC Bank,IN,0,NORMAL_BANKING_FLOW
TX_HDFC_103405,HDFC_ACC_20078,HDFC_ACC_20221,433467.86,2026-01-10 14:01:00,SETTLEMENT,NEFT,HDFC Bank,IN,0,NORMAL_BANKING_FLOW
TX_HDFC_103406,HDFC_ACC_20114,HDFC_ACC_20025,16556.42,2026-01-11 02:44:25,SETTLEMENT,RTGS,HDFC Bank,IN,0,NORMAL_BANKING_FLOW
TX_HDFC_103407,HDFC_ACC_20113,HDFC_ACC_20190,568227.1,2026-01-10 15:42:00,SETTLEMENT,RTGS,HDFC Bank,IN,0,NORMAL_BANKING_FLOW
TX_HDFC_103408,HDFC_ACC_20192,HDFC_ACC_20138,308289.85,2026-01-10 22:04:33,SETTLEMENT,RTGS,HDFC Bank,IN,0,NORMAL_BANKING_FLOW
TX_HDFC_103409,HDFC_ACC_20172,HDFC_ACC_20203,210087.13,2026-01-10 19:44:16,SETTLEMENT,NEFT,HDFC Bank,IN,0,NORMAL_BANKING_FLOW
TX_HDFC_103410,HDFC_ACC_20005,HDFC_ACC_20158,2549858.47,2026-01-11 01:07:12,SETTLEMENT,NEFT,HDFC Bank,IN,0,NORMAL_BANKING_FLOW
TX_HDFC_103411,HDFC_ACC_20155,HDFC_ACC_20036,127717.05,2026-01-10 22:06:30,SETTLEMENT,RTGS,HDFC Bank,IN,0,NORMAL_BANKING_FLOW
TX_HDFC_103412,HDFC_ACC_20214,HDFC_ACC_20096,172235.23,2026-01-11 05:11:00,SETTLEMENT,NEFT,HDFC Bank,IN,0,NORMAL_BANKING_FLOW
TX_HDFC_103413,HDFC_ACC_20053,HDFC_ACC_20091,2399350.5,2026-01-10 17:25:00,SETTLEMENT,RTGS,HDFC Bank,IN,0,NORMAL_BANKING_FLOW
TX_HDFC_103414,HDFC_ACC_20183,HDFC_ACC_20059,107444.81,2026-01-10 22:28:40,SETTLEMENT,NEFT,HDFC Bank,IN,0,NORMAL_BANKING_FLOW
TX_HDFC_103415,HDFC_ACC_20120,KOTAK_ACC_20165,146513.55,2026-01-10 22:09:06,SETTLEMENT,RTGS,HDFC Bank,IN,0,NORMAL_BANKING_FLOW
TX_HDFC_103416,HDFC_ACC_20182,YES_ACC_20146,228267.17,2026-01-11 04:54:45,SETTLEMENT,NEFT,HDFC Bank,IN,0,NORMAL_BANKING_FLOW
TX_HDFC_103417,HDFC_ACC_20005,HDFC_ACC_20186,676581.32,2026-01-10 21:29:52,SETTLEMENT,NEFT,HDFC Bank,IN,0,NORMAL_BANKING_FLOW
TX_HDFC_103418,HDFC_ACC_20022,HDFC_ACC_20090,337251.01,2026-01-10 23:32:11,SETTLEMENT,RTGS,HDFC Bank,IN,0,NORMAL_BANKING_FLOW
TX_HDFC_103419,HDFC_ACC_20233,CANARA_ACC_20040,64738.55,2026-01-10 18:48:42,SETTLEMENT,NEFT,HDFC Bank,IN,0,NORMAL_BANKING_FLOW
TX_HDFC_103420,HDFC_ACC_20149,HDFC_ACC_20154,149434.67,2026-01-10 17:27:55,SETTLEMENT,NEFT,HDFC Bank,IN,0,NORMAL_BANKING_FLOW
TX_HDFC_103421,HDFC_ACC_20216,HDFC_ACC_20097,137573.02,2026-01-11 01:16:00,SETTLEMENT,RTGS,HDFC Bank,IN,0,NORMAL_BANKING_FLOW
TX_HDFC_103422,HDFC_ACC_20058,HDFC_ACC_20235,246485.11,2026-01-10 21:53:18,SETTLEMENT,NEFT,HDFC Bank,IN,0,NORMAL_BANKING_FLOW
TX_HDFC_103423,HDFC_ACC_20178,HDFC_ACC_20064,428663.72,2026-01-10 17:29:10,SETTLEMENT,NEFT,HDFC Bank,IN,0,NORMAL_BANKING_FLOW
TX_HDFC_103424,HDFC_ACC_20065,HDFC_ACC_20076,425077.31,2026-01-10 15:47:40,SETTLEMENT,RTGS,HDFC Bank,IN,0,NORMAL_BANKING_FLOW
TX_HDFC_103425,HDFC_ACC_20071,AXIS_ACC_20058,38039.75,2026-01-10 17:09:36,SETTLEMENT,RTGS,HDFC Bank,IN,0,NORMAL_BANKING_FLOW
TX_HDFC_103426,HDFC_ACC_20133,HDFC_ACC_20224,864870.52,2026-01-10 22:57:05,SETTLEMENT,NEFT,HDFC Bank,IN,0,NORMAL_BANKING_FLOW
TX_HDFC_103427,HDFC_ACC_20146,HDFC_ACC_20201,354273.94,2026-01-10 15:48:40,SETTLEMENT,RTGS,HDFC Bank,IN,0,NORMAL_BANKING_FLOW
TX_HDFC_103428,HDFC_ACC_20120,AXIS_ACC_20060,1230566.58,2026-01-10 17:51:42,SETTLEMENT,NEFT,HDFC Bank,IN,0,NORMAL_BANKING_FLOW
TX_HDFC_103429,HDFC_ACC_20050,HDFC_ACC_20019,437406.46,2026-01-10 14:27:28,SETTLEMENT,RTGS,HDFC Bank,IN,0,NORMAL_BANKING_FLOW
TX_HDFC_103430,HDFC_ACC_20068,AXIS_ACC_20136,901175.46,2026-01-10 15:29:11,SETTLEMENT,RTGS,HDFC Bank,IN,0,NORMAL_BANKING_FLOW
TX_HDFC_103431,HDFC_ACC_20141,AXIS_ACC_20039,448291.89,2026-01-10 16:31:00,SETTLEMENT,RTGS,HDFC Bank,IN,0,NORMAL_BANKING_FLOW
TX_HDFC_103432,HDFC_ACC_20062,INDUS_ACC_20218,1179791.55,2026-01-11 01:45:19,SETTLEMENT,RTGS,HDFC Bank,IN,0,NORMAL_BANKING_FLOW
TX_HDFC_103433,HDFC_ACC_20131,BOB_ACC_20129,476620.43,2026-01-10 17:33:20,SETTLEMENT,RTGS,HDFC Bank,IN,0,NORMAL_BANKING_FLOW
TX_HDFC_103434,HDFC_ACC_20042,HDFC_ACC_20039,240937.59,2026-01-10 15:09:54,SETTLEMENT,NEFT,HDFC Bank,IN,0,NORMAL_BANKING_FLOW
TX_HDFC_103435,HDFC_ACC_20155,PNB_ACC_20118,3267965.55,2026-01-10 16:53:02,SETTLEMENT,NEFT,HDFC Bank,IN,0,NORMAL_BANKING_FLOW
TX_HDFC_103436,HDFC_ACC_20181,HDFC_ACC_20063,713502.23,2026-01-10 19:17:30,SETTLEMENT,RTGS,HDFC Bank,IN,0,NORMAL_BANKING_FLOW
TX_HDFC_103437,HDFC_ACC_20193,HDFC_ACC_20096,504396.96,2026-01-10 17:35:00,SETTLEMENT,RTGS,HDFC Bank,IN,0,NORMAL_BANKING_FLOW
TX_HDFC_103438,HDFC_ACC_20117,HDFC_ACC_20126,65911.3,2026-01-10 16:54:11,SETTLEMENT,NEFT,HDFC Bank,IN,0,NORMAL_BANKING_FLOW
TX_HDFC_103439,HDFC_ACC_20140,HDFC_ACC_20103,65046.76,2026-01-11 04:56:44,SETTLEMENT,RTGS,HDFC Bank,IN,0,NORMAL_BANKING_FLOW
TX_HDFC_103440,HDFC_ACC_20165,INDUS_ACC_20201,370269.73,2026-01-11 01:31:12,SETTLEMENT,RTGS,HDFC Bank,IN,0,NORMAL_BANKING_FLOW
TX_HDFC_103441,HDFC_ACC_20214,PNB_ACC_20134,314919.81,2026-01-11 03:15:20,SETTLEMENT,RTGS,HDFC Bank,IN,0,NORMAL_BANKING_FLOW
TX_HDFC_103442,HDFC_ACC_20219,HDFC_ACC_20206,136552.6,2026-01-10 23:08:01,SETTLEMENT,NEFT,HDFC Bank,IN,0,NORMAL_BANKING_FLOW
TX_HDFC_103443,HDFC_ACC_20153,PNB_ACC_20029,313351.54,2026-01-10 14:51:54,SETTLEMENT,NEFT,HDFC Bank,IN,0,NORMAL_BANKING_FLOW
TX_HDFC_103444,HDFC_ACC_20097,HDFC_ACC_20095,1540302.87,2026-01-11 03:17:59,SETTLEMENT,RTGS,HDFC Bank,IN,0,NORMAL_BANKING_FLOW
TX_HDFC_103445,HDFC_ACC_20050,KOTAK_ACC_20111,576622.29,2026-01-10 14:31:44,SETTLEMENT,NEFT,HDFC Bank,IN,0,NORMAL_BANKING_FLOW
TX_HDFC_103446,HDFC_ACC_20115,AXIS_ACC_20166,76488.11,2026-01-11 04:01:15,SETTLEMENT,RTGS,HDFC Bank,IN,0,NORMAL_BANKING_FLOW
TX_HDFC_103447,HDFC_ACC_20036,HDFC_ACC_20059,237361.67,2026-01-10 20:46:04,SETTLEMENT,NEFT,HDFC Bank,IN,0,NORMAL_BANKING_FLOW
TX_HDFC_103448,HDFC_ACC_20102,HDFC_ACC_20120,110695.32,2026-01-10 23:53:41,SETTLEMENT,NEFT,HDFC Bank,IN,0,NORMAL_BANKING_FLOW
TX_HDFC_103449,HDFC_ACC_20118,HDFC_ACC_20246,175173.13,2026-01-10 22:10:24,SETTLEMENT,RTGS,HDFC Bank,IN,0,NORMAL_BANKING_FLOW
TX_HDFC_103450,HDFC_ACC_20037,ICICI_ACC_20075,170249.92,2026-01-10 15:14:42,SETTLEMENT,NEFT,HDFC Bank,IN,0,NORMAL_BANKING_FLOW
TX_HDFC_103451,HDFC_ACC_20119,YES_ACC_20019,158671.27,2026-01-10 22:11:40,SETTLEMENT,NEFT,HDFC Bank,IN,0,NORMAL_BANKING_FLOW
TX_HDFC_103452,HDFC_ACC_20210,HDFC_ACC_20122,67464.11,2026-01-11 03:25:03,SETTLEMENT,NEFT,HDFC Bank,IN,0,NORMAL_BANKING_FLOW
TX_HDFC_103453,HDFC_ACC_20222,ICICI_ACC_20090,233183.24,2026-01-10 14:54:44,SETTLEMENT,RTGS,HDFC Bank,IN,0,NORMAL_BANKING_FLOW
TX_HDFC_103454,HDFC_ACC_20236,HDFC_ACC_20002,144832.27,2026-01-10 21:31:48,SETTLEMENT,NEFT,HDFC Bank,IN,0,NORMAL_BANKING_FLOW
TX_HDFC_103455,HDFC_ACC_20182,HDFC_ACC_20015,10695.8,2026-01-10 16:18:54,SETTLEMENT,NEFT,HDFC Bank,IN,0,NORMAL_BANKING_FLOW
TX_HDFC_103456,HDFC_ACC_20161,HDFC_ACC_20006,2567053.31,2026-01-10 14:34:40,SETTLEMENT,RTGS,HDFC Bank,IN,0,NORMAL_BANKING_FLOW
TX_HDFC_103457,HDFC_ACC_20204,HDFC_ACC_20088,888816.98,2026-01-11 00:00:08,SETTLEMENT,RTGS,HDFC Bank,IN,0,NORMAL_BANKING_FLOW
TX_HDFC_103458,HDFC_ACC_20094,HDFC_ACC_20133,177383.48,2026-01-11 03:51:18,SETTLEMENT,NEFT,HDFC Bank,IN,0,NORMAL_BANKING_FLOW
TX_HDFC_103459,HDFC_ACC_20112,YES_ACC_20195,273950.02,2026-01-11 03:10:16,SETTLEMENT,NEFT,HDFC Bank,IN,0,NORMAL_BANKING_FLOW
TX_HDFC_103460,HDFC_ACC_20199,HDFC_ACC_20191,73952.64,2026-01-11 01:26:13,SETTLEMENT,NEFT,HDFC Bank,IN,0,NORMAL_BANKING_FLOW
TX_HDFC_103461,HDFC_ACC_20247,HDFC_ACC_20211,1732879.73,2026-01-11 02:51:00,SETTLEMENT,RTGS,HDFC Bank,IN,0,NORMAL_BANKING_FLOW
TX_HDFC_103462,HDFC_ACC_20182,HDFC_ACC_20185,2163023.49,2026-01-10 22:39:39,SETTLEMENT,NEFT,HDFC Bank,IN,0,NORMAL_BANKING_FLOW
TX_HDFC_103463,HDFC_ACC_20036,KOTAK_ACC_20023,318813.99,2026-01-11 04:16:50,SETTLEMENT,NEFT,HDFC Bank,IN,0,NORMAL_BANKING_FLOW
TX_HDFC_103464,HDFC_ACC_20100,HDFC_ACC_20011,827267.77,2026-01-11 03:56:42,SETTLEMENT,NEFT,HDFC Bank,IN,0,NORMAL_BANKING_FLOW
TX_HDFC_103465,HDFC_ACC_20034,HDFC_ACC_20146,325401.62,2026-01-10 20:56:16,SETTLEMENT,NEFT,HDFC Bank,IN,0,NORMAL_BANKING_FLOW
TX_HDFC_103466,HDFC_ACC_20211,YES_ACC_20140,61673.03,2026-01-10 18:29:15,SETTLEMENT,RTGS,HDFC Bank,IN,0,NORMAL_BANKING_FLOW
TX_HDFC_103467,HDFC_ACC_20234,HDFC_ACC_20016,170585.91,2026-01-11 02:56:06,SETTLEMENT,NEFT,HDFC Bank,IN,0,NORMAL_BANKING_FLOW
TX_HDFC_103468,HDFC_ACC_20067,ICICI_ACC_20056,310245.99,2026-01-10 17:47:55,SETTLEMENT,RTGS,HDFC Bank,IN,0,NORMAL_BANKING_FLOW
TX_HDFC_103469,HDFC_ACC_20042,CANARA_ACC_20029,162754.39,2026-01-11 00:29:52,SETTLEMENT,RTGS,HDFC Bank,IN,0,NORMAL_BANKING_FLOW
TX_HDFC_103470,HDFC_ACC_20207,INDUS_ACC_20217,210972.15,2026-01-10 16:03:00,SETTLEMENT,RTGS,HDFC Bank,IN,0,NORMAL_BANKING_FLOW
TX_HDFC_103471,HDFC_ACC_20066,HDFC_ACC_20141,242670.66,2026-01-11 00:52:30,SETTLEMENT,RTGS,HDFC Bank,IN,0,NORMAL_BANKING_FLOW
TX_HDFC_103472,HDFC_ACC_20083,HDFC_ACC_20171,245495.44,2026-01-10 21:42:36,SETTLEMENT,RTGS,HDFC Bank,IN,0,NORMAL_BANKING_FLOW
TX_HDFC_103473,HDFC_ACC_20150,HDFC_ACC_20071,284214.45,2026-01-11 05:29:36,SETTLEMENT,RTGS,HDFC Bank,IN,0,NORMAL_BANKING_FLOW
TX_HDFC_103474,HDFC_ACC_20062,HDFC_ACC_20005,83561.19,2026-01-11 03:44:29,SETTLEMENT,RTGS,HDFC Bank,IN,0,NORMAL_BANKING_FLOW
TX_HDFC_103475,HDFC_ACC_20084,PNB_ACC_20127,121939.74,2026-01-10 23:51:48,SETTLEMENT,RTGS,HDFC Bank,IN,0,NORMAL_BANKING_FLOW
TX_HDFC_103476,HDFC_ACC_20151,HDFC_ACC_20221,65313.71,2026-01-10 23:10:00,SETTLEMENT,NEFT,HDFC Bank,IN,0,NORMAL_BANKING_FLOW
TX_HDFC_103477,HDFC_ACC_20037,HDFC_ACC_20217,786695.94,2026-01-10 19:59:16,SETTLEMENT,NEFT,HDFC Bank,IN,0,NORMAL_BANKING_FLOW
TX_HDFC_103478,HDFC_ACC_20063,HDFC_ACC_20039,26470.56,2026-01-10 19:17:13,SETTLEMENT,RTGS,HDFC Bank,IN,0,NORMAL_BANKING_FLOW
TX_HDFC_103479,HDFC_ACC_20129,HDFC_ACC_20191,954506.16,2026-01-10 16:27:18,SETTLEMENT,RTGS,HDFC Bank,IN,0,NORMAL_BANKING_FLOW
TX_HDFC_103480,HDFC_ACC_20084,HDFC_ACC_20062,1233029.04,2026-01-10 23:12:40,SETTLEMENT,RTGS,HDFC Bank,IN,0,NORMAL_BANKING_FLOW
TX_HDFC_103481,HDFC_ACC_20242,ICICI_ACC_20198,192451.87,2026-01-10 17:53:20,SETTLEMENT,RTGS,HDFC Bank,IN,0,NORMAL_BANKING_FLOW
TX_HDFC_103482,HDFC_ACC_20014,HDFC_ACC_20209,15314.41,2026-01-10 21:27:15,SETTLEMENT,RTGS,HDFC Bank,IN,0,NORMAL_BANKING_FLOW
TX_HDFC_103483,HDFC_ACC_20121,INDUS_ACC_20240,180332.63,2026-01-10 23:57:24,SETTLEMENT,NEFT,HDFC Bank,IN,0,NORMAL_BANKING_FLOW
TX_HDFC_103484,HDFC_ACC_20060,HDFC_ACC_20126,250045.31,2026-01-10 22:32:34,SETTLEMENT,NEFT,HDFC Bank,IN,0,NORMAL_BANKING_FLOW
TX_HDFC_103485,HDFC_ACC_20103,HDFC_ACC_20060,88286.45,2026-01-10 23:16:00,SETTLEMENT,RTGS,HDFC Bank,IN,0,NORMAL_BANKING_FLOW
TX_HDFC_103486,HDFC_ACC_20205,HDFC_ACC_20040,152247.04,2026-01-10 20:46:45,SETTLEMENT,NEFT,HDFC Bank,IN,0,NORMAL_BANKING_FLOW
TX_HDFC_103487,HDFC_ACC_20096,ICICI_ACC_20021,1444414.66,2026-01-11 03:55:58,SETTLEMENT,NEFT,HDFC Bank,IN,0,NORMAL_BANKING_FLOW
TX_HDFC_103488,HDFC_ACC_20002,HDFC_ACC_20110,557612.68,2026-01-10 16:09:00,SETTLEMENT,RTGS,HDFC Bank,IN,0,NORMAL_BANKING_FLOW
TX_HDFC_103489,HDFC_ACC_20239,AXIS_ACC_20013,97049.79,2026-01-11 01:27:28,SETTLEMENT,RTGS,HDFC Bank,IN,0,NORMAL_BANKING_FLOW
TX_HDFC_103490,HDFC_ACC_20008,HDFC_ACC_20216,46288.13,2026-01-10 14:22:15,SETTLEMENT,RTGS,HDFC Bank,IN,0,NORMAL_BANKING_FLOW
TX_HDFC_103491,HDFC_ACC_20235,INDUS_ACC_20170,187265.18,2026-01-10 22:37:00,SETTLEMENT,RTGS,HDFC Bank,IN,0,NORMAL_BANKING_FLOW
TX_HDFC_103492,HDFC_ACC_20042,INDUS_ACC_20025,212181.55,2026-01-11 03:17:21,SETTLEMENT,NEFT,HDFC Bank,IN,0,NORMAL_BANKING_FLOW
TX_HDFC_103493,HDFC_ACC_20021,SBI_ACC_20210,463155.95,2026-01-10 15:06:04,SETTLEMENT,RTGS,HDFC Bank,IN,0,NORMAL_BANKING_FLOW
TX_HDFC_103494,HDFC_ACC_20229,HDFC_ACC_20125,148918.08,2026-01-10 18:41:51,SETTLEMENT,RTGS,HDFC Bank,IN,0,NORMAL_BANKING_FLOW
TX_HDFC_103495,HDFC_ACC_20074,HDFC_ACC_20135,471017.03,2026-01-10 16:32:54,SETTLEMENT,NEFT,HDFC Bank,IN,0,NORMAL_BANKING_FLOW
TX_HDFC_103496,HDFC_ACC_20072,HDFC_ACC_20119,2255020.1,2026-01-10 15:50:05,SETTLEMENT,RTGS,HDFC Bank,IN,0,NORMAL_BANKING_FLOW
TX_HDFC_103497,HDFC_ACC_20040,HDFC_ACC_20180,658059.82,2026-01-11 04:04:48,SETTLEMENT,RTGS,HDFC Bank,IN,0,NORMAL_BANKING_FLOW
TX_HDFC_103498,HDFC_ACC_20155,HDFC_ACC_20072,254511.84,2026-01-11 01:55:59,SETTLEMENT,NEFT,HDFC Bank,IN,0,NORMAL_BANKING_FLOW
TX_HDFC_103499,HDFC_ACC_20086,HDFC_ACC_20178,219374.26,2026-01-10 15:07:46,SETTLEMENT,NEFT,HDFC Bank,IN,0,NORMAL_BANKING_FLOW
TX_HDFC_103500,HDFC_ACC_20091,PNB_ACC_20075,181254.89,2026-01-11 01:14:15,SETTLEMENT,RTGS,HDFC Bank,IN,0,NORMAL_BANKING_FLOW
TX_HDFC_103501,HDFC_ACC_20102,HDFC_ACC_20239,983334.87,2026-01-11 05:13:20,SETTLEMENT,RTGS,HDFC Bank,IN,0,NORMAL_BANKING_FLOW
TX_HDFC_103502,HDFC_ACC_20216,HDFC_ACC_20083,134585.53,2026-01-10 19:50:30,SETTLEMENT,RTGS,HDFC Bank,IN,0,NORMAL_BANKING_FLOW
TX_HDFC_103503,HDFC_ACC_20038,SBI_ACC_20020,282023.3,2026-01-10 19:07:36,SETTLEMENT,NEFT,HDFC Bank,IN,0,NORMAL_BANKING_FLOW
TX_HDFC_103504,HDFC_ACC_20030,HDFC_ACC_20115,283883.07,2026-01-10 15:30:54,SETTLEMENT,RTGS,HDFC Bank,IN,0,NORMAL_BANKING_FLOW
TX_HDFC_103505,HDFC_ACC_20018,HDFC_ACC_20086,154513.6,2026-01-10 17:19:52,SETTLEMENT,NEFT,HDFC Bank,IN,0,NORMAL_BANKING_FLOW
TX_HDFC_103506,HDFC_ACC_20061,YES_ACC_20104,59295.45,2026-01-11 06:23:15,SETTLEMENT,NEFT,HDFC Bank,IN,0,NORMAL_BANKING_FLOW
TX_HDFC_103507,HDFC_ACC_20171,BOB_ACC_20186,382801.54,2026-01-10 16:58:52,SETTLEMENT,RTGS,HDFC Bank,IN,0,NORMAL_BANKING_FLOW
TX_HDFC_103508,HDFC_ACC_20181,HDFC_ACC_20121,250921.55,2026-01-11 03:52:44,SETTLEMENT,NEFT,HDFC Bank,IN,0,NORMAL_BANKING_FLOW
TX_HDFC_103509,HDFC_ACC_20040,HDFC_ACC_20089,465219.45,2026-01-11 05:20:48,SETTLEMENT,NEFT,HDFC Bank,IN,0,NORMAL_BANKING_FLOW
TX_HDFC_103510,HDFC_ACC_20215,PNB_ACC_20099,149199.51,2026-01-10 15:54:31,SETTLEMENT,NEFT,HDFC Bank,IN,0,NORMAL_BANKING_FLOW
TX_HDFC_103511,HDFC_ACC_20118,HDFC_ACC_20101,1027771.5,2026-01-10 18:27:40,SETTLEMENT,RTGS,HDFC Bank,IN,0,NORMAL_BANKING_FLOW
TX_HDFC_103512,HDFC_ACC_20115,HDFC_ACC_20083,102288.12,2026-01-11 06:51:00,SETTLEMENT,RTGS,HDFC Bank,IN,0,NORMAL_BANKING_FLOW
TX_HDFC_103513,HDFC_ACC_20080,AXIS_ACC_20001,1764264.26,2026-01-11 06:52:00,SETTLEMENT,RTGS,HDFC Bank,IN,0,NORMAL_BANKING_FLOW
TX_HDFC_103514,HDFC_ACC_20106,HDFC_ACC_20225,39245.81,2026-01-10 18:07:05,SETTLEMENT,RTGS,HDFC Bank,IN,0,NORMAL_BANKING_FLOW
TX_HDFC_103515,HDFC_ACC_20226,HDFC_ACC_20131,432893.52,2026-01-10 22:08:24,SETTLEMENT,NEFT,HDFC Bank,IN,0,NORMAL_BANKING_FLOW
TX_HDFC_103516,HDFC_ACC_20071,AXIS_ACC_20106,452694.94,2026-01-11 04:21:35,SETTLEMENT,RTGS,HDFC Bank,IN,0,NORMAL_BANKING_FLOW
TX_HDFC_103517,HDFC_ACC_20161,HDFC_ACC_20087,111847.01,2026-01-10 15:12:52,SETTLEMENT,RTGS,HDFC Bank,IN,0,NORMAL_BANKING_FLOW
TX_HDFC_103518,HDFC_ACC_20000,HDFC_ACC_20198,427980.68,2026-01-11 04:45:18,SETTLEMENT,NEFT,HDFC Bank,IN,0,NORMAL_BANKING_FLOW
TX_HDFC_103519,HDFC_ACC_20037,HDFC_ACC_20169,1096320.95,2026-01-11 02:12:26,SETTLEMENT,NEFT,HDFC Bank,IN,0,NORMAL_BANKING_FLOW
TX_HDFC_103520,HDFC_ACC_20100,KOTAK_ACC_20111,23423.6,2026-01-11 02:13:13,SETTLEMENT,NEFT,HDFC Bank,IN,0,NORMAL_BANKING_FLOW
TX_HDFC_103521,HDFC_ACC_20184,HDFC_ACC_20074,466502.79,2026-01-10 15:14:00,SETTLEMENT,RTGS,HDFC Bank,IN,0,NORMAL_BANKING_FLOW
TX_HDFC_103522,HDFC_ACC_20116,HDFC_ACC_20085,17281.68,2026-01-11 02:58:49,SETTLEMENT,RTGS,HDFC Bank,IN,0,NORMAL_BANKING_FLOW
TX_HDFC_103523,HDFC_ACC_20160,ICICI_ACC_20121,92759.81,2026-01-10 14:52:32,SETTLEMENT,RTGS,HDFC Bank,IN,0,NORMAL_BANKING_FLOW
TX_HDFC_103524,HDFC_ACC_20234,KOTAK_ACC_20236,1610544.7,2026-01-11 00:04:03,SETTLEMENT,RTGS,HDFC Bank,IN,0,NORMAL_BANKING_FLOW
TX_HDFC_103525,HDFC_ACC_20057,HDFC_ACC_20077,141497.84,2026-01-10 21:52:20,SETTLEMENT,RTGS,HDFC Bank,IN,0,NORMAL_BANKING_FLOW
TX_HDFC_103526,HDFC_ACC_20209,HDFC_ACC_20232,73771.82,2026-01-11 05:36:40,SETTLEMENT,RTGS,HDFC Bank,IN,0,NORMAL_BANKING_FLOW
TX_HDFC_103527,HDFC_ACC_20067,HDFC_ACC_20058,215834.78,2026-01-11 04:09:12,SETTLEMENT,NEFT,HDFC Bank,IN,0,NORMAL_BANKING_FLOW
TX_HDFC_103528,HDFC_ACC_20210,HDFC_ACC_20101,2609572.5,2026-01-10 15:15:59,SETTLEMENT,NEFT,HDFC Bank,IN,0,NORMAL_BANKING_FLOW
TX_HDFC_103529,HDFC_ACC_20245,HDFC_ACC_20205,35780.19,2026-01-10 14:32:00,SETTLEMENT,RTGS,HDFC Bank,IN,0,NORMAL_BANKING_FLOW
TX_HDFC_103530,HDFC_ACC_20230,HDFC_ACC_20106,84419.96,2026-01-10 20:48:48,SETTLEMENT,RTGS,HDFC Bank,IN,0,NORMAL_BANKING_FLOW
TX_HDFC_103531,HDFC_ACC_20243,PNB_ACC_20196,1393285.04,2026-01-10 14:54:40,SETTLEMENT,RTGS,HDFC Bank,IN,0,NORMAL_BANKING_FLOW
TX_HDFC_103532,HDFC_ACC_20127,KOTAK_ACC_20136,2070855.94,2026-01-11 04:35:43,SETTLEMENT,RTGS,HDFC Bank,IN,0,NORMAL_BANKING_FLOW
TX_HDFC_103533,HDFC_ACC_20199,HDFC_ACC_20060,239480.11,2026-01-11 06:05:24,SETTLEMENT,RTGS,HDFC Bank,IN,0,NORMAL_BANKING_FLOW
TX_HDFC_103534,HDFC_ACC_20084,HDFC_ACC_20168,68668.24,2026-01-10 23:26:27,SETTLEMENT,RTGS,HDFC Bank,IN,0,NORMAL_BANKING_FLOW
TX_HDFC_103535,HDFC_ACC_20109,HDFC_ACC_20166,2691011.9,2026-01-10 19:00:18,SETTLEMENT,NEFT,HDFC Bank,IN,0,NORMAL_BANKING_FLOW
TX_HDFC_103536,HDFC_ACC_20005,HDFC_ACC_20239,1550187.78,2026-01-10 20:07:30,SETTLEMENT,RTGS,HDFC Bank,IN,0,NORMAL_BANKING_FLOW
TX_HDFC_103537,HDFC_ACC_20074,HDFC_ACC_20107,566278.73,2026-01-10 20:30:16,SETTLEMENT,NEFT,HDFC Bank,IN,0,NORMAL_BANKING_FLOW
TX_HDFC_103538,HDFC_ACC_20052,INDUS_ACC_20024,109793.59,2026-01-10 18:17:05,SETTLEMENT,RTGS,HDFC Bank,IN,0,NORMAL_BANKING_FLOW
TX_HDFC_103539,HDFC_ACC_20138,HDFC_ACC_20164,254248.58,2026-01-10 21:15:54,SETTLEMENT,NEFT,HDFC Bank,IN,0,NORMAL_BANKING_FLOW
TX_HDFC_103540,HDFC_ACC_20039,SBI_ACC_20244,224943.36,2026-01-10 16:04:01,SETTLEMENT,NEFT,HDFC Bank,IN,0,NORMAL_BANKING_FLOW
TX_HDFC_103541,HDFC_ACC_20197,PNB_ACC_20247,386132.72,2026-01-10 20:10:00,SETTLEMENT,NEFT,HDFC Bank,IN,0,NORMAL_BANKING_FLOW
TX_HDFC_103542,HDFC_ACC_20115,HDFC_ACC_20129,1323912.04,2026-01-10 18:41:06,SETTLEMENT,NEFT,HDFC Bank,IN,0,NORMAL_BANKING_FLOW
TX_HDFC_103543,HDFC_ACC_20031,HDFC_ACC_20158,705991.69,2026-01-11 03:15:58,SETTLEMENT,RTGS,HDFC Bank,IN,0,NORMAL_BANKING_FLOW
TX_HDFC_103544,HDFC_ACC_20091,INDUS_ACC_20045,82033.77,2026-01-10 20:56:16,SETTLEMENT,RTGS,HDFC Bank,IN,0,NORMAL_BANKING_FLOW
TX_HDFC_103545,HDFC_ACC_20139,SBI_ACC_20233,1219737.34,2026-01-10 23:33:36,SETTLEMENT,RTGS,HDFC Bank,IN,0,NORMAL_BANKING_FLOW
TX_HDFC_103546,HDFC_ACC_20203,ICICI_ACC_20041,378679.45,2026-01-11 05:10:30,SETTLEMENT,RTGS,HDFC Bank,IN,0,NORMAL_BANKING_FLOW
TX_HDFC_103547,HDFC_ACC_20133,BOB_ACC_20049,571358.64,2026-01-10 17:58:24,SETTLEMENT,NEFT,HDFC Bank,IN,0,NORMAL_BANKING_FLOW
TX_HDFC_103548,HDFC_ACC_20193,HDFC_ACC_20007,1346736.67,2026-01-11 01:50:15,SETTLEMENT,RTGS,HDFC Bank,IN,0,NORMAL_BANKING_FLOW
TX_HDFC_103549,HDFC_ACC_20202,ICICI_ACC_20206,79004.63,2026-01-10 22:28:48,SETTLEMENT,RTGS,HDFC Bank,IN,0,NORMAL_BANKING_FLOW
TX_HDFC_103550,HDFC_ACC_20103,HDFC_ACC_20048,257968.27,2026-01-11 02:36:43,SETTLEMENT,RTGS,HDFC Bank,IN,0,NORMAL_BANKING_FLOW
TX_HDFC_103551,HDFC_ACC_20198,HDFC_ACC_20178,149552.08,2026-01-11 05:15:00,SETTLEMENT,RTGS,HDFC Bank,IN,0,NORMAL_BANKING_FLOW
TX_HDFC_103552,HDFC_ACC_20190,HDFC_ACC_20168,47827.43,2026-01-10 16:07:49,SETTLEMENT,RTGS,HDFC Bank,IN,0,NORMAL_BANKING_FLOW
TX_HDFC_103553,HDFC_ACC_20117,HDFC_ACC_20165,392927.73,2026-01-11 02:16:32,SETTLEMENT,RTGS,HDFC Bank,IN,0,NORMAL_BANKING_FLOW
TX_HDFC_103554,HDFC_ACC_20010,HDFC_ACC_20049,4251201.5,2026-01-10 23:16:54,SETTLEMENT,NEFT,HDFC Bank,IN,0,NORMAL_BANKING_FLOW
TX_HDFC_103555,HDFC_ACC_20004,INDUS_ACC_20166,35451.27,2026-01-10 14:38:30,SETTLEMENT,RTGS,HDFC Bank,IN,0,NORMAL_BANKING_FLOW
TX_HDFC_103556,HDFC_ACC_20214,HDFC_ACC_20080,258976.17,2026-01-10 22:33:00,SETTLEMENT,RTGS,HDFC Bank,IN,0,NORMAL_BANKING_FLOW
TX_HDFC_103557,HDFC_ACC_20215,HDFC_ACC_20133,542854.84,2026-01-11 01:34:24,SETTLEMENT,NEFT,HDFC Bank,IN,0,NORMAL_BANKING_FLOW
TX_HDFC_103558,HDFC_ACC_20151,HDFC_ACC_20126,307240.47,2026-01-11 03:50:50,SETTLEMENT,RTGS,HDFC Bank,IN,0,NORMAL_BANKING_FLOW
TX_HDFC_103559,HDFC_ACC_20185,ICICI_ACC_20159,236939.27,2026-01-11 03:51:40,SETTLEMENT,RTGS,HDFC Bank,IN,0,NORMAL_BANKING_FLOW
TX_HDFC_103560,HDFC_ACC_20163,HDFC_ACC_20079,64270.88,2026-01-10 15:25:03,SETTLEMENT,RTGS,HDFC Bank,IN,0,NORMAL_BANKING_FLOW
TX_HDFC_103561,HDFC_ACC_20075,HDFC_ACC_20027,346648.1,2026-01-11 03:30:40,SETTLEMENT,RTGS,HDFC Bank,IN,0,NORMAL_BANKING_FLOW
TX_HDFC_103562,HDFC_ACC_20170,AXIS_ACC_20178,116723.09,2026-01-10 15:48:18,SETTLEMENT,RTGS,HDFC Bank,IN,0,NORMAL_BANKING_FLOW
TX_HDFC_103563,HDFC_ACC_20039,HDFC_ACC_20218,24126.98,2026-01-10 20:43:42,SETTLEMENT,RTGS,HDFC Bank,IN,0,NORMAL_BANKING_FLOW
TX_HDFC_103564,HDFC_ACC_20249,HDFC_ACC_20019,998541.95,2026-01-11 00:31:23,SETTLEMENT,RTGS,HDFC Bank,IN,0,NORMAL_BANKING_FLOW
TX_HDFC_103565,HDFC_ACC_20076,HDFC_ACC_20006,770060.53,2026-01-11 02:25:44,SETTLEMENT,NEFT,HDFC Bank,IN,0,NORMAL_BANKING_FLOW
TX_HDFC_103566,HDFC_ACC_20182,HDFC_ACC_20035,284027.71,2026-01-10 21:30:45,SETTLEMENT,NEFT,HDFC Bank,IN,0,NORMAL_BANKING_FLOW
TX_HDFC_103567,HDFC_ACC_20218,HDFC_ACC_20029,345235.53,2026-01-11 03:12:48,SETTLEMENT,RTGS,HDFC Bank,IN,0,NORMAL_BANKING_FLOW
TX_HDFC_103568,HDFC_ACC_20196,HDFC_ACC_20228,874799.34,2026-01-10 16:58:27,SETTLEMENT,RTGS,HDFC Bank,IN,0,NORMAL_BANKING_FLOW
TX_HDFC_103569,HDFC_ACC_20054,HDFC_ACC_20020,343442.03,2026-01-10 17:21:36,SETTLEMENT,NEFT,HDFC Bank,IN,0,NORMAL_BANKING_FLOW
TX_HDFC_103570,HDFC_ACC_20079,BOB_ACC_20193,725357.06,2026-01-10 20:01:41,SETTLEMENT,NEFT,HDFC Bank,IN,0,NORMAL_BANKING_FLOW
TX_HDFC_103571,HDFC_ACC_20020,BOB_ACC_20239,193449.08,2026-01-11 03:38:50,SETTLEMENT,RTGS,HDFC Bank,IN,0,NORMAL_BANKING_FLOW
TX_HDFC_103572,HDFC_ACC_20139,HDFC_ACC_20142,1136179.77,2026-01-11 04:25:21,SETTLEMENT,RTGS,HDFC Bank,IN,0,NORMAL_BANKING_FLOW
TX_HDFC_103573,HDFC_ACC_20229,HDFC_ACC_20239,381880.99,2026-01-11 06:43:24,SETTLEMENT,NEFT,HDFC Bank,IN,0,NORMAL_BANKING_FLOW
TX_HDFC_103574,HDFC_ACC_20224,HDFC_ACC_20168,332188.26,2026-01-10 15:29:01,SETTLEMENT,NEFT,HDFC Bank,IN,0,NORMAL_BANKING_FLOW
TX_HDFC_103575,HDFC_ACC_20013,HDFC_ACC_20025,66365.51,2026-01-10 22:44:24,SETTLEMENT,NEFT,HDFC Bank,IN,0,NORMAL_BANKING_FLOW
TX_HDFC_103576,HDFC_ACC_20228,HDFC_ACC_20120,367931.27,2026-01-11 04:51:40,SETTLEMENT,NEFT,HDFC Bank,IN,0,NORMAL_BANKING_FLOW
TX_HDFC_103577,HDFC_ACC_20027,HDFC_ACC_20152,107457.38,2026-01-10 23:31:28,SETTLEMENT,RTGS,HDFC Bank,IN,0,NORMAL_BANKING_FLOW
TX_HDFC_103578,HDFC_ACC_20063,HDFC_ACC_20043,132971.35,2026-01-11 04:07:30,SETTLEMENT,RTGS,HDFC Bank,IN,0,NORMAL_BANKING_FLOW
TX_HDFC_103579,HDFC_ACC_20145,ICICI_ACC_20161,109435.08,2026-01-10 18:57:08,SETTLEMENT,RTGS,HDFC Bank,IN,0,NORMAL_BANKING_FLOW
TX_HDFC_103580,HDFC_ACC_20186,AXIS_ACC_20188,83045.3,2026-01-10 15:07:44,SETTLEMENT,RTGS,HDFC Bank,IN,0,NORMAL_BANKING_FLOW
TX_HDFC_103581,HDFC_ACC_20104,HDFC_ACC_20134,2778018.73,2026-01-11 07:14:00,SETTLEMENT,RTGS,HDFC Bank,IN,0,NORMAL_BANKING_FLOW
TX_HDFC_103582,HDFC_ACC_20186,KOTAK_ACC_20126,1160629.36,2026-01-10 21:16:32,SETTLEMENT,RTGS,HDFC Bank,IN,0,NORMAL_BANKING_FLOW
TX_HDFC_103583,HDFC_ACC_20110,HDFC_ACC_20171,2218638.44,2026-01-11 04:11:40,SETTLEMENT,NEFT,HDFC Bank,IN,0,NORMAL_BANKING_FLOW
TX_HDFC_103584,HDFC_ACC_20135,HDFC_ACC_20034,69899.62,2026-01-10 23:58:57,SETTLEMENT,NEFT,HDFC Bank,IN,0,NORMAL_BANKING_FLOW
TX_HDFC_103585,HDFC_ACC_20105,PNB_ACC_20068,290215.53,2026-01-11 00:22:40,SETTLEMENT,RTGS,HDFC Bank,IN,0,NORMAL_BANKING_FLOW
TX_HDFC_103586,HDFC_ACC_20227,HDFC_ACC_20107,64675.75,2026-01-10 20:32:30,SETTLEMENT,RTGS,HDFC Bank,IN,0,NORMAL_BANKING_FLOW
TX_HDFC_103587,HDFC_ACC_20127,HDFC_ACC_20029,124833.44,2026-01-10 20:56:06,SETTLEMENT,RTGS,HDFC Bank,IN,0,NORMAL_BANKING_FLOW
TX_HDFC_103588,HDFC_ACC_20191,HDFC_ACC_20032,97739.43,2026-01-11 00:24:40,SETTLEMENT,RTGS,HDFC Bank,IN,0,NORMAL_BANKING_FLOW
TX_HDFC_103589,HDFC_ACC_20164,HDFC_ACC_20248,1049204.07,2026-01-11 04:39:48,SETTLEMENT,NEFT,HDFC Bank,IN,0,NORMAL_BANKING_FLOW
TX_HDFC_103590,HDFC_ACC_20182,HDFC_ACC_20063,173537.22,2026-01-11 06:59:33,SETTLEMENT,NEFT,HDFC Bank,IN,0,NORMAL_BANKING_FLOW
TX_HDFC_103591,HDFC_ACC_20175,HDFC_ACC_20248,869103.3,2026-01-10 15:33:50,SETTLEMENT,RTGS,HDFC Bank,IN,0,NORMAL_BANKING_FLOW
TX_HDFC_103592,HDFC_ACC_20028,HDFC_ACC_20167,521535.68,2026-01-10 19:49:08,SETTLEMENT,NEFT,HDFC Bank,IN,0,NORMAL_BANKING_FLOW
TX_HDFC_103593,HDFC_ACC_20212,HDFC_ACC_20105,3382083.94,2026-01-10 19:49:36,SETTLEMENT,RTGS,HDFC Bank,IN,0,NORMAL_BANKING_FLOW
TX_HDFC_103594,HDFC_ACC_20114,HDFC_ACC_20186,52712.68,2026-01-10 17:07:33,SETTLEMENT,NEFT,HDFC Bank,IN,0,NORMAL_BANKING_FLOW
TX_HDFC_103595,HDFC_ACC_20222,HDFC_ACC_20105,1072128.59,2026-01-11 06:41:04,SETTLEMENT,RTGS,HDFC Bank,IN,0,NORMAL_BANKING_FLOW
TX_HDFC_103596,HDFC_ACC_20174,HDFC_ACC_20169,947028.96,2026-01-11 00:06:45,SETTLEMENT,RTGS,HDFC Bank,IN,0,NORMAL_BANKING_FLOW
TX_HDFC_103597,HDFC_ACC_20037,HDFC_ACC_20091,91976.03,2026-01-10 19:28:12,SETTLEMENT,RTGS,HDFC Bank,IN,0,NORMAL_BANKING_FLOW
TX_HDFC_103598,HDFC_ACC_20219,KOTAK_ACC_20125,812480.08,2026-01-10 19:28:39,SETTLEMENT,RTGS,HDFC Bank,IN,0,NORMAL_BANKING_FLOW
TX_HDFC_103599,HDFC_ACC_20111,HDFC_ACC_20000,388387.74,2026-01-11 02:51:48,SETTLEMENT,RTGS,HDFC Bank,IN,0,NORMAL_BANKING_FLOW
TX_HDFC_103600,HDFC_ACC_20015,SBI_ACC_20191,208934.51,2026-01-11 01:19:18,SETTLEMENT,RTGS,HDFC Bank,IN,0,NORMAL_BANKING_FLOW
TX_HDFC_103601,HDFC_ACC_20052,HDFC_ACC_20226,108409.5,2026-01-11 02:06:40,SETTLEMENT,RTGS,HDFC Bank,IN,0,NORMAL_BANKING_FLOW
TX_HDFC_103602,HDFC_ACC_20071,HDFC_ACC_20197,121659.28,2026-01-10 21:50:33,SETTLEMENT,NEFT,HDFC Bank,IN,0,NORMAL_BANKING_FLOW
TX_HDFC_103603,HDFC_ACC_20195,HDFC_ACC_20150,2558145.92,2026-01-10 14:50:30,SETTLEMENT,RTGS,HDFC Bank,IN,0,NORMAL_BANKING_FLOW
TX_HDFC_103604,HDFC_ACC_20164,HDFC_ACC_20051,268538.91,2026-01-11 02:08:52,SETTLEMENT,NEFT,HDFC Bank,IN,0,NORMAL_BANKING_FLOW
TX_HDFC_103605,HDFC_ACC_20214,HDFC_ACC_20099,634341.67,2026-01-11 08:00:36,SETTLEMENT,RTGS,HDFC Bank,IN,0,NORMAL_BANKING_FLOW
TX_HDFC_103606,HDFC_ACC_20056,HDFC_ACC_20034,112421.52,2026-01-10 21:29:20,SETTLEMENT,NEFT,HDFC Bank,IN,0,NORMAL_BANKING_FLOW
TX_HDFC_103607,HDFC_ACC_20165,HDFC_ACC_20056,113795.9,2026-01-10 15:14:56,SETTLEMENT,RTGS,HDFC Bank,IN,0,NORMAL_BANKING_FLOW
TX_HDFC_103608,HDFC_ACC_20239,HDFC_ACC_20068,882208.14,2026-01-11 04:32:30,SETTLEMENT,RTGS,HDFC Bank,IN,0,NORMAL_BANKING_FLOW
TX_HDFC_103609,HDFC_ACC_20176,HDFC_ACC_20221,60807.36,2026-01-10 23:51:44,SETTLEMENT,RTGS,HDFC Bank,IN,0,NORMAL_BANKING_FLOW
TX_HDFC_103610,HDFC_ACC_20079,SBI_ACC_20016,169950.9,2026-01-11 07:18:33,SETTLEMENT,RTGS,HDFC Bank,IN,0,NORMAL_BANKING_FLOW
TX_HDFC_103611,HDFC_ACC_20027,HDFC_ACC_20073,278571.53,2026-01-11 04:58:30,SETTLEMENT,RTGS,HDFC Bank,IN,0,NORMAL_BANKING_FLOW
TX_HDFC_103612,HDFC_ACC_20193,BOB_ACC_20219,303309.76,2026-01-10 21:09:01,SETTLEMENT,RTGS,HDFC Bank,IN,0,NORMAL_BANKING_FLOW
TX_HDFC_103613,HDFC_ACC_20236,HDFC_ACC_20046,220355.49,2026-01-11 06:10:48,SETTLEMENT,RTGS,HDFC Bank,IN,0,NORMAL_BANKING_FLOW
TX_HDFC_103614,HDFC_ACC_20135,HDFC_ACC_20246,414737.79,2026-01-11 06:35:15,SETTLEMENT,RTGS,HDFC Bank,IN,0,NORMAL_BANKING_FLOW
TX_HDFC_103615,HDFC_ACC_20176,YES_ACC_20145,575009.21,2026-01-10 15:17:04,SETTLEMENT,NEFT,HDFC Bank,IN,0,NORMAL_BANKING_FLOW
TX_HDFC_103616,HDFC_ACC_20049,HDFC_ACC_20188,602053.32,2026-01-10 23:09:00,SETTLEMENT,NEFT,HDFC Bank,IN,0,NORMAL_BANKING_FLOW
TX_HDFC_103617,HDFC_ACC_20108,HDFC_ACC_20206,90727.5,2026-01-10 22:22:24,SETTLEMENT,RTGS,HDFC Bank,IN,0,NORMAL_BANKING_FLOW
TX_HDFC_103618,HDFC_ACC_20160,HDFC_ACC_20216,196305.89,2026-01-10 21:35:44,SETTLEMENT,RTGS,HDFC Bank,IN,0,NORMAL_BANKING_FLOW
TX_HDFC_103619,HDFC_ACC_20091,HDFC_ACC_20121,998729.4,2026-01-11 05:52:34,SETTLEMENT,RTGS,HDFC Bank,IN,0,NORMAL_BANKING_FLOW
TX_HDFC_103620,HDFC_ACC_20062,HDFC_ACC_20220,717918.91,2026-01-11 06:17:06,SETTLEMENT,NEFT,HDFC Bank,IN,0,NORMAL_BANKING_FLOW
TX_HDFC_103621,HDFC_ACC_20194,HDFC_ACC_20085,59269.77,2026-01-10 23:12:00,SETTLEMENT,NEFT,HDFC Bank,IN,0,NORMAL_BANKING_FLOW
TX_HDFC_103622,HDFC_ACC_20245,HDFC_ACC_20176,394994.8,2026-01-11 03:09:26,SETTLEMENT,NEFT,HDFC Bank,IN,0,NORMAL_BANKING_FLOW
TX_HDFC_103623,HDFC_ACC_20229,HDFC_ACC_20105,30453.38,2026-01-10 16:30:18,SETTLEMENT,NEFT,HDFC Bank,IN,0,NORMAL_BANKING_FLOW
TX_HDFC_103624,HDFC_ACC_20105,HDFC_ACC_20190,282554.97,2026-01-10 15:43:11,SETTLEMENT,NEFT,HDFC Bank,IN,0,NORMAL_BANKING_FLOW
TX_HDFC_103625,HDFC_ACC_20249,HDFC_ACC_20183,2164161.87,2026-01-10 16:30:56,SETTLEMENT,NEFT,HDFC Bank,IN,0,NORMAL_BANKING_FLOW
TX_HDFC_103626,HDFC_ACC_20054,HDFC_ACC_20024,94591.04,2026-01-10 18:06:15,SETTLEMENT,NEFT,HDFC Bank,IN,0,NORMAL_BANKING_FLOW
TX_HDFC_103627,HDFC_ACC_20235,HDFC_ACC_20030,107177.83,2026-01-10 15:44:02,SETTLEMENT,NEFT,HDFC Bank,IN,0,NORMAL_BANKING_FLOW
TX_HDFC_103628,HDFC_ACC_20227,HDFC_ACC_20053,621836.68,2026-01-10 21:41:04,SETTLEMENT,RTGS,HDFC Bank,IN,0,NORMAL_BANKING_FLOW
TX_HDFC_103629,HDFC_ACC_20060,HDFC_ACC_20023,49164.07,2026-01-10 16:56:00,SETTLEMENT,NEFT,HDFC Bank,IN,0,NORMAL_BANKING_FLOW
TX_HDFC_103630,HDFC_ACC_20137,KOTAK_ACC_20011,133782.34,2026-01-10 21:18:19,SETTLEMENT,RTGS,HDFC Bank,IN,0,NORMAL_BANKING_FLOW
TX_HDFC_103631,HDFC_ACC_20138,HDFC_ACC_20194,517148.45,2026-01-11 02:52:30,SETTLEMENT,RTGS,HDFC Bank,IN,0,NORMAL_BANKING_FLOW
TX_HDFC_103632,HDFC_ACC_20237,KOTAK_ACC_20203,133557.26,2026-01-11 08:27:09,SETTLEMENT,RTGS,HDFC Bank,IN,0,NORMAL_BANKING_FLOW
TX_HDFC_103633,HDFC_ACC_20025,HDFC_ACC_20150,206991.5,2026-01-11 01:18:32,SETTLEMENT,RTGS,HDFC Bank,IN,0,NORMAL_BANKING_FLOW
TX_HDFC_103634,HDFC_ACC_20071,HDFC_ACC_20179,608410.0,2026-01-10 20:32:37,SETTLEMENT,RTGS,HDFC Bank,IN,0,NORMAL_BANKING_FLOW
TX_HDFC_103635,HDFC_ACC_20192,HDFC_ACC_20178,426642.07,2026-01-10 23:44:18,SETTLEMENT,RTGS,HDFC Bank,IN,0,NORMAL_BANKING_FLOW
TX_HDFC_103636,HDFC_ACC_20024,SBI_ACC_20170,359870.76,2026-01-10 18:57:55,SETTLEMENT,NEFT,HDFC Bank,IN,0,NORMAL_BANKING_FLOW
TX_HDFC_103637,HDFC_ACC_20210,HDFC_ACC_20188,184788.18,2026-01-10 21:45:52,SETTLEMENT,NEFT,HDFC Bank,IN,0,NORMAL_BANKING_FLOW
TX_HDFC_103638,HDFC_ACC_20050,KOTAK_ACC_20033,403151.31,2026-01-10 15:47:09,SETTLEMENT,RTGS,HDFC Bank,IN,0,NORMAL_BANKING_FLOW
TX_HDFC_103639,HDFC_ACC_20169,HDFC_ACC_20158,234191.41,2026-01-10 22:10:54,SETTLEMENT,RTGS,HDFC Bank,IN,0,NORMAL_BANKING_FLOW
TX_HDFC_103640,HDFC_ACC_20185,KOTAK_ACC_20093,444002.81,2026-01-10 18:11:37,SETTLEMENT,NEFT,HDFC Bank,IN,0,NORMAL_BANKING_FLOW
TX_HDFC_103641,HDFC_ACC_20194,HDFC_ACC_20175,155340.5,2026-01-11 07:00:00,SETTLEMENT,RTGS,HDFC Bank,IN,0,NORMAL_BANKING_FLOW
TX_HDFC_103642,HDFC_ACC_20016,AXIS_ACC_20121,219514.62,2026-01-11 01:48:42,SETTLEMENT,NEFT,HDFC Bank,IN,0,NORMAL_BANKING_FLOW
TX_HDFC_103643,HDFC_ACC_20095,HDFC_ACC_20044,90313.88,2026-01-11 00:37:18,SETTLEMENT,NEFT,HDFC Bank,IN,0,NORMAL_BANKING_FLOW
TX_HDFC_103644,HDFC_ACC_20107,HDFC_ACC_20196,258200.48,2026-01-11 08:14:54,SETTLEMENT,RTGS,HDFC Bank,IN,0,NORMAL_BANKING_FLOW
TX_HDFC_103645,HDFC_ACC_20039,HDFC_ACC_20112,109962.98,2026-01-10 19:01:40,SETTLEMENT,NEFT,HDFC Bank,IN,0,NORMAL_BANKING_FLOW
TX_HDFC_103646,HDFC_ACC_20042,HDFC_ACC_20134,78790.59,2026-01-10 20:38:25,SETTLEMENT,RTGS,HDFC Bank,IN,0,NORMAL_BANKING_FLOW
TX_HDFC_103647,HDFC_ACC_20173,HDFC_ACC_20231,356656.09,2026-01-11 09:06:00,SETTLEMENT,RTGS,HDFC Bank,IN,0,NORMAL_BANKING_FLOW
TX_HDFC_103648,HDFC_ACC_20234,HDFC_ACC_20084,339087.6,2026-01-11 05:54:04,SETTLEMENT,RTGS,HDFC Bank,IN,0,NORMAL_BANKING_FLOW
TX_HDFC_103649,HDFC_ACC_20152,HDFC_ACC_20145,634860.84,2026-01-11 02:17:44,SETTLEMENT,NEFT,HDFC Bank,IN,0,NORMAL_BANKING_FLOW
TX_HDFC_103650,HDFC_ACC_20108,HDFC_ACC_20215,167002.13,2026-01-10 20:16:12,SETTLEMENT,RTGS,HDFC Bank,IN,0,NORMAL_BANKING_FLOW
TX_HDFC_103651,HDFC_ACC_20066,HDFC_ACC_20238,420356.37,2026-01-11 02:19:10,SETTLEMENT,NEFT,HDFC Bank,IN,0,NORMAL_BANKING_FLOW
TX_HDFC_103652,HDFC_ACC_20075,HDFC_ACC_20138,491824.55,2026-01-10 15:26:56,SETTLEMENT,NEFT,HDFC Bank,IN,0,NORMAL_BANKING_FLOW
TX_HDFC_103653,HDFC_ACC_20223,HDFC_ACC_20203,437683.44,2026-01-11 02:44:48,SETTLEMENT,RTGS,HDFC Bank,IN,0,NORMAL_BANKING_FLOW
TX_HDFC_103654,HDFC_ACC_20013,HDFC_ACC_20180,108204.79,2026-01-11 08:48:47,SETTLEMENT,NEFT,HDFC Bank,IN,0,NORMAL_BANKING_FLOW
TX_HDFC_103655,HDFC_ACC_20028,HDFC_ACC_20102,316253.64,2026-01-11 04:47:26,SETTLEMENT,RTGS,HDFC Bank,IN,0,NORMAL_BANKING_FLOW
TX_HDFC_103656,HDFC_ACC_20188,SBI_ACC_20132,400534.16,2026-01-11 07:38:00,SETTLEMENT,RTGS,HDFC Bank,IN,0,NORMAL_BANKING_FLOW
TX_HDFC_103657,HDFC_ACC_20059,KOTAK_ACC_20232,270464.55,2026-01-10 19:30:56,SETTLEMENT,RTGS,HDFC Bank,IN,0,NORMAL_BANKING_FLOW
TX_HDFC_103658,HDFC_ACC_20155,HDFC_ACC_20018,27034.65,2026-01-10 16:17:06,SETTLEMENT,RTGS,HDFC Bank,IN,0,NORMAL_BANKING_FLOW
TX_HDFC_103659,HDFC_ACC_20021,HDFC_ACC_20138,320147.97,2026-01-10 21:09:00,SETTLEMENT,RTGS,HDFC Bank,IN,0,NORMAL_BANKING_FLOW
TX_HDFC_103660,HDFC_ACC_20085,HDFC_ACC_20212,3059567.56,2026-01-10 17:06:20,SETTLEMENT,NEFT,HDFC Bank,IN,0,NORMAL_BANKING_FLOW
TX_HDFC_103661,HDFC_ACC_20125,KOTAK_ACC_20035,180584.99,2026-01-10 19:32:40,SETTLEMENT,NEFT,HDFC Bank,IN,0,NORMAL_BANKING_FLOW
TX_HDFC_103662,HDFC_ACC_20022,HDFC_ACC_20160,120465.08,2026-01-10 20:46:09,SETTLEMENT,RTGS,HDFC Bank,IN,0,NORMAL_BANKING_FLOW
TX_HDFC_103663,HDFC_ACC_20184,HDFC_ACC_20020,404611.82,2026-01-11 02:27:46,SETTLEMENT,NEFT,HDFC Bank,IN,0,NORMAL_BANKING_FLOW
TX_HDFC_103664,HDFC_ACC_20174,HDFC_ACC_20217,378365.54,2026-01-10 23:13:25,SETTLEMENT,RTGS,HDFC Bank,IN,0,NORMAL_BANKING_FLOW
TX_HDFC_103665,HDFC_ACC_20195,HDFC_ACC_20006,996504.25,2026-01-10 23:38:24,SETTLEMENT,NEFT,HDFC Bank,IN,0,NORMAL_BANKING_FLOW
TX_HDFC_103666,HDFC_ACC_20220,SBI_ACC_20021,67261.62,2026-01-11 08:11:45,SETTLEMENT,RTGS,HDFC Bank,IN,0,NORMAL_BANKING_FLOW
TX_HDFC_103667,HDFC_ACC_20190,ICICI_ACC_20021,599900.01,2026-01-10 23:15:10,SETTLEMENT,NEFT,HDFC Bank,IN,0,NORMAL_BANKING_FLOW
TX_HDFC_103668,HDFC_ACC_20243,CANARA_ACC_20200,513735.73,2026-01-11 09:02:33,SETTLEMENT,NEFT,HDFC Bank,IN,0,NORMAL_BANKING_FLOW
TX_HDFC_103669,HDFC_ACC_20014,SBI_ACC_20184,229495.52,2026-01-11 04:58:52,SETTLEMENT,RTGS,HDFC Bank,IN,0,NORMAL_BANKING_FLOW
TX_HDFC_103670,HDFC_ACC_20080,HDFC_ACC_20029,389475.43,2026-01-10 18:47:36,SETTLEMENT,RTGS,HDFC Bank,IN,0,NORMAL_BANKING_FLOW
TX_HDFC_103671,HDFC_ACC_20192,HDFC_ACC_20040,832678.78,2026-01-11 04:11:30,SETTLEMENT,RTGS,HDFC Bank,IN,0,NORMAL_BANKING_FLOW
TX_HDFC_103672,HDFC_ACC_20037,HDFC_ACC_20148,700498.09,2026-01-10 17:10:20,SETTLEMENT,RTGS,HDFC Bank,IN,0,NORMAL_BANKING_FLOW
TX_HDFC_103673,HDFC_ACC_20125,HDFC_ACC_20197,76319.12,2026-01-11 05:02:08,SETTLEMENT,RTGS,HDFC Bank,IN,0,NORMAL_BANKING_FLOW
TX_HDFC_103674,HDFC_ACC_20211,BOB_ACC_20159,661439.64,2026-01-10 16:46:27,SETTLEMENT,NEFT,HDFC Bank,IN,0,NORMAL_BANKING_FLOW
TX_HDFC_103675,HDFC_ACC_20120,HDFC_ACC_20111,249906.6,2026-01-10 15:57:38,SETTLEMENT,NEFT,HDFC Bank,IN,0,NORMAL_BANKING_FLOW
TX_HDFC_103676,HDFC_ACC_20153,HDFC_ACC_20170,290733.26,2026-01-11 03:01:40,SETTLEMENT,NEFT,HDFC Bank,IN,0,NORMAL_BANKING_FLOW
TX_HDFC_103677,HDFC_ACC_20096,HDFC_ACC_20087,290836.55,2026-01-10 21:42:36,SETTLEMENT,RTGS,HDFC Bank,IN,0,NORMAL_BANKING_FLOW
TX_HDFC_103678,HDFC_ACC_20132,HDFC_ACC_20038,227460.69,2026-01-10 17:12:20,SETTLEMENT,NEFT,HDFC Bank,IN,0,NORMAL_BANKING_FLOW
TX_HDFC_103679,HDFC_ACC_20031,HDFC_ACC_20039,995378.4,2026-01-11 01:25:20,SETTLEMENT,NEFT,HDFC Bank,IN,0,NORMAL_BANKING_FLOW
TX_HDFC_103680,HDFC_ACC_20082,HDFC_ACC_20012,244729.85,2026-01-10 22:08:48,SETTLEMENT,RTGS,HDFC Bank,IN,0,NORMAL_BANKING_FLOW
TX_HDFC_103681,HDFC_ACC_20043,YES_ACC_20186,78315.38,2026-01-11 00:37:20,SETTLEMENT,NEFT,HDFC Bank,IN,0,NORMAL_BANKING_FLOW
TX_HDFC_103682,HDFC_ACC_20010,HDFC_ACC_20014,174053.35,2026-01-10 15:59:37,SETTLEMENT,RTGS,HDFC Bank,IN,0,NORMAL_BANKING_FLOW
TX_HDFC_103683,HDFC_ACC_20105,HDFC_ACC_20158,326623.75,2026-01-11 01:52:42,SETTLEMENT,NEFT,HDFC Bank,IN,0,NORMAL_BANKING_FLOW
TX_HDFC_103684,HDFC_ACC_20090,SBI_ACC_20197,1037304.69,2026-01-11 05:35:50,SETTLEMENT,RTGS,HDFC Bank,IN,0,NORMAL_BANKING_FLOW
TX_HDFC_103685,HDFC_ACC_20243,BOB_ACC_20047,520947.29,2026-01-11 07:15:36,SETTLEMENT,RTGS,HDFC Bank,IN,0,NORMAL_BANKING_FLOW
TX_HDFC_103686,HDFC_ACC_20068,ICICI_ACC_20221,105283.42,2026-01-10 18:29:15,SETTLEMENT,NEFT,HDFC Bank,IN,0,NORMAL_BANKING_FLOW
TX_HDFC_103687,HDFC_ACC_20135,HDFC_ACC_20143,4129673.51,2026-01-11 01:30:40,SETTLEMENT,NEFT,HDFC Bank,IN,0,NORMAL_BANKING_FLOW
TX_HDFC_103688,HDFC_ACC_20066,HDFC_ACC_20067,359062.89,2026-01-11 04:49:36,SETTLEMENT,RTGS,HDFC Bank,IN,0,NORMAL_BANKING_FLOW
TX_HDFC_103689,HDFC_ACC_20242,HDFC_ACC_20225,1091354.14,2026-01-11 08:08:48,SETTLEMENT,NEFT,HDFC Bank,IN,0,NORMAL_BANKING_FLOW
TX_HDFC_103690,HDFC_ACC_20096,KOTAK_ACC_20135,227092.82,2026-01-10 21:24:30,SETTLEMENT,RTGS,HDFC Bank,IN,0,NORMAL_BANKING_FLOW
TX_HDFC_103691,HDFC_ACC_20068,HDFC_ACC_20173,482480.2,2026-01-11 08:10:40,SETTLEMENT,NEFT,HDFC Bank,IN,0,NORMAL_BANKING_FLOW
TX_HDFC_103692,HDFC_ACC_20102,HDFC_ACC_20075,675639.79,2026-01-10 16:52:09,SETTLEMENT,NEFT,HDFC Bank,IN,0,NORMAL_BANKING_FLOW
TX_HDFC_103693,HDFC_ACC_20165,HDFC_ACC_20188,1024806.31,2026-01-10 19:21:40,SETTLEMENT,RTGS,HDFC Bank,IN,0,NORMAL_BANKING_FLOW
TX_HDFC_103694,HDFC_ACC_20040,HDFC_ACC_20226,858640.1,2026-01-10 23:06:02,SETTLEMENT,RTGS,HDFC Bank,IN,0,NORMAL_BANKING_FLOW
TX_HDFC_103695,HDFC_ACC_20033,HDFC_ACC_20186,700406.88,2026-01-11 02:00:54,SETTLEMENT,RTGS,HDFC Bank,IN,0,NORMAL_BANKING_FLOW
TX_HDFC_103696,HDFC_ACC_20026,HDFC_ACC_20200,189738.98,2026-01-11 04:56:00,SETTLEMENT,RTGS,HDFC Bank,IN,0,NORMAL_BANKING_FLOW
TX_HDFC_103697,HDFC_ACC_20223,HDFC_ACC_20099,143068.58,2026-01-10 21:52:56,SETTLEMENT,NEFT,HDFC Bank,IN,0,NORMAL_BANKING_FLOW
TX_HDFC_103698,HDFC_ACC_20161,HDFC_ACC_20090,386879.39,2026-01-10 22:43:21,SETTLEMENT,RTGS,HDFC Bank,IN,0,NORMAL_BANKING_FLOW
TX_HDFC_103699,HDFC_ACC_20221,AXIS_ACC_20103,748960.02,2026-01-11 00:48:44,SETTLEMENT,RTGS,HDFC Bank,IN,0,NORMAL_BANKING_FLOW
TX_HDFC_103700,HDFC_ACC_20094,HDFC_ACC_20175,210030.33,2026-01-10 21:04:31,SETTLEMENT,RTGS,HDFC Bank,IN,0,NORMAL_BANKING_FLOW
TX_HDFC_103701,HDFC_ACC_20245,SBI_ACC_20171,866042.41,2026-01-10 19:50:00,SETTLEMENT,NEFT,HDFC Bank,IN,0,NORMAL_BANKING_FLOW
TX_HDFC_103702,HDFC_ACC_20078,HDFC_ACC_20071,1326266.51,2026-01-10 17:20:20,SETTLEMENT,RTGS,HDFC Bank,IN,0,NORMAL_BANKING_FLOW
TX_HDFC_103703,HDFC_ACC_20245,BOB_ACC_20234,97933.8,2026-01-10 22:46:06,SETTLEMENT,RTGS,HDFC Bank,IN,0,NORMAL_BANKING_FLOW
TX_HDFC_103704,HDFC_ACC_20187,HDFC_ACC_20061,106872.01,2026-01-10 15:40:48,SETTLEMENT,RTGS,HDFC Bank,IN,0,NORMAL_BANKING_FLOW
TX_HDFC_103705,HDFC_ACC_20132,HDFC_ACC_20070,229943.16,2026-01-11 05:53:20,SETTLEMENT,RTGS,HDFC Bank,IN,0,NORMAL_BANKING_FLOW
TX_HDFC_103706,HDFC_ACC_20034,HDFC_ACC_20213,376387.3,2026-01-11 00:03:00,SETTLEMENT,RTGS,HDFC Bank,IN,0,NORMAL_BANKING_FLOW
TX_HDFC_103707,HDFC_ACC_20176,HDFC_ACC_20074,150689.44,2026-01-11 09:40:54,SETTLEMENT,NEFT,HDFC Bank,IN,0,NORMAL_BANKING_FLOW
TX_HDFC_103708,HDFC_ACC_20218,HDFC_ACC_20052,1187573.78,2026-01-11 09:16:46,SETTLEMENT,RTGS,HDFC Bank,IN,0,NORMAL_BANKING_FLOW
TX_HDFC_103709,HDFC_ACC_20195,KOTAK_ACC_20212,427826.73,2026-01-10 20:43:44,SETTLEMENT,NEFT,HDFC Bank,IN,0,NORMAL_BANKING_FLOW
TX_HDFC_103710,HDFC_ACC_20080,ICICI_ACC_20101,280237.22,2026-01-11 05:07:12,SETTLEMENT,NEFT,HDFC Bank,IN,0,NORMAL_BANKING_FLOW
TX_HDFC_103711,HDFC_ACC_20206,HDFC_ACC_20024,55298.41,2026-01-10 21:09:50,SETTLEMENT,RTGS,HDFC Bank,IN,0,NORMAL_BANKING_FLOW
TX_HDFC_103712,HDFC_ACC_20134,HDFC_ACC_20225,63107.99,2026-01-11 10:11:00,SETTLEMENT,RTGS,HDFC Bank,IN,0,NORMAL_BANKING_FLOW
TX_HDFC_103713,HDFC_ACC_20155,KOTAK_ACC_20151,365532.39,2026-01-10 18:14:24,SETTLEMENT,RTGS,HDFC Bank,IN,0,NORMAL_BANKING_FLOW
TX_HDFC_103714,HDFC_ACC_20050,HDFC_ACC_20034,25697.39,2026-01-10 17:24:20,SETTLEMENT,RTGS,HDFC Bank,IN,0,NORMAL_BANKING_FLOW
TX_HDFC_103715,HDFC_ACC_20057,HDFC_ACC_20105,817414.14,2026-01-11 01:49:20,SETTLEMENT,RTGS,HDFC Bank,IN,0,NORMAL_BANKING_FLOW
TX_HDFC_103716,HDFC_ACC_20244,HDFC_ACC_20192,225489.93,2026-01-10 16:09:15,SETTLEMENT,RTGS,HDFC Bank,IN,0,NORMAL_BANKING_FLOW
TX_HDFC_103717,HDFC_ACC_20127,INDUS_ACC_20099,4500000.0,2026-01-11 07:44:24,SETTLEMENT,RTGS,HDFC Bank,IN,0,NORMAL_BANKING_FLOW
TX_HDFC_103718,HDFC_ACC_20128,BOB_ACC_20184,3398034.98,2026-01-10 17:50:57,SETTLEMENT,RTGS,HDFC Bank,IN,0,NORMAL_BANKING_FLOW
TX_HDFC_103719,HDFC_ACC_20002,KOTAK_ACC_20210,219785.21,2026-01-11 05:14:24,SETTLEMENT,RTGS,HDFC Bank,IN,0,NORMAL_BANKING_FLOW
TX_HDFC_103720,HDFC_ACC_20007,HDFC_ACC_20086,238715.87,2026-01-10 15:45:04,SETTLEMENT,RTGS,HDFC Bank,IN,0,NORMAL_BANKING_FLOW
TX_HDFC_103721,HDFC_ACC_20032,BOB_ACC_20236,802221.2,2026-01-11 02:18:40,SETTLEMENT,NEFT,HDFC Bank,IN,0,NORMAL_BANKING_FLOW
TX_HDFC_103722,HDFC_ACC_20096,HDFC_ACC_20164,1747138.51,2026-01-10 15:20:15,SETTLEMENT,NEFT,HDFC Bank,IN,0,NORMAL_BANKING_FLOW
TX_HDFC_103723,HDFC_ACC_20186,HDFC_ACC_20152,44274.67,2026-01-11 09:56:38,SETTLEMENT,RTGS,HDFC Bank,IN,0,NORMAL_BANKING_FLOW
TX_HDFC_103724,HDFC_ACC_20232,HDFC_ACC_20000,37608.56,2026-01-10 18:18:26,SETTLEMENT,RTGS,HDFC Bank,IN,0,NORMAL_BANKING_FLOW
TX_HDFC_103725,HDFC_ACC_20100,HDFC_ACC_20203,135369.28,2026-01-11 07:51:36,SETTLEMENT,RTGS,HDFC Bank,IN,0,NORMAL_BANKING_FLOW
TX_HDFC_103726,HDFC_ACC_20014,HDFC_ACC_20155,509411.46,2026-01-11 00:40:25,SETTLEMENT,NEFT,HDFC Bank,IN,0,NORMAL_BANKING_FLOW
TX_HDFC_103727,HDFC_ACC_20222,HDFC_ACC_20197,463499.67,2026-01-10 17:03:14,SETTLEMENT,RTGS,HDFC Bank,IN,0,NORMAL_BANKING_FLOW
TX_HDFC_103728,HDFC_ACC_20138,HDFC_ACC_20059,870435.2,2026-01-11 06:37:57,SETTLEMENT,NEFT,HDFC Bank,IN,0,NORMAL_BANKING_FLOW
TX_HDFC_103729,HDFC_ACC_20087,AXIS_ACC_20193,71706.22,2026-01-11 01:58:40,SETTLEMENT,RTGS,HDFC Bank,IN,0,NORMAL_BANKING_FLOW
TX_HDFC_103730,HDFC_ACC_20208,KOTAK_ACC_20155,20999.24,2026-01-11 02:24:49,SETTLEMENT,NEFT,HDFC Bank,IN,0,NORMAL_BANKING_FLOW
TX_HDFC_103731,HDFC_ACC_20018,HDFC_ACC_20071,689564.57,2026-01-11 07:31:30,SETTLEMENT,RTGS,HDFC Bank,IN,0,NORMAL_BANKING_FLOW
TX_HDFC_103732,HDFC_ACC_20019,HDFC_ACC_20240,107902.58,2026-01-11 00:18:36,SETTLEMENT,NEFT,HDFC Bank,IN,0,NORMAL_BANKING_FLOW
TX_HDFC_103733,HDFC_ACC_20219,AXIS_ACC_20133,29134.06,2026-01-10 16:14:04,SETTLEMENT,RTGS,HDFC Bank,IN,0,NORMAL_BANKING_FLOW
TX_HDFC_103734,HDFC_ACC_20191,HDFC_ACC_20093,314761.38,2026-01-11 05:51:57,SETTLEMENT,RTGS,HDFC Bank,IN,0,NORMAL_BANKING_FLOW
TX_HDFC_103735,HDFC_ACC_20202,HDFC_ACC_20126,642096.1,2026-01-11 08:26:10,SETTLEMENT,NEFT,HDFC Bank,IN,0,NORMAL_BANKING_FLOW
TX_HDFC_103736,HDFC_ACC_20247,SBI_ACC_20132,234623.45,2026-01-11 02:03:20,SETTLEMENT,RTGS,HDFC Bank,IN,0,NORMAL_BANKING_FLOW
TX_HDFC_103737,HDFC_ACC_20191,HDFC_ACC_20200,162164.54,2026-01-11 10:10:24,SETTLEMENT,NEFT,HDFC Bank,IN,0,NORMAL_BANKING_FLOW
TX_HDFC_103738,HDFC_ACC_20241,HDFC_ACC_20014,225190.4,2026-01-10 15:49:52,SETTLEMENT,RTGS,HDFC Bank,IN,0,NORMAL_BANKING_FLOW
TX_HDFC_103739,HDFC_ACC_20092,HDFC_ACC_20227,178502.69,2026-01-11 05:30:24,SETTLEMENT,RTGS,HDFC Bank,IN,0,NORMAL_BANKING_FLOW
TX_HDFC_103740,HDFC_ACC_20223,YES_ACC_20039,60909.73,2026-01-11 07:39:27,SETTLEMENT,NEFT,HDFC Bank,IN,0,NORMAL_BANKING_FLOW
TX_HDFC_103741,HDFC_ACC_20082,KOTAK_ACC_20025,122253.4,2026-01-11 09:48:40,SETTLEMENT,RTGS,HDFC Bank,IN,0,NORMAL_BANKING_FLOW
TX_HDFC_103742,HDFC_ACC_20065,INDUS_ACC_20013,476111.76,2026-01-10 20:07:46,SETTLEMENT,RTGS,HDFC Bank,IN,0,NORMAL_BANKING_FLOW
TX_HDFC_103743,HDFC_ACC_20046,HDFC_ACC_20027,382256.22,2026-01-11 02:59:24,SETTLEMENT,RTGS,HDFC Bank,IN,0,NORMAL_BANKING_FLOW
TX_HDFC_103744,HDFC_ACC_20124,HDFC_ACC_20144,322825.04,2026-01-11 04:42:58,SETTLEMENT,RTGS,HDFC Bank,IN,0,NORMAL_BANKING_FLOW
TX_HDFC_103745,HDFC_ACC_20159,HDFC_ACC_20134,89799.68,2026-01-11 09:01:04,SETTLEMENT,RTGS,HDFC Bank,IN,0,NORMAL_BANKING_FLOW
TX_HDFC_103746,HDFC_ACC_20246,HDFC_ACC_20061,219772.13,2026-01-10 22:18:15,SETTLEMENT,NEFT,HDFC Bank,IN,0,NORMAL_BANKING_FLOW
TX_HDFC_103747,HDFC_ACC_20001,CANARA_ACC_20199,24470.62,2026-01-10 23:36:04,SETTLEMENT,RTGS,HDFC Bank,IN,0,NORMAL_BANKING_FLOW
TX_HDFC_103748,HDFC_ACC_20060,HDFC_ACC_20171,326545.42,2026-01-10 20:36:09,SETTLEMENT,NEFT,HDFC Bank,IN,0,NORMAL_BANKING_FLOW
TX_HDFC_103749,HDFC_ACC_20135,HDFC_ACC_20011,1292053.64,2026-01-11 06:30:00,SETTLEMENT,RTGS,HDFC Bank,IN,0,NORMAL_BANKING_FLOW
TX_HDFC_103750,HDFC_ACC_20095,HDFC_ACC_20031,53021.6,2026-01-10 21:02:52,SETTLEMENT,NEFT,HDFC Bank,IN,0,NORMAL_BANKING_FLOW
TX_HDFC_103751,HDFC_ACC_20094,HDFC_ACC_20178,140854.05,2026-01-10 16:45:00,SETTLEMENT,NEFT,HDFC Bank,IN,0,NORMAL_BANKING_FLOW
TX_HDFC_103752,HDFC_ACC_20012,HDFC_ACC_20145,385392.45,2026-01-10 15:53:36,SETTLEMENT,RTGS,HDFC Bank,IN,0,NORMAL_BANKING_FLOW
TX_HDFC_103753,HDFC_ACC_20205,HDFC_ACC_20146,1064618.31,2026-01-11 07:25:04,SETTLEMENT,RTGS,HDFC Bank,IN,0,NORMAL_BANKING_FLOW
TX_HDFC_103754,HDFC_ACC_20182,PNB_ACC_20149,163890.36,2026-01-10 20:12:58,SETTLEMENT,RTGS,HDFC Bank,IN,0,NORMAL_BANKING_FLOW
TX_HDFC_103755,HDFC_ACC_20153,YES_ACC_20196,125307.33,2026-01-10 19:47:30,SETTLEMENT,RTGS,HDFC Bank,IN,0,NORMAL_BANKING_FLOW
TX_HDFC_103756,HDFC_ACC_20096,PNB_ACC_20212,30766.59,2026-01-11 08:19:30,SETTLEMENT,RTGS,HDFC Bank,IN,0,NORMAL_BANKING_FLOW
TX_HDFC_103757,HDFC_ACC_20194,HDFC_ACC_20186,300674.01,2026-01-11 06:36:40,SETTLEMENT,RTGS,HDFC Bank,IN,0,NORMAL_BANKING_FLOW
TX_HDFC_103758,HDFC_ACC_20218,HDFC_ACC_20228,2536469.33,2026-01-11 10:05:06,SETTLEMENT,RTGS,HDFC Bank,IN,0,NORMAL_BANKING_FLOW
TX_HDFC_103759,HDFC_ACC_20137,YES_ACC_20163,364067.41,2026-01-11 05:46:24,SETTLEMENT,NEFT,HDFC Bank,IN,0,NORMAL_BANKING_FLOW
TX_HDFC_103760,HDFC_ACC_20084,HDFC_ACC_20075,261841.1,2026-01-11 07:05:09,SETTLEMENT,NEFT,HDFC Bank,IN,0,NORMAL_BANKING_FLOW
TX_HDFC_103761,HDFC_ACC_20227,HDFC_ACC_20158,382426.04,2026-01-10 15:56:00,SETTLEMENT,RTGS,HDFC Bank,IN,0,NORMAL_BANKING_FLOW
TX_HDFC_103762,HDFC_ACC_20227,HDFC_ACC_20047,265083.14,2026-01-10 20:42:27,SETTLEMENT,RTGS,HDFC Bank,IN,0,NORMAL_BANKING_FLOW
TX_HDFC_103763,HDFC_ACC_20036,YES_ACC_20103,109719.7,2026-01-10 21:34:58,SETTLEMENT,NEFT,HDFC Bank,IN,0,NORMAL_BANKING_FLOW
TX_HDFC_103764,HDFC_ACC_20240,HDFC_ACC_20159,663714.86,2026-01-11 07:08:33,SETTLEMENT,RTGS,HDFC Bank,IN,0,NORMAL_BANKING_FLOW
TX_HDFC_103765,HDFC_ACC_20142,HDFC_ACC_20101,343979.61,2026-01-11 10:37:56,SETTLEMENT,NEFT,HDFC Bank,IN,0,NORMAL_BANKING_FLOW
TX_HDFC_103766,HDFC_ACC_20195,HDFC_ACC_20229,273586.9,2026-01-11 08:54:35,SETTLEMENT,NEFT,HDFC Bank,IN,0,NORMAL_BANKING_FLOW
TX_HDFC_103767,HDFC_ACC_20044,PNB_ACC_20143,91775.2,2026-01-10 15:57:36,SETTLEMENT,RTGS,HDFC Bank,IN,0,NORMAL_BANKING_FLOW
TX_HDFC_103768,HDFC_ACC_20056,HDFC_ACC_20170,1125635.95,2026-01-10 21:37:23,SETTLEMENT,RTGS,HDFC Bank,IN,0,NORMAL_BANKING_FLOW
TX_HDFC_103769,HDFC_ACC_20166,HDFC_ACC_20244,557475.05,2026-01-11 08:05:04,SETTLEMENT,RTGS,HDFC Bank,IN,0,NORMAL_BANKING_FLOW
TX_HDFC_103770,HDFC_ACC_20229,HDFC_ACC_20004,146062.09,2026-01-11 05:55:12,SETTLEMENT,NEFT,HDFC Bank,IN,0,NORMAL_BANKING_FLOW
TX_HDFC_103771,HDFC_ACC_20229,HDFC_ACC_20104,807749.56,2026-01-10 23:23:30,SETTLEMENT,RTGS,HDFC Bank,IN,0,NORMAL_BANKING_FLOW
TX_HDFC_103772,HDFC_ACC_20036,YES_ACC_20087,155231.38,2026-01-11 09:52:27,SETTLEMENT,NEFT,HDFC Bank,IN,0,NORMAL_BANKING_FLOW
TX_HDFC_103773,HDFC_ACC_20217,YES_ACC_20151,113527.02,2026-01-10 15:59:12,SETTLEMENT,RTGS,HDFC Bank,IN,0,NORMAL_BANKING_FLOW
TX_HDFC_103774,HDFC_ACC_20037,HDFC_ACC_20069,116346.32,2026-01-11 01:10:01,SETTLEMENT,RTGS,HDFC Bank,IN,0,NORMAL_BANKING_FLOW
TX_HDFC_103775,HDFC_ACC_20097,HDFC_ACC_20088,38247.16,2026-01-10 17:44:40,SETTLEMENT,RTGS,HDFC Bank,IN,0,NORMAL_BANKING_FLOW
TX_HDFC_103776,HDFC_ACC_20236,SBI_ACC_20143,450762.84,2026-01-11 02:56:15,SETTLEMENT,RTGS,HDFC Bank,IN,0,NORMAL_BANKING_FLOW
TX_HDFC_103777,HDFC_ACC_20025,HDFC_ACC_20176,35801.34,2026-01-11 04:42:00,SETTLEMENT,RTGS,HDFC Bank,IN,0,NORMAL_BANKING_FLOW
TX_HDFC_103778,HDFC_ACC_20206,HDFC_ACC_20146,69474.27,2026-01-10 19:30:48,SETTLEMENT,RTGS,HDFC Bank,IN,0,NORMAL_BANKING_FLOW
TX_HDFC_103779,HDFC_ACC_20192,HDFC_ACC_20216,27360.43,2026-01-11 00:46:48,SETTLEMENT,RTGS,HDFC Bank,IN,0,NORMAL_BANKING_FLOW
TX_HDFC_103780,HDFC_ACC_20102,HDFC_ACC_20061,244097.58,2026-01-10 20:50:33,SETTLEMENT,RTGS,HDFC Bank,IN,0,NORMAL_BANKING_FLOW
TX_HDFC_103781,HDFC_ACC_20079,PNB_ACC_20160,227441.31,2026-01-11 07:49:20,SETTLEMENT,RTGS,HDFC Bank,IN,0,NORMAL_BANKING_FLOW
TX_HDFC_103782,HDFC_ACC_20213,CANARA_ACC_20192,187331.33,2026-01-10 16:27:57,SETTLEMENT,RTGS,HDFC Bank,IN,0,NORMAL_BANKING_FLOW
TX_HDFC_103783,HDFC_ACC_20170,YES_ACC_20153,85234.75,2026-01-10 21:44:38,SETTLEMENT,NEFT,HDFC Bank,IN,0,NORMAL_BANKING_FLOW
TX_HDFC_103784,HDFC_ACC_20099,HDFC_ACC_20014,73905.53,2026-01-11 02:35:20,SETTLEMENT,RTGS,HDFC Bank,IN,0,NORMAL_BANKING_FLOW
TX_HDFC_103785,HDFC_ACC_20195,HDFC_ACC_20051,447220.41,2026-01-10 18:40:48,SETTLEMENT,RTGS,HDFC Bank,IN,0,NORMAL_BANKING_FLOW
TX_HDFC_103786,HDFC_ACC_20049,INDUS_ACC_20210,146443.19,2026-01-10 17:21:55,SETTLEMENT,NEFT,HDFC Bank,IN,0,NORMAL_BANKING_FLOW
TX_HDFC_103787,HDFC_ACC_20016,HDFC_ACC_20014,380025.7,2026-01-10 16:02:56,SETTLEMENT,NEFT,HDFC Bank,IN,0,NORMAL_BANKING_FLOW
TX_HDFC_103788,HDFC_ACC_20020,HDFC_ACC_20156,101338.98,2026-01-11 08:48:18,SETTLEMENT,RTGS,HDFC Bank,IN,0,NORMAL_BANKING_FLOW
TX_HDFC_103789,HDFC_ACC_20082,HDFC_ACC_20105,327475.66,2026-01-10 17:22:52,SETTLEMENT,RTGS,HDFC Bank,IN,0,NORMAL_BANKING_FLOW
TX_HDFC_103790,HDFC_ACC_20133,HDFC_ACC_20150,1125351.33,2026-01-10 20:28:34,SETTLEMENT,RTGS,HDFC Bank,IN,0,NORMAL_BANKING_FLOW
TX_HDFC_103791,HDFC_ACC_20160,HDFC_ACC_20187,511336.1,2026-01-11 03:59:30,SETTLEMENT,RTGS,HDFC Bank,IN,0,NORMAL_BANKING_FLOW
TX_HDFC_103792,HDFC_ACC_20071,HDFC_ACC_20230,170475.15,2026-01-11 01:47:38,SETTLEMENT,NEFT,HDFC Bank,IN,0,NORMAL_BANKING_FLOW
TX_HDFC_103793,HDFC_ACC_20153,HDFC_ACC_20041,356082.91,2026-01-11 05:20:32,SETTLEMENT,RTGS,HDFC Bank,IN,0,NORMAL_BANKING_FLOW
TX_HDFC_103794,HDFC_ACC_20114,YES_ACC_20195,205925.21,2026-01-10 16:57:54,SETTLEMENT,RTGS,HDFC Bank,IN,0,NORMAL_BANKING_FLOW
TX_HDFC_103795,HDFC_ACC_20152,HDFC_ACC_20004,270673.4,2026-01-11 03:09:14,SETTLEMENT,RTGS,HDFC Bank,IN,0,NORMAL_BANKING_FLOW
TX_HDFC_103796,HDFC_ACC_20190,CANARA_ACC_20236,187555.08,2026-01-11 07:09:10,SETTLEMENT,RTGS,HDFC Bank,IN,0,NORMAL_BANKING_FLOW
TX_HDFC_103797,HDFC_ACC_20041,HDFC_ACC_20239,223961.91,2026-01-11 02:17:24,SETTLEMENT,RTGS,HDFC Bank,IN,0,NORMAL_BANKING_FLOW
TX_HDFC_103798,HDFC_ACC_20199,HDFC_ACC_20101,338846.57,2026-01-11 08:30:41,SETTLEMENT,NEFT,HDFC Bank,IN,0,NORMAL_BANKING_FLOW
TX_HDFC_103799,HDFC_ACC_20067,HDFC_ACC_20049,89976.65,2026-01-11 06:18:24,SETTLEMENT,RTGS,HDFC Bank,IN,0,NORMAL_BANKING_FLOW
TX_HDFC_103800,HDFC_ACC_20059,HDFC_ACC_20033,87775.11,2026-01-10 20:59:33,SETTLEMENT,NEFT,HDFC Bank,IN,0,NORMAL_BANKING_FLOW
TX_HDFC_103801,HDFC_ACC_20238,HDFC_ACC_20088,58256.05,2026-01-11 00:33:20,SETTLEMENT,NEFT,HDFC Bank,IN,0,NORMAL_BANKING_FLOW
TX_HDFC_103802,HDFC_ACC_20139,CANARA_ACC_20002,46152.29,2026-01-11 02:47:20,SETTLEMENT,NEFT,HDFC Bank,IN,0,NORMAL_BANKING_FLOW
TX_HDFC_103803,HDFC_ACC_20230,ICICI_ACC_20020,70332.48,2026-01-10 21:27:36,SETTLEMENT,RTGS,HDFC Bank,IN,0,NORMAL_BANKING_FLOW
TX_HDFC_103804,HDFC_ACC_20097,HDFC_ACC_20193,319786.47,2026-01-11 08:35:59,SETTLEMENT,NEFT,HDFC Bank,IN,0,NORMAL_BANKING_FLOW
TX_HDFC_103805,HDFC_ACC_20131,INDUS_ACC_20033,100502.08,2026-01-11 03:42:48,SETTLEMENT,NEFT,HDFC Bank,IN,0,NORMAL_BANKING_FLOW
TX_HDFC_103806,HDFC_ACC_20146,YES_ACC_20031,472114.07,2026-01-11 04:37:00,SETTLEMENT,RTGS,HDFC Bank,IN,0,NORMAL_BANKING_FLOW
TX_HDFC_103807,HDFC_ACC_20019,BOB_ACC_20075,278781.92,2026-01-10 21:02:42,SETTLEMENT,NEFT,HDFC Bank,IN,0,NORMAL_BANKING_FLOW
TX_HDFC_103808,HDFC_ACC_20012,AXIS_ACC_20221,30780.77,2026-01-11 00:10:38,SETTLEMENT,NEFT,HDFC Bank,IN,0,NORMAL_BANKING_FLOW
TX_HDFC_103809,HDFC_ACC_20036,PNB_ACC_20130,551541.93,2026-01-11 08:13:36,SETTLEMENT,NEFT,HDFC Bank,IN,0,NORMAL_BANKING_FLOW
TX_HDFC_103810,HDFC_ACC_20024,HDFC_ACC_20073,654664.72,2026-01-10 16:35:53,SETTLEMENT,RTGS,HDFC Bank,IN,0,NORMAL_BANKING_FLOW
TX_HDFC_103811,HDFC_ACC_20052,HDFC_ACC_20213,89926.78,2026-01-10 17:03:00,SETTLEMENT,NEFT,HDFC Bank,IN,0,NORMAL_BANKING_FLOW
TX_HDFC_103812,HDFC_ACC_20136,HDFC_ACC_20036,426006.85,2026-01-10 18:23:51,SETTLEMENT,NEFT,HDFC Bank,IN,0,NORMAL_BANKING_FLOW
TX_HDFC_103813,HDFC_ACC_20127,HDFC_ACC_20043,104595.1,2026-01-11 04:42:08,SETTLEMENT,RTGS,HDFC Bank,IN,0,NORMAL_BANKING_FLOW
TX_HDFC_103814,HDFC_ACC_20213,HDFC_ACC_20023,298772.42,2026-01-10 20:38:58,SETTLEMENT,NEFT,HDFC Bank,IN,0,NORMAL_BANKING_FLOW
TX_HDFC_103815,HDFC_ACC_20150,HDFC_ACC_20046,66772.84,2026-01-11 05:37:24,SETTLEMENT,RTGS,HDFC Bank,IN,0,NORMAL_BANKING_FLOW
TX_HDFC_103816,HDFC_ACC_20066,HDFC_ACC_20108,37331.13,2026-01-10 18:25:15,SETTLEMENT,RTGS,HDFC Bank,IN,0,NORMAL_BANKING_FLOW
TX_HDFC_103817,HDFC_ACC_20087,CANARA_ACC_20200,176116.52,2026-01-10 20:13:20,SETTLEMENT,RTGS,HDFC Bank,IN,0,NORMAL_BANKING_FLOW
TX_HDFC_103818,HDFC_ACC_20059,KOTAK_ACC_20223,234192.37,2026-01-11 11:03:06,SETTLEMENT,RTGS,HDFC Bank,IN,0,NORMAL_BANKING_FLOW
TX_HDFC_103819,HDFC_ACC_20029,AXIS_ACC_20139,173260.64,2026-01-11 07:01:22,SETTLEMENT,NEFT,HDFC Bank,IN,0,NORMAL_BANKING_FLOW
TX_HDFC_103820,HDFC_ACC_20104,HDFC_ACC_20058,72952.69,2026-01-11 11:05:02,SETTLEMENT,RTGS,HDFC Bank,IN,0,NORMAL_BANKING_FLOW
TX_HDFC_103821,HDFC_ACC_20245,CANARA_ACC_20201,172838.18,2026-01-11 07:57:00,SETTLEMENT,RTGS,HDFC Bank,IN,0,NORMAL_BANKING_FLOW
TX_HDFC_103822,HDFC_ACC_20184,HDFC_ACC_20103,360852.38,2026-01-11 11:33:59,SETTLEMENT,RTGS,HDFC Bank,IN,0,NORMAL_BANKING_FLOW
TX_HDFC_103823,HDFC_ACC_20030,HDFC_ACC_20180,255408.03,2026-01-11 11:07:56,SETTLEMENT,RTGS,HDFC Bank,IN,0,NORMAL_BANKING_FLOW
TX_HDFC_103824,HDFC_ACC_20240,HDFC_ACC_20230,327994.18,2026-01-10 17:06:54,SETTLEMENT,RTGS,HDFC Bank,IN,0,NORMAL_BANKING_FLOW
TX_HDFC_103825,HDFC_ACC_20206,HDFC_ACC_20202,128395.84,2026-01-11 03:02:40,SETTLEMENT,RTGS,HDFC Bank,IN,0,NORMAL_BANKING_FLOW
TX_HDFC_103826,HDFC_ACC_20000,HDFC_ACC_20037,973730.36,2026-01-10 15:46:15,SETTLEMENT,NEFT,HDFC Bank,IN,0,NORMAL_BANKING_FLOW
TX_HDFC_103827,HDFC_ACC_20043,HDFC_ACC_20162,73585.95,2026-01-10 18:02:00,SETTLEMENT,RTGS,HDFC Bank,IN,0,NORMAL_BANKING_FLOW
TX_HDFC_103828,HDFC_ACC_20040,HDFC_ACC_20101,458775.53,2026-01-11 01:43:19,SETTLEMENT,NEFT,HDFC Bank,IN,0,NORMAL_BANKING_FLOW
TX_HDFC_103829,HDFC_ACC_20093,HDFC_ACC_20085,984688.08,2026-01-11 11:13:44,SETTLEMENT,RTGS,HDFC Bank,IN,0,NORMAL_BANKING_FLOW
TX_HDFC_103830,HDFC_ACC_20239,HDFC_ACC_20067,455430.73,2026-01-11 07:10:21,SETTLEMENT,RTGS,HDFC Bank,IN,0,NORMAL_BANKING_FLOW
TX_HDFC_103831,HDFC_ACC_20187,HDFC_ACC_20166,214748.61,2026-01-11 03:06:40,SETTLEMENT,RTGS,HDFC Bank,IN,0,NORMAL_BANKING_FLOW
TX_HDFC_103832,HDFC_ACC_20146,HDFC_ACC_20145,150072.42,2026-01-10 20:46:46,SETTLEMENT,NEFT,HDFC Bank,IN,0,NORMAL_BANKING_FLOW
TX_HDFC_103833,HDFC_ACC_20193,HDFC_ACC_20010,838773.86,2026-01-11 03:08:00,SETTLEMENT,RTGS,HDFC Bank,IN,0,NORMAL_BANKING_FLOW
TX_HDFC_103834,HDFC_ACC_20197,HDFC_ACC_20060,56090.83,2026-01-11 07:40:50,SETTLEMENT,RTGS,HDFC Bank,IN,0,NORMAL_BANKING_FLOW
TX_HDFC_103835,HDFC_ACC_20138,HDFC_ACC_20140,92305.9,2026-01-11 04:03:48,SETTLEMENT,RTGS,HDFC Bank,IN,0,NORMAL_BANKING_FLOW
TX_HDFC_103836,HDFC_ACC_20032,SBI_ACC_20217,173283.88,2026-01-10 16:16:00,SETTLEMENT,RTGS,HDFC Bank,IN,0,NORMAL_BANKING_FLOW
TX_HDFC_103837,HDFC_ACC_20243,HDFC_ACC_20186,1046978.69,2026-01-11 01:21:36,SETTLEMENT,RTGS,HDFC Bank,IN,0,NORMAL_BANKING_FLOW
TX_HDFC_103838,HDFC_ACC_20138,HDFC_ACC_20185,407478.89,2026-01-10 22:11:13,SETTLEMENT,RTGS,HDFC Bank,IN,0,NORMAL_BANKING_FLOW
TX_HDFC_103839,HDFC_ACC_20064,HDFC_ACC_20075,92517.18,2026-01-11 09:06:54,SETTLEMENT,RTGS,HDFC Bank,IN,0,NORMAL_BANKING_FLOW
TX_HDFC_103840,HDFC_ACC_20225,HDFC_ACC_20216,190739.05,2026-01-11 10:29:44,SETTLEMENT,NEFT,HDFC Bank,IN,0,NORMAL_BANKING_FLOW
TX_HDFC_103841,HDFC_ACC_20161,HDFC_ACC_20021,136522.48,2026-01-11 09:36:00,SETTLEMENT,RTGS,HDFC Bank,IN,0,NORMAL_BANKING_FLOW
TX_HDFC_103842,HDFC_ACC_20160,HDFC_ACC_20117,122913.01,2026-01-11 00:02:33,SETTLEMENT,NEFT,HDFC Bank,IN,0,NORMAL_BANKING_FLOW
TX_HDFC_103843,HDFC_ACC_20112,HDFC_ACC_20237,787625.9,2026-01-10 16:45:14,SETTLEMENT,RTGS,HDFC Bank,IN,0,NORMAL_BANKING_FLOW
TX_HDFC_103844,HDFC_ACC_20139,HDFC_ACC_20099,59342.59,2026-01-10 20:51:58,SETTLEMENT,NEFT,HDFC Bank,IN,0,NORMAL_BANKING_FLOW
TX_HDFC_103845,HDFC_ACC_20196,AXIS_ACC_20006,1574831.66,2026-01-11 05:33:00,SETTLEMENT,NEFT,HDFC Bank,IN,0,NORMAL_BANKING_FLOW
TX_HDFC_103846,HDFC_ACC_20097,ICICI_ACC_20184,667338.48,2026-01-11 09:40:30,SETTLEMENT,RTGS,HDFC Bank,IN,0,NORMAL_BANKING_FLOW
TX_HDFC_103847,HDFC_ACC_20118,HDFC_ACC_20137,890864.7,2026-01-11 10:08:50,SETTLEMENT,RTGS,HDFC Bank,IN,0,NORMAL_BANKING_FLOW
TX_HDFC_103848,HDFC_ACC_20038,YES_ACC_20129,161258.92,2026-01-11 06:02:42,SETTLEMENT,NEFT,HDFC Bank,IN,0,NORMAL_BANKING_FLOW
TX_HDFC_103849,HDFC_ACC_20039,AXIS_ACC_20081,227536.33,2026-01-11 06:03:28,SETTLEMENT,RTGS,HDFC Bank,IN,0,NORMAL_BANKING_FLOW
TX_HDFC_103850,HDFC_ACC_20126,SBI_ACC_20202,55466.42,2026-01-11 06:59:12,SETTLEMENT,RTGS,HDFC Bank,IN,0,NORMAL_BANKING_FLOW
TX_HDFC_103851,HDFC_ACC_20174,HDFC_ACC_20102,150673.62,2026-01-11 10:40:00,SETTLEMENT,RTGS,HDFC Bank,IN,0,NORMAL_BANKING_FLOW
TX_HDFC_103852,HDFC_ACC_20160,INDUS_ACC_20013,461861.5,2026-01-11 10:40:56,SETTLEMENT,NEFT,HDFC Bank,IN,0,NORMAL_BANKING_FLOW
TX_HDFC_103853,HDFC_ACC_20007,HDFC_ACC_20223,1116455.36,2026-01-11 12:04:28,SETTLEMENT,NEFT,HDFC Bank,IN,0,NORMAL_BANKING_FLOW
TX_HDFC_103854,HDFC_ACC_20099,HDFC_ACC_20159,79389.98,2026-01-11 02:26:54,SETTLEMENT,RTGS,HDFC Bank,IN,0,NORMAL_BANKING_FLOW
TX_HDFC_103855,HDFC_ACC_20145,HDFC_ACC_20173,179502.33,2026-01-11 01:32:24,SETTLEMENT,RTGS,HDFC Bank,IN,0,NORMAL_BANKING_FLOW
TX_HDFC_103856,HDFC_ACC_20230,HDFC_ACC_20199,227196.57,2026-01-10 19:06:50,SETTLEMENT,NEFT,HDFC Bank,IN,0,NORMAL_BANKING_FLOW
TX_HDFC_103857,HDFC_ACC_20068,HDFC_ACC_20240,57793.52,2026-01-11 01:33:36,SETTLEMENT,RTGS,HDFC Bank,IN,0,NORMAL_BANKING_FLOW
TX_HDFC_103858,HDFC_ACC_20151,HDFC_ACC_20035,514259.96,2026-01-11 07:05:36,SETTLEMENT,NEFT,HDFC Bank,IN,0,NORMAL_BANKING_FLOW
TX_HDFC_103859,HDFC_ACC_20156,HDFC_ACC_20164,121007.84,2026-01-11 02:02:26,SETTLEMENT,RTGS,HDFC Bank,IN,0,NORMAL_BANKING_FLOW
TX_HDFC_103860,HDFC_ACC_20034,HDFC_ACC_20190,216440.42,2026-01-10 22:49:30,SETTLEMENT,RTGS,HDFC Bank,IN,0,NORMAL_BANKING_FLOW
TX_HDFC_103861,HDFC_ACC_20202,HDFC_ACC_20222,163220.23,2026-01-11 08:31:00,SETTLEMENT,RTGS,HDFC Bank,IN,0,NORMAL_BANKING_FLOW
TX_HDFC_103862,HDFC_ACC_20049,HDFC_ACC_20231,112614.71,2026-01-10 22:22:49,SETTLEMENT,RTGS,HDFC Bank,IN,0,NORMAL_BANKING_FLOW
TX_HDFC_103863,HDFC_ACC_20087,HDFC_ACC_20066,266265.85,2026-01-11 08:32:42,SETTLEMENT,RTGS,HDFC Bank,IN,0,NORMAL_BANKING_FLOW
TX_HDFC_103864,HDFC_ACC_20234,HDFC_ACC_20136,211679.68,2026-01-10 18:14:20,SETTLEMENT,RTGS,HDFC Bank,IN,0,NORMAL_BANKING_FLOW
TX_HDFC_103865,HDFC_ACC_20238,HDFC_ACC_20233,178252.49,2026-01-11 01:38:24,SETTLEMENT,RTGS,HDFC Bank,IN,0,NORMAL_BANKING_FLOW
TX_HDFC_103866,HDFC_ACC_20247,HDFC_ACC_20103,120414.14,2026-01-11 01:39:00,SETTLEMENT,NEFT,HDFC Bank,IN,0,NORMAL_BANKING_FLOW
TX_HDFC_103867,HDFC_ACC_20177,HDFC_ACC_20135,381351.63,2026-01-11 09:03:52,SETTLEMENT,NEFT,HDFC Bank,IN,0,NORMAL_BANKING_FLOW
TX_HDFC_103868,HDFC_ACC_20094,HDFC_ACC_20221,1654449.69,2026-01-11 09:32:31,SETTLEMENT,RTGS,HDFC Bank,IN,0,NORMAL_BANKING_FLOW
TX_HDFC_103869,HDFC_ACC_20181,HDFC_ACC_20093,312974.17,2026-01-11 06:46:36,SETTLEMENT,NEFT,HDFC Bank,IN,0,NORMAL_BANKING_FLOW
TX_HDFC_103870,HDFC_ACC_20125,HDFC_ACC_20245,802694.95,2026-01-10 16:25:04,SETTLEMENT,RTGS,HDFC Bank,IN,0,NORMAL_BANKING_FLOW
TX_HDFC_103871,HDFC_ACC_20143,HDFC_ACC_20157,58148.53,2026-01-11 03:05:30,SETTLEMENT,RTGS,HDFC Bank,IN,0,NORMAL_BANKING_FLOW
TX_HDFC_103872,HDFC_ACC_20197,HDFC_ACC_20212,319188.65,2026-01-11 01:14:45,SETTLEMENT,RTGS,HDFC Bank,IN,0,NORMAL_BANKING_FLOW
TX_HDFC_103873,HDFC_ACC_20049,HDFC_ACC_20160,80249.42,2026-01-10 23:23:52,SETTLEMENT,NEFT,HDFC Bank,IN,0,NORMAL_BANKING_FLOW
TX_HDFC_103874,HDFC_ACC_20228,HDFC_ACC_20147,52858.96,2026-01-10 19:13:26,SETTLEMENT,RTGS,HDFC Bank,IN,0,NORMAL_BANKING_FLOW
TX_HDFC_103875,HDFC_ACC_20028,CANARA_ACC_20042,118977.71,2026-01-10 17:50:06,SETTLEMENT,RTGS,HDFC Bank,IN,0,NORMAL_BANKING_FLOW
TX_HDFC_103876,HDFC_ACC_20213,KOTAK_ACC_20068,995588.47,2026-01-10 17:22:30,SETTLEMENT,NEFT,HDFC Bank,IN,0,NORMAL_BANKING_FLOW
TX_HDFC_103877,HDFC_ACC_20093,HDFC_ACC_20078,763003.13,2026-01-10 16:54:52,SETTLEMENT,NEFT,HDFC Bank,IN,0,NORMAL_BANKING_FLOW
TX_HDFC_103878,HDFC_ACC_20116,HDFC_ACC_20212,350566.32,2026-01-10 18:19:00,SETTLEMENT,NEFT,HDFC Bank,IN,0,NORMAL_BANKING_FLOW
TX_HDFC_103879,HDFC_ACC_20055,INDUS_ACC_20158,49713.38,2026-01-11 01:18:50,SETTLEMENT,NEFT,HDFC Bank,IN,0,NORMAL_BANKING_FLOW
TX_HDFC_103880,HDFC_ACC_20121,BOB_ACC_20024,216228.56,2026-01-10 22:03:32,SETTLEMENT,RTGS,HDFC Bank,IN,0,NORMAL_BANKING_FLOW
TX_HDFC_103881,HDFC_ACC_20114,SBI_ACC_20004,373947.24,2026-01-10 23:00:00,SETTLEMENT,RTGS,HDFC Bank,IN,0,NORMAL_BANKING_FLOW
TX_HDFC_103882,HDFC_ACC_20216,HDFC_ACC_20222,325490.92,2026-01-11 10:12:54,SETTLEMENT,NEFT,HDFC Bank,IN,0,NORMAL_BANKING_FLOW
TX_HDFC_103883,HDFC_ACC_20072,ICICI_ACC_20009,35306.67,2026-01-11 11:09:52,SETTLEMENT,RTGS,HDFC Bank,IN,0,NORMAL_BANKING_FLOW
TX_HDFC_103884,HDFC_ACC_20098,HDFC_ACC_20243,100775.48,2026-01-11 02:17:51,SETTLEMENT,NEFT,HDFC Bank,IN,0,NORMAL_BANKING_FLOW
TX_HDFC_103885,HDFC_ACC_20134,HDFC_ACC_20015,250074.58,2026-01-10 19:17:28,SETTLEMENT,RTGS,HDFC Bank,IN,0,NORMAL_BANKING_FLOW
TX_HDFC_103886,HDFC_ACC_20033,SBI_ACC_20069,484038.63,2026-01-11 09:48:25,SETTLEMENT,RTGS,HDFC Bank,IN,0,NORMAL_BANKING_FLOW
TX_HDFC_103887,HDFC_ACC_20216,HDFC_ACC_20142,23962.84,2026-01-11 02:47:48,SETTLEMENT,NEFT,HDFC Bank,IN,0,NORMAL_BANKING_FLOW
TX_HDFC_103888,HDFC_ACC_20227,HDFC_ACC_20084,224507.33,2026-01-11 02:20:19,SETTLEMENT,RTGS,HDFC Bank,IN,0,NORMAL_BANKING_FLOW
TX_HDFC_103889,HDFC_ACC_20207,YES_ACC_20014,314064.5,2026-01-11 08:26:40,SETTLEMENT,RTGS,HDFC Bank,IN,0,NORMAL_BANKING_FLOW
TX_HDFC_103890,HDFC_ACC_20149,HDFC_ACC_20203,683220.68,2026-01-11 01:25:15,SETTLEMENT,RTGS,HDFC Bank,IN,0,NORMAL_BANKING_FLOW
TX_HDFC_103891,HDFC_ACC_20071,HDFC_ACC_20042,575010.36,2026-01-11 05:11:10,SETTLEMENT,RTGS,HDFC Bank,IN,0,NORMAL_BANKING_FLOW
TX_HDFC_103892,HDFC_ACC_20086,HDFC_ACC_20190,509318.3,2026-01-10 19:48:13,SETTLEMENT,RTGS,HDFC Bank,IN,0,NORMAL_BANKING_FLOW
TX_HDFC_103893,HDFC_ACC_20161,HDFC_ACC_20150,111309.01,2026-01-11 11:47:24,SETTLEMENT,NEFT,HDFC Bank,IN,0,NORMAL_BANKING_FLOW
TX_HDFC_103894,HDFC_ACC_20203,PNB_ACC_20045,32899.0,2026-01-11 04:45:06,SETTLEMENT,RTGS,HDFC Bank,IN,0,NORMAL_BANKING_FLOW
TX_HDFC_103895,HDFC_ACC_20245,HDFC_ACC_20030,174144.72,2026-01-11 07:06:58,SETTLEMENT,NEFT,HDFC Bank,IN,0,NORMAL_BANKING_FLOW
TX_HDFC_103896,HDFC_ACC_20109,SBI_ACC_20034,807578.07,2026-01-10 18:25:00,SETTLEMENT,RTGS,HDFC Bank,IN,0,NORMAL_BANKING_FLOW
TX_HDFC_103897,HDFC_ACC_20010,HDFC_ACC_20079,1242703.72,2026-01-10 16:04:00,SETTLEMENT,RTGS,HDFC Bank,IN,0,NORMAL_BANKING_FLOW
TX_HDFC_103898,HDFC_ACC_20150,HDFC_ACC_20059,586310.04,2026-01-11 02:54:46,SETTLEMENT,RTGS,HDFC Bank,IN,0,NORMAL_BANKING_FLOW
TX_HDFC_103899,HDFC_ACC_20033,HDFC_ACC_20212,430315.92,2026-01-10 17:57:42,SETTLEMENT,RTGS,HDFC Bank,IN,0,NORMAL_BANKING_FLOW
TX_HDFC_103900,HDFC_ACC_20222,HDFC_ACC_20053,407421.52,2026-01-10 19:22:58,SETTLEMENT,RTGS,HDFC Bank,IN,0,NORMAL_BANKING_FLOW
TX_HDFC_103901,HDFC_ACC_20123,HDFC_ACC_20052,145549.19,2026-01-10 16:05:00,SETTLEMENT,NEFT,HDFC Bank,IN,0,NORMAL_BANKING_FLOW
TX_HDFC_103902,HDFC_ACC_20142,ICICI_ACC_20072,232567.01,2026-01-11 10:59:15,SETTLEMENT,RTGS,HDFC Bank,IN,0,NORMAL_BANKING_FLOW
TX_HDFC_103903,HDFC_ACC_20133,HDFC_ACC_20098,1682811.52,2026-01-11 01:04:28,SETTLEMENT,NEFT,HDFC Bank,IN,0,NORMAL_BANKING_FLOW
TX_HDFC_103904,HDFC_ACC_20183,HDFC_ACC_20127,95147.75,2026-01-11 03:26:57,SETTLEMENT,RTGS,HDFC Bank,IN,0,NORMAL_BANKING_FLOW
TX_HDFC_103905,HDFC_ACC_20056,HDFC_ACC_20231,1585256.32,2026-01-11 12:55:36,SETTLEMENT,RTGS,HDFC Bank,IN,0,NORMAL_BANKING_FLOW
TX_HDFC_103906,HDFC_ACC_20184,YES_ACC_20038,188295.73,2026-01-11 11:02:55,SETTLEMENT,RTGS,HDFC Bank,IN,0,NORMAL_BANKING_FLOW
TX_HDFC_103907,HDFC_ACC_20216,HDFC_ACC_20189,1153112.45,2026-01-10 16:06:30,SETTLEMENT,NEFT,HDFC Bank,IN,0,NORMAL_BANKING_FLOW
TX_HDFC_103908,HDFC_ACC_20094,HDFC_ACC_20244,57096.81,2026-01-11 13:27:00,SETTLEMENT,NEFT,HDFC Bank,IN,0,NORMAL_BANKING_FLOW
TX_HDFC_103909,HDFC_ACC_20206,BOB_ACC_20206,511188.98,2026-01-10 18:00:52,SETTLEMENT,RTGS,HDFC Bank,IN,0,NORMAL_BANKING_FLOW
TX_HDFC_103910,HDFC_ACC_20048,AXIS_ACC_20051,119318.64,2026-01-10 18:58:09,SETTLEMENT,RTGS,HDFC Bank,IN,0,NORMAL_BANKING_FLOW
TX_HDFC_103911,HDFC_ACC_20215,HDFC_ACC_20160,56568.42,2026-01-11 10:10:30,SETTLEMENT,NEFT,HDFC Bank,IN,0,NORMAL_BANKING_FLOW
TX_HDFC_103912,HDFC_ACC_20015,HDFC_ACC_20002,341255.74,2026-01-11 01:09:34,SETTLEMENT,RTGS,HDFC Bank,IN,0,NORMAL_BANKING_FLOW
TX_HDFC_103913,HDFC_ACC_20106,HDFC_ACC_20040,814572.71,2026-01-10 18:30:40,SETTLEMENT,RTGS,HDFC Bank,IN,0,NORMAL_BANKING_FLOW
TX_HDFC_103914,HDFC_ACC_20118,HDFC_ACC_20137,105933.25,2026-01-10 22:19:24,SETTLEMENT,RTGS,HDFC Bank,IN,0,NORMAL_BANKING_FLOW
TX_HDFC_103915,HDFC_ACC_20103,HDFC_ACC_20022,51589.96,2026-01-10 20:54:10,SETTLEMENT,RTGS,HDFC Bank,IN,0,NORMAL_BANKING_FLOW
TX_HDFC_103916,HDFC_ACC_20201,HDFC_ACC_20089,242551.84,2026-01-11 12:09:15,SETTLEMENT,RTGS,HDFC Bank,IN,0,NORMAL_BANKING_FLOW
TX_HDFC_103917,HDFC_ACC_20066,INDUS_ACC_20143,243731.17,2026-01-11 06:27:00,SETTLEMENT,RTGS,HDFC Bank,IN,0,NORMAL_BANKING_FLOW
TX_HDFC_103918,HDFC_ACC_20034,HDFC_ACC_20221,490485.79,2026-01-11 11:13:55,SETTLEMENT,NEFT,HDFC Bank,IN,0,NORMAL_BANKING_FLOW
TX_HDFC_103919,HDFC_ACC_20083,HDFC_ACC_20023,762649.65,2026-01-11 09:20:18,SETTLEMENT,RTGS,HDFC Bank,IN,0,NORMAL_BANKING_FLOW
TX_HDFC_103920,HDFC_ACC_20218,HDFC_ACC_20116,251360.46,2026-01-11 07:26:33,SETTLEMENT,RTGS,HDFC Bank,IN,0,NORMAL_BANKING_FLOW
TX_HDFC_103921,HDFC_ACC_20141,HDFC_ACC_20026,2065852.74,2026-01-11 03:38:00,SETTLEMENT,RTGS,HDFC Bank,IN,0,NORMAL_BANKING_FLOW
TX_HDFC_103922,HDFC_ACC_20222,HDFC_ACC_20112,343402.4,2026-01-11 04:07:20,SETTLEMENT,NEFT,HDFC Bank,IN,0,NORMAL_BANKING_FLOW
TX_HDFC_103923,HDFC_ACC_20044,HDFC_ACC_20176,183309.42,2026-01-10 19:31:24,SETTLEMENT,RTGS,HDFC Bank,IN,0,NORMAL_BANKING_FLOW
TX_HDFC_103924,HDFC_ACC_20201,KOTAK_ACC_20237,45582.35,2026-01-10 22:24:04,SETTLEMENT,NEFT,HDFC Bank,IN,0,NORMAL_BANKING_FLOW
TX_HDFC_103925,HDFC_ACC_20247,HDFC_ACC_20214,201002.88,2026-01-11 09:25:24,SETTLEMENT,RTGS,HDFC Bank,IN,0,NORMAL_BANKING_FLOW
TX_HDFC_103926,HDFC_ACC_20044,HDFC_ACC_20245,185345.02,2026-01-10 16:40:00,SETTLEMENT,NEFT,HDFC Bank,IN,0,NORMAL_BANKING_FLOW
TX_HDFC_103927,HDFC_ACC_20054,AXIS_ACC_20244,771687.75,2026-01-11 09:27:06,SETTLEMENT,RTGS,HDFC Bank,IN,0,NORMAL_BANKING_FLOW
TX_HDFC_103928,HDFC_ACC_20204,HDFC_ACC_20219,446293.46,2026-01-10 19:04:27,SETTLEMENT,RTGS,HDFC Bank,IN,0,NORMAL_BANKING_FLOW
TX_HDFC_103929,HDFC_ACC_20077,HDFC_ACC_20141,73327.72,2026-01-11 09:57:36,SETTLEMENT,NEFT,HDFC Bank,IN,0,NORMAL_BANKING_FLOW
TX_HDFC_103930,HDFC_ACC_20042,HDFC_ACC_20094,324318.01,2026-01-10 20:31:36,SETTLEMENT,NEFT,HDFC Bank,IN,0,NORMAL_BANKING_FLOW
TX_HDFC_103931,HDFC_ACC_20202,HDFC_ACC_20229,561678.16,2026-01-11 13:21:10,SETTLEMENT,RTGS,HDFC Bank,IN,0,NORMAL_BANKING_FLOW
TX_HDFC_103932,HDFC_ACC_20142,PNB_ACC_20106,1440980.72,2026-01-11 08:33:39,SETTLEMENT,NEFT,HDFC Bank,IN,0,NORMAL_BANKING_FLOW
TX_HDFC_103933,HDFC_ACC_20165,HDFC_ACC_20191,712299.94,2026-01-10 19:35:04,SETTLEMENT,RTGS,HDFC Bank,IN,0,NORMAL_BANKING_FLOW
TX_HDFC_103934,HDFC_ACC_20206,HDFC_ACC_20063,619663.16,2026-01-11 07:08:38,SETTLEMENT,NEFT,HDFC Bank,IN,0,NORMAL_BANKING_FLOW
TX_HDFC_103935,HDFC_ACC_20066,CANARA_ACC_20156,286672.17,2026-01-10 16:42:24,SETTLEMENT,RTGS,HDFC Bank,IN,0,NORMAL_BANKING_FLOW
TX_HDFC_103936,HDFC_ACC_20046,CANARA_ACC_20000,411326.76,2026-01-11 13:55:00,SETTLEMENT,RTGS,HDFC Bank,IN,0,NORMAL_BANKING_FLOW
TX_HDFC_103937,HDFC_ACC_20112,HDFC_ACC_20014,1060716.72,2026-01-10 21:32:16,SETTLEMENT,RTGS,HDFC Bank,IN,0,NORMAL_BANKING_FLOW
TX_HDFC_103938,HDFC_ACC_20230,HDFC_ACC_20194,61941.45,2026-01-11 02:22:12,SETTLEMENT,NEFT,HDFC Bank,IN,0,NORMAL_BANKING_FLOW
TX_HDFC_103939,HDFC_ACC_20184,HDFC_ACC_20125,182702.92,2026-01-11 08:10:24,SETTLEMENT,RTGS,HDFC Bank,IN,0,NORMAL_BANKING_FLOW
TX_HDFC_103940,HDFC_ACC_20083,HDFC_ACC_20244,114711.36,2026-01-11 13:59:00,SETTLEMENT,RTGS,HDFC Bank,IN,0,NORMAL_BANKING_FLOW
TX_HDFC_103941,HDFC_ACC_20132,HDFC_ACC_20038,407203.54,2026-01-11 09:10:00,SETTLEMENT,RTGS,HDFC Bank,IN,0,NORMAL_BANKING_FLOW
TX_HDFC_103942,HDFC_ACC_20192,AXIS_ACC_20203,1038454.8,2026-01-10 16:44:16,SETTLEMENT,RTGS,HDFC Bank,IN,0,NORMAL_BANKING_FLOW
TX_HDFC_103943,HDFC_ACC_20202,SBI_ACC_20140,139152.86,2026-01-11 03:23:16,SETTLEMENT,NEFT,HDFC Bank,IN,0,NORMAL_BANKING_FLOW
TX_HDFC_103944,HDFC_ACC_20226,HDFC_ACC_20194,19354.21,2026-01-10 22:04:21,SETTLEMENT,NEFT,HDFC Bank,IN,0,NORMAL_BANKING_FLOW
TX_HDFC_103945,HDFC_ACC_20207,CANARA_ACC_20132,170511.36,2026-01-11 09:13:20,SETTLEMENT,RTGS,HDFC Bank,IN,0,NORMAL_BANKING_FLOW
TX_HDFC_103946,HDFC_ACC_20145,HDFC_ACC_20176,732941.45,2026-01-11 07:46:55,SETTLEMENT,RTGS,HDFC Bank,IN,0,NORMAL_BANKING_FLOW
TX_HDFC_103947,HDFC_ACC_20184,INDUS_ACC_20170,484752.09,2026-01-10 22:34:48,SETTLEMENT,RTGS,HDFC Bank,IN,0,NORMAL_BANKING_FLOW
TX_HDFC_103948,HDFC_ACC_20060,HDFC_ACC_20101,429769.75,2026-01-11 07:48:29,SETTLEMENT,NEFT,HDFC Bank,IN,0,NORMAL_BANKING_FLOW
TX_HDFC_103949,HDFC_ACC_20236,SBI_ACC_20051,197206.64,2026-01-10 17:44:24,SETTLEMENT,RTGS,HDFC Bank,IN,0,NORMAL_BANKING_FLOW
TX_HDFC_103950,HDFC_ACC_20077,HDFC_ACC_20100,65713.93,2026-01-10 16:46:24,SETTLEMENT,NEFT,HDFC Bank,IN,0,NORMAL_BANKING_FLOW
TX_HDFC_103951,HDFC_ACC_20146,INDUS_ACC_20028,472987.27,2026-01-11 12:13:20,SETTLEMENT,NEFT,HDFC Bank,IN,0,NORMAL_BANKING_FLOW
TX_HDFC_103952,HDFC_ACC_20213,KOTAK_ACC_20223,107182.69,2026-01-11 06:24:04,SETTLEMENT,NEFT,HDFC Bank,IN,0,NORMAL_BANKING_FLOW
TX_HDFC_103953,HDFC_ACC_20222,HDFC_ACC_20199,2965352.31,2026-01-11 09:49:12,SETTLEMENT,RTGS,HDFC Bank,IN,0,NORMAL_BANKING_FLOW
TX_HDFC_103954,HDFC_ACC_20042,INDUS_ACC_20169,502604.03,2026-01-10 20:41:12,SETTLEMENT,RTGS,HDFC Bank,IN,0,NORMAL_BANKING_FLOW
TX_HDFC_103955,HDFC_ACC_20050,HDFC_ACC_20168,141674.42,2026-01-10 16:47:44,SETTLEMENT,NEFT,HDFC Bank,IN,0,NORMAL_BANKING_FLOW
TX_HDFC_103956,HDFC_ACC_20156,SBI_ACC_20147,136964.39,2026-01-11 07:54:45,SETTLEMENT,NEFT,HDFC Bank,IN,0,NORMAL_BANKING_FLOW
TX_HDFC_103957,HDFC_ACC_20021,HDFC_ACC_20152,242258.68,2026-01-11 04:59:56,SETTLEMENT,RTGS,HDFC Bank,IN,0,NORMAL_BANKING_FLOW
TX_HDFC_103958,HDFC_ACC_20247,HDFC_ACC_20101,206188.87,2026-01-11 07:27:02,SETTLEMENT,NEFT,HDFC Bank,IN,0,NORMAL_BANKING_FLOW
TX_HDFC_103959,HDFC_ACC_20187,HDFC_ACC_20053,916683.14,2026-01-10 17:47:24,SETTLEMENT,RTGS,HDFC Bank,IN,0,NORMAL_BANKING_FLOW
TX_HDFC_103960,HDFC_ACC_20175,CANARA_ACC_20104,329409.78,2026-01-10 21:12:55,SETTLEMENT,NEFT,HDFC Bank,IN,0,NORMAL_BANKING_FLOW
TX_HDFC_103961,HDFC_ACC_20035,HDFC_ACC_20156,119994.97,2026-01-11 06:30:40,SETTLEMENT,RTGS,HDFC Bank,IN,0,NORMAL_BANKING_FLOW
TX_HDFC_103962,HDFC_ACC_20028,HDFC_ACC_20026,2146791.06,2026-01-11 13:22:18,SETTLEMENT,NEFT,HDFC Bank,IN,0,NORMAL_BANKING_FLOW
TX_HDFC_103963,HDFC_ACC_20010,HDFC_ACC_20185,283293.62,2026-01-10 20:15:26,SETTLEMENT,RTGS,HDFC Bank,IN,0,NORMAL_BANKING_FLOW
TX_HDFC_103964,HDFC_ACC_20185,HDFC_ACC_20191,625135.46,2026-01-10 17:19:31,SETTLEMENT,RTGS,HDFC Bank,IN,0,NORMAL_BANKING_FLOW
TX_HDFC_103965,HDFC_ACC_20238,HDFC_ACC_20236,137441.11,2026-01-11 08:31:12,SETTLEMENT,RTGS,HDFC Bank,IN,0,NORMAL_BANKING_FLOW
TX_HDFC_103966,HDFC_ACC_20054,HDFC_ACC_20147,400082.95,2026-01-11 11:28:30,SETTLEMENT,RTGS,HDFC Bank,IN,0,NORMAL_BANKING_FLOW
TX_HDFC_103967,HDFC_ACC_20086,HDFC_ACC_20003,377838.07,2026-01-10 22:14:42,SETTLEMENT,RTGS,HDFC Bank,IN,0,NORMAL_BANKING_FLOW
TX_HDFC_103968,HDFC_ACC_20166,PNB_ACC_20198,33569.92,2026-01-11 12:58:39,SETTLEMENT,NEFT,HDFC Bank,IN,0,NORMAL_BANKING_FLOW
TX_HDFC_103969,HDFC_ACC_20195,AXIS_ACC_20025,2462783.13,2026-01-11 08:34:24,SETTLEMENT,NEFT,HDFC Bank,IN,0,NORMAL_BANKING_FLOW
TX_HDFC_103970,HDFC_ACC_20202,HDFC_ACC_20101,1109820.56,2026-01-10 18:49:40,SETTLEMENT,NEFT,HDFC Bank,IN,0,NORMAL_BANKING_FLOW
TX_HDFC_103971,HDFC_ACC_20236,HDFC_ACC_20002,173352.98,2026-01-11 12:02:30,SETTLEMENT,RTGS,HDFC Bank,IN,0,NORMAL_BANKING_FLOW
TX_HDFC_103972,HDFC_ACC_20034,HDFC_ACC_20074,79817.92,2026-01-11 10:05:21,SETTLEMENT,RTGS,HDFC Bank,IN,0,NORMAL_BANKING_FLOW
TX_HDFC_103973,HDFC_ACC_20215,KOTAK_ACC_20179,393295.99,2026-01-11 04:11:48,SETTLEMENT,NEFT,HDFC Bank,IN,0,NORMAL_BANKING_FLOW
TX_HDFC_103974,HDFC_ACC_20089,ICICI_ACC_20207,295187.93,2026-01-11 03:42:54,SETTLEMENT,RTGS,HDFC Bank,IN,0,NORMAL_BANKING_FLOW
TX_HDFC_103975,HDFC_ACC_20238,HDFC_ACC_20170,396819.12,2026-01-11 12:35:44,SETTLEMENT,NEFT,HDFC Bank,IN,0,NORMAL_BANKING_FLOW
TX_HDFC_103976,HDFC_ACC_20032,CANARA_ACC_20210,331285.27,2026-01-11 10:08:45,SETTLEMENT,RTGS,HDFC Bank,IN,0,NORMAL_BANKING_FLOW
TX_HDFC_103977,HDFC_ACC_20058,ICICI_ACC_20036,468300.32,2026-01-10 16:53:36,SETTLEMENT,RTGS,HDFC Bank,IN,0,NORMAL_BANKING_FLOW
TX_HDFC_103978,HDFC_ACC_20239,HDFC_ACC_20083,1318540.85,2026-01-11 00:47:44,SETTLEMENT,NEFT,HDFC Bank,IN,0,NORMAL_BANKING_FLOW
TX_HDFC_103979,HDFC_ACC_20078,AXIS_ACC_20054,501276.7,2026-01-11 09:12:02,SETTLEMENT,NEFT,HDFC Bank,IN,0,NORMAL_BANKING_FLOW
TX_HDFC_103980,HDFC_ACC_20019,AXIS_ACC_20006,84573.73,2026-01-10 16:54:24,SETTLEMENT,NEFT,HDFC Bank,IN,0,NORMAL_BANKING_FLOW
TX_HDFC_103981,HDFC_ACC_20238,HDFC_ACC_20031,1201185.01,2026-01-10 20:52:00,SETTLEMENT,RTGS,HDFC Bank,IN,0,NORMAL_BANKING_FLOW
TX_HDFC_103982,HDFC_ACC_20122,HDFC_ACC_20127,1630954.56,2026-01-11 03:47:58,SETTLEMENT,RTGS,HDFC Bank,IN,0,NORMAL_BANKING_FLOW
TX_HDFC_103983,HDFC_ACC_20153,HDFC_ACC_20113,4500000.0,2026-01-11 00:50:24,SETTLEMENT,NEFT,HDFC Bank,IN,0,NORMAL_BANKING_FLOW
TX_HDFC_103984,HDFC_ACC_20220,HDFC_ACC_20105,77976.02,2026-01-10 18:54:20,SETTLEMENT,RTGS,HDFC Bank,IN,0,NORMAL_BANKING_FLOW
TX_HDFC_103985,HDFC_ACC_20220,HDFC_ACC_20166,350519.01,2026-01-10 23:22:16,SETTLEMENT,NEFT,HDFC Bank,IN,0,NORMAL_BANKING_FLOW
TX_HDFC_103986,HDFC_ACC_20066,AXIS_ACC_20211,27165.18,2026-01-10 19:24:45,SETTLEMENT,NEFT,HDFC Bank,IN,0,NORMAL_BANKING_FLOW
TX_HDFC_103987,HDFC_ACC_20001,HDFC_ACC_20182,493098.42,2026-01-11 13:46:28,SETTLEMENT,RTGS,HDFC Bank,IN,0,NORMAL_BANKING_FLOW
TX_HDFC_103988,HDFC_ACC_20015,HDFC_ACC_20158,146822.5,2026-01-11 01:22:51,SETTLEMENT,NEFT,HDFC Bank,IN,0,NORMAL_BANKING_FLOW
TX_HDFC_103989,HDFC_ACC_20103,CANARA_ACC_20094,2226163.76,2026-01-11 03:52:24,SETTLEMENT,RTGS,HDFC Bank,IN,0,NORMAL_BANKING_FLOW
TX_HDFC_103990,HDFC_ACC_20078,HDFC_ACC_20095,114453.46,2026-01-11 05:52:18,SETTLEMENT,RTGS,HDFC Bank,IN,0,NORMAL_BANKING_FLOW
TX_HDFC_103991,HDFC_ACC_20199,INDUS_ACC_20072,41852.16,2026-01-11 06:22:50,SETTLEMENT,RTGS,HDFC Bank,IN,0,NORMAL_BANKING_FLOW
TX_HDFC_103992,HDFC_ACC_20242,HDFC_ACC_20122,159789.07,2026-01-11 05:53:42,SETTLEMENT,RTGS,HDFC Bank,IN,0,NORMAL_BANKING_FLOW
TX_HDFC_103993,HDFC_ACC_20207,HDFC_ACC_20111,30545.22,2026-01-10 19:27:12,SETTLEMENT,NEFT,HDFC Bank,IN,0,NORMAL_BANKING_FLOW
TX_HDFC_103994,HDFC_ACC_20142,HDFC_ACC_20030,613054.67,2026-01-10 16:28:15,SETTLEMENT,NEFT,HDFC Bank,IN,0,NORMAL_BANKING_FLOW
TX_HDFC_103995,HDFC_ACC_20053,HDFC_ACC_20234,27678.43,2026-01-11 08:25:18,SETTLEMENT,NEFT,HDFC Bank,IN,0,NORMAL_BANKING_FLOW
TX_HDFC_103996,HDFC_ACC_20025,HDFC_ACC_20071,276869.99,2026-01-11 05:26:35,SETTLEMENT,RTGS,HDFC Bank,IN,0,NORMAL_BANKING_FLOW
TX_HDFC_103997,HDFC_ACC_20108,HDFC_ACC_20140,27293.59,2026-01-10 18:58:40,SETTLEMENT,RTGS,HDFC Bank,IN,0,NORMAL_BANKING_FLOW
TX_HDFC_103998,HDFC_ACC_20207,INDUS_ACC_20114,188654.47,2026-01-10 16:29:15,SETTLEMENT,RTGS,HDFC Bank,IN,0,NORMAL_BANKING_FLOW
TX_HDFC_103999,HDFC_ACC_20007,ICICI_ACC_20249,1635920.12,2026-01-10 19:29:18,SETTLEMENT,NEFT,HDFC Bank,IN,0,NORMAL_BANKING_FLOW
TX_HDFC_104000,HDFC_ACC_20118,HDFC_ACC_20131,398998.4,2026-01-11 02:59:24,SETTLEMENT,RTGS,HDFC Bank,IN,0,NORMAL_BANKING_FLOW
