transaction_id,sender_account,receiver_account,amount,timestamp,transaction_type,channel,bank,country,is_aml,pattern_type
TX_ICICI_104001,ICICI_ACC_20026,ICICI_ACC_20119,615.76,2026-01-10 10:00:00,TRANSFER,UPI,ICICI Bank,IN,0,NORMAL_BANKING_FLOW
TX_ICICI_104002,ICICI_ACC_20020,PNB_ACC_20092,1302.34,2026-01-10 10:01:00,TRANSFER,UPI,ICICI Bank,IN,0,NORMAL_BANKING_FLOW
TX_ICICI_104003,ICICI_ACC_20125,ICICI_ACC_20206,1361.33,2026-01-10 10:01:36,SETTLEMENT,POS,ICICI Bank,IN,0,NORMAL_BANKING_FLOW
TX_ICICI_104004,ICICI_ACC_20180,ICICI_ACC_20004,2049.53,2026-01-10 10:02:00,TRANSFER,UPI,ICICI Bank,IN,0,NORMAL_BANKING_FLOW
TX_ICICI_104005,ICICI_ACC_20089,ICICI_ACC_20136,391.44,2026-01-10 10:03:24,TRANSFER,UPI,ICICI Bank,IN,0,NORMAL_BANKING_FLOW
TX_ICICI_104006,ICICI_ACC_20109,PNB_ACC_20127,2283.15,2026-01-10 10:04:50,TRANSFER,UPI,ICICI Bank,IN,0,NORMAL_BANKING_FLOW
TX_ICICI_104007,ICICI_ACC_20143,ICICI_ACC_20050,117.45,2026-01-10 10:01:36,TRANSFER,UPI,ICICI Bank,IN,0,NORMAL_BANKING_FLOW
TX_ICICI_104008,ICICI_ACC_20198,ICICI_ACC_20103,759.84,2026-01-10 10:06:39,SETTLEMENT,POS,ICICI Bank,IN,0,NORMAL_BANKING_FLOW
TX_ICICI_104009,ICICI_ACC_20235,PNB_ACC_20214,863.12,2026-01-10 10:03:20,SETTLEMENT,POS,ICICI Bank,IN,0,NORMAL_BANKING_FLOW
TX_ICICI_104010,ICICI_ACC_20111,HDFC_ACC_20090,2368.46,2026-01-10 10:06:18,SETTLEMENT,POS,ICICI Bank,IN,0,NORMAL_BANKING_FLOW
TX_ICICI_104011,ICICI_ACC_20061,CANARA_ACC_20004,1366.99,2026-01-10 10:08:40,TRANSFER,UPI,ICICI Bank,IN,0,NORMAL_BANKING_FLOW
TX_ICICI_104012,ICICI_ACC_20068,ICICI_ACC_20109,378.04,2026-01-10 10:03:07,TRANSFER,UPI,ICICI Bank,IN,0,NORMAL_BANKING_FLOW
TX_ICICI_104013,ICICI_ACC_20084,ICICI_ACC_20006,551.98,2026-01-10 10:04:12,TRANSFER,UPI,ICICI Bank,IN,0,NORMAL_BANKING_FLOW
TX_ICICI_104014,ICICI_ACC_20012,ICICI_ACC_20125,1601.69,2026-01-10 10:04:07,TRANSFER,IMPS,ICICI Bank,IN,0,NORMAL_BANKING_FLOW
TX_ICICI_104015,ICICI_ACC_20233,ICICI_ACC_20005,1247.43,2026-01-10 10:13:18,TRANSFER,UPI,ICICI Bank,IN,0,NORMAL_BANKING_FLOW
TX_ICICI_104016,ICICI_ACC_20060,ICICI_ACC_20242,795.35,2026-01-10 10:14:00,TRANSFER,UPI,ICICI Bank,IN,0,NORMAL_BANKING_FLOW
TX_ICICI_104017,ICICI_ACC_20183,ICICI_ACC_20179,868.92,2026-01-10 10:13:20,TRANSFER,UPI,ICICI Bank,IN,0,NORMAL_BANKING_FLOW
TX_ICICI_104018,ICICI_ACC_20069,ICICI_ACC_20081,2506.27,2026-01-10 10:17:00,TRANSFER,IMPS,ICICI Bank,IN,0,NORMAL_BANKING_FLOW
TX_ICICI_104019,ICICI_ACC_20181,ICICI_ACC_20201,840.57,2026-01-10 10:09:00,TRANSFER,IMPS,ICICI Bank,IN,0,NORMAL_BANKING_FLOW
TX_ICICI_104020,ICICI_ACC_20156,ICICI_ACC_20009,1237.34,2026-01-10 10:08:14,TRANSFER,UPI,ICICI Bank,IN,0,NORMAL_BANKING_FLOW
TX_ICICI_104021,ICICI_ACC_20212,ICICI_ACC_20127,9442.19,2026-01-10 10:17:20,TRANSFER,UPI,ICICI Bank,IN,0,NORMAL_BANKING_FLOW
TX_ICICI_104022,ICICI_ACC_20135,KOTAK_ACC_20165,371.92,2026-01-10 10:14:00,TRANSFER,IMPS,ICICI Bank,IN,0,NORMAL_BANKING_FLOW
TX_ICICI_104023,ICICI_ACC_20151,ICICI_ACC_20030,252.99,2026-01-10 10:06:58,TRANSFER,UPI,ICICI Bank,IN,0,NORMAL_BANKING_FLOW
TX_ICICI_104024,ICICI_ACC_20142,HDFC_ACC_20105,2711.43,2026-01-10 10:15:43,TRANSFER,UPI,ICICI Bank,IN,0,NORMAL_BANKING_FLOW
TX_ICICI_104025,ICICI_ACC_20038,ICICI_ACC_20074,727.21,2026-01-10 10:15:36,SETTLEMENT,POS,ICICI Bank,IN,0,NORMAL_BANKING_FLOW
TX_ICICI_104026,ICICI_ACC_20146,ICICI_ACC_20059,1005.85,2026-01-10 10:07:30,TRANSFER,UPI,ICICI Bank,IN,0,NORMAL_BANKING_FLOW
TX_ICICI_104027,ICICI_ACC_20111,ICICI_ACC_20189,663.12,2026-01-10 10:11:16,TRANSFER,IMPS,ICICI Bank,IN,0,NORMAL_BANKING_FLOW
TX_ICICI_104028,ICICI_ACC_20171,ICICI_ACC_20074,1060.17,2026-01-10 10:26:33,SETTLEMENT,POS,ICICI Bank,IN,0,NORMAL_BANKING_FLOW
TX_ICICI_104029,ICICI_ACC_20029,CANARA_ACC_20206,5645.9,2026-01-10 10:24:16,TRANSFER,IMPS,ICICI Bank,IN,0,NORMAL_BANKING_FLOW
TX_ICICI_104030,ICICI_ACC_20210,AXIS_ACC_20226,2757.05,2026-01-10 10:07:15,TRANSFER,UPI,ICICI Bank,IN,0,NORMAL_BANKING_FLOW
TX_ICICI_104031,ICICI_ACC_20244,ICICI_ACC_20006,2910.27,2026-01-10 10:21:00,SETTLEMENT,POS,ICICI Bank,IN,0,NORMAL_BANKING_FLOW
TX_ICICI_104032,ICICI_ACC_20131,ICICI_ACC_20232,374.43,2026-01-10 10:14:28,TRANSFER,UPI,ICICI Bank,IN,0,NORMAL_BANKING_FLOW
TX_ICICI_104033,ICICI_ACC_20027,ICICI_ACC_20014,475.31,2026-01-10 10:26:08,SETTLEMENT,POS,ICICI Bank,IN,0,NORMAL_BANKING_FLOW
TX_ICICI_104034,ICICI_ACC_20168,ICICI_ACC_20206,104.05,2026-01-10 10:13:45,TRANSFER,IMPS,ICICI Bank,IN,0,NORMAL_BANKING_FLOW
TX_ICICI_104035,ICICI_ACC_20024,BOB_ACC_20241,646.49,2026-01-10 10:32:18,TRANSFER,IMPS,ICICI Bank,IN,0,NORMAL_BANKING_FLOW
TX_ICICI_104036,ICICI_ACC_20175,BOB_ACC_20152,3168.56,2026-01-10 10:11:40,TRANSFER,UPI,ICICI Bank,IN,0,NORMAL_BANKING_FLOW
TX_ICICI_104037,ICICI_ACC_20199,ICICI_ACC_20231,2132.93,2026-01-10 10:28:12,SETTLEMENT,POS,ICICI Bank,IN,0,NORMAL_BANKING_FLOW
TX_ICICI_104038,ICICI_ACC_20021,SBI_ACC_20187,1097.33,2026-01-10 10:14:48,SETTLEMENT,POS,ICICI Bank,IN,0,NORMAL_BANKING_FLOW
TX_ICICI_104039,ICICI_ACC_20150,BOB_ACC_20007,1312.82,2026-01-10 10:31:02,TRANSFER,IMPS,ICICI Bank,IN,0,NORMAL_BANKING_FLOW
TX_ICICI_104040,ICICI_ACC_20237,ICICI_ACC_20066,720.54,2026-01-10 10:12:21,SETTLEMENT,POS,ICICI Bank,IN,0,NORMAL_BANKING_FLOW
TX_ICICI_104041,ICICI_ACC_20041,CANARA_ACC_20242,1610.47,2026-01-10 10:22:40,TRANSFER,IMPS,ICICI Bank,IN,0,NORMAL_BANKING_FLOW
TX_ICICI_104042,ICICI_ACC_20188,CANARA_ACC_20248,2668.55,2026-01-10 10:25:17,TRANSFER,IMPS,ICICI Bank,IN,0,NORMAL_BANKING_FLOW
TX_ICICI_104043,ICICI_ACC_20238,ICICI_ACC_20044,312.84,2026-01-10 10:32:54,TRANSFER,UPI,ICICI Bank,IN,0,NORMAL_BANKING_FLOW
TX_ICICI_104044,ICICI_ACC_20066,ICICI_ACC_20108,1754.05,2026-01-10 10:12:54,SETTLEMENT,POS,ICICI Bank,IN,0,NORMAL_BANKING_FLOW
TX_ICICI_104045,ICICI_ACC_20170,ICICI_ACC_20216,3100.11,2026-01-10 10:33:00,TRANSFER,UPI,ICICI Bank,IN,0,NORMAL_BANKING_FLOW
TX_ICICI_104046,ICICI_ACC_20097,ICICI_ACC_20076,921.88,2026-01-10 10:19:30,SETTLEMENT,POS,ICICI Bank,IN,0,NORMAL_BANKING_FLOW
TX_ICICI_104047,ICICI_ACC_20195,ICICI_ACC_20021,2516.52,2026-01-10 10:40:38,TRANSFER,UPI,ICICI Bank,IN,0,NORMAL_BANKING_FLOW
TX_ICICI_104048,ICICI_ACC_20127,ICICI_ACC_20152,16868.26,2026-01-10 10:19:35,TRANSFER,IMPS,ICICI Bank,IN,0,NORMAL_BANKING_FLOW
TX_ICICI_104049,ICICI_ACC_20153,ICICI_ACC_20143,1219.37,2026-01-10 10:25:36,TRANSFER,IMPS,ICICI Bank,IN,0,NORMAL_BANKING_FLOW
TX_ICICI_104050,ICICI_ACC_20185,CANARA_ACC_20170,1908.32,2026-01-10 10:38:23,TRANSFER,UPI,ICICI Bank,IN,0,NORMAL_BANKING_FLOW
TX_ICICI_104051,ICICI_ACC_20011,ICICI_ACC_20059,689.35,2026-01-10 10:45:50,TRANSFER,UPI,ICICI Bank,IN,0,NORMAL_BANKING_FLOW
TX_ICICI_104052,ICICI_ACC_20231,YES_ACC_20028,1576.76,2026-01-10 10:51:00,TRANSFER,UPI,ICICI Bank,IN,0,NORMAL_BANKING_FLOW
TX_ICICI_104053,ICICI_ACC_20126,KOTAK_ACC_20045,2026.86,2026-01-10 10:32:04,TRANSFER,UPI,ICICI Bank,IN,0,NORMAL_BANKING_FLOW
TX_ICICI_104054,ICICI_ACC_20228,BOB_ACC_20142,1596.16,2026-01-10 10:40:38,TRANSFER,UPI,ICICI Bank,IN,0,NORMAL_BANKING_FLOW
TX_ICICI_104055,ICICI_ACC_20096,ICICI_ACC_20200,535.0,2026-01-10 10:26:06,TRANSFER,UPI,ICICI Bank,IN,0,NORMAL_BANKING_FLOW
TX_ICICI_104056,ICICI_ACC_20219,YES_ACC_20046,1612.8,2026-01-10 10:40:20,TRANSFER,IMPS,ICICI Bank,IN,0,NORMAL_BANKING_FLOW
TX_ICICI_104057,ICICI_ACC_20226,ICICI_ACC_20107,4993.92,2026-01-10 10:30:48,TRANSFER,IMPS,ICICI Bank,IN,0,NORMAL_BANKING_FLOW
TX_ICICI_104058,ICICI_ACC_20213,ICICI_ACC_20098,2005.75,2026-01-10 10:56:03,TRANSFER,IMPS,ICICI Bank,IN,0,NORMAL_BANKING_FLOW
TX_ICICI_104059,ICICI_ACC_20067,YES_ACC_20006,3183.67,2026-01-10 10:47:22,TRANSFER,UPI,ICICI Bank,IN,0,NORMAL_BANKING_FLOW
TX_ICICI_104060,ICICI_ACC_20079,ICICI_ACC_20114,1082.13,2026-01-10 10:31:28,TRANSFER,UPI,ICICI Bank,IN,0,NORMAL_BANKING_FLOW
TX_ICICI_104061,ICICI_ACC_20086,ICICI_ACC_20036,2630.45,2026-01-10 10:15:00,TRANSFER,UPI,ICICI Bank,IN,0,NORMAL_BANKING_FLOW
TX_ICICI_104062,ICICI_ACC_20091,ICICI_ACC_20062,1722.17,2026-01-10 10:25:25,SETTLEMENT,POS,ICICI Bank,IN,0,NORMAL_BANKING_FLOW
TX_ICICI_104063,ICICI_ACC_20138,ICICI_ACC_20000,569.17,2026-01-10 10:56:50,TRANSFER,UPI,ICICI Bank,IN,0,NORMAL_BANKING_FLOW
TX_ICICI_104064,ICICI_ACC_20245,KOTAK_ACC_20068,1784.1,2026-01-10 10:49:21,SETTLEMENT,POS,ICICI Bank,IN,0,NORMAL_BANKING_FLOW
TX_ICICI_104065,ICICI_ACC_20178,ICICI_ACC_20157,548.66,2026-01-10 10:52:16,TRANSFER,UPI,ICICI Bank,IN,0,NORMAL_BANKING_FLOW
TX_ICICI_104066,ICICI_ACC_20035,YES_ACC_20122,757.79,2026-01-10 10:18:25,SETTLEMENT,POS,ICICI Bank,IN,0,NORMAL_BANKING_FLOW
TX_ICICI_104067,ICICI_ACC_20192,ICICI_ACC_20154,1588.26,2026-01-10 10:26:24,SETTLEMENT,POS,ICICI Bank,IN,0,NORMAL_BANKING_FLOW
TX_ICICI_104068,ICICI_ACC_20005,ICICI_ACC_20017,1750.26,2026-01-10 10:56:57,TRANSFER,UPI,ICICI Bank,IN,0,NORMAL_BANKING_FLOW
TX_ICICI_104069,ICICI_ACC_20054,HDFC_ACC_20150,459.29,2026-01-10 10:22:40,TRANSFER,UPI,ICICI Bank,IN,0,NORMAL_BANKING_FLOW
TX_ICICI_104070,ICICI_ACC_20193,AXIS_ACC_20210,3458.49,2026-01-10 10:34:30,TRANSFER,UPI,ICICI Bank,IN,0,NORMAL_BANKING_FLOW
TX_ICICI_104071,ICICI_ACC_20027,ICICI_ACC_20122,2241.29,2026-01-10 10:32:40,TRANSFER,IMPS,ICICI Bank,IN,0,NORMAL_BANKING_FLOW
TX_ICICI_104072,ICICI_ACC_20087,ICICI_ACC_20063,710.34,2026-01-10 10:48:31,SETTLEMENT,POS,ICICI Bank,IN,0,NORMAL_BANKING_FLOW
TX_ICICI_104073,ICICI_ACC_20082,ICICI_ACC_20024,335.69,2026-01-10 10:20:24,SETTLEMENT,POS,ICICI Bank,IN,0,NORMAL_BANKING_FLOW
TX_ICICI_104074,ICICI_ACC_20212,AXIS_ACC_20092,1175.66,2026-01-10 10:48:40,TRANSFER,UPI,ICICI Bank,IN,0,NORMAL_BANKING_FLOW
TX_ICICI_104075,ICICI_ACC_20126,ICICI_ACC_20031,896.64,2026-01-10 10:39:28,TRANSFER,IMPS,ICICI Bank,IN,0,NORMAL_BANKING_FLOW
TX_ICICI_104076,ICICI_ACC_20081,ICICI_ACC_20224,1483.01,2026-01-10 11:07:30,TRANSFER,UPI,ICICI Bank,IN,0,NORMAL_BANKING_FLOW
TX_ICICI_104077,ICICI_ACC_20070,ICICI_ACC_20146,966.03,2026-01-10 10:34:12,TRANSFER,IMPS,ICICI Bank,IN,0,NORMAL_BANKING_FLOW
TX_ICICI_104078,ICICI_ACC_20016,ICICI_ACC_20190,219.93,2026-01-10 10:52:37,TRANSFER,UPI,ICICI Bank,IN,0,NORMAL_BANKING_FLOW
TX_ICICI_104079,ICICI_ACC_20238,BOB_ACC_20032,944.34,2026-01-10 10:58:30,SETTLEMENT,POS,ICICI Bank,IN,0,NORMAL_BANKING_FLOW
TX_ICICI_104080,ICICI_ACC_20137,ICICI_ACC_20140,1017.34,2026-01-10 11:17:41,TRANSFER,UPI,ICICI Bank,IN,0,NORMAL_BANKING_FLOW
TX_ICICI_104081,ICICI_ACC_20138,SBI_ACC_20221,2369.17,2026-01-10 11:13:20,TRANSFER,UPI,ICICI Bank,IN,0,NORMAL_BANKING_FLOW
TX_ICICI_104082,ICICI_ACC_20141,ICICI_ACC_20069,714.53,2026-01-10 10:54:00,TRANSFER,UPI,ICICI Bank,IN,0,NORMAL_BANKING_FLOW
TX_ICICI_104083,ICICI_ACC_20105,ICICI_ACC_20026,6068.14,2026-01-10 10:27:20,TRANSFER,UPI,ICICI Bank,IN,0,NORMAL_BANKING_FLOW
TX_ICICI_104084,ICICI_ACC_20159,ICICI_ACC_20100,239.73,2026-01-10 10:40:07,SETTLEMENT,POS,ICICI Bank,IN,0,NORMAL_BANKING_FLOW
TX_ICICI_104085,ICICI_ACC_20067,ICICI_ACC_20158,4359.23,2026-01-10 11:17:00,TRANSFER,UPI,ICICI Bank,IN,0,NORMAL_BANKING_FLOW
TX_ICICI_104086,ICICI_ACC_20206,YES_ACC_20178,1094.57,2026-01-10 11:20:45,TRANSFER,IMPS,ICICI Bank,IN,0,NORMAL_BANKING_FLOW
TX_ICICI_104087,ICICI_ACC_20079,YES_ACC_20145,2903.37,2026-01-10 11:17:24,TRANSFER,IMPS,ICICI Bank,IN,0,NORMAL_BANKING_FLOW
TX_ICICI_104088,ICICI_ACC_20221,ICICI_ACC_20087,1439.17,2026-01-10 10:49:18,TRANSFER,IMPS,ICICI Bank,IN,0,NORMAL_BANKING_FLOW
TX_ICICI_104089,ICICI_ACC_20080,SBI_ACC_20028,3735.36,2026-01-10 11:16:16,TRANSFER,UPI,ICICI Bank,IN,0,NORMAL_BANKING_FLOW
TX_ICICI_104090,ICICI_ACC_20184,ICICI_ACC_20046,945.18,2026-01-10 10:32:38,TRANSFER,IMPS,ICICI Bank,IN,0,NORMAL_BANKING_FLOW
TX_ICICI_104091,ICICI_ACC_20199,ICICI_ACC_20092,498.32,2026-01-10 10:27:00,SETTLEMENT,POS,ICICI Bank,IN,0,NORMAL_BANKING_FLOW
TX_ICICI_104092,ICICI_ACC_20097,SBI_ACC_20089,4810.01,2026-01-10 10:45:30,TRANSFER,IMPS,ICICI Bank,IN,0,NORMAL_BANKING_FLOW
TX_ICICI_104093,ICICI_ACC_20020,ICICI_ACC_20187,1209.39,2026-01-10 10:33:44,TRANSFER,UPI,ICICI Bank,IN,0,NORMAL_BANKING_FLOW
TX_ICICI_104094,ICICI_ACC_20152,ICICI_ACC_20198,1635.01,2026-01-10 10:27:54,TRANSFER,UPI,ICICI Bank,IN,0,NORMAL_BANKING_FLOW
TX_ICICI_104095,ICICI_ACC_20053,ICICI_ACC_20064,4069.51,2026-01-10 11:18:20,SETTLEMENT,POS,ICICI Bank,IN,0,NORMAL_BANKING_FLOW
TX_ICICI_104096,ICICI_ACC_20165,ICICI_ACC_20131,529.13,2026-01-10 11:04:55,SETTLEMENT,POS,ICICI Bank,IN,0,NORMAL_BANKING_FLOW
TX_ICICI_104097,ICICI_ACC_20095,ICICI_ACC_20098,2289.16,2026-01-10 11:23:12,TRANSFER,UPI,ICICI Bank,IN,0,NORMAL_BANKING_FLOW
TX_ICICI_104098,ICICI_ACC_20006,ICICI_ACC_20167,787.68,2026-01-10 11:14:22,TRANSFER,UPI,ICICI Bank,IN,0,NORMAL_BANKING_FLOW
TX_ICICI_104099,ICICI_ACC_20034,ICICI_ACC_20249,1189.21,2026-01-10 11:23:18,TRANSFER,UPI,ICICI Bank,IN,0,NORMAL_BANKING_FLOW
TX_ICICI_104100,ICICI_ACC_20012,ICICI_ACC_20097,1429.46,2026-01-10 11:25:48,TRANSFER,UPI,ICICI Bank,IN,0,NORMAL_BANKING_FLOW
TX_ICICI_104101,ICICI_ACC_20070,BOB_ACC_20157,347.17,2026-01-10 11:05:00,TRANSFER,IMPS,ICICI Bank,IN,0,NORMAL_BANKING_FLOW
TX_ICICI_104102,ICICI_ACC_20105,ICICI_ACC_20203,664.51,2026-01-10 11:10:42,TRANSFER,UPI,ICICI Bank,IN,0,NORMAL_BANKING_FLOW
TX_ICICI_104103,ICICI_ACC_20003,PNB_ACC_20080,4518.64,2026-01-10 11:11:24,TRANSFER,UPI,ICICI Bank,IN,0,NORMAL_BANKING_FLOW
TX_ICICI_104104,ICICI_ACC_20125,INDUS_ACC_20137,2973.73,2026-01-10 11:12:06,SETTLEMENT,POS,ICICI Bank,IN,0,NORMAL_BANKING_FLOW
TX_ICICI_104105,ICICI_ACC_20200,INDUS_ACC_20246,1266.01,2026-01-10 10:27:44,TRANSFER,IMPS,ICICI Bank,IN,0,NORMAL_BANKING_FLOW
TX_ICICI_104106,ICICI_ACC_20129,SBI_ACC_20108,1667.05,2026-01-10 10:50:45,TRANSFER,UPI,ICICI Bank,IN,0,NORMAL_BANKING_FLOW
TX_ICICI_104107,ICICI_ACC_20200,ICICI_ACC_20205,1027.81,2026-01-10 10:40:38,TRANSFER,UPI,ICICI Bank,IN,0,NORMAL_BANKING_FLOW
TX_ICICI_104108,ICICI_ACC_20200,ICICI_ACC_20162,4541.1,2026-01-10 11:11:20,SETTLEMENT,POS,ICICI Bank,IN,0,NORMAL_BANKING_FLOW
TX_ICICI_104109,ICICI_ACC_20086,SBI_ACC_20027,1118.43,2026-01-10 10:46:48,TRANSFER,IMPS,ICICI Bank,IN,0,NORMAL_BANKING_FLOW
TX_ICICI_104110,ICICI_ACC_20154,ICICI_ACC_20058,1650.21,2026-01-10 11:12:40,TRANSFER,IMPS,ICICI Bank,IN,0,NORMAL_BANKING_FLOW
TX_ICICI_104111,ICICI_ACC_20238,ICICI_ACC_20041,3757.19,2026-01-10 10:33:00,TRANSFER,UPI,ICICI Bank,IN,0,NORMAL_BANKING_FLOW
TX_ICICI_104112,ICICI_ACC_20038,ICICI_ACC_20247,665.38,2026-01-10 10:48:06,TRANSFER,UPI,ICICI Bank,IN,0,NORMAL_BANKING_FLOW
TX_ICICI_104113,ICICI_ACC_20225,ICICI_ACC_20168,5447.49,2026-01-10 11:20:16,TRANSFER,UPI,ICICI Bank,IN,0,NORMAL_BANKING_FLOW
TX_ICICI_104114,ICICI_ACC_20034,HDFC_ACC_20099,337.84,2026-01-10 11:24:45,TRANSFER,UPI,ICICI Bank,IN,0,NORMAL_BANKING_FLOW
TX_ICICI_104115,ICICI_ACC_20045,ICICI_ACC_20025,5806.18,2026-01-10 10:30:24,TRANSFER,UPI,ICICI Bank,IN,0,NORMAL_BANKING_FLOW
TX_ICICI_104116,ICICI_ACC_20248,PNB_ACC_20136,957.75,2026-01-10 10:38:20,TRANSFER,UPI,ICICI Bank,IN,0,NORMAL_BANKING_FLOW
TX_ICICI_104117,ICICI_ACC_20015,ICICI_ACC_20232,1076.61,2026-01-10 11:32:48,TRANSFER,IMPS,ICICI Bank,IN,0,NORMAL_BANKING_FLOW
TX_ICICI_104118,ICICI_ACC_20121,ICICI_ACC_20101,244.45,2026-01-10 11:35:33,TRANSFER,UPI,ICICI Bank,IN,0,NORMAL_BANKING_FLOW
TX_ICICI_104119,ICICI_ACC_20143,ICICI_ACC_20224,889.52,2026-01-10 11:28:30,TRANSFER,IMPS,ICICI Bank,IN,0,NORMAL_BANKING_FLOW
TX_ICICI_104120,ICICI_ACC_20152,INDUS_ACC_20113,525.41,2026-01-10 10:39:40,TRANSFER,UPI,ICICI Bank,IN,0,NORMAL_BANKING_FLOW
TX_ICICI_104121,ICICI_ACC_20069,ICICI_ACC_20184,775.2,2026-01-10 10:30:00,SETTLEMENT,POS,ICICI Bank,IN,0,NORMAL_BANKING_FLOW
TX_ICICI_104122,ICICI_ACC_20218,ICICI_ACC_20207,1183.72,2026-01-10 11:22:41,TRANSFER,IMPS,ICICI Bank,IN,0,NORMAL_BANKING_FLOW
TX_ICICI_104123,ICICI_ACC_20186,ICICI_ACC_20042,3171.67,2026-01-10 11:25:24,TRANSFER,UPI,ICICI Bank,IN,0,NORMAL_BANKING_FLOW
TX_ICICI_104124,ICICI_ACC_20064,ICICI_ACC_20195,1614.6,2026-01-10 10:36:54,TRANSFER,UPI,ICICI Bank,IN,0,NORMAL_BANKING_FLOW
TX_ICICI_104125,ICICI_ACC_20110,ICICI_ACC_20151,1766.77,2026-01-10 11:33:00,TRANSFER,UPI,ICICI Bank,IN,0,NORMAL_BANKING_FLOW
TX_ICICI_104126,ICICI_ACC_20136,ICICI_ACC_20142,499.71,2026-01-10 11:21:15,SETTLEMENT,POS,ICICI Bank,IN,0,NORMAL_BANKING_FLOW
TX_ICICI_104127,ICICI_ACC_20162,ICICI_ACC_20067,606.27,2026-01-10 11:17:42,SETTLEMENT,POS,ICICI Bank,IN,0,NORMAL_BANKING_FLOW
TX_ICICI_104128,ICICI_ACC_20032,ICICI_ACC_20143,6760.5,2026-01-10 11:39:29,TRANSFER,UPI,ICICI Bank,IN,0,NORMAL_BANKING_FLOW
TX_ICICI_104129,ICICI_ACC_20128,ICICI_ACC_20064,691.12,2026-01-10 12:05:52,TRANSFER,IMPS,ICICI Bank,IN,0,NORMAL_BANKING_FLOW
TX_ICICI_104130,ICICI_ACC_20243,ICICI_ACC_20008,5946.67,2026-01-10 11:21:42,TRANSFER,IMPS,ICICI Bank,IN,0,NORMAL_BANKING_FLOW
TX_ICICI_104131,ICICI_ACC_20065,ICICI_ACC_20095,1076.26,2026-01-10 12:05:40,SETTLEMENT,POS,ICICI Bank,IN,0,NORMAL_BANKING_FLOW
TX_ICICI_104132,ICICI_ACC_20086,KOTAK_ACC_20216,1342.19,2026-01-10 11:12:03,TRANSFER,IMPS,ICICI Bank,IN,0,NORMAL_BANKING_FLOW
TX_ICICI_104133,ICICI_ACC_20241,ICICI_ACC_20239,3509.85,2026-01-10 10:41:48,TRANSFER,UPI,ICICI Bank,IN,0,NORMAL_BANKING_FLOW
TX_ICICI_104134,ICICI_ACC_20073,CANARA_ACC_20174,4207.83,2026-01-10 12:13:00,SETTLEMENT,POS,ICICI Bank,IN,0,NORMAL_BANKING_FLOW
TX_ICICI_104135,ICICI_ACC_20021,ICICI_ACC_20231,1212.29,2026-01-10 12:00:36,TRANSFER,IMPS,ICICI Bank,IN,0,NORMAL_BANKING_FLOW
TX_ICICI_104136,ICICI_ACC_20062,ICICI_ACC_20166,944.43,2026-01-10 11:30:00,TRANSFER,IMPS,ICICI Bank,IN,0,NORMAL_BANKING_FLOW
TX_ICICI_104137,ICICI_ACC_20042,ICICI_ACC_20007,1273.69,2026-01-10 12:06:56,TRANSFER,IMPS,ICICI Bank,IN,0,NORMAL_BANKING_FLOW
TX_ICICI_104138,ICICI_ACC_20142,ICICI_ACC_20176,1815.58,2026-01-10 11:01:39,SETTLEMENT,POS,ICICI Bank,IN,0,NORMAL_BANKING_FLOW
TX_ICICI_104139,ICICI_ACC_20229,ICICI_ACC_20182,2987.44,2026-01-10 10:57:30,SETTLEMENT,POS,ICICI Bank,IN,0,NORMAL_BANKING_FLOW
TX_ICICI_104140,ICICI_ACC_20015,HDFC_ACC_20155,1344.54,2026-01-10 10:34:45,TRANSFER,IMPS,ICICI Bank,IN,0,NORMAL_BANKING_FLOW
TX_ICICI_104141,ICICI_ACC_20211,ICICI_ACC_20084,2337.87,2026-01-10 11:31:00,SETTLEMENT,POS,ICICI Bank,IN,0,NORMAL_BANKING_FLOW
TX_ICICI_104142,ICICI_ACC_20008,ICICI_ACC_20203,5851.91,2026-01-10 12:21:00,TRANSFER,IMPS,ICICI Bank,IN,0,NORMAL_BANKING_FLOW
TX_ICICI_104143,ICICI_ACC_20139,ICICI_ACC_20037,1887.82,2026-01-10 11:08:38,TRANSFER,UPI,ICICI Bank,IN,0,NORMAL_BANKING_FLOW
TX_ICICI_104144,ICICI_ACC_20058,ICICI_ACC_20059,1773.11,2026-01-10 11:16:16,TRANSFER,IMPS,ICICI Bank,IN,0,NORMAL_BANKING_FLOW
TX_ICICI_104145,ICICI_ACC_20219,HDFC_ACC_20131,341.37,2026-01-10 11:21:36,TRANSFER,UPI,ICICI Bank,IN,0,NORMAL_BANKING_FLOW
TX_ICICI_104146,ICICI_ACC_20101,ICICI_ACC_20130,125.5,2026-01-10 10:45:55,TRANSFER,IMPS,ICICI Bank,IN,0,NORMAL_BANKING_FLOW
TX_ICICI_104147,ICICI_ACC_20017,INDUS_ACC_20044,1899.87,2026-01-10 11:20:18,TRANSFER,IMPS,ICICI Bank,IN,0,NORMAL_BANKING_FLOW
TX_ICICI_104148,ICICI_ACC_20234,ICICI_ACC_20092,1229.86,2026-01-10 11:18:24,TRANSFER,UPI,ICICI Bank,IN,0,NORMAL_BANKING_FLOW
TX_ICICI_104149,ICICI_ACC_20013,KOTAK_ACC_20209,842.77,2026-01-10 11:16:28,TRANSFER,UPI,ICICI Bank,IN,0,NORMAL_BANKING_FLOW
TX_ICICI_104150,ICICI_ACC_20176,ICICI_ACC_20154,1667.66,2026-01-10 12:01:41,SETTLEMENT,POS,ICICI Bank,IN,0,NORMAL_BANKING_FLOW
TX_ICICI_104151,ICICI_ACC_20180,HDFC_ACC_20003,1268.56,2026-01-10 12:15:00,TRANSFER,UPI,ICICI Bank,IN,0,NORMAL_BANKING_FLOW
TX_ICICI_104152,ICICI_ACC_20193,INDUS_ACC_20061,3695.98,2026-01-10 12:20:56,TRANSFER,IMPS,ICICI Bank,IN,0,NORMAL_BANKING_FLOW
TX_ICICI_104153,ICICI_ACC_20037,ICICI_ACC_20246,1447.36,2026-01-10 12:21:52,TRANSFER,IMPS,ICICI Bank,IN,0,NORMAL_BANKING_FLOW
TX_ICICI_104154,ICICI_ACC_20065,YES_ACC_20205,683.87,2026-01-10 11:59:51,TRANSFER,IMPS,ICICI Bank,IN,0,NORMAL_BANKING_FLOW
TX_ICICI_104155,ICICI_ACC_20108,BOB_ACC_20131,3265.44,2026-01-10 12:18:36,TRANSFER,IMPS,ICICI Bank,IN,0,NORMAL_BANKING_FLOW
TX_ICICI_104156,ICICI_ACC_20195,ICICI_ACC_20015,1101.67,2026-01-10 11:02:00,SETTLEMENT,POS,ICICI Bank,IN,0,NORMAL_BANKING_FLOW
TX_ICICI_104157,ICICI_ACC_20080,ICICI_ACC_20180,2151.42,2026-01-10 11:28:24,SETTLEMENT,POS,ICICI Bank,IN,0,NORMAL_BANKING_FLOW
TX_ICICI_104158,ICICI_ACC_20026,ICICI_ACC_20116,871.6,2026-01-10 11:00:11,SETTLEMENT,POS,ICICI Bank,IN,0,NORMAL_BANKING_FLOW
TX_ICICI_104159,ICICI_ACC_20096,ICICI_ACC_20208,746.32,2026-01-10 12:32:44,TRANSFER,UPI,ICICI Bank,IN,0,NORMAL_BANKING_FLOW
TX_ICICI_104160,ICICI_ACC_20153,ICICI_ACC_20247,1444.84,2026-01-10 10:53:00,SETTLEMENT,POS,ICICI Bank,IN,0,NORMAL_BANKING_FLOW
TX_ICICI_104161,ICICI_ACC_20044,ICICI_ACC_20232,1354.99,2026-01-10 11:44:00,TRANSFER,IMPS,ICICI Bank,IN,0,NORMAL_BANKING_FLOW
TX_ICICI_104162,ICICI_ACC_20166,ICICI_ACC_20115,2062.85,2026-01-10 11:15:08,SETTLEMENT,POS,ICICI Bank,IN,0,NORMAL_BANKING_FLOW
TX_ICICI_104163,ICICI_ACC_20060,ICICI_ACC_20026,1051.76,2026-01-10 11:07:30,TRANSFER,IMPS,ICICI Bank,IN,0,NORMAL_BANKING_FLOW
TX_ICICI_104164,ICICI_ACC_20165,ICICI_ACC_20127,256.54,2026-01-10 11:05:12,SETTLEMENT,POS,ICICI Bank,IN,0,NORMAL_BANKING_FLOW
TX_ICICI_104165,ICICI_ACC_20209,ICICI_ACC_20226,907.33,2026-01-10 10:43:44,TRANSFER,UPI,ICICI Bank,IN,0,NORMAL_BANKING_FLOW
TX_ICICI_104166,ICICI_ACC_20044,ICICI_ACC_20132,2736.5,2026-01-10 12:20:15,TRANSFER,UPI,ICICI Bank,IN,0,NORMAL_BANKING_FLOW
TX_ICICI_104167,ICICI_ACC_20142,AXIS_ACC_20037,1024.91,2026-01-10 10:49:48,TRANSFER,IMPS,ICICI Bank,IN,0,NORMAL_BANKING_FLOW
TX_ICICI_104168,ICICI_ACC_20029,ICICI_ACC_20059,1073.04,2026-01-10 11:01:14,TRANSFER,UPI,ICICI Bank,IN,0,NORMAL_BANKING_FLOW
TX_ICICI_104169,ICICI_ACC_20004,ICICI_ACC_20134,3254.32,2026-01-10 11:12:48,SETTLEMENT,POS,ICICI Bank,IN,0,NORMAL_BANKING_FLOW
TX_ICICI_104170,ICICI_ACC_20097,ICICI_ACC_20233,705.72,2026-01-10 11:49:51,TRANSFER,UPI,ICICI Bank,IN,0,NORMAL_BANKING_FLOW
TX_ICICI_104171,ICICI_ACC_20161,ICICI_ACC_20223,334.11,2026-01-10 10:45:20,TRANSFER,IMPS,ICICI Bank,IN,0,NORMAL_BANKING_FLOW
TX_ICICI_104172,ICICI_ACC_20173,ICICI_ACC_20098,1159.14,2026-01-10 12:22:30,SETTLEMENT,POS,ICICI Bank,IN,0,NORMAL_BANKING_FLOW
TX_ICICI_104173,ICICI_ACC_20021,KOTAK_ACC_20095,866.31,2026-01-10 11:03:04,TRANSFER,UPI,ICICI Bank,IN,0,NORMAL_BANKING_FLOW
TX_ICICI_104174,ICICI_ACC_20073,ICICI_ACC_20186,561.37,2026-01-10 11:52:27,TRANSFER,IMPS,ICICI Bank,IN,0,NORMAL_BANKING_FLOW
TX_ICICI_104175,ICICI_ACC_20074,KOTAK_ACC_20164,1143.85,2026-01-10 11:27:00,SETTLEMENT,POS,ICICI Bank,IN,0,NORMAL_BANKING_FLOW
TX_ICICI_104176,ICICI_ACC_20193,ICICI_ACC_20123,2084.65,2026-01-10 10:58:20,TRANSFER,IMPS,ICICI Bank,IN,0,NORMAL_BANKING_FLOW
TX_ICICI_104177,ICICI_ACC_20192,BOB_ACC_20164,1328.28,2026-01-10 11:33:52,TRANSFER,UPI,ICICI Bank,IN,0,NORMAL_BANKING_FLOW
TX_ICICI_104178,ICICI_ACC_20079,ICICI_ACC_20151,1765.67,2026-01-10 11:07:51,TRANSFER,UPI,ICICI Bank,IN,0,NORMAL_BANKING_FLOW
TX_ICICI_104179,ICICI_ACC_20202,ICICI_ACC_20000,6850.43,2026-01-10 11:43:50,SETTLEMENT,POS,ICICI Bank,IN,0,NORMAL_BANKING_FLOW
TX_ICICI_104180,ICICI_ACC_20004,ICICI_ACC_20193,983.79,2026-01-10 11:20:33,TRANSFER,IMPS,ICICI Bank,IN,0,NORMAL_BANKING_FLOW
TX_ICICI_104181,ICICI_ACC_20000,ICICI_ACC_20209,1720.75,2026-01-10 12:00:00,SETTLEMENT,POS,ICICI Bank,IN,0,NORMAL_BANKING_FLOW
TX_ICICI_104182,ICICI_ACC_20243,YES_ACC_20112,847.01,2026-01-10 11:36:32,SETTLEMENT,POS,ICICI Bank,IN,0,NORMAL_BANKING_FLOW
TX_ICICI_104183,ICICI_ACC_20231,ICICI_ACC_20111,625.33,2026-01-10 10:57:38,TRANSFER,UPI,ICICI Bank,IN,0,NORMAL_BANKING_FLOW
TX_ICICI_104184,ICICI_ACC_20171,ICICI_ACC_20068,791.23,2026-01-10 12:08:06,SETTLEMENT,POS,ICICI Bank,IN,0,NORMAL_BANKING_FLOW
TX_ICICI_104185,ICICI_ACC_20231,ICICI_ACC_20235,870.54,2026-01-10 11:01:20,TRANSFER,UPI,ICICI Bank,IN,0,NORMAL_BANKING_FLOW
TX_ICICI_104186,ICICI_ACC_20022,KOTAK_ACC_20072,1851.09,2026-01-10 11:57:10,TRANSFER,UPI,ICICI Bank,IN,0,NORMAL_BANKING_FLOW
TX_ICICI_104187,ICICI_ACC_20138,ICICI_ACC_20102,11094.09,2026-01-10 10:46:30,SETTLEMENT,POS,ICICI Bank,IN,0,NORMAL_BANKING_FLOW
TX_ICICI_104188,ICICI_ACC_20234,ICICI_ACC_20197,703.14,2026-01-10 12:48:18,SETTLEMENT,POS,ICICI Bank,IN,0,NORMAL_BANKING_FLOW
TX_ICICI_104189,ICICI_ACC_20133,ICICI_ACC_20094,920.61,2026-01-10 12:49:12,TRANSFER,UPI,ICICI Bank,IN,0,NORMAL_BANKING_FLOW
TX_ICICI_104190,ICICI_ACC_20110,ICICI_ACC_20051,1265.46,2026-01-10 12:37:30,TRANSFER,IMPS,ICICI Bank,IN,0,NORMAL_BANKING_FLOW
TX_ICICI_104191,ICICI_ACC_20096,ICICI_ACC_20146,1912.6,2026-01-10 11:44:30,TRANSFER,IMPS,ICICI Bank,IN,0,NORMAL_BANKING_FLOW
TX_ICICI_104192,ICICI_ACC_20040,ICICI_ACC_20118,1697.98,2026-01-10 12:42:21,TRANSFER,IMPS,ICICI Bank,IN,0,NORMAL_BANKING_FLOW
TX_ICICI_104193,ICICI_ACC_20138,ICICI_ACC_20143,4254.3,2026-01-10 10:48:00,TRANSFER,IMPS,ICICI Bank,IN,0,NORMAL_BANKING_FLOW
TX_ICICI_104194,ICICI_ACC_20144,ICICI_ACC_20135,150.84,2026-01-10 12:34:24,SETTLEMENT,POS,ICICI Bank,IN,0,NORMAL_BANKING_FLOW
TX_ICICI_104195,ICICI_ACC_20124,HDFC_ACC_20093,156.3,2026-01-10 13:07:32,TRANSFER,IMPS,ICICI Bank,IN,0,NORMAL_BANKING_FLOW
TX_ICICI_104196,ICICI_ACC_20151,ICICI_ACC_20092,857.23,2026-01-10 10:52:00,TRANSFER,UPI,ICICI Bank,IN,0,NORMAL_BANKING_FLOW
TX_ICICI_104197,ICICI_ACC_20145,ICICI_ACC_20096,3595.97,2026-01-10 12:23:44,SETTLEMENT,POS,ICICI Bank,IN,0,NORMAL_BANKING_FLOW
TX_ICICI_104198,ICICI_ACC_20060,ICICI_ACC_20242,327.31,2026-01-10 10:52:32,TRANSFER,IMPS,ICICI Bank,IN,0,NORMAL_BANKING_FLOW
TX_ICICI_104199,ICICI_ACC_20225,INDUS_ACC_20116,89.4,2026-01-10 11:06:00,TRANSFER,UPI,ICICI Bank,IN,0,NORMAL_BANKING_FLOW
TX_ICICI_104200,ICICI_ACC_20143,AXIS_ACC_20097,2239.62,2026-01-10 13:02:25,TRANSFER,IMPS,ICICI Bank,IN,0,NORMAL_BANKING_FLOW
TX_ICICI_104201,ICICI_ACC_20020,ICICI_ACC_20001,1667.85,2026-01-10 10:50:00,TRANSFER,UPI,ICICI Bank,IN,0,NORMAL_BANKING_FLOW
TX_ICICI_104202,ICICI_ACC_20035,CANARA_ACC_20092,502.11,2026-01-10 12:50:51,TRANSFER,UPI,ICICI Bank,IN,0,NORMAL_BANKING_FLOW
TX_ICICI_104203,ICICI_ACC_20248,CANARA_ACC_20124,551.71,2026-01-10 12:01:12,TRANSFER,IMPS,ICICI Bank,IN,0,NORMAL_BANKING_FLOW
TX_ICICI_104204,ICICI_ACC_20023,ICICI_ACC_20036,559.6,2026-01-10 12:28:52,TRANSFER,UPI,ICICI Bank,IN,0,NORMAL_BANKING_FLOW
TX_ICICI_104205,ICICI_ACC_20154,ICICI_ACC_20019,1479.53,2026-01-10 12:36:24,TRANSFER,UPI,ICICI Bank,IN,0,NORMAL_BANKING_FLOW
TX_ICICI_104206,ICICI_ACC_20204,BOB_ACC_20037,762.28,2026-01-10 11:11:45,TRANSFER,IMPS,ICICI Bank,IN,0,NORMAL_BANKING_FLOW
TX_ICICI_104207,ICICI_ACC_20182,ICICI_ACC_20241,2089.45,2026-01-10 11:49:52,TRANSFER,UPI,ICICI Bank,IN,0,NORMAL_BANKING_FLOW
TX_ICICI_104208,ICICI_ACC_20045,ICICI_ACC_20155,102.6,2026-01-10 11:19:21,TRANSFER,UPI,ICICI Bank,IN,0,NORMAL_BANKING_FLOW
TX_ICICI_104209,ICICI_ACC_20150,ICICI_ACC_20013,619.45,2026-01-10 12:36:00,TRANSFER,UPI,ICICI Bank,IN,0,NORMAL_BANKING_FLOW
TX_ICICI_104210,ICICI_ACC_20233,INDUS_ACC_20068,486.17,2026-01-10 13:29:00,SETTLEMENT,POS,ICICI Bank,IN,0,NORMAL_BANKING_FLOW
TX_ICICI_104211,ICICI_ACC_20141,ICICI_ACC_20075,1063.47,2026-01-10 11:20:30,TRANSFER,UPI,ICICI Bank,IN,0,NORMAL_BANKING_FLOW
TX_ICICI_104212,ICICI_ACC_20213,ICICI_ACC_20111,825.31,2026-01-10 12:13:38,TRANSFER,UPI,ICICI Bank,IN,0,NORMAL_BANKING_FLOW
TX_ICICI_104213,ICICI_ACC_20216,ICICI_ACC_20032,2746.44,2026-01-10 12:46:04,TRANSFER,UPI,ICICI Bank,IN,0,NORMAL_BANKING_FLOW
TX_ICICI_104214,ICICI_ACC_20000,SBI_ACC_20240,251.29,2026-01-10 12:14:54,TRANSFER,UPI,ICICI Bank,IN,0,NORMAL_BANKING_FLOW
TX_ICICI_104215,ICICI_ACC_20102,ICICI_ACC_20181,1395.41,2026-01-10 11:04:12,TRANSFER,UPI,ICICI Bank,IN,0,NORMAL_BANKING_FLOW
TX_ICICI_104216,ICICI_ACC_20243,ICICI_ACC_20043,2213.88,2026-01-10 12:09:00,TRANSFER,UPI,ICICI Bank,IN,0,NORMAL_BANKING_FLOW
TX_ICICI_104217,ICICI_ACC_20071,CANARA_ACC_20045,7122.28,2026-01-10 11:40:48,SETTLEMENT,POS,ICICI Bank,IN,0,NORMAL_BANKING_FLOW
TX_ICICI_104218,ICICI_ACC_20143,ICICI_ACC_20228,868.19,2026-01-10 12:49:59,TRANSFER,UPI,ICICI Bank,IN,0,NORMAL_BANKING_FLOW
TX_ICICI_104219,ICICI_ACC_20022,ICICI_ACC_20167,1793.66,2026-01-10 11:56:16,TRANSFER,UPI,ICICI Bank,IN,0,NORMAL_BANKING_FLOW
TX_ICICI_104220,ICICI_ACC_20176,ICICI_ACC_20115,264.15,2026-01-10 12:55:12,TRANSFER,UPI,ICICI Bank,IN,0,NORMAL_BANKING_FLOW
TX_ICICI_104221,ICICI_ACC_20107,ICICI_ACC_20242,155.59,2026-01-10 11:50:00,TRANSFER,UPI,ICICI Bank,IN,0,NORMAL_BANKING_FLOW
TX_ICICI_104222,ICICI_ACC_20203,SBI_ACC_20123,2864.92,2026-01-10 13:00:29,SETTLEMENT,POS,ICICI Bank,IN,0,NORMAL_BANKING_FLOW
TX_ICICI_104223,ICICI_ACC_20089,SBI_ACC_20023,1332.74,2026-01-10 11:10:18,TRANSFER,UPI,ICICI Bank,IN,0,NORMAL_BANKING_FLOW
TX_ICICI_104224,ICICI_ACC_20249,ICICI_ACC_20045,3868.65,2026-01-10 11:21:46,TRANSFER,IMPS,ICICI Bank,IN,0,NORMAL_BANKING_FLOW
TX_ICICI_104225,ICICI_ACC_20027,HDFC_ACC_20080,389.14,2026-01-10 12:44:16,SETTLEMENT,POS,ICICI Bank,IN,0,NORMAL_BANKING_FLOW
TX_ICICI_104226,ICICI_ACC_20191,INDUS_ACC_20058,2138.61,2026-01-10 11:37:30,TRANSFER,UPI,ICICI Bank,IN,0,NORMAL_BANKING_FLOW
TX_ICICI_104227,ICICI_ACC_20145,ICICI_ACC_20011,7200.72,2026-01-10 12:41:58,TRANSFER,UPI,ICICI Bank,IN,0,NORMAL_BANKING_FLOW
TX_ICICI_104228,ICICI_ACC_20207,ICICI_ACC_20080,1954.2,2026-01-10 11:04:19,TRANSFER,UPI,ICICI Bank,IN,0,NORMAL_BANKING_FLOW
TX_ICICI_104229,ICICI_ACC_20244,ICICI_ACC_20231,1718.01,2026-01-10 13:40:24,TRANSFER,UPI,ICICI Bank,IN,0,NORMAL_BANKING_FLOW
TX_ICICI_104230,ICICI_ACC_20167,ICICI_ACC_20129,1349.78,2026-01-10 13:45:11,SETTLEMENT,POS,ICICI Bank,IN,0,NORMAL_BANKING_FLOW
TX_ICICI_104231,ICICI_ACC_20143,PNB_ACC_20058,325.77,2026-01-10 13:15:30,TRANSFER,IMPS,ICICI Bank,IN,0,NORMAL_BANKING_FLOW
TX_ICICI_104232,ICICI_ACC_20145,ICICI_ACC_20105,4536.97,2026-01-10 13:35:36,TRANSFER,UPI,ICICI Bank,IN,0,NORMAL_BANKING_FLOW
TX_ICICI_104233,ICICI_ACC_20054,YES_ACC_20088,772.96,2026-01-10 13:21:04,TRANSFER,IMPS,ICICI Bank,IN,0,NORMAL_BANKING_FLOW
TX_ICICI_104234,ICICI_ACC_20071,HDFC_ACC_20105,2109.14,2026-01-10 11:29:19,TRANSFER,IMPS,ICICI Bank,IN,0,NORMAL_BANKING_FLOW
TX_ICICI_104235,ICICI_ACC_20203,AXIS_ACC_20121,328.08,2026-01-10 11:18:00,SETTLEMENT,POS,ICICI Bank,IN,0,NORMAL_BANKING_FLOW
TX_ICICI_104236,ICICI_ACC_20207,ICICI_ACC_20054,463.35,2026-01-10 11:45:45,SETTLEMENT,POS,ICICI Bank,IN,0,NORMAL_BANKING_FLOW
TX_ICICI_104237,ICICI_ACC_20085,ICICI_ACC_20091,4873.55,2026-01-10 11:14:44,TRANSFER,UPI,ICICI Bank,IN,0,NORMAL_BANKING_FLOW
TX_ICICI_104238,ICICI_ACC_20103,ICICI_ACC_20046,979.88,2026-01-10 13:17:30,TRANSFER,IMPS,ICICI Bank,IN,0,NORMAL_BANKING_FLOW
TX_ICICI_104239,ICICI_ACC_20075,ICICI_ACC_20226,4953.99,2026-01-10 11:15:22,TRANSFER,UPI,ICICI Bank,IN,0,NORMAL_BANKING_FLOW
TX_ICICI_104240,ICICI_ACC_20134,KOTAK_ACC_20086,1248.37,2026-01-10 12:31:22,TRANSFER,UPI,ICICI Bank,IN,0,NORMAL_BANKING_FLOW
TX_ICICI_104241,ICICI_ACC_20015,ICICI_ACC_20070,255.26,2026-01-10 11:36:00,TRANSFER,UPI,ICICI Bank,IN,0,NORMAL_BANKING_FLOW
TX_ICICI_104242,ICICI_ACC_20190,ICICI_ACC_20049,2989.5,2026-01-10 13:16:49,TRANSFER,UPI,ICICI Bank,IN,0,NORMAL_BANKING_FLOW
TX_ICICI_104243,ICICI_ACC_20183,PNB_ACC_20238,787.68,2026-01-10 13:29:44,TRANSFER,IMPS,ICICI Bank,IN,0,NORMAL_BANKING_FLOW
TX_ICICI_104244,ICICI_ACC_20140,ICICI_ACC_20045,2511.96,2026-01-10 13:18:27,TRANSFER,IMPS,ICICI Bank,IN,0,NORMAL_BANKING_FLOW
TX_ICICI_104245,ICICI_ACC_20097,PNB_ACC_20103,1370.17,2026-01-10 12:22:20,SETTLEMENT,POS,ICICI Bank,IN,0,NORMAL_BANKING_FLOW
TX_ICICI_104246,ICICI_ACC_20084,ICICI_ACC_20115,334.02,2026-01-10 11:33:55,TRANSFER,IMPS,ICICI Bank,IN,0,NORMAL_BANKING_FLOW
TX_ICICI_104247,ICICI_ACC_20180,ICICI_ACC_20092,1552.88,2026-01-10 12:56:18,SETTLEMENT,POS,ICICI Bank,IN,0,NORMAL_BANKING_FLOW
TX_ICICI_104248,ICICI_ACC_20090,ICICI_ACC_20246,9668.23,2026-01-10 12:57:01,TRANSFER,IMPS,ICICI Bank,IN,0,NORMAL_BANKING_FLOW
TX_ICICI_104249,ICICI_ACC_20144,ICICI_ACC_20212,2087.43,2026-01-10 12:45:20,TRANSFER,UPI,ICICI Bank,IN,0,NORMAL_BANKING_FLOW
TX_ICICI_104250,ICICI_ACC_20138,INDUS_ACC_20027,1271.86,2026-01-10 11:02:15,TRANSFER,IMPS,ICICI Bank,IN,0,NORMAL_BANKING_FLOW
TX_ICICI_104251,ICICI_ACC_20179,ICICI_ACC_20007,3525.61,2026-01-10 11:10:50,TRANSFER,UPI,ICICI Bank,IN,0,NORMAL_BANKING_FLOW
TX_ICICI_104252,ICICI_ACC_20026,HDFC_ACC_20243,1619.06,2026-01-10 13:58:27,SETTLEMENT,POS,ICICI Bank,IN,0,NORMAL_BANKING_FLOW
TX_ICICI_104253,ICICI_ACC_20118,YES_ACC_20024,1617.41,2026-01-10 11:24:00,SETTLEMENT,POS,ICICI Bank,IN,0,NORMAL_BANKING_FLOW
TX_ICICI_104254,ICICI_ACC_20004,ICICI_ACC_20207,501.47,2026-01-10 13:43:29,SETTLEMENT,POS,ICICI Bank,IN,0,NORMAL_BANKING_FLOW
TX_ICICI_104255,ICICI_ACC_20113,ICICI_ACC_20013,1653.19,2026-01-10 12:19:42,TRANSFER,IMPS,ICICI Bank,IN,0,NORMAL_BANKING_FLOW
TX_ICICI_104256,ICICI_ACC_20043,ICICI_ACC_20104,3401.25,2026-01-10 14:06:30,TRANSFER,IMPS,ICICI Bank,IN,0,NORMAL_BANKING_FLOW
TX_ICICI_104257,ICICI_ACC_20235,ICICI_ACC_20209,631.15,2026-01-10 14:16:00,TRANSFER,IMPS,ICICI Bank,IN,0,NORMAL_BANKING_FLOW
TX_ICICI_104258,ICICI_ACC_20021,ICICI_ACC_20000,4827.32,2026-01-10 12:17:04,TRANSFER,IMPS,ICICI Bank,IN,0,NORMAL_BANKING_FLOW
TX_ICICI_104259,ICICI_ACC_20046,ICICI_ACC_20081,1233.32,2026-01-10 11:26:00,TRANSFER,IMPS,ICICI Bank,IN,0,NORMAL_BANKING_FLOW
TX_ICICI_104260,ICICI_ACC_20246,ICICI_ACC_20040,602.45,2026-01-10 13:40:09,TRANSFER,UPI,ICICI Bank,IN,0,NORMAL_BANKING_FLOW
TX_ICICI_104261,ICICI_ACC_20179,HDFC_ACC_20081,3287.45,2026-01-10 12:57:40,TRANSFER,IMPS,ICICI Bank,IN,0,NORMAL_BANKING_FLOW
TX_ICICI_104262,ICICI_ACC_20220,AXIS_ACC_20232,1034.72,2026-01-10 11:35:42,TRANSFER,UPI,ICICI Bank,IN,0,NORMAL_BANKING_FLOW
TX_ICICI_104263,ICICI_ACC_20167,ICICI_ACC_20150,2653.31,2026-01-10 12:41:34,SETTLEMENT,POS,ICICI Bank,IN,0,NORMAL_BANKING_FLOW
TX_ICICI_104264,ICICI_ACC_20227,ICICI_ACC_20008,1030.11,2026-01-10 12:15:53,TRANSFER,UPI,ICICI Bank,IN,0,NORMAL_BANKING_FLOW
TX_ICICI_104265,ICICI_ACC_20244,HDFC_ACC_20195,1269.22,2026-01-10 13:09:12,TRANSFER,UPI,ICICI Bank,IN,0,NORMAL_BANKING_FLOW
TX_ICICI_104266,ICICI_ACC_20216,ICICI_ACC_20152,2088.51,2026-01-10 13:09:55,TRANSFER,IMPS,ICICI Bank,IN,0,NORMAL_BANKING_FLOW
TX_ICICI_104267,ICICI_ACC_20090,INDUS_ACC_20164,1740.29,2026-01-10 13:41:40,TRANSFER,UPI,ICICI Bank,IN,0,NORMAL_BANKING_FLOW
TX_ICICI_104268,ICICI_ACC_20170,HDFC_ACC_20012,222.3,2026-01-10 11:11:12,SETTLEMENT,POS,ICICI Bank,IN,0,NORMAL_BANKING_FLOW
TX_ICICI_104269,ICICI_ACC_20073,KOTAK_ACC_20248,488.28,2026-01-10 11:07:00,SETTLEMENT,POS,ICICI Bank,IN,0,NORMAL_BANKING_FLOW
TX_ICICI_104270,ICICI_ACC_20003,ICICI_ACC_20230,3091.68,2026-01-10 12:32:26,TRANSFER,IMPS,ICICI Bank,IN,0,NORMAL_BANKING_FLOW
TX_ICICI_104271,ICICI_ACC_20071,ICICI_ACC_20241,1189.25,2026-01-10 13:54:00,TRANSFER,UPI,ICICI Bank,IN,0,NORMAL_BANKING_FLOW
TX_ICICI_104272,ICICI_ACC_20109,ICICI_ACC_20157,836.01,2026-01-10 11:16:47,SETTLEMENT,POS,ICICI Bank,IN,0,NORMAL_BANKING_FLOW
TX_ICICI_104273,ICICI_ACC_20072,ICICI_ACC_20139,394.37,2026-01-10 14:27:28,SETTLEMENT,POS,ICICI Bank,IN,0,NORMAL_BANKING_FLOW
TX_ICICI_104274,ICICI_ACC_20232,ICICI_ACC_20056,506.86,2026-01-10 12:34:42,TRANSFER,IMPS,ICICI Bank,IN,0,NORMAL_BANKING_FLOW
TX_ICICI_104275,ICICI_ACC_20157,ICICI_ACC_20044,217.11,2026-01-10 14:15:44,TRANSFER,UPI,ICICI Bank,IN,0,NORMAL_BANKING_FLOW
TX_ICICI_104276,ICICI_ACC_20194,INDUS_ACC_20175,1222.74,2026-01-10 13:44:35,TRANSFER,UPI,ICICI Bank,IN,0,NORMAL_BANKING_FLOW
TX_ICICI_104277,ICICI_ACC_20011,ICICI_ACC_20019,781.65,2026-01-10 13:54:36,TRANSFER,UPI,ICICI Bank,IN,0,NORMAL_BANKING_FLOW
TX_ICICI_104278,ICICI_ACC_20246,ICICI_ACC_20240,561.2,2026-01-10 11:18:29,TRANSFER,UPI,ICICI Bank,IN,0,NORMAL_BANKING_FLOW
TX_ICICI_104279,ICICI_ACC_20004,ICICI_ACC_20110,1259.78,2026-01-10 13:56:18,TRANSFER,UPI,ICICI Bank,IN,0,NORMAL_BANKING_FLOW
TX_ICICI_104280,ICICI_ACC_20139,ICICI_ACC_20112,1858.59,2026-01-10 13:52:30,TRANSFER,UPI,ICICI Bank,IN,0,NORMAL_BANKING_FLOW
TX_ICICI_104281,ICICI_ACC_20199,ICICI_ACC_20061,8812.07,2026-01-10 13:30:00,TRANSFER,UPI,ICICI Bank,IN,0,NORMAL_BANKING_FLOW
TX_ICICI_104282,ICICI_ACC_20177,ICICI_ACC_20184,343.54,2026-01-10 13:30:45,TRANSFER,IMPS,ICICI Bank,IN,0,NORMAL_BANKING_FLOW
TX_ICICI_104283,ICICI_ACC_20145,PNB_ACC_20148,3802.61,2026-01-10 12:11:36,TRANSFER,IMPS,ICICI Bank,IN,0,NORMAL_BANKING_FLOW
TX_ICICI_104284,ICICI_ACC_20095,SBI_ACC_20000,3215.67,2026-01-10 14:38:17,SETTLEMENT,POS,ICICI Bank,IN,0,NORMAL_BANKING_FLOW
TX_ICICI_104285,ICICI_ACC_20096,AXIS_ACC_20085,664.35,2026-01-10 13:09:20,TRANSFER,UPI,ICICI Bank,IN,0,NORMAL_BANKING_FLOW
TX_ICICI_104286,ICICI_ACC_20041,ICICI_ACC_20213,1608.27,2026-01-10 12:46:15,TRANSFER,UPI,ICICI Bank,IN,0,NORMAL_BANKING_FLOW
TX_ICICI_104287,ICICI_ACC_20054,INDUS_ACC_20065,887.25,2026-01-10 11:11:30,TRANSFER,UPI,ICICI Bank,IN,0,NORMAL_BANKING_FLOW
TX_ICICI_104288,ICICI_ACC_20047,ICICI_ACC_20118,1583.07,2026-01-10 11:50:01,SETTLEMENT,POS,ICICI Bank,IN,0,NORMAL_BANKING_FLOW
TX_ICICI_104289,ICICI_ACC_20149,ICICI_ACC_20047,5209.39,2026-01-10 13:55:12,TRANSFER,UPI,ICICI Bank,IN,0,NORMAL_BANKING_FLOW
TX_ICICI_104290,ICICI_ACC_20179,KOTAK_ACC_20202,2310.1,2026-01-10 14:34:33,SETTLEMENT,POS,ICICI Bank,IN,0,NORMAL_BANKING_FLOW
TX_ICICI_104291,ICICI_ACC_20219,ICICI_ACC_20003,2116.98,2026-01-10 12:20:10,TRANSFER,UPI,ICICI Bank,IN,0,NORMAL_BANKING_FLOW
TX_ICICI_104292,ICICI_ACC_20164,YES_ACC_20214,909.34,2026-01-10 11:22:27,TRANSFER,IMPS,ICICI Bank,IN,0,NORMAL_BANKING_FLOW
TX_ICICI_104293,ICICI_ACC_20062,ICICI_ACC_20196,352.25,2026-01-10 14:42:16,TRANSFER,UPI,ICICI Bank,IN,0,NORMAL_BANKING_FLOW
TX_ICICI_104294,ICICI_ACC_20105,ICICI_ACC_20062,1110.29,2026-01-10 13:59:17,TRANSFER,IMPS,ICICI Bank,IN,0,NORMAL_BANKING_FLOW
TX_ICICI_104295,ICICI_ACC_20231,ICICI_ACC_20098,3967.72,2026-01-10 11:13:30,TRANSFER,UPI,ICICI Bank,IN,0,NORMAL_BANKING_FLOW
TX_ICICI_104296,ICICI_ACC_20203,ICICI_ACC_20238,338.85,2026-01-10 13:16:40,TRANSFER,UPI,ICICI Bank,IN,0,NORMAL_BANKING_FLOW
TX_ICICI_104297,ICICI_ACC_20173,ICICI_ACC_20237,518.23,2026-01-10 11:14:00,TRANSFER,UPI,ICICI Bank,IN,0,NORMAL_BANKING_FLOW
TX_ICICI_104298,ICICI_ACC_20224,BOB_ACC_20202,1500.63,2026-01-10 13:37:48,TRANSFER,UPI,ICICI Bank,IN,0,NORMAL_BANKING_FLOW
TX_ICICI_104299,ICICI_ACC_20219,ICICI_ACC_20047,552.15,2026-01-10 14:03:22,TRANSFER,UPI,ICICI Bank,IN,0,NORMAL_BANKING_FLOW
TX_ICICI_104300,ICICI_ACC_20188,ICICI_ACC_20108,656.37,2026-01-10 11:39:40,TRANSFER,UPI,ICICI Bank,IN,0,NORMAL_BANKING_FLOW
TX_ICICI_104301,ICICI_ACC_20011,ICICI_ACC_20216,914.85,2026-01-10 12:50:00,TRANSFER,UPI,ICICI Bank,IN,0,NORMAL_BANKING_FLOW
TX_ICICI_104302,ICICI_ACC_20205,SBI_ACC_20226,391.88,2026-01-10 12:30:30,TRANSFER,UPI,ICICI Bank,IN,0,NORMAL_BANKING_FLOW
TX_ICICI_104303,ICICI_ACC_20094,ICICI_ACC_20047,557.4,2026-01-10 14:56:58,TRANSFER,UPI,ICICI Bank,IN,0,NORMAL_BANKING_FLOW
TX_ICICI_104304,ICICI_ACC_20118,AXIS_ACC_20000,2522.7,2026-01-10 11:35:57,TRANSFER,UPI,ICICI Bank,IN,0,NORMAL_BANKING_FLOW
TX_ICICI_104305,ICICI_ACC_20205,ICICI_ACC_20041,412.97,2026-01-10 13:37:52,TRANSFER,UPI,ICICI Bank,IN,0,NORMAL_BANKING_FLOW
TX_ICICI_104306,ICICI_ACC_20140,ICICI_ACC_20048,317.96,2026-01-10 12:27:25,TRANSFER,IMPS,ICICI Bank,IN,0,NORMAL_BANKING_FLOW
TX_ICICI_104307,ICICI_ACC_20043,ICICI_ACC_20204,759.74,2026-01-10 13:34:12,TRANSFER,IMPS,ICICI Bank,IN,0,NORMAL_BANKING_FLOW
TX_ICICI_104308,ICICI_ACC_20043,ICICI_ACC_20233,2588.31,2026-01-10 14:31:11,TRANSFER,IMPS,ICICI Bank,IN,0,NORMAL_BANKING_FLOW
TX_ICICI_104309,ICICI_ACC_20133,ICICI_ACC_20125,1121.89,2026-01-10 14:06:24,TRANSFER,IMPS,ICICI Bank,IN,0,NORMAL_BANKING_FLOW
TX_ICICI_104310,ICICI_ACC_20144,ICICI_ACC_20027,881.72,2026-01-10 11:17:15,TRANSFER,IMPS,ICICI Bank,IN,0,NORMAL_BANKING_FLOW
TX_ICICI_104311,ICICI_ACC_20054,ICICI_ACC_20086,1393.99,2026-01-10 11:53:40,TRANSFER,IMPS,ICICI Bank,IN,0,NORMAL_BANKING_FLOW
TX_ICICI_104312,ICICI_ACC_20186,ICICI_ACC_20080,278.35,2026-01-10 14:19:10,TRANSFER,IMPS,ICICI Bank,IN,0,NORMAL_BANKING_FLOW
TX_ICICI_104313,ICICI_ACC_20176,AXIS_ACC_20180,2090.66,2026-01-10 14:25:12,TRANSFER,IMPS,ICICI Bank,IN,0,NORMAL_BANKING_FLOW
TX_ICICI_104314,ICICI_ACC_20142,ICICI_ACC_20182,1891.44,2026-01-10 15:07:47,TRANSFER,UPI,ICICI Bank,IN,0,NORMAL_BANKING_FLOW
TX_ICICI_104315,ICICI_ACC_20197,ICICI_ACC_20060,926.69,2026-01-10 11:34:12,TRANSFER,IMPS,ICICI Bank,IN,0,NORMAL_BANKING_FLOW
TX_ICICI_104316,ICICI_ACC_20206,ICICI_ACC_20220,3312.08,2026-01-10 13:56:15,TRANSFER,IMPS,ICICI Bank,IN,0,NORMAL_BANKING_FLOW
TX_ICICI_104317,ICICI_ACC_20096,ICICI_ACC_20039,485.54,2026-01-10 12:27:28,TRANSFER,UPI,ICICI Bank,IN,0,NORMAL_BANKING_FLOW
TX_ICICI_104318,ICICI_ACC_20122,BOB_ACC_20070,3696.41,2026-01-10 14:08:19,SETTLEMENT,POS,ICICI Bank,IN,0,NORMAL_BANKING_FLOW
TX_ICICI_104319,ICICI_ACC_20079,HDFC_ACC_20131,1539.24,2026-01-10 13:10:48,SETTLEMENT,POS,ICICI Bank,IN,0,NORMAL_BANKING_FLOW
TX_ICICI_104320,ICICI_ACC_20193,ICICI_ACC_20000,989.4,2026-01-10 12:02:17,TRANSFER,UPI,ICICI Bank,IN,0,NORMAL_BANKING_FLOW
TX_ICICI_104321,ICICI_ACC_20054,ICICI_ACC_20138,1315.69,2026-01-10 11:36:00,TRANSFER,UPI,ICICI Bank,IN,0,NORMAL_BANKING_FLOW
TX_ICICI_104322,ICICI_ACC_20214,AXIS_ACC_20169,1216.17,2026-01-10 12:03:03,TRANSFER,IMPS,ICICI Bank,IN,0,NORMAL_BANKING_FLOW
TX_ICICI_104323,ICICI_ACC_20022,ICICI_ACC_20125,4016.86,2026-01-10 12:08:48,TRANSFER,UPI,ICICI Bank,IN,0,NORMAL_BANKING_FLOW
TX_ICICI_104324,ICICI_ACC_20187,ICICI_ACC_20192,508.26,2026-01-10 12:52:16,TRANSFER,IMPS,ICICI Bank,IN,0,NORMAL_BANKING_FLOW
TX_ICICI_104325,ICICI_ACC_20016,ICICI_ACC_20245,674.34,2026-01-10 14:19:12,TRANSFER,IMPS,ICICI Bank,IN,0,NORMAL_BANKING_FLOW
TX_ICICI_104326,ICICI_ACC_20181,ICICI_ACC_20002,3403.88,2026-01-10 13:25:50,TRANSFER,IMPS,ICICI Bank,IN,0,NORMAL_BANKING_FLOW
TX_ICICI_104327,ICICI_ACC_20160,AXIS_ACC_20009,783.69,2026-01-10 15:15:08,TRANSFER,UPI,ICICI Bank,IN,0,NORMAL_BANKING_FLOW
TX_ICICI_104328,ICICI_ACC_20012,ICICI_ACC_20183,3012.36,2026-01-10 14:59:45,TRANSFER,UPI,ICICI Bank,IN,0,NORMAL_BANKING_FLOW
TX_ICICI_104329,ICICI_ACC_20218,ICICI_ACC_20183,6182.59,2026-01-10 15:22:32,TRANSFER,UPI,ICICI Bank,IN,0,NORMAL_BANKING_FLOW
TX_ICICI_104330,ICICI_ACC_20217,HDFC_ACC_20062,932.98,2026-01-10 13:55:47,TRANSFER,UPI,ICICI Bank,IN,0,NORMAL_BANKING_FLOW
TX_ICICI_104331,ICICI_ACC_20010,AXIS_ACC_20128,2473.1,2026-01-10 13:29:00,TRANSFER,IMPS,ICICI Bank,IN,0,NORMAL_BANKING_FLOW
TX_ICICI_104332,ICICI_ACC_20226,ICICI_ACC_20064,474.22,2026-01-10 11:50:20,TRANSFER,UPI,ICICI Bank,IN,0,NORMAL_BANKING_FLOW
TX_ICICI_104333,ICICI_ACC_20174,SBI_ACC_20088,2641.92,2026-01-10 13:41:20,TRANSFER,UPI,ICICI Bank,IN,0,NORMAL_BANKING_FLOW
TX_ICICI_104334,ICICI_ACC_20059,CANARA_ACC_20116,1602.76,2026-01-10 15:33:00,TRANSFER,IMPS,ICICI Bank,IN,0,NORMAL_BANKING_FLOW
TX_ICICI_104335,ICICI_ACC_20231,ICICI_ACC_20156,2050.29,2026-01-10 14:04:56,TRANSFER,UPI,ICICI Bank,IN,0,NORMAL_BANKING_FLOW
TX_ICICI_104336,ICICI_ACC_20196,ICICI_ACC_20005,749.18,2026-01-10 14:33:35,TRANSFER,UPI,ICICI Bank,IN,0,NORMAL_BANKING_FLOW
TX_ICICI_104337,ICICI_ACC_20153,ICICI_ACC_20175,300.37,2026-01-10 15:13:36,TRANSFER,UPI,ICICI Bank,IN,0,NORMAL_BANKING_FLOW
TX_ICICI_104338,ICICI_ACC_20018,ICICI_ACC_20097,2106.8,2026-01-10 15:25:46,SETTLEMENT,POS,ICICI Bank,IN,0,NORMAL_BANKING_FLOW
TX_ICICI_104339,ICICI_ACC_20241,ICICI_ACC_20191,209.13,2026-01-10 14:58:34,TRANSFER,UPI,ICICI Bank,IN,0,NORMAL_BANKING_FLOW
TX_ICICI_104340,ICICI_ACC_20241,PNB_ACC_20063,1006.65,2026-01-10 14:31:12,TRANSFER,UPI,ICICI Bank,IN,0,NORMAL_BANKING_FLOW
TX_ICICI_104341,ICICI_ACC_20017,ICICI_ACC_20101,3124.61,2026-01-10 14:37:40,SETTLEMENT,POS,ICICI Bank,IN,0,NORMAL_BANKING_FLOW
TX_ICICI_104342,ICICI_ACC_20020,KOTAK_ACC_20240,1591.94,2026-01-10 12:22:05,TRANSFER,UPI,ICICI Bank,IN,0,NORMAL_BANKING_FLOW
TX_ICICI_104343,ICICI_ACC_20003,ICICI_ACC_20094,7734.98,2026-01-10 12:05:24,TRANSFER,UPI,ICICI Bank,IN,0,NORMAL_BANKING_FLOW
TX_ICICI_104344,ICICI_ACC_20094,YES_ACC_20215,3369.76,2026-01-10 13:48:40,TRANSFER,IMPS,ICICI Bank,IN,0,NORMAL_BANKING_FLOW
TX_ICICI_104345,ICICI_ACC_20192,SBI_ACC_20098,743.59,2026-01-10 13:49:20,TRANSFER,UPI,ICICI Bank,IN,0,NORMAL_BANKING_FLOW
TX_ICICI_104346,ICICI_ACC_20238,ICICI_ACC_20146,1372.76,2026-01-10 12:46:45,TRANSFER,IMPS,ICICI Bank,IN,0,NORMAL_BANKING_FLOW
TX_ICICI_104347,ICICI_ACC_20092,ICICI_ACC_20077,1283.53,2026-01-10 14:31:02,SETTLEMENT,POS,ICICI Bank,IN,0,NORMAL_BANKING_FLOW
TX_ICICI_104348,ICICI_ACC_20195,PNB_ACC_20167,322.48,2026-01-10 15:00:44,TRANSFER,UPI,ICICI Bank,IN,0,NORMAL_BANKING_FLOW
TX_ICICI_104349,ICICI_ACC_20110,ICICI_ACC_20050,574.58,2026-01-10 11:38:36,TRANSFER,UPI,ICICI Bank,IN,0,NORMAL_BANKING_FLOW
TX_ICICI_104350,ICICI_ACC_20197,ICICI_ACC_20057,808.61,2026-01-10 15:37:22,TRANSFER,UPI,ICICI Bank,IN,0,NORMAL_BANKING_FLOW
TX_ICICI_104351,ICICI_ACC_20002,ICICI_ACC_20155,214.31,2026-01-10 14:57:30,TRANSFER,UPI,ICICI Bank,IN,0,NORMAL_BANKING_FLOW
TX_ICICI_104352,ICICI_ACC_20048,ICICI_ACC_20043,1397.92,2026-01-10 13:48:09,TRANSFER,UPI,ICICI Bank,IN,0,NORMAL_BANKING_FLOW
TX_ICICI_104353,ICICI_ACC_20225,HDFC_ACC_20075,1070.45,2026-01-10 13:48:48,TRANSFER,UPI,ICICI Bank,IN,0,NORMAL_BANKING_FLOW
TX_ICICI_104354,ICICI_ACC_20201,ICICI_ACC_20035,297.2,2026-01-10 12:21:12,TRANSFER,UPI,ICICI Bank,IN,0,NORMAL_BANKING_FLOW
TX_ICICI_104355,ICICI_ACC_20142,ICICI_ACC_20068,1927.14,2026-01-10 13:32:24,SETTLEMENT,POS,ICICI Bank,IN,0,NORMAL_BANKING_FLOW
TX_ICICI_104356,ICICI_ACC_20173,ICICI_ACC_20131,2551.11,2026-01-10 15:43:10,TRANSFER,UPI,ICICI Bank,IN,0,NORMAL_BANKING_FLOW
TX_ICICI_104357,ICICI_ACC_20010,ICICI_ACC_20127,1643.09,2026-01-10 15:26:20,SETTLEMENT,POS,ICICI Bank,IN,0,NORMAL_BANKING_FLOW
TX_ICICI_104358,ICICI_ACC_20158,ICICI_ACC_20160,1000.58,2026-01-10 15:15:21,SETTLEMENT,POS,ICICI Bank,IN,0,NORMAL_BANKING_FLOW
TX_ICICI_104359,ICICI_ACC_20061,HDFC_ACC_20168,2280.84,2026-01-10 14:04:38,TRANSFER,UPI,ICICI Bank,IN,0,NORMAL_BANKING_FLOW
TX_ICICI_104360,ICICI_ACC_20097,ICICI_ACC_20051,2470.56,2026-01-10 15:17:07,TRANSFER,IMPS,ICICI Bank,IN,0,NORMAL_BANKING_FLOW
TX_ICICI_104361,ICICI_ACC_20061,PNB_ACC_20242,1766.34,2026-01-10 15:00:00,TRANSFER,UPI,ICICI Bank,IN,0,NORMAL_BANKING_FLOW
TX_ICICI_104362,ICICI_ACC_20047,SBI_ACC_20093,637.69,2026-01-10 14:24:44,SETTLEMENT,POS,ICICI Bank,IN,0,NORMAL_BANKING_FLOW
TX_ICICI_104363,ICICI_ACC_20062,ICICI_ACC_20051,1718.04,2026-01-10 14:55:38,TRANSFER,UPI,ICICI Bank,IN,0,NORMAL_BANKING_FLOW
TX_ICICI_104364,ICICI_ACC_20061,ICICI_ACC_20181,3928.18,2026-01-10 11:42:51,SETTLEMENT,POS,ICICI Bank,IN,0,NORMAL_BANKING_FLOW
TX_ICICI_104365,ICICI_ACC_20135,ICICI_ACC_20007,782.92,2026-01-10 13:50:32,SETTLEMENT,POS,ICICI Bank,IN,0,NORMAL_BANKING_FLOW
TX_ICICI_104366,ICICI_ACC_20068,ICICI_ACC_20120,8849.76,2026-01-10 13:51:10,SETTLEMENT,POS,ICICI Bank,IN,0,NORMAL_BANKING_FLOW
TX_ICICI_104367,ICICI_ACC_20144,ICICI_ACC_20127,834.58,2026-01-10 13:57:54,SETTLEMENT,POS,ICICI Bank,IN,0,NORMAL_BANKING_FLOW
TX_ICICI_104368,ICICI_ACC_20102,ICICI_ACC_20230,1379.07,2026-01-10 13:40:12,TRANSFER,IMPS,ICICI Bank,IN,0,NORMAL_BANKING_FLOW
TX_ICICI_104369,ICICI_ACC_20241,INDUS_ACC_20242,731.26,2026-01-10 13:16:16,TRANSFER,IMPS,ICICI Bank,IN,0,NORMAL_BANKING_FLOW
TX_ICICI_104370,ICICI_ACC_20061,ICICI_ACC_20145,1637.53,2026-01-10 12:46:03,TRANSFER,UPI,ICICI Bank,IN,0,NORMAL_BANKING_FLOW
TX_ICICI_104371,ICICI_ACC_20069,ICICI_ACC_20239,279.22,2026-01-10 14:37:30,SETTLEMENT,POS,ICICI Bank,IN,0,NORMAL_BANKING_FLOW
TX_ICICI_104372,ICICI_ACC_20097,HDFC_ACC_20110,819.39,2026-01-10 15:27:43,TRANSFER,IMPS,ICICI Bank,IN,0,NORMAL_BANKING_FLOW
TX_ICICI_104373,ICICI_ACC_20032,ICICI_ACC_20088,501.24,2026-01-10 12:53:36,SETTLEMENT,POS,ICICI Bank,IN,0,NORMAL_BANKING_FLOW
TX_ICICI_104374,ICICI_ACC_20137,ICICI_ACC_20002,1512.93,2026-01-10 13:25:09,TRANSFER,UPI,ICICI Bank,IN,0,NORMAL_BANKING_FLOW
TX_ICICI_104375,ICICI_ACC_20214,PNB_ACC_20130,3278.05,2026-01-10 15:17:54,TRANSFER,UPI,ICICI Bank,IN,0,NORMAL_BANKING_FLOW
TX_ICICI_104376,ICICI_ACC_20047,AXIS_ACC_20082,2395.64,2026-01-10 12:05:00,SETTLEMENT,POS,ICICI Bank,IN,0,NORMAL_BANKING_FLOW
TX_ICICI_104377,ICICI_ACC_20101,ICICI_ACC_20115,158.46,2026-01-10 13:58:08,TRANSFER,IMPS,ICICI Bank,IN,0,NORMAL_BANKING_FLOW
TX_ICICI_104378,ICICI_ACC_20236,ICICI_ACC_20116,8415.77,2026-01-10 12:43:22,TRANSFER,UPI,ICICI Bank,IN,0,NORMAL_BANKING_FLOW
TX_ICICI_104379,ICICI_ACC_20094,HDFC_ACC_20068,1747.17,2026-01-10 13:21:36,TRANSFER,UPI,ICICI Bank,IN,0,NORMAL_BANKING_FLOW
TX_ICICI_104380,ICICI_ACC_20238,SBI_ACC_20170,665.91,2026-01-10 12:44:14,TRANSFER,UPI,ICICI Bank,IN,0,NORMAL_BANKING_FLOW
TX_ICICI_104381,ICICI_ACC_20149,ICICI_ACC_20203,1542.89,2026-01-10 13:16:20,TRANSFER,IMPS,ICICI Bank,IN,0,NORMAL_BANKING_FLOW
TX_ICICI_104382,ICICI_ACC_20209,ICICI_ACC_20198,1569.59,2026-01-10 12:38:45,SETTLEMENT,POS,ICICI Bank,IN,0,NORMAL_BANKING_FLOW
TX_ICICI_104383,ICICI_ACC_20054,SBI_ACC_20115,734.97,2026-01-10 13:42:50,SETTLEMENT,POS,ICICI Bank,IN,0,NORMAL_BANKING_FLOW
TX_ICICI_104384,ICICI_ACC_20168,KOTAK_ACC_20026,1600.59,2026-01-10 15:25:33,TRANSFER,UPI,ICICI Bank,IN,0,NORMAL_BANKING_FLOW
TX_ICICI_104385,ICICI_ACC_20007,ICICI_ACC_20176,775.32,2026-01-10 16:11:12,SETTLEMENT,POS,ICICI Bank,IN,0,NORMAL_BANKING_FLOW
TX_ICICI_104386,ICICI_ACC_20135,AXIS_ACC_20036,930.83,2026-01-10 12:21:10,TRANSFER,UPI,ICICI Bank,IN,0,NORMAL_BANKING_FLOW
TX_ICICI_104387,ICICI_ACC_20186,ICICI_ACC_20023,722.23,2026-01-10 12:21:32,TRANSFER,UPI,ICICI Bank,IN,0,NORMAL_BANKING_FLOW
TX_ICICI_104388,ICICI_ACC_20040,ICICI_ACC_20209,368.93,2026-01-10 15:22:30,TRANSFER,UPI,ICICI Bank,IN,0,NORMAL_BANKING_FLOW
TX_ICICI_104389,ICICI_ACC_20229,ICICI_ACC_20227,1527.29,2026-01-10 16:08:36,TRANSFER,UPI,ICICI Bank,IN,0,NORMAL_BANKING_FLOW
TX_ICICI_104390,ICICI_ACC_20066,ICICI_ACC_20175,2268.26,2026-01-10 15:04:43,TRANSFER,IMPS,ICICI Bank,IN,0,NORMAL_BANKING_FLOW
TX_ICICI_104391,ICICI_ACC_20127,ICICI_ACC_20128,2128.97,2026-01-10 16:04:00,SETTLEMENT,POS,ICICI Bank,IN,0,NORMAL_BANKING_FLOW
TX_ICICI_104392,ICICI_ACC_20041,SBI_ACC_20177,2801.56,2026-01-10 12:55:57,TRANSFER,IMPS,ICICI Bank,IN,0,NORMAL_BANKING_FLOW
TX_ICICI_104393,ICICI_ACC_20087,AXIS_ACC_20056,1793.47,2026-01-10 15:13:36,TRANSFER,UPI,ICICI Bank,IN,0,NORMAL_BANKING_FLOW
TX_ICICI_104394,ICICI_ACC_20033,ICICI_ACC_20103,829.27,2026-01-10 14:41:39,TRANSFER,UPI,ICICI Bank,IN,0,NORMAL_BANKING_FLOW
TX_ICICI_104395,ICICI_ACC_20048,ICICI_ACC_20000,2851.78,2026-01-10 16:20:52,TRANSFER,UPI,ICICI Bank,IN,0,NORMAL_BANKING_FLOW
TX_ICICI_104396,ICICI_ACC_20015,ICICI_ACC_20011,394.74,2026-01-10 12:24:50,TRANSFER,UPI,ICICI Bank,IN,0,NORMAL_BANKING_FLOW
TX_ICICI_104397,ICICI_ACC_20208,ICICI_ACC_20112,595.5,2026-01-10 16:03:00,TRANSFER,IMPS,ICICI Bank,IN,0,NORMAL_BANKING_FLOW
TX_ICICI_104398,ICICI_ACC_20237,INDUS_ACC_20166,562.4,2026-01-10 15:24:13,TRANSFER,UPI,ICICI Bank,IN,0,NORMAL_BANKING_FLOW
TX_ICICI_104399,ICICI_ACC_20011,ICICI_ACC_20236,3540.6,2026-01-10 15:18:24,TRANSFER,IMPS,ICICI Bank,IN,0,NORMAL_BANKING_FLOW
TX_ICICI_104400,ICICI_ACC_20174,ICICI_ACC_20032,3129.13,2026-01-10 12:39:36,TRANSFER,UPI,ICICI Bank,IN,0,NORMAL_BANKING_FLOW
TX_ICICI_104401,ICICI_ACC_20081,ICICI_ACC_20217,2076.78,2026-01-10 12:06:40,TRANSFER,UPI,ICICI Bank,IN,0,NORMAL_BANKING_FLOW
TX_ICICI_104402,ICICI_ACC_20006,ICICI_ACC_20059,3514.8,2026-01-10 13:00:27,TRANSFER,UPI,ICICI Bank,IN,0,NORMAL_BANKING_FLOW
TX_ICICI_104403,ICICI_ACC_20031,KOTAK_ACC_20195,607.07,2026-01-10 15:41:42,TRANSFER,IMPS,ICICI Bank,IN,0,NORMAL_BANKING_FLOW
TX_ICICI_104404,ICICI_ACC_20160,ICICI_ACC_20126,1833.05,2026-01-10 14:28:40,TRANSFER,IMPS,ICICI Bank,IN,0,NORMAL_BANKING_FLOW
TX_ICICI_104405,ICICI_ACC_20050,ICICI_ACC_20097,1196.72,2026-01-10 12:48:20,SETTLEMENT,POS,ICICI Bank,IN,0,NORMAL_BANKING_FLOW
TX_ICICI_104406,ICICI_ACC_20181,ICICI_ACC_20199,2870.36,2026-01-10 16:04:30,TRANSFER,UPI,ICICI Bank,IN,0,NORMAL_BANKING_FLOW
TX_ICICI_104407,ICICI_ACC_20184,ICICI_ACC_20165,1207.49,2026-01-10 14:30:40,TRANSFER,UPI,ICICI Bank,IN,0,NORMAL_BANKING_FLOW
TX_ICICI_104408,ICICI_ACC_20161,KOTAK_ACC_20088,947.24,2026-01-10 12:56:22,TRANSFER,IMPS,ICICI Bank,IN,0,NORMAL_BANKING_FLOW
TX_ICICI_104409,ICICI_ACC_20247,ICICI_ACC_20211,2179.43,2026-01-10 12:36:24,TRANSFER,IMPS,ICICI Bank,IN,0,NORMAL_BANKING_FLOW
TX_ICICI_104410,ICICI_ACC_20232,ICICI_ACC_20043,2947.03,2026-01-10 16:28:33,TRANSFER,IMPS,ICICI Bank,IN,0,NORMAL_BANKING_FLOW
TX_ICICI_104411,ICICI_ACC_20197,KOTAK_ACC_20179,733.99,2026-01-10 12:44:00,TRANSFER,IMPS,ICICI Bank,IN,0,NORMAL_BANKING_FLOW
TX_ICICI_104412,ICICI_ACC_20133,ICICI_ACC_20044,1267.79,2026-01-10 16:09:54,TRANSFER,UPI,ICICI Bank,IN,0,NORMAL_BANKING_FLOW
TX_ICICI_104413,ICICI_ACC_20218,ICICI_ACC_20177,516.67,2026-01-10 11:43:00,TRANSFER,UPI,ICICI Bank,IN,0,NORMAL_BANKING_FLOW
TX_ICICI_104414,ICICI_ACC_20057,ICICI_ACC_20109,141.42,2026-01-10 13:19:37,TRANSFER,IMPS,ICICI Bank,IN,0,NORMAL_BANKING_FLOW
TX_ICICI_104415,ICICI_ACC_20089,CANARA_ACC_20101,1604.25,2026-01-10 14:49:48,TRANSFER,UPI,ICICI Bank,IN,0,NORMAL_BANKING_FLOW
TX_ICICI_104416,ICICI_ACC_20141,SBI_ACC_20130,2316.97,2026-01-10 12:18:20,SETTLEMENT,POS,ICICI Bank,IN,0,NORMAL_BANKING_FLOW
TX_ICICI_104417,ICICI_ACC_20127,HDFC_ACC_20195,1695.72,2026-01-10 13:00:16,TRANSFER,UPI,ICICI Bank,IN,0,NORMAL_BANKING_FLOW
TX_ICICI_104418,ICICI_ACC_20212,YES_ACC_20009,231.69,2026-01-10 15:26:39,SETTLEMENT,POS,ICICI Bank,IN,0,NORMAL_BANKING_FLOW
TX_ICICI_104419,ICICI_ACC_20031,ICICI_ACC_20025,976.75,2026-01-10 12:26:18,TRANSFER,UPI,ICICI Bank,IN,0,NORMAL_BANKING_FLOW
TX_ICICI_104420,ICICI_ACC_20243,BOB_ACC_20056,181.91,2026-01-10 14:18:23,TRANSFER,IMPS,ICICI Bank,IN,0,NORMAL_BANKING_FLOW
TX_ICICI_104421,ICICI_ACC_20161,HDFC_ACC_20246,4595.03,2026-01-10 15:50:00,TRANSFER,IMPS,ICICI Bank,IN,0,NORMAL_BANKING_FLOW
TX_ICICI_104422,ICICI_ACC_20215,ICICI_ACC_20237,503.99,2026-01-10 15:22:46,TRANSFER,IMPS,ICICI Bank,IN,0,NORMAL_BANKING_FLOW
TX_ICICI_104423,ICICI_ACC_20136,YES_ACC_20122,4145.85,2026-01-10 17:02:00,TRANSFER,IMPS,ICICI Bank,IN,0,NORMAL_BANKING_FLOW
TX_ICICI_104424,ICICI_ACC_20192,ICICI_ACC_20037,3137.82,2026-01-10 13:10:21,TRANSFER,UPI,ICICI Bank,IN,0,NORMAL_BANKING_FLOW
TX_ICICI_104425,ICICI_ACC_20246,ICICI_ACC_20176,595.54,2026-01-10 13:17:52,SETTLEMENT,POS,ICICI Bank,IN,0,NORMAL_BANKING_FLOW
TX_ICICI_104426,ICICI_ACC_20041,BOB_ACC_20004,483.23,2026-01-10 12:50:00,TRANSFER,UPI,ICICI Bank,IN,0,NORMAL_BANKING_FLOW
TX_ICICI_104427,ICICI_ACC_20155,ICICI_ACC_20039,1835.98,2026-01-10 16:30:30,TRANSFER,UPI,ICICI Bank,IN,0,NORMAL_BANKING_FLOW
TX_ICICI_104428,ICICI_ACC_20171,AXIS_ACC_20183,626.47,2026-01-10 14:23:19,TRANSFER,IMPS,ICICI Bank,IN,0,NORMAL_BANKING_FLOW
TX_ICICI_104429,ICICI_ACC_20161,AXIS_ACC_20187,1468.85,2026-01-10 16:46:36,SETTLEMENT,POS,ICICI Bank,IN,0,NORMAL_BANKING_FLOW
TX_ICICI_104430,ICICI_ACC_20096,ICICI_ACC_20228,867.36,2026-01-10 14:24:33,TRANSFER,UPI,ICICI Bank,IN,0,NORMAL_BANKING_FLOW
TX_ICICI_104431,ICICI_ACC_20086,ICICI_ACC_20168,269.6,2026-01-10 16:27:00,SETTLEMENT,POS,ICICI Bank,IN,0,NORMAL_BANKING_FLOW
TX_ICICI_104432,ICICI_ACC_20062,CANARA_ACC_20221,179.93,2026-01-10 12:09:18,SETTLEMENT,POS,ICICI Bank,IN,0,NORMAL_BANKING_FLOW
TX_ICICI_104433,ICICI_ACC_20165,ICICI_ACC_20014,1642.57,2026-01-10 13:36:00,TRANSFER,UPI,ICICI Bank,IN,0,NORMAL_BANKING_FLOW
TX_ICICI_104434,ICICI_ACC_20203,ICICI_ACC_20026,808.03,2026-01-10 13:50:56,TRANSFER,UPI,ICICI Bank,IN,0,NORMAL_BANKING_FLOW
TX_ICICI_104435,ICICI_ACC_20171,ICICI_ACC_20220,814.21,2026-01-10 13:37:00,TRANSFER,UPI,ICICI Bank,IN,0,NORMAL_BANKING_FLOW
TX_ICICI_104436,ICICI_ACC_20197,ICICI_ACC_20143,2505.58,2026-01-10 16:02:30,SETTLEMENT,POS,ICICI Bank,IN,0,NORMAL_BANKING_FLOW
TX_ICICI_104437,ICICI_ACC_20227,ICICI_ACC_20056,3851.04,2026-01-10 14:14:20,TRANSFER,UPI,ICICI Bank,IN,0,NORMAL_BANKING_FLOW
TX_ICICI_104438,ICICI_ACC_20169,ICICI_ACC_20201,1048.07,2026-01-10 14:44:03,TRANSFER,UPI,ICICI Bank,IN,0,NORMAL_BANKING_FLOW
TX_ICICI_104439,ICICI_ACC_20058,ICICI_ACC_20185,985.81,2026-01-10 14:00:54,TRANSFER,IMPS,ICICI Bank,IN,0,NORMAL_BANKING_FLOW
TX_ICICI_104440,ICICI_ACC_20098,ICICI_ACC_20188,2100.92,2026-01-10 15:29:15,TRANSFER,IMPS,ICICI Bank,IN,0,NORMAL_BANKING_FLOW
TX_ICICI_104441,ICICI_ACC_20011,ICICI_ACC_20065,394.95,2026-01-10 13:54:40,TRANSFER,IMPS,ICICI Bank,IN,0,NORMAL_BANKING_FLOW
TX_ICICI_104442,ICICI_ACC_20044,HDFC_ACC_20094,1637.36,2026-01-10 16:14:51,TRANSFER,UPI,ICICI Bank,IN,0,NORMAL_BANKING_FLOW
TX_ICICI_104443,ICICI_ACC_20184,ICICI_ACC_20019,2201.07,2026-01-10 12:27:20,TRANSFER,UPI,ICICI Bank,IN,0,NORMAL_BANKING_FLOW
TX_ICICI_104444,ICICI_ACC_20172,ICICI_ACC_20109,2470.58,2026-01-10 16:16:33,TRANSFER,IMPS,ICICI Bank,IN,0,NORMAL_BANKING_FLOW
TX_ICICI_104445,ICICI_ACC_20238,ICICI_ACC_20147,234.38,2026-01-10 13:56:48,TRANSFER,UPI,ICICI Bank,IN,0,NORMAL_BANKING_FLOW
TX_ICICI_104446,ICICI_ACC_20054,ICICI_ACC_20116,675.05,2026-01-10 14:49:15,TRANSFER,IMPS,ICICI Bank,IN,0,NORMAL_BANKING_FLOW
TX_ICICI_104447,ICICI_ACC_20206,ICICI_ACC_20122,607.63,2026-01-10 16:11:40,TRANSFER,UPI,ICICI Bank,IN,0,NORMAL_BANKING_FLOW
TX_ICICI_104448,ICICI_ACC_20004,ICICI_ACC_20112,1465.42,2026-01-10 11:51:45,SETTLEMENT,POS,ICICI Bank,IN,0,NORMAL_BANKING_FLOW
TX_ICICI_104449,ICICI_ACC_20018,ICICI_ACC_20167,2064.56,2026-01-10 13:06:40,TRANSFER,IMPS,ICICI Bank,IN,0,NORMAL_BANKING_FLOW
TX_ICICI_104450,ICICI_ACC_20186,ICICI_ACC_20038,5151.48,2026-01-10 15:44:14,TRANSFER,UPI,ICICI Bank,IN,0,NORMAL_BANKING_FLOW
TX_ICICI_104451,ICICI_ACC_20051,ICICI_ACC_20193,857.94,2026-01-10 14:15:00,TRANSFER,UPI,ICICI Bank,IN,0,NORMAL_BANKING_FLOW
TX_ICICI_104452,ICICI_ACC_20242,ICICI_ACC_20118,855.93,2026-01-10 17:31:00,TRANSFER,UPI,ICICI Bank,IN,0,NORMAL_BANKING_FLOW
TX_ICICI_104453,ICICI_ACC_20116,ICICI_ACC_20145,3769.53,2026-01-10 16:09:08,TRANSFER,IMPS,ICICI Bank,IN,0,NORMAL_BANKING_FLOW
TX_ICICI_104454,ICICI_ACC_20018,ICICI_ACC_20126,1749.21,2026-01-10 16:02:24,TRANSFER,UPI,ICICI Bank,IN,0,NORMAL_BANKING_FLOW
TX_ICICI_104455,ICICI_ACC_20204,ICICI_ACC_20197,4191.8,2026-01-10 15:40:30,TRANSFER,UPI,ICICI Bank,IN,0,NORMAL_BANKING_FLOW
TX_ICICI_104456,ICICI_ACC_20166,ICICI_ACC_20196,1736.9,2026-01-10 13:17:10,TRANSFER,UPI,ICICI Bank,IN,0,NORMAL_BANKING_FLOW
TX_ICICI_104457,ICICI_ACC_20086,ICICI_ACC_20247,472.76,2026-01-10 12:01:36,TRANSFER,UPI,ICICI Bank,IN,0,NORMAL_BANKING_FLOW
TX_ICICI_104458,ICICI_ACC_20121,ICICI_ACC_20107,403.5,2026-01-10 16:05:36,TRANSFER,IMPS,ICICI Bank,IN,0,NORMAL_BANKING_FLOW
TX_ICICI_104459,ICICI_ACC_20163,PNB_ACC_20051,331.5,2026-01-10 14:42:26,TRANSFER,UPI,ICICI Bank,IN,0,NORMAL_BANKING_FLOW
TX_ICICI_104460,ICICI_ACC_20161,INDUS_ACC_20079,2430.49,2026-01-10 12:48:18,TRANSFER,IMPS,ICICI Bank,IN,0,NORMAL_BANKING_FLOW
TX_ICICI_104461,ICICI_ACC_20131,ICICI_ACC_20202,3903.92,2026-01-10 13:27:00,TRANSFER,UPI,ICICI Bank,IN,0,NORMAL_BANKING_FLOW
TX_ICICI_104462,ICICI_ACC_20046,ICICI_ACC_20037,7075.73,2026-01-10 16:39:32,TRANSFER,IMPS,ICICI Bank,IN,0,NORMAL_BANKING_FLOW
TX_ICICI_104463,ICICI_ACC_20150,ICICI_ACC_20216,2860.62,2026-01-10 12:10:54,TRANSFER,UPI,ICICI Bank,IN,0,NORMAL_BANKING_FLOW
TX_ICICI_104464,ICICI_ACC_20124,PNB_ACC_20072,3814.46,2026-01-10 12:03:28,TRANSFER,IMPS,ICICI Bank,IN,0,NORMAL_BANKING_FLOW
TX_ICICI_104465,ICICI_ACC_20204,CANARA_ACC_20001,794.72,2026-01-10 16:34:24,TRANSFER,IMPS,ICICI Bank,IN,0,NORMAL_BANKING_FLOW
TX_ICICI_104466,ICICI_ACC_20035,ICICI_ACC_20144,473.06,2026-01-10 17:45:00,TRANSFER,UPI,ICICI Bank,IN,0,NORMAL_BANKING_FLOW
TX_ICICI_104467,ICICI_ACC_20079,ICICI_ACC_20196,2878.63,2026-01-10 15:41:44,TRANSFER,UPI,ICICI Bank,IN,0,NORMAL_BANKING_FLOW
TX_ICICI_104468,ICICI_ACC_20076,ICICI_ACC_20152,1950.64,2026-01-10 15:26:54,TRANSFER,UPI,ICICI Bank,IN,0,NORMAL_BANKING_FLOW
TX_ICICI_104469,ICICI_ACC_20226,YES_ACC_20208,1475.42,2026-01-10 15:35:24,SETTLEMENT,POS,ICICI Bank,IN,0,NORMAL_BANKING_FLOW
TX_ICICI_104470,ICICI_ACC_20088,ICICI_ACC_20008,1898.15,2026-01-10 13:31:03,TRANSFER,UPI,ICICI Bank,IN,0,NORMAL_BANKING_FLOW
TX_ICICI_104471,ICICI_ACC_20008,ICICI_ACC_20063,1791.6,2026-01-10 14:02:50,SETTLEMENT,POS,ICICI Bank,IN,0,NORMAL_BANKING_FLOW
TX_ICICI_104472,ICICI_ACC_20056,ICICI_ACC_20009,4253.24,2026-01-10 14:50:27,TRANSFER,UPI,ICICI Bank,IN,0,NORMAL_BANKING_FLOW
TX_ICICI_104473,ICICI_ACC_20249,ICICI_ACC_20109,4296.2,2026-01-10 16:49:04,TRANSFER,IMPS,ICICI Bank,IN,0,NORMAL_BANKING_FLOW
TX_ICICI_104474,ICICI_ACC_20118,ICICI_ACC_20028,2185.93,2026-01-10 17:05:42,TRANSFER,UPI,ICICI Bank,IN,0,NORMAL_BANKING_FLOW
TX_ICICI_104475,ICICI_ACC_20091,ICICI_ACC_20179,2867.58,2026-01-10 17:14:30,TRANSFER,IMPS,ICICI Bank,IN,0,NORMAL_BANKING_FLOW
TX_ICICI_104476,ICICI_ACC_20052,ICICI_ACC_20095,2127.4,2026-01-10 15:08:45,TRANSFER,UPI,ICICI Bank,IN,0,NORMAL_BANKING_FLOW
TX_ICICI_104477,ICICI_ACC_20002,ICICI_ACC_20090,884.43,2026-01-10 16:52:32,TRANSFER,UPI,ICICI Bank,IN,0,NORMAL_BANKING_FLOW
TX_ICICI_104478,ICICI_ACC_20041,ICICI_ACC_20173,2646.27,2026-01-10 12:54:54,TRANSFER,UPI,ICICI Bank,IN,0,NORMAL_BANKING_FLOW
TX_ICICI_104479,ICICI_ACC_20060,INDUS_ACC_20157,381.82,2026-01-10 13:43:04,TRANSFER,UPI,ICICI Bank,IN,0,NORMAL_BANKING_FLOW
TX_ICICI_104480,ICICI_ACC_20158,INDUS_ACC_20156,3458.2,2026-01-10 14:23:27,SETTLEMENT,POS,ICICI Bank,IN,0,NORMAL_BANKING_FLOW
TX_ICICI_104481,ICICI_ACC_20072,ICICI_ACC_20112,457.11,2026-01-10 15:20:00,TRANSFER,UPI,ICICI Bank,IN,0,NORMAL_BANKING_FLOW
TX_ICICI_104482,ICICI_ACC_20084,PNB_ACC_20190,1732.33,2026-01-10 14:00:30,TRANSFER,UPI,ICICI Bank,IN,0,NORMAL_BANKING_FLOW
TX_ICICI_104483,ICICI_ACC_20065,PNB_ACC_20156,626.01,2026-01-10 13:52:58,TRANSFER,UPI,ICICI Bank,IN,0,NORMAL_BANKING_FLOW
TX_ICICI_104484,ICICI_ACC_20237,ICICI_ACC_20062,2204.05,2026-01-10 12:57:06,TRANSFER,UPI,ICICI Bank,IN,0,NORMAL_BANKING_FLOW
TX_ICICI_104485,ICICI_ACC_20180,PNB_ACC_20070,1299.15,2026-01-10 17:07:32,TRANSFER,UPI,ICICI Bank,IN,0,NORMAL_BANKING_FLOW
TX_ICICI_104486,ICICI_ACC_20057,ICICI_ACC_20070,318.85,2026-01-10 17:00:20,TRANSFER,UPI,ICICI Bank,IN,0,NORMAL_BANKING_FLOW
TX_ICICI_104487,ICICI_ACC_20134,BOB_ACC_20043,1955.95,2026-01-10 15:32:06,TRANSFER,UPI,ICICI Bank,IN,0,NORMAL_BANKING_FLOW
TX_ICICI_104488,ICICI_ACC_20151,ICICI_ACC_20107,796.22,2026-01-10 13:14:48,TRANSFER,UPI,ICICI Bank,IN,0,NORMAL_BANKING_FLOW
TX_ICICI_104489,ICICI_ACC_20122,KOTAK_ACC_20147,2960.26,2026-01-10 13:07:04,TRANSFER,IMPS,ICICI Bank,IN,0,NORMAL_BANKING_FLOW
TX_ICICI_104490,ICICI_ACC_20164,BOB_ACC_20149,1341.03,2026-01-10 17:44:33,SETTLEMENT,POS,ICICI Bank,IN,0,NORMAL_BANKING_FLOW
TX_ICICI_104491,ICICI_ACC_20040,ICICI_ACC_20002,1911.95,2026-01-10 14:21:20,TRANSFER,UPI,ICICI Bank,IN,0,NORMAL_BANKING_FLOW
TX_ICICI_104492,ICICI_ACC_20015,ICICI_ACC_20030,565.77,2026-01-10 16:57:21,TRANSFER,UPI,ICICI Bank,IN,0,NORMAL_BANKING_FLOW
TX_ICICI_104493,ICICI_ACC_20122,ICICI_ACC_20231,788.08,2026-01-10 16:09:00,TRANSFER,IMPS,ICICI Bank,IN,0,NORMAL_BANKING_FLOW
TX_ICICI_104494,ICICI_ACC_20073,ICICI_ACC_20201,886.45,2026-01-10 16:34:24,TRANSFER,UPI,ICICI Bank,IN,0,NORMAL_BANKING_FLOW
TX_ICICI_104495,ICICI_ACC_20120,AXIS_ACC_20219,2895.85,2026-01-10 15:37:34,TRANSFER,UPI,ICICI Bank,IN,0,NORMAL_BANKING_FLOW
TX_ICICI_104496,ICICI_ACC_20002,ICICI_ACC_20072,6061.06,2026-01-10 13:09:45,TRANSFER,UPI,ICICI Bank,IN,0,NORMAL_BANKING_FLOW
TX_ICICI_104497,ICICI_ACC_20077,ICICI_ACC_20016,648.94,2026-01-10 17:01:36,TRANSFER,UPI,ICICI Bank,IN,0,NORMAL_BANKING_FLOW
TX_ICICI_104498,ICICI_ACC_20057,ICICI_ACC_20211,3530.39,2026-01-10 13:18:48,TRANSFER,IMPS,ICICI Bank,IN,0,NORMAL_BANKING_FLOW
TX_ICICI_104499,ICICI_ACC_20188,HDFC_ACC_20034,190.05,2026-01-10 12:12:48,TRANSFER,UPI,ICICI Bank,IN,0,NORMAL_BANKING_FLOW
TX_ICICI_104500,ICICI_ACC_20221,ICICI_ACC_20219,457.25,2026-01-10 13:02:58,TRANSFER,UPI,ICICI Bank,IN,0,NORMAL_BANKING_FLOW
TX_ICICI_104501,ICICI_ACC_20135,YES_ACC_20048,565.15,2026-01-10 15:33:20,SETTLEMENT,POS,ICICI Bank,IN,0,NORMAL_BANKING_FLOW
TX_ICICI_104502,ICICI_ACC_20160,ICICI_ACC_20120,396.53,2026-01-10 15:00:36,TRANSFER,IMPS,ICICI Bank,IN,0,NORMAL_BANKING_FLOW
TX_ICICI_104503,ICICI_ACC_20110,HDFC_ACC_20236,322.07,2026-01-10 12:05:30,TRANSFER,IMPS,ICICI Bank,IN,0,NORMAL_BANKING_FLOW
TX_ICICI_104504,ICICI_ACC_20241,ICICI_ACC_20180,1942.44,2026-01-10 17:07:33,TRANSFER,IMPS,ICICI Bank,IN,0,NORMAL_BANKING_FLOW
TX_ICICI_104505,ICICI_ACC_20048,ICICI_ACC_20084,1104.71,2026-01-10 15:19:12,TRANSFER,IMPS,ICICI Bank,IN,0,NORMAL_BANKING_FLOW
TX_ICICI_104506,ICICI_ACC_20021,ICICI_ACC_20240,1884.59,2026-01-10 15:36:40,TRANSFER,UPI,ICICI Bank,IN,0,NORMAL_BANKING_FLOW
TX_ICICI_104507,ICICI_ACC_20012,PNB_ACC_20227,2493.46,2026-01-10 16:53:14,TRANSFER,IMPS,ICICI Bank,IN,0,NORMAL_BANKING_FLOW
TX_ICICI_104508,ICICI_ACC_20104,ICICI_ACC_20172,1701.14,2026-01-10 13:39:42,TRANSFER,UPI,ICICI Bank,IN,0,NORMAL_BANKING_FLOW
TX_ICICI_104509,ICICI_ACC_20063,ICICI_ACC_20118,2421.12,2026-01-10 13:14:44,TRANSFER,UPI,ICICI Bank,IN,0,NORMAL_BANKING_FLOW
TX_ICICI_104510,ICICI_ACC_20104,ICICI_ACC_20027,1258.18,2026-01-10 14:39:57,TRANSFER,UPI,ICICI Bank,IN,0,NORMAL_BANKING_FLOW
TX_ICICI_104511,ICICI_ACC_20169,ICICI_ACC_20148,460.22,2026-01-10 12:16:00,TRANSFER,UPI,ICICI Bank,IN,0,NORMAL_BANKING_FLOW
TX_ICICI_104512,ICICI_ACC_20177,ICICI_ACC_20168,3470.43,2026-01-10 15:49:11,TRANSFER,IMPS,ICICI Bank,IN,0,NORMAL_BANKING_FLOW
TX_ICICI_104513,ICICI_ACC_20138,SBI_ACC_20141,788.24,2026-01-10 15:41:20,TRANSFER,IMPS,ICICI Bank,IN,0,NORMAL_BANKING_FLOW
TX_ICICI_104514,ICICI_ACC_20181,PNB_ACC_20097,577.07,2026-01-10 17:58:48,TRANSFER,UPI,ICICI Bank,IN,0,NORMAL_BANKING_FLOW
TX_ICICI_104515,ICICI_ACC_20039,HDFC_ACC_20165,1141.24,2026-01-10 17:25:28,SETTLEMENT,POS,ICICI Bank,IN,0,NORMAL_BANKING_FLOW
TX_ICICI_104516,ICICI_ACC_20112,HDFC_ACC_20119,589.03,2026-01-10 18:09:15,SETTLEMENT,POS,ICICI Bank,IN,0,NORMAL_BANKING_FLOW
TX_ICICI_104517,ICICI_ACC_20009,ICICI_ACC_20216,919.94,2026-01-10 14:26:36,TRANSFER,UPI,ICICI Bank,IN,0,NORMAL_BANKING_FLOW
TX_ICICI_104518,ICICI_ACC_20058,ICICI_ACC_20203,1825.57,2026-01-10 15:01:35,TRANSFER,UPI,ICICI Bank,IN,0,NORMAL_BANKING_FLOW
TX_ICICI_104519,ICICI_ACC_20041,ICICI_ACC_20144,1832.63,2026-01-10 15:28:04,SETTLEMENT,POS,ICICI Bank,IN,0,NORMAL_BANKING_FLOW
TX_ICICI_104520,ICICI_ACC_20108,ICICI_ACC_20046,597.02,2026-01-10 17:47:06,SETTLEMENT,POS,ICICI Bank,IN,0,NORMAL_BANKING_FLOW
TX_ICICI_104521,ICICI_ACC_20186,AXIS_ACC_20050,863.56,2026-01-10 16:12:40,TRANSFER,IMPS,ICICI Bank,IN,0,NORMAL_BANKING_FLOW
TX_ICICI_104522,ICICI_ACC_20039,ICICI_ACC_20060,3522.41,2026-01-10 13:54:27,TRANSFER,UPI,ICICI Bank,IN,0,NORMAL_BANKING_FLOW
TX_ICICI_104523,ICICI_ACC_20034,ICICI_ACC_20147,2093.85,2026-01-10 12:10:30,TRANSFER,UPI,ICICI Bank,IN,0,NORMAL_BANKING_FLOW
TX_ICICI_104524,ICICI_ACC_20224,ICICI_ACC_20005,8669.43,2026-01-10 13:03:03,TRANSFER,UPI,ICICI Bank,IN,0,NORMAL_BANKING_FLOW
TX_ICICI_104525,ICICI_ACC_20104,ICICI_ACC_20017,3874.28,2026-01-10 14:13:16,TRANSFER,UPI,ICICI Bank,IN,0,NORMAL_BANKING_FLOW
TX_ICICI_104526,ICICI_ACC_20230,ICICI_ACC_20116,3751.32,2026-01-10 18:36:15,TRANSFER,UPI,ICICI Bank,IN,0,NORMAL_BANKING_FLOW
TX_ICICI_104527,ICICI_ACC_20002,ICICI_ACC_20110,384.11,2026-01-10 15:33:08,SETTLEMENT,POS,ICICI Bank,IN,0,NORMAL_BANKING_FLOW
TX_ICICI_104528,ICICI_ACC_20156,ICICI_ACC_20193,2663.71,2026-01-10 13:30:48,TRANSFER,IMPS,ICICI Bank,IN,0,NORMAL_BANKING_FLOW
TX_ICICI_104529,ICICI_ACC_20191,ICICI_ACC_20071,1276.92,2026-01-10 15:08:00,TRANSFER,UPI,ICICI Bank,IN,0,NORMAL_BANKING_FLOW
TX_ICICI_104530,ICICI_ACC_20014,ICICI_ACC_20232,815.76,2026-01-10 18:13:44,TRANSFER,UPI,ICICI Bank,IN,0,NORMAL_BANKING_FLOW
TX_ICICI_104531,ICICI_ACC_20188,ICICI_ACC_20198,1558.09,2026-01-10 13:49:40,SETTLEMENT,POS,ICICI Bank,IN,0,NORMAL_BANKING_FLOW
TX_ICICI_104532,ICICI_ACC_20043,ICICI_ACC_20056,3135.96,2026-01-10 14:34:21,SETTLEMENT,POS,ICICI Bank,IN,0,NORMAL_BANKING_FLOW
TX_ICICI_104533,ICICI_ACC_20243,SBI_ACC_20032,2102.22,2026-01-10 14:43:44,TRANSFER,IMPS,ICICI Bank,IN,0,NORMAL_BANKING_FLOW
TX_ICICI_104534,ICICI_ACC_20017,SBI_ACC_20023,607.51,2026-01-10 17:15:17,TRANSFER,UPI,ICICI Bank,IN,0,NORMAL_BANKING_FLOW
TX_ICICI_104535,ICICI_ACC_20245,ICICI_ACC_20204,2612.89,2026-01-10 16:31:36,TRANSFER,IMPS,ICICI Bank,IN,0,NORMAL_BANKING_FLOW
TX_ICICI_104536,ICICI_ACC_20225,ICICI_ACC_20112,754.59,2026-01-10 13:25:05,TRANSFER,UPI,ICICI Bank,IN,0,NORMAL_BANKING_FLOW
TX_ICICI_104537,ICICI_ACC_20066,ICICI_ACC_20140,1627.85,2026-01-10 16:06:16,SETTLEMENT,POS,ICICI Bank,IN,0,NORMAL_BANKING_FLOW
TX_ICICI_104538,ICICI_ACC_20245,ICICI_ACC_20234,1019.42,2026-01-10 16:33:48,TRANSFER,IMPS,ICICI Bank,IN,0,NORMAL_BANKING_FLOW
TX_ICICI_104539,ICICI_ACC_20176,ICICI_ACC_20212,1099.95,2026-01-10 16:43:30,TRANSFER,IMPS,ICICI Bank,IN,0,NORMAL_BANKING_FLOW
TX_ICICI_104540,ICICI_ACC_20159,AXIS_ACC_20236,2669.43,2026-01-10 14:38:29,TRANSFER,UPI,ICICI Bank,IN,0,NORMAL_BANKING_FLOW
TX_ICICI_104541,ICICI_ACC_20092,ICICI_ACC_20058,525.22,2026-01-10 14:39:00,TRANSFER,UPI,ICICI Bank,IN,0,NORMAL_BANKING_FLOW
TX_ICICI_104542,ICICI_ACC_20112,ICICI_ACC_20174,7713.1,2026-01-10 17:21:49,SETTLEMENT,POS,ICICI Bank,IN,0,NORMAL_BANKING_FLOW
TX_ICICI_104543,ICICI_ACC_20086,ICICI_ACC_20239,260.09,2026-01-10 16:46:30,TRANSFER,IMPS,ICICI Bank,IN,0,NORMAL_BANKING_FLOW
TX_ICICI_104544,ICICI_ACC_20081,ICICI_ACC_20206,782.19,2026-01-10 12:51:57,TRANSFER,UPI,ICICI Bank,IN,0,NORMAL_BANKING_FLOW
TX_ICICI_104545,ICICI_ACC_20087,ICICI_ACC_20195,1869.06,2026-01-10 17:51:28,TRANSFER,IMPS,ICICI Bank,IN,0,NORMAL_BANKING_FLOW
TX_ICICI_104546,ICICI_ACC_20065,AXIS_ACC_20242,2266.25,2026-01-10 17:25:05,TRANSFER,UPI,ICICI Bank,IN,0,NORMAL_BANKING_FLOW
TX_ICICI_104547,ICICI_ACC_20160,ICICI_ACC_20146,1223.62,2026-01-10 14:33:00,TRANSFER,UPI,ICICI Bank,IN,0,NORMAL_BANKING_FLOW
TX_ICICI_104548,ICICI_ACC_20025,ICICI_ACC_20022,1272.0,2026-01-10 12:53:13,TRANSFER,IMPS,ICICI Bank,IN,0,NORMAL_BANKING_FLOW
TX_ICICI_104549,ICICI_ACC_20117,SBI_ACC_20060,1938.16,2026-01-10 12:44:24,TRANSFER,UPI,ICICI Bank,IN,0,NORMAL_BANKING_FLOW
TX_ICICI_104550,ICICI_ACC_20176,ICICI_ACC_20207,1087.94,2026-01-10 18:59:51,TRANSFER,UPI,ICICI Bank,IN,0,NORMAL_BANKING_FLOW
TX_ICICI_104551,ICICI_ACC_20234,HDFC_ACC_20116,4693.17,2026-01-10 18:15:00,TRANSFER,UPI,ICICI Bank,IN,0,NORMAL_BANKING_FLOW
TX_ICICI_104552,ICICI_ACC_20124,ICICI_ACC_20009,2850.97,2026-01-10 12:45:18,SETTLEMENT,POS,ICICI Bank,IN,0,NORMAL_BANKING_FLOW
TX_ICICI_104553,ICICI_ACC_20153,ICICI_ACC_20026,2938.17,2026-01-10 18:26:00,SETTLEMENT,POS,ICICI Bank,IN,0,NORMAL_BANKING_FLOW
TX_ICICI_104554,ICICI_ACC_20158,ICICI_ACC_20090,561.41,2026-01-10 17:59:16,SETTLEMENT,POS,ICICI Bank,IN,0,NORMAL_BANKING_FLOW
TX_ICICI_104555,ICICI_ACC_20188,HDFC_ACC_20126,1247.07,2026-01-10 14:00:04,TRANSFER,IMPS,ICICI Bank,IN,0,NORMAL_BANKING_FLOW
TX_ICICI_104556,ICICI_ACC_20036,YES_ACC_20191,1022.07,2026-01-10 13:14:15,TRANSFER,UPI,ICICI Bank,IN,0,NORMAL_BANKING_FLOW
TX_ICICI_104557,ICICI_ACC_20142,ICICI_ACC_20041,541.83,2026-01-10 14:47:16,TRANSFER,UPI,ICICI Bank,IN,0,NORMAL_BANKING_FLOW
TX_ICICI_104558,ICICI_ACC_20074,ICICI_ACC_20028,1852.23,2026-01-10 12:28:32,TRANSFER,UPI,ICICI Bank,IN,0,NORMAL_BANKING_FLOW
TX_ICICI_104559,ICICI_ACC_20173,ICICI_ACC_20208,825.61,2026-01-10 16:02:42,TRANSFER,UPI,ICICI Bank,IN,0,NORMAL_BANKING_FLOW
TX_ICICI_104560,ICICI_ACC_20165,ICICI_ACC_20246,2415.99,2026-01-10 14:48:49,TRANSFER,IMPS,ICICI Bank,IN,0,NORMAL_BANKING_FLOW
TX_ICICI_104561,ICICI_ACC_20189,BOB_ACC_20209,511.23,2026-01-10 14:12:00,SETTLEMENT,POS,ICICI Bank,IN,0,NORMAL_BANKING_FLOW
TX_ICICI_104562,ICICI_ACC_20074,ICICI_ACC_20114,6292.64,2026-01-10 14:12:27,TRANSFER,UPI,ICICI Bank,IN,0,NORMAL_BANKING_FLOW
TX_ICICI_104563,ICICI_ACC_20215,ICICI_ACC_20130,597.83,2026-01-10 12:29:52,TRANSFER,UPI,ICICI Bank,IN,0,NORMAL_BANKING_FLOW
TX_ICICI_104564,ICICI_ACC_20084,ICICI_ACC_20119,1631.69,2026-01-10 18:17:19,TRANSFER,IMPS,ICICI Bank,IN,0,NORMAL_BANKING_FLOW
TX_ICICI_104565,ICICI_ACC_20002,YES_ACC_20196,2731.68,2026-01-10 12:30:24,SETTLEMENT,POS,ICICI Bank,IN,0,NORMAL_BANKING_FLOW
TX_ICICI_104566,ICICI_ACC_20018,ICICI_ACC_20224,801.45,2026-01-10 17:22:35,TRANSFER,IMPS,ICICI Bank,IN,0,NORMAL_BANKING_FLOW
TX_ICICI_104567,ICICI_ACC_20174,ICICI_ACC_20065,2884.83,2026-01-10 15:30:10,TRANSFER,UPI,ICICI Bank,IN,0,NORMAL_BANKING_FLOW
TX_ICICI_104568,ICICI_ACC_20046,ICICI_ACC_20163,443.07,2026-01-10 18:30:18,TRANSFER,IMPS,ICICI Bank,IN,0,NORMAL_BANKING_FLOW
TX_ICICI_104569,ICICI_ACC_20242,INDUS_ACC_20106,4948.83,2026-01-10 18:59:36,TRANSFER,UPI,ICICI Bank,IN,0,NORMAL_BANKING_FLOW
TX_ICICI_104570,ICICI_ACC_20115,CANARA_ACC_20081,1356.6,2026-01-10 14:35:01,TRANSFER,UPI,ICICI Bank,IN,0,NORMAL_BANKING_FLOW
TX_ICICI_104571,ICICI_ACC_20091,ICICI_ACC_20004,783.08,2026-01-10 13:57:30,TRANSFER,UPI,ICICI Bank,IN,0,NORMAL_BANKING_FLOW
TX_ICICI_104572,ICICI_ACC_20102,ICICI_ACC_20021,1023.25,2026-01-10 16:30:11,TRANSFER,UPI,ICICI Bank,IN,0,NORMAL_BANKING_FLOW
TX_ICICI_104573,ICICI_ACC_20034,ICICI_ACC_20095,2773.95,2026-01-10 13:48:48,SETTLEMENT,POS,ICICI Bank,IN,0,NORMAL_BANKING_FLOW
TX_ICICI_104574,ICICI_ACC_20040,ICICI_ACC_20074,791.55,2026-01-10 18:07:03,TRANSFER,IMPS,ICICI Bank,IN,0,NORMAL_BANKING_FLOW
TX_ICICI_104575,ICICI_ACC_20236,YES_ACC_20055,682.37,2026-01-10 13:30:28,TRANSFER,UPI,ICICI Bank,IN,0,NORMAL_BANKING_FLOW
TX_ICICI_104576,ICICI_ACC_20081,ICICI_ACC_20171,1097.31,2026-01-10 12:42:55,TRANSFER,UPI,ICICI Bank,IN,0,NORMAL_BANKING_FLOW
TX_ICICI_104577,ICICI_ACC_20059,ICICI_ACC_20119,464.39,2026-01-10 19:26:24,TRANSFER,IMPS,ICICI Bank,IN,0,NORMAL_BANKING_FLOW
TX_ICICI_104578,ICICI_ACC_20039,ICICI_ACC_20045,6894.57,2026-01-10 19:08:09,TRANSFER,IMPS,ICICI Bank,IN,0,NORMAL_BANKING_FLOW
TX_ICICI_104579,ICICI_ACC_20170,AXIS_ACC_20010,804.52,2026-01-10 18:40:12,TRANSFER,IMPS,ICICI Bank,IN,0,NORMAL_BANKING_FLOW
TX_ICICI_104580,ICICI_ACC_20085,ICICI_ACC_20160,2831.2,2026-01-10 16:45:18,TRANSFER,UPI,ICICI Bank,IN,0,NORMAL_BANKING_FLOW
TX_ICICI_104581,ICICI_ACC_20171,ICICI_ACC_20024,1617.32,2026-01-10 17:34:20,TRANSFER,UPI,ICICI Bank,IN,0,NORMAL_BANKING_FLOW
TX_ICICI_104582,ICICI_ACC_20027,ICICI_ACC_20138,552.21,2026-01-10 14:21:27,TRANSFER,UPI,ICICI Bank,IN,0,NORMAL_BANKING_FLOW
TX_ICICI_104583,ICICI_ACC_20146,ICICI_ACC_20218,1332.27,2026-01-10 12:44:54,TRANSFER,UPI,ICICI Bank,IN,0,NORMAL_BANKING_FLOW
TX_ICICI_104584,ICICI_ACC_20040,ICICI_ACC_20165,2712.44,2026-01-10 14:41:47,TRANSFER,IMPS,ICICI Bank,IN,0,NORMAL_BANKING_FLOW
TX_ICICI_104585,ICICI_ACC_20038,ICICI_ACC_20213,1130.67,2026-01-10 13:14:40,TRANSFER,UPI,ICICI Bank,IN,0,NORMAL_BANKING_FLOW
TX_ICICI_104586,ICICI_ACC_20095,BOB_ACC_20169,3919.82,2026-01-10 14:13:30,TRANSFER,IMPS,ICICI Bank,IN,0,NORMAL_BANKING_FLOW
TX_ICICI_104587,ICICI_ACC_20137,ICICI_ACC_20111,3358.88,2026-01-10 13:34:52,TRANSFER,IMPS,ICICI Bank,IN,0,NORMAL_BANKING_FLOW
TX_ICICI_104588,ICICI_ACC_20127,PNB_ACC_20228,3062.61,2026-01-10 17:59:23,TRANSFER,UPI,ICICI Bank,IN,0,NORMAL_BANKING_FLOW
TX_ICICI_104589,ICICI_ACC_20149,ICICI_ACC_20083,885.64,2026-01-10 12:27:00,TRANSFER,UPI,ICICI Bank,IN,0,NORMAL_BANKING_FLOW
TX_ICICI_104590,ICICI_ACC_20014,ICICI_ACC_20079,506.81,2026-01-10 15:04:19,TRANSFER,IMPS,ICICI Bank,IN,0,NORMAL_BANKING_FLOW
TX_ICICI_104591,ICICI_ACC_20172,ICICI_ACC_20204,771.06,2026-01-10 13:46:10,SETTLEMENT,POS,ICICI Bank,IN,0,NORMAL_BANKING_FLOW
TX_ICICI_104592,ICICI_ACC_20237,ICICI_ACC_20239,1598.17,2026-01-10 16:24:09,TRANSFER,UPI,ICICI Bank,IN,0,NORMAL_BANKING_FLOW
TX_ICICI_104593,ICICI_ACC_20134,ICICI_ACC_20213,2189.02,2026-01-10 17:33:52,TRANSFER,UPI,ICICI Bank,IN,0,NORMAL_BANKING_FLOW
TX_ICICI_104594,ICICI_ACC_20198,YES_ACC_20163,189.73,2026-01-10 15:45:55,TRANSFER,IMPS,ICICI Bank,IN,0,NORMAL_BANKING_FLOW
TX_ICICI_104595,ICICI_ACC_20222,ICICI_ACC_20079,1329.69,2026-01-10 16:36:00,TRANSFER,UPI,ICICI Bank,IN,0,NORMAL_BANKING_FLOW
TX_ICICI_104596,ICICI_ACC_20185,ICICI_ACC_20075,1544.23,2026-01-10 13:38:10,TRANSFER,IMPS,ICICI Bank,IN,0,NORMAL_BANKING_FLOW
TX_ICICI_104597,ICICI_ACC_20156,ICICI_ACC_20239,1043.37,2026-01-10 19:26:12,TRANSFER,UPI,ICICI Bank,IN,0,NORMAL_BANKING_FLOW
TX_ICICI_104598,ICICI_ACC_20045,ICICI_ACC_20047,4281.88,2026-01-10 16:57:54,SETTLEMENT,POS,ICICI Bank,IN,0,NORMAL_BANKING_FLOW
TX_ICICI_104599,ICICI_ACC_20016,ICICI_ACC_20042,1957.85,2026-01-10 12:39:28,TRANSFER,UPI,ICICI Bank,IN,0,NORMAL_BANKING_FLOW
TX_ICICI_104600,ICICI_ACC_20055,HDFC_ACC_20072,4355.4,2026-01-10 18:59:06,TRANSFER,UPI,ICICI Bank,IN,0,NORMAL_BANKING_FLOW
TX_ICICI_104601,ICICI_ACC_20234,HDFC_ACC_20023,1102.83,2026-01-10 17:40:00,SETTLEMENT,POS,ICICI Bank,IN,0,NORMAL_BANKING_FLOW
TX_ICICI_104602,ICICI_ACC_20114,ICICI_ACC_20195,3114.21,2026-01-10 17:30:45,SETTLEMENT,POS,ICICI Bank,IN,0,NORMAL_BANKING_FLOW
TX_ICICI_104603,ICICI_ACC_20152,PNB_ACC_20147,5834.59,2026-01-10 16:51:22,TRANSFER,IMPS,ICICI Bank,IN,0,NORMAL_BANKING_FLOW
TX_ICICI_104604,ICICI_ACC_20166,ICICI_ACC_20179,4361.29,2026-01-10 19:52:57,TRANSFER,IMPS,ICICI Bank,IN,0,NORMAL_BANKING_FLOW
TX_ICICI_104605,ICICI_ACC_20140,ICICI_ACC_20056,501.23,2026-01-10 14:31:48,TRANSFER,UPI,ICICI Bank,IN,0,NORMAL_BANKING_FLOW
TX_ICICI_104606,ICICI_ACC_20005,AXIS_ACC_20180,1066.02,2026-01-10 17:03:30,TRANSFER,UPI,ICICI Bank,IN,0,NORMAL_BANKING_FLOW
TX_ICICI_104607,ICICI_ACC_20089,AXIS_ACC_20138,981.76,2026-01-10 12:31:30,TRANSFER,UPI,ICICI Bank,IN,0,NORMAL_BANKING_FLOW
TX_ICICI_104608,ICICI_ACC_20101,ICICI_ACC_20024,2080.43,2026-01-10 16:04:12,TRANSFER,UPI,ICICI Bank,IN,0,NORMAL_BANKING_FLOW
TX_ICICI_104609,ICICI_ACC_20011,ICICI_ACC_20046,2484.23,2026-01-10 12:32:00,TRANSFER,UPI,ICICI Bank,IN,0,NORMAL_BANKING_FLOW
TX_ICICI_104610,ICICI_ACC_20135,BOB_ACC_20181,629.54,2026-01-10 15:24:48,TRANSFER,UPI,ICICI Bank,IN,0,NORMAL_BANKING_FLOW
TX_ICICI_104611,ICICI_ACC_20141,ICICI_ACC_20237,1423.76,2026-01-10 12:32:30,SETTLEMENT,POS,ICICI Bank,IN,0,NORMAL_BANKING_FLOW
TX_ICICI_104612,ICICI_ACC_20157,ICICI_ACC_20200,217.47,2026-01-10 16:57:31,SETTLEMENT,POS,ICICI Bank,IN,0,NORMAL_BANKING_FLOW
TX_ICICI_104613,ICICI_ACC_20015,ICICI_ACC_20102,4903.73,2026-01-10 18:40:12,TRANSFER,IMPS,ICICI Bank,IN,0,NORMAL_BANKING_FLOW
TX_ICICI_104614,ICICI_ACC_20041,YES_ACC_20238,844.6,2026-01-10 18:20:37,TRANSFER,IMPS,ICICI Bank,IN,0,NORMAL_BANKING_FLOW
TX_ICICI_104615,ICICI_ACC_20045,KOTAK_ACC_20225,1408.5,2026-01-10 15:07:00,SETTLEMENT,POS,ICICI Bank,IN,0,NORMAL_BANKING_FLOW
TX_ICICI_104616,ICICI_ACC_20098,ICICI_ACC_20226,1013.65,2026-01-10 18:01:45,TRANSFER,IMPS,ICICI Bank,IN,0,NORMAL_BANKING_FLOW
TX_ICICI_104617,ICICI_ACC_20123,ICICI_ACC_20192,3757.18,2026-01-10 14:47:28,TRANSFER,UPI,ICICI Bank,IN,0,NORMAL_BANKING_FLOW
TX_ICICI_104618,ICICI_ACC_20162,ICICI_ACC_20161,104.19,2026-01-10 13:25:40,TRANSFER,IMPS,ICICI Bank,IN,0,NORMAL_BANKING_FLOW
TX_ICICI_104619,ICICI_ACC_20192,YES_ACC_20045,1319.56,2026-01-10 18:24:42,SETTLEMENT,POS,ICICI Bank,IN,0,NORMAL_BANKING_FLOW
TX_ICICI_104620,ICICI_ACC_20063,ICICI_ACC_20079,1217.75,2026-01-10 16:52:40,TRANSFER,UPI,ICICI Bank,IN,0,NORMAL_BANKING_FLOW
TX_ICICI_104621,ICICI_ACC_20019,ICICI_ACC_20170,890.45,2026-01-10 13:37:00,TRANSFER,UPI,ICICI Bank,IN,0,NORMAL_BANKING_FLOW
TX_ICICI_104622,ICICI_ACC_20051,AXIS_ACC_20025,6333.47,2026-01-10 18:06:27,TRANSFER,IMPS,ICICI Bank,IN,0,NORMAL_BANKING_FLOW
TX_ICICI_104623,ICICI_ACC_20130,KOTAK_ACC_20089,602.69,2026-01-10 20:01:16,TRANSFER,IMPS,ICICI Bank,IN,0,NORMAL_BANKING_FLOW
TX_ICICI_104624,ICICI_ACC_20153,HDFC_ACC_20135,2682.8,2026-01-10 14:29:58,TRANSFER,UPI,ICICI Bank,IN,0,NORMAL_BANKING_FLOW
TX_ICICI_104625,ICICI_ACC_20240,SBI_ACC_20103,1845.73,2026-01-10 17:48:00,TRANSFER,UPI,ICICI Bank,IN,0,NORMAL_BANKING_FLOW
TX_ICICI_104626,ICICI_ACC_20024,ICICI_ACC_20109,4168.73,2026-01-10 17:48:45,TRANSFER,UPI,ICICI Bank,IN,0,NORMAL_BANKING_FLOW
TX_ICICI_104627,ICICI_ACC_20211,ICICI_ACC_20001,734.75,2026-01-10 19:33:50,TRANSFER,IMPS,ICICI Bank,IN,0,NORMAL_BANKING_FLOW
TX_ICICI_104628,ICICI_ACC_20137,ICICI_ACC_20220,692.51,2026-01-10 19:34:45,SETTLEMENT,POS,ICICI Bank,IN,0,NORMAL_BANKING_FLOW
TX_ICICI_104629,ICICI_ACC_20063,AXIS_ACC_20119,3591.99,2026-01-10 19:46:08,SETTLEMENT,POS,ICICI Bank,IN,0,NORMAL_BANKING_FLOW
TX_ICICI_104630,ICICI_ACC_20104,ICICI_ACC_20236,1964.1,2026-01-10 19:15:37,TRANSFER,UPI,ICICI Bank,IN,0,NORMAL_BANKING_FLOW
TX_ICICI_104631,ICICI_ACC_20090,YES_ACC_20148,333.47,2026-01-10 18:13:30,TRANSFER,IMPS,ICICI Bank,IN,0,NORMAL_BANKING_FLOW
TX_ICICI_104632,ICICI_ACC_20138,ICICI_ACC_20089,824.37,2026-01-10 18:35:19,TRANSFER,IMPS,ICICI Bank,IN,0,NORMAL_BANKING_FLOW
TX_ICICI_104633,ICICI_ACC_20188,ICICI_ACC_20183,1896.46,2026-01-10 20:00:24,TRANSFER,UPI,ICICI Bank,IN,0,NORMAL_BANKING_FLOW
TX_ICICI_104634,ICICI_ACC_20096,ICICI_ACC_20245,2846.91,2026-01-10 14:13:12,TRANSFER,IMPS,ICICI Bank,IN,0,NORMAL_BANKING_FLOW
TX_ICICI_104635,ICICI_ACC_20195,ICICI_ACC_20223,726.83,2026-01-10 17:02:40,TRANSFER,IMPS,ICICI Bank,IN,0,NORMAL_BANKING_FLOW
TX_ICICI_104636,ICICI_ACC_20024,ICICI_ACC_20115,97.24,2026-01-10 16:31:35,TRANSFER,IMPS,ICICI Bank,IN,0,NORMAL_BANKING_FLOW
TX_ICICI_104637,ICICI_ACC_20129,ICICI_ACC_20229,2145.01,2026-01-10 14:56:48,TRANSFER,UPI,ICICI Bank,IN,0,NORMAL_BANKING_FLOW
TX_ICICI_104638,ICICI_ACC_20057,ICICI_ACC_20172,446.62,2026-01-10 14:25:25,TRANSFER,UPI,ICICI Bank,IN,0,NORMAL_BANKING_FLOW
TX_ICICI_104639,ICICI_ACC_20002,PNB_ACC_20226,217.98,2026-01-10 17:26:36,TRANSFER,IMPS,ICICI Bank,IN,0,NORMAL_BANKING_FLOW
TX_ICICI_104640,ICICI_ACC_20155,ICICI_ACC_20068,104.68,2026-01-10 14:04:57,TRANSFER,IMPS,ICICI Bank,IN,0,NORMAL_BANKING_FLOW
TX_ICICI_104641,ICICI_ACC_20195,ICICI_ACC_20108,2786.61,2026-01-10 19:46:40,TRANSFER,UPI,ICICI Bank,IN,0,NORMAL_BANKING_FLOW
TX_ICICI_104642,ICICI_ACC_20077,ICICI_ACC_20113,1503.81,2026-01-10 19:15:32,SETTLEMENT,POS,ICICI Bank,IN,0,NORMAL_BANKING_FLOW
TX_ICICI_104643,ICICI_ACC_20124,ICICI_ACC_20000,1093.25,2026-01-10 19:05:42,TRANSFER,IMPS,ICICI Bank,IN,0,NORMAL_BANKING_FLOW
TX_ICICI_104644,ICICI_ACC_20117,ICICI_ACC_20175,4675.64,2026-01-10 18:55:50,TRANSFER,IMPS,ICICI Bank,IN,0,NORMAL_BANKING_FLOW
TX_ICICI_104645,ICICI_ACC_20090,ICICI_ACC_20218,2376.99,2026-01-10 18:13:44,TRANSFER,UPI,ICICI Bank,IN,0,NORMAL_BANKING_FLOW
TX_ICICI_104646,ICICI_ACC_20070,ICICI_ACC_20131,5736.88,2026-01-10 19:08:15,TRANSFER,UPI,ICICI Bank,IN,0,NORMAL_BANKING_FLOW
TX_ICICI_104647,ICICI_ACC_20205,ICICI_ACC_20077,382.43,2026-01-10 14:50:42,SETTLEMENT,POS,ICICI Bank,IN,0,NORMAL_BANKING_FLOW
TX_ICICI_104648,ICICI_ACC_20062,ICICI_ACC_20118,1298.42,2026-01-10 13:57:14,TRANSFER,UPI,ICICI Bank,IN,0,NORMAL_BANKING_FLOW
TX_ICICI_104649,ICICI_ACC_20087,ICICI_ACC_20188,312.61,2026-01-10 18:38:24,SETTLEMENT,POS,ICICI Bank,IN,0,NORMAL_BANKING_FLOW
TX_ICICI_104650,ICICI_ACC_20136,ICICI_ACC_20097,1089.59,2026-01-10 19:22:28,TRANSFER,IMPS,ICICI Bank,IN,0,NORMAL_BANKING_FLOW
TX_ICICI_104651,ICICI_ACC_20136,ICICI_ACC_20074,1070.89,2026-01-10 15:57:30,TRANSFER,IMPS,ICICI Bank,IN,0,NORMAL_BANKING_FLOW
TX_ICICI_104652,ICICI_ACC_20154,ICICI_ACC_20164,2354.19,2026-01-10 16:19:45,TRANSFER,UPI,ICICI Bank,IN,0,NORMAL_BANKING_FLOW
TX_ICICI_104653,ICICI_ACC_20224,ICICI_ACC_20248,1395.5,2026-01-10 18:30:44,SETTLEMENT,POS,ICICI Bank,IN,0,NORMAL_BANKING_FLOW
TX_ICICI_104654,ICICI_ACC_20227,AXIS_ACC_20102,2347.41,2026-01-10 14:32:05,TRANSFER,UPI,ICICI Bank,IN,0,NORMAL_BANKING_FLOW
TX_ICICI_104655,ICICI_ACC_20010,ICICI_ACC_20075,2522.73,2026-01-10 14:10:42,SETTLEMENT,POS,ICICI Bank,IN,0,NORMAL_BANKING_FLOW
TX_ICICI_104656,ICICI_ACC_20015,ICICI_ACC_20140,9315.51,2026-01-10 19:05:50,TRANSFER,IMPS,ICICI Bank,IN,0,NORMAL_BANKING_FLOW
TX_ICICI_104657,ICICI_ACC_20213,ICICI_ACC_20133,1008.51,2026-01-10 14:44:16,TRANSFER,UPI,ICICI Bank,IN,0,NORMAL_BANKING_FLOW
TX_ICICI_104658,ICICI_ACC_20000,ICICI_ACC_20139,574.26,2026-01-10 13:49:57,TRANSFER,IMPS,ICICI Bank,IN,0,NORMAL_BANKING_FLOW
TX_ICICI_104659,ICICI_ACC_20223,ICICI_ACC_20010,1671.5,2026-01-10 19:19:18,TRANSFER,IMPS,ICICI Bank,IN,0,NORMAL_BANKING_FLOW
TX_ICICI_104660,ICICI_ACC_20170,BOB_ACC_20060,650.63,2026-01-10 16:35:24,TRANSFER,UPI,ICICI Bank,IN,0,NORMAL_BANKING_FLOW
TX_ICICI_104661,ICICI_ACC_20121,ICICI_ACC_20219,5083.55,2026-01-10 19:54:00,TRANSFER,IMPS,ICICI Bank,IN,0,NORMAL_BANKING_FLOW
TX_ICICI_104662,ICICI_ACC_20106,KOTAK_ACC_20003,1038.05,2026-01-10 13:51:21,TRANSFER,IMPS,ICICI Bank,IN,0,NORMAL_BANKING_FLOW
TX_ICICI_104663,ICICI_ACC_20114,SBI_ACC_20012,805.11,2026-01-10 14:24:48,SETTLEMENT,POS,ICICI Bank,IN,0,NORMAL_BANKING_FLOW
TX_ICICI_104664,ICICI_ACC_20173,ICICI_ACC_20099,876.39,2026-01-10 12:45:45,TRANSFER,UPI,ICICI Bank,IN,0,NORMAL_BANKING_FLOW
TX_ICICI_104665,ICICI_ACC_20151,INDUS_ACC_20165,2556.96,2026-01-10 20:41:52,TRANSFER,UPI,ICICI Bank,IN,0,NORMAL_BANKING_FLOW
TX_ICICI_104666,ICICI_ACC_20247,YES_ACC_20074,1162.15,2026-01-10 15:10:20,TRANSFER,UPI,ICICI Bank,IN,0,NORMAL_BANKING_FLOW
TX_ICICI_104667,ICICI_ACC_20196,ICICI_ACC_20212,751.82,2026-01-10 13:53:06,TRANSFER,IMPS,ICICI Bank,IN,0,NORMAL_BANKING_FLOW
TX_ICICI_104668,ICICI_ACC_20170,PNB_ACC_20110,5995.81,2026-01-10 17:58:01,SETTLEMENT,POS,ICICI Bank,IN,0,NORMAL_BANKING_FLOW
TX_ICICI_104669,ICICI_ACC_20128,SBI_ACC_20167,619.83,2026-01-10 17:58:44,TRANSFER,IMPS,ICICI Bank,IN,0,NORMAL_BANKING_FLOW
TX_ICICI_104670,ICICI_ACC_20041,ICICI_ACC_20165,1383.0,2026-01-10 14:05:18,TRANSFER,IMPS,ICICI Bank,IN,0,NORMAL_BANKING_FLOW
TX_ICICI_104671,ICICI_ACC_20161,YES_ACC_20095,2409.26,2026-01-10 13:09:50,TRANSFER,UPI,ICICI Bank,IN,0,NORMAL_BANKING_FLOW
TX_ICICI_104672,ICICI_ACC_20059,ICICI_ACC_20076,308.52,2026-01-10 20:59:49,TRANSFER,UPI,ICICI Bank,IN,0,NORMAL_BANKING_FLOW
TX_ICICI_104673,ICICI_ACC_20064,ICICI_ACC_20153,2063.66,2026-01-10 16:20:48,SETTLEMENT,POS,ICICI Bank,IN,0,NORMAL_BANKING_FLOW
TX_ICICI_104674,ICICI_ACC_20070,ICICI_ACC_20245,518.22,2026-01-10 13:10:41,TRANSFER,UPI,ICICI Bank,IN,0,NORMAL_BANKING_FLOW
TX_ICICI_104675,ICICI_ACC_20237,ICICI_ACC_20234,2808.78,2026-01-10 17:51:48,TRANSFER,IMPS,ICICI Bank,IN,0,NORMAL_BANKING_FLOW
TX_ICICI_104676,ICICI_ACC_20240,ICICI_ACC_20036,563.19,2026-01-10 17:07:30,TRANSFER,UPI,ICICI Bank,IN,0,NORMAL_BANKING_FLOW
TX_ICICI_104677,ICICI_ACC_20233,ICICI_ACC_20152,2498.62,2026-01-10 14:19:08,TRANSFER,UPI,ICICI Bank,IN,0,NORMAL_BANKING_FLOW
TX_ICICI_104678,ICICI_ACC_20035,ICICI_ACC_20109,3623.7,2026-01-10 17:53:54,SETTLEMENT,POS,ICICI Bank,IN,0,NORMAL_BANKING_FLOW
TX_ICICI_104679,ICICI_ACC_20218,ICICI_ACC_20155,2908.21,2026-01-10 14:53:48,TRANSFER,UPI,ICICI Bank,IN,0,NORMAL_BANKING_FLOW
TX_ICICI_104680,ICICI_ACC_20055,PNB_ACC_20112,1679.39,2026-01-10 12:49:45,TRANSFER,UPI,ICICI Bank,IN,0,NORMAL_BANKING_FLOW
TX_ICICI_104681,ICICI_ACC_20078,ICICI_ACC_20100,1087.71,2026-01-10 13:01:20,TRANSFER,UPI,ICICI Bank,IN,0,NORMAL_BANKING_FLOW
TX_ICICI_104682,ICICI_ACC_20175,INDUS_ACC_20152,797.29,2026-01-10 16:25:54,TRANSFER,IMPS,ICICI Bank,IN,0,NORMAL_BANKING_FLOW
TX_ICICI_104683,ICICI_ACC_20083,ICICI_ACC_20218,5033.8,2026-01-10 15:29:38,TRANSFER,IMPS,ICICI Bank,IN,0,NORMAL_BANKING_FLOW
TX_ICICI_104684,ICICI_ACC_20080,ICICI_ACC_20213,713.69,2026-01-10 15:30:07,TRANSFER,IMPS,ICICI Bank,IN,0,NORMAL_BANKING_FLOW
TX_ICICI_104685,ICICI_ACC_20073,ICICI_ACC_20090,526.7,2026-01-10 13:48:00,SETTLEMENT,POS,ICICI Bank,IN,0,NORMAL_BANKING_FLOW
TX_ICICI_104686,ICICI_ACC_20179,SBI_ACC_20000,2437.75,2026-01-10 15:19:40,TRANSFER,UPI,ICICI Bank,IN,0,NORMAL_BANKING_FLOW
TX_ICICI_104687,ICICI_ACC_20168,ICICI_ACC_20023,654.24,2026-01-10 15:43:00,TRANSFER,UPI,ICICI Bank,IN,0,NORMAL_BANKING_FLOW
TX_ICICI_104688,ICICI_ACC_20199,ICICI_ACC_20237,569.6,2026-01-10 13:37:33,SETTLEMENT,POS,ICICI Bank,IN,0,NORMAL_BANKING_FLOW
TX_ICICI_104689,ICICI_ACC_20248,ICICI_ACC_20040,365.31,2026-01-10 20:30:40,TRANSFER,UPI,ICICI Bank,IN,0,NORMAL_BANKING_FLOW
TX_ICICI_104690,ICICI_ACC_20137,ICICI_ACC_20188,867.3,2026-01-10 18:02:18,TRANSFER,IMPS,ICICI Bank,IN,0,NORMAL_BANKING_FLOW
TX_ICICI_104691,ICICI_ACC_20142,ICICI_ACC_20173,1243.34,2026-01-10 15:45:00,TRANSFER,IMPS,ICICI Bank,IN,0,NORMAL_BANKING_FLOW
TX_ICICI_104692,ICICI_ACC_20043,ICICI_ACC_20172,1667.0,2026-01-10 16:43:05,TRANSFER,IMPS,ICICI Bank,IN,0,NORMAL_BANKING_FLOW
TX_ICICI_104693,ICICI_ACC_20215,ICICI_ACC_20182,3153.21,2026-01-10 16:32:08,TRANSFER,UPI,ICICI Bank,IN,0,NORMAL_BANKING_FLOW
TX_ICICI_104694,ICICI_ACC_20029,INDUS_ACC_20125,2152.12,2026-01-10 16:44:15,TRANSFER,UPI,ICICI Bank,IN,0,NORMAL_BANKING_FLOW
TX_ICICI_104695,ICICI_ACC_20114,ICICI_ACC_20086,1128.02,2026-01-10 17:19:32,TRANSFER,IMPS,ICICI Bank,IN,0,NORMAL_BANKING_FLOW
TX_ICICI_104696,ICICI_ACC_20163,ICICI_ACC_20078,1120.6,2026-01-10 13:28:30,TRANSFER,IMPS,ICICI Bank,IN,0,NORMAL_BANKING_FLOW
TX_ICICI_104697,ICICI_ACC_20114,ICICI_ACC_20068,2119.94,2026-01-10 20:14:48,TRANSFER,UPI,ICICI Bank,IN,0,NORMAL_BANKING_FLOW
TX_ICICI_104698,ICICI_ACC_20093,ICICI_ACC_20091,4210.4,2026-01-10 18:42:45,TRANSFER,UPI,ICICI Bank,IN,0,NORMAL_BANKING_FLOW
TX_ICICI_104699,ICICI_ACC_20223,ICICI_ACC_20190,1500.69,2026-01-10 14:39:12,TRANSFER,UPI,ICICI Bank,IN,0,NORMAL_BANKING_FLOW
TX_ICICI_104700,ICICI_ACC_20202,HDFC_ACC_20091,878.12,2026-01-10 16:24:27,TRANSFER,UPI,ICICI Bank,IN,0,NORMAL_BANKING_FLOW
TX_ICICI_104701,ICICI_ACC_20206,CANARA_ACC_20051,548.08,2026-01-10 20:06:40,TRANSFER,UPI,ICICI Bank,IN,0,NORMAL_BANKING_FLOW
TX_ICICI_104702,ICICI_ACC_20230,ICICI_ACC_20009,364.79,2026-01-10 16:02:11,TRANSFER,UPI,ICICI Bank,IN,0,NORMAL_BANKING_FLOW
TX_ICICI_104703,ICICI_ACC_20130,ICICI_ACC_20056,2439.73,2026-01-10 17:01:12,TRANSFER,UPI,ICICI Bank,IN,0,NORMAL_BANKING_FLOW
TX_ICICI_104704,ICICI_ACC_20055,ICICI_ACC_20224,2253.37,2026-01-10 15:16:21,TRANSFER,UPI,ICICI Bank,IN,0,NORMAL_BANKING_FLOW
TX_ICICI_104705,ICICI_ACC_20061,BOB_ACC_20235,2252.12,2026-01-10 13:42:56,TRANSFER,IMPS,ICICI Bank,IN,0,NORMAL_BANKING_FLOW
TX_ICICI_104706,ICICI_ACC_20109,BOB_ACC_20121,1192.98,2026-01-10 20:22:45,SETTLEMENT,POS,ICICI Bank,IN,0,NORMAL_BANKING_FLOW
TX_ICICI_104707,ICICI_ACC_20044,BOB_ACC_20017,4751.62,2026-01-10 19:13:02,TRANSFER,IMPS,ICICI Bank,IN,0,NORMAL_BANKING_FLOW
TX_ICICI_104708,ICICI_ACC_20122,ICICI_ACC_20050,866.35,2026-01-10 17:15:59,TRANSFER,IMPS,ICICI Bank,IN,0,NORMAL_BANKING_FLOW
TX_ICICI_104709,ICICI_ACC_20142,ICICI_ACC_20080,3164.47,2026-01-10 12:57:00,TRANSFER,UPI,ICICI Bank,IN,0,NORMAL_BANKING_FLOW
TX_ICICI_104710,ICICI_ACC_20046,ICICI_ACC_20178,1293.53,2026-01-10 21:25:22,TRANSFER,UPI,ICICI Bank,IN,0,NORMAL_BANKING_FLOW
TX_ICICI_104711,ICICI_ACC_20212,ICICI_ACC_20238,774.71,2026-01-10 16:42:20,TRANSFER,UPI,ICICI Bank,IN,0,NORMAL_BANKING_FLOW
TX_ICICI_104712,ICICI_ACC_20123,BOB_ACC_20012,2283.07,2026-01-10 16:54:45,TRANSFER,IMPS,ICICI Bank,IN,0,NORMAL_BANKING_FLOW
TX_ICICI_104713,ICICI_ACC_20221,ICICI_ACC_20108,1936.57,2026-01-10 14:09:12,TRANSFER,IMPS,ICICI Bank,IN,0,NORMAL_BANKING_FLOW
TX_ICICI_104714,ICICI_ACC_20074,ICICI_ACC_20098,1846.92,2026-01-10 21:29:14,TRANSFER,UPI,ICICI Bank,IN,0,NORMAL_BANKING_FLOW
TX_ICICI_104715,ICICI_ACC_20122,ICICI_ACC_20096,1441.08,2026-01-10 19:07:24,TRANSFER,UPI,ICICI Bank,IN,0,NORMAL_BANKING_FLOW
TX_ICICI_104716,ICICI_ACC_20101,ICICI_ACC_20016,1294.52,2026-01-10 14:57:55,TRANSFER,IMPS,ICICI Bank,IN,0,NORMAL_BANKING_FLOW
TX_ICICI_104717,ICICI_ACC_20208,ICICI_ACC_20150,11493.48,2026-01-10 16:45:44,TRANSFER,UPI,ICICI Bank,IN,0,NORMAL_BANKING_FLOW
TX_ICICI_104718,ICICI_ACC_20227,ICICI_ACC_20203,3888.7,2026-01-10 20:33:21,TRANSFER,IMPS,ICICI Bank,IN,0,NORMAL_BANKING_FLOW
TX_ICICI_104719,ICICI_ACC_20231,ICICI_ACC_20156,2567.13,2026-01-10 18:22:36,TRANSFER,UPI,ICICI Bank,IN,0,NORMAL_BANKING_FLOW
TX_ICICI_104720,ICICI_ACC_20202,ICICI_ACC_20009,1481.22,2026-01-10 20:23:08,TRANSFER,IMPS,ICICI Bank,IN,0,NORMAL_BANKING_FLOW
TX_ICICI_104721,ICICI_ACC_20152,ICICI_ACC_20122,3315.76,2026-01-10 14:24:00,TRANSFER,UPI,ICICI Bank,IN,0,NORMAL_BANKING_FLOW
TX_ICICI_104722,ICICI_ACC_20136,INDUS_ACC_20041,2134.94,2026-01-10 15:48:29,TRANSFER,IMPS,ICICI Bank,IN,0,NORMAL_BANKING_FLOW
TX_ICICI_104723,ICICI_ACC_20138,ICICI_ACC_20170,1371.4,2026-01-10 14:12:42,TRANSFER,IMPS,ICICI Bank,IN,0,NORMAL_BANKING_FLOW
TX_ICICI_104724,ICICI_ACC_20073,ICICI_ACC_20076,1019.22,2026-01-10 19:38:24,TRANSFER,UPI,ICICI Bank,IN,0,NORMAL_BANKING_FLOW
TX_ICICI_104725,ICICI_ACC_20240,ICICI_ACC_20132,1245.35,2026-01-10 17:50:36,TRANSFER,UPI,ICICI Bank,IN,0,NORMAL_BANKING_FLOW
TX_ICICI_104726,ICICI_ACC_20240,CANARA_ACC_20149,77.22,2026-01-10 16:50:50,TRANSFER,IMPS,ICICI Bank,IN,0,NORMAL_BANKING_FLOW
TX_ICICI_104727,ICICI_ACC_20143,INDUS_ACC_20210,1618.96,2026-01-10 17:39:48,TRANSFER,UPI,ICICI Bank,IN,0,NORMAL_BANKING_FLOW
TX_ICICI_104728,ICICI_ACC_20181,ICICI_ACC_20194,862.96,2026-01-10 19:17:22,TRANSFER,UPI,ICICI Bank,IN,0,NORMAL_BANKING_FLOW
TX_ICICI_104729,ICICI_ACC_20132,SBI_ACC_20045,5616.16,2026-01-10 19:42:24,TRANSFER,UPI,ICICI Bank,IN,0,NORMAL_BANKING_FLOW
TX_ICICI_104730,ICICI_ACC_20190,ICICI_ACC_20187,1362.95,2026-01-10 14:51:36,TRANSFER,UPI,ICICI Bank,IN,0,NORMAL_BANKING_FLOW
TX_ICICI_104731,ICICI_ACC_20229,ICICI_ACC_20161,459.41,2026-01-10 19:56:10,TRANSFER,IMPS,ICICI Bank,IN,0,NORMAL_BANKING_FLOW
TX_ICICI_104732,ICICI_ACC_20076,ICICI_ACC_20048,1280.63,2026-01-10 13:51:29,SETTLEMENT,POS,ICICI Bank,IN,0,NORMAL_BANKING_FLOW
TX_ICICI_104733,ICICI_ACC_20220,ICICI_ACC_20020,522.43,2026-01-10 21:11:00,TRANSFER,IMPS,ICICI Bank,IN,0,NORMAL_BANKING_FLOW
TX_ICICI_104734,ICICI_ACC_20084,BOB_ACC_20076,2050.97,2026-01-10 18:57:32,TRANSFER,UPI,ICICI Bank,IN,0,NORMAL_BANKING_FLOW
TX_ICICI_104735,ICICI_ACC_20207,ICICI_ACC_20068,1740.37,2026-01-10 16:19:14,SETTLEMENT,POS,ICICI Bank,IN,0,NORMAL_BANKING_FLOW
TX_ICICI_104736,ICICI_ACC_20194,BOB_ACC_20100,3171.8,2026-01-10 15:43:00,TRANSFER,UPI,ICICI Bank,IN,0,NORMAL_BANKING_FLOW
TX_ICICI_104737,ICICI_ACC_20046,SBI_ACC_20053,657.34,2026-01-10 19:48:48,TRANSFER,UPI,ICICI Bank,IN,0,NORMAL_BANKING_FLOW
TX_ICICI_104738,ICICI_ACC_20192,ICICI_ACC_20137,1381.06,2026-01-10 19:49:36,TRANSFER,IMPS,ICICI Bank,IN,0,NORMAL_BANKING_FLOW
TX_ICICI_104739,ICICI_ACC_20147,ICICI_ACC_20125,392.09,2026-01-10 14:30:36,TRANSFER,IMPS,ICICI Bank,IN,0,NORMAL_BANKING_FLOW
TX_ICICI_104740,ICICI_ACC_20241,SBI_ACC_20227,2518.31,2026-01-10 20:03:31,TRANSFER,UPI,ICICI Bank,IN,0,NORMAL_BANKING_FLOW
TX_ICICI_104741,ICICI_ACC_20158,ICICI_ACC_20222,2136.63,2026-01-10 13:17:20,TRANSFER,IMPS,ICICI Bank,IN,0,NORMAL_BANKING_FLOW
TX_ICICI_104742,ICICI_ACC_20042,CANARA_ACC_20119,2092.73,2026-01-10 20:29:51,TRANSFER,IMPS,ICICI Bank,IN,0,NORMAL_BANKING_FLOW
TX_ICICI_104743,ICICI_ACC_20080,ICICI_ACC_20221,1341.38,2026-01-10 20:30:42,TRANSFER,UPI,ICICI Bank,IN,0,NORMAL_BANKING_FLOW
TX_ICICI_104744,ICICI_ACC_20149,ICICI_ACC_20211,1945.54,2026-01-10 18:40:06,SETTLEMENT,POS,ICICI Bank,IN,0,NORMAL_BANKING_FLOW
TX_ICICI_104745,ICICI_ACC_20212,ICICI_ACC_20190,5675.45,2026-01-10 17:51:12,TRANSFER,UPI,ICICI Bank,IN,0,NORMAL_BANKING_FLOW
TX_ICICI_104746,ICICI_ACC_20005,CANARA_ACC_20246,1036.3,2026-01-10 19:43:35,TRANSFER,IMPS,ICICI Bank,IN,0,NORMAL_BANKING_FLOW
TX_ICICI_104747,ICICI_ACC_20171,ICICI_ACC_20032,1517.44,2026-01-10 13:06:30,TRANSFER,IMPS,ICICI Bank,IN,0,NORMAL_BANKING_FLOW
TX_ICICI_104748,ICICI_ACC_20191,HDFC_ACC_20147,503.95,2026-01-10 22:02:06,TRANSFER,UPI,ICICI Bank,IN,0,NORMAL_BANKING_FLOW
TX_ICICI_104749,ICICI_ACC_20020,ICICI_ACC_20246,613.12,2026-01-10 16:14:00,TRANSFER,IMPS,ICICI Bank,IN,0,NORMAL_BANKING_FLOW
TX_ICICI_104750,ICICI_ACC_20146,PNB_ACC_20034,1462.69,2026-01-10 20:11:41,TRANSFER,UPI,ICICI Bank,IN,0,NORMAL_BANKING_FLOW
TX_ICICI_104751,ICICI_ACC_20089,ICICI_ACC_20186,3617.51,2026-01-10 21:40:00,SETTLEMENT,POS,ICICI Bank,IN,0,NORMAL_BANKING_FLOW
TX_ICICI_104752,ICICI_ACC_20015,ICICI_ACC_20084,1063.53,2026-01-10 18:45:42,TRANSFER,UPI,ICICI Bank,IN,0,NORMAL_BANKING_FLOW
TX_ICICI_104753,ICICI_ACC_20219,ICICI_ACC_20031,1083.2,2026-01-10 20:14:08,TRANSFER,IMPS,ICICI Bank,IN,0,NORMAL_BANKING_FLOW
TX_ICICI_104754,ICICI_ACC_20015,PNB_ACC_20054,928.72,2026-01-10 13:33:21,TRANSFER,UPI,ICICI Bank,IN,0,NORMAL_BANKING_FLOW
TX_ICICI_104755,ICICI_ACC_20102,ICICI_ACC_20087,827.76,2026-01-10 22:34:00,TRANSFER,UPI,ICICI Bank,IN,0,NORMAL_BANKING_FLOW
TX_ICICI_104756,ICICI_ACC_20135,ICICI_ACC_20097,1746.68,2026-01-10 22:22:25,TRANSFER,IMPS,ICICI Bank,IN,0,NORMAL_BANKING_FLOW
TX_ICICI_104757,ICICI_ACC_20112,ICICI_ACC_20177,348.09,2026-01-10 18:24:00,TRANSFER,UPI,ICICI Bank,IN,0,NORMAL_BANKING_FLOW
TX_ICICI_104758,ICICI_ACC_20153,ICICI_ACC_20062,4242.24,2026-01-10 17:46:49,TRANSFER,IMPS,ICICI Bank,IN,0,NORMAL_BANKING_FLOW
TX_ICICI_104759,ICICI_ACC_20204,ICICI_ACC_20180,735.92,2026-01-10 15:53:44,TRANSFER,UPI,ICICI Bank,IN,0,NORMAL_BANKING_FLOW
TX_ICICI_104760,ICICI_ACC_20139,ICICI_ACC_20224,2565.0,2026-01-10 13:09:45,TRANSFER,IMPS,ICICI Bank,IN,0,NORMAL_BANKING_FLOW
TX_ICICI_104761,ICICI_ACC_20162,CANARA_ACC_20170,427.09,2026-01-10 18:52:00,TRANSFER,UPI,ICICI Bank,IN,0,NORMAL_BANKING_FLOW
TX_ICICI_104762,ICICI_ACC_20085,YES_ACC_20061,2445.38,2026-01-10 16:20:30,TRANSFER,UPI,ICICI Bank,IN,0,NORMAL_BANKING_FLOW
TX_ICICI_104763,ICICI_ACC_20047,ICICI_ACC_20203,2452.22,2026-01-10 21:00:24,TRANSFER,UPI,ICICI Bank,IN,0,NORMAL_BANKING_FLOW
TX_ICICI_104764,ICICI_ACC_20074,ICICI_ACC_20245,1892.74,2026-01-10 14:39:46,TRANSFER,UPI,ICICI Bank,IN,0,NORMAL_BANKING_FLOW
TX_ICICI_104765,ICICI_ACC_20168,ICICI_ACC_20130,547.31,2026-01-10 22:18:32,TRANSFER,IMPS,ICICI Bank,IN,0,NORMAL_BANKING_FLOW
TX_ICICI_104766,ICICI_ACC_20046,ICICI_ACC_20219,1676.72,2026-01-10 16:22:30,TRANSFER,UPI,ICICI Bank,IN,0,NORMAL_BANKING_FLOW
TX_ICICI_104767,ICICI_ACC_20107,YES_ACC_20104,461.85,2026-01-10 15:19:10,TRANSFER,IMPS,ICICI Bank,IN,0,NORMAL_BANKING_FLOW
TX_ICICI_104768,ICICI_ACC_20063,ICICI_ACC_20134,1066.9,2026-01-10 13:11:45,TRANSFER,UPI,ICICI Bank,IN,0,NORMAL_BANKING_FLOW
TX_ICICI_104769,ICICI_ACC_20065,ICICI_ACC_20210,3382.84,2026-01-10 14:16:00,TRANSFER,UPI,ICICI Bank,IN,0,NORMAL_BANKING_FLOW
TX_ICICI_104770,ICICI_ACC_20019,ICICI_ACC_20027,2743.62,2026-01-10 22:49:00,TRANSFER,IMPS,ICICI Bank,IN,0,NORMAL_BANKING_FLOW
TX_ICICI_104771,ICICI_ACC_20118,INDUS_ACC_20162,1357.86,2026-01-10 21:33:00,SETTLEMENT,POS,ICICI Bank,IN,0,NORMAL_BANKING_FLOW
TX_ICICI_104772,ICICI_ACC_20223,PNB_ACC_20104,557.06,2026-01-10 15:59:48,TRANSFER,UPI,ICICI Bank,IN,0,NORMAL_BANKING_FLOW
TX_ICICI_104773,ICICI_ACC_20095,SBI_ACC_20048,2394.74,2026-01-10 16:38:52,TRANSFER,UPI,ICICI Bank,IN,0,NORMAL_BANKING_FLOW
TX_ICICI_104774,ICICI_ACC_20000,ICICI_ACC_20055,1363.0,2026-01-10 22:14:21,TRANSFER,IMPS,ICICI Bank,IN,0,NORMAL_BANKING_FLOW
TX_ICICI_104775,ICICI_ACC_20124,ICICI_ACC_20108,165.95,2026-01-10 13:13:30,TRANSFER,UPI,ICICI Bank,IN,0,NORMAL_BANKING_FLOW
TX_ICICI_104776,ICICI_ACC_20130,PNB_ACC_20162,2709.09,2026-01-10 14:57:05,SETTLEMENT,POS,ICICI Bank,IN,0,NORMAL_BANKING_FLOW
TX_ICICI_104777,ICICI_ACC_20116,ICICI_ACC_20194,1310.53,2026-01-10 16:40:56,TRANSFER,IMPS,ICICI Bank,IN,0,NORMAL_BANKING_FLOW
TX_ICICI_104778,ICICI_ACC_20081,SBI_ACC_20147,3952.91,2026-01-10 21:13:24,TRANSFER,UPI,ICICI Bank,IN,0,NORMAL_BANKING_FLOW
TX_ICICI_104779,ICICI_ACC_20011,ICICI_ACC_20103,499.82,2026-01-10 18:51:38,TRANSFER,IMPS,ICICI Bank,IN,0,NORMAL_BANKING_FLOW
TX_ICICI_104780,ICICI_ACC_20220,SBI_ACC_20145,76.78,2026-01-10 16:42:29,TRANSFER,IMPS,ICICI Bank,IN,0,NORMAL_BANKING_FLOW
TX_ICICI_104781,ICICI_ACC_20137,PNB_ACC_20240,1721.89,2026-01-10 15:38:00,TRANSFER,UPI,ICICI Bank,IN,0,NORMAL_BANKING_FLOW
TX_ICICI_104782,ICICI_ACC_20195,ICICI_ACC_20081,1741.33,2026-01-10 21:42:54,TRANSFER,IMPS,ICICI Bank,IN,0,NORMAL_BANKING_FLOW
TX_ICICI_104783,ICICI_ACC_20180,ICICI_ACC_20213,292.48,2026-01-10 18:02:14,TRANSFER,UPI,ICICI Bank,IN,0,NORMAL_BANKING_FLOW
TX_ICICI_104784,ICICI_ACC_20228,ICICI_ACC_20216,555.21,2026-01-10 17:49:48,TRANSFER,IMPS,ICICI Bank,IN,0,NORMAL_BANKING_FLOW
TX_ICICI_104785,ICICI_ACC_20068,SBI_ACC_20164,15989.63,2026-01-10 20:01:04,TRANSFER,UPI,ICICI Bank,IN,0,NORMAL_BANKING_FLOW
TX_ICICI_104786,ICICI_ACC_20245,ICICI_ACC_20030,1017.34,2026-01-10 19:09:30,SETTLEMENT,POS,ICICI Bank,IN,0,NORMAL_BANKING_FLOW
TX_ICICI_104787,ICICI_ACC_20214,PNB_ACC_20198,2585.99,2026-01-10 14:35:06,TRANSFER,IMPS,ICICI Bank,IN,0,NORMAL_BANKING_FLOW
TX_ICICI_104788,ICICI_ACC_20242,ICICI_ACC_20128,745.76,2026-01-10 13:42:59,TRANSFER,UPI,ICICI Bank,IN,0,NORMAL_BANKING_FLOW
TX_ICICI_104789,ICICI_ACC_20129,ICICI_ACC_20141,204.12,2026-01-10 20:30:24,SETTLEMENT,POS,ICICI Bank,IN,0,NORMAL_BANKING_FLOW
TX_ICICI_104790,ICICI_ACC_20191,ICICI_ACC_20131,1149.14,2026-01-10 19:51:45,TRANSFER,UPI,ICICI Bank,IN,0,NORMAL_BANKING_FLOW
TX_ICICI_104791,ICICI_ACC_20054,ICICI_ACC_20195,1054.64,2026-01-10 16:21:50,TRANSFER,IMPS,ICICI Bank,IN,0,NORMAL_BANKING_FLOW
TX_ICICI_104792,ICICI_ACC_20212,ICICI_ACC_20059,934.59,2026-01-10 19:53:15,TRANSFER,UPI,ICICI Bank,IN,0,NORMAL_BANKING_FLOW
TX_ICICI_104793,ICICI_ACC_20003,ICICI_ACC_20029,1208.12,2026-01-10 23:12:00,TRANSFER,UPI,ICICI Bank,IN,0,NORMAL_BANKING_FLOW
TX_ICICI_104794,ICICI_ACC_20211,ICICI_ACC_20107,1699.08,2026-01-10 18:09:01,TRANSFER,UPI,ICICI Bank,IN,0,NORMAL_BANKING_FLOW
TX_ICICI_104795,ICICI_ACC_20032,ICICI_ACC_20090,1170.16,2026-01-10 13:31:44,TRANSFER,UPI,ICICI Bank,IN,0,NORMAL_BANKING_FLOW
TX_ICICI_104796,ICICI_ACC_20248,ICICI_ACC_20067,429.4,2026-01-10 16:50:45,TRANSFER,IMPS,ICICI Bank,IN,0,NORMAL_BANKING_FLOW
TX_ICICI_104797,ICICI_ACC_20043,KOTAK_ACC_20228,2074.69,2026-01-10 14:12:04,TRANSFER,IMPS,ICICI Bank,IN,0,NORMAL_BANKING_FLOW
TX_ICICI_104798,ICICI_ACC_20185,ICICI_ACC_20115,231.73,2026-01-10 14:25:40,TRANSFER,IMPS,ICICI Bank,IN,0,NORMAL_BANKING_FLOW
TX_ICICI_104799,ICICI_ACC_20068,HDFC_ACC_20005,211.6,2026-01-10 19:45:12,TRANSFER,UPI,ICICI Bank,IN,0,NORMAL_BANKING_FLOW
TX_ICICI_104800,ICICI_ACC_20126,ICICI_ACC_20215,2605.19,2026-01-10 13:59:42,TRANSFER,IMPS,ICICI Bank,IN,0,NORMAL_BANKING_FLOW
TX_ICICI_104801,ICICI_ACC_20144,ICICI_ACC_20069,2113.96,2026-01-10 23:20:00,TRANSFER,UPI,ICICI Bank,IN,0,NORMAL_BANKING_FLOW
TX_ICICI_104802,ICICI_ACC_20061,HDFC_ACC_20015,1272.0,2026-01-10 18:27:18,SETTLEMENT,POS,ICICI Bank,IN,0,NORMAL_BANKING_FLOW
TX_ICICI_104803,ICICI_ACC_20157,ICICI_ACC_20245,381.49,2026-01-10 22:01:48,TRANSFER,UPI,ICICI Bank,IN,0,NORMAL_BANKING_FLOW
TX_ICICI_104804,ICICI_ACC_20036,BOB_ACC_20243,708.31,2026-01-10 22:16:05,SETTLEMENT,POS,ICICI Bank,IN,0,NORMAL_BANKING_FLOW
TX_ICICI_104805,ICICI_ACC_20186,CANARA_ACC_20038,1057.36,2026-01-10 19:49:36,TRANSFER,UPI,ICICI Bank,IN,0,NORMAL_BANKING_FLOW
TX_ICICI_104806,ICICI_ACC_20221,YES_ACC_20052,318.52,2026-01-10 18:43:15,SETTLEMENT,POS,ICICI Bank,IN,0,NORMAL_BANKING_FLOW
TX_ICICI_104807,ICICI_ACC_20020,PNB_ACC_20203,688.75,2026-01-10 15:49:16,TRANSFER,UPI,ICICI Bank,IN,0,NORMAL_BANKING_FLOW
TX_ICICI_104808,ICICI_ACC_20003,ICICI_ACC_20228,2409.31,2026-01-10 15:22:48,TRANSFER,UPI,ICICI Bank,IN,0,NORMAL_BANKING_FLOW
TX_ICICI_104809,ICICI_ACC_20054,ICICI_ACC_20025,4839.54,2026-01-10 23:14:32,TRANSFER,IMPS,ICICI Bank,IN,0,NORMAL_BANKING_FLOW
TX_ICICI_104810,ICICI_ACC_20159,ICICI_ACC_20049,918.29,2026-01-10 14:43:09,TRANSFER,IMPS,ICICI Bank,IN,0,NORMAL_BANKING_FLOW
TX_ICICI_104811,ICICI_ACC_20110,ICICI_ACC_20097,2646.09,2026-01-10 17:39:00,TRANSFER,UPI,ICICI Bank,IN,0,NORMAL_BANKING_FLOW
TX_ICICI_104812,ICICI_ACC_20003,ICICI_ACC_20103,239.21,2026-01-10 16:18:28,TRANSFER,UPI,ICICI Bank,IN,0,NORMAL_BANKING_FLOW
TX_ICICI_104813,ICICI_ACC_20043,ICICI_ACC_20239,2424.8,2026-01-10 19:41:56,TRANSFER,IMPS,ICICI Bank,IN,0,NORMAL_BANKING_FLOW
TX_ICICI_104814,ICICI_ACC_20008,ICICI_ACC_20200,649.66,2026-01-10 15:25:12,TRANSFER,IMPS,ICICI Bank,IN,0,NORMAL_BANKING_FLOW
TX_ICICI_104815,ICICI_ACC_20205,ICICI_ACC_20034,1766.24,2026-01-10 16:47:00,TRANSFER,UPI,ICICI Bank,IN,0,NORMAL_BANKING_FLOW
TX_ICICI_104816,ICICI_ACC_20050,ICICI_ACC_20140,1071.72,2026-01-10 14:18:05,TRANSFER,IMPS,ICICI Bank,IN,0,NORMAL_BANKING_FLOW
TX_ICICI_104817,ICICI_ACC_20086,ICICI_ACC_20155,4395.66,2026-01-10 21:47:12,TRANSFER,UPI,ICICI Bank,IN,0,NORMAL_BANKING_FLOW
TX_ICICI_104818,ICICI_ACC_20024,ICICI_ACC_20035,609.72,2026-01-10 17:56:35,TRANSFER,UPI,ICICI Bank,IN,0,NORMAL_BANKING_FLOW
TX_ICICI_104819,ICICI_ACC_20144,SBI_ACC_20204,2356.29,2026-01-10 18:10:48,SETTLEMENT,POS,ICICI Bank,IN,0,NORMAL_BANKING_FLOW
TX_ICICI_104820,ICICI_ACC_20118,ICICI_ACC_20193,1041.53,2026-01-10 20:00:36,TRANSFER,UPI,ICICI Bank,IN,0,NORMAL_BANKING_FLOW
TX_ICICI_104821,ICICI_ACC_20043,ICICI_ACC_20027,1161.57,2026-01-10 13:52:20,TRANSFER,IMPS,ICICI Bank,IN,0,NORMAL_BANKING_FLOW
TX_ICICI_104822,ICICI_ACC_20097,ICICI_ACC_20191,1135.16,2026-01-10 16:23:08,TRANSFER,IMPS,ICICI Bank,IN,0,NORMAL_BANKING_FLOW
TX_ICICI_104823,ICICI_ACC_20019,ICICI_ACC_20127,625.71,2026-01-10 20:43:54,TRANSFER,UPI,ICICI Bank,IN,0,NORMAL_BANKING_FLOW
TX_ICICI_104824,ICICI_ACC_20006,PNB_ACC_20080,1322.54,2026-01-10 15:29:12,TRANSFER,UPI,ICICI Bank,IN,0,NORMAL_BANKING_FLOW
TX_ICICI_104825,ICICI_ACC_20190,ICICI_ACC_20028,1266.0,2026-01-10 23:44:00,TRANSFER,IMPS,ICICI Bank,IN,0,NORMAL_BANKING_FLOW
TX_ICICI_104826,ICICI_ACC_20042,ICICI_ACC_20247,1664.23,2026-01-10 20:32:30,TRANSFER,UPI,ICICI Bank,IN,0,NORMAL_BANKING_FLOW
TX_ICICI_104827,ICICI_ACC_20001,ICICI_ACC_20079,1445.27,2026-01-10 14:21:34,TRANSFER,UPI,ICICI Bank,IN,0,NORMAL_BANKING_FLOW
TX_ICICI_104828,ICICI_ACC_20037,PNB_ACC_20075,2746.81,2026-01-10 16:53:30,TRANSFER,UPI,ICICI Bank,IN,0,NORMAL_BANKING_FLOW
TX_ICICI_104829,ICICI_ACC_20036,ICICI_ACC_20102,3075.3,2026-01-10 15:17:24,TRANSFER,UPI,ICICI Bank,IN,0,NORMAL_BANKING_FLOW
TX_ICICI_104830,ICICI_ACC_20046,ICICI_ACC_20151,520.32,2026-01-10 13:27:15,TRANSFER,UPI,ICICI Bank,IN,0,NORMAL_BANKING_FLOW
TX_ICICI_104831,ICICI_ACC_20036,SBI_ACC_20149,2927.47,2026-01-10 17:22:40,TRANSFER,IMPS,ICICI Bank,IN,0,NORMAL_BANKING_FLOW
TX_ICICI_104832,ICICI_ACC_20210,ICICI_ACC_20216,460.49,2026-01-10 17:23:12,TRANSFER,UPI,ICICI Bank,IN,0,NORMAL_BANKING_FLOW
TX_ICICI_104833,ICICI_ACC_20096,ICICI_ACC_20053,2273.49,2026-01-10 20:24:00,SETTLEMENT,POS,ICICI Bank,IN,0,NORMAL_BANKING_FLOW
TX_ICICI_104834,ICICI_ACC_20164,ICICI_ACC_20080,2339.67,2026-01-10 23:25:14,TRANSFER,UPI,ICICI Bank,IN,0,NORMAL_BANKING_FLOW
TX_ICICI_104835,ICICI_ACC_20033,ICICI_ACC_20020,239.8,2026-01-10 14:51:54,TRANSFER,UPI,ICICI Bank,IN,0,NORMAL_BANKING_FLOW
TX_ICICI_104836,ICICI_ACC_20209,ICICI_ACC_20142,1456.34,2026-01-10 22:59:20,TRANSFER,UPI,ICICI Bank,IN,0,NORMAL_BANKING_FLOW
TX_ICICI_104837,ICICI_ACC_20173,ICICI_ACC_20243,878.62,2026-01-10 13:42:56,SETTLEMENT,POS,ICICI Bank,IN,0,NORMAL_BANKING_FLOW
TX_ICICI_104838,ICICI_ACC_20091,ICICI_ACC_20089,676.62,2026-01-10 18:36:09,SETTLEMENT,POS,ICICI Bank,IN,0,NORMAL_BANKING_FLOW
TX_ICICI_104839,ICICI_ACC_20033,ICICI_ACC_20148,4517.74,2026-01-10 15:07:16,TRANSFER,UPI,ICICI Bank,IN,0,NORMAL_BANKING_FLOW
TX_ICICI_104840,ICICI_ACC_20244,HDFC_ACC_20043,743.74,2026-01-10 23:17:03,TRANSFER,UPI,ICICI Bank,IN,0,NORMAL_BANKING_FLOW
TX_ICICI_104841,ICICI_ACC_20103,PNB_ACC_20187,648.24,2026-01-10 19:48:00,TRANSFER,IMPS,ICICI Bank,IN,0,NORMAL_BANKING_FLOW
TX_ICICI_104842,ICICI_ACC_20226,ICICI_ACC_20122,1433.86,2026-01-10 22:22:53,SETTLEMENT,POS,ICICI Bank,IN,0,NORMAL_BANKING_FLOW
TX_ICICI_104843,ICICI_ACC_20224,BOB_ACC_20172,2482.52,2026-01-10 21:41:40,TRANSFER,UPI,ICICI Bank,IN,0,NORMAL_BANKING_FLOW
TX_ICICI_104844,ICICI_ACC_20118,ICICI_ACC_20015,1179.11,2026-01-10 19:36:03,TRANSFER,UPI,ICICI Bank,IN,0,NORMAL_BANKING_FLOW
TX_ICICI_104845,ICICI_ACC_20068,ICICI_ACC_20066,3826.61,2026-01-10 13:31:00,TRANSFER,IMPS,ICICI Bank,IN,0,NORMAL_BANKING_FLOW
TX_ICICI_104846,ICICI_ACC_20059,ICICI_ACC_20169,2160.03,2026-01-10 13:45:20,TRANSFER,IMPS,ICICI Bank,IN,0,NORMAL_BANKING_FLOW
TX_ICICI_104847,ICICI_ACC_20144,ICICI_ACC_20008,188.6,2026-01-10 21:45:00,SETTLEMENT,POS,ICICI Bank,IN,0,NORMAL_BANKING_FLOW
TX_ICICI_104848,ICICI_ACC_20216,ICICI_ACC_20021,831.71,2026-01-10 20:49:22,TRANSFER,UPI,ICICI Bank,IN,0,NORMAL_BANKING_FLOW
TX_ICICI_104849,ICICI_ACC_20012,ICICI_ACC_20189,807.82,2026-01-10 19:53:36,TRANSFER,UPI,ICICI Bank,IN,0,NORMAL_BANKING_FLOW
TX_ICICI_104850,ICICI_ACC_20196,KOTAK_ACC_20100,2061.99,2026-01-10 21:19:12,SETTLEMENT,POS,ICICI Bank,IN,0,NORMAL_BANKING_FLOW
TX_ICICI_104851,ICICI_ACC_20160,ICICI_ACC_20050,126.17,2026-01-10 22:30:50,SETTLEMENT,POS,ICICI Bank,IN,0,NORMAL_BANKING_FLOW
TX_ICICI_104852,ICICI_ACC_20071,ICICI_ACC_20131,13281.25,2026-01-10 18:16:25,SETTLEMENT,POS,ICICI Bank,IN,0,NORMAL_BANKING_FLOW
TX_ICICI_104853,ICICI_ACC_20241,BOB_ACC_20040,2160.13,2026-01-10 19:56:24,TRANSFER,UPI,ICICI Bank,IN,0,NORMAL_BANKING_FLOW
TX_ICICI_104854,ICICI_ACC_20247,ICICI_ACC_20081,1531.48,2026-01-10 15:12:46,TRANSFER,UPI,ICICI Bank,IN,0,NORMAL_BANKING_FLOW
TX_ICICI_104855,ICICI_ACC_20037,SBI_ACC_20043,3879.3,2026-01-10 17:35:28,TRANSFER,UPI,ICICI Bank,IN,0,NORMAL_BANKING_FLOW
TX_ICICI_104856,ICICI_ACC_20051,CANARA_ACC_20175,11040.09,2026-01-10 14:30:45,SETTLEMENT,POS,ICICI Bank,IN,0,NORMAL_BANKING_FLOW
TX_ICICI_104857,ICICI_ACC_20091,SBI_ACC_20224,2932.68,2026-01-10 15:42:24,SETTLEMENT,POS,ICICI Bank,IN,0,NORMAL_BANKING_FLOW
TX_ICICI_104858,ICICI_ACC_20000,ICICI_ACC_20005,3146.14,2026-01-10 16:39:56,TRANSFER,IMPS,ICICI Bank,IN,0,NORMAL_BANKING_FLOW
TX_ICICI_104859,ICICI_ACC_20063,YES_ACC_20116,1506.62,2026-01-10 21:55:00,TRANSFER,IMPS,ICICI Bank,IN,0,NORMAL_BANKING_FLOW
TX_ICICI_104860,ICICI_ACC_20156,ICICI_ACC_20132,1179.24,2026-01-10 17:09:30,TRANSFER,IMPS,ICICI Bank,IN,0,NORMAL_BANKING_FLOW
TX_ICICI_104861,ICICI_ACC_20199,ICICI_ACC_20023,872.87,2026-01-10 21:28:00,TRANSFER,IMPS,ICICI Bank,IN,0,NORMAL_BANKING_FLOW
TX_ICICI_104862,ICICI_ACC_20103,SBI_ACC_20148,636.83,2026-01-10 15:15:42,TRANSFER,UPI,ICICI Bank,IN,0,NORMAL_BANKING_FLOW
TX_ICICI_104863,ICICI_ACC_20192,AXIS_ACC_20210,721.76,2026-01-10 14:47:20,TRANSFER,UPI,ICICI Bank,IN,0,NORMAL_BANKING_FLOW
TX_ICICI_104864,ICICI_ACC_20126,ICICI_ACC_20116,397.22,2026-01-10 17:11:30,TRANSFER,UPI,ICICI Bank,IN,0,NORMAL_BANKING_FLOW
TX_ICICI_104865,ICICI_ACC_20241,CANARA_ACC_20189,1251.02,2026-01-10 22:28:48,TRANSFER,IMPS,ICICI Bank,IN,0,NORMAL_BANKING_FLOW
TX_ICICI_104866,ICICI_ACC_20099,ICICI_ACC_20204,294.06,2026-01-11 00:25:00,TRANSFER,IMPS,ICICI Bank,IN,0,NORMAL_BANKING_FLOW
TX_ICICI_104867,ICICI_ACC_20215,BOB_ACC_20108,1590.53,2026-01-10 18:39:36,TRANSFER,UPI,ICICI Bank,IN,0,NORMAL_BANKING_FLOW
TX_ICICI_104868,ICICI_ACC_20099,ICICI_ACC_20012,1296.34,2026-01-10 20:50:15,SETTLEMENT,POS,ICICI Bank,IN,0,NORMAL_BANKING_FLOW
TX_ICICI_104869,ICICI_ACC_20208,BOB_ACC_20070,1528.81,2026-01-10 13:51:28,SETTLEMENT,POS,ICICI Bank,IN,0,NORMAL_BANKING_FLOW
TX_ICICI_104870,ICICI_ACC_20111,ICICI_ACC_20024,837.22,2026-01-11 00:00:02,TRANSFER,UPI,ICICI Bank,IN,0,NORMAL_BANKING_FLOW
TX_ICICI_104871,ICICI_ACC_20021,BOB_ACC_20225,21357.84,2026-01-10 17:15:00,SETTLEMENT,POS,ICICI Bank,IN,0,NORMAL_BANKING_FLOW
TX_ICICI_104872,ICICI_ACC_20169,ICICI_ACC_20165,4555.56,2026-01-10 14:50:20,TRANSFER,UPI,ICICI Bank,IN,0,NORMAL_BANKING_FLOW
TX_ICICI_104873,ICICI_ACC_20084,ICICI_ACC_20195,436.99,2026-01-10 19:12:16,TRANSFER,IMPS,ICICI Bank,IN,0,NORMAL_BANKING_FLOW
TX_ICICI_104874,ICICI_ACC_20079,ICICI_ACC_20004,1651.73,2026-01-10 22:22:03,SETTLEMENT,POS,ICICI Bank,IN,0,NORMAL_BANKING_FLOW
TX_ICICI_104875,ICICI_ACC_20206,SBI_ACC_20017,774.95,2026-01-10 16:33:18,TRANSFER,IMPS,ICICI Bank,IN,0,NORMAL_BANKING_FLOW
TX_ICICI_104876,ICICI_ACC_20195,ICICI_ACC_20105,537.52,2026-01-10 19:14:10,TRANSFER,UPI,ICICI Bank,IN,0,NORMAL_BANKING_FLOW
TX_ICICI_104877,ICICI_ACC_20082,ICICI_ACC_20148,400.99,2026-01-10 19:58:36,TRANSFER,UPI,ICICI Bank,IN,0,NORMAL_BANKING_FLOW
TX_ICICI_104878,ICICI_ACC_20072,ICICI_ACC_20181,1976.33,2026-01-10 22:54:41,TRANSFER,IMPS,ICICI Bank,IN,0,NORMAL_BANKING_FLOW
TX_ICICI_104879,ICICI_ACC_20110,ICICI_ACC_20184,725.43,2026-01-10 17:48:16,SETTLEMENT,POS,ICICI Bank,IN,0,NORMAL_BANKING_FLOW
TX_ICICI_104880,ICICI_ACC_20140,ICICI_ACC_20226,3200.44,2026-01-10 14:23:42,TRANSFER,UPI,ICICI Bank,IN,0,NORMAL_BANKING_FLOW
TX_ICICI_104881,ICICI_ACC_20207,ICICI_ACC_20197,3276.08,2026-01-10 23:41:20,TRANSFER,IMPS,ICICI Bank,IN,0,NORMAL_BANKING_FLOW
TX_ICICI_104882,ICICI_ACC_20176,ICICI_ACC_20236,4612.49,2026-01-10 21:59:29,SETTLEMENT,POS,ICICI Bank,IN,0,NORMAL_BANKING_FLOW
TX_ICICI_104883,ICICI_ACC_20131,ICICI_ACC_20237,621.95,2026-01-10 15:38:06,TRANSFER,IMPS,ICICI Bank,IN,0,NORMAL_BANKING_FLOW
TX_ICICI_104884,ICICI_ACC_20038,YES_ACC_20036,2054.58,2026-01-10 18:05:39,SETTLEMENT,POS,ICICI Bank,IN,0,NORMAL_BANKING_FLOW
TX_ICICI_104885,ICICI_ACC_20128,CANARA_ACC_20067,2366.6,2026-01-10 14:10:28,TRANSFER,IMPS,ICICI Bank,IN,0,NORMAL_BANKING_FLOW
TX_ICICI_104886,ICICI_ACC_20034,ICICI_ACC_20203,874.14,2026-01-11 00:30:15,TRANSFER,UPI,ICICI Bank,IN,0,NORMAL_BANKING_FLOW
TX_ICICI_104887,ICICI_ACC_20049,ICICI_ACC_20040,668.75,2026-01-10 19:06:22,TRANSFER,IMPS,ICICI Bank,IN,0,NORMAL_BANKING_FLOW
TX_ICICI_104888,ICICI_ACC_20116,ICICI_ACC_20075,5701.98,2026-01-10 17:08:43,TRANSFER,UPI,ICICI Bank,IN,0,NORMAL_BANKING_FLOW
TX_ICICI_104889,ICICI_ACC_20024,BOB_ACC_20243,1643.77,2026-01-10 14:56:00,TRANSFER,UPI,ICICI Bank,IN,0,NORMAL_BANKING_FLOW
TX_ICICI_104890,ICICI_ACC_20084,ICICI_ACC_20029,2374.09,2026-01-10 15:40:47,TRANSFER,IMPS,ICICI Bank,IN,0,NORMAL_BANKING_FLOW
TX_ICICI_104891,ICICI_ACC_20017,ICICI_ACC_20202,639.15,2026-01-11 00:20:20,TRANSFER,UPI,ICICI Bank,IN,0,NORMAL_BANKING_FLOW
TX_ICICI_104892,ICICI_ACC_20088,ICICI_ACC_20073,447.04,2026-01-10 23:36:45,SETTLEMENT,POS,ICICI Bank,IN,0,NORMAL_BANKING_FLOW
TX_ICICI_104893,ICICI_ACC_20101,ICICI_ACC_20008,802.31,2026-01-11 00:07:24,SETTLEMENT,POS,ICICI Bank,IN,0,NORMAL_BANKING_FLOW
TX_ICICI_104894,ICICI_ACC_20044,ICICI_ACC_20068,1197.97,2026-01-10 14:27:54,TRANSFER,UPI,ICICI Bank,IN,0,NORMAL_BANKING_FLOW
TX_ICICI_104895,ICICI_ACC_20013,ICICI_ACC_20144,513.99,2026-01-10 20:25:48,TRANSFER,UPI,ICICI Bank,IN,0,NORMAL_BANKING_FLOW
TX_ICICI_104896,ICICI_ACC_20117,ICICI_ACC_20022,1327.62,2026-01-10 17:27:30,TRANSFER,IMPS,ICICI Bank,IN,0,NORMAL_BANKING_FLOW
TX_ICICI_104897,ICICI_ACC_20231,ICICI_ACC_20188,293.05,2026-01-10 16:28:16,TRANSFER,UPI,ICICI Bank,IN,0,NORMAL_BANKING_FLOW
TX_ICICI_104898,ICICI_ACC_20089,ICICI_ACC_20007,488.8,2026-01-10 23:42:15,TRANSFER,UPI,ICICI Bank,IN,0,NORMAL_BANKING_FLOW
TX_ICICI_104899,ICICI_ACC_20242,ICICI_ACC_20095,2449.94,2026-01-10 23:58:08,SETTLEMENT,POS,ICICI Bank,IN,0,NORMAL_BANKING_FLOW
TX_ICICI_104900,ICICI_ACC_20109,ICICI_ACC_20083,2306.33,2026-01-10 13:44:45,TRANSFER,UPI,ICICI Bank,IN,0,NORMAL_BANKING_FLOW
TX_ICICI_104901,ICICI_ACC_20197,PNB_ACC_20079,941.35,2026-01-10 17:15:00,SETTLEMENT,POS,ICICI Bank,IN,0,NORMAL_BANKING_FLOW
TX_ICICI_104902,ICICI_ACC_20248,AXIS_ACC_20228,535.93,2026-01-10 19:45:39,TRANSFER,IMPS,ICICI Bank,IN,0,NORMAL_BANKING_FLOW
TX_ICICI_104903,ICICI_ACC_20107,PNB_ACC_20098,531.31,2026-01-10 16:00:48,SETTLEMENT,POS,ICICI Bank,IN,0,NORMAL_BANKING_FLOW
TX_ICICI_104904,ICICI_ACC_20022,ICICI_ACC_20001,957.24,2026-01-10 14:00:48,TRANSFER,UPI,ICICI Bank,IN,0,NORMAL_BANKING_FLOW
TX_ICICI_104905,ICICI_ACC_20190,KOTAK_ACC_20246,2392.43,2026-01-10 19:32:32,TRANSFER,UPI,ICICI Bank,IN,0,NORMAL_BANKING_FLOW
TX_ICICI_104906,ICICI_ACC_20038,ICICI_ACC_20090,3088.44,2026-01-10 18:32:50,TRANSFER,UPI,ICICI Bank,IN,0,NORMAL_BANKING_FLOW
TX_ICICI_104907,ICICI_ACC_20021,ICICI_ACC_20105,856.73,2026-01-10 22:35:00,SETTLEMENT,POS,ICICI Bank,IN,0,NORMAL_BANKING_FLOW
TX_ICICI_104908,ICICI_ACC_20240,ICICI_ACC_20025,474.31,2026-01-10 22:20:43,TRANSFER,UPI,ICICI Bank,IN,0,NORMAL_BANKING_FLOW
TX_ICICI_104909,ICICI_ACC_20117,ICICI_ACC_20046,1704.55,2026-01-11 00:37:44,TRANSFER,UPI,ICICI Bank,IN,0,NORMAL_BANKING_FLOW
TX_ICICI_104910,ICICI_ACC_20000,ICICI_ACC_20217,638.31,2026-01-10 20:06:00,TRANSFER,UPI,ICICI Bank,IN,0,NORMAL_BANKING_FLOW
TX_ICICI_104911,ICICI_ACC_20099,YES_ACC_20243,840.14,2026-01-10 20:21:50,TRANSFER,IMPS,ICICI Bank,IN,0,NORMAL_BANKING_FLOW
TX_ICICI_104912,ICICI_ACC_20070,CANARA_ACC_20226,4414.94,2026-01-10 16:04:24,SETTLEMENT,POS,ICICI Bank,IN,0,NORMAL_BANKING_FLOW
TX_ICICI_104913,ICICI_ACC_20113,ICICI_ACC_20217,2819.75,2026-01-10 20:23:12,SETTLEMENT,POS,ICICI Bank,IN,0,NORMAL_BANKING_FLOW
TX_ICICI_104914,ICICI_ACC_20075,ICICI_ACC_20213,1544.07,2026-01-10 18:06:56,TRANSFER,IMPS,ICICI Bank,IN,0,NORMAL_BANKING_FLOW
TX_ICICI_104915,ICICI_ACC_20148,ICICI_ACC_20053,426.36,2026-01-10 15:04:40,TRANSFER,IMPS,ICICI Bank,IN,0,NORMAL_BANKING_FLOW
TX_ICICI_104916,ICICI_ACC_20105,HDFC_ACC_20206,1620.12,2026-01-10 19:39:30,TRANSFER,UPI,ICICI Bank,IN,0,NORMAL_BANKING_FLOW
TX_ICICI_104917,ICICI_ACC_20144,ICICI_ACC_20077,3485.59,2026-01-10 21:57:32,TRANSFER,UPI,ICICI Bank,IN,0,NORMAL_BANKING_FLOW
TX_ICICI_104918,ICICI_ACC_20080,KOTAK_ACC_20078,955.21,2026-01-10 16:06:48,TRANSFER,UPI,ICICI Bank,IN,0,NORMAL_BANKING_FLOW
TX_ICICI_104919,ICICI_ACC_20107,YES_ACC_20140,4518.8,2026-01-10 14:35:24,TRANSFER,UPI,ICICI Bank,IN,0,NORMAL_BANKING_FLOW
TX_ICICI_104920,ICICI_ACC_20038,ICICI_ACC_20203,4287.55,2026-01-10 16:07:36,SETTLEMENT,POS,ICICI Bank,IN,0,NORMAL_BANKING_FLOW
TX_ICICI_104921,ICICI_ACC_20064,ICICI_ACC_20193,5987.08,2026-01-11 00:03:20,TRANSFER,UPI,ICICI Bank,IN,0,NORMAL_BANKING_FLOW
TX_ICICI_104922,ICICI_ACC_20065,ICICI_ACC_20044,1762.91,2026-01-10 19:27:57,TRANSFER,UPI,ICICI Bank,IN,0,NORMAL_BANKING_FLOW
TX_ICICI_104923,ICICI_ACC_20168,ICICI_ACC_20206,2272.54,2026-01-10 14:05:52,SETTLEMENT,POS,ICICI Bank,IN,0,NORMAL_BANKING_FLOW
TX_ICICI_104924,ICICI_ACC_20022,HDFC_ACC_20171,4782.74,2026-01-10 18:27:39,TRANSFER,IMPS,ICICI Bank,IN,0,NORMAL_BANKING_FLOW
TX_ICICI_104925,ICICI_ACC_20198,ICICI_ACC_20140,2003.51,2026-01-11 01:24:00,TRANSFER,IMPS,ICICI Bank,IN,0,NORMAL_BANKING_FLOW
TX_ICICI_104926,ICICI_ACC_20118,ICICI_ACC_20220,853.11,2026-01-10 15:08:20,TRANSFER,IMPS,ICICI Bank,IN,0,NORMAL_BANKING_FLOW
TX_ICICI_104927,ICICI_ACC_20078,ICICI_ACC_20174,894.54,2026-01-11 00:39:42,TRANSFER,UPI,ICICI Bank,IN,0,NORMAL_BANKING_FLOW
TX_ICICI_104928,ICICI_ACC_20128,BOB_ACC_20206,1660.21,2026-01-10 23:23:24,TRANSFER,IMPS,ICICI Bank,IN,0,NORMAL_BANKING_FLOW
TX_ICICI_104929,ICICI_ACC_20135,ICICI_ACC_20151,419.26,2026-01-10 16:42:08,TRANSFER,IMPS,ICICI Bank,IN,0,NORMAL_BANKING_FLOW
TX_ICICI_104930,ICICI_ACC_20103,ICICI_ACC_20222,1177.4,2026-01-10 20:34:49,TRANSFER,IMPS,ICICI Bank,IN,0,NORMAL_BANKING_FLOW
TX_ICICI_104931,ICICI_ACC_20025,SBI_ACC_20046,3593.54,2026-01-10 14:08:00,TRANSFER,UPI,ICICI Bank,IN,0,NORMAL_BANKING_FLOW
TX_ICICI_104932,ICICI_ACC_20224,ICICI_ACC_20050,186.4,2026-01-10 15:10:20,TRANSFER,UPI,ICICI Bank,IN,0,NORMAL_BANKING_FLOW
TX_ICICI_104933,ICICI_ACC_20021,AXIS_ACC_20063,5329.61,2026-01-11 00:45:24,TRANSFER,IMPS,ICICI Bank,IN,0,NORMAL_BANKING_FLOW
TX_ICICI_104934,ICICI_ACC_20102,ICICI_ACC_20157,3678.05,2026-01-10 14:08:48,TRANSFER,UPI,ICICI Bank,IN,0,NORMAL_BANKING_FLOW
TX_ICICI_104935,ICICI_ACC_20210,CANARA_ACC_20036,885.55,2026-01-10 22:27:12,TRANSFER,UPI,ICICI Bank,IN,0,NORMAL_BANKING_FLOW
TX_ICICI_104936,ICICI_ACC_20164,YES_ACC_20013,2184.3,2026-01-10 15:27:15,TRANSFER,IMPS,ICICI Bank,IN,0,NORMAL_BANKING_FLOW
TX_ICICI_104937,ICICI_ACC_20015,KOTAK_ACC_20026,1343.23,2026-01-10 14:40:48,TRANSFER,UPI,ICICI Bank,IN,0,NORMAL_BANKING_FLOW
TX_ICICI_104938,ICICI_ACC_20211,ICICI_ACC_20154,4052.1,2026-01-10 23:47:41,TRANSFER,UPI,ICICI Bank,IN,0,NORMAL_BANKING_FLOW
TX_ICICI_104939,ICICI_ACC_20206,ICICI_ACC_20241,3243.52,2026-01-10 14:41:24,TRANSFER,UPI,ICICI Bank,IN,0,NORMAL_BANKING_FLOW
TX_ICICI_104940,ICICI_ACC_20235,HDFC_ACC_20061,379.91,2026-01-10 13:54:45,TRANSFER,UPI,ICICI Bank,IN,0,NORMAL_BANKING_FLOW
TX_ICICI_104941,ICICI_ACC_20127,CANARA_ACC_20195,2272.27,2026-01-10 15:29:00,TRANSFER,IMPS,ICICI Bank,IN,0,NORMAL_BANKING_FLOW
TX_ICICI_104942,ICICI_ACC_20011,HDFC_ACC_20226,1113.13,2026-01-11 00:38:16,TRANSFER,IMPS,ICICI Bank,IN,0,NORMAL_BANKING_FLOW
TX_ICICI_104943,ICICI_ACC_20226,INDUS_ACC_20175,1443.1,2026-01-11 00:23:30,TRANSFER,IMPS,ICICI Bank,IN,0,NORMAL_BANKING_FLOW
TX_ICICI_104944,ICICI_ACC_20192,BOB_ACC_20066,695.51,2026-01-11 01:43:00,TRANSFER,IMPS,ICICI Bank,IN,0,NORMAL_BANKING_FLOW
TX_ICICI_104945,ICICI_ACC_20072,CANARA_ACC_20210,6459.6,2026-01-10 15:30:24,TRANSFER,IMPS,ICICI Bank,IN,0,NORMAL_BANKING_FLOW
TX_ICICI_104946,ICICI_ACC_20093,HDFC_ACC_20019,3415.42,2026-01-10 22:36:00,TRANSFER,UPI,ICICI Bank,IN,0,NORMAL_BANKING_FLOW
TX_ICICI_104947,ICICI_ACC_20087,ICICI_ACC_20136,688.29,2026-01-10 17:21:28,SETTLEMENT,POS,ICICI Bank,IN,0,NORMAL_BANKING_FLOW
TX_ICICI_104948,ICICI_ACC_20005,ICICI_ACC_20043,402.97,2026-01-10 16:34:35,TRANSFER,IMPS,ICICI Bank,IN,0,NORMAL_BANKING_FLOW
TX_ICICI_104949,ICICI_ACC_20222,BOB_ACC_20190,946.62,2026-01-10 23:10:00,TRANSFER,IMPS,ICICI Bank,IN,0,NORMAL_BANKING_FLOW
TX_ICICI_104950,ICICI_ACC_20199,ICICI_ACC_20194,1980.4,2026-01-10 13:57:15,TRANSFER,UPI,ICICI Bank,IN,0,NORMAL_BANKING_FLOW
TX_ICICI_104951,ICICI_ACC_20119,ICICI_ACC_20106,1662.68,2026-01-10 14:45:00,TRANSFER,IMPS,ICICI Bank,IN,0,NORMAL_BANKING_FLOW
TX_ICICI_104952,ICICI_ACC_20141,ICICI_ACC_20028,4137.39,2026-01-10 15:32:51,TRANSFER,UPI,ICICI Bank,IN,0,NORMAL_BANKING_FLOW
TX_ICICI_104953,ICICI_ACC_20213,ICICI_ACC_20229,2726.92,2026-01-11 00:16:48,TRANSFER,UPI,ICICI Bank,IN,0,NORMAL_BANKING_FLOW
TX_ICICI_104954,ICICI_ACC_20225,YES_ACC_20064,3205.46,2026-01-10 17:08:51,TRANSFER,IMPS,ICICI Bank,IN,0,NORMAL_BANKING_FLOW
TX_ICICI_104955,ICICI_ACC_20030,ICICI_ACC_20125,1797.53,2026-01-10 21:55:30,TRANSFER,UPI,ICICI Bank,IN,0,NORMAL_BANKING_FLOW
TX_ICICI_104956,ICICI_ACC_20010,ICICI_ACC_20108,383.61,2026-01-10 19:33:00,SETTLEMENT,POS,ICICI Bank,IN,0,NORMAL_BANKING_FLOW
TX_ICICI_104957,ICICI_ACC_20230,AXIS_ACC_20204,1123.13,2026-01-10 23:16:40,SETTLEMENT,POS,ICICI Bank,IN,0,NORMAL_BANKING_FLOW
TX_ICICI_104958,ICICI_ACC_20172,BOB_ACC_20093,3477.54,2026-01-10 18:46:21,TRANSFER,IMPS,ICICI Bank,IN,0,NORMAL_BANKING_FLOW
TX_ICICI_104959,ICICI_ACC_20248,ICICI_ACC_20003,1278.74,2026-01-10 19:50:46,TRANSFER,UPI,ICICI Bank,IN,0,NORMAL_BANKING_FLOW
TX_ICICI_104960,ICICI_ACC_20171,KOTAK_ACC_20204,2106.5,2026-01-10 16:39:35,TRANSFER,IMPS,ICICI Bank,IN,0,NORMAL_BANKING_FLOW
TX_ICICI_104961,ICICI_ACC_20101,AXIS_ACC_20248,1005.39,2026-01-10 16:08:00,TRANSFER,UPI,ICICI Bank,IN,0,NORMAL_BANKING_FLOW
TX_ICICI_104962,ICICI_ACC_20009,YES_ACC_20154,530.15,2026-01-10 15:52:22,TRANSFER,UPI,ICICI Bank,IN,0,NORMAL_BANKING_FLOW
TX_ICICI_104963,ICICI_ACC_20141,ICICI_ACC_20116,1198.7,2026-01-11 01:13:54,TRANSFER,IMPS,ICICI Bank,IN,0,NORMAL_BANKING_FLOW
TX_ICICI_104964,ICICI_ACC_20120,ICICI_ACC_20206,1768.95,2026-01-10 18:17:33,TRANSFER,UPI,ICICI Bank,IN,0,NORMAL_BANKING_FLOW
TX_ICICI_104965,ICICI_ACC_20091,ICICI_ACC_20159,742.39,2026-01-10 21:30:52,TRANSFER,IMPS,ICICI Bank,IN,0,NORMAL_BANKING_FLOW
TX_ICICI_104966,ICICI_ACC_20147,INDUS_ACC_20178,1083.4,2026-01-11 01:48:55,TRANSFER,UPI,ICICI Bank,IN,0,NORMAL_BANKING_FLOW
TX_ICICI_104967,ICICI_ACC_20014,YES_ACC_20229,575.07,2026-01-10 16:26:24,TRANSFER,UPI,ICICI Bank,IN,0,NORMAL_BANKING_FLOW
TX_ICICI_104968,ICICI_ACC_20099,ICICI_ACC_20123,3667.7,2026-01-10 19:07:58,SETTLEMENT,POS,ICICI Bank,IN,0,NORMAL_BANKING_FLOW
TX_ICICI_104969,ICICI_ACC_20093,ICICI_ACC_20241,1027.61,2026-01-10 14:02:00,TRANSFER,UPI,ICICI Bank,IN,0,NORMAL_BANKING_FLOW
TX_ICICI_104970,ICICI_ACC_20066,AXIS_ACC_20072,4951.67,2026-01-11 01:04:24,TRANSFER,IMPS,ICICI Bank,IN,0,NORMAL_BANKING_FLOW
TX_ICICI_104971,ICICI_ACC_20177,ICICI_ACC_20137,5302.18,2026-01-10 17:32:40,TRANSFER,IMPS,ICICI Bank,IN,0,NORMAL_BANKING_FLOW
TX_ICICI_104972,ICICI_ACC_20073,ICICI_ACC_20075,1245.21,2026-01-10 17:49:19,TRANSFER,IMPS,ICICI Bank,IN,0,NORMAL_BANKING_FLOW
TX_ICICI_104973,ICICI_ACC_20006,ICICI_ACC_20234,540.45,2026-01-10 22:41:24,TRANSFER,UPI,ICICI Bank,IN,0,NORMAL_BANKING_FLOW
TX_ICICI_104974,ICICI_ACC_20153,HDFC_ACC_20208,204.93,2026-01-10 15:40:33,TRANSFER,IMPS,ICICI Bank,IN,0,NORMAL_BANKING_FLOW
TX_ICICI_104975,ICICI_ACC_20058,ICICI_ACC_20025,356.08,2026-01-10 14:03:30,TRANSFER,UPI,ICICI Bank,IN,0,NORMAL_BANKING_FLOW
TX_ICICI_104976,ICICI_ACC_20096,ICICI_ACC_20093,388.99,2026-01-10 20:17:30,SETTLEMENT,POS,ICICI Bank,IN,0,NORMAL_BANKING_FLOW
TX_ICICI_104977,ICICI_ACC_20099,ICICI_ACC_20104,4631.44,2026-01-11 02:16:00,TRANSFER,IMPS,ICICI Bank,IN,0,NORMAL_BANKING_FLOW
TX_ICICI_104978,ICICI_ACC_20059,ICICI_ACC_20240,1486.59,2026-01-11 02:17:00,TRANSFER,IMPS,ICICI Bank,IN,0,NORMAL_BANKING_FLOW
TX_ICICI_104979,ICICI_ACC_20059,ICICI_ACC_20023,1901.97,2026-01-11 00:40:12,SETTLEMENT,POS,ICICI Bank,IN,0,NORMAL_BANKING_FLOW
TX_ICICI_104980,ICICI_ACC_20004,PNB_ACC_20233,181.57,2026-01-10 15:26:20,TRANSFER,UPI,ICICI Bank,IN,0,NORMAL_BANKING_FLOW
TX_ICICI_104981,ICICI_ACC_20196,CANARA_ACC_20129,455.7,2026-01-10 22:31:20,TRANSFER,UPI,ICICI Bank,IN,0,NORMAL_BANKING_FLOW
TX_ICICI_104982,ICICI_ACC_20219,INDUS_ACC_20120,2976.11,2026-01-11 00:10:12,TRANSFER,IMPS,ICICI Bank,IN,0,NORMAL_BANKING_FLOW
TX_ICICI_104983,ICICI_ACC_20082,HDFC_ACC_20035,1733.84,2026-01-10 18:11:00,TRANSFER,IMPS,ICICI Bank,IN,0,NORMAL_BANKING_FLOW
TX_ICICI_104984,ICICI_ACC_20231,ICICI_ACC_20126,1173.23,2026-01-10 23:22:47,TRANSFER,IMPS,ICICI Bank,IN,0,NORMAL_BANKING_FLOW
TX_ICICI_104985,ICICI_ACC_20034,ICICI_ACC_20096,2226.88,2026-01-10 19:50:24,SETTLEMENT,POS,ICICI Bank,IN,0,NORMAL_BANKING_FLOW
TX_ICICI_104986,ICICI_ACC_20025,ICICI_ACC_20067,5838.43,2026-01-10 23:57:15,TRANSFER,UPI,ICICI Bank,IN,0,NORMAL_BANKING_FLOW
TX_ICICI_104987,ICICI_ACC_20240,ICICI_ACC_20195,1097.8,2026-01-10 16:34:24,TRANSFER,UPI,ICICI Bank,IN,0,NORMAL_BANKING_FLOW
TX_ICICI_104988,ICICI_ACC_20118,ICICI_ACC_20188,1425.72,2026-01-11 01:37:39,SETTLEMENT,POS,ICICI Bank,IN,0,NORMAL_BANKING_FLOW
TX_ICICI_104989,ICICI_ACC_20075,YES_ACC_20194,1592.94,2026-01-10 20:42:12,TRANSFER,UPI,ICICI Bank,IN,0,NORMAL_BANKING_FLOW
TX_ICICI_104990,ICICI_ACC_20108,CANARA_ACC_20036,11532.2,2026-01-10 20:26:22,TRANSFER,IMPS,ICICI Bank,IN,0,NORMAL_BANKING_FLOW
TX_ICICI_104991,ICICI_ACC_20113,ICICI_ACC_20118,202.47,2026-01-10 14:40:30,TRANSFER,UPI,ICICI Bank,IN,0,NORMAL_BANKING_FLOW
TX_ICICI_104992,ICICI_ACC_20128,ICICI_ACC_20092,2477.24,2026-01-10 17:42:28,TRANSFER,UPI,ICICI Bank,IN,0,NORMAL_BANKING_FLOW
TX_ICICI_104993,ICICI_ACC_20193,ICICI_ACC_20136,1207.95,2026-01-10 20:44:48,SETTLEMENT,POS,ICICI Bank,IN,0,NORMAL_BANKING_FLOW
TX_ICICI_104994,ICICI_ACC_20123,ICICI_ACC_20015,2230.75,2026-01-11 01:26:48,TRANSFER,IMPS,ICICI Bank,IN,0,NORMAL_BANKING_FLOW
TX_ICICI_104995,ICICI_ACC_20081,ICICI_ACC_20058,741.27,2026-01-10 17:43:52,TRANSFER,UPI,ICICI Bank,IN,0,NORMAL_BANKING_FLOW
TX_ICICI_104996,ICICI_ACC_20047,PNB_ACC_20210,1281.69,2026-01-10 23:16:00,TRANSFER,UPI,ICICI Bank,IN,0,NORMAL_BANKING_FLOW
TX_ICICI_104997,ICICI_ACC_20128,CANARA_ACC_20171,2540.89,2026-01-10 15:15:24,SETTLEMENT,POS,ICICI Bank,IN,0,NORMAL_BANKING_FLOW
TX_ICICI_104998,ICICI_ACC_20041,ICICI_ACC_20086,22062.16,2026-01-10 17:12:02,TRANSFER,UPI,ICICI Bank,IN,0,NORMAL_BANKING_FLOW
TX_ICICI_104999,ICICI_ACC_20100,ICICI_ACC_20104,2771.75,2026-01-10 18:35:38,TRANSFER,IMPS,ICICI Bank,IN,0,NORMAL_BANKING_FLOW
TX_ICICI_105000,ICICI_ACC_20047,ICICI_ACC_20214,624.37,2026-01-10 16:39:36,SETTLEMENT,POS,ICICI Bank,IN,0,NORMAL_BANKING_FLOW
TX_ICICI_105001,ICICI_ACC_20114,ICICI_ACC_20064,914.72,2026-01-10 19:26:40,SETTLEMENT,POS,ICICI Bank,IN,0,NORMAL_BANKING_FLOW
TX_ICICI_105002,ICICI_ACC_20167,KOTAK_ACC_20036,890.63,2026-01-10 16:23:43,TRANSFER,UPI,ICICI Bank,IN,0,NORMAL_BANKING_FLOW
TX_ICICI_105003,ICICI_ACC_20220,KOTAK_ACC_20241,266.11,2026-01-10 22:31:30,SETTLEMENT,POS,ICICI Bank,IN,0,NORMAL_BANKING_FLOW
TX_ICICI_105004,ICICI_ACC_20140,YES_ACC_20121,995.18,2026-01-10 20:01:48,TRANSFER,UPI,ICICI Bank,IN,0,NORMAL_BANKING_FLOW
TX_ICICI_105005,ICICI_ACC_20091,ICICI_ACC_20055,2590.34,2026-01-10 21:26:04,TRANSFER,IMPS,ICICI Bank,IN,0,NORMAL_BANKING_FLOW
TX_ICICI_105006,ICICI_ACC_20129,SBI_ACC_20104,425.47,2026-01-10 23:24:00,TRANSFER,UPI,ICICI Bank,IN,0,NORMAL_BANKING_FLOW
TX_ICICI_105007,ICICI_ACC_20204,ICICI_ACC_20236,3441.4,2026-01-11 01:55:42,TRANSFER,IMPS,ICICI Bank,IN,0,NORMAL_BANKING_FLOW
TX_ICICI_105008,ICICI_ACC_20151,ICICI_ACC_20045,2077.66,2026-01-10 23:25:36,SETTLEMENT,POS,ICICI Bank,IN,0,NORMAL_BANKING_FLOW
TX_ICICI_105009,ICICI_ACC_20199,ICICI_ACC_20060,691.73,2026-01-10 15:02:24,TRANSFER,IMPS,ICICI Bank,IN,0,NORMAL_BANKING_FLOW
TX_ICICI_105010,ICICI_ACC_20201,ICICI_ACC_20134,1179.24,2026-01-10 18:41:19,TRANSFER,UPI,ICICI Bank,IN,0,NORMAL_BANKING_FLOW
TX_ICICI_105011,ICICI_ACC_20121,ICICI_ACC_20107,5644.8,2026-01-11 00:52:10,TRANSFER,IMPS,ICICI Bank,IN,0,NORMAL_BANKING_FLOW
TX_ICICI_105012,ICICI_ACC_20083,ICICI_ACC_20116,2592.02,2026-01-10 15:37:00,SETTLEMENT,POS,ICICI Bank,IN,0,NORMAL_BANKING_FLOW
TX_ICICI_105013,ICICI_ACC_20198,ICICI_ACC_20049,1350.06,2026-01-10 21:48:24,SETTLEMENT,POS,ICICI Bank,IN,0,NORMAL_BANKING_FLOW
TX_ICICI_105014,ICICI_ACC_20082,ICICI_ACC_20014,1081.48,2026-01-11 02:19:14,TRANSFER,IMPS,ICICI Bank,IN,0,NORMAL_BANKING_FLOW
TX_ICICI_105015,ICICI_ACC_20225,ICICI_ACC_20181,1435.04,2026-01-10 22:40:30,TRANSFER,IMPS,ICICI Bank,IN,0,NORMAL_BANKING_FLOW
TX_ICICI_105016,ICICI_ACC_20040,ICICI_ACC_20019,845.06,2026-01-10 20:09:00,TRANSFER,UPI,ICICI Bank,IN,0,NORMAL_BANKING_FLOW
TX_ICICI_105017,ICICI_ACC_20007,ICICI_ACC_20201,201.49,2026-01-11 00:40:32,TRANSFER,IMPS,ICICI Bank,IN,0,NORMAL_BANKING_FLOW
TX_ICICI_105018,ICICI_ACC_20216,ICICI_ACC_20053,8416.59,2026-01-10 23:33:36,TRANSFER,UPI,ICICI Bank,IN,0,NORMAL_BANKING_FLOW
TX_ICICI_105019,ICICI_ACC_20033,ICICI_ACC_20053,1540.39,2026-01-10 21:18:40,TRANSFER,IMPS,ICICI Bank,IN,0,NORMAL_BANKING_FLOW
TX_ICICI_105020,ICICI_ACC_20045,ICICI_ACC_20165,1916.65,2026-01-10 17:21:34,TRANSFER,UPI,ICICI Bank,IN,0,NORMAL_BANKING_FLOW
TX_ICICI_105021,ICICI_ACC_20027,CANARA_ACC_20212,1271.41,2026-01-10 16:48:00,TRANSFER,UPI,ICICI Bank,IN,0,NORMAL_BANKING_FLOW
TX_ICICI_105022,ICICI_ACC_20125,ICICI_ACC_20030,691.18,2026-01-10 20:46:38,TRANSFER,IMPS,ICICI Bank,IN,0,NORMAL_BANKING_FLOW
TX_ICICI_105023,ICICI_ACC_20042,ICICI_ACC_20076,1133.05,2026-01-10 23:03:32,TRANSFER,UPI,ICICI Bank,IN,0,NORMAL_BANKING_FLOW
TX_ICICI_105024,ICICI_ACC_20139,ICICI_ACC_20073,317.52,2026-01-10 17:06:15,TRANSFER,IMPS,ICICI Bank,IN,0,NORMAL_BANKING_FLOW
TX_ICICI_105025,ICICI_ACC_20103,ICICI_ACC_20059,10398.09,2026-01-10 19:06:08,SETTLEMENT,POS,ICICI Bank,IN,0,NORMAL_BANKING_FLOW
TX_ICICI_105026,ICICI_ACC_20240,ICICI_ACC_20108,440.95,2026-01-10 14:50:25,TRANSFER,UPI,ICICI Bank,IN,0,NORMAL_BANKING_FLOW
TX_ICICI_105027,ICICI_ACC_20149,AXIS_ACC_20047,529.13,2026-01-11 00:49:12,TRANSFER,UPI,ICICI Bank,IN,0,NORMAL_BANKING_FLOW
TX_ICICI_105028,ICICI_ACC_20191,ICICI_ACC_20247,901.24,2026-01-10 14:33:52,SETTLEMENT,POS,ICICI Bank,IN,0,NORMAL_BANKING_FLOW
TX_ICICI_105029,ICICI_ACC_20003,ICICI_ACC_20228,4269.57,2026-01-11 00:33:48,TRANSFER,IMPS,ICICI Bank,IN,0,NORMAL_BANKING_FLOW
TX_ICICI_105030,ICICI_ACC_20101,ICICI_ACC_20213,1357.04,2026-01-10 19:08:48,TRANSFER,UPI,ICICI Bank,IN,0,NORMAL_BANKING_FLOW
TX_ICICI_105031,ICICI_ACC_20139,ICICI_ACC_20018,440.31,2026-01-10 15:26:10,TRANSFER,UPI,ICICI Bank,IN,0,NORMAL_BANKING_FLOW
TX_ICICI_105032,ICICI_ACC_20227,KOTAK_ACC_20206,4141.88,2026-01-10 22:18:53,TRANSFER,UPI,ICICI Bank,IN,0,NORMAL_BANKING_FLOW
TX_ICICI_105033,ICICI_ACC_20049,ICICI_ACC_20200,2586.09,2026-01-10 15:44:00,TRANSFER,UPI,ICICI Bank,IN,0,NORMAL_BANKING_FLOW
TX_ICICI_105034,ICICI_ACC_20175,ICICI_ACC_20008,2174.58,2026-01-10 14:52:41,SETTLEMENT,POS,ICICI Bank,IN,0,NORMAL_BANKING_FLOW
TX_ICICI_105035,ICICI_ACC_20053,ICICI_ACC_20214,2550.8,2026-01-10 19:28:42,TRANSFER,IMPS,ICICI Bank,IN,0,NORMAL_BANKING_FLOW
TX_ICICI_105036,ICICI_ACC_20234,ICICI_ACC_20147,11555.6,2026-01-10 22:39:00,TRANSFER,UPI,ICICI Bank,IN,0,NORMAL_BANKING_FLOW
TX_ICICI_105037,ICICI_ACC_20220,AXIS_ACC_20144,9571.88,2026-01-10 18:20:44,SETTLEMENT,POS,ICICI Bank,IN,0,NORMAL_BANKING_FLOW
TX_ICICI_105038,ICICI_ACC_20110,BOB_ACC_20001,721.95,2026-01-10 19:13:04,TRANSFER,IMPS,ICICI Bank,IN,0,NORMAL_BANKING_FLOW
TX_ICICI_105039,ICICI_ACC_20144,ICICI_ACC_20101,5776.17,2026-01-11 00:07:42,TRANSFER,UPI,ICICI Bank,IN,0,NORMAL_BANKING_FLOW
TX_ICICI_105040,ICICI_ACC_20040,BOB_ACC_20083,1890.98,2026-01-10 20:06:05,TRANSFER,UPI,ICICI Bank,IN,0,NORMAL_BANKING_FLOW
TX_ICICI_105041,ICICI_ACC_20056,KOTAK_ACC_20032,2098.94,2026-01-10 16:04:00,TRANSFER,IMPS,ICICI Bank,IN,0,NORMAL_BANKING_FLOW
TX_ICICI_105042,ICICI_ACC_20194,ICICI_ACC_20138,292.06,2026-01-10 22:43:24,TRANSFER,IMPS,ICICI Bank,IN,0,NORMAL_BANKING_FLOW
TX_ICICI_105043,ICICI_ACC_20146,ICICI_ACC_20099,1149.01,2026-01-10 15:47:20,TRANSFER,UPI,ICICI Bank,IN,0,NORMAL_BANKING_FLOW
TX_ICICI_105044,ICICI_ACC_20012,ICICI_ACC_20198,644.49,2026-01-10 18:24:07,TRANSFER,UPI,ICICI Bank,IN,0,NORMAL_BANKING_FLOW
TX_ICICI_105045,ICICI_ACC_20015,ICICI_ACC_20111,2822.15,2026-01-11 00:47:24,SETTLEMENT,POS,ICICI Bank,IN,0,NORMAL_BANKING_FLOW
TX_ICICI_105046,ICICI_ACC_20101,ICICI_ACC_20211,3512.11,2026-01-11 03:25:00,TRANSFER,UPI,ICICI Bank,IN,0,NORMAL_BANKING_FLOW
TX_ICICI_105047,ICICI_ACC_20042,ICICI_ACC_20078,207.05,2026-01-10 17:15:50,TRANSFER,UPI,ICICI Bank,IN,0,NORMAL_BANKING_FLOW
TX_ICICI_105048,ICICI_ACC_20150,ICICI_ACC_20160,1313.13,2026-01-10 20:45:39,SETTLEMENT,POS,ICICI Bank,IN,0,NORMAL_BANKING_FLOW
TX_ICICI_105049,ICICI_ACC_20005,ICICI_ACC_20000,3676.35,2026-01-11 02:00:40,TRANSFER,IMPS,ICICI Bank,IN,0,NORMAL_BANKING_FLOW
TX_ICICI_105050,ICICI_ACC_20111,ICICI_ACC_20000,1132.28,2026-01-10 23:41:43,SETTLEMENT,POS,ICICI Bank,IN,0,NORMAL_BANKING_FLOW
TX_ICICI_105051,ICICI_ACC_20093,SBI_ACC_20043,2581.58,2026-01-10 21:57:30,TRANSFER,IMPS,ICICI Bank,IN,0,NORMAL_BANKING_FLOW
TX_ICICI_105052,ICICI_ACC_20170,HDFC_ACC_20144,1837.29,2026-01-10 14:57:47,TRANSFER,IMPS,ICICI Bank,IN,0,NORMAL_BANKING_FLOW
TX_ICICI_105053,ICICI_ACC_20042,ICICI_ACC_20019,1821.64,2026-01-10 17:18:20,TRANSFER,IMPS,ICICI Bank,IN,0,NORMAL_BANKING_FLOW
TX_ICICI_105054,ICICI_ACC_20241,ICICI_ACC_20208,1049.23,2026-01-10 21:06:54,TRANSFER,IMPS,ICICI Bank,IN,0,NORMAL_BANKING_FLOW
TX_ICICI_105055,ICICI_ACC_20071,ICICI_ACC_20147,448.13,2026-01-10 18:47:00,TRANSFER,IMPS,ICICI Bank,IN,0,NORMAL_BANKING_FLOW
TX_ICICI_105056,ICICI_ACC_20044,INDUS_ACC_20245,488.15,2026-01-10 14:58:55,TRANSFER,IMPS,ICICI Bank,IN,0,NORMAL_BANKING_FLOW
TX_ICICI_105057,ICICI_ACC_20044,ICICI_ACC_20042,2536.19,2026-01-10 17:55:12,TRANSFER,UPI,ICICI Bank,IN,0,NORMAL_BANKING_FLOW
TX_ICICI_105058,ICICI_ACC_20010,ICICI_ACC_20096,1363.09,2026-01-10 18:48:30,TRANSFER,UPI,ICICI Bank,IN,0,NORMAL_BANKING_FLOW
TX_ICICI_105059,ICICI_ACC_20088,SBI_ACC_20029,1182.44,2026-01-11 02:27:28,SETTLEMENT,POS,ICICI Bank,IN,0,NORMAL_BANKING_FLOW
TX_ICICI_105060,ICICI_ACC_20057,PNB_ACC_20084,914.61,2026-01-11 01:53:06,SETTLEMENT,POS,ICICI Bank,IN,0,NORMAL_BANKING_FLOW
TX_ICICI_105061,ICICI_ACC_20008,ICICI_ACC_20104,1017.73,2026-01-11 03:40:00,TRANSFER,IMPS,ICICI Bank,IN,0,NORMAL_BANKING_FLOW
TX_ICICI_105062,ICICI_ACC_20141,PNB_ACC_20177,3436.54,2026-01-11 01:19:32,TRANSFER,IMPS,ICICI Bank,IN,0,NORMAL_BANKING_FLOW
TX_ICICI_105063,ICICI_ACC_20193,KOTAK_ACC_20224,990.57,2026-01-10 18:15:36,TRANSFER,IMPS,ICICI Bank,IN,0,NORMAL_BANKING_FLOW
TX_ICICI_105064,ICICI_ACC_20063,ICICI_ACC_20041,400.63,2026-01-10 17:22:55,TRANSFER,UPI,ICICI Bank,IN,0,NORMAL_BANKING_FLOW
TX_ICICI_105065,ICICI_ACC_20001,SBI_ACC_20088,2615.7,2026-01-11 01:22:08,TRANSFER,UPI,ICICI Bank,IN,0,NORMAL_BANKING_FLOW
TX_ICICI_105066,ICICI_ACC_20137,KOTAK_ACC_20031,1113.89,2026-01-11 01:05:15,TRANSFER,IMPS,ICICI Bank,IN,0,NORMAL_BANKING_FLOW
TX_ICICI_105067,ICICI_ACC_20201,ICICI_ACC_20069,1377.82,2026-01-10 16:48:38,SETTLEMENT,POS,ICICI Bank,IN,0,NORMAL_BANKING_FLOW
TX_ICICI_105068,ICICI_ACC_20148,ICICI_ACC_20200,5692.02,2026-01-10 15:55:40,TRANSFER,UPI,ICICI Bank,IN,0,NORMAL_BANKING_FLOW
TX_ICICI_105069,ICICI_ACC_20100,ICICI_ACC_20224,1314.87,2026-01-10 20:40:48,TRANSFER,IMPS,ICICI Bank,IN,0,NORMAL_BANKING_FLOW
TX_ICICI_105070,ICICI_ACC_20034,HDFC_ACC_20036,1737.61,2026-01-11 02:02:06,TRANSFER,IMPS,ICICI Bank,IN,0,NORMAL_BANKING_FLOW
TX_ICICI_105071,ICICI_ACC_20102,ICICI_ACC_20124,463.58,2026-01-10 18:55:00,SETTLEMENT,POS,ICICI Bank,IN,0,NORMAL_BANKING_FLOW
TX_ICICI_105072,ICICI_ACC_20095,ICICI_ACC_20016,1099.16,2026-01-10 23:05:24,TRANSFER,UPI,ICICI Bank,IN,0,NORMAL_BANKING_FLOW
TX_ICICI_105073,ICICI_ACC_20152,PNB_ACC_20164,2318.26,2026-01-10 14:28:00,TRANSFER,UPI,ICICI Bank,IN,0,NORMAL_BANKING_FLOW
TX_ICICI_105074,ICICI_ACC_20230,ICICI_ACC_20159,330.35,2026-01-10 15:57:40,TRANSFER,IMPS,ICICI Bank,IN,0,NORMAL_BANKING_FLOW
TX_ICICI_105075,ICICI_ACC_20046,ICICI_ACC_20019,1604.81,2026-01-10 16:15:54,TRANSFER,IMPS,ICICI Bank,IN,0,NORMAL_BANKING_FLOW
TX_ICICI_105076,ICICI_ACC_20123,ICICI_ACC_20185,1466.61,2026-01-11 03:37:05,TRANSFER,UPI,ICICI Bank,IN,0,NORMAL_BANKING_FLOW
TX_ICICI_105077,ICICI_ACC_20108,PNB_ACC_20121,1390.14,2026-01-10 21:57:20,TRANSFER,UPI,ICICI Bank,IN,0,NORMAL_BANKING_FLOW
TX_ICICI_105078,ICICI_ACC_20218,ICICI_ACC_20235,3406.51,2026-01-10 20:28:15,TRANSFER,UPI,ICICI Bank,IN,0,NORMAL_BANKING_FLOW
TX_ICICI_105079,ICICI_ACC_20026,AXIS_ACC_20179,1809.84,2026-01-10 21:58:40,TRANSFER,UPI,ICICI Bank,IN,0,NORMAL_BANKING_FLOW
TX_ICICI_105080,ICICI_ACC_20108,ICICI_ACC_20208,5065.79,2026-01-10 14:47:44,SETTLEMENT,POS,ICICI Bank,IN,0,NORMAL_BANKING_FLOW
TX_ICICI_105081,ICICI_ACC_20146,ICICI_ACC_20169,547.72,2026-01-10 18:42:00,TRANSFER,UPI,ICICI Bank,IN,0,NORMAL_BANKING_FLOW
TX_ICICI_105082,ICICI_ACC_20080,PNB_ACC_20015,1513.73,2026-01-11 00:42:49,SETTLEMENT,POS,ICICI Bank,IN,0,NORMAL_BANKING_FLOW
TX_ICICI_105083,ICICI_ACC_20027,ICICI_ACC_20177,1445.22,2026-01-10 18:06:54,TRANSFER,UPI,ICICI Bank,IN,0,NORMAL_BANKING_FLOW
TX_ICICI_105084,ICICI_ACC_20090,ICICI_ACC_20024,511.67,2026-01-10 18:43:27,SETTLEMENT,POS,ICICI Bank,IN,0,NORMAL_BANKING_FLOW
TX_ICICI_105085,ICICI_ACC_20197,ICICI_ACC_20148,3167.4,2026-01-10 19:38:08,TRANSFER,UPI,ICICI Bank,IN,0,NORMAL_BANKING_FLOW
TX_ICICI_105086,ICICI_ACC_20060,ICICI_ACC_20012,10853.1,2026-01-11 02:34:35,TRANSFER,UPI,ICICI Bank,IN,0,NORMAL_BANKING_FLOW
TX_ICICI_105087,ICICI_ACC_20124,CANARA_ACC_20163,1319.09,2026-01-11 00:28:48,SETTLEMENT,POS,ICICI Bank,IN,0,NORMAL_BANKING_FLOW
TX_ICICI_105088,ICICI_ACC_20154,INDUS_ACC_20177,2110.16,2026-01-10 16:56:41,TRANSFER,UPI,ICICI Bank,IN,0,NORMAL_BANKING_FLOW
TX_ICICI_105089,ICICI_ACC_20039,BOB_ACC_20139,1445.29,2026-01-10 19:22:08,SETTLEMENT,POS,ICICI Bank,IN,0,NORMAL_BANKING_FLOW
TX_ICICI_105090,ICICI_ACC_20065,ICICI_ACC_20173,704.7,2026-01-10 19:04:30,TRANSFER,IMPS,ICICI Bank,IN,0,NORMAL_BANKING_FLOW
TX_ICICI_105091,ICICI_ACC_20138,AXIS_ACC_20188,260.16,2026-01-10 20:35:50,TRANSFER,IMPS,ICICI Bank,IN,0,NORMAL_BANKING_FLOW
TX_ICICI_105092,ICICI_ACC_20138,ICICI_ACC_20010,709.67,2026-01-10 14:32:45,TRANSFER,UPI,ICICI Bank,IN,0,NORMAL_BANKING_FLOW
TX_ICICI_105093,ICICI_ACC_20097,KOTAK_ACC_20246,382.69,2026-01-10 22:44:24,TRANSFER,UPI,ICICI Bank,IN,0,NORMAL_BANKING_FLOW
TX_ICICI_105094,ICICI_ACC_20193,ICICI_ACC_20150,6208.61,2026-01-10 18:30:04,SETTLEMENT,POS,ICICI Bank,IN,0,NORMAL_BANKING_FLOW
TX_ICICI_105095,ICICI_ACC_20024,ICICI_ACC_20159,1207.61,2026-01-11 01:11:40,TRANSFER,UPI,ICICI Bank,IN,0,NORMAL_BANKING_FLOW
TX_ICICI_105096,ICICI_ACC_20119,PNB_ACC_20245,981.1,2026-01-10 15:28:30,TRANSFER,UPI,ICICI Bank,IN,0,NORMAL_BANKING_FLOW
TX_ICICI_105097,ICICI_ACC_20226,ICICI_ACC_20162,2981.67,2026-01-10 22:47:12,TRANSFER,UPI,ICICI Bank,IN,0,NORMAL_BANKING_FLOW
TX_ICICI_105098,ICICI_ACC_20091,BOB_ACC_20049,488.05,2026-01-11 00:19:19,TRANSFER,IMPS,ICICI Bank,IN,0,NORMAL_BANKING_FLOW
TX_ICICI_105099,ICICI_ACC_20198,ICICI_ACC_20111,671.71,2026-01-11 00:56:42,TRANSFER,UPI,ICICI Bank,IN,0,NORMAL_BANKING_FLOW
TX_ICICI_105100,ICICI_ACC_20034,ICICI_ACC_20045,1424.06,2026-01-11 04:19:00,TRANSFER,IMPS,ICICI Bank,IN,0,NORMAL_BANKING_FLOW
TX_ICICI_105101,ICICI_ACC_20068,ICICI_ACC_20032,3380.88,2026-01-10 14:53:20,TRANSFER,IMPS,ICICI Bank,IN,0,NORMAL_BANKING_FLOW
TX_ICICI_105102,ICICI_ACC_20043,ICICI_ACC_20237,2103.83,2026-01-11 03:25:57,TRANSFER,IMPS,ICICI Bank,IN,0,NORMAL_BANKING_FLOW
TX_ICICI_105103,ICICI_ACC_20163,INDUS_ACC_20020,1674.87,2026-01-10 18:34:16,SETTLEMENT,POS,ICICI Bank,IN,0,NORMAL_BANKING_FLOW
TX_ICICI_105104,ICICI_ACC_20142,ICICI_ACC_20046,1436.99,2026-01-11 01:55:56,TRANSFER,UPI,ICICI Bank,IN,0,NORMAL_BANKING_FLOW
TX_ICICI_105105,ICICI_ACC_20027,ICICI_ACC_20091,1920.25,2026-01-10 21:20:48,TRANSFER,UPI,ICICI Bank,IN,0,NORMAL_BANKING_FLOW
TX_ICICI_105106,ICICI_ACC_20103,ICICI_ACC_20227,1605.98,2026-01-11 03:29:45,SETTLEMENT,POS,ICICI Bank,IN,0,NORMAL_BANKING_FLOW
TX_ICICI_105107,ICICI_ACC_20141,ICICI_ACC_20151,530.08,2026-01-10 20:26:44,TRANSFER,UPI,ICICI Bank,IN,0,NORMAL_BANKING_FLOW
TX_ICICI_105108,ICICI_ACC_20165,ICICI_ACC_20218,1396.15,2026-01-10 19:31:57,SETTLEMENT,POS,ICICI Bank,IN,0,NORMAL_BANKING_FLOW
TX_ICICI_105109,ICICI_ACC_20062,HDFC_ACC_20073,509.63,2026-01-10 17:41:40,TRANSFER,IMPS,ICICI Bank,IN,0,NORMAL_BANKING_FLOW
TX_ICICI_105110,ICICI_ACC_20152,ICICI_ACC_20003,1440.83,2026-01-11 01:42:39,TRANSFER,IMPS,ICICI Bank,IN,0,NORMAL_BANKING_FLOW
TX_ICICI_105111,ICICI_ACC_20106,ICICI_ACC_20213,869.06,2026-01-11 02:20:30,TRANSFER,IMPS,ICICI Bank,IN,0,NORMAL_BANKING_FLOW
TX_ICICI_105112,ICICI_ACC_20034,ICICI_ACC_20000,13166.66,2026-01-11 04:12:29,TRANSFER,UPI,ICICI Bank,IN,0,NORMAL_BANKING_FLOW
TX_ICICI_105113,ICICI_ACC_20228,ICICI_ACC_20214,1292.19,2026-01-10 19:34:32,SETTLEMENT,POS,ICICI Bank,IN,0,NORMAL_BANKING_FLOW
TX_ICICI_105114,ICICI_ACC_20092,ICICI_ACC_20047,378.49,2026-01-10 15:33:54,SETTLEMENT,POS,ICICI Bank,IN,0,NORMAL_BANKING_FLOW
TX_ICICI_105115,ICICI_ACC_20072,ICICI_ACC_20004,1187.06,2026-01-10 15:52:46,TRANSFER,UPI,ICICI Bank,IN,0,NORMAL_BANKING_FLOW
TX_ICICI_105116,ICICI_ACC_20019,ICICI_ACC_20195,2137.57,2026-01-11 04:35:00,TRANSFER,UPI,ICICI Bank,IN,0,NORMAL_BANKING_FLOW
TX_ICICI_105117,ICICI_ACC_20062,ICICI_ACC_20051,6039.2,2026-01-10 16:12:00,TRANSFER,IMPS,ICICI Bank,IN,0,NORMAL_BANKING_FLOW
TX_ICICI_105118,ICICI_ACC_20034,ICICI_ACC_20215,788.0,2026-01-11 01:12:13,TRANSFER,IMPS,ICICI Bank,IN,0,NORMAL_BANKING_FLOW
TX_ICICI_105119,ICICI_ACC_20243,ICICI_ACC_20097,322.41,2026-01-10 23:39:52,TRANSFER,UPI,ICICI Bank,IN,0,NORMAL_BANKING_FLOW
TX_ICICI_105120,ICICI_ACC_20107,BOB_ACC_20036,2793.79,2026-01-10 14:39:45,TRANSFER,IMPS,ICICI Bank,IN,0,NORMAL_BANKING_FLOW
TX_ICICI_105121,ICICI_ACC_20009,ICICI_ACC_20072,386.63,2026-01-10 23:41:20,TRANSFER,UPI,ICICI Bank,IN,0,NORMAL_BANKING_FLOW
TX_ICICI_105122,ICICI_ACC_20175,SBI_ACC_20121,904.57,2026-01-10 22:27:20,TRANSFER,UPI,ICICI Bank,IN,0,NORMAL_BANKING_FLOW
TX_ICICI_105123,ICICI_ACC_20100,ICICI_ACC_20182,1062.25,2026-01-10 23:05:24,SETTLEMENT,POS,ICICI Bank,IN,0,NORMAL_BANKING_FLOW
TX_ICICI_105124,ICICI_ACC_20090,ICICI_ACC_20147,1258.06,2026-01-11 00:58:24,TRANSFER,IMPS,ICICI Bank,IN,0,NORMAL_BANKING_FLOW
TX_ICICI_105125,ICICI_ACC_20044,ICICI_ACC_20109,2490.52,2026-01-10 20:55:40,TRANSFER,UPI,ICICI Bank,IN,0,NORMAL_BANKING_FLOW
TX_ICICI_105126,ICICI_ACC_20108,ICICI_ACC_20220,723.95,2026-01-10 16:15:00,TRANSFER,UPI,ICICI Bank,IN,0,NORMAL_BANKING_FLOW
TX_ICICI_105127,ICICI_ACC_20052,KOTAK_ACC_20201,1046.96,2026-01-10 19:04:14,TRANSFER,IMPS,ICICI Bank,IN,0,NORMAL_BANKING_FLOW
TX_ICICI_105128,ICICI_ACC_20164,PNB_ACC_20072,1322.34,2026-01-10 22:50:07,TRANSFER,UPI,ICICI Bank,IN,0,NORMAL_BANKING_FLOW
TX_ICICI_105129,ICICI_ACC_20111,ICICI_ACC_20241,1532.47,2026-01-11 04:48:00,TRANSFER,UPI,ICICI Bank,IN,0,NORMAL_BANKING_FLOW
TX_ICICI_105130,ICICI_ACC_20099,ICICI_ACC_20231,1462.71,2026-01-10 18:28:03,TRANSFER,IMPS,ICICI Bank,IN,0,NORMAL_BANKING_FLOW
TX_ICICI_105131,ICICI_ACC_20191,ICICI_ACC_20045,1983.08,2026-01-10 20:21:30,TRANSFER,UPI,ICICI Bank,IN,0,NORMAL_BANKING_FLOW
TX_ICICI_105132,ICICI_ACC_20229,ICICI_ACC_20092,2862.51,2026-01-10 23:49:24,TRANSFER,UPI,ICICI Bank,IN,0,NORMAL_BANKING_FLOW
TX_ICICI_105133,ICICI_ACC_20228,SBI_ACC_20108,1907.16,2026-01-11 00:09:00,SETTLEMENT,POS,ICICI Bank,IN,0,NORMAL_BANKING_FLOW
TX_ICICI_105134,ICICI_ACC_20064,ICICI_ACC_20046,2014.7,2026-01-11 04:34:07,TRANSFER,UPI,ICICI Bank,IN,0,NORMAL_BANKING_FLOW
TX_ICICI_105135,ICICI_ACC_20209,ICICI_ACC_20109,322.47,2026-01-11 03:00:36,SETTLEMENT,POS,ICICI Bank,IN,0,NORMAL_BANKING_FLOW
TX_ICICI_105136,ICICI_ACC_20219,ICICI_ACC_20130,1401.37,2026-01-10 15:59:25,TRANSFER,UPI,ICICI Bank,IN,0,NORMAL_BANKING_FLOW
TX_ICICI_105137,ICICI_ACC_20022,CANARA_ACC_20158,2062.26,2026-01-11 01:46:40,TRANSFER,UPI,ICICI Bank,IN,0,NORMAL_BANKING_FLOW
TX_ICICI_105138,ICICI_ACC_20044,ICICI_ACC_20047,2581.3,2026-01-11 03:03:18,TRANSFER,IMPS,ICICI Bank,IN,0,NORMAL_BANKING_FLOW
TX_ICICI_105139,ICICI_ACC_20073,ICICI_ACC_20114,718.3,2026-01-10 15:22:26,SETTLEMENT,POS,ICICI Bank,IN,0,NORMAL_BANKING_FLOW
TX_ICICI_105140,ICICI_ACC_20068,ICICI_ACC_20128,740.16,2026-01-10 20:45:26,TRANSFER,UPI,ICICI Bank,IN,0,NORMAL_BANKING_FLOW
TX_ICICI_105141,ICICI_ACC_20088,ICICI_ACC_20085,798.96,2026-01-10 17:55:00,TRANSFER,UPI,ICICI Bank,IN,0,NORMAL_BANKING_FLOW
TX_ICICI_105142,ICICI_ACC_20099,ICICI_ACC_20115,2170.63,2026-01-10 18:33:27,TRANSFER,IMPS,ICICI Bank,IN,0,NORMAL_BANKING_FLOW
TX_ICICI_105143,ICICI_ACC_20002,ICICI_ACC_20224,3396.47,2026-01-11 02:10:42,TRANSFER,IMPS,ICICI Bank,IN,0,NORMAL_BANKING_FLOW
TX_ICICI_105144,ICICI_ACC_20094,YES_ACC_20215,928.24,2026-01-10 20:28:39,TRANSFER,IMPS,ICICI Bank,IN,0,NORMAL_BANKING_FLOW
TX_ICICI_105145,ICICI_ACC_20145,ICICI_ACC_20177,3032.57,2026-01-10 17:18:32,TRANSFER,UPI,ICICI Bank,IN,0,NORMAL_BANKING_FLOW
TX_ICICI_105146,ICICI_ACC_20132,ICICI_ACC_20181,1496.87,2026-01-10 23:59:40,TRANSFER,UPI,ICICI Bank,IN,0,NORMAL_BANKING_FLOW
TX_ICICI_105147,ICICI_ACC_20003,SBI_ACC_20152,1197.68,2026-01-10 20:11:12,TRANSFER,UPI,ICICI Bank,IN,0,NORMAL_BANKING_FLOW
TX_ICICI_105148,ICICI_ACC_20223,ICICI_ACC_20227,1107.38,2026-01-10 21:28:12,TRANSFER,UPI,ICICI Bank,IN,0,NORMAL_BANKING_FLOW
TX_ICICI_105149,ICICI_ACC_20241,ICICI_ACC_20023,2622.68,2026-01-10 21:09:40,TRANSFER,UPI,ICICI Bank,IN,0,NORMAL_BANKING_FLOW
TX_ICICI_105150,ICICI_ACC_20060,ICICI_ACC_20152,1795.47,2026-01-10 22:46:00,TRANSFER,IMPS,ICICI Bank,IN,0,NORMAL_BANKING_FLOW
TX_ICICI_105151,ICICI_ACC_20204,ICICI_ACC_20199,10386.3,2026-01-11 02:55:50,TRANSFER,UPI,ICICI Bank,IN,0,NORMAL_BANKING_FLOW
TX_ICICI_105152,ICICI_ACC_20019,ICICI_ACC_20110,622.04,2026-01-10 19:16:19,TRANSFER,UPI,ICICI Bank,IN,0,NORMAL_BANKING_FLOW
TX_ICICI_105153,ICICI_ACC_20216,ICICI_ACC_20105,2135.15,2026-01-10 15:45:36,TRANSFER,UPI,ICICI Bank,IN,0,NORMAL_BANKING_FLOW
TX_ICICI_105154,ICICI_ACC_20116,ICICI_ACC_20233,831.91,2026-01-10 16:43:33,TRANSFER,UPI,ICICI Bank,IN,0,NORMAL_BANKING_FLOW
TX_ICICI_105155,ICICI_ACC_20054,ICICI_ACC_20102,612.56,2026-01-11 01:23:12,TRANSFER,UPI,ICICI Bank,IN,0,NORMAL_BANKING_FLOW
TX_ICICI_105156,ICICI_ACC_20192,ICICI_ACC_20166,1326.39,2026-01-10 22:30:45,TRANSFER,UPI,ICICI Bank,IN,0,NORMAL_BANKING_FLOW
TX_ICICI_105157,ICICI_ACC_20065,CANARA_ACC_20033,1515.68,2026-01-10 21:52:52,SETTLEMENT,POS,ICICI Bank,IN,0,NORMAL_BANKING_FLOW
TX_ICICI_105158,ICICI_ACC_20193,ICICI_ACC_20141,18515.36,2026-01-11 04:38:26,SETTLEMENT,POS,ICICI Bank,IN,0,NORMAL_BANKING_FLOW
TX_ICICI_105159,ICICI_ACC_20076,HDFC_ACC_20132,1134.86,2026-01-10 16:06:42,TRANSFER,UPI,ICICI Bank,IN,0,NORMAL_BANKING_FLOW
TX_ICICI_105160,ICICI_ACC_20191,ICICI_ACC_20008,484.37,2026-01-10 22:14:02,SETTLEMENT,POS,ICICI Bank,IN,0,NORMAL_BANKING_FLOW
TX_ICICI_105161,ICICI_ACC_20121,AXIS_ACC_20147,1712.5,2026-01-10 15:48:00,TRANSFER,UPI,ICICI Bank,IN,0,NORMAL_BANKING_FLOW
TX_ICICI_105162,ICICI_ACC_20132,ICICI_ACC_20010,207.02,2026-01-10 17:05:42,TRANSFER,UPI,ICICI Bank,IN,0,NORMAL_BANKING_FLOW
TX_ICICI_105163,ICICI_ACC_20215,YES_ACC_20005,1233.04,2026-01-11 05:02:38,TRANSFER,UPI,ICICI Bank,IN,0,NORMAL_BANKING_FLOW
TX_ICICI_105164,ICICI_ACC_20093,ICICI_ACC_20226,1358.89,2026-01-10 20:39:39,SETTLEMENT,POS,ICICI Bank,IN,0,NORMAL_BANKING_FLOW
TX_ICICI_105165,ICICI_ACC_20230,ICICI_ACC_20180,2738.43,2026-01-10 23:34:48,TRANSFER,UPI,ICICI Bank,IN,0,NORMAL_BANKING_FLOW
TX_ICICI_105166,ICICI_ACC_20234,ICICI_ACC_20130,3217.18,2026-01-10 19:42:30,TRANSFER,UPI,ICICI Bank,IN,0,NORMAL_BANKING_FLOW
TX_ICICI_105167,ICICI_ACC_20101,ICICI_ACC_20113,851.32,2026-01-10 19:43:00,TRANSFER,UPI,ICICI Bank,IN,0,NORMAL_BANKING_FLOW
TX_ICICI_105168,ICICI_ACC_20209,ICICI_ACC_20179,1169.64,2026-01-11 04:28:39,TRANSFER,UPI,ICICI Bank,IN,0,NORMAL_BANKING_FLOW
TX_ICICI_105169,ICICI_ACC_20034,ICICI_ACC_20047,672.16,2026-01-10 17:08:16,TRANSFER,IMPS,ICICI Bank,IN,0,NORMAL_BANKING_FLOW
TX_ICICI_105170,ICICI_ACC_20219,ICICI_ACC_20147,485.29,2026-01-10 23:18:49,TRANSFER,UPI,ICICI Bank,IN,0,NORMAL_BANKING_FLOW
TX_ICICI_105171,ICICI_ACC_20020,ICICI_ACC_20198,1770.3,2026-01-11 04:12:00,TRANSFER,UPI,ICICI Bank,IN,0,NORMAL_BANKING_FLOW
TX_ICICI_105172,ICICI_ACC_20165,ICICI_ACC_20084,425.72,2026-01-11 01:17:17,TRANSFER,UPI,ICICI Bank,IN,0,NORMAL_BANKING_FLOW
TX_ICICI_105173,ICICI_ACC_20084,ICICI_ACC_20207,922.27,2026-01-10 19:06:56,TRANSFER,IMPS,ICICI Bank,IN,0,NORMAL_BANKING_FLOW
TX_ICICI_105174,ICICI_ACC_20192,ICICI_ACC_20106,546.94,2026-01-10 15:32:21,TRANSFER,UPI,ICICI Bank,IN,0,NORMAL_BANKING_FLOW
TX_ICICI_105175,ICICI_ACC_20208,ICICI_ACC_20131,2196.71,2026-01-10 19:07:52,TRANSFER,UPI,ICICI Bank,IN,0,NORMAL_BANKING_FLOW
TX_ICICI_105176,ICICI_ACC_20217,ICICI_ACC_20123,6776.98,2026-01-11 05:15:25,TRANSFER,IMPS,ICICI Bank,IN,0,NORMAL_BANKING_FLOW
TX_ICICI_105177,ICICI_ACC_20216,ICICI_ACC_20163,415.12,2026-01-10 23:04:00,TRANSFER,UPI,ICICI Bank,IN,0,NORMAL_BANKING_FLOW
TX_ICICI_105178,ICICI_ACC_20216,ICICI_ACC_20077,252.72,2026-01-10 21:26:35,SETTLEMENT,POS,ICICI Bank,IN,0,NORMAL_BANKING_FLOW
TX_ICICI_105179,ICICI_ACC_20212,ICICI_ACC_20116,1197.03,2026-01-11 02:41:18,TRANSFER,UPI,ICICI Bank,IN,0,NORMAL_BANKING_FLOW
TX_ICICI_105180,ICICI_ACC_20219,ICICI_ACC_20195,1358.49,2026-01-10 15:53:42,TRANSFER,UPI,ICICI Bank,IN,0,NORMAL_BANKING_FLOW
TX_ICICI_105181,ICICI_ACC_20139,CANARA_ACC_20007,1630.75,2026-01-11 05:20:20,TRANSFER,IMPS,ICICI Bank,IN,0,NORMAL_BANKING_FLOW
TX_ICICI_105182,ICICI_ACC_20047,HDFC_ACC_20102,896.33,2026-01-10 23:27:01,TRANSFER,UPI,ICICI Bank,IN,0,NORMAL_BANKING_FLOW
TX_ICICI_105183,ICICI_ACC_20246,ICICI_ACC_20225,1118.14,2026-01-10 18:12:30,TRANSFER,IMPS,ICICI Bank,IN,0,NORMAL_BANKING_FLOW
TX_ICICI_105184,ICICI_ACC_20241,AXIS_ACC_20196,1864.52,2026-01-10 14:55:45,TRANSFER,UPI,ICICI Bank,IN,0,NORMAL_BANKING_FLOW
TX_ICICI_105185,ICICI_ACC_20020,ICICI_ACC_20146,3416.55,2026-01-11 01:27:28,SETTLEMENT,POS,ICICI Bank,IN,0,NORMAL_BANKING_FLOW
TX_ICICI_105186,ICICI_ACC_20125,ICICI_ACC_20039,230.55,2026-01-11 02:07:45,SETTLEMENT,POS,ICICI Bank,IN,0,NORMAL_BANKING_FLOW
TX_ICICI_105187,ICICI_ACC_20247,KOTAK_ACC_20197,960.98,2026-01-10 23:30:26,TRANSFER,IMPS,ICICI Bank,IN,0,NORMAL_BANKING_FLOW
TX_ICICI_105188,ICICI_ACC_20117,SBI_ACC_20136,1623.64,2026-01-10 19:33:43,TRANSFER,UPI,ICICI Bank,IN,0,NORMAL_BANKING_FLOW
TX_ICICI_105189,ICICI_ACC_20078,ICICI_ACC_20043,586.29,2026-01-10 23:51:36,SETTLEMENT,POS,ICICI Bank,IN,0,NORMAL_BANKING_FLOW
TX_ICICI_105190,ICICI_ACC_20040,ICICI_ACC_20184,6361.71,2026-01-10 23:12:40,TRANSFER,IMPS,ICICI Bank,IN,0,NORMAL_BANKING_FLOW
TX_ICICI_105191,ICICI_ACC_20175,KOTAK_ACC_20248,756.07,2026-01-11 05:30:10,TRANSFER,IMPS,ICICI Bank,IN,0,NORMAL_BANKING_FLOW
TX_ICICI_105192,ICICI_ACC_20060,PNB_ACC_20175,1290.57,2026-01-10 16:37:00,TRANSFER,IMPS,ICICI Bank,IN,0,NORMAL_BANKING_FLOW
TX_ICICI_105193,ICICI_ACC_20004,ICICI_ACC_20092,2209.28,2026-01-11 04:12:40,TRANSFER,IMPS,ICICI Bank,IN,0,NORMAL_BANKING_FLOW
TX_ICICI_105194,ICICI_ACC_20107,ICICI_ACC_20097,786.7,2026-01-11 02:54:03,TRANSFER,IMPS,ICICI Bank,IN,0,NORMAL_BANKING_FLOW
TX_ICICI_105195,ICICI_ACC_20157,ICICI_ACC_20137,254.19,2026-01-11 03:34:42,TRANSFER,UPI,ICICI Bank,IN,0,NORMAL_BANKING_FLOW
TX_ICICI_105196,ICICI_ACC_20094,ICICI_ACC_20156,910.7,2026-01-11 00:16:25,TRANSFER,UPI,ICICI Bank,IN,0,NORMAL_BANKING_FLOW
TX_ICICI_105197,ICICI_ACC_20069,ICICI_ACC_20234,3382.93,2026-01-11 01:56:48,TRANSFER,UPI,ICICI Bank,IN,0,NORMAL_BANKING_FLOW
TX_ICICI_105198,ICICI_ACC_20071,ICICI_ACC_20062,989.1,2026-01-11 01:37:39,TRANSFER,IMPS,ICICI Bank,IN,0,NORMAL_BANKING_FLOW
TX_ICICI_105199,ICICI_ACC_20200,HDFC_ACC_20119,625.29,2026-01-10 15:59:24,TRANSFER,IMPS,ICICI Bank,IN,0,NORMAL_BANKING_FLOW
TX_ICICI_105200,ICICI_ACC_20120,ICICI_ACC_20238,3081.29,2026-01-11 02:19:11,TRANSFER,UPI,ICICI Bank,IN,0,NORMAL_BANKING_FLOW
TX_ICICI_105201,ICICI_ACC_20096,PNB_ACC_20169,994.56,2026-01-10 15:00:00,TRANSFER,UPI,ICICI Bank,IN,0,NORMAL_BANKING_FLOW
TX_ICICI_105202,ICICI_ACC_20087,BOB_ACC_20148,846.28,2026-01-10 19:40:29,TRANSFER,IMPS,ICICI Bank,IN,0,NORMAL_BANKING_FLOW
TX_ICICI_105203,ICICI_ACC_20166,AXIS_ACC_20230,1532.28,2026-01-10 16:00:36,TRANSFER,UPI,ICICI Bank,IN,0,NORMAL_BANKING_FLOW
TX_ICICI_105204,ICICI_ACC_20084,ICICI_ACC_20241,2680.28,2026-01-11 04:42:48,TRANSFER,IMPS,ICICI Bank,IN,0,NORMAL_BANKING_FLOW
TX_ICICI_105205,ICICI_ACC_20029,ICICI_ACC_20240,11424.81,2026-01-11 00:22:52,TRANSFER,IMPS,ICICI Bank,IN,0,NORMAL_BANKING_FLOW
TX_ICICI_105206,ICICI_ACC_20105,ICICI_ACC_20010,2820.06,2026-01-11 03:44:25,SETTLEMENT,POS,ICICI Bank,IN,0,NORMAL_BANKING_FLOW
TX_ICICI_105207,ICICI_ACC_20052,ICICI_ACC_20162,3804.18,2026-01-11 00:24:18,SETTLEMENT,POS,ICICI Bank,IN,0,NORMAL_BANKING_FLOW
TX_ICICI_105208,ICICI_ACC_20163,HDFC_ACC_20116,849.49,2026-01-11 02:25:43,TRANSFER,UPI,ICICI Bank,IN,0,NORMAL_BANKING_FLOW
TX_ICICI_105209,ICICI_ACC_20135,ICICI_ACC_20243,532.04,2026-01-10 18:23:20,TRANSFER,UPI,ICICI Bank,IN,0,NORMAL_BANKING_FLOW
TX_ICICI_105210,ICICI_ACC_20166,PNB_ACC_20213,1416.72,2026-01-10 23:46:09,TRANSFER,IMPS,ICICI Bank,IN,0,NORMAL_BANKING_FLOW
TX_ICICI_105211,ICICI_ACC_20083,SBI_ACC_20169,1475.06,2026-01-10 21:25:40,SETTLEMENT,POS,ICICI Bank,IN,0,NORMAL_BANKING_FLOW
TX_ICICI_105212,ICICI_ACC_20132,ICICI_ACC_20149,507.42,2026-01-10 15:22:56,TRANSFER,UPI,ICICI Bank,IN,0,NORMAL_BANKING_FLOW
TX_ICICI_105213,ICICI_ACC_20047,ICICI_ACC_20120,1143.94,2026-01-10 22:07:12,SETTLEMENT,POS,ICICI Bank,IN,0,NORMAL_BANKING_FLOW
TX_ICICI_105214,ICICI_ACC_20019,ICICI_ACC_20000,1918.67,2026-01-11 04:31:55,TRANSFER,UPI,ICICI Bank,IN,0,NORMAL_BANKING_FLOW
TX_ICICI_105215,ICICI_ACC_20175,ICICI_ACC_20153,1852.62,2026-01-11 00:09:48,SETTLEMENT,POS,ICICI Bank,IN,0,NORMAL_BANKING_FLOW
TX_ICICI_105216,ICICI_ACC_20043,YES_ACC_20100,2108.77,2026-01-10 23:09:45,SETTLEMENT,POS,ICICI Bank,IN,0,NORMAL_BANKING_FLOW
TX_ICICI_105217,ICICI_ACC_20008,ICICI_ACC_20216,1740.4,2026-01-10 17:46:08,TRANSFER,UPI,ICICI Bank,IN,0,NORMAL_BANKING_FLOW
TX_ICICI_105218,ICICI_ACC_20030,ICICI_ACC_20163,848.69,2026-01-10 15:24:32,TRANSFER,UPI,ICICI Bank,IN,0,NORMAL_BANKING_FLOW
TX_ICICI_105219,ICICI_ACC_20107,ICICI_ACC_20231,843.44,2026-01-10 18:47:48,SETTLEMENT,POS,ICICI Bank,IN,0,NORMAL_BANKING_FLOW
TX_ICICI_105220,ICICI_ACC_20055,ICICI_ACC_20153,455.29,2026-01-10 20:29:49,TRANSFER,UPI,ICICI Bank,IN,0,NORMAL_BANKING_FLOW
TX_ICICI_105221,ICICI_ACC_20047,ICICI_ACC_20086,6676.16,2026-01-10 23:13:00,TRANSFER,IMPS,ICICI Bank,IN,0,NORMAL_BANKING_FLOW
TX_ICICI_105222,ICICI_ACC_20224,ICICI_ACC_20001,1355.74,2026-01-11 02:16:48,TRANSFER,IMPS,ICICI Bank,IN,0,NORMAL_BANKING_FLOW
TX_ICICI_105223,ICICI_ACC_20188,AXIS_ACC_20076,1094.04,2026-01-10 16:47:20,TRANSFER,UPI,ICICI Bank,IN,0,NORMAL_BANKING_FLOW
TX_ICICI_105224,ICICI_ACC_20095,ICICI_ACC_20153,580.61,2026-01-10 18:29:35,TRANSFER,IMPS,ICICI Bank,IN,0,NORMAL_BANKING_FLOW
TX_ICICI_105225,ICICI_ACC_20240,KOTAK_ACC_20117,18809.03,2026-01-10 15:26:24,TRANSFER,IMPS,ICICI Bank,IN,0,NORMAL_BANKING_FLOW
TX_ICICI_105226,ICICI_ACC_20046,ICICI_ACC_20069,509.79,2026-01-10 22:55:50,TRANSFER,UPI,ICICI Bank,IN,0,NORMAL_BANKING_FLOW
TX_ICICI_105227,ICICI_ACC_20210,SBI_ACC_20063,910.54,2026-01-11 03:22:06,TRANSFER,UPI,ICICI Bank,IN,0,NORMAL_BANKING_FLOW
TX_ICICI_105228,ICICI_ACC_20194,ICICI_ACC_20033,1947.41,2026-01-11 04:24:18,TRANSFER,UPI,ICICI Bank,IN,0,NORMAL_BANKING_FLOW
TX_ICICI_105229,ICICI_ACC_20081,ICICI_ACC_20196,2298.91,2026-01-10 21:15:24,TRANSFER,UPI,ICICI Bank,IN,0,NORMAL_BANKING_FLOW
TX_ICICI_105230,ICICI_ACC_20090,ICICI_ACC_20179,3172.07,2026-01-11 06:08:31,TRANSFER,UPI,ICICI Bank,IN,0,NORMAL_BANKING_FLOW
TX_ICICI_105231,ICICI_ACC_20192,ICICI_ACC_20136,6814.77,2026-01-11 00:21:00,TRANSFER,UPI,ICICI Bank,IN,0,NORMAL_BANKING_FLOW
TX_ICICI_105232,ICICI_ACC_20199,SBI_ACC_20248,2112.32,2026-01-11 00:42:13,TRANSFER,IMPS,ICICI Bank,IN,0,NORMAL_BANKING_FLOW
TX_ICICI_105233,ICICI_ACC_20211,BOB_ACC_20139,517.79,2026-01-10 20:16:00,SETTLEMENT,POS,ICICI Bank,IN,0,NORMAL_BANKING_FLOW
TX_ICICI_105234,ICICI_ACC_20223,CANARA_ACC_20127,1062.89,2026-01-10 18:13:12,TRANSFER,UPI,ICICI Bank,IN,0,NORMAL_BANKING_FLOW
TX_ICICI_105235,ICICI_ACC_20070,YES_ACC_20105,1767.02,2026-01-10 20:17:00,TRANSFER,IMPS,ICICI Bank,IN,0,NORMAL_BANKING_FLOW
TX_ICICI_105236,ICICI_ACC_20245,ICICI_ACC_20109,8616.23,2026-01-10 18:14:00,SETTLEMENT,POS,ICICI Bank,IN,0,NORMAL_BANKING_FLOW
TX_ICICI_105237,ICICI_ACC_20206,ICICI_ACC_20198,380.69,2026-01-10 15:50:12,TRANSFER,UPI,ICICI Bank,IN,0,NORMAL_BANKING_FLOW
TX_ICICI_105238,ICICI_ACC_20104,ICICI_ACC_20018,3953.35,2026-01-11 04:33:18,SETTLEMENT,POS,ICICI Bank,IN,0,NORMAL_BANKING_FLOW
TX_ICICI_105239,ICICI_ACC_20079,ICICI_ACC_20125,1574.86,2026-01-10 17:54:34,TRANSFER,UPI,ICICI Bank,IN,0,NORMAL_BANKING_FLOW
TX_ICICI_105240,ICICI_ACC_20034,PNB_ACC_20047,2847.08,2026-01-11 05:37:03,SETTLEMENT,POS,ICICI Bank,IN,0,NORMAL_BANKING_FLOW
TX_ICICI_105241,ICICI_ACC_20047,ICICI_ACC_20106,1221.95,2026-01-11 04:15:20,TRANSFER,IMPS,ICICI Bank,IN,0,NORMAL_BANKING_FLOW
TX_ICICI_105242,ICICI_ACC_20002,ICICI_ACC_20102,627.54,2026-01-11 03:34:51,TRANSFER,IMPS,ICICI Bank,IN,0,NORMAL_BANKING_FLOW
TX_ICICI_105243,ICICI_ACC_20242,YES_ACC_20045,2632.75,2026-01-10 16:33:18,SETTLEMENT,POS,ICICI Bank,IN,0,NORMAL_BANKING_FLOW
TX_ICICI_105244,ICICI_ACC_20096,ICICI_ACC_20152,2413.87,2026-01-10 19:19:21,SETTLEMENT,POS,ICICI Bank,IN,0,NORMAL_BANKING_FLOW
TX_ICICI_105245,ICICI_ACC_20039,ICICI_ACC_20189,3212.65,2026-01-11 04:18:52,TRANSFER,IMPS,ICICI Bank,IN,0,NORMAL_BANKING_FLOW
TX_ICICI_105246,ICICI_ACC_20187,ICICI_ACC_20055,1323.49,2026-01-11 04:19:45,TRANSFER,IMPS,ICICI Bank,IN,0,NORMAL_BANKING_FLOW
TX_ICICI_105247,ICICI_ACC_20188,ICICI_ACC_20249,780.68,2026-01-10 22:06:50,TRANSFER,IMPS,ICICI Bank,IN,0,NORMAL_BANKING_FLOW
TX_ICICI_105248,ICICI_ACC_20118,CANARA_ACC_20156,329.34,2026-01-10 23:51:20,TRANSFER,IMPS,ICICI Bank,IN,0,NORMAL_BANKING_FLOW
TX_ICICI_105249,ICICI_ACC_20199,ICICI_ACC_20077,2800.17,2026-01-10 19:00:48,TRANSFER,UPI,ICICI Bank,IN,0,NORMAL_BANKING_FLOW
TX_ICICI_105250,ICICI_ACC_20134,ICICI_ACC_20133,1961.57,2026-01-10 17:37:58,TRANSFER,UPI,ICICI Bank,IN,0,NORMAL_BANKING_FLOW
TX_ICICI_105251,ICICI_ACC_20208,ICICI_ACC_20083,561.6,2026-01-10 20:45:50,SETTLEMENT,POS,ICICI Bank,IN,0,NORMAL_BANKING_FLOW
TX_ICICI_105252,ICICI_ACC_20190,ICICI_ACC_20196,824.92,2026-01-10 19:22:57,TRANSFER,IMPS,ICICI Bank,IN,0,NORMAL_BANKING_FLOW
TX_ICICI_105253,ICICI_ACC_20032,ICICI_ACC_20007,880.0,2026-01-11 04:25:56,TRANSFER,UPI,ICICI Bank,IN,0,NORMAL_BANKING_FLOW
TX_ICICI_105254,ICICI_ACC_20074,ICICI_ACC_20168,352.59,2026-01-10 15:13:15,SETTLEMENT,POS,ICICI Bank,IN,0,NORMAL_BANKING_FLOW
TX_ICICI_105255,ICICI_ACC_20238,ICICI_ACC_20215,641.68,2026-01-11 05:51:18,TRANSFER,IMPS,ICICI Bank,IN,0,NORMAL_BANKING_FLOW
TX_ICICI_105256,ICICI_ACC_20241,ICICI_ACC_20202,482.78,2026-01-11 04:49:30,TRANSFER,IMPS,ICICI Bank,IN,0,NORMAL_BANKING_FLOW
TX_ICICI_105257,ICICI_ACC_20169,ICICI_ACC_20008,924.05,2026-01-10 21:51:44,TRANSFER,IMPS,ICICI Bank,IN,0,NORMAL_BANKING_FLOW
TX_ICICI_105258,ICICI_ACC_20144,ICICI_ACC_20076,688.95,2026-01-10 21:31:21,TRANSFER,IMPS,ICICI Bank,IN,0,NORMAL_BANKING_FLOW
TX_ICICI_105259,ICICI_ACC_20132,CANARA_ACC_20082,309.73,2026-01-10 17:41:16,TRANSFER,UPI,ICICI Bank,IN,0,NORMAL_BANKING_FLOW
TX_ICICI_105260,ICICI_ACC_20215,ICICI_ACC_20033,8269.52,2026-01-10 18:23:36,SETTLEMENT,POS,ICICI Bank,IN,0,NORMAL_BANKING_FLOW
TX_ICICI_105261,ICICI_ACC_20138,ICICI_ACC_20083,4135.18,2026-01-10 15:57:00,TRANSFER,IMPS,ICICI Bank,IN,0,NORMAL_BANKING_FLOW
TX_ICICI_105262,ICICI_ACC_20040,AXIS_ACC_20075,664.4,2026-01-11 05:57:57,TRANSFER,UPI,ICICI Bank,IN,0,NORMAL_BANKING_FLOW
TX_ICICI_105263,ICICI_ACC_20248,AXIS_ACC_20014,1711.59,2026-01-10 15:15:30,TRANSFER,UPI,ICICI Bank,IN,0,NORMAL_BANKING_FLOW
TX_ICICI_105264,ICICI_ACC_20086,SBI_ACC_20145,1950.26,2026-01-11 02:50:24,TRANSFER,UPI,ICICI Bank,IN,0,NORMAL_BANKING_FLOW
TX_ICICI_105265,ICICI_ACC_20109,ICICI_ACC_20205,3912.68,2026-01-11 02:09:04,SETTLEMENT,POS,ICICI Bank,IN,0,NORMAL_BANKING_FLOW
TX_ICICI_105266,ICICI_ACC_20066,ICICI_ACC_20159,641.14,2026-01-10 17:22:45,TRANSFER,IMPS,ICICI Bank,IN,0,NORMAL_BANKING_FLOW
TX_ICICI_105267,ICICI_ACC_20240,ICICI_ACC_20211,3579.21,2026-01-11 00:04:00,TRANSFER,UPI,ICICI Bank,IN,0,NORMAL_BANKING_FLOW
TX_ICICI_105268,ICICI_ACC_20209,ICICI_ACC_20220,818.02,2026-01-11 03:14:43,SETTLEMENT,POS,ICICI Bank,IN,0,NORMAL_BANKING_FLOW
TX_ICICI_105269,ICICI_ACC_20033,HDFC_ACC_20121,402.51,2026-01-10 23:23:04,TRANSFER,UPI,ICICI Bank,IN,0,NORMAL_BANKING_FLOW
TX_ICICI_105270,ICICI_ACC_20160,CANARA_ACC_20157,2570.16,2026-01-11 06:05:33,TRANSFER,UPI,ICICI Bank,IN,0,NORMAL_BANKING_FLOW
TX_ICICI_105271,ICICI_ACC_20239,ICICI_ACC_20146,4279.89,2026-01-11 00:27:50,TRANSFER,UPI,ICICI Bank,IN,0,NORMAL_BANKING_FLOW
TX_ICICI_105272,ICICI_ACC_20039,PNB_ACC_20217,13754.46,2026-01-10 22:42:36,SETTLEMENT,POS,ICICI Bank,IN,0,NORMAL_BANKING_FLOW
TX_ICICI_105273,ICICI_ACC_20203,CANARA_ACC_20065,454.98,2026-01-10 15:18:00,TRANSFER,UPI,ICICI Bank,IN,0,NORMAL_BANKING_FLOW
TX_ICICI_105274,ICICI_ACC_20081,ICICI_ACC_20018,2512.49,2026-01-10 17:46:46,TRANSFER,IMPS,ICICI Bank,IN,0,NORMAL_BANKING_FLOW
TX_ICICI_105275,ICICI_ACC_20169,ICICI_ACC_20218,926.28,2026-01-11 06:10:18,TRANSFER,UPI,ICICI Bank,IN,0,NORMAL_BANKING_FLOW
TX_ICICI_105276,ICICI_ACC_20013,ICICI_ACC_20127,2710.86,2026-01-11 00:10:00,TRANSFER,UPI,ICICI Bank,IN,0,NORMAL_BANKING_FLOW
TX_ICICI_105277,ICICI_ACC_20018,ICICI_ACC_20249,356.58,2026-01-10 19:34:12,TRANSFER,IMPS,ICICI Bank,IN,0,NORMAL_BANKING_FLOW
TX_ICICI_105278,ICICI_ACC_20107,ICICI_ACC_20148,429.88,2026-01-10 23:07:29,TRANSFER,UPI,ICICI Bank,IN,0,NORMAL_BANKING_FLOW
TX_ICICI_105279,ICICI_ACC_20011,ICICI_ACC_20086,666.28,2026-01-11 06:14:06,TRANSFER,UPI,ICICI Bank,IN,0,NORMAL_BANKING_FLOW
TX_ICICI_105280,ICICI_ACC_20149,ICICI_ACC_20018,1438.08,2026-01-11 05:11:06,TRANSFER,IMPS,ICICI Bank,IN,0,NORMAL_BANKING_FLOW
TX_ICICI_105281,ICICI_ACC_20123,ICICI_ACC_20117,752.22,2026-01-11 04:29:20,TRANSFER,UPI,ICICI Bank,IN,0,NORMAL_BANKING_FLOW
TX_ICICI_105282,ICICI_ACC_20187,ICICI_ACC_20075,2423.94,2026-01-10 16:02:57,TRANSFER,UPI,ICICI Bank,IN,0,NORMAL_BANKING_FLOW
TX_ICICI_105283,ICICI_ACC_20114,ICICI_ACC_20156,3375.18,2026-01-10 22:06:28,TRANSFER,UPI,ICICI Bank,IN,0,NORMAL_BANKING_FLOW
TX_ICICI_105284,ICICI_ACC_20126,ICICI_ACC_20113,2297.6,2026-01-10 15:20:45,TRANSFER,IMPS,ICICI Bank,IN,0,NORMAL_BANKING_FLOW
TX_ICICI_105285,ICICI_ACC_20032,INDUS_ACC_20016,5749.73,2026-01-11 03:28:36,TRANSFER,UPI,ICICI Bank,IN,0,NORMAL_BANKING_FLOW
TX_ICICI_105286,ICICI_ACC_20120,ICICI_ACC_20019,1947.39,2026-01-10 15:21:15,TRANSFER,IMPS,ICICI Bank,IN,0,NORMAL_BANKING_FLOW
TX_ICICI_105287,ICICI_ACC_20120,ICICI_ACC_20236,448.0,2026-01-11 04:55:58,TRANSFER,UPI,ICICI Bank,IN,0,NORMAL_BANKING_FLOW
TX_ICICI_105288,ICICI_ACC_20199,HDFC_ACC_20123,4568.95,2026-01-11 07:05:33,TRANSFER,IMPS,ICICI Bank,IN,0,NORMAL_BANKING_FLOW
TX_ICICI_105289,ICICI_ACC_20168,ICICI_ACC_20137,776.94,2026-01-11 07:06:32,TRANSFER,UPI,ICICI Bank,IN,0,NORMAL_BANKING_FLOW
TX_ICICI_105290,ICICI_ACC_20068,ICICI_ACC_20049,3039.28,2026-01-11 04:37:08,TRANSFER,UPI,ICICI Bank,IN,0,NORMAL_BANKING_FLOW
TX_ICICI_105291,ICICI_ACC_20208,ICICI_ACC_20203,5521.26,2026-01-10 21:06:30,TRANSFER,UPI,ICICI Bank,IN,0,NORMAL_BANKING_FLOW
TX_ICICI_105292,ICICI_ACC_20088,ICICI_ACC_20190,2020.34,2026-01-10 23:16:07,TRANSFER,IMPS,ICICI Bank,IN,0,NORMAL_BANKING_FLOW
TX_ICICI_105293,ICICI_ACC_20206,ICICI_ACC_20230,348.44,2026-01-10 17:10:40,TRANSFER,IMPS,ICICI Bank,IN,0,NORMAL_BANKING_FLOW
TX_ICICI_105294,ICICI_ACC_20183,YES_ACC_20171,586.17,2026-01-11 01:26:39,TRANSFER,UPI,ICICI Bank,IN,0,NORMAL_BANKING_FLOW
TX_ICICI_105295,ICICI_ACC_20170,ICICI_ACC_20101,4404.89,2026-01-10 23:39:32,TRANSFER,UPI,ICICI Bank,IN,0,NORMAL_BANKING_FLOW
TX_ICICI_105296,ICICI_ACC_20210,ICICI_ACC_20012,1150.31,2026-01-10 16:28:30,TRANSFER,IMPS,ICICI Bank,IN,0,NORMAL_BANKING_FLOW
TX_ICICI_105297,ICICI_ACC_20062,SBI_ACC_20183,1438.87,2026-01-10 21:52:48,TRANSFER,UPI,ICICI Bank,IN,0,NORMAL_BANKING_FLOW
TX_ICICI_105298,ICICI_ACC_20079,ICICI_ACC_20070,2651.66,2026-01-10 22:14:58,TRANSFER,UPI,ICICI Bank,IN,0,NORMAL_BANKING_FLOW
TX_ICICI_105299,ICICI_ACC_20063,ICICI_ACC_20202,2506.62,2026-01-10 15:46:08,SETTLEMENT,POS,ICICI Bank,IN,0,NORMAL_BANKING_FLOW
TX_ICICI_105300,ICICI_ACC_20045,ICICI_ACC_20139,1721.45,2026-01-11 07:39:00,TRANSFER,IMPS,ICICI Bank,IN,0,NORMAL_BANKING_FLOW
TX_ICICI_105301,ICICI_ACC_20150,ICICI_ACC_20197,1110.09,2026-01-10 15:46:40,TRANSFER,IMPS,ICICI Bank,IN,0,NORMAL_BANKING_FLOW
TX_ICICI_105302,ICICI_ACC_20189,KOTAK_ACC_20131,1010.9,2026-01-10 19:02:05,TRANSFER,IMPS,ICICI Bank,IN,0,NORMAL_BANKING_FLOW
TX_ICICI_105303,ICICI_ACC_20139,ICICI_ACC_20176,2898.96,2026-01-10 23:44:36,SETTLEMENT,POS,ICICI Bank,IN,0,NORMAL_BANKING_FLOW
TX_ICICI_105304,ICICI_ACC_20177,CANARA_ACC_20136,2204.4,2026-01-10 21:34:56,TRANSFER,IMPS,ICICI Bank,IN,0,NORMAL_BANKING_FLOW
TX_ICICI_105305,ICICI_ACC_20100,ICICI_ACC_20156,1062.55,2026-01-11 03:44:56,TRANSFER,UPI,ICICI Bank,IN,0,NORMAL_BANKING_FLOW
TX_ICICI_105306,ICICI_ACC_20248,PNB_ACC_20177,3547.15,2026-01-11 07:23:15,TRANSFER,UPI,ICICI Bank,IN,0,NORMAL_BANKING_FLOW
TX_ICICI_105307,ICICI_ACC_20052,KOTAK_ACC_20087,1192.57,2026-01-11 01:14:12,TRANSFER,IMPS,ICICI Bank,IN,0,NORMAL_BANKING_FLOW
TX_ICICI_105308,ICICI_ACC_20014,CANARA_ACC_20076,622.35,2026-01-11 00:53:07,TRANSFER,UPI,ICICI Bank,IN,0,NORMAL_BANKING_FLOW
TX_ICICI_105309,ICICI_ACC_20128,SBI_ACC_20195,676.5,2026-01-10 21:15:48,SETTLEMENT,POS,ICICI Bank,IN,0,NORMAL_BANKING_FLOW
TX_ICICI_105310,ICICI_ACC_20129,BOB_ACC_20123,555.09,2026-01-11 01:16:18,TRANSFER,UPI,ICICI Bank,IN,0,NORMAL_BANKING_FLOW
TX_ICICI_105311,ICICI_ACC_20010,HDFC_ACC_20153,1048.2,2026-01-10 16:11:10,TRANSFER,IMPS,ICICI Bank,IN,0,NORMAL_BANKING_FLOW
TX_ICICI_105312,ICICI_ACC_20138,PNB_ACC_20221,4065.74,2026-01-11 07:29:09,TRANSFER,IMPS,ICICI Bank,IN,0,NORMAL_BANKING_FLOW
TX_ICICI_105313,ICICI_ACC_20051,ICICI_ACC_20234,648.99,2026-01-10 20:34:08,TRANSFER,UPI,ICICI Bank,IN,0,NORMAL_BANKING_FLOW
TX_ICICI_105314,ICICI_ACC_20096,ICICI_ACC_20085,1587.04,2026-01-10 18:45:12,SETTLEMENT,POS,ICICI Bank,IN,0,NORMAL_BANKING_FLOW
TX_ICICI_105315,ICICI_ACC_20086,ICICI_ACC_20088,741.73,2026-01-11 03:53:06,TRANSFER,UPI,ICICI Bank,IN,0,NORMAL_BANKING_FLOW
TX_ICICI_105316,ICICI_ACC_20061,ICICI_ACC_20030,1059.68,2026-01-10 19:07:55,SETTLEMENT,POS,ICICI Bank,IN,0,NORMAL_BANKING_FLOW
TX_ICICI_105317,ICICI_ACC_20103,ICICI_ACC_20117,344.11,2026-01-10 18:02:32,TRANSFER,IMPS,ICICI Bank,IN,0,NORMAL_BANKING_FLOW
TX_ICICI_105318,ICICI_ACC_20040,ICICI_ACC_20081,1098.3,2026-01-11 07:13:06,TRANSFER,IMPS,ICICI Bank,IN,0,NORMAL_BANKING_FLOW
TX_ICICI_105319,ICICI_ACC_20120,ICICI_ACC_20122,1125.14,2026-01-10 20:37:02,TRANSFER,IMPS,ICICI Bank,IN,0,NORMAL_BANKING_FLOW
TX_ICICI_105320,ICICI_ACC_20093,PNB_ACC_20122,2178.21,2026-01-11 02:29:15,SETTLEMENT,POS,ICICI Bank,IN,0,NORMAL_BANKING_FLOW
TX_ICICI_105321,ICICI_ACC_20014,AXIS_ACC_20235,1637.54,2026-01-11 07:38:00,SETTLEMENT,POS,ICICI Bank,IN,0,NORMAL_BANKING_FLOW
TX_ICICI_105322,ICICI_ACC_20020,ICICI_ACC_20016,455.52,2026-01-11 06:10:55,SETTLEMENT,POS,ICICI Bank,IN,0,NORMAL_BANKING_FLOW
TX_ICICI_105323,ICICI_ACC_20018,INDUS_ACC_20186,3553.82,2026-01-10 22:07:06,TRANSFER,UPI,ICICI Bank,IN,0,NORMAL_BANKING_FLOW
TX_ICICI_105324,ICICI_ACC_20107,CANARA_ACC_20205,1618.53,2026-01-10 21:01:30,TRANSFER,IMPS,ICICI Bank,IN,0,NORMAL_BANKING_FLOW
TX_ICICI_105325,ICICI_ACC_20033,AXIS_ACC_20063,1601.27,2026-01-11 00:20:36,SETTLEMENT,POS,ICICI Bank,IN,0,NORMAL_BANKING_FLOW
TX_ICICI_105326,ICICI_ACC_20147,ICICI_ACC_20000,1328.41,2026-01-10 22:52:55,TRANSFER,IMPS,ICICI Bank,IN,0,NORMAL_BANKING_FLOW
TX_ICICI_105327,ICICI_ACC_20003,ICICI_ACC_20099,840.52,2026-01-10 23:59:48,TRANSFER,UPI,ICICI Bank,IN,0,NORMAL_BANKING_FLOW
TX_ICICI_105328,ICICI_ACC_20077,ICICI_ACC_20096,1629.49,2026-01-10 17:00:13,TRANSFER,IMPS,ICICI Bank,IN,0,NORMAL_BANKING_FLOW
TX_ICICI_105329,ICICI_ACC_20232,ICICI_ACC_20055,2055.0,2026-01-11 02:58:08,SETTLEMENT,POS,ICICI Bank,IN,0,NORMAL_BANKING_FLOW
TX_ICICI_105330,ICICI_ACC_20012,ICICI_ACC_20209,278.05,2026-01-11 00:23:51,TRANSFER,IMPS,ICICI Bank,IN,0,NORMAL_BANKING_FLOW
TX_ICICI_105331,ICICI_ACC_20010,ICICI_ACC_20062,824.78,2026-01-10 16:39:00,TRANSFER,UPI,ICICI Bank,IN,0,NORMAL_BANKING_FLOW
TX_ICICI_105332,ICICI_ACC_20094,ICICI_ACC_20188,1064.81,2026-01-11 01:31:42,SETTLEMENT,POS,ICICI Bank,IN,0,NORMAL_BANKING_FLOW
TX_ICICI_105333,ICICI_ACC_20022,ICICI_ACC_20110,1686.74,2026-01-11 03:45:36,SETTLEMENT,POS,ICICI Bank,IN,0,NORMAL_BANKING_FLOW
TX_ICICI_105334,ICICI_ACC_20159,ICICI_ACC_20030,3920.52,2026-01-10 21:50:56,SETTLEMENT,POS,ICICI Bank,IN,0,NORMAL_BANKING_FLOW
TX_ICICI_105335,ICICI_ACC_20150,ICICI_ACC_20030,668.77,2026-01-10 15:33:30,SETTLEMENT,POS,ICICI Bank,IN,0,NORMAL_BANKING_FLOW
TX_ICICI_105336,ICICI_ACC_20189,ICICI_ACC_20007,855.63,2026-01-10 19:16:15,TRANSFER,UPI,ICICI Bank,IN,0,NORMAL_BANKING_FLOW
TX_ICICI_105337,ICICI_ACC_20005,ICICI_ACC_20087,844.48,2026-01-10 18:54:24,TRANSFER,UPI,ICICI Bank,IN,0,NORMAL_BANKING_FLOW
TX_ICICI_105338,ICICI_ACC_20196,INDUS_ACC_20145,651.08,2026-01-10 19:17:05,TRANSFER,IMPS,ICICI Bank,IN,0,NORMAL_BANKING_FLOW
TX_ICICI_105339,ICICI_ACC_20093,ICICI_ACC_20028,979.98,2026-01-11 02:21:12,TRANSFER,IMPS,ICICI Bank,IN,0,NORMAL_BANKING_FLOW
TX_ICICI_105340,ICICI_ACC_20047,SBI_ACC_20012,2680.4,2026-01-11 04:58:09,TRANSFER,IMPS,ICICI Bank,IN,0,NORMAL_BANKING_FLOW
TX_ICICI_105341,ICICI_ACC_20110,ICICI_ACC_20221,518.82,2026-01-11 06:06:00,TRANSFER,IMPS,ICICI Bank,IN,0,NORMAL_BANKING_FLOW
TX_ICICI_105342,ICICI_ACC_20208,PNB_ACC_20169,1968.51,2026-01-11 02:23:24,TRANSFER,UPI,ICICI Bank,IN,0,NORMAL_BANKING_FLOW
TX_ICICI_105343,ICICI_ACC_20069,AXIS_ACC_20011,289.54,2026-01-10 23:02:50,TRANSFER,UPI,ICICI Bank,IN,0,NORMAL_BANKING_FLOW
TX_ICICI_105344,ICICI_ACC_20142,PNB_ACC_20177,808.19,2026-01-10 23:03:25,TRANSFER,UPI,ICICI Bank,IN,0,NORMAL_BANKING_FLOW
TX_ICICI_105345,ICICI_ACC_20057,ICICI_ACC_20031,995.71,2026-01-10 22:19:12,SETTLEMENT,POS,ICICI Bank,IN,0,NORMAL_BANKING_FLOW
TX_ICICI_105346,ICICI_ACC_20143,ICICI_ACC_20140,6047.34,2026-01-11 04:40:50,TRANSFER,UPI,ICICI Bank,IN,0,NORMAL_BANKING_FLOW
TX_ICICI_105347,ICICI_ACC_20161,ICICI_ACC_20054,1045.95,2026-01-11 05:48:58,TRANSFER,UPI,ICICI Bank,IN,0,NORMAL_BANKING_FLOW
TX_ICICI_105348,ICICI_ACC_20216,ICICI_ACC_20084,184.73,2026-01-10 22:20:51,SETTLEMENT,POS,ICICI Bank,IN,0,NORMAL_BANKING_FLOW
TX_ICICI_105349,ICICI_ACC_20040,INDUS_ACC_20038,221.63,2026-01-11 00:58:40,SETTLEMENT,POS,ICICI Bank,IN,0,NORMAL_BANKING_FLOW
TX_ICICI_105350,ICICI_ACC_20126,ICICI_ACC_20180,1381.09,2026-01-10 18:14:38,TRANSFER,UPI,ICICI Bank,IN,0,NORMAL_BANKING_FLOW
TX_ICICI_105351,ICICI_ACC_20060,YES_ACC_20026,2327.14,2026-01-11 01:22:30,TRANSFER,UPI,ICICI Bank,IN,0,NORMAL_BANKING_FLOW
TX_ICICI_105352,ICICI_ACC_20079,ICICI_ACC_20007,1877.9,2026-01-11 01:23:11,SETTLEMENT,POS,ICICI Bank,IN,0,NORMAL_BANKING_FLOW
TX_ICICI_105353,ICICI_ACC_20114,AXIS_ACC_20193,1557.46,2026-01-11 02:08:56,TRANSFER,UPI,ICICI Bank,IN,0,NORMAL_BANKING_FLOW
TX_ICICI_105354,ICICI_ACC_20103,ICICI_ACC_20050,3812.47,2026-01-11 01:24:33,SETTLEMENT,POS,ICICI Bank,IN,0,NORMAL_BANKING_FLOW
TX_ICICI_105355,ICICI_ACC_20016,ICICI_ACC_20094,824.16,2026-01-10 23:54:58,TRANSFER,IMPS,ICICI Bank,IN,0,NORMAL_BANKING_FLOW
TX_ICICI_105356,ICICI_ACC_20244,ICICI_ACC_20001,2997.16,2026-01-10 16:01:20,TRANSFER,UPI,ICICI Bank,IN,0,NORMAL_BANKING_FLOW
TX_ICICI_105357,ICICI_ACC_20173,HDFC_ACC_20108,308.33,2026-01-10 17:09:24,TRANSFER,UPI,ICICI Bank,IN,0,NORMAL_BANKING_FLOW
TX_ICICI_105358,ICICI_ACC_20080,ICICI_ACC_20089,593.21,2026-01-11 03:20:22,SETTLEMENT,POS,ICICI Bank,IN,0,NORMAL_BANKING_FLOW
TX_ICICI_105359,ICICI_ACC_20015,ICICI_ACC_20046,263.4,2026-01-11 04:06:24,TRANSFER,UPI,ICICI Bank,IN,0,NORMAL_BANKING_FLOW
TX_ICICI_105360,ICICI_ACC_20053,ICICI_ACC_20084,1045.91,2026-01-10 21:42:09,TRANSFER,UPI,ICICI Bank,IN,0,NORMAL_BANKING_FLOW
TX_ICICI_105361,ICICI_ACC_20067,ICICI_ACC_20097,1284.81,2026-01-10 22:50:40,TRANSFER,UPI,ICICI Bank,IN,0,NORMAL_BANKING_FLOW
TX_ICICI_105362,ICICI_ACC_20093,ICICI_ACC_20175,1484.29,2026-01-10 21:43:11,TRANSFER,IMPS,ICICI Bank,IN,0,NORMAL_BANKING_FLOW
TX_ICICI_105363,ICICI_ACC_20234,ICICI_ACC_20013,1416.15,2026-01-10 23:14:30,TRANSFER,IMPS,ICICI Bank,IN,0,NORMAL_BANKING_FLOW
TX_ICICI_105364,ICICI_ACC_20031,ICICI_ACC_20189,581.26,2026-01-10 23:15:05,TRANSFER,IMPS,ICICI Bank,IN,0,NORMAL_BANKING_FLOW
TX_ICICI_105365,ICICI_ACC_20238,ICICI_ACC_20147,1128.66,2026-01-10 17:34:40,TRANSFER,IMPS,ICICI Bank,IN,0,NORMAL_BANKING_FLOW
TX_ICICI_105366,ICICI_ACC_20246,PNB_ACC_20216,348.03,2026-01-11 04:34:45,TRANSFER,UPI,ICICI Bank,IN,0,NORMAL_BANKING_FLOW
TX_ICICI_105367,ICICI_ACC_20054,ICICI_ACC_20100,4568.34,2026-01-11 08:46:00,TRANSFER,UPI,ICICI Bank,IN,0,NORMAL_BANKING_FLOW
TX_ICICI_105368,ICICI_ACC_20049,CANARA_ACC_20067,1019.16,2026-01-10 18:21:14,TRANSFER,IMPS,ICICI Bank,IN,0,NORMAL_BANKING_FLOW
TX_ICICI_105369,ICICI_ACC_20117,ICICI_ACC_20245,862.64,2026-01-11 06:54:00,TRANSFER,IMPS,ICICI Bank,IN,0,NORMAL_BANKING_FLOW
TX_ICICI_105370,ICICI_ACC_20119,ICICI_ACC_20047,5597.34,2026-01-10 15:42:15,TRANSFER,UPI,ICICI Bank,IN,0,NORMAL_BANKING_FLOW
TX_ICICI_105371,ICICI_ACC_20177,ICICI_ACC_20121,437.89,2026-01-10 21:25:00,SETTLEMENT,POS,ICICI Bank,IN,0,NORMAL_BANKING_FLOW
TX_ICICI_105372,ICICI_ACC_20062,HDFC_ACC_20144,486.37,2026-01-10 17:37:00,TRANSFER,IMPS,ICICI Bank,IN,0,NORMAL_BANKING_FLOW
TX_ICICI_105373,ICICI_ACC_20154,ICICI_ACC_20125,499.4,2026-01-10 19:54:32,TRANSFER,UPI,ICICI Bank,IN,0,NORMAL_BANKING_FLOW
TX_ICICI_105374,ICICI_ACC_20217,CANARA_ACC_20054,1260.06,2026-01-10 21:26:30,TRANSFER,UPI,ICICI Bank,IN,0,NORMAL_BANKING_FLOW
TX_ICICI_105375,ICICI_ACC_20144,YES_ACC_20074,1975.29,2026-01-11 08:08:12,TRANSFER,UPI,ICICI Bank,IN,0,NORMAL_BANKING_FLOW
TX_ICICI_105376,ICICI_ACC_20222,ICICI_ACC_20034,2606.35,2026-01-10 21:50:25,TRANSFER,UPI,ICICI Bank,IN,0,NORMAL_BANKING_FLOW
TX_ICICI_105377,ICICI_ACC_20041,CANARA_ACC_20096,13558.86,2026-01-10 23:22:40,TRANSFER,UPI,ICICI Bank,IN,0,NORMAL_BANKING_FLOW
TX_ICICI_105378,ICICI_ACC_20167,ICICI_ACC_20042,176.89,2026-01-11 06:39:18,SETTLEMENT,POS,ICICI Bank,IN,0,NORMAL_BANKING_FLOW
TX_ICICI_105379,ICICI_ACC_20060,ICICI_ACC_20182,2316.61,2026-01-11 02:27:34,TRANSFER,UPI,ICICI Bank,IN,0,NORMAL_BANKING_FLOW
TX_ICICI_105380,ICICI_ACC_20136,AXIS_ACC_20011,811.26,2026-01-10 19:34:35,TRANSFER,UPI,ICICI Bank,IN,0,NORMAL_BANKING_FLOW
TX_ICICI_105381,ICICI_ACC_20046,ICICI_ACC_20024,790.15,2026-01-10 18:49:00,TRANSFER,UPI,ICICI Bank,IN,0,NORMAL_BANKING_FLOW
TX_ICICI_105382,ICICI_ACC_20000,ICICI_ACC_20158,766.78,2026-01-10 21:53:31,TRANSFER,IMPS,ICICI Bank,IN,0,NORMAL_BANKING_FLOW
TX_ICICI_105383,ICICI_ACC_20204,ICICI_ACC_20071,591.17,2026-01-10 20:21:54,TRANSFER,UPI,ICICI Bank,IN,0,NORMAL_BANKING_FLOW
TX_ICICI_105384,ICICI_ACC_20246,ICICI_ACC_20168,6100.17,2026-01-10 22:40:39,TRANSFER,UPI,ICICI Bank,IN,0,NORMAL_BANKING_FLOW
TX_ICICI_105385,ICICI_ACC_20134,ICICI_ACC_20156,2858.54,2026-01-10 17:18:16,TRANSFER,IMPS,ICICI Bank,IN,0,NORMAL_BANKING_FLOW
TX_ICICI_105386,ICICI_ACC_20123,ICICI_ACC_20082,1367.69,2026-01-10 15:46:15,TRANSFER,IMPS,ICICI Bank,IN,0,NORMAL_BANKING_FLOW
TX_ICICI_105387,ICICI_ACC_20068,ICICI_ACC_20032,4518.4,2026-01-10 17:42:00,TRANSFER,UPI,ICICI Bank,IN,0,NORMAL_BANKING_FLOW
TX_ICICI_105388,ICICI_ACC_20237,ICICI_ACC_20111,343.34,2026-01-11 01:01:33,TRANSFER,UPI,ICICI Bank,IN,0,NORMAL_BANKING_FLOW
TX_ICICI_105389,ICICI_ACC_20159,ICICI_ACC_20141,404.38,2026-01-11 05:39:48,TRANSFER,IMPS,ICICI Bank,IN,0,NORMAL_BANKING_FLOW
TX_ICICI_105390,ICICI_ACC_20000,YES_ACC_20201,188.64,2026-01-10 21:11:21,TRANSFER,UPI,ICICI Bank,IN,0,NORMAL_BANKING_FLOW
TX_ICICI_105391,ICICI_ACC_20054,ICICI_ACC_20047,713.75,2026-01-10 22:44:30,SETTLEMENT,POS,ICICI Bank,IN,0,NORMAL_BANKING_FLOW
TX_ICICI_105392,ICICI_ACC_20185,AXIS_ACC_20126,1549.25,2026-01-11 02:13:42,SETTLEMENT,POS,ICICI Bank,IN,0,NORMAL_BANKING_FLOW
TX_ICICI_105393,ICICI_ACC_20055,ICICI_ACC_20019,1469.35,2026-01-11 02:37:36,TRANSFER,UPI,ICICI Bank,IN,0,NORMAL_BANKING_FLOW
TX_ICICI_105394,ICICI_ACC_20129,ICICI_ACC_20008,1532.12,2026-01-11 01:51:53,SETTLEMENT,POS,ICICI Bank,IN,0,NORMAL_BANKING_FLOW
TX_ICICI_105395,ICICI_ACC_20076,SBI_ACC_20236,376.17,2026-01-11 01:29:20,TRANSFER,UPI,ICICI Bank,IN,0,NORMAL_BANKING_FLOW
TX_ICICI_105396,ICICI_ACC_20142,ICICI_ACC_20060,2759.6,2026-01-11 02:39:45,TRANSFER,UPI,ICICI Bank,IN,0,NORMAL_BANKING_FLOW
TX_ICICI_105397,ICICI_ACC_20085,ICICI_ACC_20043,1661.81,2026-01-11 01:07:24,TRANSFER,IMPS,ICICI Bank,IN,0,NORMAL_BANKING_FLOW
TX_ICICI_105398,ICICI_ACC_20077,ICICI_ACC_20073,2590.87,2026-01-11 06:57:18,TRANSFER,IMPS,ICICI Bank,IN,0,NORMAL_BANKING_FLOW
TX_ICICI_105399,ICICI_ACC_20009,ICICI_ACC_20203,243.84,2026-01-10 17:46:00,TRANSFER,IMPS,ICICI Bank,IN,0,NORMAL_BANKING_FLOW
TX_ICICI_105400,ICICI_ACC_20013,ICICI_ACC_20127,1772.85,2026-01-11 09:19:00,TRANSFER,UPI,ICICI Bank,IN,0,NORMAL_BANKING_FLOW
TX_ICICI_105401,ICICI_ACC_20165,CANARA_ACC_20200,459.9,2026-01-10 22:26:40,TRANSFER,UPI,ICICI Bank,IN,0,NORMAL_BANKING_FLOW
TX_ICICI_105402,ICICI_ACC_20109,ICICI_ACC_20035,936.74,2026-01-11 00:47:18,TRANSFER,IMPS,ICICI Bank,IN,0,NORMAL_BANKING_FLOW
TX_ICICI_105403,ICICI_ACC_20000,YES_ACC_20212,2166.63,2026-01-11 00:47:56,TRANSFER,IMPS,ICICI Bank,IN,0,NORMAL_BANKING_FLOW
TX_ICICI_105404,ICICI_ACC_20010,ICICI_ACC_20104,1453.87,2026-01-10 19:44:35,TRANSFER,UPI,ICICI Bank,IN,0,NORMAL_BANKING_FLOW
TX_ICICI_105405,ICICI_ACC_20169,YES_ACC_20226,622.42,2026-01-10 20:31:48,SETTLEMENT,POS,ICICI Bank,IN,0,NORMAL_BANKING_FLOW
TX_ICICI_105406,ICICI_ACC_20186,ICICI_ACC_20146,1347.01,2026-01-10 22:05:55,SETTLEMENT,POS,ICICI Bank,IN,0,NORMAL_BANKING_FLOW
TX_ICICI_105407,ICICI_ACC_20152,ICICI_ACC_20150,337.52,2026-01-11 02:47:38,TRANSFER,UPI,ICICI Bank,IN,0,NORMAL_BANKING_FLOW
TX_ICICI_105408,ICICI_ACC_20236,ICICI_ACC_20150,3771.55,2026-01-10 20:56:36,TRANSFER,UPI,ICICI Bank,IN,0,NORMAL_BANKING_FLOW
TX_ICICI_105409,ICICI_ACC_20173,ICICI_ACC_20147,1113.48,2026-01-11 09:04:32,TRANSFER,IMPS,ICICI Bank,IN,0,NORMAL_BANKING_FLOW
TX_ICICI_105410,ICICI_ACC_20215,HDFC_ACC_20065,3665.41,2026-01-11 05:10:41,TRANSFER,IMPS,ICICI Bank,IN,0,NORMAL_BANKING_FLOW
TX_ICICI_105411,ICICI_ACC_20129,ICICI_ACC_20151,833.91,2026-01-11 06:45:30,SETTLEMENT,POS,ICICI Bank,IN,0,NORMAL_BANKING_FLOW
TX_ICICI_105412,ICICI_ACC_20208,ICICI_ACC_20222,836.13,2026-01-11 07:09:54,SETTLEMENT,POS,ICICI Bank,IN,0,NORMAL_BANKING_FLOW
TX_ICICI_105413,ICICI_ACC_20204,ICICI_ACC_20036,673.33,2026-01-10 22:56:36,TRANSFER,IMPS,ICICI Bank,IN,0,NORMAL_BANKING_FLOW
TX_ICICI_105414,ICICI_ACC_20111,ICICI_ACC_20032,2947.04,2026-01-11 02:05:33,TRANSFER,IMPS,ICICI Bank,IN,0,NORMAL_BANKING_FLOW
TX_ICICI_105415,ICICI_ACC_20249,ICICI_ACC_20228,707.34,2026-01-10 19:02:02,TRANSFER,IMPS,ICICI Bank,IN,0,NORMAL_BANKING_FLOW
TX_ICICI_105416,ICICI_ACC_20025,ICICI_ACC_20141,2392.6,2026-01-11 01:19:45,TRANSFER,UPI,ICICI Bank,IN,0,NORMAL_BANKING_FLOW
TX_ICICI_105417,ICICI_ACC_20225,ICICI_ACC_20166,949.36,2026-01-11 06:27:12,TRANSFER,IMPS,ICICI Bank,IN,0,NORMAL_BANKING_FLOW
TX_ICICI_105418,ICICI_ACC_20233,ICICI_ACC_20157,226.25,2026-01-10 17:28:43,TRANSFER,IMPS,ICICI Bank,IN,0,NORMAL_BANKING_FLOW
TX_ICICI_105419,ICICI_ACC_20086,ICICI_ACC_20004,801.69,2026-01-10 22:59:54,TRANSFER,IMPS,ICICI Bank,IN,0,NORMAL_BANKING_FLOW
TX_ICICI_105420,ICICI_ACC_20046,ICICI_ACC_20112,463.5,2026-01-10 15:54:45,TRANSFER,IMPS,ICICI Bank,IN,0,NORMAL_BANKING_FLOW
TX_ICICI_105421,ICICI_ACC_20224,ICICI_ACC_20233,1380.93,2026-01-11 09:16:20,SETTLEMENT,POS,ICICI Bank,IN,0,NORMAL_BANKING_FLOW
TX_ICICI_105422,ICICI_ACC_20248,ICICI_ACC_20234,458.81,2026-01-10 20:39:27,SETTLEMENT,POS,ICICI Bank,IN,0,NORMAL_BANKING_FLOW
TX_ICICI_105423,ICICI_ACC_20076,ICICI_ACC_20228,3082.13,2026-01-10 23:25:48,SETTLEMENT,POS,ICICI Bank,IN,0,NORMAL_BANKING_FLOW
TX_ICICI_105424,ICICI_ACC_20101,BOB_ACC_20178,1234.02,2026-01-11 07:44:25,TRANSFER,UPI,ICICI Bank,IN,0,NORMAL_BANKING_FLOW
TX_ICICI_105425,ICICI_ACC_20131,BOB_ACC_20036,1141.57,2026-01-11 04:11:44,TRANSFER,UPI,ICICI Bank,IN,0,NORMAL_BANKING_FLOW
TX_ICICI_105426,ICICI_ACC_20134,ICICI_ACC_20167,2417.05,2026-01-10 19:06:15,TRANSFER,UPI,ICICI Bank,IN,0,NORMAL_BANKING_FLOW
TX_ICICI_105427,ICICI_ACC_20168,ICICI_ACC_20218,3189.17,2026-01-11 03:49:30,TRANSFER,UPI,ICICI Bank,IN,0,NORMAL_BANKING_FLOW
TX_ICICI_105428,ICICI_ACC_20133,ICICI_ACC_20179,1315.42,2026-01-10 23:04:51,TRANSFER,UPI,ICICI Bank,IN,0,NORMAL_BANKING_FLOW
TX_ICICI_105429,ICICI_ACC_20051,ICICI_ACC_20066,669.09,2026-01-10 17:32:12,SETTLEMENT,POS,ICICI Bank,IN,0,NORMAL_BANKING_FLOW
TX_ICICI_105430,ICICI_ACC_20102,ICICI_ACC_20192,271.35,2026-01-11 06:14:39,TRANSFER,IMPS,ICICI Bank,IN,0,NORMAL_BANKING_FLOW
TX_ICICI_105431,ICICI_ACC_20248,PNB_ACC_20100,722.38,2026-01-11 06:15:30,TRANSFER,IMPS,ICICI Bank,IN,0,NORMAL_BANKING_FLOW
TX_ICICI_105432,ICICI_ACC_20083,ICICI_ACC_20176,768.55,2026-01-10 16:21:36,TRANSFER,IMPS,ICICI Bank,IN,0,NORMAL_BANKING_FLOW
TX_ICICI_105433,ICICI_ACC_20145,YES_ACC_20049,1474.91,2026-01-11 03:06:16,TRANSFER,IMPS,ICICI Bank,IN,0,NORMAL_BANKING_FLOW
TX_ICICI_105434,ICICI_ACC_20248,ICICI_ACC_20158,981.78,2026-01-11 09:05:14,TRANSFER,IMPS,ICICI Bank,IN,0,NORMAL_BANKING_FLOW
TX_ICICI_105435,ICICI_ACC_20101,SBI_ACC_20214,2487.76,2026-01-11 03:07:42,TRANSFER,UPI,ICICI Bank,IN,0,NORMAL_BANKING_FLOW
TX_ICICI_105436,ICICI_ACC_20225,ICICI_ACC_20021,771.48,2026-01-11 05:31:55,TRANSFER,UPI,ICICI Bank,IN,0,NORMAL_BANKING_FLOW
TX_ICICI_105437,ICICI_ACC_20001,ICICI_ACC_20083,1272.4,2026-01-11 01:33:24,TRANSFER,UPI,ICICI Bank,IN,0,NORMAL_BANKING_FLOW
TX_ICICI_105438,ICICI_ACC_20187,ICICI_ACC_20129,3887.76,2026-01-11 00:46:09,SETTLEMENT,POS,ICICI Bank,IN,0,NORMAL_BANKING_FLOW
TX_ICICI_105439,ICICI_ACC_20084,ICICI_ACC_20238,1821.91,2026-01-11 02:22:38,SETTLEMENT,POS,ICICI Bank,IN,0,NORMAL_BANKING_FLOW
TX_ICICI_105440,ICICI_ACC_20082,ICICI_ACC_20195,1268.98,2026-01-11 05:11:12,SETTLEMENT,POS,ICICI Bank,IN,0,NORMAL_BANKING_FLOW
TX_ICICI_105441,ICICI_ACC_20090,ICICI_ACC_20248,779.19,2026-01-11 00:48:00,SETTLEMENT,POS,ICICI Bank,IN,0,NORMAL_BANKING_FLOW
TX_ICICI_105442,ICICI_ACC_20110,ICICI_ACC_20001,757.55,2026-01-10 20:24:26,TRANSFER,UPI,ICICI Bank,IN,0,NORMAL_BANKING_FLOW
TX_ICICI_105443,ICICI_ACC_20114,ICICI_ACC_20202,622.94,2026-01-10 17:12:36,TRANSFER,UPI,ICICI Bank,IN,0,NORMAL_BANKING_FLOW
TX_ICICI_105444,ICICI_ACC_20219,ICICI_ACC_20174,823.11,2026-01-11 02:26:03,SETTLEMENT,POS,ICICI Bank,IN,0,NORMAL_BANKING_FLOW
TX_ICICI_105445,ICICI_ACC_20106,ICICI_ACC_20065,2644.13,2026-01-10 17:13:12,TRANSFER,UPI,ICICI Bank,IN,0,NORMAL_BANKING_FLOW
TX_ICICI_105446,ICICI_ACC_20044,PNB_ACC_20066,1096.96,2026-01-11 00:02:55,TRANSFER,UPI,ICICI Bank,IN,0,NORMAL_BANKING_FLOW
TX_ICICI_105447,ICICI_ACC_20150,ICICI_ACC_20239,397.5,2026-01-10 17:37:54,TRANSFER,IMPS,ICICI Bank,IN,0,NORMAL_BANKING_FLOW
TX_ICICI_105448,ICICI_ACC_20205,KOTAK_ACC_20051,6577.12,2026-01-10 23:15:51,TRANSFER,UPI,ICICI Bank,IN,0,NORMAL_BANKING_FLOW
TX_ICICI_105449,ICICI_ACC_20136,SBI_ACC_20131,1786.42,2026-01-11 05:18:24,TRANSFER,UPI,ICICI Bank,IN,0,NORMAL_BANKING_FLOW
TX_ICICI_105450,ICICI_ACC_20210,ICICI_ACC_20010,377.57,2026-01-10 21:40:21,SETTLEMENT,POS,ICICI Bank,IN,0,NORMAL_BANKING_FLOW
TX_ICICI_105451,ICICI_ACC_20245,ICICI_ACC_20049,899.95,2026-01-10 17:39:10,TRANSFER,UPI,ICICI Bank,IN,0,NORMAL_BANKING_FLOW
TX_ICICI_105452,ICICI_ACC_20076,PNB_ACC_20039,1480.0,2026-01-10 16:51:07,SETTLEMENT,POS,ICICI Bank,IN,0,NORMAL_BANKING_FLOW
TX_ICICI_105453,ICICI_ACC_20105,ICICI_ACC_20011,6211.35,2026-01-10 21:17:36,TRANSFER,IMPS,ICICI Bank,IN,0,NORMAL_BANKING_FLOW
TX_ICICI_105454,ICICI_ACC_20012,ICICI_ACC_20189,494.08,2026-01-11 09:48:47,TRANSFER,UPI,ICICI Bank,IN,0,NORMAL_BANKING_FLOW
TX_ICICI_105455,ICICI_ACC_20155,PNB_ACC_20191,3224.19,2026-01-11 05:47:26,TRANSFER,UPI,ICICI Bank,IN,0,NORMAL_BANKING_FLOW
TX_ICICI_105456,ICICI_ACC_20171,ICICI_ACC_20149,4719.88,2026-01-10 17:40:45,TRANSFER,UPI,ICICI Bank,IN,0,NORMAL_BANKING_FLOW
TX_ICICI_105457,ICICI_ACC_20210,ICICI_ACC_20152,760.68,2026-01-11 02:59:12,TRANSFER,IMPS,ICICI Bank,IN,0,NORMAL_BANKING_FLOW
TX_ICICI_105458,ICICI_ACC_20235,CANARA_ACC_20034,1043.4,2026-01-11 04:37:02,SETTLEMENT,POS,ICICI Bank,IN,0,NORMAL_BANKING_FLOW
TX_ICICI_105459,ICICI_ACC_20039,ICICI_ACC_20028,527.06,2026-01-10 22:57:36,TRANSFER,UPI,ICICI Bank,IN,0,NORMAL_BANKING_FLOW
TX_ICICI_105460,ICICI_ACC_20156,ICICI_ACC_20003,1115.31,2026-01-10 21:20:52,TRANSFER,UPI,ICICI Bank,IN,0,NORMAL_BANKING_FLOW
TX_ICICI_105461,ICICI_ACC_20010,ICICI_ACC_20091,1296.04,2026-01-10 23:47:20,TRANSFER,UPI,ICICI Bank,IN,0,NORMAL_BANKING_FLOW
TX_ICICI_105462,ICICI_ACC_20125,ICICI_ACC_20131,2425.24,2026-01-11 01:49:39,TRANSFER,IMPS,ICICI Bank,IN,0,NORMAL_BANKING_FLOW
TX_ICICI_105463,ICICI_ACC_20127,ICICI_ACC_20245,3573.02,2026-01-10 16:05:30,TRANSFER,IMPS,ICICI Bank,IN,0,NORMAL_BANKING_FLOW
TX_ICICI_105464,ICICI_ACC_20173,ICICI_ACC_20086,683.15,2026-01-10 21:47:07,TRANSFER,IMPS,ICICI Bank,IN,0,NORMAL_BANKING_FLOW
TX_ICICI_105465,ICICI_ACC_20194,ICICI_ACC_20035,228.01,2026-01-11 07:08:48,SETTLEMENT,POS,ICICI Bank,IN,0,NORMAL_BANKING_FLOW
TX_ICICI_105466,ICICI_ACC_20000,ICICI_ACC_20158,1314.06,2026-01-11 09:11:45,SETTLEMENT,POS,ICICI Bank,IN,0,NORMAL_BANKING_FLOW
TX_ICICI_105467,ICICI_ACC_20166,SBI_ACC_20205,1744.43,2026-01-10 22:37:26,TRANSFER,UPI,ICICI Bank,IN,0,NORMAL_BANKING_FLOW
TX_ICICI_105468,ICICI_ACC_20090,AXIS_ACC_20085,1676.52,2026-01-10 21:49:03,SETTLEMENT,POS,ICICI Bank,IN,0,NORMAL_BANKING_FLOW
TX_ICICI_105469,ICICI_ACC_20215,CANARA_ACC_20048,998.24,2026-01-11 05:34:24,TRANSFER,UPI,ICICI Bank,IN,0,NORMAL_BANKING_FLOW
TX_ICICI_105470,ICICI_ACC_20058,ICICI_ACC_20191,1498.59,2026-01-10 23:52:26,TRANSFER,UPI,ICICI Bank,IN,0,NORMAL_BANKING_FLOW
TX_ICICI_105471,ICICI_ACC_20120,ICICI_ACC_20111,5239.08,2026-01-11 03:33:30,TRANSFER,IMPS,ICICI Bank,IN,0,NORMAL_BANKING_FLOW
TX_ICICI_105472,ICICI_ACC_20093,HDFC_ACC_20168,1888.54,2026-01-11 03:58:44,TRANSFER,UPI,ICICI Bank,IN,0,NORMAL_BANKING_FLOW
TX_ICICI_105473,ICICI_ACC_20230,ICICI_ACC_20068,957.16,2026-01-10 23:54:08,TRANSFER,UPI,ICICI Bank,IN,0,NORMAL_BANKING_FLOW
TX_ICICI_105474,ICICI_ACC_20040,ICICI_ACC_20129,853.91,2026-01-11 09:43:54,TRANSFER,IMPS,ICICI Bank,IN,0,NORMAL_BANKING_FLOW
TX_ICICI_105475,ICICI_ACC_20033,INDUS_ACC_20201,1149.56,2026-01-11 05:39:12,TRANSFER,IMPS,ICICI Bank,IN,0,NORMAL_BANKING_FLOW
TX_ICICI_105476,ICICI_ACC_20101,ICICI_ACC_20207,5843.39,2026-01-11 08:56:40,TRANSFER,IMPS,ICICI Bank,IN,0,NORMAL_BANKING_FLOW
TX_ICICI_105477,ICICI_ACC_20107,ICICI_ACC_20166,1135.73,2026-01-10 23:07:12,TRANSFER,UPI,ICICI Bank,IN,0,NORMAL_BANKING_FLOW
TX_ICICI_105478,ICICI_ACC_20228,ICICI_ACC_20188,1315.78,2026-01-10 21:53:53,TRANSFER,UPI,ICICI Bank,IN,0,NORMAL_BANKING_FLOW
TX_ICICI_105479,ICICI_ACC_20140,ICICI_ACC_20160,867.76,2026-01-11 08:59:28,TRANSFER,UPI,ICICI Bank,IN,0,NORMAL_BANKING_FLOW
TX_ICICI_105480,ICICI_ACC_20107,PNB_ACC_20237,3601.43,2026-01-10 23:08:48,TRANSFER,UPI,ICICI Bank,IN,0,NORMAL_BANKING_FLOW
TX_ICICI_105481,ICICI_ACC_20217,KOTAK_ACC_20179,7815.42,2026-01-11 05:44:00,TRANSFER,UPI,ICICI Bank,IN,0,NORMAL_BANKING_FLOW
TX_ICICI_105482,ICICI_ACC_20046,KOTAK_ACC_20168,2009.32,2026-01-10 16:10:15,TRANSFER,UPI,ICICI Bank,IN,0,NORMAL_BANKING_FLOW
TX_ICICI_105483,ICICI_ACC_20022,ICICI_ACC_20208,1443.02,2026-01-11 09:03:12,SETTLEMENT,POS,ICICI Bank,IN,0,NORMAL_BANKING_FLOW
TX_ICICI_105484,ICICI_ACC_20204,CANARA_ACC_20138,1384.51,2026-01-11 05:46:24,SETTLEMENT,POS,ICICI Bank,IN,0,NORMAL_BANKING_FLOW
TX_ICICI_105485,ICICI_ACC_20199,ICICI_ACC_20097,156.67,2026-01-11 05:22:28,TRANSFER,UPI,ICICI Bank,IN,0,NORMAL_BANKING_FLOW
TX_ICICI_105486,ICICI_ACC_20144,ICICI_ACC_20160,2619.23,2026-01-11 01:40:30,SETTLEMENT,POS,ICICI Bank,IN,0,NORMAL_BANKING_FLOW
TX_ICICI_105487,ICICI_ACC_20005,AXIS_ACC_20060,1511.34,2026-01-11 06:38:20,TRANSFER,IMPS,ICICI Bank,IN,0,NORMAL_BANKING_FLOW
TX_ICICI_105488,ICICI_ACC_20036,ICICI_ACC_20122,1969.45,2026-01-10 19:30:01,TRANSFER,UPI,ICICI Bank,IN,0,NORMAL_BANKING_FLOW
TX_ICICI_105489,ICICI_ACC_20128,SBI_ACC_20038,706.05,2026-01-10 19:05:36,TRANSFER,UPI,ICICI Bank,IN,0,NORMAL_BANKING_FLOW
TX_ICICI_105490,ICICI_ACC_20173,SBI_ACC_20009,947.65,2026-01-10 20:20:25,TRANSFER,UPI,ICICI Bank,IN,0,NORMAL_BANKING_FLOW
TX_ICICI_105491,ICICI_ACC_20195,INDUS_ACC_20210,925.26,2026-01-11 10:50:00,SETTLEMENT,POS,ICICI Bank,IN,0,NORMAL_BANKING_FLOW
TX_ICICI_105492,ICICI_ACC_20182,ICICI_ACC_20163,3359.21,2026-01-10 23:15:12,SETTLEMENT,POS,ICICI Bank,IN,0,NORMAL_BANKING_FLOW
TX_ICICI_105493,ICICI_ACC_20227,ICICI_ACC_20207,952.52,2026-01-11 03:49:16,TRANSFER,UPI,ICICI Bank,IN,0,NORMAL_BANKING_FLOW
TX_ICICI_105494,ICICI_ACC_20148,ICICI_ACC_20066,8728.9,2026-01-11 04:14:52,SETTLEMENT,POS,ICICI Bank,IN,0,NORMAL_BANKING_FLOW
TX_ICICI_105495,ICICI_ACC_20113,ICICI_ACC_20080,1973.92,2026-01-10 17:53:06,TRANSFER,IMPS,ICICI Bank,IN,0,NORMAL_BANKING_FLOW
TX_ICICI_105496,ICICI_ACC_20134,ICICI_ACC_20210,424.91,2026-01-11 00:32:05,TRANSFER,UPI,ICICI Bank,IN,0,NORMAL_BANKING_FLOW
TX_ICICI_105497,ICICI_ACC_20175,ICICI_ACC_20115,1193.1,2026-01-11 06:21:44,TRANSFER,IMPS,ICICI Bank,IN,0,NORMAL_BANKING_FLOW
TX_ICICI_105498,ICICI_ACC_20016,ICICI_ACC_20017,745.08,2026-01-10 21:38:36,TRANSFER,UPI,ICICI Bank,IN,0,NORMAL_BANKING_FLOW
TX_ICICI_105499,ICICI_ACC_20014,ICICI_ACC_20078,185.87,2026-01-11 00:33:50,TRANSFER,UPI,ICICI Bank,IN,0,NORMAL_BANKING_FLOW
TX_ICICI_105500,ICICI_ACC_20155,YES_ACC_20042,5650.64,2026-01-11 01:49:22,TRANSFER,IMPS,ICICI Bank,IN,0,NORMAL_BANKING_FLOW
TX_ICICI_105501,ICICI_ACC_20053,ICICI_ACC_20141,2522.05,2026-01-11 02:40:00,SETTLEMENT,POS,ICICI Bank,IN,0,NORMAL_BANKING_FLOW
TX_ICICI_105502,ICICI_ACC_20052,ICICI_ACC_20221,2164.37,2026-01-11 05:35:47,TRANSFER,UPI,ICICI Bank,IN,0,NORMAL_BANKING_FLOW
TX_ICICI_105503,ICICI_ACC_20175,ICICI_ACC_20020,1554.43,2026-01-10 20:00:48,SETTLEMENT,POS,ICICI Bank,IN,0,NORMAL_BANKING_FLOW
TX_ICICI_105504,ICICI_ACC_20102,ICICI_ACC_20046,386.13,2026-01-10 20:01:12,TRANSFER,UPI,ICICI Bank,IN,0,NORMAL_BANKING_FLOW
TX_ICICI_105505,ICICI_ACC_20201,ICICI_ACC_20007,866.74,2026-01-10 19:11:28,SETTLEMENT,POS,ICICI Bank,IN,0,NORMAL_BANKING_FLOW
TX_ICICI_105506,ICICI_ACC_20188,ICICI_ACC_20225,2857.22,2026-01-11 08:59:35,SETTLEMENT,POS,ICICI Bank,IN,0,NORMAL_BANKING_FLOW
TX_ICICI_105507,ICICI_ACC_20237,ICICI_ACC_20202,520.04,2026-01-11 06:29:54,TRANSFER,UPI,ICICI Bank,IN,0,NORMAL_BANKING_FLOW
TX_ICICI_105508,ICICI_ACC_20099,HDFC_ACC_20130,137.2,2026-01-11 06:30:43,TRANSFER,IMPS,ICICI Bank,IN,0,NORMAL_BANKING_FLOW
TX_ICICI_105509,ICICI_ACC_20006,ICICI_ACC_20126,1091.82,2026-01-10 19:38:04,SETTLEMENT,POS,ICICI Bank,IN,0,NORMAL_BANKING_FLOW
TX_ICICI_105510,ICICI_ACC_20099,SBI_ACC_20223,1179.0,2026-01-10 16:17:15,SETTLEMENT,POS,ICICI Bank,IN,0,NORMAL_BANKING_FLOW
TX_ICICI_105511,ICICI_ACC_20150,ICICI_ACC_20123,1513.24,2026-01-10 19:13:40,TRANSFER,UPI,ICICI Bank,IN,0,NORMAL_BANKING_FLOW
TX_ICICI_105512,ICICI_ACC_20036,ICICI_ACC_20156,2580.32,2026-01-10 20:04:24,TRANSFER,IMPS,ICICI Bank,IN,0,NORMAL_BANKING_FLOW
TX_ICICI_105513,ICICI_ACC_20231,YES_ACC_20169,2377.6,2026-01-10 22:10:48,TRANSFER,UPI,ICICI Bank,IN,0,NORMAL_BANKING_FLOW
TX_ICICI_105514,ICICI_ACC_20116,KOTAK_ACC_20182,1690.69,2026-01-11 00:17:22,TRANSFER,IMPS,ICICI Bank,IN,0,NORMAL_BANKING_FLOW
TX_ICICI_105515,ICICI_ACC_20125,ICICI_ACC_20131,3928.36,2026-01-11 00:43:10,TRANSFER,UPI,ICICI Bank,IN,0,NORMAL_BANKING_FLOW
TX_ICICI_105516,ICICI_ACC_20132,KOTAK_ACC_20249,341.36,2026-01-11 08:43:30,TRANSFER,UPI,ICICI Bank,IN,0,NORMAL_BANKING_FLOW
TX_ICICI_105517,ICICI_ACC_20176,ICICI_ACC_20205,2109.33,2026-01-10 21:22:12,TRANSFER,UPI,ICICI Bank,IN,0,NORMAL_BANKING_FLOW
TX_ICICI_105518,ICICI_ACC_20189,ICICI_ACC_20043,2354.03,2026-01-11 05:23:02,TRANSFER,UPI,ICICI Bank,IN,0,NORMAL_BANKING_FLOW
TX_ICICI_105519,ICICI_ACC_20055,ICICI_ACC_20085,438.95,2026-01-11 10:02:06,SETTLEMENT,POS,ICICI Bank,IN,0,NORMAL_BANKING_FLOW
TX_ICICI_105520,ICICI_ACC_20174,INDUS_ACC_20112,346.34,2026-01-11 01:11:24,TRANSFER,IMPS,ICICI Bank,IN,0,NORMAL_BANKING_FLOW
TX_ICICI_105521,ICICI_ACC_20091,ICICI_ACC_20023,684.47,2026-01-11 10:29:20,SETTLEMENT,POS,ICICI Bank,IN,0,NORMAL_BANKING_FLOW
TX_ICICI_105522,ICICI_ACC_20154,ICICI_ACC_20190,738.49,2026-01-11 06:16:48,TRANSFER,UPI,ICICI Bank,IN,0,NORMAL_BANKING_FLOW
TX_ICICI_105523,ICICI_ACC_20181,PNB_ACC_20011,2638.79,2026-01-10 22:15:38,TRANSFER,IMPS,ICICI Bank,IN,0,NORMAL_BANKING_FLOW
TX_ICICI_105524,ICICI_ACC_20130,ICICI_ACC_20026,770.4,2026-01-11 00:23:02,TRANSFER,UPI,ICICI Bank,IN,0,NORMAL_BANKING_FLOW
TX_ICICI_105525,ICICI_ACC_20078,SBI_ACC_20166,619.73,2026-01-10 18:02:36,TRANSFER,UPI,ICICI Bank,IN,0,NORMAL_BANKING_FLOW
TX_ICICI_105526,ICICI_ACC_20039,INDUS_ACC_20217,772.42,2026-01-11 10:59:35,TRANSFER,UPI,ICICI Bank,IN,0,NORMAL_BANKING_FLOW
TX_ICICI_105527,ICICI_ACC_20137,HDFC_ACC_20083,3665.68,2026-01-10 17:37:48,TRANSFER,UPI,ICICI Bank,IN,0,NORMAL_BANKING_FLOW
TX_ICICI_105528,ICICI_ACC_20209,BOB_ACC_20154,1355.25,2026-01-11 09:19:45,TRANSFER,IMPS,ICICI Bank,IN,0,NORMAL_BANKING_FLOW
TX_ICICI_105529,ICICI_ACC_20149,ICICI_ACC_20225,1139.88,2026-01-10 18:03:52,TRANSFER,IMPS,ICICI Bank,IN,0,NORMAL_BANKING_FLOW
TX_ICICI_105530,ICICI_ACC_20137,ICICI_ACC_20226,1213.17,2026-01-11 04:15:47,TRANSFER,IMPS,ICICI Bank,IN,0,NORMAL_BANKING_FLOW
TX_ICICI_105531,ICICI_ACC_20249,ICICI_ACC_20199,4284.91,2026-01-10 20:12:00,TRANSFER,UPI,ICICI Bank,IN,0,NORMAL_BANKING_FLOW
TX_ICICI_105532,ICICI_ACC_20109,ICICI_ACC_20067,682.49,2026-01-11 09:23:25,TRANSFER,UPI,ICICI Bank,IN,0,NORMAL_BANKING_FLOW
TX_ICICI_105533,ICICI_ACC_20147,SBI_ACC_20234,4376.29,2026-01-11 03:26:52,SETTLEMENT,POS,ICICI Bank,IN,0,NORMAL_BANKING_FLOW
TX_ICICI_105534,ICICI_ACC_20108,YES_ACC_20244,1618.81,2026-01-10 22:20:57,SETTLEMENT,POS,ICICI Bank,IN,0,NORMAL_BANKING_FLOW
TX_ICICI_105535,ICICI_ACC_20016,ICICI_ACC_20241,1159.36,2026-01-11 00:29:16,SETTLEMENT,POS,ICICI Bank,IN,0,NORMAL_BANKING_FLOW
TX_ICICI_105536,ICICI_ACC_20122,ICICI_ACC_20128,12718.47,2026-01-10 19:48:25,TRANSFER,IMPS,ICICI Bank,IN,0,NORMAL_BANKING_FLOW
TX_ICICI_105537,ICICI_ACC_20222,ICICI_ACC_20149,517.97,2026-01-11 06:03:12,TRANSFER,IMPS,ICICI Bank,IN,0,NORMAL_BANKING_FLOW
TX_ICICI_105538,ICICI_ACC_20180,AXIS_ACC_20169,974.26,2026-01-11 05:38:22,TRANSFER,UPI,ICICI Bank,IN,0,NORMAL_BANKING_FLOW
TX_ICICI_105539,ICICI_ACC_20130,ICICI_ACC_20144,441.78,2026-01-11 04:22:14,TRANSFER,UPI,ICICI Bank,IN,0,NORMAL_BANKING_FLOW
TX_ICICI_105540,ICICI_ACC_20034,ICICI_ACC_20022,3156.49,2026-01-10 21:58:12,TRANSFER,IMPS,ICICI Bank,IN,0,NORMAL_BANKING_FLOW
TX_ICICI_105541,ICICI_ACC_20235,PNB_ACC_20164,6125.83,2026-01-11 01:24:00,TRANSFER,IMPS,ICICI Bank,IN,0,NORMAL_BANKING_FLOW
TX_ICICI_105542,ICICI_ACC_20058,ICICI_ACC_20077,6020.53,2026-01-10 20:42:05,SETTLEMENT,POS,ICICI Bank,IN,0,NORMAL_BANKING_FLOW
TX_ICICI_105543,ICICI_ACC_20188,ICICI_ACC_20140,4030.13,2026-01-10 18:34:00,TRANSFER,UPI,ICICI Bank,IN,0,NORMAL_BANKING_FLOW
TX_ICICI_105544,ICICI_ACC_20065,ICICI_ACC_20150,1121.19,2026-01-11 01:51:31,TRANSFER,IMPS,ICICI Bank,IN,0,NORMAL_BANKING_FLOW
TX_ICICI_105545,ICICI_ACC_20006,KOTAK_ACC_20076,964.18,2026-01-11 04:00:48,TRANSFER,IMPS,ICICI Bank,IN,0,NORMAL_BANKING_FLOW
TX_ICICI_105546,ICICI_ACC_20216,ICICI_ACC_20065,297.66,2026-01-11 00:09:45,TRANSFER,IMPS,ICICI Bank,IN,0,NORMAL_BANKING_FLOW
TX_ICICI_105547,ICICI_ACC_20031,ICICI_ACC_20162,8368.97,2026-01-11 02:44:54,TRANSFER,UPI,ICICI Bank,IN,0,NORMAL_BANKING_FLOW
TX_ICICI_105548,ICICI_ACC_20072,ICICI_ACC_20236,2042.81,2026-01-11 07:54:57,TRANSFER,UPI,ICICI Bank,IN,0,NORMAL_BANKING_FLOW
TX_ICICI_105549,ICICI_ACC_20189,HDFC_ACC_20108,860.26,2026-01-11 09:39:00,TRANSFER,UPI,ICICI Bank,IN,0,NORMAL_BANKING_FLOW
TX_ICICI_105550,ICICI_ACC_20086,ICICI_ACC_20041,4426.0,2026-01-10 18:10:31,TRANSFER,UPI,ICICI Bank,IN,0,NORMAL_BANKING_FLOW
TX_ICICI_105551,ICICI_ACC_20170,ICICI_ACC_20144,558.09,2026-01-10 20:45:50,TRANSFER,UPI,ICICI Bank,IN,0,NORMAL_BANKING_FLOW
TX_ICICI_105552,ICICI_ACC_20213,HDFC_ACC_20058,1931.32,2026-01-11 07:32:30,TRANSFER,UPI,ICICI Bank,IN,0,NORMAL_BANKING_FLOW
TX_ICICI_105553,ICICI_ACC_20170,ICICI_ACC_20179,1146.69,2026-01-11 00:39:28,SETTLEMENT,POS,ICICI Bank,IN,0,NORMAL_BANKING_FLOW
TX_ICICI_105554,ICICI_ACC_20065,KOTAK_ACC_20177,2379.89,2026-01-10 17:45:54,TRANSFER,IMPS,ICICI Bank,IN,0,NORMAL_BANKING_FLOW
TX_ICICI_105555,ICICI_ACC_20073,ICICI_ACC_20032,1264.94,2026-01-11 05:51:24,SETTLEMENT,POS,ICICI Bank,IN,0,NORMAL_BANKING_FLOW
TX_ICICI_105556,ICICI_ACC_20220,ICICI_ACC_20103,362.91,2026-01-11 08:27:40,SETTLEMENT,POS,ICICI Bank,IN,0,NORMAL_BANKING_FLOW
TX_ICICI_105557,ICICI_ACC_20061,SBI_ACC_20207,1433.71,2026-01-11 00:15:48,TRANSFER,IMPS,ICICI Bank,IN,0,NORMAL_BANKING_FLOW
TX_ICICI_105558,ICICI_ACC_20218,ICICI_ACC_20249,3442.58,2026-01-10 20:22:48,TRANSFER,UPI,ICICI Bank,IN,0,NORMAL_BANKING_FLOW
TX_ICICI_105559,ICICI_ACC_20165,ICICI_ACC_20182,1304.67,2026-01-10 16:55:28,TRANSFER,IMPS,ICICI Bank,IN,0,NORMAL_BANKING_FLOW
TX_ICICI_105560,ICICI_ACC_20228,ICICI_ACC_20096,2690.83,2026-01-10 21:15:34,TRANSFER,UPI,ICICI Bank,IN,0,NORMAL_BANKING_FLOW
TX_ICICI_105561,ICICI_ACC_20153,YES_ACC_20105,522.71,2026-01-11 04:38:00,TRANSFER,UPI,ICICI Bank,IN,0,NORMAL_BANKING_FLOW
TX_ICICI_105562,ICICI_ACC_20000,ICICI_ACC_20081,1308.14,2026-01-11 04:12:42,SETTLEMENT,POS,ICICI Bank,IN,0,NORMAL_BANKING_FLOW
TX_ICICI_105563,ICICI_ACC_20071,ICICI_ACC_20244,763.52,2026-01-11 03:21:20,SETTLEMENT,POS,ICICI Bank,IN,0,NORMAL_BANKING_FLOW
TX_ICICI_105564,ICICI_ACC_20217,AXIS_ACC_20174,2623.55,2026-01-10 17:22:51,TRANSFER,UPI,ICICI Bank,IN,0,NORMAL_BANKING_FLOW
TX_ICICI_105565,ICICI_ACC_20068,ICICI_ACC_20140,1377.94,2026-01-11 11:37:56,SETTLEMENT,POS,ICICI Bank,IN,0,NORMAL_BANKING_FLOW
TX_ICICI_105566,ICICI_ACC_20053,YES_ACC_20141,2492.56,2026-01-10 17:23:25,TRANSFER,UPI,ICICI Bank,IN,0,NORMAL_BANKING_FLOW
TX_ICICI_105567,ICICI_ACC_20124,ICICI_ACC_20190,3565.07,2026-01-10 22:36:54,SETTLEMENT,POS,ICICI Bank,IN,0,NORMAL_BANKING_FLOW
TX_ICICI_105568,ICICI_ACC_20221,ICICI_ACC_20018,2496.03,2026-01-10 16:57:52,TRANSFER,UPI,ICICI Bank,IN,0,NORMAL_BANKING_FLOW
TX_ICICI_105569,ICICI_ACC_20077,ICICI_ACC_20104,1712.67,2026-01-11 01:14:40,TRANSFER,UPI,ICICI Bank,IN,0,NORMAL_BANKING_FLOW
TX_ICICI_105570,ICICI_ACC_20006,ICICI_ACC_20055,545.45,2026-01-10 19:35:18,TRANSFER,UPI,ICICI Bank,IN,0,NORMAL_BANKING_FLOW
TX_ICICI_105571,ICICI_ACC_20089,ICICI_ACC_20077,1336.08,2026-01-10 23:05:00,TRANSFER,IMPS,ICICI Bank,IN,0,NORMAL_BANKING_FLOW
TX_ICICI_105572,ICICI_ACC_20111,AXIS_ACC_20222,829.0,2026-01-11 03:27:20,SETTLEMENT,POS,ICICI Bank,IN,0,NORMAL_BANKING_FLOW
TX_ICICI_105573,ICICI_ACC_20028,ICICI_ACC_20064,982.74,2026-01-11 03:01:48,SETTLEMENT,POS,ICICI Bank,IN,0,NORMAL_BANKING_FLOW
TX_ICICI_105574,ICICI_ACC_20097,ICICI_ACC_20146,956.15,2026-01-11 06:05:58,TRANSFER,IMPS,ICICI Bank,IN,0,NORMAL_BANKING_FLOW
TX_ICICI_105575,ICICI_ACC_20091,YES_ACC_20228,554.5,2026-01-11 08:44:08,TRANSFER,IMPS,ICICI Bank,IN,0,NORMAL_BANKING_FLOW
TX_ICICI_105576,ICICI_ACC_20091,ICICI_ACC_20040,230.07,2026-01-11 09:37:30,TRANSFER,IMPS,ICICI Bank,IN,0,NORMAL_BANKING_FLOW
TX_ICICI_105577,ICICI_ACC_20175,ICICI_ACC_20218,734.12,2026-01-11 10:04:40,TRANSFER,UPI,ICICI Bank,IN,0,NORMAL_BANKING_FLOW
TX_ICICI_105578,ICICI_ACC_20076,ICICI_ACC_20006,1594.06,2026-01-10 23:34:47,SETTLEMENT,POS,ICICI Bank,IN,0,NORMAL_BANKING_FLOW
TX_ICICI_105579,ICICI_ACC_20247,BOB_ACC_20082,398.08,2026-01-10 22:16:24,SETTLEMENT,POS,ICICI Bank,IN,0,NORMAL_BANKING_FLOW
TX_ICICI_105580,ICICI_ACC_20190,INDUS_ACC_20016,1358.47,2026-01-10 16:34:45,SETTLEMENT,POS,ICICI Bank,IN,0,NORMAL_BANKING_FLOW
TX_ICICI_105581,ICICI_ACC_20200,PNB_ACC_20236,7407.45,2026-01-10 22:17:20,SETTLEMENT,POS,ICICI Bank,IN,0,NORMAL_BANKING_FLOW
TX_ICICI_105582,ICICI_ACC_20140,ICICI_ACC_20036,3363.55,2026-01-11 11:28:18,TRANSFER,UPI,ICICI Bank,IN,0,NORMAL_BANKING_FLOW
TX_ICICI_105583,ICICI_ACC_20137,ICICI_ACC_20000,5879.27,2026-01-10 21:25:32,TRANSFER,IMPS,ICICI Bank,IN,0,NORMAL_BANKING_FLOW
TX_ICICI_105584,ICICI_ACC_20061,HDFC_ACC_20064,1904.58,2026-01-11 00:57:02,TRANSFER,UPI,ICICI Bank,IN,0,NORMAL_BANKING_FLOW
TX_ICICI_105585,ICICI_ACC_20187,HDFC_ACC_20095,3830.53,2026-01-11 02:43:12,TRANSFER,UPI,ICICI Bank,IN,0,NORMAL_BANKING_FLOW
TX_ICICI_105586,ICICI_ACC_20148,AXIS_ACC_20091,698.15,2026-01-11 11:32:10,TRANSFER,UPI,ICICI Bank,IN,0,NORMAL_BANKING_FLOW
TX_ICICI_105587,ICICI_ACC_20178,CANARA_ACC_20134,750.02,2026-01-10 18:48:40,TRANSFER,UPI,ICICI Bank,IN,0,NORMAL_BANKING_FLOW
TX_ICICI_105588,ICICI_ACC_20210,ICICI_ACC_20016,113.84,2026-01-11 07:09:36,TRANSFER,UPI,ICICI Bank,IN,0,NORMAL_BANKING_FLOW
TX_ICICI_105589,ICICI_ACC_20002,ICICI_ACC_20150,3895.32,2026-01-10 20:08:44,SETTLEMENT,POS,ICICI Bank,IN,0,NORMAL_BANKING_FLOW
TX_ICICI_105590,ICICI_ACC_20112,ICICI_ACC_20111,5357.71,2026-01-11 01:26:55,TRANSFER,UPI,ICICI Bank,IN,0,NORMAL_BANKING_FLOW
TX_ICICI_105591,ICICI_ACC_20049,ICICI_ACC_20136,814.15,2026-01-11 04:33:00,TRANSFER,UPI,ICICI Bank,IN,0,NORMAL_BANKING_FLOW
TX_ICICI_105592,ICICI_ACC_20015,ICICI_ACC_20179,1065.76,2026-01-11 02:47:38,TRANSFER,IMPS,ICICI Bank,IN,0,NORMAL_BANKING_FLOW
TX_ICICI_105593,ICICI_ACC_20062,ICICI_ACC_20052,679.61,2026-01-11 07:40:08,TRANSFER,UPI,ICICI Bank,IN,0,NORMAL_BANKING_FLOW
TX_ICICI_105594,ICICI_ACC_20023,PNB_ACC_20058,1890.11,2026-01-11 09:00:36,TRANSFER,UPI,ICICI Bank,IN,0,NORMAL_BANKING_FLOW
TX_ICICI_105595,ICICI_ACC_20105,ICICI_ACC_20026,3686.52,2026-01-11 04:35:48,TRANSFER,UPI,ICICI Bank,IN,0,NORMAL_BANKING_FLOW
TX_ICICI_105596,ICICI_ACC_20140,ICICI_ACC_20116,279.08,2026-01-10 16:38:45,TRANSFER,UPI,ICICI Bank,IN,0,NORMAL_BANKING_FLOW
TX_ICICI_105597,ICICI_ACC_20171,ICICI_ACC_20134,1936.22,2026-01-10 19:18:36,TRANSFER,UPI,ICICI Bank,IN,0,NORMAL_BANKING_FLOW
TX_ICICI_105598,ICICI_ACC_20032,ICICI_ACC_20117,1044.19,2026-01-11 01:31:35,TRANSFER,UPI,ICICI Bank,IN,0,NORMAL_BANKING_FLOW
TX_ICICI_105599,ICICI_ACC_20140,ICICI_ACC_20000,1483.35,2026-01-10 17:59:24,TRANSFER,UPI,ICICI Bank,IN,0,NORMAL_BANKING_FLOW
TX_ICICI_105600,ICICI_ACC_20210,ICICI_ACC_20050,2024.53,2026-01-10 20:39:36,SETTLEMENT,POS,ICICI Bank,IN,0,NORMAL_BANKING_FLOW
TX_ICICI_105601,ICICI_ACC_20184,ICICI_ACC_20242,1130.73,2026-01-10 23:20:00,SETTLEMENT,POS,ICICI Bank,IN,0,NORMAL_BANKING_FLOW
TX_ICICI_105602,ICICI_ACC_20190,ICICI_ACC_20103,1220.2,2026-01-10 23:47:11,TRANSFER,UPI,ICICI Bank,IN,0,NORMAL_BANKING_FLOW
TX_ICICI_105603,ICICI_ACC_20049,ICICI_ACC_20246,1104.9,2026-01-10 17:33:54,TRANSFER,UPI,ICICI Bank,IN,0,NORMAL_BANKING_FLOW
TX_ICICI_105604,ICICI_ACC_20085,INDUS_ACC_20232,3207.62,2026-01-11 06:55:41,TRANSFER,UPI,ICICI Bank,IN,0,NORMAL_BANKING_FLOW
TX_ICICI_105605,ICICI_ACC_20083,AXIS_ACC_20043,1952.54,2026-01-11 12:17:16,TRANSFER,UPI,ICICI Bank,IN,0,NORMAL_BANKING_FLOW
TX_ICICI_105606,ICICI_ACC_20024,ICICI_ACC_20040,1633.57,2026-01-11 00:42:45,TRANSFER,IMPS,ICICI Bank,IN,0,NORMAL_BANKING_FLOW
TX_ICICI_105607,ICICI_ACC_20122,ICICI_ACC_20080,426.73,2026-01-10 17:08:16,TRANSFER,UPI,ICICI Bank,IN,0,NORMAL_BANKING_FLOW
TX_ICICI_105608,ICICI_ACC_20189,ICICI_ACC_20036,952.68,2026-01-10 18:28:53,TRANSFER,UPI,ICICI Bank,IN,0,NORMAL_BANKING_FLOW
TX_ICICI_105609,ICICI_ACC_20220,ICICI_ACC_20229,3007.31,2026-01-10 17:08:48,TRANSFER,UPI,ICICI Bank,IN,0,NORMAL_BANKING_FLOW
TX_ICICI_105610,ICICI_ACC_20189,ICICI_ACC_20032,1385.65,2026-01-10 23:24:30,TRANSFER,UPI,ICICI Bank,IN,0,NORMAL_BANKING_FLOW
TX_ICICI_105611,ICICI_ACC_20071,ICICI_ACC_20082,2424.98,2026-01-10 20:17:10,SETTLEMENT,POS,ICICI Bank,IN,0,NORMAL_BANKING_FLOW
TX_ICICI_105612,ICICI_ACC_20150,ICICI_ACC_20171,6567.32,2026-01-10 22:58:39,SETTLEMENT,POS,ICICI Bank,IN,0,NORMAL_BANKING_FLOW
TX_ICICI_105613,ICICI_ACC_20096,ICICI_ACC_20007,3410.95,2026-01-10 21:38:32,TRANSFER,UPI,ICICI Bank,IN,0,NORMAL_BANKING_FLOW
TX_ICICI_105614,ICICI_ACC_20189,ICICI_ACC_20011,1456.57,2026-01-10 19:24:33,SETTLEMENT,POS,ICICI Bank,IN,0,NORMAL_BANKING_FLOW
TX_ICICI_105615,ICICI_ACC_20053,ICICI_ACC_20079,845.65,2026-01-10 18:31:06,TRANSFER,UPI,ICICI Bank,IN,0,NORMAL_BANKING_FLOW
TX_ICICI_105616,ICICI_ACC_20025,ICICI_ACC_20165,134.53,2026-01-10 22:33:40,TRANSFER,UPI,ICICI Bank,IN,0,NORMAL_BANKING_FLOW
TX_ICICI_105617,ICICI_ACC_20132,ICICI_ACC_20029,1151.08,2026-01-10 21:40:16,TRANSFER,UPI,ICICI Bank,IN,0,NORMAL_BANKING_FLOW
TX_ICICI_105618,ICICI_ACC_20187,ICICI_ACC_20085,998.83,2026-01-10 22:34:36,TRANSFER,UPI,ICICI Bank,IN,0,NORMAL_BANKING_FLOW
TX_ICICI_105619,ICICI_ACC_20085,ICICI_ACC_20077,1903.27,2026-01-11 04:25:38,TRANSFER,IMPS,ICICI Bank,IN,0,NORMAL_BANKING_FLOW
TX_ICICI_105620,ICICI_ACC_20076,PNB_ACC_20156,1166.18,2026-01-10 21:41:34,TRANSFER,IMPS,ICICI Bank,IN,0,NORMAL_BANKING_FLOW
TX_ICICI_105621,ICICI_ACC_20001,ICICI_ACC_20150,1003.91,2026-01-11 05:21:00,TRANSFER,UPI,ICICI Bank,IN,0,NORMAL_BANKING_FLOW
TX_ICICI_105622,ICICI_ACC_20049,ICICI_ACC_20191,270.03,2026-01-11 07:09:47,TRANSFER,UPI,ICICI Bank,IN,0,NORMAL_BANKING_FLOW
TX_ICICI_105623,ICICI_ACC_20149,KOTAK_ACC_20111,574.8,2026-01-10 18:06:36,TRANSFER,IMPS,ICICI Bank,IN,0,NORMAL_BANKING_FLOW
TX_ICICI_105624,ICICI_ACC_20121,ICICI_ACC_20222,2056.96,2026-01-11 05:50:12,TRANSFER,IMPS,ICICI Bank,IN,0,NORMAL_BANKING_FLOW
TX_ICICI_105625,ICICI_ACC_20146,ICICI_ACC_20161,6274.93,2026-01-10 23:32:00,TRANSFER,UPI,ICICI Bank,IN,0,NORMAL_BANKING_FLOW
TX_ICICI_105626,ICICI_ACC_20120,INDUS_ACC_20103,1226.88,2026-01-11 03:09:10,TRANSFER,UPI,ICICI Bank,IN,0,NORMAL_BANKING_FLOW
TX_ICICI_105627,ICICI_ACC_20045,YES_ACC_20094,1799.08,2026-01-10 19:02:00,TRANSFER,UPI,ICICI Bank,IN,0,NORMAL_BANKING_FLOW
TX_ICICI_105628,ICICI_ACC_20016,ICICI_ACC_20196,3156.54,2026-01-11 02:16:12,TRANSFER,IMPS,ICICI Bank,IN,0,NORMAL_BANKING_FLOW
TX_ICICI_105629,ICICI_ACC_20094,BOB_ACC_20015,645.61,2026-01-11 03:38:12,SETTLEMENT,POS,ICICI Bank,IN,0,NORMAL_BANKING_FLOW
TX_ICICI_105630,ICICI_ACC_20106,ICICI_ACC_20068,1863.35,2026-01-11 10:26:06,SETTLEMENT,POS,ICICI Bank,IN,0,NORMAL_BANKING_FLOW
TX_ICICI_105631,ICICI_ACC_20094,ICICI_ACC_20104,687.84,2026-01-11 06:22:30,TRANSFER,IMPS,ICICI Bank,IN,0,NORMAL_BANKING_FLOW
TX_ICICI_105632,ICICI_ACC_20040,ICICI_ACC_20114,2917.09,2026-01-11 09:33:32,TRANSFER,IMPS,ICICI Bank,IN,0,NORMAL_BANKING_FLOW
TX_ICICI_105633,ICICI_ACC_20100,ICICI_ACC_20081,1534.96,2026-01-11 00:30:24,SETTLEMENT,POS,ICICI Bank,IN,0,NORMAL_BANKING_FLOW
TX_ICICI_105634,ICICI_ACC_20053,ICICI_ACC_20179,1752.16,2026-01-11 11:51:21,TRANSFER,UPI,ICICI Bank,IN,0,NORMAL_BANKING_FLOW
TX_ICICI_105635,ICICI_ACC_20104,ICICI_ACC_20163,662.26,2026-01-11 12:46:46,TRANSFER,IMPS,ICICI Bank,IN,0,NORMAL_BANKING_FLOW
TX_ICICI_105636,ICICI_ACC_20086,AXIS_ACC_20074,2530.9,2026-01-11 09:09:45,TRANSFER,IMPS,ICICI Bank,IN,0,NORMAL_BANKING_FLOW
TX_ICICI_105637,ICICI_ACC_20181,YES_ACC_20126,8745.04,2026-01-10 22:16:12,SETTLEMENT,POS,ICICI Bank,IN,0,NORMAL_BANKING_FLOW
TX_ICICI_105638,ICICI_ACC_20026,ICICI_ACC_20020,540.71,2026-01-11 09:38:44,TRANSFER,UPI,ICICI Bank,IN,0,NORMAL_BANKING_FLOW
TX_ICICI_105639,ICICI_ACC_20221,ICICI_ACC_20240,986.55,2026-01-10 21:22:30,TRANSFER,IMPS,ICICI Bank,IN,0,NORMAL_BANKING_FLOW
TX_ICICI_105640,ICICI_ACC_20190,ICICI_ACC_20239,1649.86,2026-01-11 04:39:59,SETTLEMENT,POS,ICICI Bank,IN,0,NORMAL_BANKING_FLOW
TX_ICICI_105641,ICICI_ACC_20054,PNB_ACC_20105,2718.31,2026-01-10 23:12:40,TRANSFER,UPI,ICICI Bank,IN,0,NORMAL_BANKING_FLOW
TX_ICICI_105642,ICICI_ACC_20191,ICICI_ACC_20171,809.49,2026-01-11 08:47:30,TRANSFER,UPI,ICICI Bank,IN,0,NORMAL_BANKING_FLOW
TX_ICICI_105643,ICICI_ACC_20200,ICICI_ACC_20187,104.61,2026-01-11 09:15:42,TRANSFER,UPI,ICICI Bank,IN,0,NORMAL_BANKING_FLOW
TX_ICICI_105644,ICICI_ACC_20144,ICICI_ACC_20164,4551.77,2026-01-11 08:21:47,TRANSFER,UPI,ICICI Bank,IN,0,NORMAL_BANKING_FLOW
TX_ICICI_105645,ICICI_ACC_20192,BOB_ACC_20201,2655.68,2026-01-10 23:42:00,TRANSFER,IMPS,ICICI Bank,IN,0,NORMAL_BANKING_FLOW
TX_ICICI_105646,ICICI_ACC_20024,ICICI_ACC_20058,279.04,2026-01-11 12:02:45,TRANSFER,UPI,ICICI Bank,IN,0,NORMAL_BANKING_FLOW
TX_ICICI_105647,ICICI_ACC_20021,ICICI_ACC_20230,775.25,2026-01-11 12:31:08,SETTLEMENT,POS,ICICI Bank,IN,0,NORMAL_BANKING_FLOW
TX_ICICI_105648,ICICI_ACC_20177,ICICI_ACC_20007,5493.74,2026-01-11 07:30:09,TRANSFER,IMPS,ICICI Bank,IN,0,NORMAL_BANKING_FLOW
TX_ICICI_105649,ICICI_ACC_20206,ICICI_ACC_20033,4929.62,2026-01-10 23:44:00,TRANSFER,UPI,ICICI Bank,IN,0,NORMAL_BANKING_FLOW
TX_ICICI_105650,ICICI_ACC_20176,ICICI_ACC_20213,3117.47,2026-01-11 03:51:51,TRANSFER,UPI,ICICI Bank,IN,0,NORMAL_BANKING_FLOW
TX_ICICI_105651,ICICI_ACC_20070,ICICI_ACC_20109,1143.1,2026-01-10 16:52:30,SETTLEMENT,POS,ICICI Bank,IN,0,NORMAL_BANKING_FLOW
TX_ICICI_105652,ICICI_ACC_20231,BOB_ACC_20229,1443.3,2026-01-11 06:38:15,SETTLEMENT,POS,ICICI Bank,IN,0,NORMAL_BANKING_FLOW
TX_ICICI_105653,ICICI_ACC_20070,ICICI_ACC_20030,1190.55,2026-01-10 20:33:16,TRANSFER,UPI,ICICI Bank,IN,0,NORMAL_BANKING_FLOW
TX_ICICI_105654,ICICI_ACC_20073,ICICI_ACC_20050,3697.51,2026-01-10 20:33:39,SETTLEMENT,POS,ICICI Bank,IN,0,NORMAL_BANKING_FLOW
TX_ICICI_105655,ICICI_ACC_20200,YES_ACC_20047,608.95,2026-01-11 09:53:28,TRANSFER,IMPS,ICICI Bank,IN,0,NORMAL_BANKING_FLOW
TX_ICICI_105656,ICICI_ACC_20214,ICICI_ACC_20148,648.58,2026-01-11 02:05:25,TRANSFER,IMPS,ICICI Bank,IN,0,NORMAL_BANKING_FLOW
TX_ICICI_105657,ICICI_ACC_20215,INDUS_ACC_20192,3325.07,2026-01-11 11:18:00,TRANSFER,UPI,ICICI Bank,IN,0,NORMAL_BANKING_FLOW
TX_ICICI_105658,ICICI_ACC_20208,ICICI_ACC_20027,1287.01,2026-01-11 04:24:40,TRANSFER,UPI,ICICI Bank,IN,0,NORMAL_BANKING_FLOW
TX_ICICI_105659,ICICI_ACC_20238,ICICI_ACC_20206,4631.43,2026-01-11 06:15:52,TRANSFER,UPI,ICICI Bank,IN,0,NORMAL_BANKING_FLOW
TX_ICICI_105660,ICICI_ACC_20076,ICICI_ACC_20102,731.9,2026-01-11 09:57:48,TRANSFER,IMPS,ICICI Bank,IN,0,NORMAL_BANKING_FLOW
TX_ICICI_105661,ICICI_ACC_20216,ICICI_ACC_20170,1275.0,2026-01-11 09:31:00,TRANSFER,UPI,ICICI Bank,IN,0,NORMAL_BANKING_FLOW
TX_ICICI_105662,ICICI_ACC_20105,YES_ACC_20183,583.96,2026-01-10 20:09:02,TRANSFER,UPI,ICICI Bank,IN,0,NORMAL_BANKING_FLOW
TX_ICICI_105663,ICICI_ACC_20022,ICICI_ACC_20116,1348.34,2026-01-11 01:14:06,TRANSFER,IMPS,ICICI Bank,IN,0,NORMAL_BANKING_FLOW
TX_ICICI_105664,ICICI_ACC_20174,KOTAK_ACC_20055,354.0,2026-01-11 12:47:34,TRANSFER,UPI,ICICI Bank,IN,0,NORMAL_BANKING_FLOW
TX_ICICI_105665,ICICI_ACC_20028,ICICI_ACC_20245,863.62,2026-01-11 02:38:24,TRANSFER,UPI,ICICI Bank,IN,0,NORMAL_BANKING_FLOW
TX_ICICI_105666,ICICI_ACC_20089,SBI_ACC_20029,367.74,2026-01-11 04:02:15,TRANSFER,UPI,ICICI Bank,IN,0,NORMAL_BANKING_FLOW
TX_ICICI_105667,ICICI_ACC_20063,ICICI_ACC_20070,2501.21,2026-01-11 04:30:40,TRANSFER,IMPS,ICICI Bank,IN,0,NORMAL_BANKING_FLOW
TX_ICICI_105668,ICICI_ACC_20193,ICICI_ACC_20057,2552.76,2026-01-11 10:04:44,TRANSFER,UPI,ICICI Bank,IN,0,NORMAL_BANKING_FLOW
TX_ICICI_105669,ICICI_ACC_20069,ICICI_ACC_20235,282.24,2026-01-10 23:26:12,TRANSFER,UPI,ICICI Bank,IN,0,NORMAL_BANKING_FLOW
TX_ICICI_105670,ICICI_ACC_20123,ICICI_ACC_20052,4449.28,2026-01-11 12:25:33,TRANSFER,UPI,ICICI Bank,IN,0,NORMAL_BANKING_FLOW
TX_ICICI_105671,ICICI_ACC_20203,ICICI_ACC_20011,12678.64,2026-01-11 12:54:20,TRANSFER,UPI,ICICI Bank,IN,0,NORMAL_BANKING_FLOW
TX_ICICI_105672,ICICI_ACC_20176,ICICI_ACC_20187,1396.06,2026-01-11 09:40:21,TRANSFER,IMPS,ICICI Bank,IN,0,NORMAL_BANKING_FLOW
TX_ICICI_105673,ICICI_ACC_20221,ICICI_ACC_20153,752.2,2026-01-10 18:21:36,SETTLEMENT,POS,ICICI Bank,IN,0,NORMAL_BANKING_FLOW
TX_ICICI_105674,ICICI_ACC_20064,HDFC_ACC_20026,17015.8,2026-01-10 23:00:44,TRANSFER,UPI,ICICI Bank,IN,0,NORMAL_BANKING_FLOW
TX_ICICI_105675,ICICI_ACC_20072,ICICI_ACC_20182,408.68,2026-01-11 04:36:00,TRANSFER,UPI,ICICI Bank,IN,0,NORMAL_BANKING_FLOW
TX_ICICI_105676,ICICI_ACC_20021,SBI_ACC_20217,1363.89,2026-01-11 10:11:40,TRANSFER,IMPS,ICICI Bank,IN,0,NORMAL_BANKING_FLOW
TX_ICICI_105677,ICICI_ACC_20236,ICICI_ACC_20233,1574.45,2026-01-11 01:49:44,TRANSFER,IMPS,ICICI Bank,IN,0,NORMAL_BANKING_FLOW
TX_ICICI_105678,ICICI_ACC_20143,YES_ACC_20218,4494.6,2026-01-10 17:55:09,TRANSFER,UPI,ICICI Bank,IN,0,NORMAL_BANKING_FLOW
TX_ICICI_105679,ICICI_ACC_20103,SBI_ACC_20191,1851.53,2026-01-11 05:06:38,SETTLEMENT,POS,ICICI Bank,IN,0,NORMAL_BANKING_FLOW
TX_ICICI_105680,ICICI_ACC_20154,ICICI_ACC_20074,855.11,2026-01-10 18:51:41,SETTLEMENT,POS,ICICI Bank,IN,0,NORMAL_BANKING_FLOW
TX_ICICI_105681,ICICI_ACC_20216,PNB_ACC_20128,569.03,2026-01-10 21:12:00,TRANSFER,UPI,ICICI Bank,IN,0,NORMAL_BANKING_FLOW
TX_ICICI_105682,ICICI_ACC_20066,SBI_ACC_20053,984.72,2026-01-11 02:48:36,TRANSFER,UPI,ICICI Bank,IN,0,NORMAL_BANKING_FLOW
TX_ICICI_105683,ICICI_ACC_20108,ICICI_ACC_20123,541.19,2026-01-11 02:21:10,TRANSFER,UPI,ICICI Bank,IN,0,NORMAL_BANKING_FLOW
TX_ICICI_105684,ICICI_ACC_20024,ICICI_ACC_20241,1398.34,2026-01-11 09:50:33,SETTLEMENT,POS,ICICI Bank,IN,0,NORMAL_BANKING_FLOW
TX_ICICI_105685,ICICI_ACC_20235,ICICI_ACC_20015,806.11,2026-01-11 10:19:28,TRANSFER,UPI,ICICI Bank,IN,0,NORMAL_BANKING_FLOW
TX_ICICI_105686,ICICI_ACC_20123,ICICI_ACC_20180,349.1,2026-01-10 19:21:40,TRANSFER,UPI,ICICI Bank,IN,0,NORMAL_BANKING_FLOW
TX_ICICI_105687,ICICI_ACC_20029,ICICI_ACC_20035,4144.89,2026-01-10 19:22:00,TRANSFER,IMPS,ICICI Bank,IN,0,NORMAL_BANKING_FLOW
TX_ICICI_105688,ICICI_ACC_20174,ICICI_ACC_20217,855.85,2026-01-11 14:07:00,TRANSFER,UPI,ICICI Bank,IN,0,NORMAL_BANKING_FLOW
TX_ICICI_105689,ICICI_ACC_20077,SBI_ACC_20041,427.81,2026-01-10 17:30:08,SETTLEMENT,POS,ICICI Bank,IN,0,NORMAL_BANKING_FLOW
TX_ICICI_105690,ICICI_ACC_20167,ICICI_ACC_20023,1151.21,2026-01-11 08:31:12,TRANSFER,IMPS,ICICI Bank,IN,0,NORMAL_BANKING_FLOW
TX_ICICI_105691,ICICI_ACC_20136,ICICI_ACC_20162,1424.44,2026-01-10 20:19:40,TRANSFER,UPI,ICICI Bank,IN,0,NORMAL_BANKING_FLOW
TX_ICICI_105692,ICICI_ACC_20232,ICICI_ACC_20178,278.16,2026-01-11 01:58:14,TRANSFER,UPI,ICICI Bank,IN,0,NORMAL_BANKING_FLOW
TX_ICICI_105693,ICICI_ACC_20155,ICICI_ACC_20111,1805.3,2026-01-10 18:55:48,TRANSFER,IMPS,ICICI Bank,IN,0,NORMAL_BANKING_FLOW
TX_ICICI_105694,ICICI_ACC_20094,ICICI_ACC_20075,521.94,2026-01-11 07:09:45,SETTLEMENT,POS,ICICI Bank,IN,0,NORMAL_BANKING_FLOW
TX_ICICI_105695,ICICI_ACC_20018,ICICI_ACC_20202,6247.43,2026-01-11 05:45:48,TRANSFER,UPI,ICICI Bank,IN,0,NORMAL_BANKING_FLOW
TX_ICICI_105696,ICICI_ACC_20163,ICICI_ACC_20157,2146.44,2026-01-10 19:25:00,TRANSFER,UPI,ICICI Bank,IN,0,NORMAL_BANKING_FLOW
TX_ICICI_105697,ICICI_ACC_20097,ICICI_ACC_20148,934.57,2026-01-10 20:21:52,TRANSFER,IMPS,ICICI Bank,IN,0,NORMAL_BANKING_FLOW
TX_ICICI_105698,ICICI_ACC_20164,ICICI_ACC_20089,684.95,2026-01-11 01:33:21,TRANSFER,UPI,ICICI Bank,IN,0,NORMAL_BANKING_FLOW
TX_ICICI_105699,ICICI_ACC_20019,HDFC_ACC_20235,1218.69,2026-01-11 01:33:54,SETTLEMENT,POS,ICICI Bank,IN,0,NORMAL_BANKING_FLOW
TX_ICICI_105700,ICICI_ACC_20013,ICICI_ACC_20170,2325.08,2026-01-11 02:59:24,TRANSFER,UPI,ICICI Bank,IN,0,NORMAL_BANKING_FLOW
TX_ICICI_105701,ICICI_ACC_20047,ICICI_ACC_20105,1309.05,2026-01-11 05:50:00,SETTLEMENT,POS,ICICI Bank,IN,0,NORMAL_BANKING_FLOW
TX_ICICI_105702,ICICI_ACC_20088,ICICI_ACC_20082,1101.64,2026-01-11 09:37:30,TRANSFER,UPI,ICICI Bank,IN,0,NORMAL_BANKING_FLOW
TX_ICICI_105703,ICICI_ACC_20127,HDFC_ACC_20000,1411.68,2026-01-10 22:17:32,TRANSFER,IMPS,ICICI Bank,IN,0,NORMAL_BANKING_FLOW
TX_ICICI_105704,ICICI_ACC_20072,ICICI_ACC_20208,777.84,2026-01-10 20:52:49,TRANSFER,IMPS,ICICI Bank,IN,0,NORMAL_BANKING_FLOW
TX_ICICI_105705,ICICI_ACC_20119,ICICI_ACC_20153,983.5,2026-01-10 18:59:36,SETTLEMENT,POS,ICICI Bank,IN,0,NORMAL_BANKING_FLOW
TX_ICICI_105706,ICICI_ACC_20133,ICICI_ACC_20233,204.95,2026-01-11 14:25:00,TRANSFER,IMPS,ICICI Bank,IN,0,NORMAL_BANKING_FLOW
TX_ICICI_105707,ICICI_ACC_20154,ICICI_ACC_20145,3217.48,2026-01-11 03:32:02,TRANSFER,UPI,ICICI Bank,IN,0,NORMAL_BANKING_FLOW
TX_ICICI_105708,ICICI_ACC_20014,ICICI_ACC_20028,1752.71,2026-01-11 11:07:51,TRANSFER,UPI,ICICI Bank,IN,0,NORMAL_BANKING_FLOW
TX_ICICI_105709,ICICI_ACC_20179,YES_ACC_20115,667.73,2026-01-11 10:40:16,SETTLEMENT,POS,ICICI Bank,IN,0,NORMAL_BANKING_FLOW
TX_ICICI_105710,ICICI_ACC_20234,ICICI_ACC_20093,7397.23,2026-01-11 03:33:53,SETTLEMENT,POS,ICICI Bank,IN,0,NORMAL_BANKING_FLOW
TX_ICICI_105711,ICICI_ACC_20075,AXIS_ACC_20114,1448.54,2026-01-11 04:03:00,TRANSFER,IMPS,ICICI Bank,IN,0,NORMAL_BANKING_FLOW
TX_ICICI_105712,ICICI_ACC_20116,ICICI_ACC_20103,527.14,2026-01-11 12:08:25,TRANSFER,IMPS,ICICI Bank,IN,0,NORMAL_BANKING_FLOW
TX_ICICI_105713,ICICI_ACC_20092,ICICI_ACC_20006,2895.94,2026-01-10 20:56:16,TRANSFER,IMPS,ICICI Bank,IN,0,NORMAL_BANKING_FLOW
TX_ICICI_105714,ICICI_ACC_20002,ICICI_ACC_20170,1916.48,2026-01-11 00:45:03,TRANSFER,UPI,ICICI Bank,IN,0,NORMAL_BANKING_FLOW
TX_ICICI_105715,ICICI_ACC_20219,PNB_ACC_20028,1910.5,2026-01-10 18:05:38,TRANSFER,UPI,ICICI Bank,IN,0,NORMAL_BANKING_FLOW
TX_ICICI_105716,ICICI_ACC_20209,ICICI_ACC_20165,913.08,2026-01-10 23:48:55,TRANSFER,UPI,ICICI Bank,IN,0,NORMAL_BANKING_FLOW
TX_ICICI_105717,ICICI_ACC_20066,ICICI_ACC_20180,2009.11,2026-01-11 05:32:36,SETTLEMENT,POS,ICICI Bank,IN,0,NORMAL_BANKING_FLOW
TX_ICICI_105718,ICICI_ACC_20206,ICICI_ACC_20001,1058.3,2026-01-11 08:24:59,TRANSFER,UPI,ICICI Bank,IN,0,NORMAL_BANKING_FLOW
TX_ICICI_105719,ICICI_ACC_20208,ICICI_ACC_20138,2209.12,2026-01-10 17:09:30,SETTLEMENT,POS,ICICI Bank,IN,0,NORMAL_BANKING_FLOW
TX_ICICI_105720,ICICI_ACC_20069,HDFC_ACC_20124,241.18,2026-01-11 11:18:27,TRANSFER,UPI,ICICI Bank,IN,0,NORMAL_BANKING_FLOW
TX_ICICI_105721,ICICI_ACC_20001,ICICI_ACC_20044,906.43,2026-01-10 20:59:20,TRANSFER,IMPS,ICICI Bank,IN,0,NORMAL_BANKING_FLOW
TX_ICICI_105722,ICICI_ACC_20028,ICICI_ACC_20223,6310.31,2026-01-10 22:54:27,TRANSFER,IMPS,ICICI Bank,IN,0,NORMAL_BANKING_FLOW
TX_ICICI_105723,ICICI_ACC_20058,ICICI_ACC_20037,671.58,2026-01-11 13:15:54,TRANSFER,UPI,ICICI Bank,IN,0,NORMAL_BANKING_FLOW
TX_ICICI_105724,ICICI_ACC_20039,ICICI_ACC_20138,777.86,2026-01-10 22:26:38,TRANSFER,UPI,ICICI Bank,IN,0,NORMAL_BANKING_FLOW
TX_ICICI_105725,ICICI_ACC_20221,ICICI_ACC_20049,895.01,2026-01-11 01:19:28,TRANSFER,UPI,ICICI Bank,IN,0,NORMAL_BANKING_FLOW
TX_ICICI_105726,ICICI_ACC_20151,ICICI_ACC_20008,448.84,2026-01-11 03:43:45,SETTLEMENT,POS,ICICI Bank,IN,0,NORMAL_BANKING_FLOW
TX_ICICI_105727,ICICI_ACC_20009,BOB_ACC_20068,183.56,2026-01-10 17:11:30,TRANSFER,UPI,ICICI Bank,IN,0,NORMAL_BANKING_FLOW
TX_ICICI_105728,ICICI_ACC_20029,ICICI_ACC_20228,1088.41,2026-01-11 06:37:41,TRANSFER,IMPS,ICICI Bank,IN,0,NORMAL_BANKING_FLOW
TX_ICICI_105729,ICICI_ACC_20239,ICICI_ACC_20170,1513.64,2026-01-10 20:04:48,TRANSFER,IMPS,ICICI Bank,IN,0,NORMAL_BANKING_FLOW
TX_ICICI_105730,ICICI_ACC_20242,KOTAK_ACC_20081,1277.61,2026-01-10 17:41:04,SETTLEMENT,POS,ICICI Bank,IN,0,NORMAL_BANKING_FLOW
TX_ICICI_105731,ICICI_ACC_20042,BOB_ACC_20151,1175.69,2026-01-11 06:39:50,SETTLEMENT,POS,ICICI Bank,IN,0,NORMAL_BANKING_FLOW
TX_ICICI_105732,ICICI_ACC_20001,YES_ACC_20074,1392.33,2026-01-10 21:03:33,SETTLEMENT,POS,ICICI Bank,IN,0,NORMAL_BANKING_FLOW
TX_ICICI_105733,ICICI_ACC_20239,ICICI_ACC_20245,3362.89,2026-01-10 20:35:04,TRANSFER,IMPS,ICICI Bank,IN,0,NORMAL_BANKING_FLOW
TX_ICICI_105734,ICICI_ACC_20010,ICICI_ACC_20119,1128.45,2026-01-11 08:08:38,TRANSFER,IMPS,ICICI Bank,IN,0,NORMAL_BANKING_FLOW
TX_ICICI_105735,ICICI_ACC_20032,SBI_ACC_20217,798.97,2026-01-11 09:07:12,TRANSFER,UPI,ICICI Bank,IN,0,NORMAL_BANKING_FLOW
TX_ICICI_105736,ICICI_ACC_20076,ICICI_ACC_20073,1040.01,2026-01-10 19:09:25,TRANSFER,UPI,ICICI Bank,IN,0,NORMAL_BANKING_FLOW
TX_ICICI_105737,ICICI_ACC_20062,ICICI_ACC_20157,2256.14,2026-01-11 14:56:00,SETTLEMENT,POS,ICICI Bank,IN,0,NORMAL_BANKING_FLOW
TX_ICICI_105738,ICICI_ACC_20032,BOB_ACC_20194,4773.45,2026-01-11 03:22:12,SETTLEMENT,POS,ICICI Bank,IN,0,NORMAL_BANKING_FLOW
TX_ICICI_105739,ICICI_ACC_20067,ICICI_ACC_20143,761.03,2026-01-10 20:08:18,SETTLEMENT,POS,ICICI Bank,IN,0,NORMAL_BANKING_FLOW
TX_ICICI_105740,ICICI_ACC_20073,AXIS_ACC_20140,1464.17,2026-01-11 05:48:19,TRANSFER,IMPS,ICICI Bank,IN,0,NORMAL_BANKING_FLOW
TX_ICICI_105741,ICICI_ACC_20164,ICICI_ACC_20142,1816.24,2026-01-10 18:13:00,TRANSFER,UPI,ICICI Bank,IN,0,NORMAL_BANKING_FLOW
TX_ICICI_105742,ICICI_ACC_20098,ICICI_ACC_20088,548.22,2026-01-11 12:06:54,TRANSFER,UPI,ICICI Bank,IN,0,NORMAL_BANKING_FLOW
TX_ICICI_105743,ICICI_ACC_20143,ICICI_ACC_20248,1364.27,2026-01-11 08:15:32,SETTLEMENT,POS,ICICI Bank,IN,0,NORMAL_BANKING_FLOW
TX_ICICI_105744,ICICI_ACC_20058,ICICI_ACC_20150,358.13,2026-01-10 17:44:48,TRANSFER,IMPS,ICICI Bank,IN,0,NORMAL_BANKING_FLOW
TX_ICICI_105745,ICICI_ACC_20024,ICICI_ACC_20170,272.56,2026-01-10 20:39:28,TRANSFER,IMPS,ICICI Bank,IN,0,NORMAL_BANKING_FLOW
TX_ICICI_105746,ICICI_ACC_20183,ICICI_ACC_20239,1863.24,2026-01-11 12:10:30,TRANSFER,IMPS,ICICI Bank,IN,0,NORMAL_BANKING_FLOW
TX_ICICI_105747,ICICI_ACC_20103,ICICI_ACC_20003,948.15,2026-01-11 00:33:00,SETTLEMENT,POS,ICICI Bank,IN,0,NORMAL_BANKING_FLOW
TX_ICICI_105748,ICICI_ACC_20141,ICICI_ACC_20088,1606.88,2026-01-11 02:59:05,SETTLEMENT,POS,ICICI Bank,IN,0,NORMAL_BANKING_FLOW
TX_ICICI_105749,ICICI_ACC_20151,ICICI_ACC_20179,1318.03,2026-01-11 08:20:08,TRANSFER,IMPS,ICICI Bank,IN,0,NORMAL_BANKING_FLOW
TX_ICICI_105750,ICICI_ACC_20071,ICICI_ACC_20230,556.26,2026-01-10 17:46:24,TRANSFER,IMPS,ICICI Bank,IN,0,NORMAL_BANKING_FLOW
TX_ICICI_105751,ICICI_ACC_20154,SBI_ACC_20176,1285.97,2026-01-10 17:17:30,SETTLEMENT,POS,ICICI Bank,IN,0,NORMAL_BANKING_FLOW
TX_ICICI_105752,ICICI_ACC_20039,ICICI_ACC_20206,441.51,2026-01-11 02:32:14,TRANSFER,UPI,ICICI Bank,IN,0,NORMAL_BANKING_FLOW
TX_ICICI_105753,ICICI_ACC_20096,ICICI_ACC_20012,4683.85,2026-01-11 09:50:48,TRANSFER,UPI,ICICI Bank,IN,0,NORMAL_BANKING_FLOW
TX_ICICI_105754,ICICI_ACC_20117,ICICI_ACC_20115,395.29,2026-01-11 04:59:27,TRANSFER,UPI,ICICI Bank,IN,0,NORMAL_BANKING_FLOW
TX_ICICI_105755,ICICI_ACC_20228,ICICI_ACC_20102,1123.04,2026-01-11 01:35:28,TRANSFER,UPI,ICICI Bank,IN,0,NORMAL_BANKING_FLOW
TX_ICICI_105756,ICICI_ACC_20106,ICICI_ACC_20057,524.24,2026-01-11 03:03:45,TRANSFER,UPI,ICICI Bank,IN,0,NORMAL_BANKING_FLOW
TX_ICICI_105757,ICICI_ACC_20017,ICICI_ACC_20231,2238.09,2026-01-11 05:59:56,TRANSFER,IMPS,ICICI Bank,IN,0,NORMAL_BANKING_FLOW
TX_ICICI_105758,ICICI_ACC_20091,ICICI_ACC_20005,993.97,2026-01-11 10:24:10,TRANSFER,UPI,ICICI Bank,IN,0,NORMAL_BANKING_FLOW
TX_ICICI_105759,ICICI_ACC_20122,AXIS_ACC_20163,839.83,2026-01-11 08:57:06,TRANSFER,UPI,ICICI Bank,IN,0,NORMAL_BANKING_FLOW
TX_ICICI_105760,ICICI_ACC_20075,ICICI_ACC_20118,2886.74,2026-01-11 12:23:06,SETTLEMENT,POS,ICICI Bank,IN,0,NORMAL_BANKING_FLOW
TX_ICICI_105761,ICICI_ACC_20046,ICICI_ACC_20225,1375.38,2026-01-11 08:29:20,SETTLEMENT,POS,ICICI Bank,IN,0,NORMAL_BANKING_FLOW
TX_ICICI_105762,ICICI_ACC_20172,ICICI_ACC_20191,2132.35,2026-01-10 17:20:15,TRANSFER,IMPS,ICICI Bank,IN,0,NORMAL_BANKING_FLOW
TX_ICICI_105763,ICICI_ACC_20044,ICICI_ACC_20132,553.8,2026-01-10 21:44:48,SETTLEMENT,POS,ICICI Bank,IN,0,NORMAL_BANKING_FLOW
TX_ICICI_105764,ICICI_ACC_20070,ICICI_ACC_20182,378.29,2026-01-10 17:20:45,TRANSFER,IMPS,ICICI Bank,IN,0,NORMAL_BANKING_FLOW
TX_ICICI_105765,ICICI_ACC_20184,ICICI_ACC_20063,1475.11,2026-01-10 21:16:12,TRANSFER,UPI,ICICI Bank,IN,0,NORMAL_BANKING_FLOW
TX_ICICI_105766,ICICI_ACC_20083,ICICI_ACC_20080,1005.3,2026-01-11 05:36:40,TRANSFER,IMPS,ICICI Bank,IN,0,NORMAL_BANKING_FLOW
TX_ICICI_105767,ICICI_ACC_20244,ICICI_ACC_20007,2353.81,2026-01-11 07:35:04,TRANSFER,UPI,ICICI Bank,IN,0,NORMAL_BANKING_FLOW
TX_ICICI_105768,ICICI_ACC_20127,ICICI_ACC_20096,1246.48,2026-01-11 05:08:33,TRANSFER,UPI,ICICI Bank,IN,0,NORMAL_BANKING_FLOW
TX_ICICI_105769,ICICI_ACC_20042,ICICI_ACC_20015,1610.93,2026-01-10 17:22:00,TRANSFER,UPI,ICICI Bank,IN,0,NORMAL_BANKING_FLOW
TX_ICICI_105770,ICICI_ACC_20054,ICICI_ACC_20036,310.74,2026-01-11 00:44:30,SETTLEMENT,POS,ICICI Bank,IN,0,NORMAL_BANKING_FLOW
TX_ICICI_105771,ICICI_ACC_20172,ICICI_ACC_20091,7328.99,2026-01-11 12:33:00,TRANSFER,IMPS,ICICI Bank,IN,0,NORMAL_BANKING_FLOW
TX_ICICI_105772,ICICI_ACC_20217,ICICI_ACC_20163,1155.38,2026-01-10 22:47:26,SETTLEMENT,POS,ICICI Bank,IN,0,NORMAL_BANKING_FLOW
TX_ICICI_105773,ICICI_ACC_20035,ICICI_ACC_20058,2509.47,2026-01-11 10:07:08,SETTLEMENT,POS,ICICI Bank,IN,0,NORMAL_BANKING_FLOW
TX_ICICI_105774,ICICI_ACC_20233,YES_ACC_20100,631.13,2026-01-10 18:22:21,TRANSFER,UPI,ICICI Bank,IN,0,NORMAL_BANKING_FLOW
TX_ICICI_105775,ICICI_ACC_20176,ICICI_ACC_20023,1767.3,2026-01-10 22:48:44,SETTLEMENT,POS,ICICI Bank,IN,0,NORMAL_BANKING_FLOW
TX_ICICI_105776,ICICI_ACC_20124,ICICI_ACC_20040,414.65,2026-01-11 07:12:05,TRANSFER,UPI,ICICI Bank,IN,0,NORMAL_BANKING_FLOW
TX_ICICI_105777,ICICI_ACC_20033,ICICI_ACC_20022,2011.95,2026-01-11 12:08:48,TRANSFER,UPI,ICICI Bank,IN,0,NORMAL_BANKING_FLOW
TX_ICICI_105778,ICICI_ACC_20237,HDFC_ACC_20091,972.26,2026-01-11 06:14:17,TRANSFER,UPI,ICICI Bank,IN,0,NORMAL_BANKING_FLOW
TX_ICICI_105779,ICICI_ACC_20045,YES_ACC_20154,1375.09,2026-01-11 14:38:44,TRANSFER,UPI,ICICI Bank,IN,0,NORMAL_BANKING_FLOW
TX_ICICI_105780,ICICI_ACC_20213,ICICI_ACC_20056,2510.35,2026-01-10 23:50:12,TRANSFER,UPI,ICICI Bank,IN,0,NORMAL_BANKING_FLOW
TX_ICICI_105781,ICICI_ACC_20192,ICICI_ACC_20055,441.74,2026-01-10 21:22:20,SETTLEMENT,POS,ICICI Bank,IN,0,NORMAL_BANKING_FLOW
TX_ICICI_105782,ICICI_ACC_20150,ICICI_ACC_20011,723.4,2026-01-10 20:53:02,SETTLEMENT,POS,ICICI Bank,IN,0,NORMAL_BANKING_FLOW
TX_ICICI_105783,ICICI_ACC_20240,SBI_ACC_20047,2021.49,2026-01-11 02:49:48,TRANSFER,IMPS,ICICI Bank,IN,0,NORMAL_BANKING_FLOW
TX_ICICI_105784,ICICI_ACC_20024,ICICI_ACC_20012,8852.01,2026-01-10 21:53:12,TRANSFER,UPI,ICICI Bank,IN,0,NORMAL_BANKING_FLOW
TX_ICICI_105785,ICICI_ACC_20164,ICICI_ACC_20095,1182.9,2026-01-10 20:24:24,TRANSFER,IMPS,ICICI Bank,IN,0,NORMAL_BANKING_FLOW
TX_ICICI_105786,ICICI_ACC_20154,ICICI_ACC_20155,2280.21,2026-01-11 12:46:30,TRANSFER,UPI,ICICI Bank,IN,0,NORMAL_BANKING_FLOW
TX_ICICI_105787,ICICI_ACC_20165,ICICI_ACC_20182,1216.49,2026-01-10 18:55:48,TRANSFER,UPI,ICICI Bank,IN,0,NORMAL_BANKING_FLOW
TX_ICICI_105788,ICICI_ACC_20110,ICICI_ACC_20037,7692.65,2026-01-11 11:48:44,TRANSFER,IMPS,ICICI Bank,IN,0,NORMAL_BANKING_FLOW
TX_ICICI_105789,ICICI_ACC_20096,PNB_ACC_20179,277.97,2026-01-10 22:54:48,SETTLEMENT,POS,ICICI Bank,IN,0,NORMAL_BANKING_FLOW
TX_ICICI_105790,ICICI_ACC_20189,ICICI_ACC_20249,1458.49,2026-01-11 08:51:34,TRANSFER,UPI,ICICI Bank,IN,0,NORMAL_BANKING_FLOW
TX_ICICI_105791,ICICI_ACC_20186,ICICI_ACC_20159,310.14,2026-01-11 12:21:10,TRANSFER,UPI,ICICI Bank,IN,0,NORMAL_BANKING_FLOW
TX_ICICI_105792,ICICI_ACC_20073,INDUS_ACC_20186,140.34,2026-01-10 21:56:24,TRANSFER,UPI,ICICI Bank,IN,0,NORMAL_BANKING_FLOW
TX_ICICI_105793,ICICI_ACC_20059,ICICI_ACC_20099,1750.6,2026-01-10 23:56:16,TRANSFER,UPI,ICICI Bank,IN,0,NORMAL_BANKING_FLOW
TX_ICICI_105794,ICICI_ACC_20119,BOB_ACC_20196,1518.61,2026-01-11 13:53:28,TRANSFER,IMPS,ICICI Bank,IN,0,NORMAL_BANKING_FLOW
TX_ICICI_105795,ICICI_ACC_20096,ICICI_ACC_20188,1036.54,2026-01-10 19:28:06,TRANSFER,UPI,ICICI Bank,IN,0,NORMAL_BANKING_FLOW
TX_ICICI_105796,ICICI_ACC_20113,ICICI_ACC_20190,1217.34,2026-01-11 02:27:15,SETTLEMENT,POS,ICICI Bank,IN,0,NORMAL_BANKING_FLOW
TX_ICICI_105797,ICICI_ACC_20241,KOTAK_ACC_20173,21773.95,2026-01-10 20:58:32,TRANSFER,IMPS,ICICI Bank,IN,0,NORMAL_BANKING_FLOW
TX_ICICI_105798,ICICI_ACC_20026,CANARA_ACC_20249,1061.72,2026-01-11 12:57:18,TRANSFER,IMPS,ICICI Bank,IN,0,NORMAL_BANKING_FLOW
TX_ICICI_105799,ICICI_ACC_20107,INDUS_ACC_20014,2119.87,2026-01-11 08:58:28,TRANSFER,UPI,ICICI Bank,IN,0,NORMAL_BANKING_FLOW
TX_ICICI_105800,ICICI_ACC_20120,ICICI_ACC_20195,746.63,2026-01-11 04:29:23,TRANSFER,UPI,ICICI Bank,IN,0,NORMAL_BANKING_FLOW
TX_ICICI_105801,ICICI_ACC_20006,AXIS_ACC_20141,1747.09,2026-01-11 06:30:00,TRANSFER,UPI,ICICI Bank,IN,0,NORMAL_BANKING_FLOW
TX_ICICI_105802,ICICI_ACC_20165,ICICI_ACC_20140,1080.94,2026-01-10 20:00:20,SETTLEMENT,POS,ICICI Bank,IN,0,NORMAL_BANKING_FLOW
TX_ICICI_105803,ICICI_ACC_20018,SBI_ACC_20039,925.68,2026-01-10 19:00:36,TRANSFER,UPI,ICICI Bank,IN,0,NORMAL_BANKING_FLOW
TX_ICICI_105804,ICICI_ACC_20172,ICICI_ACC_20122,6884.37,2026-01-10 21:31:09,TRANSFER,UPI,ICICI Bank,IN,0,NORMAL_BANKING_FLOW
TX_ICICI_105805,ICICI_ACC_20237,ICICI_ACC_20098,3864.03,2026-01-11 13:33:40,TRANSFER,IMPS,ICICI Bank,IN,0,NORMAL_BANKING_FLOW
TX_ICICI_105806,ICICI_ACC_20161,ICICI_ACC_20085,1514.85,2026-01-11 13:34:35,SETTLEMENT,POS,ICICI Bank,IN,0,NORMAL_BANKING_FLOW
TX_ICICI_105807,ICICI_ACC_20050,ICICI_ACC_20031,168.38,2026-01-11 01:03:00,TRANSFER,UPI,ICICI Bank,IN,0,NORMAL_BANKING_FLOW
TX_ICICI_105808,ICICI_ACC_20039,ICICI_ACC_20035,967.86,2026-01-11 10:35:43,TRANSFER,UPI,ICICI Bank,IN,0,NORMAL_BANKING_FLOW
TX_ICICI_105809,ICICI_ACC_20132,BOB_ACC_20094,15255.95,2026-01-11 05:35:12,SETTLEMENT,POS,ICICI Bank,IN,0,NORMAL_BANKING_FLOW
TX_ICICI_105810,ICICI_ACC_20127,ICICI_ACC_20073,1088.34,2026-01-11 06:36:09,TRANSFER,UPI,ICICI Bank,IN,0,NORMAL_BANKING_FLOW
TX_ICICI_105811,ICICI_ACC_20049,ICICI_ACC_20007,3615.18,2026-01-10 22:04:00,TRANSFER,IMPS,ICICI Bank,IN,0,NORMAL_BANKING_FLOW
TX_ICICI_105812,ICICI_ACC_20086,KOTAK_ACC_20145,4903.71,2026-01-11 01:05:30,TRANSFER,UPI,ICICI Bank,IN,0,NORMAL_BANKING_FLOW
TX_ICICI_105813,ICICI_ACC_20178,ICICI_ACC_20062,1631.19,2026-01-11 10:39:48,TRANSFER,IMPS,ICICI Bank,IN,0,NORMAL_BANKING_FLOW
TX_ICICI_105814,ICICI_ACC_20053,ICICI_ACC_20112,627.89,2026-01-11 15:42:47,TRANSFER,IMPS,ICICI Bank,IN,0,NORMAL_BANKING_FLOW
TX_ICICI_105815,ICICI_ACC_20160,ICICI_ACC_20097,149.64,2026-01-11 04:38:38,TRANSFER,IMPS,ICICI Bank,IN,0,NORMAL_BANKING_FLOW
TX_ICICI_105816,ICICI_ACC_20032,BOB_ACC_20182,2479.34,2026-01-11 05:39:45,TRANSFER,IMPS,ICICI Bank,IN,0,NORMAL_BANKING_FLOW
TX_ICICI_105817,ICICI_ACC_20168,ICICI_ACC_20206,643.37,2026-01-11 01:38:16,TRANSFER,UPI,ICICI Bank,IN,0,NORMAL_BANKING_FLOW
TX_ICICI_105818,ICICI_ACC_20087,ICICI_ACC_20226,1569.54,2026-01-11 15:16:26,TRANSFER,UPI,ICICI Bank,IN,0,NORMAL_BANKING_FLOW
TX_ICICI_105819,ICICI_ACC_20235,ICICI_ACC_20010,434.92,2026-01-11 04:10:48,SETTLEMENT,POS,ICICI Bank,IN,0,NORMAL_BANKING_FLOW
TX_ICICI_105820,ICICI_ACC_20070,ICICI_ACC_20007,1054.99,2026-01-10 20:36:39,TRANSFER,UPI,ICICI Bank,IN,0,NORMAL_BANKING_FLOW
TX_ICICI_105821,ICICI_ACC_20041,YES_ACC_20074,1380.7,2026-01-11 05:43:00,SETTLEMENT,POS,ICICI Bank,IN,0,NORMAL_BANKING_FLOW
TX_ICICI_105822,ICICI_ACC_20221,KOTAK_ACC_20223,1705.71,2026-01-10 23:09:06,TRANSFER,UPI,ICICI Bank,IN,0,NORMAL_BANKING_FLOW
TX_ICICI_105823,ICICI_ACC_20036,ICICI_ACC_20072,491.11,2026-01-11 05:13:56,TRANSFER,UPI,ICICI Bank,IN,0,NORMAL_BANKING_FLOW
TX_ICICI_105824,ICICI_ACC_20056,KOTAK_ACC_20125,3933.24,2026-01-11 03:43:25,SETTLEMENT,POS,ICICI Bank,IN,0,NORMAL_BANKING_FLOW
TX_ICICI_105825,ICICI_ACC_20080,YES_ACC_20157,782.74,2026-01-11 05:15:12,TRANSFER,IMPS,ICICI Bank,IN,0,NORMAL_BANKING_FLOW
TX_ICICI_105826,ICICI_ACC_20066,ICICI_ACC_20131,296.78,2026-01-11 08:48:45,SETTLEMENT,POS,ICICI Bank,IN,0,NORMAL_BANKING_FLOW
TX_ICICI_105827,ICICI_ACC_20040,ICICI_ACC_20209,1214.25,2026-01-11 02:44:18,TRANSFER,IMPS,ICICI Bank,IN,0,NORMAL_BANKING_FLOW
TX_ICICI_105828,ICICI_ACC_20094,SBI_ACC_20078,1381.52,2026-01-11 11:52:57,TRANSFER,UPI,ICICI Bank,IN,0,NORMAL_BANKING_FLOW
TX_ICICI_105829,ICICI_ACC_20080,ICICI_ACC_20106,1547.71,2026-01-11 06:49:08,TRANSFER,IMPS,ICICI Bank,IN,0,NORMAL_BANKING_FLOW
TX_ICICI_105830,ICICI_ACC_20145,ICICI_ACC_20098,4563.84,2026-01-11 12:25:08,TRANSFER,UPI,ICICI Bank,IN,0,NORMAL_BANKING_FLOW
TX_ICICI_105831,ICICI_ACC_20219,ICICI_ACC_20209,1082.68,2026-01-11 10:54:30,SETTLEMENT,POS,ICICI Bank,IN,0,NORMAL_BANKING_FLOW
TX_ICICI_105832,ICICI_ACC_20107,CANARA_ACC_20224,1202.72,2026-01-11 15:29:58,TRANSFER,UPI,ICICI Bank,IN,0,NORMAL_BANKING_FLOW
TX_ICICI_105833,ICICI_ACC_20045,ICICI_ACC_20060,496.28,2026-01-11 06:51:52,TRANSFER,IMPS,ICICI Bank,IN,0,NORMAL_BANKING_FLOW
TX_ICICI_105834,ICICI_ACC_20157,ICICI_ACC_20200,2803.15,2026-01-11 03:49:15,TRANSFER,IMPS,ICICI Bank,IN,0,NORMAL_BANKING_FLOW
TX_ICICI_105835,ICICI_ACC_20224,ICICI_ACC_20035,1581.1,2026-01-11 00:15:52,TRANSFER,UPI,ICICI Bank,IN,0,NORMAL_BANKING_FLOW
TX_ICICI_105836,ICICI_ACC_20028,ICICI_ACC_20223,917.8,2026-01-10 19:41:05,TRANSFER,UPI,ICICI Bank,IN,0,NORMAL_BANKING_FLOW
TX_ICICI_105837,ICICI_ACC_20001,ICICI_ACC_20202,241.24,2026-01-11 15:04:12,TRANSFER,UPI,ICICI Bank,IN,0,NORMAL_BANKING_FLOW
TX_ICICI_105838,ICICI_ACC_20126,ICICI_ACC_20220,4914.63,2026-01-10 23:46:39,TRANSFER,UPI,ICICI Bank,IN,0,NORMAL_BANKING_FLOW
TX_ICICI_105839,ICICI_ACC_20179,ICICI_ACC_20178,443.67,2026-01-11 16:07:22,SETTLEMENT,POS,ICICI Bank,IN,0,NORMAL_BANKING_FLOW
TX_ICICI_105840,ICICI_ACC_20088,CANARA_ACC_20219,786.7,2026-01-10 17:39:45,TRANSFER,UPI,ICICI Bank,IN,0,NORMAL_BANKING_FLOW
TX_ICICI_105841,ICICI_ACC_20221,ICICI_ACC_20178,1849.2,2026-01-10 21:45:20,TRANSFER,UPI,ICICI Bank,IN,0,NORMAL_BANKING_FLOW
TX_ICICI_105842,ICICI_ACC_20006,ICICI_ACC_20167,456.28,2026-01-11 14:38:16,TRANSFER,UPI,ICICI Bank,IN,0,NORMAL_BANKING_FLOW
TX_ICICI_105843,ICICI_ACC_20023,ICICI_ACC_20143,349.27,2026-01-11 13:37:48,TRANSFER,IMPS,ICICI Bank,IN,0,NORMAL_BANKING_FLOW
TX_ICICI_105844,ICICI_ACC_20241,AXIS_ACC_20198,198.04,2026-01-11 15:41:34,SETTLEMENT,POS,ICICI Bank,IN,0,NORMAL_BANKING_FLOW
TX_ICICI_105845,ICICI_ACC_20165,AXIS_ACC_20177,2562.91,2026-01-11 01:22:00,TRANSFER,UPI,ICICI Bank,IN,0,NORMAL_BANKING_FLOW
TX_ICICI_105846,ICICI_ACC_20178,INDUS_ACC_20016,820.02,2026-01-10 19:13:30,SETTLEMENT,POS,ICICI Bank,IN,0,NORMAL_BANKING_FLOW
TX_ICICI_105847,ICICI_ACC_20124,ICICI_ACC_20187,18667.57,2026-01-11 16:46:00,SETTLEMENT,POS,ICICI Bank,IN,0,NORMAL_BANKING_FLOW
TX_ICICI_105848,ICICI_ACC_20050,ICICI_ACC_20057,547.35,2026-01-11 08:03:41,TRANSFER,UPI,ICICI Bank,IN,0,NORMAL_BANKING_FLOW
TX_ICICI_105849,ICICI_ACC_20220,BOB_ACC_20109,584.46,2026-01-11 15:15:36,TRANSFER,UPI,ICICI Bank,IN,0,NORMAL_BANKING_FLOW
TX_ICICI_105850,ICICI_ACC_20017,AXIS_ACC_20006,805.24,2026-01-10 23:52:03,TRANSFER,UPI,ICICI Bank,IN,0,NORMAL_BANKING_FLOW
TX_ICICI_105851,ICICI_ACC_20184,ICICI_ACC_20074,1667.07,2026-01-10 19:15:00,SETTLEMENT,POS,ICICI Bank,IN,0,NORMAL_BANKING_FLOW
TX_ICICI_105852,ICICI_ACC_20032,ICICI_ACC_20065,877.27,2026-01-11 10:09:57,SETTLEMENT,POS,ICICI Bank,IN,0,NORMAL_BANKING_FLOW
TX_ICICI_105853,ICICI_ACC_20192,ICICI_ACC_20218,2324.13,2026-01-11 11:12:28,TRANSFER,UPI,ICICI Bank,IN,0,NORMAL_BANKING_FLOW
TX_ICICI_105854,ICICI_ACC_20097,ICICI_ACC_20203,555.17,2026-01-11 08:07:59,TRANSFER,IMPS,ICICI Bank,IN,0,NORMAL_BANKING_FLOW
TX_ICICI_105855,ICICI_ACC_20176,ICICI_ACC_20103,386.28,2026-01-11 10:12:18,TRANSFER,UPI,ICICI Bank,IN,0,NORMAL_BANKING_FLOW
TX_ICICI_105856,ICICI_ACC_20163,ICICI_ACC_20052,265.5,2026-01-11 09:42:10,TRANSFER,IMPS,ICICI Bank,IN,0,NORMAL_BANKING_FLOW
TX_ICICI_105857,ICICI_ACC_20085,ICICI_ACC_20064,181.05,2026-01-11 06:06:24,TRANSFER,UPI,ICICI Bank,IN,0,NORMAL_BANKING_FLOW
TX_ICICI_105858,ICICI_ACC_20228,ICICI_ACC_20235,840.28,2026-01-11 13:20:21,SETTLEMENT,POS,ICICI Bank,IN,0,NORMAL_BANKING_FLOW
TX_ICICI_105859,ICICI_ACC_20143,YES_ACC_20071,1021.59,2026-01-11 13:21:14,TRANSFER,UPI,ICICI Bank,IN,0,NORMAL_BANKING_FLOW
TX_ICICI_105860,ICICI_ACC_20013,ICICI_ACC_20049,758.78,2026-01-11 12:20:09,TRANSFER,IMPS,ICICI Bank,IN,0,NORMAL_BANKING_FLOW
TX_ICICI_105861,ICICI_ACC_20094,HDFC_ACC_20232,4101.32,2026-01-10 22:24:00,TRANSFER,UPI,ICICI Bank,IN,0,NORMAL_BANKING_FLOW
TX_ICICI_105862,ICICI_ACC_20095,ICICI_ACC_20168,4044.96,2026-01-11 12:21:51,SETTLEMENT,POS,ICICI Bank,IN,0,NORMAL_BANKING_FLOW
TX_ICICI_105863,ICICI_ACC_20230,ICICI_ACC_20100,990.96,2026-01-10 17:45:30,TRANSFER,UPI,ICICI Bank,IN,0,NORMAL_BANKING_FLOW
TX_ICICI_105864,ICICI_ACC_20201,SBI_ACC_20138,266.53,2026-01-10 21:23:06,TRANSFER,UPI,ICICI Bank,IN,0,NORMAL_BANKING_FLOW
TX_ICICI_105865,ICICI_ACC_20134,SBI_ACC_20073,804.29,2026-01-10 19:19:12,TRANSFER,UPI,ICICI Bank,IN,0,NORMAL_BANKING_FLOW
TX_ICICI_105866,ICICI_ACC_20015,ICICI_ACC_20070,780.68,2026-01-11 02:03:35,TRANSFER,IMPS,ICICI Bank,IN,0,NORMAL_BANKING_FLOW
TX_ICICI_105867,ICICI_ACC_20103,ICICI_ACC_20131,741.43,2026-01-11 01:33:00,TRANSFER,UPI,ICICI Bank,IN,0,NORMAL_BANKING_FLOW
TX_ICICI_105868,ICICI_ACC_20054,KOTAK_ACC_20133,714.84,2026-01-11 04:40:12,TRANSFER,UPI,ICICI Bank,IN,0,NORMAL_BANKING_FLOW
TX_ICICI_105869,ICICI_ACC_20070,ICICI_ACC_20055,743.88,2026-01-11 14:32:20,TRANSFER,IMPS,ICICI Bank,IN,0,NORMAL_BANKING_FLOW
TX_ICICI_105870,ICICI_ACC_20081,ICICI_ACC_20012,945.88,2026-01-11 09:21:45,TRANSFER,UPI,ICICI Bank,IN,0,NORMAL_BANKING_FLOW
TX_ICICI_105871,ICICI_ACC_20163,ICICI_ACC_20237,755.98,2026-01-11 00:01:30,TRANSFER,UPI,ICICI Bank,IN,0,NORMAL_BANKING_FLOW
TX_ICICI_105872,ICICI_ACC_20081,ICICI_ACC_20115,1615.65,2026-01-11 06:47:20,TRANSFER,IMPS,ICICI Bank,IN,0,NORMAL_BANKING_FLOW
TX_ICICI_105873,ICICI_ACC_20208,ICICI_ACC_20067,1852.58,2026-01-10 21:26:24,TRANSFER,UPI,ICICI Bank,IN,0,NORMAL_BANKING_FLOW
TX_ICICI_105874,ICICI_ACC_20237,ICICI_ACC_20039,590.18,2026-01-10 18:50:41,TRANSFER,UPI,ICICI Bank,IN,0,NORMAL_BANKING_FLOW
TX_ICICI_105875,ICICI_ACC_20168,ICICI_ACC_20230,4204.7,2026-01-11 08:54:16,TRANSFER,IMPS,ICICI Bank,IN,0,NORMAL_BANKING_FLOW
TX_ICICI_105876,ICICI_ACC_20143,ICICI_ACC_20052,554.43,2026-01-11 13:36:15,TRANSFER,IMPS,ICICI Bank,IN,0,NORMAL_BANKING_FLOW
TX_ICICI_105877,ICICI_ACC_20111,ICICI_ACC_20093,312.3,2026-01-11 09:27:00,TRANSFER,IMPS,ICICI Bank,IN,0,NORMAL_BANKING_FLOW
TX_ICICI_105878,ICICI_ACC_20108,BOB_ACC_20108,1886.92,2026-01-11 11:01:36,SETTLEMENT,POS,ICICI Bank,IN,0,NORMAL_BANKING_FLOW
TX_ICICI_105879,ICICI_ACC_20146,ICICI_ACC_20213,641.84,2026-01-10 21:28:36,TRANSFER,UPI,ICICI Bank,IN,0,NORMAL_BANKING_FLOW
TX_ICICI_105880,ICICI_ACC_20148,BOB_ACC_20051,1788.55,2026-01-11 06:21:21,TRANSFER,UPI,ICICI Bank,IN,0,NORMAL_BANKING_FLOW
TX_ICICI_105881,ICICI_ACC_20105,ICICI_ACC_20223,153.96,2026-01-11 15:46:00,TRANSFER,UPI,ICICI Bank,IN,0,NORMAL_BANKING_FLOW
TX_ICICI_105882,ICICI_ACC_20221,ICICI_ACC_20249,4690.11,2026-01-10 18:52:57,TRANSFER,IMPS,ICICI Bank,IN,0,NORMAL_BANKING_FLOW
TX_ICICI_105883,ICICI_ACC_20048,ICICI_ACC_20165,2452.99,2026-01-11 11:36:58,TRANSFER,UPI,ICICI Bank,IN,0,NORMAL_BANKING_FLOW
TX_ICICI_105884,ICICI_ACC_20089,ICICI_ACC_20113,347.09,2026-01-11 11:37:47,TRANSFER,UPI,ICICI Bank,IN,0,NORMAL_BANKING_FLOW
TX_ICICI_105885,ICICI_ACC_20094,ICICI_ACC_20244,353.93,2026-01-11 17:24:00,TRANSFER,UPI,ICICI Bank,IN,0,NORMAL_BANKING_FLOW
TX_ICICI_105886,ICICI_ACC_20148,ICICI_ACC_20198,6033.24,2026-01-11 01:42:30,SETTLEMENT,POS,ICICI Bank,IN,0,NORMAL_BANKING_FLOW
TX_ICICI_105887,ICICI_ACC_20040,ICICI_ACC_20169,689.77,2026-01-11 10:37:22,TRANSFER,UPI,ICICI Bank,IN,0,NORMAL_BANKING_FLOW
TX_ICICI_105888,ICICI_ACC_20231,CANARA_ACC_20085,632.22,2026-01-10 22:34:48,TRANSFER,UPI,ICICI Bank,IN,0,NORMAL_BANKING_FLOW
TX_ICICI_105889,ICICI_ACC_20174,ICICI_ACC_20209,174.26,2026-01-11 12:13:20,TRANSFER,UPI,ICICI Bank,IN,0,NORMAL_BANKING_FLOW
TX_ICICI_105890,ICICI_ACC_20109,ICICI_ACC_20155,976.82,2026-01-11 02:47:28,SETTLEMENT,POS,ICICI Bank,IN,0,NORMAL_BANKING_FLOW
TX_ICICI_105891,ICICI_ACC_20223,SBI_ACC_20038,1091.22,2026-01-11 00:42:00,TRANSFER,UPI,ICICI Bank,IN,0,NORMAL_BANKING_FLOW
TX_ICICI_105892,ICICI_ACC_20040,CANARA_ACC_20045,2550.24,2026-01-11 10:41:17,TRANSFER,UPI,ICICI Bank,IN,0,NORMAL_BANKING_FLOW
TX_ICICI_105893,ICICI_ACC_20110,ICICI_ACC_20208,380.25,2026-01-11 09:39:00,TRANSFER,IMPS,ICICI Bank,IN,0,NORMAL_BANKING_FLOW
TX_ICICI_105894,ICICI_ACC_20081,ICICI_ACC_20095,340.95,2026-01-11 15:26:48,TRANSFER,UPI,ICICI Bank,IN,0,NORMAL_BANKING_FLOW
TX_ICICI_105895,ICICI_ACC_20081,ICICI_ACC_20133,2009.95,2026-01-11 17:34:00,TRANSFER,UPI,ICICI Bank,IN,0,NORMAL_BANKING_FLOW
TX_ICICI_105896,ICICI_ACC_20109,ICICI_ACC_20061,3314.48,2026-01-11 06:00:10,SETTLEMENT,POS,ICICI Bank,IN,0,NORMAL_BANKING_FLOW
TX_ICICI_105897,ICICI_ACC_20119,SBI_ACC_20137,325.7,2026-01-10 17:54:00,SETTLEMENT,POS,ICICI Bank,IN,0,NORMAL_BANKING_FLOW
TX_ICICI_105898,ICICI_ACC_20032,SBI_ACC_20163,3545.25,2026-01-11 12:52:27,SETTLEMENT,POS,ICICI Bank,IN,0,NORMAL_BANKING_FLOW
TX_ICICI_105899,ICICI_ACC_20057,ICICI_ACC_20184,1385.46,2026-01-11 09:11:52,TRANSFER,IMPS,ICICI Bank,IN,0,NORMAL_BANKING_FLOW
TX_ICICI_105900,ICICI_ACC_20203,ICICI_ACC_20116,3578.23,2026-01-10 23:11:15,SETTLEMENT,POS,ICICI Bank,IN,0,NORMAL_BANKING_FLOW
