transaction_id,sender_account,receiver_account,amount,timestamp,transaction_type,channel,bank,country,is_aml,pattern_type
TX_AXIS_105901,AXIS_ACC_20194,AXIS_ACC_20035,9225.99,2026-01-10 11:00:00,TRANSFER,IMPS,Axis Bank,IN,0,NORMAL_BANKING_FLOW
TX_AXIS_105902,AXIS_ACC_20187,AXIS_ACC_20129,794.51,2026-01-10 11:00:35,TRANSFER,IMPS,Axis Bank,IN,0,NORMAL_BANKING_FLOW
TX_AXIS_105903,AXIS_ACC_20199,AXIS_ACC_20002,8501.8,2026-01-10 11:01:18,TRANSFER,IMPS,Axis Bank,IN,0,NORMAL_BANKING_FLOW
TX_AXIS_105904,AXIS_ACC_20037,AXIS_ACC_20212,28570.89,2026-01-10 11:02:09,SETTLEMENT,NEFT,Axis Bank,IN,0,NORMAL_BANKING_FLOW
TX_AXIS_105905,AXIS_ACC_20071,AXIS_ACC_20076,4049.12,2026-01-10 11:01:36,SETTLEMENT,NEFT,Axis Bank,IN,0,NORMAL_BANKING_FLOW
TX_AXIS_105906,AXIS_ACC_20055,SBI_ACC_20089,6714.57,2026-01-10 11:04:50,TRANSFER,IMPS,Axis Bank,IN,0,NORMAL_BANKING_FLOW
TX_AXIS_105907,AXIS_ACC_20210,AXIS_ACC_20114,8298.8,2026-01-10 11:05:42,TRANSFER,IMPS,Axis Bank,IN,0,NORMAL_BANKING_FLOW
TX_AXIS_105908,AXIS_ACC_20158,YES_ACC_20239,544.84,2026-01-10 11:05:15,TRANSFER,IMPS,Axis Bank,IN,0,NORMAL_BANKING_FLOW
TX_AXIS_105909,AXIS_ACC_20149,AXIS_ACC_20027,52646.11,2026-01-10 11:02:56,SETTLEMENT,NEFT,Axis Bank,IN,0,NORMAL_BANKING_FLOW
TX_AXIS_105910,AXIS_ACC_20156,AXIS_ACC_20198,4018.34,2026-01-10 11:05:51,TRANSFER,IMPS,Axis Bank,IN,0,NORMAL_BANKING_FLOW
TX_AXIS_105911,AXIS_ACC_20116,AXIS_ACC_20010,16411.46,2026-01-10 11:06:40,TRANSFER,IMPS,Axis Bank,IN,0,NORMAL_BANKING_FLOW
TX_AXIS_105912,AXIS_ACC_20174,AXIS_ACC_20219,9075.18,2026-01-10 11:09:43,SETTLEMENT,NEFT,Axis Bank,IN,0,NORMAL_BANKING_FLOW
TX_AXIS_105913,AXIS_ACC_20199,AXIS_ACC_20004,34808.58,2026-01-10 11:06:00,TRANSFER,IMPS,Axis Bank,IN,0,NORMAL_BANKING_FLOW
TX_AXIS_105914,AXIS_ACC_20038,AXIS_ACC_20211,14854.47,2026-01-10 11:11:42,SETTLEMENT,NEFT,Axis Bank,IN,0,NORMAL_BANKING_FLOW
TX_AXIS_105915,AXIS_ACC_20172,AXIS_ACC_20183,7824.97,2026-01-10 11:07:42,SETTLEMENT,NEFT,Axis Bank,IN,0,NORMAL_BANKING_FLOW
TX_AXIS_105916,AXIS_ACC_20117,AXIS_ACC_20246,4050.05,2026-01-10 11:09:30,TRANSFER,IMPS,Axis Bank,IN,0,NORMAL_BANKING_FLOW
TX_AXIS_105917,AXIS_ACC_20214,AXIS_ACC_20019,21979.18,2026-01-10 11:15:44,TRANSFER,IMPS,Axis Bank,IN,0,NORMAL_BANKING_FLOW
TX_AXIS_105918,AXIS_ACC_20159,CANARA_ACC_20005,1520.14,2026-01-10 11:08:47,TRANSFER,IMPS,Axis Bank,IN,0,NORMAL_BANKING_FLOW
TX_AXIS_105919,AXIS_ACC_20122,AXIS_ACC_20107,18880.6,2026-01-10 11:11:24,SETTLEMENT,NEFT,Axis Bank,IN,0,NORMAL_BANKING_FLOW
TX_AXIS_105920,AXIS_ACC_20085,AXIS_ACC_20164,3297.62,2026-01-10 11:05:42,SETTLEMENT,NEFT,Axis Bank,IN,0,NORMAL_BANKING_FLOW
TX_AXIS_105921,AXIS_ACC_20232,SBI_ACC_20190,34623.35,2026-01-10 11:17:20,TRANSFER,IMPS,Axis Bank,IN,0,NORMAL_BANKING_FLOW
TX_AXIS_105922,AXIS_ACC_20017,AXIS_ACC_20213,11629.49,2026-01-10 11:20:39,TRANSFER,IMPS,Axis Bank,IN,0,NORMAL_BANKING_FLOW
TX_AXIS_105923,AXIS_ACC_20007,AXIS_ACC_20035,18847.28,2026-01-10 11:08:48,TRANSFER,IMPS,Axis Bank,IN,0,NORMAL_BANKING_FLOW
TX_AXIS_105924,AXIS_ACC_20146,PNB_ACC_20216,10742.78,2026-01-10 11:15:20,TRANSFER,IMPS,Axis Bank,IN,0,NORMAL_BANKING_FLOW
TX_AXIS_105925,AXIS_ACC_20153,AXIS_ACC_20142,1715.78,2026-01-10 11:17:36,SETTLEMENT,NEFT,Axis Bank,IN,0,NORMAL_BANKING_FLOW
TX_AXIS_105926,AXIS_ACC_20073,AXIS_ACC_20183,4185.04,2026-01-10 11:11:40,TRANSFER,IMPS,Axis Bank,IN,0,NORMAL_BANKING_FLOW
TX_AXIS_105927,AXIS_ACC_20228,AXIS_ACC_20047,19387.61,2026-01-10 11:12:08,TRANSFER,IMPS,Axis Bank,IN,0,NORMAL_BANKING_FLOW
TX_AXIS_105928,AXIS_ACC_20103,AXIS_ACC_20023,11691.95,2026-01-10 11:09:27,TRANSFER,IMPS,Axis Bank,IN,0,NORMAL_BANKING_FLOW
TX_AXIS_105929,AXIS_ACC_20248,BOB_ACC_20236,32240.86,2026-01-10 11:14:28,TRANSFER,IMPS,Axis Bank,IN,0,NORMAL_BANKING_FLOW
TX_AXIS_105930,AXIS_ACC_20099,KOTAK_ACC_20207,14813.21,2026-01-10 11:19:49,SETTLEMENT,NEFT,Axis Bank,IN,0,NORMAL_BANKING_FLOW
TX_AXIS_105931,AXIS_ACC_20053,AXIS_ACC_20244,3764.23,2026-01-10 11:12:00,TRANSFER,IMPS,Axis Bank,IN,0,NORMAL_BANKING_FLOW
TX_AXIS_105932,AXIS_ACC_20209,AXIS_ACC_20108,4464.6,2026-01-10 11:23:46,SETTLEMENT,NEFT,Axis Bank,IN,0,NORMAL_BANKING_FLOW
TX_AXIS_105933,AXIS_ACC_20132,AXIS_ACC_20100,10969.98,2026-01-10 11:20:16,TRANSFER,IMPS,Axis Bank,IN,0,NORMAL_BANKING_FLOW
TX_AXIS_105934,AXIS_ACC_20219,ICICI_ACC_20184,978.44,2026-01-10 11:26:57,TRANSFER,IMPS,Axis Bank,IN,0,NORMAL_BANKING_FLOW
TX_AXIS_105935,AXIS_ACC_20074,AXIS_ACC_20208,52756.48,2026-01-10 11:26:04,SETTLEMENT,NEFT,Axis Bank,IN,0,NORMAL_BANKING_FLOW
TX_AXIS_105936,AXIS_ACC_20188,AXIS_ACC_20036,15394.21,2026-01-10 11:09:55,SETTLEMENT,NEFT,Axis Bank,IN,0,NORMAL_BANKING_FLOW
TX_AXIS_105937,AXIS_ACC_20170,AXIS_ACC_20077,33760.09,2026-01-10 11:09:36,TRANSFER,IMPS,Axis Bank,IN,0,NORMAL_BANKING_FLOW
TX_AXIS_105938,AXIS_ACC_20202,AXIS_ACC_20022,2037.33,2026-01-10 11:35:09,SETTLEMENT,NEFT,Axis Bank,IN,0,NORMAL_BANKING_FLOW
TX_AXIS_105939,AXIS_ACC_20196,AXIS_ACC_20053,34357.14,2026-01-10 11:32:56,TRANSFER,IMPS,Axis Bank,IN,0,NORMAL_BANKING_FLOW
TX_AXIS_105940,AXIS_ACC_20029,AXIS_ACC_20167,92180.04,2026-01-10 11:15:36,TRANSFER,IMPS,Axis Bank,IN,0,NORMAL_BANKING_FLOW
TX_AXIS_105941,AXIS_ACC_20225,AXIS_ACC_20185,2641.55,2026-01-10 11:18:00,SETTLEMENT,NEFT,Axis Bank,IN,0,NORMAL_BANKING_FLOW
TX_AXIS_105942,AXIS_ACC_20081,KOTAK_ACC_20097,21405.47,2026-01-10 11:18:27,SETTLEMENT,NEFT,Axis Bank,IN,0,NORMAL_BANKING_FLOW
TX_AXIS_105943,AXIS_ACC_20213,SBI_ACC_20022,9908.12,2026-01-10 11:37:06,SETTLEMENT,NEFT,Axis Bank,IN,0,NORMAL_BANKING_FLOW
TX_AXIS_105944,AXIS_ACC_20009,AXIS_ACC_20135,2112.37,2026-01-10 11:12:54,TRANSFER,IMPS,Axis Bank,IN,0,NORMAL_BANKING_FLOW
TX_AXIS_105945,AXIS_ACC_20016,AXIS_ACC_20134,16201.9,2026-01-10 11:38:52,TRANSFER,IMPS,Axis Bank,IN,0,NORMAL_BANKING_FLOW
TX_AXIS_105946,AXIS_ACC_20207,BOB_ACC_20247,22779.2,2026-01-10 11:16:30,SETTLEMENT,NEFT,Axis Bank,IN,0,NORMAL_BANKING_FLOW
TX_AXIS_105947,AXIS_ACC_20164,KOTAK_ACC_20085,5425.54,2026-01-10 11:13:02,TRANSFER,IMPS,Axis Bank,IN,0,NORMAL_BANKING_FLOW
TX_AXIS_105948,AXIS_ACC_20016,AXIS_ACC_20226,31758.53,2026-01-10 11:46:13,SETTLEMENT,NEFT,Axis Bank,IN,0,NORMAL_BANKING_FLOW
TX_AXIS_105949,AXIS_ACC_20159,AXIS_ACC_20160,1869.15,2026-01-10 11:42:24,SETTLEMENT,NEFT,Axis Bank,IN,0,NORMAL_BANKING_FLOW
TX_AXIS_105950,AXIS_ACC_20067,CANARA_ACC_20106,2219.96,2026-01-10 11:23:41,TRANSFER,IMPS,Axis Bank,IN,0,NORMAL_BANKING_FLOW
TX_AXIS_105951,AXIS_ACC_20197,AXIS_ACC_20043,11345.74,2026-01-10 11:35:00,TRANSFER,IMPS,Axis Bank,IN,0,NORMAL_BANKING_FLOW
TX_AXIS_105952,AXIS_ACC_20006,AXIS_ACC_20208,10151.59,2026-01-10 11:41:39,SETTLEMENT,NEFT,Axis Bank,IN,0,NORMAL_BANKING_FLOW
TX_AXIS_105953,AXIS_ACC_20035,AXIS_ACC_20110,4833.99,2026-01-10 11:17:20,TRANSFER,IMPS,Axis Bank,IN,0,NORMAL_BANKING_FLOW
TX_AXIS_105954,AXIS_ACC_20218,PNB_ACC_20199,22238.81,2026-01-10 11:42:24,TRANSFER,IMPS,Axis Bank,IN,0,NORMAL_BANKING_FLOW
TX_AXIS_105955,AXIS_ACC_20065,SBI_ACC_20223,16829.6,2026-01-10 11:39:36,SETTLEMENT,NEFT,Axis Bank,IN,0,NORMAL_BANKING_FLOW
TX_AXIS_105956,AXIS_ACC_20056,AXIS_ACC_20213,23345.02,2026-01-10 11:33:55,SETTLEMENT,NEFT,Axis Bank,IN,0,NORMAL_BANKING_FLOW
TX_AXIS_105957,AXIS_ACC_20089,AXIS_ACC_20243,8750.48,2026-01-10 11:18:40,TRANSFER,IMPS,Axis Bank,IN,0,NORMAL_BANKING_FLOW
TX_AXIS_105958,AXIS_ACC_20189,AXIS_ACC_20221,18080.34,2026-01-10 11:26:36,SETTLEMENT,NEFT,Axis Bank,IN,0,NORMAL_BANKING_FLOW
TX_AXIS_105959,AXIS_ACC_20238,AXIS_ACC_20114,6338.2,2026-01-10 11:52:12,TRANSFER,IMPS,Axis Bank,IN,0,NORMAL_BANKING_FLOW
TX_AXIS_105960,AXIS_ACC_20035,AXIS_ACC_20150,77174.06,2026-01-10 11:53:06,TRANSFER,IMPS,Axis Bank,IN,0,NORMAL_BANKING_FLOW
TX_AXIS_105961,AXIS_ACC_20035,AXIS_ACC_20156,4391.62,2026-01-10 11:22:00,SETTLEMENT,NEFT,Axis Bank,IN,0,NORMAL_BANKING_FLOW
TX_AXIS_105962,AXIS_ACC_20104,INDUS_ACC_20165,81250.92,2026-01-10 11:29:29,TRANSFER,IMPS,Axis Bank,IN,0,NORMAL_BANKING_FLOW
TX_AXIS_105963,AXIS_ACC_20026,AXIS_ACC_20125,10248.51,2026-01-10 11:16:32,SETTLEMENT,NEFT,Axis Bank,IN,0,NORMAL_BANKING_FLOW
TX_AXIS_105964,AXIS_ACC_20221,AXIS_ACC_20126,2501.11,2026-01-10 11:44:06,TRANSFER,IMPS,Axis Bank,IN,0,NORMAL_BANKING_FLOW
TX_AXIS_105965,AXIS_ACC_20229,AXIS_ACC_20135,38873.94,2026-01-10 11:48:00,TRANSFER,IMPS,Axis Bank,IN,0,NORMAL_BANKING_FLOW
TX_AXIS_105966,AXIS_ACC_20055,AXIS_ACC_20061,11225.03,2026-01-10 11:53:05,SETTLEMENT,NEFT,Axis Bank,IN,0,NORMAL_BANKING_FLOW
TX_AXIS_105967,AXIS_ACC_20231,AXIS_ACC_20091,23181.83,2026-01-10 11:46:12,TRANSFER,IMPS,Axis Bank,IN,0,NORMAL_BANKING_FLOW
TX_AXIS_105968,AXIS_ACC_20167,AXIS_ACC_20199,33652.95,2026-01-10 11:17:52,TRANSFER,IMPS,Axis Bank,IN,0,NORMAL_BANKING_FLOW
TX_AXIS_105969,AXIS_ACC_20236,AXIS_ACC_20151,13876.55,2026-01-10 12:02:20,TRANSFER,IMPS,Axis Bank,IN,0,NORMAL_BANKING_FLOW
TX_AXIS_105970,AXIS_ACC_20110,AXIS_ACC_20132,5473.97,2026-01-10 11:28:45,TRANSFER,IMPS,Axis Bank,IN,0,NORMAL_BANKING_FLOW
TX_AXIS_105971,AXIS_ACC_20145,AXIS_ACC_20049,26257.67,2026-01-10 12:08:50,TRANSFER,IMPS,Axis Bank,IN,0,NORMAL_BANKING_FLOW
TX_AXIS_105972,AXIS_ACC_20021,INDUS_ACC_20043,9904.61,2026-01-10 11:50:53,SETTLEMENT,NEFT,Axis Bank,IN,0,NORMAL_BANKING_FLOW
TX_AXIS_105973,AXIS_ACC_20164,AXIS_ACC_20229,19650.5,2026-01-10 11:31:12,TRANSFER,IMPS,Axis Bank,IN,0,NORMAL_BANKING_FLOW
TX_AXIS_105974,AXIS_ACC_20155,AXIS_ACC_20074,1148.57,2026-01-10 12:13:00,TRANSFER,IMPS,Axis Bank,IN,0,NORMAL_BANKING_FLOW
TX_AXIS_105975,AXIS_ACC_20206,AXIS_ACC_20137,15475.01,2026-01-10 12:04:08,TRANSFER,IMPS,Axis Bank,IN,0,NORMAL_BANKING_FLOW
TX_AXIS_105976,AXIS_ACC_20087,AXIS_ACC_20123,5226.07,2026-01-10 11:26:15,TRANSFER,IMPS,Axis Bank,IN,0,NORMAL_BANKING_FLOW
TX_AXIS_105977,AXIS_ACC_20082,CANARA_ACC_20097,51704.99,2026-01-10 11:55:44,TRANSFER,IMPS,Axis Bank,IN,0,NORMAL_BANKING_FLOW
TX_AXIS_105978,AXIS_ACC_20214,AXIS_ACC_20142,18454.94,2026-01-10 11:42:21,TRANSFER,IMPS,Axis Bank,IN,0,NORMAL_BANKING_FLOW
TX_AXIS_105979,AXIS_ACC_20136,AXIS_ACC_20007,12579.93,2026-01-10 11:49:24,SETTLEMENT,NEFT,Axis Bank,IN,0,NORMAL_BANKING_FLOW
TX_AXIS_105980,AXIS_ACC_20240,HDFC_ACC_20197,16095.74,2026-01-10 11:25:01,SETTLEMENT,NEFT,Axis Bank,IN,0,NORMAL_BANKING_FLOW
TX_AXIS_105981,AXIS_ACC_20242,INDUS_ACC_20123,3646.63,2026-01-10 11:57:20,TRANSFER,IMPS,Axis Bank,IN,0,NORMAL_BANKING_FLOW
TX_AXIS_105982,AXIS_ACC_20146,AXIS_ACC_20211,50174.22,2026-01-10 12:07:30,TRANSFER,IMPS,Axis Bank,IN,0,NORMAL_BANKING_FLOW
TX_AXIS_105983,AXIS_ACC_20242,YES_ACC_20089,72502.07,2026-01-10 11:31:26,TRANSFER,IMPS,Axis Bank,IN,0,NORMAL_BANKING_FLOW
TX_AXIS_105984,AXIS_ACC_20112,AXIS_ACC_20029,14660.52,2026-01-10 11:27:40,TRANSFER,IMPS,Axis Bank,IN,0,NORMAL_BANKING_FLOW
TX_AXIS_105985,AXIS_ACC_20010,AXIS_ACC_20167,48552.63,2026-01-10 11:47:36,TRANSFER,IMPS,Axis Bank,IN,0,NORMAL_BANKING_FLOW
TX_AXIS_105986,AXIS_ACC_20001,ICICI_ACC_20067,5601.85,2026-01-10 11:53:50,SETTLEMENT,NEFT,Axis Bank,IN,0,NORMAL_BANKING_FLOW
TX_AXIS_105987,AXIS_ACC_20163,AXIS_ACC_20243,4459.92,2026-01-10 11:45:52,TRANSFER,IMPS,Axis Bank,IN,0,NORMAL_BANKING_FLOW
TX_AXIS_105988,AXIS_ACC_20227,AXIS_ACC_20163,10310.57,2026-01-10 12:02:21,TRANSFER,IMPS,Axis Bank,IN,0,NORMAL_BANKING_FLOW
TX_AXIS_105989,AXIS_ACC_20160,AXIS_ACC_20004,15289.8,2026-01-10 12:04:32,SETTLEMENT,NEFT,Axis Bank,IN,0,NORMAL_BANKING_FLOW
TX_AXIS_105990,AXIS_ACC_20004,AXIS_ACC_20188,6674.26,2026-01-10 11:35:36,TRANSFER,IMPS,Axis Bank,IN,0,NORMAL_BANKING_FLOW
TX_AXIS_105991,AXIS_ACC_20003,AXIS_ACC_20130,16945.68,2026-01-10 11:36:00,TRANSFER,IMPS,Axis Bank,IN,0,NORMAL_BANKING_FLOW
TX_AXIS_105992,AXIS_ACC_20009,AXIS_ACC_20044,13445.36,2026-01-10 12:00:40,SETTLEMENT,NEFT,Axis Bank,IN,0,NORMAL_BANKING_FLOW
TX_AXIS_105993,AXIS_ACC_20005,AXIS_ACC_20165,3647.12,2026-01-10 12:18:12,SETTLEMENT,NEFT,Axis Bank,IN,0,NORMAL_BANKING_FLOW
TX_AXIS_105994,AXIS_ACC_20046,AXIS_ACC_20218,16627.16,2026-01-10 12:22:09,TRANSFER,IMPS,Axis Bank,IN,0,NORMAL_BANKING_FLOW
TX_AXIS_105995,AXIS_ACC_20053,BOB_ACC_20004,23471.17,2026-01-10 11:42:18,TRANSFER,IMPS,Axis Bank,IN,0,NORMAL_BANKING_FLOW
TX_AXIS_105996,AXIS_ACC_20010,AXIS_ACC_20244,11748.36,2026-01-10 12:01:45,TRANSFER,IMPS,Axis Bank,IN,0,NORMAL_BANKING_FLOW
TX_AXIS_105997,AXIS_ACC_20005,PNB_ACC_20201,31339.92,2026-01-10 12:13:36,SETTLEMENT,NEFT,Axis Bank,IN,0,NORMAL_BANKING_FLOW
TX_AXIS_105998,AXIS_ACC_20166,ICICI_ACC_20066,2929.53,2026-01-10 11:42:02,SETTLEMENT,NEFT,Axis Bank,IN,0,NORMAL_BANKING_FLOW
TX_AXIS_105999,AXIS_ACC_20115,AXIS_ACC_20121,15802.93,2026-01-10 12:36:22,SETTLEMENT,NEFT,Axis Bank,IN,0,NORMAL_BANKING_FLOW
TX_AXIS_106000,AXIS_ACC_20006,AXIS_ACC_20084,3070.88,2026-01-10 12:30:45,TRANSFER,IMPS,Axis Bank,IN,0,NORMAL_BANKING_FLOW
TX_AXIS_106001,AXIS_ACC_20176,AXIS_ACC_20164,3248.4,2026-01-10 12:16:40,SETTLEMENT,NEFT,Axis Bank,IN,0,NORMAL_BANKING_FLOW
TX_AXIS_106002,AXIS_ACC_20242,AXIS_ACC_20152,5266.23,2026-01-10 11:53:52,TRANSFER,IMPS,Axis Bank,IN,0,NORMAL_BANKING_FLOW
TX_AXIS_106003,AXIS_ACC_20173,CANARA_ACC_20065,3858.14,2026-01-10 12:04:36,SETTLEMENT,NEFT,Axis Bank,IN,0,NORMAL_BANKING_FLOW
TX_AXIS_106004,AXIS_ACC_20138,KOTAK_ACC_20092,5721.6,2026-01-10 11:30:54,SETTLEMENT,NEFT,Axis Bank,IN,0,NORMAL_BANKING_FLOW
TX_AXIS_106005,AXIS_ACC_20240,AXIS_ACC_20065,7989.23,2026-01-10 12:37:04,TRANSFER,IMPS,Axis Bank,IN,0,NORMAL_BANKING_FLOW
TX_AXIS_106006,AXIS_ACC_20071,AXIS_ACC_20110,22860.24,2026-01-10 12:03:00,SETTLEMENT,NEFT,Axis Bank,IN,0,NORMAL_BANKING_FLOW
TX_AXIS_106007,AXIS_ACC_20169,INDUS_ACC_20237,7178.47,2026-01-10 12:28:20,SETTLEMENT,NEFT,Axis Bank,IN,0,NORMAL_BANKING_FLOW
TX_AXIS_106008,AXIS_ACC_20191,BOB_ACC_20050,2027.13,2026-01-10 12:23:49,TRANSFER,IMPS,Axis Bank,IN,0,NORMAL_BANKING_FLOW
TX_AXIS_106009,AXIS_ACC_20219,AXIS_ACC_20241,30948.13,2026-01-10 11:59:24,TRANSFER,IMPS,Axis Bank,IN,0,NORMAL_BANKING_FLOW
TX_AXIS_106010,AXIS_ACC_20241,AXIS_ACC_20040,4285.15,2026-01-10 12:07:13,SETTLEMENT,NEFT,Axis Bank,IN,0,NORMAL_BANKING_FLOW
TX_AXIS_106011,AXIS_ACC_20055,AXIS_ACC_20101,9332.7,2026-01-10 12:15:10,SETTLEMENT,NEFT,Axis Bank,IN,0,NORMAL_BANKING_FLOW
TX_AXIS_106012,AXIS_ACC_20061,AXIS_ACC_20221,15468.12,2026-01-10 12:02:54,TRANSFER,IMPS,Axis Bank,IN,0,NORMAL_BANKING_FLOW
TX_AXIS_106013,AXIS_ACC_20121,AXIS_ACC_20120,12083.67,2026-01-10 12:46:24,SETTLEMENT,NEFT,Axis Bank,IN,0,NORMAL_BANKING_FLOW
TX_AXIS_106014,AXIS_ACC_20230,AXIS_ACC_20062,29560.06,2026-01-10 11:28:15,SETTLEMENT,NEFT,Axis Bank,IN,0,NORMAL_BANKING_FLOW
TX_AXIS_106015,AXIS_ACC_20166,AXIS_ACC_20206,15978.56,2026-01-10 11:47:30,SETTLEMENT,NEFT,Axis Bank,IN,0,NORMAL_BANKING_FLOW
TX_AXIS_106016,AXIS_ACC_20168,PNB_ACC_20076,4182.61,2026-01-10 12:43:30,TRANSFER,IMPS,Axis Bank,IN,0,NORMAL_BANKING_FLOW
TX_AXIS_106017,AXIS_ACC_20186,AXIS_ACC_20152,87427.24,2026-01-10 11:58:00,SETTLEMENT,NEFT,Axis Bank,IN,0,NORMAL_BANKING_FLOW
TX_AXIS_106018,AXIS_ACC_20137,AXIS_ACC_20006,12020.08,2026-01-10 12:55:03,TRANSFER,IMPS,Axis Bank,IN,0,NORMAL_BANKING_FLOW
TX_AXIS_106019,AXIS_ACC_20015,AXIS_ACC_20185,8541.23,2026-01-10 12:06:52,TRANSFER,IMPS,Axis Bank,IN,0,NORMAL_BANKING_FLOW
TX_AXIS_106020,AXIS_ACC_20136,AXIS_ACC_20118,25949.96,2026-01-10 11:33:43,TRANSFER,IMPS,Axis Bank,IN,0,NORMAL_BANKING_FLOW
TX_AXIS_106021,AXIS_ACC_20002,AXIS_ACC_20051,12701.19,2026-01-10 11:50:00,SETTLEMENT,NEFT,Axis Bank,IN,0,NORMAL_BANKING_FLOW
TX_AXIS_106022,AXIS_ACC_20194,AXIS_ACC_20050,14753.39,2026-01-10 12:04:32,TRANSFER,IMPS,Axis Bank,IN,0,NORMAL_BANKING_FLOW
TX_AXIS_106023,AXIS_ACC_20119,AXIS_ACC_20235,119633.0,2026-01-10 12:43:42,TRANSFER,IMPS,Axis Bank,IN,0,NORMAL_BANKING_FLOW
TX_AXIS_106024,AXIS_ACC_20216,INDUS_ACC_20069,7516.67,2026-01-10 12:34:18,SETTLEMENT,NEFT,Axis Bank,IN,0,NORMAL_BANKING_FLOW
TX_AXIS_106025,AXIS_ACC_20088,AXIS_ACC_20249,7202.9,2026-01-10 12:53:40,SETTLEMENT,NEFT,Axis Bank,IN,0,NORMAL_BANKING_FLOW
TX_AXIS_106026,AXIS_ACC_20143,HDFC_ACC_20107,11120.87,2026-01-10 13:00:50,TRANSFER,IMPS,Axis Bank,IN,0,NORMAL_BANKING_FLOW
TX_AXIS_106027,AXIS_ACC_20089,AXIS_ACC_20009,28897.66,2026-01-10 11:48:18,TRANSFER,IMPS,Axis Bank,IN,0,NORMAL_BANKING_FLOW
TX_AXIS_106028,AXIS_ACC_20178,AXIS_ACC_20076,2193.97,2026-01-10 13:02:46,TRANSFER,IMPS,Axis Bank,IN,0,NORMAL_BANKING_FLOW
TX_AXIS_106029,AXIS_ACC_20047,HDFC_ACC_20079,1386.37,2026-01-10 12:16:48,TRANSFER,IMPS,Axis Bank,IN,0,NORMAL_BANKING_FLOW
TX_AXIS_106030,AXIS_ACC_20226,AXIS_ACC_20233,5502.1,2026-01-10 12:00:12,TRANSFER,IMPS,Axis Bank,IN,0,NORMAL_BANKING_FLOW
TX_AXIS_106031,AXIS_ACC_20197,AXIS_ACC_20172,1931.55,2026-01-10 12:35:20,TRANSFER,IMPS,Axis Bank,IN,0,NORMAL_BANKING_FLOW
TX_AXIS_106032,AXIS_ACC_20057,INDUS_ACC_20048,6471.54,2026-01-10 13:06:38,TRANSFER,IMPS,Axis Bank,IN,0,NORMAL_BANKING_FLOW
TX_AXIS_106033,AXIS_ACC_20185,HDFC_ACC_20036,16358.45,2026-01-10 11:44:00,SETTLEMENT,NEFT,Axis Bank,IN,0,NORMAL_BANKING_FLOW
TX_AXIS_106034,AXIS_ACC_20147,AXIS_ACC_20223,4061.27,2026-01-10 12:06:30,SETTLEMENT,NEFT,Axis Bank,IN,0,NORMAL_BANKING_FLOW
TX_AXIS_106035,AXIS_ACC_20047,PNB_ACC_20038,2376.0,2026-01-10 11:55:50,TRANSFER,IMPS,Axis Bank,IN,0,NORMAL_BANKING_FLOW
TX_AXIS_106036,AXIS_ACC_20172,AXIS_ACC_20046,10607.72,2026-01-10 12:52:30,TRANSFER,IMPS,Axis Bank,IN,0,NORMAL_BANKING_FLOW
TX_AXIS_106037,AXIS_ACC_20177,AXIS_ACC_20093,23448.07,2026-01-10 13:09:12,TRANSFER,IMPS,Axis Bank,IN,0,NORMAL_BANKING_FLOW
TX_AXIS_106038,AXIS_ACC_20049,AXIS_ACC_20174,1817.15,2026-01-10 12:45:02,TRANSFER,IMPS,Axis Bank,IN,0,NORMAL_BANKING_FLOW
TX_AXIS_106039,AXIS_ACC_20087,PNB_ACC_20161,22476.65,2026-01-10 12:25:06,TRANSFER,IMPS,Axis Bank,IN,0,NORMAL_BANKING_FLOW
TX_AXIS_106040,AXIS_ACC_20204,AXIS_ACC_20233,22410.98,2026-01-10 12:37:18,SETTLEMENT,NEFT,Axis Bank,IN,0,NORMAL_BANKING_FLOW
TX_AXIS_106041,AXIS_ACC_20059,AXIS_ACC_20020,25695.86,2026-01-10 13:08:20,TRANSFER,IMPS,Axis Bank,IN,0,NORMAL_BANKING_FLOW
TX_AXIS_106042,AXIS_ACC_20236,AXIS_ACC_20212,33472.52,2026-01-10 12:45:45,SETTLEMENT,NEFT,Axis Bank,IN,0,NORMAL_BANKING_FLOW
TX_AXIS_106043,AXIS_ACC_20175,AXIS_ACC_20116,89501.79,2026-01-10 12:27:34,TRANSFER,IMPS,Axis Bank,IN,0,NORMAL_BANKING_FLOW
TX_AXIS_106044,AXIS_ACC_20195,AXIS_ACC_20121,6932.03,2026-01-10 13:20:37,TRANSFER,IMPS,Axis Bank,IN,0,NORMAL_BANKING_FLOW
TX_AXIS_106045,AXIS_ACC_20027,AXIS_ACC_20052,11043.22,2026-01-10 12:02:24,TRANSFER,IMPS,Axis Bank,IN,0,NORMAL_BANKING_FLOW
TX_AXIS_106046,AXIS_ACC_20098,AXIS_ACC_20216,6526.08,2026-01-10 12:12:30,TRANSFER,IMPS,Axis Bank,IN,0,NORMAL_BANKING_FLOW
TX_AXIS_106047,AXIS_ACC_20170,AXIS_ACC_20121,9916.71,2026-01-10 11:55:58,SETTLEMENT,NEFT,Axis Bank,IN,0,NORMAL_BANKING_FLOW
TX_AXIS_106048,AXIS_ACC_20184,ICICI_ACC_20194,45838.21,2026-01-10 12:33:06,SETTLEMENT,NEFT,Axis Bank,IN,0,NORMAL_BANKING_FLOW
TX_AXIS_106049,AXIS_ACC_20025,AXIS_ACC_20109,2578.56,2026-01-10 12:43:36,TRANSFER,IMPS,Axis Bank,IN,0,NORMAL_BANKING_FLOW
TX_AXIS_106050,AXIS_ACC_20134,AXIS_ACC_20201,4183.7,2026-01-10 11:39:44,TRANSFER,IMPS,Axis Bank,IN,0,NORMAL_BANKING_FLOW
TX_AXIS_106051,AXIS_ACC_20040,AXIS_ACC_20160,39229.37,2026-01-10 13:20:00,TRANSFER,IMPS,Axis Bank,IN,0,NORMAL_BANKING_FLOW
TX_AXIS_106052,AXIS_ACC_20059,AXIS_ACC_20214,27447.67,2026-01-10 11:45:18,TRANSFER,IMPS,Axis Bank,IN,0,NORMAL_BANKING_FLOW
TX_AXIS_106053,AXIS_ACC_20202,INDUS_ACC_20243,6883.4,2026-01-10 12:46:24,TRANSFER,IMPS,Axis Bank,IN,0,NORMAL_BANKING_FLOW
TX_AXIS_106054,AXIS_ACC_20126,PNB_ACC_20085,23257.94,2026-01-10 11:48:27,TRANSFER,IMPS,Axis Bank,IN,0,NORMAL_BANKING_FLOW
TX_AXIS_106055,AXIS_ACC_20184,AXIS_ACC_20151,13921.86,2026-01-10 11:43:38,SETTLEMENT,NEFT,Axis Bank,IN,0,NORMAL_BANKING_FLOW
TX_AXIS_106056,AXIS_ACC_20210,AXIS_ACC_20173,44368.04,2026-01-10 13:06:35,TRANSFER,IMPS,Axis Bank,IN,0,NORMAL_BANKING_FLOW
TX_AXIS_106057,AXIS_ACC_20112,AXIS_ACC_20206,10662.73,2026-01-10 13:36:00,SETTLEMENT,NEFT,Axis Bank,IN,0,NORMAL_BANKING_FLOW
TX_AXIS_106058,AXIS_ACC_20243,PNB_ACC_20200,27601.69,2026-01-10 11:54:57,SETTLEMENT,NEFT,Axis Bank,IN,0,NORMAL_BANKING_FLOW
TX_AXIS_106059,AXIS_ACC_20135,BOB_ACC_20245,138969.8,2026-01-10 12:16:22,SETTLEMENT,NEFT,Axis Bank,IN,0,NORMAL_BANKING_FLOW
TX_AXIS_106060,AXIS_ACC_20088,HDFC_ACC_20168,17999.5,2026-01-10 11:45:03,TRANSFER,IMPS,Axis Bank,IN,0,NORMAL_BANKING_FLOW
TX_AXIS_106061,AXIS_ACC_20014,AXIS_ACC_20156,10397.58,2026-01-10 12:28:00,SETTLEMENT,NEFT,Axis Bank,IN,0,NORMAL_BANKING_FLOW
TX_AXIS_106062,AXIS_ACC_20093,AXIS_ACC_20174,20382.81,2026-01-10 12:20:30,TRANSFER,IMPS,Axis Bank,IN,0,NORMAL_BANKING_FLOW
TX_AXIS_106063,AXIS_ACC_20201,HDFC_ACC_20063,6868.62,2026-01-10 12:04:48,TRANSFER,IMPS,Axis Bank,IN,0,NORMAL_BANKING_FLOW
TX_AXIS_106064,AXIS_ACC_20092,CANARA_ACC_20096,107792.97,2026-01-10 12:24:13,TRANSFER,IMPS,Axis Bank,IN,0,NORMAL_BANKING_FLOW
TX_AXIS_106065,AXIS_ACC_20156,AXIS_ACC_20184,11849.86,2026-01-10 13:00:16,TRANSFER,IMPS,Axis Bank,IN,0,NORMAL_BANKING_FLOW
TX_AXIS_106066,AXIS_ACC_20006,PNB_ACC_20049,7533.14,2026-01-10 12:39:00,TRANSFER,IMPS,Axis Bank,IN,0,NORMAL_BANKING_FLOW
TX_AXIS_106067,AXIS_ACC_20181,AXIS_ACC_20076,4291.15,2026-01-10 11:55:20,TRANSFER,IMPS,Axis Bank,IN,0,NORMAL_BANKING_FLOW
TX_AXIS_106068,AXIS_ACC_20157,AXIS_ACC_20235,29650.08,2026-01-10 12:23:30,TRANSFER,IMPS,Axis Bank,IN,0,NORMAL_BANKING_FLOW
TX_AXIS_106069,AXIS_ACC_20175,AXIS_ACC_20040,23557.21,2026-01-10 11:56:00,SETTLEMENT,NEFT,Axis Bank,IN,0,NORMAL_BANKING_FLOW
TX_AXIS_106070,AXIS_ACC_20123,AXIS_ACC_20174,6018.81,2026-01-10 13:40:33,SETTLEMENT,NEFT,Axis Bank,IN,0,NORMAL_BANKING_FLOW
TX_AXIS_106071,AXIS_ACC_20004,AXIS_ACC_20175,17614.04,2026-01-10 13:38:40,TRANSFER,IMPS,Axis Bank,IN,0,NORMAL_BANKING_FLOW
TX_AXIS_106072,AXIS_ACC_20172,ICICI_ACC_20099,2189.53,2026-01-10 13:28:12,TRANSFER,IMPS,Axis Bank,IN,0,NORMAL_BANKING_FLOW
TX_AXIS_106073,AXIS_ACC_20232,AXIS_ACC_20219,11908.06,2026-01-10 12:43:12,SETTLEMENT,NEFT,Axis Bank,IN,0,NORMAL_BANKING_FLOW
TX_AXIS_106074,AXIS_ACC_20215,AXIS_ACC_20175,15564.63,2026-01-10 12:12:05,TRANSFER,IMPS,Axis Bank,IN,0,NORMAL_BANKING_FLOW
TX_AXIS_106075,AXIS_ACC_20013,CANARA_ACC_20058,54574.93,2026-01-10 13:36:36,TRANSFER,IMPS,Axis Bank,IN,0,NORMAL_BANKING_FLOW
TX_AXIS_106076,AXIS_ACC_20025,AXIS_ACC_20064,4578.75,2026-01-10 13:37:30,TRANSFER,IMPS,Axis Bank,IN,0,NORMAL_BANKING_FLOW
TX_AXIS_106077,AXIS_ACC_20019,CANARA_ACC_20055,2756.31,2026-01-10 12:57:20,TRANSFER,IMPS,Axis Bank,IN,0,NORMAL_BANKING_FLOW
TX_AXIS_106078,AXIS_ACC_20199,AXIS_ACC_20197,4042.31,2026-01-10 13:51:06,TRANSFER,IMPS,Axis Bank,IN,0,NORMAL_BANKING_FLOW
TX_AXIS_106079,AXIS_ACC_20144,AXIS_ACC_20115,2600.43,2026-01-10 11:47:28,TRANSFER,IMPS,Axis Bank,IN,0,NORMAL_BANKING_FLOW
TX_AXIS_106080,AXIS_ACC_20164,AXIS_ACC_20218,37671.43,2026-01-10 13:17:14,TRANSFER,IMPS,Axis Bank,IN,0,NORMAL_BANKING_FLOW
TX_AXIS_106081,AXIS_ACC_20215,INDUS_ACC_20221,46566.62,2026-01-10 13:39:00,SETTLEMENT,NEFT,Axis Bank,IN,0,NORMAL_BANKING_FLOW
TX_AXIS_106082,AXIS_ACC_20070,AXIS_ACC_20002,13632.56,2026-01-10 12:21:27,TRANSFER,IMPS,Axis Bank,IN,0,NORMAL_BANKING_FLOW
TX_AXIS_106083,AXIS_ACC_20198,AXIS_ACC_20190,33566.87,2026-01-10 12:18:52,TRANSFER,IMPS,Axis Bank,IN,0,NORMAL_BANKING_FLOW
TX_AXIS_106084,AXIS_ACC_20126,AXIS_ACC_20008,11315.84,2026-01-10 13:26:24,TRANSFER,IMPS,Axis Bank,IN,0,NORMAL_BANKING_FLOW
TX_AXIS_106085,AXIS_ACC_20079,AXIS_ACC_20226,8999.18,2026-01-10 12:25:52,SETTLEMENT,NEFT,Axis Bank,IN,0,NORMAL_BANKING_FLOW
TX_AXIS_106086,AXIS_ACC_20080,AXIS_ACC_20116,7093.7,2026-01-10 11:55:30,TRANSFER,IMPS,Axis Bank,IN,0,NORMAL_BANKING_FLOW
TX_AXIS_106087,AXIS_ACC_20166,PNB_ACC_20002,7256.18,2026-01-10 13:04:00,TRANSFER,IMPS,Axis Bank,IN,0,NORMAL_BANKING_FLOW
TX_AXIS_106088,AXIS_ACC_20201,AXIS_ACC_20104,2105.27,2026-01-10 13:45:11,SETTLEMENT,NEFT,Axis Bank,IN,0,NORMAL_BANKING_FLOW
TX_AXIS_106089,AXIS_ACC_20173,AXIS_ACC_20160,12890.61,2026-01-10 14:01:44,SETTLEMENT,NEFT,Axis Bank,IN,0,NORMAL_BANKING_FLOW
TX_AXIS_106090,AXIS_ACC_20185,AXIS_ACC_20202,9505.88,2026-01-10 11:59:51,TRANSFER,IMPS,Axis Bank,IN,0,NORMAL_BANKING_FLOW
TX_AXIS_106091,AXIS_ACC_20024,AXIS_ACC_20228,20855.24,2026-01-10 13:13:00,TRANSFER,IMPS,Axis Bank,IN,0,NORMAL_BANKING_FLOW
TX_AXIS_106092,AXIS_ACC_20170,AXIS_ACC_20044,10867.41,2026-01-10 12:35:30,SETTLEMENT,NEFT,Axis Bank,IN,0,NORMAL_BANKING_FLOW
TX_AXIS_106093,AXIS_ACC_20192,AXIS_ACC_20062,8411.01,2026-01-10 12:00:48,TRANSFER,IMPS,Axis Bank,IN,0,NORMAL_BANKING_FLOW
TX_AXIS_106094,AXIS_ACC_20015,AXIS_ACC_20080,4141.47,2026-01-10 12:36:30,TRANSFER,IMPS,Axis Bank,IN,0,NORMAL_BANKING_FLOW
TX_AXIS_106095,AXIS_ACC_20025,AXIS_ACC_20169,10637.63,2026-01-10 12:20:50,TRANSFER,IMPS,Axis Bank,IN,0,NORMAL_BANKING_FLOW
TX_AXIS_106096,AXIS_ACC_20203,AXIS_ACC_20008,20707.21,2026-01-10 13:42:30,TRANSFER,IMPS,Axis Bank,IN,0,NORMAL_BANKING_FLOW
TX_AXIS_106097,AXIS_ACC_20175,YES_ACC_20133,3154.74,2026-01-10 13:43:20,SETTLEMENT,NEFT,Axis Bank,IN,0,NORMAL_BANKING_FLOW
TX_AXIS_106098,AXIS_ACC_20163,AXIS_ACC_20106,10801.86,2026-01-10 12:12:14,SETTLEMENT,NEFT,Axis Bank,IN,0,NORMAL_BANKING_FLOW
TX_AXIS_106099,AXIS_ACC_20144,AXIS_ACC_20175,12494.49,2026-01-10 11:49:30,TRANSFER,IMPS,Axis Bank,IN,0,NORMAL_BANKING_FLOW
TX_AXIS_106100,AXIS_ACC_20179,AXIS_ACC_20062,4826.78,2026-01-10 12:06:20,SETTLEMENT,NEFT,Axis Bank,IN,0,NORMAL_BANKING_FLOW
TX_AXIS_106101,AXIS_ACC_20119,PNB_ACC_20165,5498.02,2026-01-10 13:10:00,SETTLEMENT,NEFT,Axis Bank,IN,0,NORMAL_BANKING_FLOW
TX_AXIS_106102,AXIS_ACC_20047,AXIS_ACC_20005,12464.14,2026-01-10 13:34:06,TRANSFER,IMPS,Axis Bank,IN,0,NORMAL_BANKING_FLOW
TX_AXIS_106103,AXIS_ACC_20065,AXIS_ACC_20025,3186.18,2026-01-10 13:04:34,TRANSFER,IMPS,Axis Bank,IN,0,NORMAL_BANKING_FLOW
TX_AXIS_106104,AXIS_ACC_20233,AXIS_ACC_20029,14043.62,2026-01-10 12:00:54,SETTLEMENT,NEFT,Axis Bank,IN,0,NORMAL_BANKING_FLOW
TX_AXIS_106105,AXIS_ACC_20143,AXIS_ACC_20204,4042.61,2026-01-10 13:22:48,TRANSFER,IMPS,Axis Bank,IN,0,NORMAL_BANKING_FLOW
TX_AXIS_106106,AXIS_ACC_20171,AXIS_ACC_20155,28648.42,2026-01-10 11:54:40,SETTLEMENT,NEFT,Axis Bank,IN,0,NORMAL_BANKING_FLOW
TX_AXIS_106107,AXIS_ACC_20055,AXIS_ACC_20136,102521.49,2026-01-10 13:00:10,TRANSFER,IMPS,Axis Bank,IN,0,NORMAL_BANKING_FLOW
TX_AXIS_106108,AXIS_ACC_20028,HDFC_ACC_20159,4184.92,2026-01-10 13:11:06,TRANSFER,IMPS,Axis Bank,IN,0,NORMAL_BANKING_FLOW
TX_AXIS_106109,AXIS_ACC_20077,AXIS_ACC_20240,16885.45,2026-01-10 12:47:28,SETTLEMENT,NEFT,Axis Bank,IN,0,NORMAL_BANKING_FLOW
TX_AXIS_106110,AXIS_ACC_20120,AXIS_ACC_20101,4785.08,2026-01-10 13:12:22,TRANSFER,IMPS,Axis Bank,IN,0,NORMAL_BANKING_FLOW
TX_AXIS_106111,AXIS_ACC_20210,AXIS_ACC_20047,28027.86,2026-01-10 13:09:30,TRANSFER,IMPS,Axis Bank,IN,0,NORMAL_BANKING_FLOW
TX_AXIS_106112,AXIS_ACC_20020,AXIS_ACC_20115,2792.64,2026-01-10 13:34:44,TRANSFER,IMPS,Axis Bank,IN,0,NORMAL_BANKING_FLOW
TX_AXIS_106113,AXIS_ACC_20176,BOB_ACC_20128,16003.88,2026-01-10 14:24:56,SETTLEMENT,NEFT,Axis Bank,IN,0,NORMAL_BANKING_FLOW
TX_AXIS_106114,AXIS_ACC_20216,AXIS_ACC_20149,4134.04,2026-01-10 13:25:33,SETTLEMENT,NEFT,Axis Bank,IN,0,NORMAL_BANKING_FLOW
TX_AXIS_106115,AXIS_ACC_20034,YES_ACC_20236,8046.68,2026-01-10 13:11:58,TRANSFER,IMPS,Axis Bank,IN,0,NORMAL_BANKING_FLOW
TX_AXIS_106116,AXIS_ACC_20240,AXIS_ACC_20093,3529.72,2026-01-10 13:34:05,TRANSFER,IMPS,Axis Bank,IN,0,NORMAL_BANKING_FLOW
TX_AXIS_106117,AXIS_ACC_20025,AXIS_ACC_20217,22524.31,2026-01-10 13:45:36,TRANSFER,IMPS,Axis Bank,IN,0,NORMAL_BANKING_FLOW
TX_AXIS_106118,AXIS_ACC_20073,SBI_ACC_20042,4285.62,2026-01-10 13:53:36,TRANSFER,IMPS,Axis Bank,IN,0,NORMAL_BANKING_FLOW
TX_AXIS_106119,AXIS_ACC_20167,PNB_ACC_20170,17187.96,2026-01-10 12:23:34,TRANSFER,IMPS,Axis Bank,IN,0,NORMAL_BANKING_FLOW
TX_AXIS_106120,AXIS_ACC_20077,AXIS_ACC_20101,7015.67,2026-01-10 13:22:21,SETTLEMENT,NEFT,Axis Bank,IN,0,NORMAL_BANKING_FLOW
TX_AXIS_106121,AXIS_ACC_20108,AXIS_ACC_20055,8826.62,2026-01-10 13:23:00,TRANSFER,IMPS,Axis Bank,IN,0,NORMAL_BANKING_FLOW
TX_AXIS_106122,AXIS_ACC_20174,AXIS_ACC_20207,11473.05,2026-01-10 11:55:15,TRANSFER,IMPS,Axis Bank,IN,0,NORMAL_BANKING_FLOW
TX_AXIS_106123,AXIS_ACC_20024,AXIS_ACC_20045,4620.12,2026-01-10 13:42:48,TRANSFER,IMPS,Axis Bank,IN,0,NORMAL_BANKING_FLOW
TX_AXIS_106124,AXIS_ACC_20095,AXIS_ACC_20131,12214.35,2026-01-10 14:24:25,SETTLEMENT,NEFT,Axis Bank,IN,0,NORMAL_BANKING_FLOW
TX_AXIS_106125,AXIS_ACC_20101,YES_ACC_20053,45721.99,2026-01-10 12:48:16,TRANSFER,IMPS,Axis Bank,IN,0,NORMAL_BANKING_FLOW
TX_AXIS_106126,AXIS_ACC_20006,YES_ACC_20080,4545.56,2026-01-10 13:33:45,TRANSFER,IMPS,Axis Bank,IN,0,NORMAL_BANKING_FLOW
TX_AXIS_106127,AXIS_ACC_20144,AXIS_ACC_20130,31946.25,2026-01-10 13:26:54,TRANSFER,IMPS,Axis Bank,IN,0,NORMAL_BANKING_FLOW
TX_AXIS_106128,AXIS_ACC_20055,AXIS_ACC_20144,44271.55,2026-01-10 13:50:15,SETTLEMENT,NEFT,Axis Bank,IN,0,NORMAL_BANKING_FLOW
TX_AXIS_106129,AXIS_ACC_20071,AXIS_ACC_20125,4375.8,2026-01-10 12:50:12,TRANSFER,IMPS,Axis Bank,IN,0,NORMAL_BANKING_FLOW
TX_AXIS_106130,AXIS_ACC_20164,AXIS_ACC_20187,2309.87,2026-01-10 14:41:22,SETTLEMENT,NEFT,Axis Bank,IN,0,NORMAL_BANKING_FLOW
TX_AXIS_106131,AXIS_ACC_20020,ICICI_ACC_20191,13385.95,2026-01-10 12:51:10,SETTLEMENT,NEFT,Axis Bank,IN,0,NORMAL_BANKING_FLOW
TX_AXIS_106132,AXIS_ACC_20180,HDFC_ACC_20169,5724.97,2026-01-10 12:32:24,SETTLEMENT,NEFT,Axis Bank,IN,0,NORMAL_BANKING_FLOW
TX_AXIS_106133,AXIS_ACC_20239,AXIS_ACC_20084,64125.87,2026-01-10 14:36:32,TRANSFER,IMPS,Axis Bank,IN,0,NORMAL_BANKING_FLOW
TX_AXIS_106134,AXIS_ACC_20016,AXIS_ACC_20068,10247.69,2026-01-10 14:25:49,TRANSFER,IMPS,Axis Bank,IN,0,NORMAL_BANKING_FLOW
TX_AXIS_106135,AXIS_ACC_20239,AXIS_ACC_20148,4437.3,2026-01-10 12:10:12,TRANSFER,IMPS,Axis Bank,IN,0,NORMAL_BANKING_FLOW
TX_AXIS_106136,AXIS_ACC_20115,AXIS_ACC_20132,3142.71,2026-01-10 12:22:15,TRANSFER,IMPS,Axis Bank,IN,0,NORMAL_BANKING_FLOW
TX_AXIS_106137,AXIS_ACC_20031,AXIS_ACC_20005,29433.98,2026-01-10 12:38:20,TRANSFER,IMPS,Axis Bank,IN,0,NORMAL_BANKING_FLOW
TX_AXIS_106138,AXIS_ACC_20114,AXIS_ACC_20198,5590.46,2026-01-10 12:19:00,TRANSFER,IMPS,Axis Bank,IN,0,NORMAL_BANKING_FLOW
TX_AXIS_106139,AXIS_ACC_20217,INDUS_ACC_20173,10340.55,2026-01-10 13:38:40,SETTLEMENT,NEFT,Axis Bank,IN,0,NORMAL_BANKING_FLOW
TX_AXIS_106140,AXIS_ACC_20186,BOB_ACC_20167,25740.03,2026-01-10 13:51:17,TRANSFER,IMPS,Axis Bank,IN,0,NORMAL_BANKING_FLOW
TX_AXIS_106141,AXIS_ACC_20122,CANARA_ACC_20159,6098.16,2026-01-10 13:04:00,SETTLEMENT,NEFT,Axis Bank,IN,0,NORMAL_BANKING_FLOW
TX_AXIS_106142,AXIS_ACC_20041,ICICI_ACC_20027,9452.85,2026-01-10 14:32:53,TRANSFER,IMPS,Axis Bank,IN,0,NORMAL_BANKING_FLOW
TX_AXIS_106143,AXIS_ACC_20071,AXIS_ACC_20105,9734.5,2026-01-10 14:05:32,TRANSFER,IMPS,Axis Bank,IN,0,NORMAL_BANKING_FLOW
TX_AXIS_106144,AXIS_ACC_20091,AXIS_ACC_20024,19600.78,2026-01-10 13:25:48,SETTLEMENT,NEFT,Axis Bank,IN,0,NORMAL_BANKING_FLOW
TX_AXIS_106145,AXIS_ACC_20169,AXIS_ACC_20241,17867.6,2026-01-10 14:23:20,SETTLEMENT,NEFT,Axis Bank,IN,0,NORMAL_BANKING_FLOW
TX_AXIS_106146,AXIS_ACC_20126,AXIS_ACC_20206,7941.73,2026-01-10 12:01:15,TRANSFER,IMPS,Axis Bank,IN,0,NORMAL_BANKING_FLOW
TX_AXIS_106147,AXIS_ACC_20221,YES_ACC_20220,10547.55,2026-01-10 14:57:48,SETTLEMENT,NEFT,Axis Bank,IN,0,NORMAL_BANKING_FLOW
TX_AXIS_106148,AXIS_ACC_20104,AXIS_ACC_20024,6824.14,2026-01-10 13:03:30,TRANSFER,IMPS,Axis Bank,IN,0,NORMAL_BANKING_FLOW
TX_AXIS_106149,AXIS_ACC_20244,AXIS_ACC_20090,2258.35,2026-01-10 12:43:20,TRANSFER,IMPS,Axis Bank,IN,0,NORMAL_BANKING_FLOW
TX_AXIS_106150,AXIS_ACC_20190,YES_ACC_20026,12805.13,2026-01-10 13:58:27,SETTLEMENT,NEFT,Axis Bank,IN,0,NORMAL_BANKING_FLOW
TX_AXIS_106151,AXIS_ACC_20155,AXIS_ACC_20124,65656.49,2026-01-10 13:50:50,TRANSFER,IMPS,Axis Bank,IN,0,NORMAL_BANKING_FLOW
TX_AXIS_106152,AXIS_ACC_20022,AXIS_ACC_20229,4089.92,2026-01-10 14:29:10,TRANSFER,IMPS,Axis Bank,IN,0,NORMAL_BANKING_FLOW
TX_AXIS_106153,AXIS_ACC_20176,SBI_ACC_20100,4568.64,2026-01-10 12:57:36,TRANSFER,IMPS,Axis Bank,IN,0,NORMAL_BANKING_FLOW
TX_AXIS_106154,AXIS_ACC_20042,AXIS_ACC_20029,4143.4,2026-01-10 14:22:24,SETTLEMENT,NEFT,Axis Bank,IN,0,NORMAL_BANKING_FLOW
TX_AXIS_106155,AXIS_ACC_20003,AXIS_ACC_20110,20426.57,2026-01-10 12:58:32,SETTLEMENT,NEFT,Axis Bank,IN,0,NORMAL_BANKING_FLOW
TX_AXIS_106156,AXIS_ACC_20203,AXIS_ACC_20043,15498.3,2026-01-10 14:15:30,TRANSFER,IMPS,Axis Bank,IN,0,NORMAL_BANKING_FLOW
TX_AXIS_106157,AXIS_ACC_20205,KOTAK_ACC_20107,8446.12,2026-01-10 12:33:52,TRANSFER,IMPS,Axis Bank,IN,0,NORMAL_BANKING_FLOW
TX_AXIS_106158,AXIS_ACC_20061,AXIS_ACC_20158,3952.02,2026-01-10 12:34:14,SETTLEMENT,NEFT,Axis Bank,IN,0,NORMAL_BANKING_FLOW
TX_AXIS_106159,AXIS_ACC_20148,AXIS_ACC_20218,10854.95,2026-01-10 14:26:24,TRANSFER,IMPS,Axis Bank,IN,0,NORMAL_BANKING_FLOW
TX_AXIS_106160,AXIS_ACC_20154,KOTAK_ACC_20121,2070.15,2026-01-10 12:13:23,TRANSFER,IMPS,Axis Bank,IN,0,NORMAL_BANKING_FLOW
TX_AXIS_106161,AXIS_ACC_20091,INDUS_ACC_20132,11423.48,2026-01-10 15:11:20,TRANSFER,IMPS,Axis Bank,IN,0,NORMAL_BANKING_FLOW
TX_AXIS_106162,AXIS_ACC_20087,AXIS_ACC_20232,23659.6,2026-01-10 13:36:36,TRANSFER,IMPS,Axis Bank,IN,0,NORMAL_BANKING_FLOW
TX_AXIS_106163,AXIS_ACC_20234,AXIS_ACC_20194,2832.18,2026-01-10 13:11:00,SETTLEMENT,NEFT,Axis Bank,IN,0,NORMAL_BANKING_FLOW
TX_AXIS_106164,AXIS_ACC_20217,AXIS_ACC_20187,2137.69,2026-01-10 12:36:26,TRANSFER,IMPS,Axis Bank,IN,0,NORMAL_BANKING_FLOW
TX_AXIS_106165,AXIS_ACC_20039,AXIS_ACC_20083,48023.12,2026-01-10 13:03:12,SETTLEMENT,NEFT,Axis Bank,IN,0,NORMAL_BANKING_FLOW
TX_AXIS_106166,AXIS_ACC_20207,AXIS_ACC_20214,5368.16,2026-01-10 13:39:00,TRANSFER,IMPS,Axis Bank,IN,0,NORMAL_BANKING_FLOW
TX_AXIS_106167,AXIS_ACC_20047,AXIS_ACC_20226,30820.89,2026-01-10 14:54:58,SETTLEMENT,NEFT,Axis Bank,IN,0,NORMAL_BANKING_FLOW
TX_AXIS_106168,AXIS_ACC_20215,PNB_ACC_20213,8484.55,2026-01-10 12:24:33,SETTLEMENT,NEFT,Axis Bank,IN,0,NORMAL_BANKING_FLOW
TX_AXIS_106169,AXIS_ACC_20229,AXIS_ACC_20240,8417.31,2026-01-10 14:25:28,SETTLEMENT,NEFT,Axis Bank,IN,0,NORMAL_BANKING_FLOW
TX_AXIS_106170,AXIS_ACC_20046,YES_ACC_20207,15342.97,2026-01-10 12:34:09,SETTLEMENT,NEFT,Axis Bank,IN,0,NORMAL_BANKING_FLOW
TX_AXIS_106171,AXIS_ACC_20138,AXIS_ACC_20147,4088.78,2026-01-10 12:16:30,TRANSFER,IMPS,Axis Bank,IN,0,NORMAL_BANKING_FLOW
TX_AXIS_106172,AXIS_ACC_20066,AXIS_ACC_20053,11299.31,2026-01-10 14:59:23,TRANSFER,IMPS,Axis Bank,IN,0,NORMAL_BANKING_FLOW
TX_AXIS_106173,AXIS_ACC_20059,AXIS_ACC_20100,6758.19,2026-01-10 14:46:40,TRANSFER,IMPS,Axis Bank,IN,0,NORMAL_BANKING_FLOW
TX_AXIS_106174,AXIS_ACC_20154,AXIS_ACC_20230,2642.57,2026-01-10 13:07:24,SETTLEMENT,NEFT,Axis Bank,IN,0,NORMAL_BANKING_FLOW
TX_AXIS_106175,AXIS_ACC_20133,AXIS_ACC_20086,13869.98,2026-01-10 14:25:30,TRANSFER,IMPS,Axis Bank,IN,0,NORMAL_BANKING_FLOW
TX_AXIS_106176,AXIS_ACC_20150,AXIS_ACC_20170,7606.0,2026-01-10 15:07:30,TRANSFER,IMPS,Axis Bank,IN,0,NORMAL_BANKING_FLOW
TX_AXIS_106177,AXIS_ACC_20201,AXIS_ACC_20118,8458.91,2026-01-10 13:36:24,TRANSFER,IMPS,Axis Bank,IN,0,NORMAL_BANKING_FLOW
TX_AXIS_106178,AXIS_ACC_20234,BOB_ACC_20191,2950.82,2026-01-10 12:46:11,SETTLEMENT,NEFT,Axis Bank,IN,0,NORMAL_BANKING_FLOW
TX_AXIS_106179,AXIS_ACC_20045,CANARA_ACC_20123,48601.05,2026-01-10 15:10:12,SETTLEMENT,NEFT,Axis Bank,IN,0,NORMAL_BANKING_FLOW
TX_AXIS_106180,AXIS_ACC_20048,AXIS_ACC_20243,23782.71,2026-01-10 15:15:45,SETTLEMENT,NEFT,Axis Bank,IN,0,NORMAL_BANKING_FLOW
TX_AXIS_106181,AXIS_ACC_20130,AXIS_ACC_20225,25955.94,2026-01-10 12:33:20,TRANSFER,IMPS,Axis Bank,IN,0,NORMAL_BANKING_FLOW
TX_AXIS_106182,AXIS_ACC_20159,AXIS_ACC_20240,7292.16,2026-01-10 13:11:08,TRANSFER,IMPS,Axis Bank,IN,0,NORMAL_BANKING_FLOW
TX_AXIS_106183,AXIS_ACC_20122,AXIS_ACC_20030,1756.04,2026-01-10 14:17:24,TRANSFER,IMPS,Axis Bank,IN,0,NORMAL_BANKING_FLOW
TX_AXIS_106184,AXIS_ACC_20180,AXIS_ACC_20002,69767.07,2026-01-10 14:32:15,SETTLEMENT,NEFT,Axis Bank,IN,0,NORMAL_BANKING_FLOW
TX_AXIS_106185,AXIS_ACC_20078,AXIS_ACC_20043,9310.54,2026-01-10 15:44:00,SETTLEMENT,NEFT,Axis Bank,IN,0,NORMAL_BANKING_FLOW
TX_AXIS_106186,AXIS_ACC_20217,HDFC_ACC_20176,4680.69,2026-01-10 15:26:00,TRANSFER,IMPS,Axis Bank,IN,0,NORMAL_BANKING_FLOW
TX_AXIS_106187,AXIS_ACC_20202,KOTAK_ACC_20207,15014.95,2026-01-10 15:17:24,TRANSFER,IMPS,Axis Bank,IN,0,NORMAL_BANKING_FLOW
TX_AXIS_106188,AXIS_ACC_20233,AXIS_ACC_20187,31796.8,2026-01-10 12:26:06,TRANSFER,IMPS,Axis Bank,IN,0,NORMAL_BANKING_FLOW
TX_AXIS_106189,AXIS_ACC_20078,HDFC_ACC_20228,9671.6,2026-01-10 13:24:00,TRANSFER,IMPS,Axis Bank,IN,0,NORMAL_BANKING_FLOW
TX_AXIS_106190,AXIS_ACC_20202,AXIS_ACC_20068,35545.72,2026-01-10 14:56:01,TRANSFER,IMPS,Axis Bank,IN,0,NORMAL_BANKING_FLOW
TX_AXIS_106191,AXIS_ACC_20248,AXIS_ACC_20218,29231.43,2026-01-10 13:00:50,TRANSFER,IMPS,Axis Bank,IN,0,NORMAL_BANKING_FLOW
TX_AXIS_106192,AXIS_ACC_20171,AXIS_ACC_20178,3373.21,2026-01-10 13:35:12,TRANSFER,IMPS,Axis Bank,IN,0,NORMAL_BANKING_FLOW
TX_AXIS_106193,AXIS_ACC_20214,SBI_ACC_20178,5045.29,2026-01-10 13:35:44,TRANSFER,IMPS,Axis Bank,IN,0,NORMAL_BANKING_FLOW
TX_AXIS_106194,AXIS_ACC_20105,AXIS_ACC_20229,25784.72,2026-01-10 15:18:49,TRANSFER,IMPS,Axis Bank,IN,0,NORMAL_BANKING_FLOW
TX_AXIS_106195,AXIS_ACC_20188,AXIS_ACC_20168,656.81,2026-01-10 12:38:00,TRANSFER,IMPS,Axis Bank,IN,0,NORMAL_BANKING_FLOW
TX_AXIS_106196,AXIS_ACC_20106,SBI_ACC_20156,8523.18,2026-01-10 12:33:25,SETTLEMENT,NEFT,Axis Bank,IN,0,NORMAL_BANKING_FLOW
TX_AXIS_106197,AXIS_ACC_20079,AXIS_ACC_20049,2366.5,2026-01-10 15:11:36,TRANSFER,IMPS,Axis Bank,IN,0,NORMAL_BANKING_FLOW
TX_AXIS_106198,AXIS_ACC_20180,AXIS_ACC_20049,6145.32,2026-01-10 15:27:18,TRANSFER,IMPS,Axis Bank,IN,0,NORMAL_BANKING_FLOW
TX_AXIS_106199,AXIS_ACC_20079,ICICI_ACC_20076,7340.63,2026-01-10 14:38:32,TRANSFER,IMPS,Axis Bank,IN,0,NORMAL_BANKING_FLOW
TX_AXIS_106200,AXIS_ACC_20175,AXIS_ACC_20014,6917.13,2026-01-10 13:54:25,SETTLEMENT,NEFT,Axis Bank,IN,0,NORMAL_BANKING_FLOW
TX_AXIS_106201,AXIS_ACC_20045,AXIS_ACC_20019,5697.25,2026-01-10 14:55:00,SETTLEMENT,NEFT,Axis Bank,IN,0,NORMAL_BANKING_FLOW
TX_AXIS_106202,AXIS_ACC_20199,AXIS_ACC_20164,3303.89,2026-01-10 15:45:57,SETTLEMENT,NEFT,Axis Bank,IN,0,NORMAL_BANKING_FLOW
TX_AXIS_106203,AXIS_ACC_20081,AXIS_ACC_20046,97920.51,2026-01-10 13:15:54,TRANSFER,IMPS,Axis Bank,IN,0,NORMAL_BANKING_FLOW
TX_AXIS_106204,AXIS_ACC_20044,AXIS_ACC_20245,64052.73,2026-01-10 15:17:33,TRANSFER,IMPS,Axis Bank,IN,0,NORMAL_BANKING_FLOW
TX_AXIS_106205,AXIS_ACC_20097,YES_ACC_20149,3096.21,2026-01-10 13:11:44,TRANSFER,IMPS,Axis Bank,IN,0,NORMAL_BANKING_FLOW
TX_AXIS_106206,AXIS_ACC_20108,AXIS_ACC_20199,48151.94,2026-01-10 15:49:45,SETTLEMENT,NEFT,Axis Bank,IN,0,NORMAL_BANKING_FLOW
TX_AXIS_106207,AXIS_ACC_20059,AXIS_ACC_20099,6637.79,2026-01-10 13:07:30,TRANSFER,IMPS,Axis Bank,IN,0,NORMAL_BANKING_FLOW
TX_AXIS_106208,AXIS_ACC_20023,BOB_ACC_20200,11261.98,2026-01-10 12:42:20,TRANSFER,IMPS,Axis Bank,IN,0,NORMAL_BANKING_FLOW
TX_AXIS_106209,AXIS_ACC_20004,KOTAK_ACC_20200,9290.3,2026-01-10 13:18:36,SETTLEMENT,NEFT,Axis Bank,IN,0,NORMAL_BANKING_FLOW
TX_AXIS_106210,AXIS_ACC_20167,AXIS_ACC_20038,5116.63,2026-01-10 13:55:06,TRANSFER,IMPS,Axis Bank,IN,0,NORMAL_BANKING_FLOW
TX_AXIS_106211,AXIS_ACC_20108,AXIS_ACC_20132,26472.25,2026-01-10 13:50:30,TRANSFER,IMPS,Axis Bank,IN,0,NORMAL_BANKING_FLOW
TX_AXIS_106212,AXIS_ACC_20048,AXIS_ACC_20077,11224.86,2026-01-10 13:19:57,TRANSFER,IMPS,Axis Bank,IN,0,NORMAL_BANKING_FLOW
TX_AXIS_106213,AXIS_ACC_20154,AXIS_ACC_20060,6145.34,2026-01-10 16:01:36,TRANSFER,IMPS,Axis Bank,IN,0,NORMAL_BANKING_FLOW
TX_AXIS_106214,AXIS_ACC_20094,AXIS_ACC_20246,2684.93,2026-01-10 13:41:43,TRANSFER,IMPS,Axis Bank,IN,0,NORMAL_BANKING_FLOW
TX_AXIS_106215,AXIS_ACC_20231,AXIS_ACC_20187,4049.73,2026-01-10 15:11:12,TRANSFER,IMPS,Axis Bank,IN,0,NORMAL_BANKING_FLOW
TX_AXIS_106216,AXIS_ACC_20198,PNB_ACC_20044,1917.2,2026-01-10 12:29:15,TRANSFER,IMPS,Axis Bank,IN,0,NORMAL_BANKING_FLOW
TX_AXIS_106217,AXIS_ACC_20143,AXIS_ACC_20242,10018.85,2026-01-10 13:53:48,TRANSFER,IMPS,Axis Bank,IN,0,NORMAL_BANKING_FLOW
TX_AXIS_106218,AXIS_ACC_20141,AXIS_ACC_20005,2990.91,2026-01-10 15:45:18,SETTLEMENT,NEFT,Axis Bank,IN,0,NORMAL_BANKING_FLOW
TX_AXIS_106219,AXIS_ACC_20087,SBI_ACC_20147,7588.88,2026-01-10 14:47:54,TRANSFER,IMPS,Axis Bank,IN,0,NORMAL_BANKING_FLOW
TX_AXIS_106220,AXIS_ACC_20194,BOB_ACC_20206,38952.64,2026-01-10 14:16:43,TRANSFER,IMPS,Axis Bank,IN,0,NORMAL_BANKING_FLOW
TX_AXIS_106221,AXIS_ACC_20155,AXIS_ACC_20236,32836.62,2026-01-10 15:48:00,SETTLEMENT,NEFT,Axis Bank,IN,0,NORMAL_BANKING_FLOW
TX_AXIS_106222,AXIS_ACC_20221,AXIS_ACC_20145,9582.78,2026-01-10 15:00:45,SETTLEMENT,NEFT,Axis Bank,IN,0,NORMAL_BANKING_FLOW
TX_AXIS_106223,AXIS_ACC_20154,YES_ACC_20072,9071.7,2026-01-10 14:45:24,SETTLEMENT,NEFT,Axis Bank,IN,0,NORMAL_BANKING_FLOW
TX_AXIS_106224,AXIS_ACC_20153,AXIS_ACC_20221,64852.75,2026-01-10 14:08:25,TRANSFER,IMPS,Axis Bank,IN,0,NORMAL_BANKING_FLOW
TX_AXIS_106225,AXIS_ACC_20011,AXIS_ACC_20032,16659.84,2026-01-10 15:03:00,TRANSFER,IMPS,Axis Bank,IN,0,NORMAL_BANKING_FLOW
TX_AXIS_106226,AXIS_ACC_20001,AXIS_ACC_20152,7130.91,2026-01-10 15:30:50,TRANSFER,IMPS,Axis Bank,IN,0,NORMAL_BANKING_FLOW
TX_AXIS_106227,AXIS_ACC_20034,AXIS_ACC_20244,2377.92,2026-01-10 15:42:32,TRANSFER,IMPS,Axis Bank,IN,0,NORMAL_BANKING_FLOW
TX_AXIS_106228,AXIS_ACC_20070,YES_ACC_20170,14674.6,2026-01-10 14:59:48,TRANSFER,IMPS,Axis Bank,IN,0,NORMAL_BANKING_FLOW
TX_AXIS_106229,AXIS_ACC_20111,AXIS_ACC_20151,22681.93,2026-01-10 14:33:12,TRANSFER,IMPS,Axis Bank,IN,0,NORMAL_BANKING_FLOW
TX_AXIS_106230,AXIS_ACC_20066,AXIS_ACC_20105,5262.43,2026-01-10 15:28:41,SETTLEMENT,NEFT,Axis Bank,IN,0,NORMAL_BANKING_FLOW
TX_AXIS_106231,AXIS_ACC_20179,SBI_ACC_20223,13242.71,2026-01-10 16:24:30,TRANSFER,IMPS,Axis Bank,IN,0,NORMAL_BANKING_FLOW
TX_AXIS_106232,AXIS_ACC_20021,CANARA_ACC_20232,6880.36,2026-01-10 14:51:42,TRANSFER,IMPS,Axis Bank,IN,0,NORMAL_BANKING_FLOW
TX_AXIS_106233,AXIS_ACC_20246,BOB_ACC_20066,8233.51,2026-01-10 12:50:40,TRANSFER,IMPS,Axis Bank,IN,0,NORMAL_BANKING_FLOW
TX_AXIS_106234,AXIS_ACC_20114,AXIS_ACC_20100,822.36,2026-01-10 16:33:00,SETTLEMENT,NEFT,Axis Bank,IN,0,NORMAL_BANKING_FLOW
TX_AXIS_106235,AXIS_ACC_20107,AXIS_ACC_20083,7928.5,2026-01-10 15:10:30,SETTLEMENT,NEFT,Axis Bank,IN,0,NORMAL_BANKING_FLOW
TX_AXIS_106236,AXIS_ACC_20019,AXIS_ACC_20130,26091.62,2026-01-10 12:23:45,SETTLEMENT,NEFT,Axis Bank,IN,0,NORMAL_BANKING_FLOW
TX_AXIS_106237,AXIS_ACC_20175,AXIS_ACC_20125,5263.74,2026-01-10 14:55:12,SETTLEMENT,NEFT,Axis Bank,IN,0,NORMAL_BANKING_FLOW
TX_AXIS_106238,AXIS_ACC_20144,ICICI_ACC_20052,10430.88,2026-01-10 16:20:09,TRANSFER,IMPS,Axis Bank,IN,0,NORMAL_BANKING_FLOW
TX_AXIS_106239,AXIS_ACC_20248,YES_ACC_20147,4647.34,2026-01-10 14:05:54,SETTLEMENT,NEFT,Axis Bank,IN,0,NORMAL_BANKING_FLOW
TX_AXIS_106240,AXIS_ACC_20226,PNB_ACC_20082,14192.11,2026-01-10 15:31:12,TRANSFER,IMPS,Axis Bank,IN,0,NORMAL_BANKING_FLOW
TX_AXIS_106241,AXIS_ACC_20200,AXIS_ACC_20220,7970.3,2026-01-10 12:30:40,SETTLEMENT,NEFT,Axis Bank,IN,0,NORMAL_BANKING_FLOW
TX_AXIS_106242,AXIS_ACC_20242,AXIS_ACC_20087,3869.03,2026-01-10 16:41:00,TRANSFER,IMPS,Axis Bank,IN,0,NORMAL_BANKING_FLOW
TX_AXIS_106243,AXIS_ACC_20211,PNB_ACC_20230,37517.08,2026-01-10 14:13:48,TRANSFER,IMPS,Axis Bank,IN,0,NORMAL_BANKING_FLOW
TX_AXIS_106244,AXIS_ACC_20111,AXIS_ACC_20213,25057.59,2026-01-10 13:28:38,SETTLEMENT,NEFT,Axis Bank,IN,0,NORMAL_BANKING_FLOW
TX_AXIS_106245,AXIS_ACC_20042,CANARA_ACC_20031,5405.07,2026-01-10 16:38:16,TRANSFER,IMPS,Axis Bank,IN,0,NORMAL_BANKING_FLOW
TX_AXIS_106246,AXIS_ACC_20216,AXIS_ACC_20014,16281.56,2026-01-10 14:15:30,SETTLEMENT,NEFT,Axis Bank,IN,0,NORMAL_BANKING_FLOW
TX_AXIS_106247,AXIS_ACC_20137,AXIS_ACC_20181,16939.64,2026-01-10 16:34:28,SETTLEMENT,NEFT,Axis Bank,IN,0,NORMAL_BANKING_FLOW
TX_AXIS_106248,AXIS_ACC_20044,PNB_ACC_20131,18812.96,2026-01-10 15:26:02,TRANSFER,IMPS,Axis Bank,IN,0,NORMAL_BANKING_FLOW
TX_AXIS_106249,AXIS_ACC_20194,BOB_ACC_20165,1818.46,2026-01-10 12:50:12,SETTLEMENT,NEFT,Axis Bank,IN,0,NORMAL_BANKING_FLOW
TX_AXIS_106250,AXIS_ACC_20194,BOB_ACC_20222,27081.51,2026-01-10 14:11:57,TRANSFER,IMPS,Axis Bank,IN,0,NORMAL_BANKING_FLOW
TX_AXIS_106251,AXIS_ACC_20050,AXIS_ACC_20090,5598.76,2026-01-10 12:45:00,SETTLEMENT,NEFT,Axis Bank,IN,0,NORMAL_BANKING_FLOW
TX_AXIS_106252,AXIS_ACC_20215,AXIS_ACC_20197,6920.01,2026-01-10 13:49:39,TRANSFER,IMPS,Axis Bank,IN,0,NORMAL_BANKING_FLOW
TX_AXIS_106253,AXIS_ACC_20036,AXIS_ACC_20148,138397.01,2026-01-10 12:57:20,SETTLEMENT,NEFT,Axis Bank,IN,0,NORMAL_BANKING_FLOW
TX_AXIS_106254,AXIS_ACC_20021,KOTAK_ACC_20000,13384.78,2026-01-10 14:49:27,SETTLEMENT,NEFT,Axis Bank,IN,0,NORMAL_BANKING_FLOW
TX_AXIS_106255,AXIS_ACC_20128,ICICI_ACC_20232,6725.61,2026-01-10 14:14:42,SETTLEMENT,NEFT,Axis Bank,IN,0,NORMAL_BANKING_FLOW
TX_AXIS_106256,AXIS_ACC_20089,AXIS_ACC_20195,1090.84,2026-01-10 16:55:00,TRANSFER,IMPS,Axis Bank,IN,0,NORMAL_BANKING_FLOW
TX_AXIS_106257,AXIS_ACC_20055,AXIS_ACC_20107,39726.12,2026-01-10 15:27:00,TRANSFER,IMPS,Axis Bank,IN,0,NORMAL_BANKING_FLOW
TX_AXIS_106258,AXIS_ACC_20049,KOTAK_ACC_20064,2578.05,2026-01-10 13:22:48,TRANSFER,IMPS,Axis Bank,IN,0,NORMAL_BANKING_FLOW
TX_AXIS_106259,AXIS_ACC_20054,AXIS_ACC_20067,3628.45,2026-01-10 14:22:52,SETTLEMENT,NEFT,Axis Bank,IN,0,NORMAL_BANKING_FLOW
TX_AXIS_106260,AXIS_ACC_20153,AXIS_ACC_20190,7105.67,2026-01-10 14:59:20,TRANSFER,IMPS,Axis Bank,IN,0,NORMAL_BANKING_FLOW
TX_AXIS_106261,AXIS_ACC_20026,AXIS_ACC_20173,40798.96,2026-01-10 17:00:00,TRANSFER,IMPS,Axis Bank,IN,0,NORMAL_BANKING_FLOW
TX_AXIS_106262,AXIS_ACC_20094,AXIS_ACC_20108,21444.85,2026-01-10 13:24:24,TRANSFER,IMPS,Axis Bank,IN,0,NORMAL_BANKING_FLOW
TX_AXIS_106263,AXIS_ACC_20215,SBI_ACC_20114,8452.03,2026-01-10 13:00:40,TRANSFER,IMPS,Axis Bank,IN,0,NORMAL_BANKING_FLOW
TX_AXIS_106264,AXIS_ACC_20226,AXIS_ACC_20071,13470.97,2026-01-10 13:55:27,SETTLEMENT,NEFT,Axis Bank,IN,0,NORMAL_BANKING_FLOW
TX_AXIS_106265,AXIS_ACC_20226,AXIS_ACC_20172,5429.57,2026-01-10 14:44:28,TRANSFER,IMPS,Axis Bank,IN,0,NORMAL_BANKING_FLOW
TX_AXIS_106266,AXIS_ACC_20099,AXIS_ACC_20101,11380.47,2026-01-10 15:09:25,SETTLEMENT,NEFT,Axis Bank,IN,0,NORMAL_BANKING_FLOW
TX_AXIS_106267,AXIS_ACC_20178,AXIS_ACC_20157,10650.23,2026-01-10 15:22:18,TRANSFER,IMPS,Axis Bank,IN,0,NORMAL_BANKING_FLOW
TX_AXIS_106268,AXIS_ACC_20154,AXIS_ACC_20126,26075.98,2026-01-10 16:05:50,SETTLEMENT,NEFT,Axis Bank,IN,0,NORMAL_BANKING_FLOW
TX_AXIS_106269,AXIS_ACC_20247,INDUS_ACC_20156,26034.51,2026-01-10 14:10:08,SETTLEMENT,NEFT,Axis Bank,IN,0,NORMAL_BANKING_FLOW
TX_AXIS_106270,AXIS_ACC_20166,AXIS_ACC_20073,16219.63,2026-01-10 14:16:48,SETTLEMENT,NEFT,Axis Bank,IN,0,NORMAL_BANKING_FLOW
TX_AXIS_106271,AXIS_ACC_20035,AXIS_ACC_20218,6888.8,2026-01-10 15:49:50,SETTLEMENT,NEFT,Axis Bank,IN,0,NORMAL_BANKING_FLOW
TX_AXIS_106272,AXIS_ACC_20117,SBI_ACC_20246,20781.58,2026-01-10 13:46:57,TRANSFER,IMPS,Axis Bank,IN,0,NORMAL_BANKING_FLOW
TX_AXIS_106273,AXIS_ACC_20119,AXIS_ACC_20122,9027.51,2026-01-10 14:06:00,TRANSFER,IMPS,Axis Bank,IN,0,NORMAL_BANKING_FLOW
TX_AXIS_106274,AXIS_ACC_20223,AXIS_ACC_20246,3354.59,2026-01-10 14:25:09,TRANSFER,IMPS,Axis Bank,IN,0,NORMAL_BANKING_FLOW
TX_AXIS_106275,AXIS_ACC_20090,AXIS_ACC_20153,6612.47,2026-01-10 15:40:30,TRANSFER,IMPS,Axis Bank,IN,0,NORMAL_BANKING_FLOW
TX_AXIS_106276,AXIS_ACC_20076,AXIS_ACC_20082,10770.08,2026-01-10 15:28:45,TRANSFER,IMPS,Axis Bank,IN,0,NORMAL_BANKING_FLOW
TX_AXIS_106277,AXIS_ACC_20166,SBI_ACC_20159,24592.97,2026-01-10 15:42:00,SETTLEMENT,NEFT,Axis Bank,IN,0,NORMAL_BANKING_FLOW
TX_AXIS_106278,AXIS_ACC_20008,AXIS_ACC_20012,8237.66,2026-01-10 16:26:44,TRANSFER,IMPS,Axis Bank,IN,0,NORMAL_BANKING_FLOW
TX_AXIS_106279,AXIS_ACC_20189,AXIS_ACC_20104,2953.66,2026-01-10 16:21:18,SETTLEMENT,NEFT,Axis Bank,IN,0,NORMAL_BANKING_FLOW
TX_AXIS_106280,AXIS_ACC_20185,AXIS_ACC_20061,10474.95,2026-01-10 15:00:02,TRANSFER,IMPS,Axis Bank,IN,0,NORMAL_BANKING_FLOW
TX_AXIS_106281,AXIS_ACC_20087,AXIS_ACC_20246,11086.2,2026-01-10 14:29:00,SETTLEMENT,NEFT,Axis Bank,IN,0,NORMAL_BANKING_FLOW
TX_AXIS_106282,AXIS_ACC_20108,AXIS_ACC_20087,11918.39,2026-01-10 14:48:36,SETTLEMENT,NEFT,Axis Bank,IN,0,NORMAL_BANKING_FLOW
TX_AXIS_106283,AXIS_ACC_20221,AXIS_ACC_20242,24831.58,2026-01-10 13:45:32,SETTLEMENT,NEFT,Axis Bank,IN,0,NORMAL_BANKING_FLOW
TX_AXIS_106284,AXIS_ACC_20008,AXIS_ACC_20235,27417.13,2026-01-10 15:21:43,TRANSFER,IMPS,Axis Bank,IN,0,NORMAL_BANKING_FLOW
TX_AXIS_106285,AXIS_ACC_20220,PNB_ACC_20119,5463.2,2026-01-10 17:04:48,SETTLEMENT,NEFT,Axis Bank,IN,0,NORMAL_BANKING_FLOW
TX_AXIS_106286,AXIS_ACC_20146,HDFC_ACC_20015,5344.68,2026-01-10 12:42:40,SETTLEMENT,NEFT,Axis Bank,IN,0,NORMAL_BANKING_FLOW
TX_AXIS_106287,AXIS_ACC_20149,INDUS_ACC_20211,3497.49,2026-01-10 14:13:00,SETTLEMENT,NEFT,Axis Bank,IN,0,NORMAL_BANKING_FLOW
TX_AXIS_106288,AXIS_ACC_20153,AXIS_ACC_20154,19906.78,2026-01-10 15:24:27,TRANSFER,IMPS,Axis Bank,IN,0,NORMAL_BANKING_FLOW
TX_AXIS_106289,AXIS_ACC_20188,AXIS_ACC_20080,42142.84,2026-01-10 16:03:56,TRANSFER,IMPS,Axis Bank,IN,0,NORMAL_BANKING_FLOW
TX_AXIS_106290,AXIS_ACC_20026,AXIS_ACC_20082,7222.22,2026-01-10 13:09:40,TRANSFER,IMPS,Axis Bank,IN,0,NORMAL_BANKING_FLOW
TX_AXIS_106291,AXIS_ACC_20246,AXIS_ACC_20237,7774.23,2026-01-10 16:05:30,TRANSFER,IMPS,Axis Bank,IN,0,NORMAL_BANKING_FLOW
TX_AXIS_106292,AXIS_ACC_20019,AXIS_ACC_20079,42906.67,2026-01-10 14:28:32,TRANSFER,IMPS,Axis Bank,IN,0,NORMAL_BANKING_FLOW
TX_AXIS_106293,AXIS_ACC_20236,AXIS_ACC_20164,16408.55,2026-01-10 15:54:00,TRANSFER,IMPS,Axis Bank,IN,0,NORMAL_BANKING_FLOW
TX_AXIS_106294,AXIS_ACC_20124,AXIS_ACC_20071,15309.61,2026-01-10 17:06:48,TRANSFER,IMPS,Axis Bank,IN,0,NORMAL_BANKING_FLOW
TX_AXIS_106295,AXIS_ACC_20105,AXIS_ACC_20167,3008.16,2026-01-10 15:48:56,SETTLEMENT,NEFT,Axis Bank,IN,0,NORMAL_BANKING_FLOW
TX_AXIS_106296,AXIS_ACC_20037,SBI_ACC_20189,19510.89,2026-01-10 15:16:45,TRANSFER,IMPS,Axis Bank,IN,0,NORMAL_BANKING_FLOW
TX_AXIS_106297,AXIS_ACC_20094,AXIS_ACC_20154,3908.32,2026-01-10 15:10:48,SETTLEMENT,NEFT,Axis Bank,IN,0,NORMAL_BANKING_FLOW
TX_AXIS_106298,AXIS_ACC_20134,AXIS_ACC_20017,3184.27,2026-01-10 16:44:04,TRANSFER,IMPS,Axis Bank,IN,0,NORMAL_BANKING_FLOW
TX_AXIS_106299,AXIS_ACC_20179,AXIS_ACC_20059,6996.94,2026-01-10 14:32:16,SETTLEMENT,NEFT,Axis Bank,IN,0,NORMAL_BANKING_FLOW
TX_AXIS_106300,AXIS_ACC_20147,CANARA_ACC_20108,5509.38,2026-01-10 12:39:45,SETTLEMENT,NEFT,Axis Bank,IN,0,NORMAL_BANKING_FLOW
TX_AXIS_106301,AXIS_ACC_20080,AXIS_ACC_20124,7929.94,2026-01-10 14:40:00,SETTLEMENT,NEFT,Axis Bank,IN,0,NORMAL_BANKING_FLOW
TX_AXIS_106302,AXIS_ACC_20136,AXIS_ACC_20235,2342.6,2026-01-10 17:27:38,TRANSFER,IMPS,Axis Bank,IN,0,NORMAL_BANKING_FLOW
TX_AXIS_106303,AXIS_ACC_20014,AXIS_ACC_20056,25817.72,2026-01-10 13:40:48,TRANSFER,IMPS,Axis Bank,IN,0,NORMAL_BANKING_FLOW
TX_AXIS_106304,AXIS_ACC_20096,AXIS_ACC_20125,30567.31,2026-01-10 13:14:20,TRANSFER,IMPS,Axis Bank,IN,0,NORMAL_BANKING_FLOW
TX_AXIS_106305,AXIS_ACC_20062,AXIS_ACC_20152,1411.85,2026-01-10 14:48:56,TRANSFER,IMPS,Axis Bank,IN,0,NORMAL_BANKING_FLOW
TX_AXIS_106306,AXIS_ACC_20187,INDUS_ACC_20042,26329.83,2026-01-10 13:15:00,TRANSFER,IMPS,Axis Bank,IN,0,NORMAL_BANKING_FLOW
TX_AXIS_106307,AXIS_ACC_20221,AXIS_ACC_20032,4400.49,2026-01-10 14:29:46,TRANSFER,IMPS,Axis Bank,IN,0,NORMAL_BANKING_FLOW
TX_AXIS_106308,AXIS_ACC_20155,AXIS_ACC_20026,23317.88,2026-01-10 12:41:45,TRANSFER,IMPS,Axis Bank,IN,0,NORMAL_BANKING_FLOW
TX_AXIS_106309,AXIS_ACC_20191,ICICI_ACC_20234,9242.37,2026-01-10 12:48:48,SETTLEMENT,NEFT,Axis Bank,IN,0,NORMAL_BANKING_FLOW
TX_AXIS_106310,AXIS_ACC_20123,AXIS_ACC_20215,10186.06,2026-01-10 14:17:41,SETTLEMENT,NEFT,Axis Bank,IN,0,NORMAL_BANKING_FLOW
TX_AXIS_106311,AXIS_ACC_20137,YES_ACC_20105,8224.74,2026-01-10 15:12:50,SETTLEMENT,NEFT,Axis Bank,IN,0,NORMAL_BANKING_FLOW
TX_AXIS_106312,AXIS_ACC_20221,AXIS_ACC_20077,33260.61,2026-01-10 14:52:54,SETTLEMENT,NEFT,Axis Bank,IN,0,NORMAL_BANKING_FLOW
TX_AXIS_106313,AXIS_ACC_20248,AXIS_ACC_20093,2865.25,2026-01-10 13:24:12,TRANSFER,IMPS,Axis Bank,IN,0,NORMAL_BANKING_FLOW
TX_AXIS_106314,AXIS_ACC_20048,AXIS_ACC_20091,18175.69,2026-01-10 13:10:47,TRANSFER,IMPS,Axis Bank,IN,0,NORMAL_BANKING_FLOW
TX_AXIS_106315,AXIS_ACC_20068,YES_ACC_20197,29772.19,2026-01-10 16:24:18,TRANSFER,IMPS,Axis Bank,IN,0,NORMAL_BANKING_FLOW
TX_AXIS_106316,AXIS_ACC_20020,AXIS_ACC_20244,20258.71,2026-01-10 15:02:05,TRANSFER,IMPS,Axis Bank,IN,0,NORMAL_BANKING_FLOW
TX_AXIS_106317,AXIS_ACC_20198,AXIS_ACC_20163,101184.3,2026-01-10 17:14:24,SETTLEMENT,NEFT,Axis Bank,IN,0,NORMAL_BANKING_FLOW
TX_AXIS_106318,AXIS_ACC_20125,AXIS_ACC_20083,5831.64,2026-01-10 13:53:45,SETTLEMENT,NEFT,Axis Bank,IN,0,NORMAL_BANKING_FLOW
TX_AXIS_106319,AXIS_ACC_20206,AXIS_ACC_20208,25778.73,2026-01-10 15:10:48,SETTLEMENT,NEFT,Axis Bank,IN,0,NORMAL_BANKING_FLOW
TX_AXIS_106320,AXIS_ACC_20180,HDFC_ACC_20234,8900.92,2026-01-10 16:56:09,TRANSFER,IMPS,Axis Bank,IN,0,NORMAL_BANKING_FLOW
TX_AXIS_106321,AXIS_ACC_20141,INDUS_ACC_20092,33975.88,2026-01-10 13:55:00,SETTLEMENT,NEFT,Axis Bank,IN,0,NORMAL_BANKING_FLOW
TX_AXIS_106322,AXIS_ACC_20249,YES_ACC_20117,9821.32,2026-01-10 16:36:48,SETTLEMENT,NEFT,Axis Bank,IN,0,NORMAL_BANKING_FLOW
TX_AXIS_106323,AXIS_ACC_20045,AXIS_ACC_20053,6715.17,2026-01-10 15:20:14,SETTLEMENT,NEFT,Axis Bank,IN,0,NORMAL_BANKING_FLOW
TX_AXIS_106324,AXIS_ACC_20079,AXIS_ACC_20245,36536.69,2026-01-10 13:28:03,TRANSFER,IMPS,Axis Bank,IN,0,NORMAL_BANKING_FLOW
TX_AXIS_106325,AXIS_ACC_20228,SBI_ACC_20187,6053.78,2026-01-10 17:00:24,TRANSFER,IMPS,Axis Bank,IN,0,NORMAL_BANKING_FLOW
TX_AXIS_106326,AXIS_ACC_20245,AXIS_ACC_20209,2409.74,2026-01-10 13:07:30,SETTLEMENT,NEFT,Axis Bank,IN,0,NORMAL_BANKING_FLOW
TX_AXIS_106327,AXIS_ACC_20048,AXIS_ACC_20181,5902.63,2026-01-10 14:40:06,SETTLEMENT,NEFT,Axis Bank,IN,0,NORMAL_BANKING_FLOW
TX_AXIS_106328,AXIS_ACC_20044,AXIS_ACC_20040,18380.27,2026-01-10 17:17:11,SETTLEMENT,NEFT,Axis Bank,IN,0,NORMAL_BANKING_FLOW
TX_AXIS_106329,AXIS_ACC_20224,AXIS_ACC_20118,39816.58,2026-01-10 13:29:48,SETTLEMENT,NEFT,Axis Bank,IN,0,NORMAL_BANKING_FLOW
TX_AXIS_106330,AXIS_ACC_20216,AXIS_ACC_20150,11060.43,2026-01-10 14:34:30,SETTLEMENT,NEFT,Axis Bank,IN,0,NORMAL_BANKING_FLOW
TX_AXIS_106331,AXIS_ACC_20131,AXIS_ACC_20120,36982.39,2026-01-10 13:30:30,TRANSFER,IMPS,Axis Bank,IN,0,NORMAL_BANKING_FLOW
TX_AXIS_106332,AXIS_ACC_20022,AXIS_ACC_20103,2544.85,2026-01-10 14:13:57,TRANSFER,IMPS,Axis Bank,IN,0,NORMAL_BANKING_FLOW
TX_AXIS_106333,AXIS_ACC_20021,AXIS_ACC_20165,6353.34,2026-01-10 13:24:00,TRANSFER,IMPS,Axis Bank,IN,0,NORMAL_BANKING_FLOW
TX_AXIS_106334,AXIS_ACC_20217,AXIS_ACC_20016,7416.22,2026-01-10 15:27:01,TRANSFER,IMPS,Axis Bank,IN,0,NORMAL_BANKING_FLOW
TX_AXIS_106335,AXIS_ACC_20048,AXIS_ACC_20079,8825.85,2026-01-10 15:13:10,TRANSFER,IMPS,Axis Bank,IN,0,NORMAL_BANKING_FLOW
TX_AXIS_106336,AXIS_ACC_20112,AXIS_ACC_20172,10765.42,2026-01-10 14:59:15,TRANSFER,IMPS,Axis Bank,IN,0,NORMAL_BANKING_FLOW
TX_AXIS_106337,AXIS_ACC_20012,AXIS_ACC_20228,19750.04,2026-01-10 18:16:00,TRANSFER,IMPS,Axis Bank,IN,0,NORMAL_BANKING_FLOW
TX_AXIS_106338,AXIS_ACC_20140,AXIS_ACC_20197,6343.55,2026-01-10 15:58:37,TRANSFER,IMPS,Axis Bank,IN,0,NORMAL_BANKING_FLOW
TX_AXIS_106339,AXIS_ACC_20104,YES_ACC_20060,11373.36,2026-01-10 15:15:30,TRANSFER,IMPS,Axis Bank,IN,0,NORMAL_BANKING_FLOW
TX_AXIS_106340,AXIS_ACC_20226,AXIS_ACC_20200,9460.47,2026-01-10 15:08:46,TRANSFER,IMPS,Axis Bank,IN,0,NORMAL_BANKING_FLOW
TX_AXIS_106341,AXIS_ACC_20047,AXIS_ACC_20025,3921.03,2026-01-10 17:06:40,SETTLEMENT,NEFT,Axis Bank,IN,0,NORMAL_BANKING_FLOW
TX_AXIS_106342,AXIS_ACC_20157,PNB_ACC_20087,8833.74,2026-01-10 13:56:24,TRANSFER,IMPS,Axis Bank,IN,0,NORMAL_BANKING_FLOW
TX_AXIS_106343,AXIS_ACC_20078,AXIS_ACC_20240,8572.72,2026-01-10 13:56:48,TRANSFER,IMPS,Axis Bank,IN,0,NORMAL_BANKING_FLOW
TX_AXIS_106344,AXIS_ACC_20205,AXIS_ACC_20107,8391.04,2026-01-10 17:38:42,SETTLEMENT,NEFT,Axis Bank,IN,0,NORMAL_BANKING_FLOW
TX_AXIS_106345,AXIS_ACC_20191,AXIS_ACC_20164,10216.5,2026-01-10 13:35:24,SETTLEMENT,NEFT,Axis Bank,IN,0,NORMAL_BANKING_FLOW
TX_AXIS_106346,AXIS_ACC_20023,AXIS_ACC_20230,10675.15,2026-01-10 15:49:15,SETTLEMENT,NEFT,Axis Bank,IN,0,NORMAL_BANKING_FLOW
TX_AXIS_106347,AXIS_ACC_20162,AXIS_ACC_20171,6423.41,2026-01-10 18:18:34,SETTLEMENT,NEFT,Axis Bank,IN,0,NORMAL_BANKING_FLOW
TX_AXIS_106348,AXIS_ACC_20189,AXIS_ACC_20137,35338.02,2026-01-10 14:50:57,TRANSFER,IMPS,Axis Bank,IN,0,NORMAL_BANKING_FLOW
TX_AXIS_106349,AXIS_ACC_20128,ICICI_ACC_20175,3073.34,2026-01-10 13:59:12,TRANSFER,IMPS,Axis Bank,IN,0,NORMAL_BANKING_FLOW
TX_AXIS_106350,AXIS_ACC_20127,AXIS_ACC_20164,4812.78,2026-01-10 13:29:40,SETTLEMENT,NEFT,Axis Bank,IN,0,NORMAL_BANKING_FLOW
TX_AXIS_106351,AXIS_ACC_20200,AXIS_ACC_20158,159526.23,2026-01-10 16:00:00,TRANSFER,IMPS,Axis Bank,IN,0,NORMAL_BANKING_FLOW
TX_AXIS_106352,AXIS_ACC_20244,AXIS_ACC_20135,3505.22,2026-01-10 17:23:21,SETTLEMENT,NEFT,Axis Bank,IN,0,NORMAL_BANKING_FLOW
TX_AXIS_106353,AXIS_ACC_20127,AXIS_ACC_20239,2556.12,2026-01-10 14:23:24,SETTLEMENT,NEFT,Axis Bank,IN,0,NORMAL_BANKING_FLOW
TX_AXIS_106354,AXIS_ACC_20000,AXIS_ACC_20146,20629.49,2026-01-10 18:33:00,TRANSFER,IMPS,Axis Bank,IN,0,NORMAL_BANKING_FLOW
TX_AXIS_106355,AXIS_ACC_20204,AXIS_ACC_20237,1240.02,2026-01-10 14:39:26,TRANSFER,IMPS,Axis Bank,IN,0,NORMAL_BANKING_FLOW
TX_AXIS_106356,AXIS_ACC_20033,BOB_ACC_20160,7822.24,2026-01-10 17:57:05,TRANSFER,IMPS,Axis Bank,IN,0,NORMAL_BANKING_FLOW
TX_AXIS_106357,AXIS_ACC_20051,AXIS_ACC_20007,84611.45,2026-01-10 16:34:24,TRANSFER,IMPS,Axis Bank,IN,0,NORMAL_BANKING_FLOW
TX_AXIS_106358,AXIS_ACC_20169,AXIS_ACC_20217,2111.31,2026-01-10 13:09:29,SETTLEMENT,NEFT,Axis Bank,IN,0,NORMAL_BANKING_FLOW
TX_AXIS_106359,AXIS_ACC_20157,AXIS_ACC_20032,1363.81,2026-01-10 15:04:16,TRANSFER,IMPS,Axis Bank,IN,0,NORMAL_BANKING_FLOW
TX_AXIS_106360,AXIS_ACC_20142,AXIS_ACC_20031,2210.16,2026-01-10 14:57:09,SETTLEMENT,NEFT,Axis Bank,IN,0,NORMAL_BANKING_FLOW
TX_AXIS_106361,AXIS_ACC_20022,AXIS_ACC_20048,24303.11,2026-01-10 14:04:00,SETTLEMENT,NEFT,Axis Bank,IN,0,NORMAL_BANKING_FLOW
TX_AXIS_106362,AXIS_ACC_20084,AXIS_ACC_20132,30478.5,2026-01-10 18:41:00,SETTLEMENT,NEFT,Axis Bank,IN,0,NORMAL_BANKING_FLOW
TX_AXIS_106363,AXIS_ACC_20238,AXIS_ACC_20161,5927.82,2026-01-10 18:11:12,TRANSFER,IMPS,Axis Bank,IN,0,NORMAL_BANKING_FLOW
TX_AXIS_106364,AXIS_ACC_20206,AXIS_ACC_20073,19598.58,2026-01-10 17:10:24,TRANSFER,IMPS,Axis Bank,IN,0,NORMAL_BANKING_FLOW
TX_AXIS_106365,AXIS_ACC_20202,ICICI_ACC_20067,39745.64,2026-01-10 17:26:40,TRANSFER,IMPS,Axis Bank,IN,0,NORMAL_BANKING_FLOW
TX_AXIS_106366,AXIS_ACC_20091,CANARA_ACC_20067,59121.29,2026-01-10 12:56:15,TRANSFER,IMPS,Axis Bank,IN,0,NORMAL_BANKING_FLOW
TX_AXIS_106367,AXIS_ACC_20102,AXIS_ACC_20156,7736.19,2026-01-10 16:33:58,SETTLEMENT,NEFT,Axis Bank,IN,0,NORMAL_BANKING_FLOW
TX_AXIS_106368,AXIS_ACC_20148,AXIS_ACC_20223,990.82,2026-01-10 15:40:12,TRANSFER,IMPS,Axis Bank,IN,0,NORMAL_BANKING_FLOW
TX_AXIS_106369,AXIS_ACC_20248,BOB_ACC_20084,4355.18,2026-01-10 13:36:00,SETTLEMENT,NEFT,Axis Bank,IN,0,NORMAL_BANKING_FLOW
TX_AXIS_106370,AXIS_ACC_20176,AXIS_ACC_20009,6458.78,2026-01-10 16:28:18,TRANSFER,IMPS,Axis Bank,IN,0,NORMAL_BANKING_FLOW
TX_AXIS_106371,AXIS_ACC_20084,AXIS_ACC_20091,7639.3,2026-01-10 13:44:30,SETTLEMENT,NEFT,Axis Bank,IN,0,NORMAL_BANKING_FLOW
TX_AXIS_106372,AXIS_ACC_20056,AXIS_ACC_20126,8202.06,2026-01-10 16:29:42,SETTLEMENT,NEFT,Axis Bank,IN,0,NORMAL_BANKING_FLOW
TX_AXIS_106373,AXIS_ACC_20130,AXIS_ACC_20226,30299.75,2026-01-10 17:17:36,TRANSFER,IMPS,Axis Bank,IN,0,NORMAL_BANKING_FLOW
TX_AXIS_106374,AXIS_ACC_20178,KOTAK_ACC_20018,35398.63,2026-01-10 16:07:27,TRANSFER,IMPS,Axis Bank,IN,0,NORMAL_BANKING_FLOW
TX_AXIS_106375,AXIS_ACC_20245,AXIS_ACC_20165,8335.9,2026-01-10 14:41:12,TRANSFER,IMPS,Axis Bank,IN,0,NORMAL_BANKING_FLOW
TX_AXIS_106376,AXIS_ACC_20035,SBI_ACC_20226,29687.6,2026-01-10 14:02:05,SETTLEMENT,NEFT,Axis Bank,IN,0,NORMAL_BANKING_FLOW
TX_AXIS_106377,AXIS_ACC_20204,KOTAK_ACC_20142,14152.71,2026-01-10 13:38:40,SETTLEMENT,NEFT,Axis Bank,IN,0,NORMAL_BANKING_FLOW
TX_AXIS_106378,AXIS_ACC_20071,AXIS_ACC_20151,10556.59,2026-01-10 16:10:03,TRANSFER,IMPS,Axis Bank,IN,0,NORMAL_BANKING_FLOW
TX_AXIS_106379,AXIS_ACC_20114,HDFC_ACC_20192,24502.84,2026-01-10 15:14:56,SETTLEMENT,NEFT,Axis Bank,IN,0,NORMAL_BANKING_FLOW
TX_AXIS_106380,AXIS_ACC_20054,AXIS_ACC_20053,10638.68,2026-01-10 17:47:09,SETTLEMENT,NEFT,Axis Bank,IN,0,NORMAL_BANKING_FLOW
TX_AXIS_106381,AXIS_ACC_20184,BOB_ACC_20150,77482.79,2026-01-10 15:48:00,TRANSFER,IMPS,Axis Bank,IN,0,NORMAL_BANKING_FLOW
TX_AXIS_106382,AXIS_ACC_20143,AXIS_ACC_20184,2348.63,2026-01-10 15:40:35,SETTLEMENT,NEFT,Axis Bank,IN,0,NORMAL_BANKING_FLOW
TX_AXIS_106383,AXIS_ACC_20018,AXIS_ACC_20193,5912.53,2026-01-10 17:49:42,TRANSFER,IMPS,Axis Bank,IN,0,NORMAL_BANKING_FLOW
TX_AXIS_106384,AXIS_ACC_20207,AXIS_ACC_20012,8720.93,2026-01-10 13:57:06,TRANSFER,IMPS,Axis Bank,IN,0,NORMAL_BANKING_FLOW
TX_AXIS_106385,AXIS_ACC_20112,AXIS_ACC_20061,15358.94,2026-01-10 16:06:32,TRANSFER,IMPS,Axis Bank,IN,0,NORMAL_BANKING_FLOW
TX_AXIS_106386,AXIS_ACC_20023,YES_ACC_20121,35170.41,2026-01-10 18:00:20,TRANSFER,IMPS,Axis Bank,IN,0,NORMAL_BANKING_FLOW
TX_AXIS_106387,AXIS_ACC_20209,AXIS_ACC_20186,9658.58,2026-01-10 14:46:48,SETTLEMENT,NEFT,Axis Bank,IN,0,NORMAL_BANKING_FLOW
TX_AXIS_106388,AXIS_ACC_20186,AXIS_ACC_20002,2386.95,2026-01-10 14:55:23,TRANSFER,IMPS,Axis Bank,IN,0,NORMAL_BANKING_FLOW
TX_AXIS_106389,AXIS_ACC_20130,YES_ACC_20208,22983.09,2026-01-10 17:46:40,TRANSFER,IMPS,Axis Bank,IN,0,NORMAL_BANKING_FLOW
TX_AXIS_106390,AXIS_ACC_20197,AXIS_ACC_20205,21056.38,2026-01-10 18:28:15,TRANSFER,IMPS,Axis Bank,IN,0,NORMAL_BANKING_FLOW
TX_AXIS_106391,AXIS_ACC_20169,AXIS_ACC_20229,1419.62,2026-01-10 15:54:00,TRANSFER,IMPS,Axis Bank,IN,0,NORMAL_BANKING_FLOW
TX_AXIS_106392,AXIS_ACC_20169,BOB_ACC_20169,9859.55,2026-01-10 14:24:35,TRANSFER,IMPS,Axis Bank,IN,0,NORMAL_BANKING_FLOW
TX_AXIS_106393,AXIS_ACC_20040,AXIS_ACC_20043,2017.99,2026-01-10 14:33:12,SETTLEMENT,NEFT,Axis Bank,IN,0,NORMAL_BANKING_FLOW
TX_AXIS_106394,AXIS_ACC_20000,HDFC_ACC_20134,5091.61,2026-01-10 19:13:00,TRANSFER,IMPS,Axis Bank,IN,0,NORMAL_BANKING_FLOW
TX_AXIS_106395,AXIS_ACC_20095,AXIS_ACC_20112,4012.59,2026-01-10 14:50:32,TRANSFER,IMPS,Axis Bank,IN,0,NORMAL_BANKING_FLOW
TX_AXIS_106396,AXIS_ACC_20109,AXIS_ACC_20076,22231.48,2026-01-10 17:27:45,TRANSFER,IMPS,Axis Bank,IN,0,NORMAL_BANKING_FLOW
TX_AXIS_106397,AXIS_ACC_20108,AXIS_ACC_20104,11123.67,2026-01-10 18:59:28,SETTLEMENT,NEFT,Axis Bank,IN,0,NORMAL_BANKING_FLOW
TX_AXIS_106398,AXIS_ACC_20004,AXIS_ACC_20103,2736.43,2026-01-10 18:35:35,TRANSFER,IMPS,Axis Bank,IN,0,NORMAL_BANKING_FLOW
TX_AXIS_106399,AXIS_ACC_20141,AXIS_ACC_20068,23862.56,2026-01-10 15:25:36,TRANSFER,IMPS,Axis Bank,IN,0,NORMAL_BANKING_FLOW
TX_AXIS_106400,AXIS_ACC_20212,AXIS_ACC_20085,2359.47,2026-01-10 15:26:08,TRANSFER,IMPS,Axis Bank,IN,0,NORMAL_BANKING_FLOW
TX_AXIS_106401,AXIS_ACC_20091,AXIS_ACC_20020,13768.16,2026-01-10 14:20:00,TRANSFER,IMPS,Axis Bank,IN,0,NORMAL_BANKING_FLOW
TX_AXIS_106402,AXIS_ACC_20088,AXIS_ACC_20182,4385.19,2026-01-10 17:15:45,TRANSFER,IMPS,Axis Bank,IN,0,NORMAL_BANKING_FLOW
TX_AXIS_106403,AXIS_ACC_20040,CANARA_ACC_20070,6865.9,2026-01-10 16:01:12,TRANSFER,IMPS,Axis Bank,IN,0,NORMAL_BANKING_FLOW
TX_AXIS_106404,AXIS_ACC_20247,AXIS_ACC_20248,16387.44,2026-01-10 17:50:47,SETTLEMENT,NEFT,Axis Bank,IN,0,NORMAL_BANKING_FLOW
TX_AXIS_106405,AXIS_ACC_20162,AXIS_ACC_20134,16671.39,2026-01-10 19:07:12,TRANSFER,IMPS,Axis Bank,IN,0,NORMAL_BANKING_FLOW
TX_AXIS_106406,AXIS_ACC_20237,AXIS_ACC_20113,37683.18,2026-01-10 16:28:15,SETTLEMENT,NEFT,Axis Bank,IN,0,NORMAL_BANKING_FLOW
TX_AXIS_106407,AXIS_ACC_20214,HDFC_ACC_20202,9115.63,2026-01-10 15:55:10,SETTLEMENT,NEFT,Axis Bank,IN,0,NORMAL_BANKING_FLOW
TX_AXIS_106408,AXIS_ACC_20108,AXIS_ACC_20057,13446.19,2026-01-10 18:36:18,SETTLEMENT,NEFT,Axis Bank,IN,0,NORMAL_BANKING_FLOW
TX_AXIS_106409,AXIS_ACC_20091,HDFC_ACC_20196,6388.55,2026-01-10 15:30:56,SETTLEMENT,NEFT,Axis Bank,IN,0,NORMAL_BANKING_FLOW
TX_AXIS_106410,AXIS_ACC_20111,AXIS_ACC_20028,11872.62,2026-01-10 16:13:53,SETTLEMENT,NEFT,Axis Bank,IN,0,NORMAL_BANKING_FLOW
TX_AXIS_106411,AXIS_ACC_20135,AXIS_ACC_20060,15359.45,2026-01-10 18:39:00,TRANSFER,IMPS,Axis Bank,IN,0,NORMAL_BANKING_FLOW
TX_AXIS_106412,AXIS_ACC_20012,AXIS_ACC_20053,8970.44,2026-01-10 13:07:45,SETTLEMENT,NEFT,Axis Bank,IN,0,NORMAL_BANKING_FLOW
TX_AXIS_106413,AXIS_ACC_20209,AXIS_ACC_20214,1629.86,2026-01-10 16:15:44,SETTLEMENT,NEFT,Axis Bank,IN,0,NORMAL_BANKING_FLOW
TX_AXIS_106414,AXIS_ACC_20049,HDFC_ACC_20194,13786.86,2026-01-10 14:08:06,TRANSFER,IMPS,Axis Bank,IN,0,NORMAL_BANKING_FLOW
TX_AXIS_106415,AXIS_ACC_20166,AXIS_ACC_20044,14250.7,2026-01-10 15:59:50,TRANSFER,IMPS,Axis Bank,IN,0,NORMAL_BANKING_FLOW
TX_AXIS_106416,AXIS_ACC_20134,AXIS_ACC_20139,5013.18,2026-01-10 15:34:40,TRANSFER,IMPS,Axis Bank,IN,0,NORMAL_BANKING_FLOW
TX_AXIS_106417,AXIS_ACC_20169,AXIS_ACC_20122,2739.73,2026-01-10 15:00:48,TRANSFER,IMPS,Axis Bank,IN,0,NORMAL_BANKING_FLOW
TX_AXIS_106418,AXIS_ACC_20012,AXIS_ACC_20134,43298.75,2026-01-10 16:36:03,TRANSFER,IMPS,Axis Bank,IN,0,NORMAL_BANKING_FLOW
TX_AXIS_106419,AXIS_ACC_20177,AXIS_ACC_20021,16178.61,2026-01-10 15:27:38,TRANSFER,IMPS,Axis Bank,IN,0,NORMAL_BANKING_FLOW
TX_AXIS_106420,AXIS_ACC_20248,AXIS_ACC_20002,7870.83,2026-01-10 18:55:45,SETTLEMENT,NEFT,Axis Bank,IN,0,NORMAL_BANKING_FLOW
TX_AXIS_106421,AXIS_ACC_20076,AXIS_ACC_20018,3174.7,2026-01-10 15:02:40,TRANSFER,IMPS,Axis Bank,IN,0,NORMAL_BANKING_FLOW
TX_AXIS_106422,AXIS_ACC_20112,INDUS_ACC_20203,4351.11,2026-01-10 16:12:36,SETTLEMENT,NEFT,Axis Bank,IN,0,NORMAL_BANKING_FLOW
TX_AXIS_106423,AXIS_ACC_20191,AXIS_ACC_20238,36409.7,2026-01-10 17:57:36,TRANSFER,IMPS,Axis Bank,IN,0,NORMAL_BANKING_FLOW
TX_AXIS_106424,AXIS_ACC_20069,AXIS_ACC_20004,11357.82,2026-01-10 16:22:31,TRANSFER,IMPS,Axis Bank,IN,0,NORMAL_BANKING_FLOW
TX_AXIS_106425,AXIS_ACC_20039,SBI_ACC_20157,5706.8,2026-01-10 16:23:08,TRANSFER,IMPS,Axis Bank,IN,0,NORMAL_BANKING_FLOW
TX_AXIS_106426,AXIS_ACC_20068,YES_ACC_20162,16476.48,2026-01-10 17:07:30,TRANSFER,IMPS,Axis Bank,IN,0,NORMAL_BANKING_FLOW
TX_AXIS_106427,AXIS_ACC_20034,AXIS_ACC_20086,4383.5,2026-01-10 19:37:14,TRANSFER,IMPS,Axis Bank,IN,0,NORMAL_BANKING_FLOW
TX_AXIS_106428,AXIS_ACC_20178,PNB_ACC_20159,44393.26,2026-01-10 15:05:56,TRANSFER,IMPS,Axis Bank,IN,0,NORMAL_BANKING_FLOW
TX_AXIS_106429,AXIS_ACC_20153,AXIS_ACC_20182,38284.51,2026-01-10 18:28:48,TRANSFER,IMPS,Axis Bank,IN,0,NORMAL_BANKING_FLOW
TX_AXIS_106430,AXIS_ACC_20089,AXIS_ACC_20190,6206.96,2026-01-10 18:03:12,SETTLEMENT,NEFT,Axis Bank,IN,0,NORMAL_BANKING_FLOW
TX_AXIS_106431,AXIS_ACC_20039,INDUS_ACC_20188,5278.14,2026-01-10 19:05:50,SETTLEMENT,NEFT,Axis Bank,IN,0,NORMAL_BANKING_FLOW
TX_AXIS_106432,AXIS_ACC_20021,INDUS_ACC_20248,721.89,2026-01-10 13:30:27,TRANSFER,IMPS,Axis Bank,IN,0,NORMAL_BANKING_FLOW
TX_AXIS_106433,AXIS_ACC_20217,KOTAK_ACC_20142,2249.4,2026-01-10 16:10:20,SETTLEMENT,NEFT,Axis Bank,IN,0,NORMAL_BANKING_FLOW
TX_AXIS_106434,AXIS_ACC_20172,AXIS_ACC_20087,2592.89,2026-01-10 15:26:30,SETTLEMENT,NEFT,Axis Bank,IN,0,NORMAL_BANKING_FLOW
TX_AXIS_106435,AXIS_ACC_20022,YES_ACC_20046,11329.78,2026-01-10 16:11:30,TRANSFER,IMPS,Axis Bank,IN,0,NORMAL_BANKING_FLOW
TX_AXIS_106436,AXIS_ACC_20241,AXIS_ACC_20101,7142.13,2026-01-10 17:05:35,TRANSFER,IMPS,Axis Bank,IN,0,NORMAL_BANKING_FLOW
TX_AXIS_106437,AXIS_ACC_20068,AXIS_ACC_20102,2577.73,2026-01-10 17:42:00,SETTLEMENT,NEFT,Axis Bank,IN,0,NORMAL_BANKING_FLOW
TX_AXIS_106438,AXIS_ACC_20156,SBI_ACC_20212,7471.39,2026-01-10 13:14:15,TRANSFER,IMPS,Axis Bank,IN,0,NORMAL_BANKING_FLOW
TX_AXIS_106439,AXIS_ACC_20021,AXIS_ACC_20229,16404.93,2026-01-10 17:43:30,SETTLEMENT,NEFT,Axis Bank,IN,0,NORMAL_BANKING_FLOW
TX_AXIS_106440,AXIS_ACC_20240,AXIS_ACC_20129,16778.26,2026-01-10 18:38:09,SETTLEMENT,NEFT,Axis Bank,IN,0,NORMAL_BANKING_FLOW
TX_AXIS_106441,AXIS_ACC_20095,AXIS_ACC_20039,1480.79,2026-01-10 13:51:00,TRANSFER,IMPS,Axis Bank,IN,0,NORMAL_BANKING_FLOW
TX_AXIS_106442,AXIS_ACC_20070,AXIS_ACC_20204,8705.73,2026-01-10 18:39:51,SETTLEMENT,NEFT,Axis Bank,IN,0,NORMAL_BANKING_FLOW
TX_AXIS_106443,AXIS_ACC_20042,AXIS_ACC_20173,2481.6,2026-01-10 16:07:08,SETTLEMENT,NEFT,Axis Bank,IN,0,NORMAL_BANKING_FLOW
TX_AXIS_106444,AXIS_ACC_20070,AXIS_ACC_20045,24385.13,2026-01-10 14:10:03,TRANSFER,IMPS,Axis Bank,IN,0,NORMAL_BANKING_FLOW
TX_AXIS_106445,AXIS_ACC_20194,AXIS_ACC_20200,21680.02,2026-01-10 18:15:12,SETTLEMENT,NEFT,Axis Bank,IN,0,NORMAL_BANKING_FLOW
TX_AXIS_106446,AXIS_ACC_20146,AXIS_ACC_20112,4031.82,2026-01-10 19:28:40,TRANSFER,IMPS,Axis Bank,IN,0,NORMAL_BANKING_FLOW
TX_AXIS_106447,AXIS_ACC_20097,SBI_ACC_20123,4600.66,2026-01-10 17:31:18,TRANSFER,IMPS,Axis Bank,IN,0,NORMAL_BANKING_FLOW
TX_AXIS_106448,AXIS_ACC_20077,PNB_ACC_20166,6239.98,2026-01-10 13:25:52,TRANSFER,IMPS,Axis Bank,IN,0,NORMAL_BANKING_FLOW
TX_AXIS_106449,AXIS_ACC_20213,AXIS_ACC_20196,1040.24,2026-01-10 20:08:00,TRANSFER,IMPS,Axis Bank,IN,0,NORMAL_BANKING_FLOW
TX_AXIS_106450,AXIS_ACC_20168,AXIS_ACC_20086,13849.0,2026-01-10 17:24:18,TRANSFER,IMPS,Axis Bank,IN,0,NORMAL_BANKING_FLOW
TX_AXIS_106451,AXIS_ACC_20044,SBI_ACC_20212,7533.8,2026-01-10 17:15:50,SETTLEMENT,NEFT,Axis Bank,IN,0,NORMAL_BANKING_FLOW
TX_AXIS_106452,AXIS_ACC_20156,SBI_ACC_20124,26112.65,2026-01-10 18:57:32,TRANSFER,IMPS,Axis Bank,IN,0,NORMAL_BANKING_FLOW
TX_AXIS_106453,AXIS_ACC_20177,AXIS_ACC_20222,3299.71,2026-01-10 17:08:00,SETTLEMENT,NEFT,Axis Bank,IN,0,NORMAL_BANKING_FLOW
TX_AXIS_106454,AXIS_ACC_20092,AXIS_ACC_20120,5328.78,2026-01-10 14:22:46,TRANSFER,IMPS,Axis Bank,IN,0,NORMAL_BANKING_FLOW
TX_AXIS_106455,AXIS_ACC_20169,AXIS_ACC_20031,2193.98,2026-01-10 14:23:08,SETTLEMENT,NEFT,Axis Bank,IN,0,NORMAL_BANKING_FLOW
TX_AXIS_106456,AXIS_ACC_20118,AXIS_ACC_20058,3625.36,2026-01-10 16:33:00,SETTLEMENT,NEFT,Axis Bank,IN,0,NORMAL_BANKING_FLOW
TX_AXIS_106457,AXIS_ACC_20067,AXIS_ACC_20018,3035.16,2026-01-10 16:05:48,SETTLEMENT,NEFT,Axis Bank,IN,0,NORMAL_BANKING_FLOW
TX_AXIS_106458,AXIS_ACC_20137,AXIS_ACC_20044,26795.08,2026-01-10 19:49:09,TRANSFER,IMPS,Axis Bank,IN,0,NORMAL_BANKING_FLOW
TX_AXIS_106459,AXIS_ACC_20119,INDUS_ACC_20102,4923.32,2026-01-10 16:44:06,SETTLEMENT,NEFT,Axis Bank,IN,0,NORMAL_BANKING_FLOW
TX_AXIS_106460,AXIS_ACC_20087,AXIS_ACC_20248,11205.68,2026-01-10 15:48:49,TRANSFER,IMPS,Axis Bank,IN,0,NORMAL_BANKING_FLOW
TX_AXIS_106461,AXIS_ACC_20024,AXIS_ACC_20085,6763.1,2026-01-10 19:33:20,TRANSFER,IMPS,Axis Bank,IN,0,NORMAL_BANKING_FLOW
TX_AXIS_106462,AXIS_ACC_20054,AXIS_ACC_20081,2780.91,2026-01-10 19:43:36,TRANSFER,IMPS,Axis Bank,IN,0,NORMAL_BANKING_FLOW
TX_AXIS_106463,AXIS_ACC_20037,AXIS_ACC_20248,8364.06,2026-01-10 14:44:48,TRANSFER,IMPS,Axis Bank,IN,0,NORMAL_BANKING_FLOW
TX_AXIS_106464,AXIS_ACC_20004,INDUS_ACC_20124,18017.58,2026-01-10 16:56:34,TRANSFER,IMPS,Axis Bank,IN,0,NORMAL_BANKING_FLOW
TX_AXIS_106465,AXIS_ACC_20124,AXIS_ACC_20129,2957.92,2026-01-10 19:18:12,TRANSFER,IMPS,Axis Bank,IN,0,NORMAL_BANKING_FLOW
TX_AXIS_106466,AXIS_ACC_20103,AXIS_ACC_20202,22228.11,2026-01-10 14:17:45,SETTLEMENT,NEFT,Axis Bank,IN,0,NORMAL_BANKING_FLOW
TX_AXIS_106467,AXIS_ACC_20067,AXIS_ACC_20030,4231.36,2026-01-10 18:32:48,SETTLEMENT,NEFT,Axis Bank,IN,0,NORMAL_BANKING_FLOW
TX_AXIS_106468,AXIS_ACC_20061,AXIS_ACC_20189,6105.93,2026-01-10 15:15:09,TRANSFER,IMPS,Axis Bank,IN,0,NORMAL_BANKING_FLOW
TX_AXIS_106469,AXIS_ACC_20163,AXIS_ACC_20000,16826.04,2026-01-10 19:50:08,SETTLEMENT,NEFT,Axis Bank,IN,0,NORMAL_BANKING_FLOW
TX_AXIS_106470,AXIS_ACC_20026,AXIS_ACC_20207,5097.8,2026-01-10 16:22:26,TRANSFER,IMPS,Axis Bank,IN,0,NORMAL_BANKING_FLOW
TX_AXIS_106471,AXIS_ACC_20113,AXIS_ACC_20024,10276.09,2026-01-10 19:14:00,SETTLEMENT,NEFT,Axis Bank,IN,0,NORMAL_BANKING_FLOW
TX_AXIS_106472,AXIS_ACC_20126,AXIS_ACC_20125,7225.05,2026-01-10 15:55:01,SETTLEMENT,NEFT,Axis Bank,IN,0,NORMAL_BANKING_FLOW
TX_AXIS_106473,AXIS_ACC_20074,AXIS_ACC_20090,11264.01,2026-01-10 20:22:28,TRANSFER,IMPS,Axis Bank,IN,0,NORMAL_BANKING_FLOW
TX_AXIS_106474,AXIS_ACC_20087,BOB_ACC_20182,915.31,2026-01-10 20:33:00,TRANSFER,IMPS,Axis Bank,IN,0,NORMAL_BANKING_FLOW
TX_AXIS_106475,AXIS_ACC_20072,AXIS_ACC_20197,1588.14,2026-01-10 15:27:52,TRANSFER,IMPS,Axis Bank,IN,0,NORMAL_BANKING_FLOW
TX_AXIS_106476,AXIS_ACC_20118,AXIS_ACC_20156,18324.0,2026-01-10 17:23:20,TRANSFER,IMPS,Axis Bank,IN,0,NORMAL_BANKING_FLOW
TX_AXIS_106477,AXIS_ACC_20019,AXIS_ACC_20158,27922.31,2026-01-10 17:14:24,TRANSFER,IMPS,Axis Bank,IN,0,NORMAL_BANKING_FLOW
TX_AXIS_106478,AXIS_ACC_20216,AXIS_ACC_20026,3981.9,2026-01-10 20:17:46,TRANSFER,IMPS,Axis Bank,IN,0,NORMAL_BANKING_FLOW
TX_AXIS_106479,AXIS_ACC_20240,AXIS_ACC_20146,7754.06,2026-01-10 17:54:14,SETTLEMENT,NEFT,Axis Bank,IN,0,NORMAL_BANKING_FLOW
TX_AXIS_106480,AXIS_ACC_20008,AXIS_ACC_20111,13289.36,2026-01-10 20:00:24,TRANSFER,IMPS,Axis Bank,IN,0,NORMAL_BANKING_FLOW
TX_AXIS_106481,AXIS_ACC_20241,AXIS_ACC_20080,19795.65,2026-01-10 20:30:20,TRANSFER,IMPS,Axis Bank,IN,0,NORMAL_BANKING_FLOW
TX_AXIS_106482,AXIS_ACC_20231,HDFC_ACC_20191,1302.87,2026-01-10 20:21:38,TRANSFER,IMPS,Axis Bank,IN,0,NORMAL_BANKING_FLOW
TX_AXIS_106483,AXIS_ACC_20199,AXIS_ACC_20140,4080.44,2026-01-10 17:08:36,TRANSFER,IMPS,Axis Bank,IN,0,NORMAL_BANKING_FLOW
TX_AXIS_106484,AXIS_ACC_20102,AXIS_ACC_20090,7096.95,2026-01-10 19:25:16,TRANSFER,IMPS,Axis Bank,IN,0,NORMAL_BANKING_FLOW
TX_AXIS_106485,AXIS_ACC_20124,INDUS_ACC_20225,19993.05,2026-01-10 15:22:48,SETTLEMENT,NEFT,Axis Bank,IN,0,NORMAL_BANKING_FLOW
TX_AXIS_106486,AXIS_ACC_20180,AXIS_ACC_20104,120382.62,2026-01-10 20:25:30,SETTLEMENT,NEFT,Axis Bank,IN,0,NORMAL_BANKING_FLOW
TX_AXIS_106487,AXIS_ACC_20116,AXIS_ACC_20137,7879.3,2026-01-10 13:46:02,TRANSFER,IMPS,Axis Bank,IN,0,NORMAL_BANKING_FLOW
TX_AXIS_106488,AXIS_ACC_20199,AXIS_ACC_20054,2423.63,2026-01-10 18:59:23,TRANSFER,IMPS,Axis Bank,IN,0,NORMAL_BANKING_FLOW
TX_AXIS_106489,AXIS_ACC_20209,AXIS_ACC_20049,14798.31,2026-01-10 15:44:12,SETTLEMENT,NEFT,Axis Bank,IN,0,NORMAL_BANKING_FLOW
TX_AXIS_106490,AXIS_ACC_20069,AXIS_ACC_20155,37086.04,2026-01-10 19:50:06,TRANSFER,IMPS,Axis Bank,IN,0,NORMAL_BANKING_FLOW
TX_AXIS_106491,AXIS_ACC_20079,AXIS_ACC_20163,11026.03,2026-01-10 18:12:40,SETTLEMENT,NEFT,Axis Bank,IN,0,NORMAL_BANKING_FLOW
TX_AXIS_106492,AXIS_ACC_20058,AXIS_ACC_20218,3997.21,2026-01-10 16:34:54,SETTLEMENT,NEFT,Axis Bank,IN,0,NORMAL_BANKING_FLOW
TX_AXIS_106493,AXIS_ACC_20080,AXIS_ACC_20198,25796.5,2026-01-10 20:32:16,SETTLEMENT,NEFT,Axis Bank,IN,0,NORMAL_BANKING_FLOW
TX_AXIS_106494,AXIS_ACC_20196,HDFC_ACC_20243,19216.9,2026-01-10 19:24:03,TRANSFER,IMPS,Axis Bank,IN,0,NORMAL_BANKING_FLOW
TX_AXIS_106495,AXIS_ACC_20246,AXIS_ACC_20180,3547.22,2026-01-10 20:44:06,TRANSFER,IMPS,Axis Bank,IN,0,NORMAL_BANKING_FLOW
TX_AXIS_106496,AXIS_ACC_20013,KOTAK_ACC_20205,14493.07,2026-01-10 20:25:15,TRANSFER,IMPS,Axis Bank,IN,0,NORMAL_BANKING_FLOW
TX_AXIS_106497,AXIS_ACC_20111,BOB_ACC_20208,26829.72,2026-01-10 17:17:28,SETTLEMENT,NEFT,Axis Bank,IN,0,NORMAL_BANKING_FLOW
TX_AXIS_106498,AXIS_ACC_20006,AXIS_ACC_20218,32269.9,2026-01-10 14:58:48,TRANSFER,IMPS,Axis Bank,IN,0,NORMAL_BANKING_FLOW
TX_AXIS_106499,AXIS_ACC_20171,AXIS_ACC_20230,9260.85,2026-01-10 16:58:48,TRANSFER,IMPS,Axis Bank,IN,0,NORMAL_BANKING_FLOW
TX_AXIS_106500,AXIS_ACC_20242,AXIS_ACC_20199,6918.27,2026-01-10 18:29:15,SETTLEMENT,NEFT,Axis Bank,IN,0,NORMAL_BANKING_FLOW
TX_AXIS_106501,AXIS_ACC_20129,BOB_ACC_20099,33768.17,2026-01-10 14:10:00,TRANSFER,IMPS,Axis Bank,IN,0,NORMAL_BANKING_FLOW
TX_AXIS_106502,AXIS_ACC_20026,AXIS_ACC_20033,2950.82,2026-01-10 18:00:42,SETTLEMENT,NEFT,Axis Bank,IN,0,NORMAL_BANKING_FLOW
TX_AXIS_106503,AXIS_ACC_20050,ICICI_ACC_20019,15345.53,2026-01-10 20:41:56,TRANSFER,IMPS,Axis Bank,IN,0,NORMAL_BANKING_FLOW
TX_AXIS_106504,AXIS_ACC_20042,AXIS_ACC_20040,2514.86,2026-01-10 16:11:33,SETTLEMENT,NEFT,Axis Bank,IN,0,NORMAL_BANKING_FLOW
TX_AXIS_106505,AXIS_ACC_20027,AXIS_ACC_20203,28720.78,2026-01-10 17:32:36,TRANSFER,IMPS,Axis Bank,IN,0,NORMAL_BANKING_FLOW
TX_AXIS_106506,AXIS_ACC_20206,INDUS_ACC_20207,7646.13,2026-01-10 20:24:40,TRANSFER,IMPS,Axis Bank,IN,0,NORMAL_BANKING_FLOW
TX_AXIS_106507,AXIS_ACC_20100,INDUS_ACC_20115,35192.32,2026-01-10 20:05:24,SETTLEMENT,NEFT,Axis Bank,IN,0,NORMAL_BANKING_FLOW
TX_AXIS_106508,AXIS_ACC_20069,AXIS_ACC_20096,16178.08,2026-01-10 16:13:37,SETTLEMENT,NEFT,Axis Bank,IN,0,NORMAL_BANKING_FLOW
TX_AXIS_106509,AXIS_ACC_20095,AXIS_ACC_20081,2912.54,2026-01-10 20:57:52,TRANSFER,IMPS,Axis Bank,IN,0,NORMAL_BANKING_FLOW
TX_AXIS_106510,AXIS_ACC_20019,AXIS_ACC_20025,41135.54,2026-01-10 16:24:48,TRANSFER,IMPS,Axis Bank,IN,0,NORMAL_BANKING_FLOW
TX_AXIS_106511,AXIS_ACC_20217,INDUS_ACC_20021,46688.13,2026-01-10 20:59:50,TRANSFER,IMPS,Axis Bank,IN,0,NORMAL_BANKING_FLOW
TX_AXIS_106512,AXIS_ACC_20115,AXIS_ACC_20248,23915.61,2026-01-10 15:45:08,TRANSFER,IMPS,Axis Bank,IN,0,NORMAL_BANKING_FLOW
TX_AXIS_106513,AXIS_ACC_20036,AXIS_ACC_20142,4621.21,2026-01-10 13:43:12,SETTLEMENT,NEFT,Axis Bank,IN,0,NORMAL_BANKING_FLOW
TX_AXIS_106514,AXIS_ACC_20025,AXIS_ACC_20056,7288.01,2026-01-10 20:32:08,SETTLEMENT,NEFT,Axis Bank,IN,0,NORMAL_BANKING_FLOW
TX_AXIS_106515,AXIS_ACC_20184,AXIS_ACC_20077,11446.36,2026-01-10 18:20:02,SETTLEMENT,NEFT,Axis Bank,IN,0,NORMAL_BANKING_FLOW
TX_AXIS_106516,AXIS_ACC_20229,AXIS_ACC_20127,4896.57,2026-01-10 14:35:15,TRANSFER,IMPS,Axis Bank,IN,0,NORMAL_BANKING_FLOW
TX_AXIS_106517,AXIS_ACC_20171,AXIS_ACC_20007,53763.31,2026-01-10 14:25:20,TRANSFER,IMPS,Axis Bank,IN,0,NORMAL_BANKING_FLOW
TX_AXIS_106518,AXIS_ACC_20133,AXIS_ACC_20062,11433.77,2026-01-10 14:15:23,TRANSFER,IMPS,Axis Bank,IN,0,NORMAL_BANKING_FLOW
TX_AXIS_106519,AXIS_ACC_20015,HDFC_ACC_20047,662.92,2026-01-10 17:00:30,TRANSFER,IMPS,Axis Bank,IN,0,NORMAL_BANKING_FLOW
TX_AXIS_106520,AXIS_ACC_20053,SBI_ACC_20050,13895.99,2026-01-10 18:23:37,TRANSFER,IMPS,Axis Bank,IN,0,NORMAL_BANKING_FLOW
TX_AXIS_106521,AXIS_ACC_20224,PNB_ACC_20119,6987.25,2026-01-10 13:35:00,TRANSFER,IMPS,Axis Bank,IN,0,NORMAL_BANKING_FLOW
TX_AXIS_106522,AXIS_ACC_20146,AXIS_ACC_20107,9182.67,2026-01-10 18:45:45,TRANSFER,IMPS,Axis Bank,IN,0,NORMAL_BANKING_FLOW
TX_AXIS_106523,AXIS_ACC_20111,AXIS_ACC_20140,6845.73,2026-01-10 20:50:54,SETTLEMENT,NEFT,Axis Bank,IN,0,NORMAL_BANKING_FLOW
TX_AXIS_106524,AXIS_ACC_20096,AXIS_ACC_20155,22182.22,2026-01-10 16:11:30,SETTLEMENT,NEFT,Axis Bank,IN,0,NORMAL_BANKING_FLOW
TX_AXIS_106525,AXIS_ACC_20107,AXIS_ACC_20177,30323.79,2026-01-10 17:35:12,TRANSFER,IMPS,Axis Bank,IN,0,NORMAL_BANKING_FLOW
TX_AXIS_106526,AXIS_ACC_20047,CANARA_ACC_20037,13135.23,2026-01-10 14:17:55,SETTLEMENT,NEFT,Axis Bank,IN,0,NORMAL_BANKING_FLOW
TX_AXIS_106527,AXIS_ACC_20134,YES_ACC_20143,7049.34,2026-01-10 13:57:22,TRANSFER,IMPS,Axis Bank,IN,0,NORMAL_BANKING_FLOW
TX_AXIS_106528,AXIS_ACC_20026,AXIS_ACC_20209,9496.35,2026-01-10 14:08:06,SETTLEMENT,NEFT,Axis Bank,IN,0,NORMAL_BANKING_FLOW
TX_AXIS_106529,AXIS_ACC_20057,ICICI_ACC_20099,10093.02,2026-01-10 19:53:48,TRANSFER,IMPS,Axis Bank,IN,0,NORMAL_BANKING_FLOW
TX_AXIS_106530,AXIS_ACC_20203,AXIS_ACC_20157,4436.27,2026-01-10 16:56:26,SETTLEMENT,NEFT,Axis Bank,IN,0,NORMAL_BANKING_FLOW
TX_AXIS_106531,AXIS_ACC_20027,AXIS_ACC_20021,17657.73,2026-01-10 18:21:00,TRANSFER,IMPS,Axis Bank,IN,0,NORMAL_BANKING_FLOW
TX_AXIS_106532,AXIS_ACC_20183,KOTAK_ACC_20155,15678.45,2026-01-10 18:00:40,TRANSFER,IMPS,Axis Bank,IN,0,NORMAL_BANKING_FLOW
TX_AXIS_106533,AXIS_ACC_20200,SBI_ACC_20247,46186.43,2026-01-10 21:10:56,TRANSFER,IMPS,Axis Bank,IN,0,NORMAL_BANKING_FLOW
TX_AXIS_106534,AXIS_ACC_20192,AXIS_ACC_20003,34729.67,2026-01-10 19:58:03,SETTLEMENT,NEFT,Axis Bank,IN,0,NORMAL_BANKING_FLOW
TX_AXIS_106535,AXIS_ACC_20086,HDFC_ACC_20180,4985.68,2026-01-10 16:06:26,TRANSFER,IMPS,Axis Bank,IN,0,NORMAL_BANKING_FLOW
TX_AXIS_106536,AXIS_ACC_20013,AXIS_ACC_20018,22478.14,2026-01-10 20:20:55,TRANSFER,IMPS,Axis Bank,IN,0,NORMAL_BANKING_FLOW
TX_AXIS_106537,AXIS_ACC_20025,AXIS_ACC_20140,3823.98,2026-01-10 17:42:48,TRANSFER,IMPS,Axis Bank,IN,0,NORMAL_BANKING_FLOW
TX_AXIS_106538,AXIS_ACC_20118,CANARA_ACC_20070,19849.46,2026-01-10 15:14:48,TRANSFER,IMPS,Axis Bank,IN,0,NORMAL_BANKING_FLOW
TX_AXIS_106539,AXIS_ACC_20085,HDFC_ACC_20153,5904.0,2026-01-10 15:36:28,TRANSFER,IMPS,Axis Bank,IN,0,NORMAL_BANKING_FLOW
TX_AXIS_106540,AXIS_ACC_20101,INDUS_ACC_20243,3557.26,2026-01-10 16:19:30,SETTLEMENT,NEFT,Axis Bank,IN,0,NORMAL_BANKING_FLOW
TX_AXIS_106541,AXIS_ACC_20000,AXIS_ACC_20029,13095.78,2026-01-10 15:26:40,TRANSFER,IMPS,Axis Bank,IN,0,NORMAL_BANKING_FLOW
TX_AXIS_106542,AXIS_ACC_20237,BOB_ACC_20181,682.28,2026-01-10 18:28:42,TRANSFER,IMPS,Axis Bank,IN,0,NORMAL_BANKING_FLOW
TX_AXIS_106543,AXIS_ACC_20202,AXIS_ACC_20002,1718.19,2026-01-10 19:22:54,TRANSFER,IMPS,Axis Bank,IN,0,NORMAL_BANKING_FLOW
TX_AXIS_106544,AXIS_ACC_20237,AXIS_ACC_20050,8287.54,2026-01-10 15:17:12,SETTLEMENT,NEFT,Axis Bank,IN,0,NORMAL_BANKING_FLOW
TX_AXIS_106545,AXIS_ACC_20193,AXIS_ACC_20076,10747.64,2026-01-10 17:47:52,TRANSFER,IMPS,Axis Bank,IN,0,NORMAL_BANKING_FLOW
TX_AXIS_106546,AXIS_ACC_20159,AXIS_ACC_20001,6840.95,2026-01-10 15:50:15,SETTLEMENT,NEFT,Axis Bank,IN,0,NORMAL_BANKING_FLOW
TX_AXIS_106547,AXIS_ACC_20061,INDUS_ACC_20217,2039.71,2026-01-10 18:21:26,TRANSFER,IMPS,Axis Bank,IN,0,NORMAL_BANKING_FLOW
TX_AXIS_106548,AXIS_ACC_20086,YES_ACC_20146,4368.21,2026-01-10 14:35:40,TRANSFER,IMPS,Axis Bank,IN,0,NORMAL_BANKING_FLOW
TX_AXIS_106549,AXIS_ACC_20180,AXIS_ACC_20006,14635.56,2026-01-10 16:02:24,SETTLEMENT,NEFT,Axis Bank,IN,0,NORMAL_BANKING_FLOW
TX_AXIS_106550,AXIS_ACC_20077,AXIS_ACC_20207,17708.18,2026-01-10 15:30:25,SETTLEMENT,NEFT,Axis Bank,IN,0,NORMAL_BANKING_FLOW
TX_AXIS_106551,AXIS_ACC_20139,AXIS_ACC_20022,9737.86,2026-01-10 14:36:40,TRANSFER,IMPS,Axis Bank,IN,0,NORMAL_BANKING_FLOW
TX_AXIS_106552,AXIS_ACC_20131,CANARA_ACC_20144,31471.38,2026-01-10 20:13:21,TRANSFER,IMPS,Axis Bank,IN,0,NORMAL_BANKING_FLOW
TX_AXIS_106553,AXIS_ACC_20056,AXIS_ACC_20195,14726.4,2026-01-10 20:25:04,TRANSFER,IMPS,Axis Bank,IN,0,NORMAL_BANKING_FLOW
TX_AXIS_106554,AXIS_ACC_20126,HDFC_ACC_20219,4686.98,2026-01-10 20:36:49,TRANSFER,IMPS,Axis Bank,IN,0,NORMAL_BANKING_FLOW
TX_AXIS_106555,AXIS_ACC_20049,AXIS_ACC_20106,7476.33,2026-01-10 19:21:24,SETTLEMENT,NEFT,Axis Bank,IN,0,NORMAL_BANKING_FLOW
TX_AXIS_106556,AXIS_ACC_20014,PNB_ACC_20018,2433.62,2026-01-10 19:33:05,TRANSFER,IMPS,Axis Bank,IN,0,NORMAL_BANKING_FLOW
TX_AXIS_106557,AXIS_ACC_20238,AXIS_ACC_20001,8882.7,2026-01-10 15:11:28,TRANSFER,IMPS,Axis Bank,IN,0,NORMAL_BANKING_FLOW
TX_AXIS_106558,AXIS_ACC_20100,AXIS_ACC_20208,30094.59,2026-01-10 17:34:12,TRANSFER,IMPS,Axis Bank,IN,0,NORMAL_BANKING_FLOW
TX_AXIS_106559,AXIS_ACC_20161,AXIS_ACC_20082,19639.34,2026-01-10 16:18:02,SETTLEMENT,NEFT,Axis Bank,IN,0,NORMAL_BANKING_FLOW
TX_AXIS_106560,AXIS_ACC_20098,AXIS_ACC_20029,40215.56,2026-01-10 16:07:32,TRANSFER,IMPS,Axis Bank,IN,0,NORMAL_BANKING_FLOW
TX_AXIS_106561,AXIS_ACC_20213,AXIS_ACC_20118,7310.85,2026-01-10 20:10:00,TRANSFER,IMPS,Axis Bank,IN,0,NORMAL_BANKING_FLOW
TX_AXIS_106562,AXIS_ACC_20015,AXIS_ACC_20072,38028.83,2026-01-10 21:27:57,TRANSFER,IMPS,Axis Bank,IN,0,NORMAL_BANKING_FLOW
TX_AXIS_106563,AXIS_ACC_20241,CANARA_ACC_20173,8157.52,2026-01-10 16:19:58,TRANSFER,IMPS,Axis Bank,IN,0,NORMAL_BANKING_FLOW
TX_AXIS_106564,AXIS_ACC_20059,CANARA_ACC_20194,43113.23,2026-01-10 21:07:45,SETTLEMENT,NEFT,Axis Bank,IN,0,NORMAL_BANKING_FLOW
TX_AXIS_106565,AXIS_ACC_20057,AXIS_ACC_20149,9683.16,2026-01-10 16:32:00,TRANSFER,IMPS,Axis Bank,IN,0,NORMAL_BANKING_FLOW
TX_AXIS_106566,AXIS_ACC_20184,INDUS_ACC_20233,20075.02,2026-01-10 18:34:25,SETTLEMENT,NEFT,Axis Bank,IN,0,NORMAL_BANKING_FLOW
TX_AXIS_106567,AXIS_ACC_20067,INDUS_ACC_20029,43265.57,2026-01-10 19:30:36,SETTLEMENT,NEFT,Axis Bank,IN,0,NORMAL_BANKING_FLOW
TX_AXIS_106568,AXIS_ACC_20071,SBI_ACC_20150,8156.52,2026-01-10 13:46:45,TRANSFER,IMPS,Axis Bank,IN,0,NORMAL_BANKING_FLOW
TX_AXIS_106569,AXIS_ACC_20112,KOTAK_ACC_20215,12312.73,2026-01-10 17:18:32,SETTLEMENT,NEFT,Axis Bank,IN,0,NORMAL_BANKING_FLOW
TX_AXIS_106570,AXIS_ACC_20088,AXIS_ACC_20220,35913.32,2026-01-10 15:05:18,TRANSFER,IMPS,Axis Bank,IN,0,NORMAL_BANKING_FLOW
TX_AXIS_106571,AXIS_ACC_20041,AXIS_ACC_20117,8664.56,2026-01-10 17:42:00,SETTLEMENT,NEFT,Axis Bank,IN,0,NORMAL_BANKING_FLOW
TX_AXIS_106572,AXIS_ACC_20149,INDUS_ACC_20209,2641.51,2026-01-10 20:52:43,SETTLEMENT,NEFT,Axis Bank,IN,0,NORMAL_BANKING_FLOW
TX_AXIS_106573,AXIS_ACC_20076,YES_ACC_20212,84373.37,2026-01-10 20:42:24,SETTLEMENT,NEFT,Axis Bank,IN,0,NORMAL_BANKING_FLOW
TX_AXIS_106574,AXIS_ACC_20013,AXIS_ACC_20148,6187.19,2026-01-10 15:06:46,TRANSFER,IMPS,Axis Bank,IN,0,NORMAL_BANKING_FLOW
TX_AXIS_106575,AXIS_ACC_20225,AXIS_ACC_20074,11599.95,2026-01-10 19:25:30,TRANSFER,IMPS,Axis Bank,IN,0,NORMAL_BANKING_FLOW
TX_AXIS_106576,AXIS_ACC_20107,AXIS_ACC_20038,31445.36,2026-01-10 21:52:30,SETTLEMENT,NEFT,Axis Bank,IN,0,NORMAL_BANKING_FLOW
TX_AXIS_106577,AXIS_ACC_20116,AXIS_ACC_20099,5385.72,2026-01-10 19:49:32,TRANSFER,IMPS,Axis Bank,IN,0,NORMAL_BANKING_FLOW
TX_AXIS_106578,AXIS_ACC_20075,AXIS_ACC_20068,3612.42,2026-01-10 21:54:26,TRANSFER,IMPS,Axis Bank,IN,0,NORMAL_BANKING_FLOW
TX_AXIS_106579,AXIS_ACC_20052,AXIS_ACC_20156,12755.75,2026-01-10 21:55:24,TRANSFER,IMPS,Axis Bank,IN,0,NORMAL_BANKING_FLOW
TX_AXIS_106580,AXIS_ACC_20175,AXIS_ACC_20220,1647.35,2026-01-10 19:51:53,TRANSFER,IMPS,Axis Bank,IN,0,NORMAL_BANKING_FLOW
TX_AXIS_106581,AXIS_ACC_20002,YES_ACC_20185,7421.18,2026-01-10 17:59:20,SETTLEMENT,NEFT,Axis Bank,IN,0,NORMAL_BANKING_FLOW
TX_AXIS_106582,AXIS_ACC_20046,YES_ACC_20017,12645.27,2026-01-10 20:50:12,SETTLEMENT,NEFT,Axis Bank,IN,0,NORMAL_BANKING_FLOW
TX_AXIS_106583,AXIS_ACC_20238,AXIS_ACC_20140,7555.63,2026-01-10 16:18:16,TRANSFER,IMPS,Axis Bank,IN,0,NORMAL_BANKING_FLOW
TX_AXIS_106584,AXIS_ACC_20196,CANARA_ACC_20227,2114.45,2026-01-10 19:32:15,TRANSFER,IMPS,Axis Bank,IN,0,NORMAL_BANKING_FLOW
TX_AXIS_106585,AXIS_ACC_20095,AXIS_ACC_20194,48736.23,2026-01-10 19:21:36,TRANSFER,IMPS,Axis Bank,IN,0,NORMAL_BANKING_FLOW
TX_AXIS_106586,AXIS_ACC_20144,YES_ACC_20036,10976.79,2026-01-10 21:39:20,TRANSFER,IMPS,Axis Bank,IN,0,NORMAL_BANKING_FLOW
TX_AXIS_106587,AXIS_ACC_20119,AXIS_ACC_20226,41404.8,2026-01-10 18:25:54,TRANSFER,IMPS,Axis Bank,IN,0,NORMAL_BANKING_FLOW
TX_AXIS_106588,AXIS_ACC_20201,AXIS_ACC_20243,7630.92,2026-01-10 19:12:21,TRANSFER,IMPS,Axis Bank,IN,0,NORMAL_BANKING_FLOW
TX_AXIS_106589,AXIS_ACC_20091,AXIS_ACC_20142,4105.11,2026-01-10 19:13:04,SETTLEMENT,NEFT,Axis Bank,IN,0,NORMAL_BANKING_FLOW
TX_AXIS_106590,AXIS_ACC_20047,AXIS_ACC_20008,12954.27,2026-01-10 21:08:37,TRANSFER,IMPS,Axis Bank,IN,0,NORMAL_BANKING_FLOW
TX_AXIS_106591,AXIS_ACC_20230,AXIS_ACC_20042,7976.16,2026-01-10 18:51:30,TRANSFER,IMPS,Axis Bank,IN,0,NORMAL_BANKING_FLOW
TX_AXIS_106592,AXIS_ACC_20059,AXIS_ACC_20242,3047.99,2026-01-10 17:20:03,TRANSFER,IMPS,Axis Bank,IN,0,NORMAL_BANKING_FLOW
TX_AXIS_106593,AXIS_ACC_20036,AXIS_ACC_20151,43035.66,2026-01-10 16:46:00,TRANSFER,IMPS,Axis Bank,IN,0,NORMAL_BANKING_FLOW
TX_AXIS_106594,AXIS_ACC_20097,AXIS_ACC_20103,5312.03,2026-01-10 16:34:57,TRANSFER,IMPS,Axis Bank,IN,0,NORMAL_BANKING_FLOW
TX_AXIS_106595,AXIS_ACC_20213,YES_ACC_20144,1571.42,2026-01-10 22:34:00,SETTLEMENT,NEFT,Axis Bank,IN,0,NORMAL_BANKING_FLOW
TX_AXIS_106596,AXIS_ACC_20174,YES_ACC_20156,37352.91,2026-01-10 16:59:05,SETTLEMENT,NEFT,Axis Bank,IN,0,NORMAL_BANKING_FLOW
TX_AXIS_106597,AXIS_ACC_20048,AXIS_ACC_20138,5977.17,2026-01-10 18:09:12,SETTLEMENT,NEFT,Axis Bank,IN,0,NORMAL_BANKING_FLOW
TX_AXIS_106598,AXIS_ACC_20035,AXIS_ACC_20023,5389.33,2026-01-10 18:44:40,TRANSFER,IMPS,Axis Bank,IN,0,NORMAL_BANKING_FLOW
TX_AXIS_106599,AXIS_ACC_20062,AXIS_ACC_20214,1693.6,2026-01-10 15:27:34,TRANSFER,IMPS,Axis Bank,IN,0,NORMAL_BANKING_FLOW
TX_AXIS_106600,AXIS_ACC_20097,PNB_ACC_20064,56440.46,2026-01-10 14:29:42,TRANSFER,IMPS,Axis Bank,IN,0,NORMAL_BANKING_FLOW
TX_AXIS_106601,AXIS_ACC_20142,AXIS_ACC_20136,2725.81,2026-01-10 20:20:00,SETTLEMENT,NEFT,Axis Bank,IN,0,NORMAL_BANKING_FLOW
TX_AXIS_106602,AXIS_ACC_20087,AXIS_ACC_20029,10492.85,2026-01-10 19:45:45,SETTLEMENT,NEFT,Axis Bank,IN,0,NORMAL_BANKING_FLOW
TX_AXIS_106603,AXIS_ACC_20195,SBI_ACC_20065,24652.17,2026-01-10 21:08:24,SETTLEMENT,NEFT,Axis Bank,IN,0,NORMAL_BANKING_FLOW
TX_AXIS_106604,AXIS_ACC_20246,AXIS_ACC_20036,15088.93,2026-01-10 15:52:55,TRANSFER,IMPS,Axis Bank,IN,0,NORMAL_BANKING_FLOW
TX_AXIS_106605,AXIS_ACC_20082,AXIS_ACC_20114,9323.99,2026-01-10 20:23:12,SETTLEMENT,NEFT,Axis Bank,IN,0,NORMAL_BANKING_FLOW
TX_AXIS_106606,AXIS_ACC_20077,INDUS_ACC_20085,1805.03,2026-01-10 19:01:45,SETTLEMENT,NEFT,Axis Bank,IN,0,NORMAL_BANKING_FLOW
TX_AXIS_106607,AXIS_ACC_20220,YES_ACC_20140,4404.03,2026-01-10 14:08:16,TRANSFER,IMPS,Axis Bank,IN,0,NORMAL_BANKING_FLOW
TX_AXIS_106608,AXIS_ACC_20114,AXIS_ACC_20007,11941.8,2026-01-10 20:25:36,SETTLEMENT,NEFT,Axis Bank,IN,0,NORMAL_BANKING_FLOW
TX_AXIS_106609,AXIS_ACC_20058,ICICI_ACC_20043,4504.47,2026-01-10 22:24:24,TRANSFER,IMPS,Axis Bank,IN,0,NORMAL_BANKING_FLOW
TX_AXIS_106610,AXIS_ACC_20019,SBI_ACC_20230,12129.06,2026-01-10 15:19:58,TRANSFER,IMPS,Axis Bank,IN,0,NORMAL_BANKING_FLOW
TX_AXIS_106611,AXIS_ACC_20183,BOB_ACC_20102,19569.81,2026-01-10 14:56:40,SETTLEMENT,NEFT,Axis Bank,IN,0,NORMAL_BANKING_FLOW
TX_AXIS_106612,AXIS_ACC_20243,AXIS_ACC_20147,25913.07,2026-01-10 19:05:51,SETTLEMENT,NEFT,Axis Bank,IN,0,NORMAL_BANKING_FLOW
TX_AXIS_106613,AXIS_ACC_20207,AXIS_ACC_20134,2903.93,2026-01-10 22:16:24,TRANSFER,IMPS,Axis Bank,IN,0,NORMAL_BANKING_FLOW
TX_AXIS_106614,AXIS_ACC_20226,AXIS_ACC_20051,89022.65,2026-01-10 19:54:45,TRANSFER,IMPS,Axis Bank,IN,0,NORMAL_BANKING_FLOW
TX_AXIS_106615,AXIS_ACC_20205,AXIS_ACC_20079,21321.67,2026-01-10 22:42:06,TRANSFER,IMPS,Axis Bank,IN,0,NORMAL_BANKING_FLOW
TX_AXIS_106616,AXIS_ACC_20104,AXIS_ACC_20210,9880.18,2026-01-10 21:07:45,TRANSFER,IMPS,Axis Bank,IN,0,NORMAL_BANKING_FLOW
TX_AXIS_106617,AXIS_ACC_20170,AXIS_ACC_20079,29423.14,2026-01-10 15:22:32,TRANSFER,IMPS,Axis Bank,IN,0,NORMAL_BANKING_FLOW
TX_AXIS_106618,AXIS_ACC_20002,AXIS_ACC_20195,105388.39,2026-01-10 17:46:18,TRANSFER,IMPS,Axis Bank,IN,0,NORMAL_BANKING_FLOW
TX_AXIS_106619,AXIS_ACC_20129,AXIS_ACC_20001,2347.91,2026-01-10 16:11:08,TRANSFER,IMPS,Axis Bank,IN,0,NORMAL_BANKING_FLOW
TX_AXIS_106620,AXIS_ACC_20179,AXIS_ACC_20134,7900.94,2026-01-10 14:11:44,TRANSFER,IMPS,Axis Bank,IN,0,NORMAL_BANKING_FLOW
TX_AXIS_106621,AXIS_ACC_20175,AXIS_ACC_20241,917.42,2026-01-10 20:12:00,TRANSFER,IMPS,Axis Bank,IN,0,NORMAL_BANKING_FLOW
TX_AXIS_106622,AXIS_ACC_20040,SBI_ACC_20021,11999.88,2026-01-10 14:12:16,TRANSFER,IMPS,Axis Bank,IN,0,NORMAL_BANKING_FLOW
TX_AXIS_106623,AXIS_ACC_20093,HDFC_ACC_20101,14262.57,2026-01-10 20:13:32,TRANSFER,IMPS,Axis Bank,IN,0,NORMAL_BANKING_FLOW
TX_AXIS_106624,AXIS_ACC_20158,AXIS_ACC_20222,9517.03,2026-01-10 17:25:36,TRANSFER,IMPS,Axis Bank,IN,0,NORMAL_BANKING_FLOW
TX_AXIS_106625,AXIS_ACC_20222,YES_ACC_20106,5143.38,2026-01-10 22:51:56,TRANSFER,IMPS,Axis Bank,IN,0,NORMAL_BANKING_FLOW
TX_AXIS_106626,AXIS_ACC_20081,AXIS_ACC_20004,1274.72,2026-01-10 15:37:55,SETTLEMENT,NEFT,Axis Bank,IN,0,NORMAL_BANKING_FLOW
TX_AXIS_106627,AXIS_ACC_20103,AXIS_ACC_20147,14379.14,2026-01-10 15:14:06,TRANSFER,IMPS,Axis Bank,IN,0,NORMAL_BANKING_FLOW
TX_AXIS_106628,AXIS_ACC_20043,KOTAK_ACC_20222,42422.51,2026-01-10 19:41:01,TRANSFER,IMPS,Axis Bank,IN,0,NORMAL_BANKING_FLOW
TX_AXIS_106629,AXIS_ACC_20136,INDUS_ACC_20074,5480.66,2026-01-10 19:05:20,TRANSFER,IMPS,Axis Bank,IN,0,NORMAL_BANKING_FLOW
TX_AXIS_106630,AXIS_ACC_20206,AXIS_ACC_20003,15368.26,2026-01-10 20:55:21,SETTLEMENT,NEFT,Axis Bank,IN,0,NORMAL_BANKING_FLOW
TX_AXIS_106631,AXIS_ACC_20129,ICICI_ACC_20230,2062.87,2026-01-10 21:20:30,SETTLEMENT,NEFT,Axis Bank,IN,0,NORMAL_BANKING_FLOW
TX_AXIS_106632,AXIS_ACC_20055,AXIS_ACC_20182,15634.15,2026-01-10 17:05:30,SETTLEMENT,NEFT,Axis Bank,IN,0,NORMAL_BANKING_FLOW
TX_AXIS_106633,AXIS_ACC_20012,PNB_ACC_20085,6678.29,2026-01-10 22:23:12,TRANSFER,IMPS,Axis Bank,IN,0,NORMAL_BANKING_FLOW
TX_AXIS_106634,AXIS_ACC_20039,AXIS_ACC_20103,4617.38,2026-01-10 19:45:19,SETTLEMENT,NEFT,Axis Bank,IN,0,NORMAL_BANKING_FLOW
TX_AXIS_106635,AXIS_ACC_20189,AXIS_ACC_20087,4626.87,2026-01-10 20:22:44,TRANSFER,IMPS,Axis Bank,IN,0,NORMAL_BANKING_FLOW
TX_AXIS_106636,AXIS_ACC_20158,AXIS_ACC_20001,6676.76,2026-01-10 20:35:45,SETTLEMENT,NEFT,Axis Bank,IN,0,NORMAL_BANKING_FLOW
TX_AXIS_106637,AXIS_ACC_20184,AXIS_ACC_20110,14507.68,2026-01-10 15:17:36,TRANSFER,IMPS,Axis Bank,IN,0,NORMAL_BANKING_FLOW
TX_AXIS_106638,AXIS_ACC_20216,ICICI_ACC_20007,2664.67,2026-01-10 20:25:02,SETTLEMENT,NEFT,Axis Bank,IN,0,NORMAL_BANKING_FLOW
TX_AXIS_106639,AXIS_ACC_20018,AXIS_ACC_20011,6653.41,2026-01-10 22:04:12,TRANSFER,IMPS,Axis Bank,IN,0,NORMAL_BANKING_FLOW
TX_AXIS_106640,AXIS_ACC_20039,AXIS_ACC_20185,9495.07,2026-01-10 15:30:58,SETTLEMENT,NEFT,Axis Bank,IN,0,NORMAL_BANKING_FLOW
TX_AXIS_106641,AXIS_ACC_20058,CANARA_ACC_20215,3297.63,2026-01-10 18:36:20,TRANSFER,IMPS,Axis Bank,IN,0,NORMAL_BANKING_FLOW
TX_AXIS_106642,AXIS_ACC_20147,AXIS_ACC_20050,59674.81,2026-01-10 14:05:15,SETTLEMENT,NEFT,Axis Bank,IN,0,NORMAL_BANKING_FLOW
TX_AXIS_106643,AXIS_ACC_20129,AXIS_ACC_20233,4215.42,2026-01-10 20:16:30,TRANSFER,IMPS,Axis Bank,IN,0,NORMAL_BANKING_FLOW
TX_AXIS_106644,AXIS_ACC_20246,INDUS_ACC_20234,5067.3,2026-01-10 15:20:03,TRANSFER,IMPS,Axis Bank,IN,0,NORMAL_BANKING_FLOW
TX_AXIS_106645,AXIS_ACC_20019,AXIS_ACC_20055,3720.79,2026-01-10 18:14:00,SETTLEMENT,NEFT,Axis Bank,IN,0,NORMAL_BANKING_FLOW
TX_AXIS_106646,AXIS_ACC_20021,AXIS_ACC_20043,59783.21,2026-01-10 21:58:05,SETTLEMENT,NEFT,Axis Bank,IN,0,NORMAL_BANKING_FLOW
TX_AXIS_106647,AXIS_ACC_20119,AXIS_ACC_20240,17204.14,2026-01-10 14:18:56,SETTLEMENT,NEFT,Axis Bank,IN,0,NORMAL_BANKING_FLOW
TX_AXIS_106648,AXIS_ACC_20219,AXIS_ACC_20202,3879.29,2026-01-10 20:07:48,TRANSFER,IMPS,Axis Bank,IN,0,NORMAL_BANKING_FLOW
TX_AXIS_106649,AXIS_ACC_20076,AXIS_ACC_20120,29918.48,2026-01-10 18:03:52,SETTLEMENT,NEFT,Axis Bank,IN,0,NORMAL_BANKING_FLOW
TX_AXIS_106650,AXIS_ACC_20040,AXIS_ACC_20089,12096.83,2026-01-10 17:14:30,TRANSFER,IMPS,Axis Bank,IN,0,NORMAL_BANKING_FLOW
TX_AXIS_106651,AXIS_ACC_20236,AXIS_ACC_20177,12800.68,2026-01-10 22:02:30,TRANSFER,IMPS,Axis Bank,IN,0,NORMAL_BANKING_FLOW
TX_AXIS_106652,AXIS_ACC_20167,AXIS_ACC_20248,7013.01,2026-01-10 14:57:49,TRANSFER,IMPS,Axis Bank,IN,0,NORMAL_BANKING_FLOW
TX_AXIS_106653,AXIS_ACC_20060,YES_ACC_20181,4677.8,2026-01-10 20:24:00,SETTLEMENT,NEFT,Axis Bank,IN,0,NORMAL_BANKING_FLOW
TX_AXIS_106654,AXIS_ACC_20225,PNB_ACC_20048,13873.92,2026-01-10 20:12:12,TRANSFER,IMPS,Axis Bank,IN,0,NORMAL_BANKING_FLOW
TX_AXIS_106655,AXIS_ACC_20161,PNB_ACC_20159,5738.27,2026-01-10 22:31:10,TRANSFER,IMPS,Axis Bank,IN,0,NORMAL_BANKING_FLOW
TX_AXIS_106656,AXIS_ACC_20042,AXIS_ACC_20222,60885.82,2026-01-10 20:13:40,TRANSFER,IMPS,Axis Bank,IN,0,NORMAL_BANKING_FLOW
TX_AXIS_106657,AXIS_ACC_20028,AXIS_ACC_20104,2781.4,2026-01-10 19:11:24,TRANSFER,IMPS,Axis Bank,IN,0,NORMAL_BANKING_FLOW
TX_AXIS_106658,AXIS_ACC_20057,SBI_ACC_20213,45988.97,2026-01-10 23:37:00,SETTLEMENT,NEFT,Axis Bank,IN,0,NORMAL_BANKING_FLOW
TX_AXIS_106659,AXIS_ACC_20146,AXIS_ACC_20207,8854.5,2026-01-10 16:15:50,SETTLEMENT,NEFT,Axis Bank,IN,0,NORMAL_BANKING_FLOW
TX_AXIS_106660,AXIS_ACC_20136,AXIS_ACC_20165,13347.52,2026-01-10 17:06:51,TRANSFER,IMPS,Axis Bank,IN,0,NORMAL_BANKING_FLOW
TX_AXIS_106661,AXIS_ACC_20120,AXIS_ACC_20107,22769.06,2026-01-10 17:58:00,TRANSFER,IMPS,Axis Bank,IN,0,NORMAL_BANKING_FLOW
TX_AXIS_106662,AXIS_ACC_20184,AXIS_ACC_20073,5269.82,2026-01-10 14:48:18,SETTLEMENT,NEFT,Axis Bank,IN,0,NORMAL_BANKING_FLOW
TX_AXIS_106663,AXIS_ACC_20107,AXIS_ACC_20124,23488.08,2026-01-10 14:10:30,SETTLEMENT,NEFT,Axis Bank,IN,0,NORMAL_BANKING_FLOW
TX_AXIS_106664,AXIS_ACC_20032,AXIS_ACC_20043,660.14,2026-01-10 17:08:47,TRANSFER,IMPS,Axis Bank,IN,0,NORMAL_BANKING_FLOW
TX_AXIS_106665,AXIS_ACC_20199,ICICI_ACC_20032,4817.5,2026-01-10 19:29:20,TRANSFER,IMPS,Axis Bank,IN,0,NORMAL_BANKING_FLOW
TX_AXIS_106666,AXIS_ACC_20039,KOTAK_ACC_20105,3928.2,2026-01-10 19:04:30,TRANSFER,IMPS,Axis Bank,IN,0,NORMAL_BANKING_FLOW
TX_AXIS_106667,AXIS_ACC_20152,PNB_ACC_20236,2825.65,2026-01-10 22:16:38,TRANSFER,IMPS,Axis Bank,IN,0,NORMAL_BANKING_FLOW
TX_AXIS_106668,AXIS_ACC_20233,AXIS_ACC_20085,7982.81,2026-01-10 22:43:05,SETTLEMENT,NEFT,Axis Bank,IN,0,NORMAL_BANKING_FLOW
TX_AXIS_106669,AXIS_ACC_20027,HDFC_ACC_20192,14555.87,2026-01-10 16:07:12,TRANSFER,IMPS,Axis Bank,IN,0,NORMAL_BANKING_FLOW
TX_AXIS_106670,AXIS_ACC_20046,AXIS_ACC_20234,19983.46,2026-01-10 20:23:56,TRANSFER,IMPS,Axis Bank,IN,0,NORMAL_BANKING_FLOW
TX_AXIS_106671,AXIS_ACC_20245,YES_ACC_20146,12592.75,2026-01-10 15:03:50,TRANSFER,IMPS,Axis Bank,IN,0,NORMAL_BANKING_FLOW
TX_AXIS_106672,AXIS_ACC_20162,AXIS_ACC_20068,5086.3,2026-01-10 14:12:45,SETTLEMENT,NEFT,Axis Bank,IN,0,NORMAL_BANKING_FLOW
TX_AXIS_106673,AXIS_ACC_20204,AXIS_ACC_20084,14314.33,2026-01-10 15:55:56,SETTLEMENT,NEFT,Axis Bank,IN,0,NORMAL_BANKING_FLOW
TX_AXIS_106674,AXIS_ACC_20188,AXIS_ACC_20206,11206.91,2026-01-10 22:35:42,TRANSFER,IMPS,Axis Bank,IN,0,NORMAL_BANKING_FLOW
TX_AXIS_106675,AXIS_ACC_20147,AXIS_ACC_20062,25236.74,2026-01-10 18:18:36,TRANSFER,IMPS,Axis Bank,IN,0,NORMAL_BANKING_FLOW
TX_AXIS_106676,AXIS_ACC_20157,AXIS_ACC_20106,21524.28,2026-01-10 23:03:20,SETTLEMENT,NEFT,Axis Bank,IN,0,NORMAL_BANKING_FLOW
TX_AXIS_106677,AXIS_ACC_20122,HDFC_ACC_20090,10203.4,2026-01-10 23:43:04,TRANSFER,IMPS,Axis Bank,IN,0,NORMAL_BANKING_FLOW
TX_AXIS_106678,AXIS_ACC_20005,ICICI_ACC_20110,4034.94,2026-01-10 17:28:30,SETTLEMENT,NEFT,Axis Bank,IN,0,NORMAL_BANKING_FLOW
TX_AXIS_106679,AXIS_ACC_20119,KOTAK_ACC_20103,5151.53,2026-01-10 16:24:10,SETTLEMENT,NEFT,Axis Bank,IN,0,NORMAL_BANKING_FLOW
TX_AXIS_106680,AXIS_ACC_20184,AXIS_ACC_20154,5711.35,2026-01-10 18:34:25,TRANSFER,IMPS,Axis Bank,IN,0,NORMAL_BANKING_FLOW
TX_AXIS_106681,AXIS_ACC_20009,SBI_ACC_20110,7220.89,2026-01-10 22:03:00,TRANSFER,IMPS,Axis Bank,IN,0,NORMAL_BANKING_FLOW
TX_AXIS_106682,AXIS_ACC_20104,AXIS_ACC_20216,12939.64,2026-01-10 18:22:34,SETTLEMENT,NEFT,Axis Bank,IN,0,NORMAL_BANKING_FLOW
TX_AXIS_106683,AXIS_ACC_20037,AXIS_ACC_20126,20235.11,2026-01-10 23:09:52,TRANSFER,IMPS,Axis Bank,IN,0,NORMAL_BANKING_FLOW
TX_AXIS_106684,AXIS_ACC_20180,AXIS_ACC_20066,9403.91,2026-01-10 17:31:30,SETTLEMENT,NEFT,Axis Bank,IN,0,NORMAL_BANKING_FLOW
TX_AXIS_106685,AXIS_ACC_20182,ICICI_ACC_20164,10058.01,2026-01-10 23:24:48,SETTLEMENT,NEFT,Axis Bank,IN,0,NORMAL_BANKING_FLOW
TX_AXIS_106686,AXIS_ACC_20158,AXIS_ACC_20036,11422.11,2026-01-10 17:32:30,TRANSFER,IMPS,Axis Bank,IN,0,NORMAL_BANKING_FLOW
TX_AXIS_106687,AXIS_ACC_20188,AXIS_ACC_20244,5908.19,2026-01-11 00:06:00,SETTLEMENT,NEFT,Axis Bank,IN,0,NORMAL_BANKING_FLOW
TX_AXIS_106688,AXIS_ACC_20068,KOTAK_ACC_20159,3922.98,2026-01-10 19:18:26,SETTLEMENT,NEFT,Axis Bank,IN,0,NORMAL_BANKING_FLOW
TX_AXIS_106689,AXIS_ACC_20059,AXIS_ACC_20103,1710.54,2026-01-10 16:54:36,TRANSFER,IMPS,Axis Bank,IN,0,NORMAL_BANKING_FLOW
TX_AXIS_106690,AXIS_ACC_20081,ICICI_ACC_20202,4938.67,2026-01-10 22:23:48,TRANSFER,IMPS,Axis Bank,IN,0,NORMAL_BANKING_FLOW
TX_AXIS_106691,AXIS_ACC_20131,AXIS_ACC_20178,15885.24,2026-01-10 23:56:50,TRANSFER,IMPS,Axis Bank,IN,0,NORMAL_BANKING_FLOW
TX_AXIS_106692,AXIS_ACC_20050,AXIS_ACC_20205,4900.48,2026-01-10 17:22:19,TRANSFER,IMPS,Axis Bank,IN,0,NORMAL_BANKING_FLOW
TX_AXIS_106693,AXIS_ACC_20056,AXIS_ACC_20240,7802.45,2026-01-10 21:20:24,TRANSFER,IMPS,Axis Bank,IN,0,NORMAL_BANKING_FLOW
TX_AXIS_106694,AXIS_ACC_20087,AXIS_ACC_20230,15778.94,2026-01-10 20:54:45,TRANSFER,IMPS,Axis Bank,IN,0,NORMAL_BANKING_FLOW
TX_AXIS_106695,AXIS_ACC_20046,YES_ACC_20079,16658.73,2026-01-10 23:47:32,TRANSFER,IMPS,Axis Bank,IN,0,NORMAL_BANKING_FLOW
TX_AXIS_106696,AXIS_ACC_20039,AXIS_ACC_20122,3362.59,2026-01-10 15:38:15,SETTLEMENT,NEFT,Axis Bank,IN,0,NORMAL_BANKING_FLOW
TX_AXIS_106697,AXIS_ACC_20145,AXIS_ACC_20048,26824.19,2026-01-10 17:51:16,TRANSFER,IMPS,Axis Bank,IN,0,NORMAL_BANKING_FLOW
TX_AXIS_106698,AXIS_ACC_20040,AXIS_ACC_20059,30557.03,2026-01-11 00:17:00,SETTLEMENT,NEFT,Axis Bank,IN,0,NORMAL_BANKING_FLOW
TX_AXIS_106699,AXIS_ACC_20234,AXIS_ACC_20012,3197.58,2026-01-10 19:12:06,TRANSFER,IMPS,Axis Bank,IN,0,NORMAL_BANKING_FLOW
TX_AXIS_106700,AXIS_ACC_20033,AXIS_ACC_20210,4342.32,2026-01-10 16:06:17,TRANSFER,IMPS,Axis Bank,IN,0,NORMAL_BANKING_FLOW
TX_AXIS_106701,AXIS_ACC_20022,AXIS_ACC_20092,32568.17,2026-01-10 14:33:20,TRANSFER,IMPS,Axis Bank,IN,0,NORMAL_BANKING_FLOW
TX_AXIS_106702,AXIS_ACC_20127,AXIS_ACC_20151,8545.38,2026-01-10 18:47:15,TRANSFER,IMPS,Axis Bank,IN,0,NORMAL_BANKING_FLOW
TX_AXIS_106703,AXIS_ACC_20178,AXIS_ACC_20038,1075.16,2026-01-10 18:07:44,SETTLEMENT,NEFT,Axis Bank,IN,0,NORMAL_BANKING_FLOW
TX_AXIS_106704,AXIS_ACC_20209,AXIS_ACC_20076,2441.38,2026-01-10 16:21:12,SETTLEMENT,NEFT,Axis Bank,IN,0,NORMAL_BANKING_FLOW
TX_AXIS_106705,AXIS_ACC_20018,AXIS_ACC_20159,7712.75,2026-01-10 19:02:24,TRANSFER,IMPS,Axis Bank,IN,0,NORMAL_BANKING_FLOW
TX_AXIS_106706,AXIS_ACC_20095,ICICI_ACC_20082,3093.19,2026-01-10 16:35:25,TRANSFER,IMPS,Axis Bank,IN,0,NORMAL_BANKING_FLOW
TX_AXIS_106707,AXIS_ACC_20208,AXIS_ACC_20124,6545.78,2026-01-10 17:29:34,TRANSFER,IMPS,Axis Bank,IN,0,NORMAL_BANKING_FLOW
TX_AXIS_106708,AXIS_ACC_20023,INDUS_ACC_20231,10223.01,2026-01-10 21:45:36,TRANSFER,IMPS,Axis Bank,IN,0,NORMAL_BANKING_FLOW
TX_AXIS_106709,AXIS_ACC_20190,AXIS_ACC_20176,42712.83,2026-01-10 14:35:28,TRANSFER,IMPS,Axis Bank,IN,0,NORMAL_BANKING_FLOW
TX_AXIS_106710,AXIS_ACC_20065,HDFC_ACC_20157,7402.3,2026-01-10 18:38:26,SETTLEMENT,NEFT,Axis Bank,IN,0,NORMAL_BANKING_FLOW
TX_AXIS_106711,AXIS_ACC_20028,AXIS_ACC_20128,28927.32,2026-01-11 00:30:00,SETTLEMENT,NEFT,Axis Bank,IN,0,NORMAL_BANKING_FLOW
TX_AXIS_106712,AXIS_ACC_20243,AXIS_ACC_20238,41305.88,2026-01-10 18:53:05,TRANSFER,IMPS,Axis Bank,IN,0,NORMAL_BANKING_FLOW
TX_AXIS_106713,AXIS_ACC_20059,AXIS_ACC_20132,41535.75,2026-01-10 20:01:20,TRANSFER,IMPS,Axis Bank,IN,0,NORMAL_BANKING_FLOW
TX_AXIS_106714,AXIS_ACC_20071,AXIS_ACC_20004,13157.6,2026-01-10 23:25:15,SETTLEMENT,NEFT,Axis Bank,IN,0,NORMAL_BANKING_FLOW
TX_AXIS_106715,AXIS_ACC_20105,AXIS_ACC_20219,1389.52,2026-01-10 20:29:48,TRANSFER,IMPS,Axis Bank,IN,0,NORMAL_BANKING_FLOW
TX_AXIS_106716,AXIS_ACC_20223,AXIS_ACC_20093,15690.72,2026-01-10 15:18:05,SETTLEMENT,NEFT,Axis Bank,IN,0,NORMAL_BANKING_FLOW
TX_AXIS_106717,AXIS_ACC_20080,AXIS_ACC_20224,28237.32,2026-01-11 00:36:00,TRANSFER,IMPS,Axis Bank,IN,0,NORMAL_BANKING_FLOW
TX_AXIS_106718,AXIS_ACC_20240,AXIS_ACC_20010,9126.46,2026-01-10 14:24:15,TRANSFER,IMPS,Axis Bank,IN,0,NORMAL_BANKING_FLOW
TX_AXIS_106719,AXIS_ACC_20080,AXIS_ACC_20169,56646.41,2026-01-10 18:29:54,TRANSFER,IMPS,Axis Bank,IN,0,NORMAL_BANKING_FLOW
TX_AXIS_106720,AXIS_ACC_20091,AXIS_ACC_20108,23384.61,2026-01-10 19:52:21,TRANSFER,IMPS,Axis Bank,IN,0,NORMAL_BANKING_FLOW
TX_AXIS_106721,AXIS_ACC_20224,AXIS_ACC_20048,17470.58,2026-01-10 23:04:20,TRANSFER,IMPS,Axis Bank,IN,0,NORMAL_BANKING_FLOW
TX_AXIS_106722,AXIS_ACC_20246,AXIS_ACC_20233,29330.43,2026-01-11 00:13:38,TRANSFER,IMPS,Axis Bank,IN,0,NORMAL_BANKING_FLOW
TX_AXIS_106723,AXIS_ACC_20195,AXIS_ACC_20027,13813.06,2026-01-10 21:43:54,TRANSFER,IMPS,Axis Bank,IN,0,NORMAL_BANKING_FLOW
TX_AXIS_106724,AXIS_ACC_20072,YES_ACC_20187,818.27,2026-01-10 14:53:11,TRANSFER,IMPS,Axis Bank,IN,0,NORMAL_BANKING_FLOW
TX_AXIS_106725,AXIS_ACC_20187,AXIS_ACC_20038,6008.08,2026-01-10 15:48:24,SETTLEMENT,NEFT,Axis Bank,IN,0,NORMAL_BANKING_FLOW
TX_AXIS_106726,AXIS_ACC_20134,AXIS_ACC_20025,32766.7,2026-01-10 21:32:30,SETTLEMENT,NEFT,Axis Bank,IN,0,NORMAL_BANKING_FLOW
TX_AXIS_106727,AXIS_ACC_20009,AXIS_ACC_20230,4413.44,2026-01-10 22:14:34,TRANSFER,IMPS,Axis Bank,IN,0,NORMAL_BANKING_FLOW
TX_AXIS_106728,AXIS_ACC_20098,BOB_ACC_20133,7915.1,2026-01-10 20:11:20,SETTLEMENT,NEFT,Axis Bank,IN,0,NORMAL_BANKING_FLOW
TX_AXIS_106729,AXIS_ACC_20130,AXIS_ACC_20138,3481.31,2026-01-10 16:03:36,TRANSFER,IMPS,Axis Bank,IN,0,NORMAL_BANKING_FLOW
TX_AXIS_106730,AXIS_ACC_20209,AXIS_ACC_20239,58919.22,2026-01-10 19:31:13,TRANSFER,IMPS,Axis Bank,IN,0,NORMAL_BANKING_FLOW
TX_AXIS_106731,AXIS_ACC_20011,SBI_ACC_20169,53182.91,2026-01-10 20:27:10,SETTLEMENT,NEFT,Axis Bank,IN,0,NORMAL_BANKING_FLOW
TX_AXIS_106732,AXIS_ACC_20102,BOB_ACC_20194,4089.31,2026-01-10 23:00:12,TRANSFER,IMPS,Axis Bank,IN,0,NORMAL_BANKING_FLOW
TX_AXIS_106733,AXIS_ACC_20045,AXIS_ACC_20003,11467.8,2026-01-10 16:46:40,TRANSFER,IMPS,Axis Bank,IN,0,NORMAL_BANKING_FLOW
TX_AXIS_106734,AXIS_ACC_20182,AXIS_ACC_20211,5011.58,2026-01-10 21:24:45,SETTLEMENT,NEFT,Axis Bank,IN,0,NORMAL_BANKING_FLOW
TX_AXIS_106735,AXIS_ACC_20141,AXIS_ACC_20172,18305.28,2026-01-10 14:28:30,SETTLEMENT,NEFT,Axis Bank,IN,0,NORMAL_BANKING_FLOW
TX_AXIS_106736,AXIS_ACC_20161,AXIS_ACC_20053,16476.38,2026-01-10 18:39:15,TRANSFER,IMPS,Axis Bank,IN,0,NORMAL_BANKING_FLOW
TX_AXIS_106737,AXIS_ACC_20004,AXIS_ACC_20058,22285.81,2026-01-10 19:35:32,TRANSFER,IMPS,Axis Bank,IN,0,NORMAL_BANKING_FLOW
TX_AXIS_106738,AXIS_ACC_20245,AXIS_ACC_20012,13793.03,2026-01-11 00:57:00,SETTLEMENT,NEFT,Axis Bank,IN,0,NORMAL_BANKING_FLOW
TX_AXIS_106739,AXIS_ACC_20243,INDUS_ACC_20026,186354.53,2026-01-10 20:18:40,SETTLEMENT,NEFT,Axis Bank,IN,0,NORMAL_BANKING_FLOW
TX_AXIS_106740,AXIS_ACC_20072,AXIS_ACC_20052,3540.69,2026-01-11 00:03:04,TRANSFER,IMPS,Axis Bank,IN,0,NORMAL_BANKING_FLOW
TX_AXIS_106741,AXIS_ACC_20020,AXIS_ACC_20124,1788.97,2026-01-10 20:34:00,TRANSFER,IMPS,Axis Bank,IN,0,NORMAL_BANKING_FLOW
TX_AXIS_106742,AXIS_ACC_20241,AXIS_ACC_20134,6680.24,2026-01-10 18:14:31,TRANSFER,IMPS,Axis Bank,IN,0,NORMAL_BANKING_FLOW
TX_AXIS_106743,AXIS_ACC_20115,AXIS_ACC_20223,2063.2,2026-01-10 21:59:34,SETTLEMENT,NEFT,Axis Bank,IN,0,NORMAL_BANKING_FLOW
TX_AXIS_106744,AXIS_ACC_20125,HDFC_ACC_20108,2225.06,2026-01-10 22:42:30,TRANSFER,IMPS,Axis Bank,IN,0,NORMAL_BANKING_FLOW
TX_AXIS_106745,AXIS_ACC_20011,AXIS_ACC_20156,3636.17,2026-01-10 18:58:16,TRANSFER,IMPS,Axis Bank,IN,0,NORMAL_BANKING_FLOW
TX_AXIS_106746,AXIS_ACC_20053,KOTAK_ACC_20237,3935.57,2026-01-10 19:55:10,SETTLEMENT,NEFT,Axis Bank,IN,0,NORMAL_BANKING_FLOW
TX_AXIS_106747,AXIS_ACC_20234,AXIS_ACC_20112,3809.99,2026-01-10 15:42:00,TRANSFER,IMPS,Axis Bank,IN,0,NORMAL_BANKING_FLOW
TX_AXIS_106748,AXIS_ACC_20037,AXIS_ACC_20008,16617.62,2026-01-10 17:35:16,TRANSFER,IMPS,Axis Bank,IN,0,NORMAL_BANKING_FLOW
TX_AXIS_106749,AXIS_ACC_20213,YES_ACC_20084,5965.87,2026-01-10 16:25:04,TRANSFER,IMPS,Axis Bank,IN,0,NORMAL_BANKING_FLOW
TX_AXIS_106750,AXIS_ACC_20120,CANARA_ACC_20203,8270.79,2026-01-10 17:36:12,TRANSFER,IMPS,Axis Bank,IN,0,NORMAL_BANKING_FLOW
TX_AXIS_106751,AXIS_ACC_20051,AXIS_ACC_20127,24203.02,2026-01-10 18:05:00,TRANSFER,IMPS,Axis Bank,IN,0,NORMAL_BANKING_FLOW
TX_AXIS_106752,AXIS_ACC_20027,AXIS_ACC_20042,4599.38,2026-01-11 00:56:49,TRANSFER,IMPS,Axis Bank,IN,0,NORMAL_BANKING_FLOW
TX_AXIS_106753,AXIS_ACC_20072,AXIS_ACC_20173,7596.59,2026-01-10 20:42:12,TRANSFER,IMPS,Axis Bank,IN,0,NORMAL_BANKING_FLOW
TX_AXIS_106754,AXIS_ACC_20026,AXIS_ACC_20171,14267.79,2026-01-10 16:41:12,TRANSFER,IMPS,Axis Bank,IN,0,NORMAL_BANKING_FLOW
TX_AXIS_106755,AXIS_ACC_20095,PNB_ACC_20086,1420.03,2026-01-10 15:16:12,TRANSFER,IMPS,Axis Bank,IN,0,NORMAL_BANKING_FLOW
TX_AXIS_106756,AXIS_ACC_20014,PNB_ACC_20151,911.5,2026-01-10 19:18:45,TRANSFER,IMPS,Axis Bank,IN,0,NORMAL_BANKING_FLOW
TX_AXIS_106757,AXIS_ACC_20190,BOB_ACC_20215,13990.27,2026-01-10 15:02:32,TRANSFER,IMPS,Axis Bank,IN,0,NORMAL_BANKING_FLOW
TX_AXIS_106758,AXIS_ACC_20126,AXIS_ACC_20117,16187.82,2026-01-10 17:39:56,TRANSFER,IMPS,Axis Bank,IN,0,NORMAL_BANKING_FLOW
TX_AXIS_106759,AXIS_ACC_20122,AXIS_ACC_20096,77980.97,2026-01-10 18:09:00,TRANSFER,IMPS,Axis Bank,IN,0,NORMAL_BANKING_FLOW
TX_AXIS_106760,AXIS_ACC_20003,AXIS_ACC_20204,11592.28,2026-01-10 16:00:39,TRANSFER,IMPS,Axis Bank,IN,0,NORMAL_BANKING_FLOW
TX_AXIS_106761,AXIS_ACC_20056,SBI_ACC_20007,22465.58,2026-01-10 18:53:00,TRANSFER,IMPS,Axis Bank,IN,0,NORMAL_BANKING_FLOW
TX_AXIS_106762,AXIS_ACC_20074,AXIS_ACC_20040,8139.85,2026-01-10 14:49:36,TRANSFER,IMPS,Axis Bank,IN,0,NORMAL_BANKING_FLOW
TX_AXIS_106763,AXIS_ACC_20239,AXIS_ACC_20004,13322.73,2026-01-10 23:55:48,TRANSFER,IMPS,Axis Bank,IN,0,NORMAL_BANKING_FLOW
TX_AXIS_106764,AXIS_ACC_20182,AXIS_ACC_20112,52431.19,2026-01-10 22:01:38,SETTLEMENT,NEFT,Axis Bank,IN,0,NORMAL_BANKING_FLOW
TX_AXIS_106765,AXIS_ACC_20164,AXIS_ACC_20069,1183.23,2026-01-10 23:14:24,TRANSFER,IMPS,Axis Bank,IN,0,NORMAL_BANKING_FLOW
TX_AXIS_106766,AXIS_ACC_20039,AXIS_ACC_20128,14967.2,2026-01-10 20:51:05,SETTLEMENT,NEFT,Axis Bank,IN,0,NORMAL_BANKING_FLOW
TX_AXIS_106767,AXIS_ACC_20025,AXIS_ACC_20205,83749.6,2026-01-11 01:11:34,TRANSFER,IMPS,Axis Bank,IN,0,NORMAL_BANKING_FLOW
TX_AXIS_106768,AXIS_ACC_20086,AXIS_ACC_20200,13121.85,2026-01-10 20:23:33,TRANSFER,IMPS,Axis Bank,IN,0,NORMAL_BANKING_FLOW
TX_AXIS_106769,AXIS_ACC_20014,AXIS_ACC_20033,51563.69,2026-01-10 19:26:20,SETTLEMENT,NEFT,Axis Bank,IN,0,NORMAL_BANKING_FLOW
TX_AXIS_106770,AXIS_ACC_20057,PNB_ACC_20009,5275.28,2026-01-10 18:14:30,TRANSFER,IMPS,Axis Bank,IN,0,NORMAL_BANKING_FLOW
TX_AXIS_106771,AXIS_ACC_20119,AXIS_ACC_20218,9584.98,2026-01-10 20:11:00,TRANSFER,IMPS,Axis Bank,IN,0,NORMAL_BANKING_FLOW
TX_AXIS_106772,AXIS_ACC_20020,AXIS_ACC_20133,10234.55,2026-01-10 16:04:51,TRANSFER,IMPS,Axis Bank,IN,0,NORMAL_BANKING_FLOW
TX_AXIS_106773,AXIS_ACC_20211,AXIS_ACC_20237,1077.51,2026-01-10 23:21:12,SETTLEMENT,NEFT,Axis Bank,IN,0,NORMAL_BANKING_FLOW
TX_AXIS_106774,AXIS_ACC_20042,BOB_ACC_20225,3077.34,2026-01-10 22:38:24,SETTLEMENT,NEFT,Axis Bank,IN,0,NORMAL_BANKING_FLOW
TX_AXIS_106775,AXIS_ACC_20105,AXIS_ACC_20011,3304.78,2026-01-10 14:38:30,TRANSFER,IMPS,Axis Bank,IN,0,NORMAL_BANKING_FLOW
TX_AXIS_106776,AXIS_ACC_20029,KOTAK_ACC_20148,22517.91,2026-01-11 01:35:00,TRANSFER,IMPS,Axis Bank,IN,0,NORMAL_BANKING_FLOW
TX_AXIS_106777,AXIS_ACC_20141,AXIS_ACC_20070,23674.48,2026-01-10 16:35:48,TRANSFER,IMPS,Axis Bank,IN,0,NORMAL_BANKING_FLOW
TX_AXIS_106778,AXIS_ACC_20008,AXIS_ACC_20098,13684.74,2026-01-10 22:12:22,SETTLEMENT,NEFT,Axis Bank,IN,0,NORMAL_BANKING_FLOW
TX_AXIS_106779,AXIS_ACC_20083,AXIS_ACC_20101,22563.82,2026-01-10 17:35:06,TRANSFER,IMPS,Axis Bank,IN,0,NORMAL_BANKING_FLOW
TX_AXIS_106780,AXIS_ACC_20141,PNB_ACC_20077,8398.85,2026-01-11 00:11:06,TRANSFER,IMPS,Axis Bank,IN,0,NORMAL_BANKING_FLOW
TX_AXIS_106781,AXIS_ACC_20037,AXIS_ACC_20067,32923.16,2026-01-10 19:18:40,TRANSFER,IMPS,Axis Bank,IN,0,NORMAL_BANKING_FLOW
TX_AXIS_106782,AXIS_ACC_20064,AXIS_ACC_20215,9984.49,2026-01-11 01:26:19,TRANSFER,IMPS,Axis Bank,IN,0,NORMAL_BANKING_FLOW
TX_AXIS_106783,AXIS_ACC_20018,AXIS_ACC_20119,10486.71,2026-01-10 20:48:00,TRANSFER,IMPS,Axis Bank,IN,0,NORMAL_BANKING_FLOW
TX_AXIS_106784,AXIS_ACC_20076,AXIS_ACC_20057,7588.64,2026-01-10 18:21:30,TRANSFER,IMPS,Axis Bank,IN,0,NORMAL_BANKING_FLOW
TX_AXIS_106785,AXIS_ACC_20223,AXIS_ACC_20136,19622.86,2026-01-10 15:39:56,SETTLEMENT,NEFT,Axis Bank,IN,0,NORMAL_BANKING_FLOW
TX_AXIS_106786,AXIS_ACC_20097,AXIS_ACC_20162,6495.09,2026-01-10 15:10:45,SETTLEMENT,NEFT,Axis Bank,IN,0,NORMAL_BANKING_FLOW
TX_AXIS_106787,AXIS_ACC_20235,AXIS_ACC_20031,26276.53,2026-01-10 23:47:52,SETTLEMENT,NEFT,Axis Bank,IN,0,NORMAL_BANKING_FLOW
TX_AXIS_106788,AXIS_ACC_20171,AXIS_ACC_20001,3190.24,2026-01-11 00:03:31,SETTLEMENT,NEFT,Axis Bank,IN,0,NORMAL_BANKING_FLOW
TX_AXIS_106789,AXIS_ACC_20067,AXIS_ACC_20201,3298.04,2026-01-10 20:37:12,TRANSFER,IMPS,Axis Bank,IN,0,NORMAL_BANKING_FLOW
TX_AXIS_106790,AXIS_ACC_20145,HDFC_ACC_20212,19681.35,2026-01-10 15:56:20,SETTLEMENT,NEFT,Axis Bank,IN,0,NORMAL_BANKING_FLOW
TX_AXIS_106791,AXIS_ACC_20205,ICICI_ACC_20187,9058.47,2026-01-10 16:11:30,SETTLEMENT,NEFT,Axis Bank,IN,0,NORMAL_BANKING_FLOW
TX_AXIS_106792,AXIS_ACC_20096,ICICI_ACC_20227,6286.18,2026-01-10 19:39:45,SETTLEMENT,NEFT,Axis Bank,IN,0,NORMAL_BANKING_FLOW
TX_AXIS_106793,AXIS_ACC_20104,AXIS_ACC_20172,24102.18,2026-01-10 19:25:28,SETTLEMENT,NEFT,Axis Bank,IN,0,NORMAL_BANKING_FLOW
TX_AXIS_106794,AXIS_ACC_20248,AXIS_ACC_20067,5392.36,2026-01-10 17:56:44,TRANSFER,IMPS,Axis Bank,IN,0,NORMAL_BANKING_FLOW
TX_AXIS_106795,AXIS_ACC_20050,BOB_ACC_20026,8101.45,2026-01-10 15:58:00,TRANSFER,IMPS,Axis Bank,IN,0,NORMAL_BANKING_FLOW
TX_AXIS_106796,AXIS_ACC_20218,AXIS_ACC_20026,40103.86,2026-01-10 16:28:10,SETTLEMENT,NEFT,Axis Bank,IN,0,NORMAL_BANKING_FLOW
TX_AXIS_106797,AXIS_ACC_20087,KOTAK_ACC_20040,46126.47,2026-01-10 19:27:44,TRANSFER,IMPS,Axis Bank,IN,0,NORMAL_BANKING_FLOW
TX_AXIS_106798,AXIS_ACC_20113,SBI_ACC_20079,47686.24,2026-01-10 19:43:15,SETTLEMENT,NEFT,Axis Bank,IN,0,NORMAL_BANKING_FLOW
TX_AXIS_106799,AXIS_ACC_20128,AXIS_ACC_20000,7464.21,2026-01-10 19:28:52,TRANSFER,IMPS,Axis Bank,IN,0,NORMAL_BANKING_FLOW
TX_AXIS_106800,AXIS_ACC_20202,AXIS_ACC_20232,33884.16,2026-01-10 23:44:09,SETTLEMENT,NEFT,Axis Bank,IN,0,NORMAL_BANKING_FLOW
TX_AXIS_106801,AXIS_ACC_20075,AXIS_ACC_20129,3831.64,2026-01-10 20:45:00,TRANSFER,IMPS,Axis Bank,IN,0,NORMAL_BANKING_FLOW
TX_AXIS_106802,AXIS_ACC_20017,AXIS_ACC_20027,3996.19,2026-01-10 22:00:44,TRANSFER,IMPS,Axis Bank,IN,0,NORMAL_BANKING_FLOW
TX_AXIS_106803,AXIS_ACC_20090,YES_ACC_20069,943.45,2026-01-10 18:46:02,SETTLEMENT,NEFT,Axis Bank,IN,0,NORMAL_BANKING_FLOW
TX_AXIS_106804,AXIS_ACC_20242,CANARA_ACC_20083,52726.22,2026-01-10 19:46:45,TRANSFER,IMPS,Axis Bank,IN,0,NORMAL_BANKING_FLOW
TX_AXIS_106805,AXIS_ACC_20153,AXIS_ACC_20013,4171.45,2026-01-11 01:18:48,SETTLEMENT,NEFT,Axis Bank,IN,0,NORMAL_BANKING_FLOW
TX_AXIS_106806,AXIS_ACC_20006,AXIS_ACC_20220,8720.81,2026-01-10 22:03:40,SETTLEMENT,NEFT,Axis Bank,IN,0,NORMAL_BANKING_FLOW
TX_AXIS_106807,AXIS_ACC_20158,AXIS_ACC_20157,3982.54,2026-01-10 21:49:18,TRANSFER,IMPS,Axis Bank,IN,0,NORMAL_BANKING_FLOW
TX_AXIS_106808,AXIS_ACC_20154,KOTAK_ACC_20155,19834.24,2026-01-10 23:05:36,TRANSFER,IMPS,Axis Bank,IN,0,NORMAL_BANKING_FLOW
TX_AXIS_106809,AXIS_ACC_20100,PNB_ACC_20022,6797.88,2026-01-10 16:17:48,SETTLEMENT,NEFT,Axis Bank,IN,0,NORMAL_BANKING_FLOW
TX_AXIS_106810,AXIS_ACC_20103,HDFC_ACC_20001,2684.32,2026-01-10 17:33:54,SETTLEMENT,NEFT,Axis Bank,IN,0,NORMAL_BANKING_FLOW
TX_AXIS_106811,AXIS_ACC_20042,AXIS_ACC_20208,15392.91,2026-01-10 20:51:30,TRANSFER,IMPS,Axis Bank,IN,0,NORMAL_BANKING_FLOW
TX_AXIS_106812,AXIS_ACC_20240,AXIS_ACC_20165,2359.65,2026-01-10 21:52:53,TRANSFER,IMPS,Axis Bank,IN,0,NORMAL_BANKING_FLOW
TX_AXIS_106813,AXIS_ACC_20125,YES_ACC_20061,4283.79,2026-01-10 23:40:00,TRANSFER,IMPS,Axis Bank,IN,0,NORMAL_BANKING_FLOW
TX_AXIS_106814,AXIS_ACC_20009,AXIS_ACC_20137,1203.65,2026-01-10 16:04:20,SETTLEMENT,NEFT,Axis Bank,IN,0,NORMAL_BANKING_FLOW
TX_AXIS_106815,AXIS_ACC_20085,AXIS_ACC_20202,2382.82,2026-01-11 00:27:22,TRANSFER,IMPS,Axis Bank,IN,0,NORMAL_BANKING_FLOW
TX_AXIS_106816,AXIS_ACC_20057,AXIS_ACC_20100,11831.6,2026-01-10 16:20:15,TRANSFER,IMPS,Axis Bank,IN,0,NORMAL_BANKING_FLOW
TX_AXIS_106817,AXIS_ACC_20071,AXIS_ACC_20244,1387.78,2026-01-10 19:23:48,TRANSFER,IMPS,Axis Bank,IN,0,NORMAL_BANKING_FLOW
TX_AXIS_106818,AXIS_ACC_20153,AXIS_ACC_20143,2250.38,2026-01-10 23:13:36,TRANSFER,IMPS,Axis Bank,IN,0,NORMAL_BANKING_FLOW
TX_AXIS_106819,AXIS_ACC_20162,AXIS_ACC_20132,9873.71,2026-01-10 20:56:42,SETTLEMENT,NEFT,Axis Bank,IN,0,NORMAL_BANKING_FLOW
TX_AXIS_106820,AXIS_ACC_20064,AXIS_ACC_20120,5746.77,2026-01-11 00:16:28,TRANSFER,IMPS,Axis Bank,IN,0,NORMAL_BANKING_FLOW
TX_AXIS_106821,AXIS_ACC_20063,AXIS_ACC_20027,72550.39,2026-01-10 14:50:00,SETTLEMENT,NEFT,Axis Bank,IN,0,NORMAL_BANKING_FLOW
TX_AXIS_106822,AXIS_ACC_20235,CANARA_ACC_20001,61938.46,2026-01-10 15:05:36,SETTLEMENT,NEFT,Axis Bank,IN,0,NORMAL_BANKING_FLOW
TX_AXIS_106823,AXIS_ACC_20243,KOTAK_ACC_20167,4155.04,2026-01-10 15:51:58,TRANSFER,IMPS,Axis Bank,IN,0,NORMAL_BANKING_FLOW
TX_AXIS_106824,AXIS_ACC_20232,AXIS_ACC_20050,17277.11,2026-01-10 22:32:15,TRANSFER,IMPS,Axis Bank,IN,0,NORMAL_BANKING_FLOW
TX_AXIS_106825,AXIS_ACC_20239,AXIS_ACC_20135,20937.2,2026-01-10 17:55:48,SETTLEMENT,NEFT,Axis Bank,IN,0,NORMAL_BANKING_FLOW
TX_AXIS_106826,AXIS_ACC_20226,AXIS_ACC_20027,5445.37,2026-01-10 16:23:45,TRANSFER,IMPS,Axis Bank,IN,0,NORMAL_BANKING_FLOW
TX_AXIS_106827,AXIS_ACC_20108,SBI_ACC_20071,2218.22,2026-01-11 00:07:06,SETTLEMENT,NEFT,Axis Bank,IN,0,NORMAL_BANKING_FLOW
TX_AXIS_106828,AXIS_ACC_20236,AXIS_ACC_20073,9776.16,2026-01-11 00:54:18,TRANSFER,IMPS,Axis Bank,IN,0,NORMAL_BANKING_FLOW
TX_AXIS_106829,AXIS_ACC_20248,INDUS_ACC_20217,8326.13,2026-01-10 19:30:24,TRANSFER,IMPS,Axis Bank,IN,0,NORMAL_BANKING_FLOW
TX_AXIS_106830,AXIS_ACC_20071,AXIS_ACC_20059,6401.17,2026-01-11 00:25:08,TRANSFER,IMPS,Axis Bank,IN,0,NORMAL_BANKING_FLOW
TX_AXIS_106831,AXIS_ACC_20077,AXIS_ACC_20187,15402.99,2026-01-11 01:43:30,SETTLEMENT,NEFT,Axis Bank,IN,0,NORMAL_BANKING_FLOW
TX_AXIS_106832,AXIS_ACC_20236,AXIS_ACC_20241,4671.66,2026-01-10 21:36:11,SETTLEMENT,NEFT,Axis Bank,IN,0,NORMAL_BANKING_FLOW
TX_AXIS_106833,AXIS_ACC_20027,AXIS_ACC_20175,3127.54,2026-01-10 17:28:20,TRANSFER,IMPS,Axis Bank,IN,0,NORMAL_BANKING_FLOW
TX_AXIS_106834,AXIS_ACC_20186,AXIS_ACC_20062,11037.82,2026-01-10 15:08:48,SETTLEMENT,NEFT,Axis Bank,IN,0,NORMAL_BANKING_FLOW
TX_AXIS_106835,AXIS_ACC_20193,AXIS_ACC_20158,14559.08,2026-01-10 14:53:30,SETTLEMENT,NEFT,Axis Bank,IN,0,NORMAL_BANKING_FLOW
TX_AXIS_106836,AXIS_ACC_20149,AXIS_ACC_20161,3051.4,2026-01-11 02:19:25,SETTLEMENT,NEFT,Axis Bank,IN,0,NORMAL_BANKING_FLOW
TX_AXIS_106837,AXIS_ACC_20054,HDFC_ACC_20245,25036.51,2026-01-10 21:24:00,SETTLEMENT,NEFT,Axis Bank,IN,0,NORMAL_BANKING_FLOW
TX_AXIS_106838,AXIS_ACC_20212,AXIS_ACC_20026,1685.0,2026-01-11 01:03:18,TRANSFER,IMPS,Axis Bank,IN,0,NORMAL_BANKING_FLOW
TX_AXIS_106839,AXIS_ACC_20145,YES_ACC_20177,5551.85,2026-01-10 22:27:52,TRANSFER,IMPS,Axis Bank,IN,0,NORMAL_BANKING_FLOW
TX_AXIS_106840,AXIS_ACC_20126,ICICI_ACC_20237,7646.41,2026-01-10 17:15:36,TRANSFER,IMPS,Axis Bank,IN,0,NORMAL_BANKING_FLOW
TX_AXIS_106841,AXIS_ACC_20207,AXIS_ACC_20089,5238.43,2026-01-10 18:03:00,SETTLEMENT,NEFT,Axis Bank,IN,0,NORMAL_BANKING_FLOW
TX_AXIS_106842,AXIS_ACC_20084,KOTAK_ACC_20213,5624.79,2026-01-10 23:32:48,TRANSFER,IMPS,Axis Bank,IN,0,NORMAL_BANKING_FLOW
TX_AXIS_106843,AXIS_ACC_20122,AXIS_ACC_20099,64284.54,2026-01-11 01:07:48,TRANSFER,IMPS,Axis Bank,IN,0,NORMAL_BANKING_FLOW
TX_AXIS_106844,AXIS_ACC_20023,AXIS_ACC_20020,4226.44,2026-01-11 00:05:50,TRANSFER,IMPS,Axis Bank,IN,0,NORMAL_BANKING_FLOW
TX_AXIS_106845,AXIS_ACC_20051,CANARA_ACC_20234,113688.98,2026-01-10 18:52:00,TRANSFER,IMPS,Axis Bank,IN,0,NORMAL_BANKING_FLOW
TX_AXIS_106846,AXIS_ACC_20239,AXIS_ACC_20001,15323.25,2026-01-11 00:54:45,TRANSFER,IMPS,Axis Bank,IN,0,NORMAL_BANKING_FLOW
TX_AXIS_106847,AXIS_ACC_20164,AXIS_ACC_20224,10851.46,2026-01-10 20:59:08,TRANSFER,IMPS,Axis Bank,IN,0,NORMAL_BANKING_FLOW
TX_AXIS_106848,AXIS_ACC_20118,AXIS_ACC_20030,15934.48,2026-01-10 18:37:43,SETTLEMENT,NEFT,Axis Bank,IN,0,NORMAL_BANKING_FLOW
TX_AXIS_106849,AXIS_ACC_20034,AXIS_ACC_20101,124234.69,2026-01-11 02:48:00,TRANSFER,IMPS,Axis Bank,IN,0,NORMAL_BANKING_FLOW
TX_AXIS_106850,AXIS_ACC_20142,AXIS_ACC_20240,3664.35,2026-01-11 02:33:11,SETTLEMENT,NEFT,Axis Bank,IN,0,NORMAL_BANKING_FLOW
TX_AXIS_106851,AXIS_ACC_20100,AXIS_ACC_20053,3227.88,2026-01-10 21:01:40,SETTLEMENT,NEFT,Axis Bank,IN,0,NORMAL_BANKING_FLOW
TX_AXIS_106852,AXIS_ACC_20152,AXIS_ACC_20026,4652.38,2026-01-11 00:44:12,TRANSFER,IMPS,Axis Bank,IN,0,NORMAL_BANKING_FLOW
TX_AXIS_106853,AXIS_ACC_20160,AXIS_ACC_20092,10220.42,2026-01-10 19:43:36,SETTLEMENT,NEFT,Axis Bank,IN,0,NORMAL_BANKING_FLOW
TX_AXIS_106854,AXIS_ACC_20223,AXIS_ACC_20183,1762.04,2026-01-10 23:10:38,TRANSFER,IMPS,Axis Bank,IN,0,NORMAL_BANKING_FLOW
TX_AXIS_106855,AXIS_ACC_20033,AXIS_ACC_20216,10120.71,2026-01-10 18:57:00,TRANSFER,IMPS,Axis Bank,IN,0,NORMAL_BANKING_FLOW
TX_AXIS_106856,AXIS_ACC_20101,AXIS_ACC_20192,53827.9,2026-01-10 16:34:15,SETTLEMENT,NEFT,Axis Bank,IN,0,NORMAL_BANKING_FLOW
TX_AXIS_106857,AXIS_ACC_20092,AXIS_ACC_20155,11515.02,2026-01-11 00:48:32,SETTLEMENT,NEFT,Axis Bank,IN,0,NORMAL_BANKING_FLOW
TX_AXIS_106858,AXIS_ACC_20006,AXIS_ACC_20045,7385.8,2026-01-11 01:53:12,TRANSFER,IMPS,Axis Bank,IN,0,NORMAL_BANKING_FLOW
TX_AXIS_106859,AXIS_ACC_20001,AXIS_ACC_20021,5333.91,2026-01-10 21:22:42,SETTLEMENT,NEFT,Axis Bank,IN,0,NORMAL_BANKING_FLOW
TX_AXIS_106860,AXIS_ACC_20191,AXIS_ACC_20210,24306.81,2026-01-10 16:51:38,SETTLEMENT,NEFT,Axis Bank,IN,0,NORMAL_BANKING_FLOW
TX_AXIS_106861,AXIS_ACC_20106,AXIS_ACC_20150,4333.66,2026-01-10 20:20:00,TRANSFER,IMPS,Axis Bank,IN,0,NORMAL_BANKING_FLOW
TX_AXIS_106862,AXIS_ACC_20066,BOB_ACC_20020,62717.51,2026-01-10 22:44:44,TRANSFER,IMPS,Axis Bank,IN,0,NORMAL_BANKING_FLOW
TX_AXIS_106863,AXIS_ACC_20218,AXIS_ACC_20012,68415.85,2026-01-10 17:08:46,SETTLEMENT,NEFT,Axis Bank,IN,0,NORMAL_BANKING_FLOW
TX_AXIS_106864,AXIS_ACC_20131,AXIS_ACC_20196,12794.25,2026-01-11 02:30:54,SETTLEMENT,NEFT,Axis Bank,IN,0,NORMAL_BANKING_FLOW
TX_AXIS_106865,AXIS_ACC_20077,AXIS_ACC_20097,9783.82,2026-01-10 18:13:48,TRANSFER,IMPS,Axis Bank,IN,0,NORMAL_BANKING_FLOW
TX_AXIS_106866,AXIS_ACC_20195,AXIS_ACC_20244,27740.81,2026-01-11 00:40:15,SETTLEMENT,NEFT,Axis Bank,IN,0,NORMAL_BANKING_FLOW
TX_AXIS_106867,AXIS_ACC_20218,AXIS_ACC_20032,29578.37,2026-01-11 03:06:00,SETTLEMENT,NEFT,Axis Bank,IN,0,NORMAL_BANKING_FLOW
TX_AXIS_106868,AXIS_ACC_20055,AXIS_ACC_20068,4420.5,2026-01-10 18:15:09,SETTLEMENT,NEFT,Axis Bank,IN,0,NORMAL_BANKING_FLOW
TX_AXIS_106869,AXIS_ACC_20031,AXIS_ACC_20228,5845.6,2026-01-11 02:19:36,TRANSFER,IMPS,Axis Bank,IN,0,NORMAL_BANKING_FLOW
TX_AXIS_106870,AXIS_ACC_20062,AXIS_ACC_20106,2637.67,2026-01-10 22:50:36,SETTLEMENT,NEFT,Axis Bank,IN,0,NORMAL_BANKING_FLOW
TX_AXIS_106871,AXIS_ACC_20185,AXIS_ACC_20155,14899.23,2026-01-10 21:14:20,SETTLEMENT,NEFT,Axis Bank,IN,0,NORMAL_BANKING_FLOW
TX_AXIS_106872,AXIS_ACC_20018,BOB_ACC_20140,19276.23,2026-01-10 17:12:13,TRANSFER,IMPS,Axis Bank,IN,0,NORMAL_BANKING_FLOW
TX_AXIS_106873,AXIS_ACC_20005,AXIS_ACC_20193,2565.93,2026-01-10 17:12:36,SETTLEMENT,NEFT,Axis Bank,IN,0,NORMAL_BANKING_FLOW
TX_AXIS_106874,AXIS_ACC_20101,HDFC_ACC_20123,6277.96,2026-01-10 16:24:20,TRANSFER,IMPS,Axis Bank,IN,0,NORMAL_BANKING_FLOW
TX_AXIS_106875,AXIS_ACC_20161,AXIS_ACC_20184,2572.79,2026-01-10 21:33:06,TRANSFER,IMPS,Axis Bank,IN,0,NORMAL_BANKING_FLOW
TX_AXIS_106876,AXIS_ACC_20039,AXIS_ACC_20068,4028.7,2026-01-10 18:51:15,SETTLEMENT,NEFT,Axis Bank,IN,0,NORMAL_BANKING_FLOW
TX_AXIS_106877,AXIS_ACC_20111,AXIS_ACC_20108,17171.68,2026-01-10 16:57:52,SETTLEMENT,NEFT,Axis Bank,IN,0,NORMAL_BANKING_FLOW
TX_AXIS_106878,AXIS_ACC_20233,AXIS_ACC_20151,4752.94,2026-01-10 23:45:19,TRANSFER,IMPS,Axis Bank,IN,0,NORMAL_BANKING_FLOW
TX_AXIS_106879,AXIS_ACC_20118,AXIS_ACC_20003,7325.92,2026-01-10 16:09:42,TRANSFER,IMPS,Axis Bank,IN,0,NORMAL_BANKING_FLOW
TX_AXIS_106880,AXIS_ACC_20200,AXIS_ACC_20017,1944.36,2026-01-10 19:09:30,TRANSFER,IMPS,Axis Bank,IN,0,NORMAL_BANKING_FLOW
TX_AXIS_106881,AXIS_ACC_20058,AXIS_ACC_20088,11932.13,2026-01-11 03:20:00,TRANSFER,IMPS,Axis Bank,IN,0,NORMAL_BANKING_FLOW
TX_AXIS_106882,AXIS_ACC_20136,AXIS_ACC_20228,9468.51,2026-01-10 17:16:03,SETTLEMENT,NEFT,Axis Bank,IN,0,NORMAL_BANKING_FLOW
TX_AXIS_106883,AXIS_ACC_20206,AXIS_ACC_20026,4774.48,2026-01-11 02:00:10,SETTLEMENT,NEFT,Axis Bank,IN,0,NORMAL_BANKING_FLOW
TX_AXIS_106884,AXIS_ACC_20154,AXIS_ACC_20149,8192.59,2026-01-10 18:05:58,TRANSFER,IMPS,Axis Bank,IN,0,NORMAL_BANKING_FLOW
TX_AXIS_106885,AXIS_ACC_20159,AXIS_ACC_20217,11852.51,2026-01-10 19:28:24,SETTLEMENT,NEFT,Axis Bank,IN,0,NORMAL_BANKING_FLOW
TX_AXIS_106886,AXIS_ACC_20080,AXIS_ACC_20158,4381.44,2026-01-10 17:50:25,SETTLEMENT,NEFT,Axis Bank,IN,0,NORMAL_BANKING_FLOW
TX_AXIS_106887,AXIS_ACC_20066,AXIS_ACC_20134,2261.4,2026-01-10 22:13:46,SETTLEMENT,NEFT,Axis Bank,IN,0,NORMAL_BANKING_FLOW
TX_AXIS_106888,AXIS_ACC_20063,YES_ACC_20196,60208.84,2026-01-10 19:46:24,SETTLEMENT,NEFT,Axis Bank,IN,0,NORMAL_BANKING_FLOW
TX_AXIS_106889,AXIS_ACC_20111,AXIS_ACC_20224,5253.91,2026-01-11 03:28:00,SETTLEMENT,NEFT,Axis Bank,IN,0,NORMAL_BANKING_FLOW
TX_AXIS_106890,AXIS_ACC_20200,KOTAK_ACC_20011,8984.35,2026-01-10 17:02:38,TRANSFER,IMPS,Axis Bank,IN,0,NORMAL_BANKING_FLOW
TX_AXIS_106891,AXIS_ACC_20154,SBI_ACC_20082,27196.4,2026-01-10 22:33:00,TRANSFER,IMPS,Axis Bank,IN,0,NORMAL_BANKING_FLOW
TX_AXIS_106892,AXIS_ACC_20021,INDUS_ACC_20179,337410.37,2026-01-11 00:45:50,TRANSFER,IMPS,Axis Bank,IN,0,NORMAL_BANKING_FLOW
TX_AXIS_106893,AXIS_ACC_20168,SBI_ACC_20197,2851.25,2026-01-10 21:11:44,TRANSFER,IMPS,Axis Bank,IN,0,NORMAL_BANKING_FLOW
TX_AXIS_106894,AXIS_ACC_20178,CANARA_ACC_20135,15519.11,2026-01-11 02:10:15,SETTLEMENT,NEFT,Axis Bank,IN,0,NORMAL_BANKING_FLOW
TX_AXIS_106895,AXIS_ACC_20013,AXIS_ACC_20092,4877.79,2026-01-10 23:25:30,SETTLEMENT,NEFT,Axis Bank,IN,0,NORMAL_BANKING_FLOW
TX_AXIS_106896,AXIS_ACC_20038,AXIS_ACC_20187,5774.52,2026-01-11 01:05:45,TRANSFER,IMPS,Axis Bank,IN,0,NORMAL_BANKING_FLOW
TX_AXIS_106897,AXIS_ACC_20244,AXIS_ACC_20043,4816.43,2026-01-10 19:51:12,SETTLEMENT,NEFT,Axis Bank,IN,0,NORMAL_BANKING_FLOW
TX_AXIS_106898,AXIS_ACC_20226,YES_ACC_20101,3211.02,2026-01-10 17:05:34,TRANSFER,IMPS,Axis Bank,IN,0,NORMAL_BANKING_FLOW
TX_AXIS_106899,AXIS_ACC_20048,AXIS_ACC_20077,9496.79,2026-01-10 15:26:08,TRANSFER,IMPS,Axis Bank,IN,0,NORMAL_BANKING_FLOW
TX_AXIS_106900,AXIS_ACC_20001,AXIS_ACC_20082,2265.38,2026-01-10 16:16:21,TRANSFER,IMPS,Axis Bank,IN,0,NORMAL_BANKING_FLOW
TX_AXIS_106901,AXIS_ACC_20150,AXIS_ACC_20125,25509.53,2026-01-10 21:16:40,SETTLEMENT,NEFT,Axis Bank,IN,0,NORMAL_BANKING_FLOW
TX_AXIS_106902,AXIS_ACC_20184,AXIS_ACC_20235,10456.75,2026-01-10 23:14:04,SETTLEMENT,NEFT,Axis Bank,IN,0,NORMAL_BANKING_FLOW
TX_AXIS_106903,AXIS_ACC_20212,AXIS_ACC_20125,15099.77,2026-01-11 01:11:42,TRANSFER,IMPS,Axis Bank,IN,0,NORMAL_BANKING_FLOW
TX_AXIS_106904,AXIS_ACC_20088,AXIS_ACC_20247,6209.35,2026-01-11 01:29:16,TRANSFER,IMPS,Axis Bank,IN,0,NORMAL_BANKING_FLOW
TX_AXIS_106905,AXIS_ACC_20065,PNB_ACC_20174,6855.43,2026-01-11 02:37:04,SETTLEMENT,NEFT,Axis Bank,IN,0,NORMAL_BANKING_FLOW
TX_AXIS_106906,AXIS_ACC_20122,AXIS_ACC_20100,13194.61,2026-01-10 16:35:00,TRANSFER,IMPS,Axis Bank,IN,0,NORMAL_BANKING_FLOW
TX_AXIS_106907,AXIS_ACC_20181,AXIS_ACC_20037,3090.07,2026-01-10 23:17:44,TRANSFER,IMPS,Axis Bank,IN,0,NORMAL_BANKING_FLOW
TX_AXIS_106908,AXIS_ACC_20167,AXIS_ACC_20110,6918.88,2026-01-10 21:20:59,TRANSFER,IMPS,Axis Bank,IN,0,NORMAL_BANKING_FLOW
TX_AXIS_106909,AXIS_ACC_20093,PNB_ACC_20186,4189.71,2026-01-10 16:52:48,TRANSFER,IMPS,Axis Bank,IN,0,NORMAL_BANKING_FLOW
TX_AXIS_106910,AXIS_ACC_20007,BOB_ACC_20010,4062.0,2026-01-10 18:00:25,TRANSFER,IMPS,Axis Bank,IN,0,NORMAL_BANKING_FLOW
TX_AXIS_106911,AXIS_ACC_20063,AXIS_ACC_20243,1200.1,2026-01-10 21:39:40,TRANSFER,IMPS,Axis Bank,IN,0,NORMAL_BANKING_FLOW
TX_AXIS_106912,AXIS_ACC_20147,PNB_ACC_20163,37772.12,2026-01-11 00:11:57,SETTLEMENT,NEFT,Axis Bank,IN,0,NORMAL_BANKING_FLOW
TX_AXIS_106913,AXIS_ACC_20119,AXIS_ACC_20233,4981.38,2026-01-11 01:03:20,TRANSFER,IMPS,Axis Bank,IN,0,NORMAL_BANKING_FLOW
TX_AXIS_106914,AXIS_ACC_20010,BOB_ACC_20134,31677.95,2026-01-10 18:02:05,SETTLEMENT,NEFT,Axis Bank,IN,0,NORMAL_BANKING_FLOW
TX_AXIS_106915,AXIS_ACC_20162,AXIS_ACC_20184,28819.06,2026-01-10 18:36:18,TRANSFER,IMPS,Axis Bank,IN,0,NORMAL_BANKING_FLOW
TX_AXIS_106916,AXIS_ACC_20195,BOB_ACC_20089,2735.31,2026-01-10 22:50:30,SETTLEMENT,NEFT,Axis Bank,IN,0,NORMAL_BANKING_FLOW
TX_AXIS_106917,AXIS_ACC_20120,AXIS_ACC_20016,3332.87,2026-01-10 17:46:24,TRANSFER,IMPS,Axis Bank,IN,0,NORMAL_BANKING_FLOW
TX_AXIS_106918,AXIS_ACC_20005,AXIS_ACC_20036,128091.86,2026-01-11 02:15:18,TRANSFER,IMPS,Axis Bank,IN,0,NORMAL_BANKING_FLOW
TX_AXIS_106919,AXIS_ACC_20212,AXIS_ACC_20111,57006.81,2026-01-11 00:51:22,TRANSFER,IMPS,Axis Bank,IN,0,NORMAL_BANKING_FLOW
TX_AXIS_106920,AXIS_ACC_20125,AXIS_ACC_20110,9590.05,2026-01-11 03:25:02,SETTLEMENT,NEFT,Axis Bank,IN,0,NORMAL_BANKING_FLOW
TX_AXIS_106921,AXIS_ACC_20083,AXIS_ACC_20160,12802.21,2026-01-10 18:56:00,SETTLEMENT,NEFT,Axis Bank,IN,0,NORMAL_BANKING_FLOW
TX_AXIS_106922,AXIS_ACC_20023,AXIS_ACC_20004,5266.67,2026-01-10 20:55:35,TRANSFER,IMPS,Axis Bank,IN,0,NORMAL_BANKING_FLOW
TX_AXIS_106923,AXIS_ACC_20226,AXIS_ACC_20131,15250.27,2026-01-10 15:32:32,SETTLEMENT,NEFT,Axis Bank,IN,0,NORMAL_BANKING_FLOW
TX_AXIS_106924,AXIS_ACC_20176,AXIS_ACC_20065,4831.05,2026-01-10 17:15:06,SETTLEMENT,NEFT,Axis Bank,IN,0,NORMAL_BANKING_FLOW
TX_AXIS_106925,AXIS_ACC_20109,KOTAK_ACC_20176,1296.79,2026-01-11 04:04:00,TRANSFER,IMPS,Axis Bank,IN,0,NORMAL_BANKING_FLOW
TX_AXIS_106926,AXIS_ACC_20107,AXIS_ACC_20116,2639.76,2026-01-10 16:07:30,TRANSFER,IMPS,Axis Bank,IN,0,NORMAL_BANKING_FLOW
TX_AXIS_106927,AXIS_ACC_20082,AXIS_ACC_20191,10108.1,2026-01-10 17:33:18,TRANSFER,IMPS,Axis Bank,IN,0,NORMAL_BANKING_FLOW
TX_AXIS_106928,AXIS_ACC_20000,KOTAK_ACC_20171,3193.69,2026-01-11 02:58:32,TRANSFER,IMPS,Axis Bank,IN,0,NORMAL_BANKING_FLOW
TX_AXIS_106929,AXIS_ACC_20224,PNB_ACC_20050,9253.18,2026-01-10 20:08:16,SETTLEMENT,NEFT,Axis Bank,IN,0,NORMAL_BANKING_FLOW
TX_AXIS_106930,AXIS_ACC_20052,AXIS_ACC_20112,3379.01,2026-01-10 23:34:36,TRANSFER,IMPS,Axis Bank,IN,0,NORMAL_BANKING_FLOW
TX_AXIS_106931,AXIS_ACC_20244,AXIS_ACC_20221,4526.24,2026-01-11 01:35:30,TRANSFER,IMPS,Axis Bank,IN,0,NORMAL_BANKING_FLOW
TX_AXIS_106932,AXIS_ACC_20106,KOTAK_ACC_20031,23229.2,2026-01-11 02:10:43,TRANSFER,IMPS,Axis Bank,IN,0,NORMAL_BANKING_FLOW
TX_AXIS_106933,AXIS_ACC_20200,AXIS_ACC_20098,12676.19,2026-01-10 23:02:24,SETTLEMENT,NEFT,Axis Bank,IN,0,NORMAL_BANKING_FLOW
TX_AXIS_106934,AXIS_ACC_20173,AXIS_ACC_20063,9801.94,2026-01-11 01:20:50,TRANSFER,IMPS,Axis Bank,IN,0,NORMAL_BANKING_FLOW
TX_AXIS_106935,AXIS_ACC_20065,AXIS_ACC_20233,23836.28,2026-01-10 19:02:32,SETTLEMENT,NEFT,Axis Bank,IN,0,NORMAL_BANKING_FLOW
TX_AXIS_106936,AXIS_ACC_20004,AXIS_ACC_20112,16004.23,2026-01-10 19:54:45,TRANSFER,IMPS,Axis Bank,IN,0,NORMAL_BANKING_FLOW
TX_AXIS_106937,AXIS_ACC_20118,AXIS_ACC_20176,42047.84,2026-01-10 22:30:40,TRANSFER,IMPS,Axis Bank,IN,0,NORMAL_BANKING_FLOW
TX_AXIS_106938,AXIS_ACC_20201,BOB_ACC_20007,6248.78,2026-01-11 01:06:53,TRANSFER,IMPS,Axis Bank,IN,0,NORMAL_BANKING_FLOW
TX_AXIS_106939,AXIS_ACC_20167,AXIS_ACC_20104,6440.52,2026-01-10 17:03:18,TRANSFER,IMPS,Axis Bank,IN,0,NORMAL_BANKING_FLOW
TX_AXIS_106940,AXIS_ACC_20242,AXIS_ACC_20177,2694.29,2026-01-10 20:48:46,TRANSFER,IMPS,Axis Bank,IN,0,NORMAL_BANKING_FLOW
TX_AXIS_106941,AXIS_ACC_20150,AXIS_ACC_20024,6444.74,2026-01-10 18:13:20,TRANSFER,IMPS,Axis Bank,IN,0,NORMAL_BANKING_FLOW
TX_AXIS_106942,AXIS_ACC_20081,YES_ACC_20157,25971.89,2026-01-10 17:21:42,TRANSFER,IMPS,Axis Bank,IN,0,NORMAL_BANKING_FLOW
TX_AXIS_106943,AXIS_ACC_20106,AXIS_ACC_20185,36315.04,2026-01-11 01:45:42,SETTLEMENT,NEFT,Axis Bank,IN,0,NORMAL_BANKING_FLOW
TX_AXIS_106944,AXIS_ACC_20214,AXIS_ACC_20084,25856.19,2026-01-10 18:49:21,TRANSFER,IMPS,Axis Bank,IN,0,NORMAL_BANKING_FLOW
TX_AXIS_106945,AXIS_ACC_20062,AXIS_ACC_20034,1645.51,2026-01-10 22:01:12,TRANSFER,IMPS,Axis Bank,IN,0,NORMAL_BANKING_FLOW
TX_AXIS_106946,AXIS_ACC_20141,INDUS_ACC_20128,29235.68,2026-01-11 03:32:45,SETTLEMENT,NEFT,Axis Bank,IN,0,NORMAL_BANKING_FLOW
TX_AXIS_106947,AXIS_ACC_20116,AXIS_ACC_20163,1574.17,2026-01-11 01:31:40,TRANSFER,IMPS,Axis Bank,IN,0,NORMAL_BANKING_FLOW
TX_AXIS_106948,AXIS_ACC_20235,AXIS_ACC_20014,24297.22,2026-01-10 20:53:18,TRANSFER,IMPS,Axis Bank,IN,0,NORMAL_BANKING_FLOW
TX_AXIS_106949,AXIS_ACC_20078,AXIS_ACC_20104,6851.45,2026-01-11 04:10:32,SETTLEMENT,NEFT,Axis Bank,IN,0,NORMAL_BANKING_FLOW
TX_AXIS_106950,AXIS_ACC_20191,KOTAK_ACC_20152,19980.92,2026-01-10 18:34:34,SETTLEMENT,NEFT,Axis Bank,IN,0,NORMAL_BANKING_FLOW
TX_AXIS_106951,AXIS_ACC_20027,AXIS_ACC_20235,2611.16,2026-01-10 22:05:00,TRANSFER,IMPS,Axis Bank,IN,0,NORMAL_BANKING_FLOW
TX_AXIS_106952,AXIS_ACC_20209,AXIS_ACC_20129,31925.73,2026-01-10 21:30:36,SETTLEMENT,NEFT,Axis Bank,IN,0,NORMAL_BANKING_FLOW
TX_AXIS_106953,AXIS_ACC_20046,AXIS_ACC_20181,2287.07,2026-01-11 03:56:56,TRANSFER,IMPS,Axis Bank,IN,0,NORMAL_BANKING_FLOW
TX_AXIS_106954,AXIS_ACC_20045,AXIS_ACC_20057,5072.28,2026-01-11 01:19:57,TRANSFER,IMPS,Axis Bank,IN,0,NORMAL_BANKING_FLOW
TX_AXIS_106955,AXIS_ACC_20070,AXIS_ACC_20004,3647.89,2026-01-10 16:51:20,SETTLEMENT,NEFT,Axis Bank,IN,0,NORMAL_BANKING_FLOW
TX_AXIS_106956,AXIS_ACC_20232,BOB_ACC_20228,1712.51,2026-01-10 19:47:30,TRANSFER,IMPS,Axis Bank,IN,0,NORMAL_BANKING_FLOW
TX_AXIS_106957,AXIS_ACC_20194,AXIS_ACC_20030,10878.33,2026-01-11 00:47:12,TRANSFER,IMPS,Axis Bank,IN,0,NORMAL_BANKING_FLOW
TX_AXIS_106958,AXIS_ACC_20204,PNB_ACC_20211,60239.83,2026-01-11 01:23:13,TRANSFER,IMPS,Axis Bank,IN,0,NORMAL_BANKING_FLOW
TX_AXIS_106959,AXIS_ACC_20228,AXIS_ACC_20246,142472.63,2026-01-10 17:45:34,TRANSFER,IMPS,Axis Bank,IN,0,NORMAL_BANKING_FLOW
TX_AXIS_106960,AXIS_ACC_20177,INDUS_ACC_20152,10906.95,2026-01-11 04:21:21,TRANSFER,IMPS,Axis Bank,IN,0,NORMAL_BANKING_FLOW
TX_AXIS_106961,AXIS_ACC_20188,YES_ACC_20113,30232.76,2026-01-10 18:39:20,TRANSFER,IMPS,Axis Bank,IN,0,NORMAL_BANKING_FLOW
TX_AXIS_106962,AXIS_ACC_20153,AXIS_ACC_20219,12482.65,2026-01-10 21:18:55,TRANSFER,IMPS,Axis Bank,IN,0,NORMAL_BANKING_FLOW
TX_AXIS_106963,AXIS_ACC_20048,BOB_ACC_20057,16299.39,2026-01-10 16:54:00,TRANSFER,IMPS,Axis Bank,IN,0,NORMAL_BANKING_FLOW
TX_AXIS_106964,AXIS_ACC_20194,AXIS_ACC_20105,7029.36,2026-01-10 15:43:28,SETTLEMENT,NEFT,Axis Bank,IN,0,NORMAL_BANKING_FLOW
TX_AXIS_106965,AXIS_ACC_20064,AXIS_ACC_20223,12029.01,2026-01-10 18:05:36,TRANSFER,IMPS,Axis Bank,IN,0,NORMAL_BANKING_FLOW
TX_AXIS_106966,AXIS_ACC_20099,AXIS_ACC_20146,16940.77,2026-01-11 04:09:30,TRANSFER,IMPS,Axis Bank,IN,0,NORMAL_BANKING_FLOW
TX_AXIS_106967,AXIS_ACC_20146,AXIS_ACC_20243,5549.93,2026-01-10 21:57:22,SETTLEMENT,NEFT,Axis Bank,IN,0,NORMAL_BANKING_FLOW
TX_AXIS_106968,AXIS_ACC_20027,ICICI_ACC_20046,9159.12,2026-01-10 16:02:19,SETTLEMENT,NEFT,Axis Bank,IN,0,NORMAL_BANKING_FLOW
TX_AXIS_106969,AXIS_ACC_20051,AXIS_ACC_20134,9335.41,2026-01-10 17:31:36,SETTLEMENT,NEFT,Axis Bank,IN,0,NORMAL_BANKING_FLOW
TX_AXIS_106970,AXIS_ACC_20015,AXIS_ACC_20132,22615.78,2026-01-11 02:44:17,SETTLEMENT,NEFT,Axis Bank,IN,0,NORMAL_BANKING_FLOW
TX_AXIS_106971,AXIS_ACC_20110,AXIS_ACC_20018,3408.3,2026-01-10 19:01:30,TRANSFER,IMPS,Axis Bank,IN,0,NORMAL_BANKING_FLOW
TX_AXIS_106972,AXIS_ACC_20162,AXIS_ACC_20132,9399.93,2026-01-10 17:50:33,SETTLEMENT,NEFT,Axis Bank,IN,0,NORMAL_BANKING_FLOW
TX_AXIS_106973,AXIS_ACC_20058,AXIS_ACC_20236,66970.36,2026-01-11 02:29:04,SETTLEMENT,NEFT,Axis Bank,IN,0,NORMAL_BANKING_FLOW
TX_AXIS_106974,AXIS_ACC_20231,AXIS_ACC_20029,31699.63,2026-01-11 00:42:38,TRANSFER,IMPS,Axis Bank,IN,0,NORMAL_BANKING_FLOW
TX_AXIS_106975,AXIS_ACC_20146,AXIS_ACC_20164,38146.11,2026-01-10 19:57:00,SETTLEMENT,NEFT,Axis Bank,IN,0,NORMAL_BANKING_FLOW
TX_AXIS_106976,AXIS_ACC_20220,ICICI_ACC_20119,10141.91,2026-01-11 00:26:15,TRANSFER,IMPS,Axis Bank,IN,0,NORMAL_BANKING_FLOW
TX_AXIS_106977,AXIS_ACC_20237,AXIS_ACC_20100,13643.21,2026-01-10 17:16:36,SETTLEMENT,NEFT,Axis Bank,IN,0,NORMAL_BANKING_FLOW
TX_AXIS_106978,AXIS_ACC_20219,KOTAK_ACC_20133,26963.41,2026-01-10 16:23:06,SETTLEMENT,NEFT,Axis Bank,IN,0,NORMAL_BANKING_FLOW
TX_AXIS_106979,AXIS_ACC_20138,INDUS_ACC_20225,47110.7,2026-01-11 04:22:04,TRANSFER,IMPS,Axis Bank,IN,0,NORMAL_BANKING_FLOW
TX_AXIS_106980,AXIS_ACC_20187,AXIS_ACC_20242,1405.85,2026-01-10 18:11:36,TRANSFER,IMPS,Axis Bank,IN,0,NORMAL_BANKING_FLOW
TX_AXIS_106981,AXIS_ACC_20131,AXIS_ACC_20167,2655.95,2026-01-11 02:00:00,SETTLEMENT,NEFT,Axis Bank,IN,0,NORMAL_BANKING_FLOW
TX_AXIS_106982,AXIS_ACC_20196,AXIS_ACC_20060,36660.09,2026-01-10 17:18:21,TRANSFER,IMPS,Axis Bank,IN,0,NORMAL_BANKING_FLOW
TX_AXIS_106983,AXIS_ACC_20178,AXIS_ACC_20183,7503.39,2026-01-11 02:19:42,TRANSFER,IMPS,Axis Bank,IN,0,NORMAL_BANKING_FLOW
TX_AXIS_106984,AXIS_ACC_20001,AXIS_ACC_20128,5055.74,2026-01-11 02:20:33,TRANSFER,IMPS,Axis Bank,IN,0,NORMAL_BANKING_FLOW
TX_AXIS_106985,AXIS_ACC_20149,PNB_ACC_20200,2823.8,2026-01-11 02:39:28,TRANSFER,IMPS,Axis Bank,IN,0,NORMAL_BANKING_FLOW
TX_AXIS_106986,AXIS_ACC_20175,PNB_ACC_20222,5681.57,2026-01-10 20:38:40,TRANSFER,IMPS,Axis Bank,IN,0,NORMAL_BANKING_FLOW
TX_AXIS_106987,AXIS_ACC_20217,CANARA_ACC_20103,2434.83,2026-01-10 21:15:24,TRANSFER,IMPS,Axis Bank,IN,0,NORMAL_BANKING_FLOW
TX_AXIS_106988,AXIS_ACC_20043,ICICI_ACC_20098,80105.06,2026-01-11 02:42:04,SETTLEMENT,NEFT,Axis Bank,IN,0,NORMAL_BANKING_FLOW
TX_AXIS_106989,AXIS_ACC_20087,AXIS_ACC_20059,9677.55,2026-01-11 03:37:20,SETTLEMENT,NEFT,Axis Bank,IN,0,NORMAL_BANKING_FLOW
TX_AXIS_106990,AXIS_ACC_20212,AXIS_ACC_20145,9339.89,2026-01-10 21:17:06,SETTLEMENT,NEFT,Axis Bank,IN,0,NORMAL_BANKING_FLOW
TX_AXIS_106991,AXIS_ACC_20007,PNB_ACC_20063,17820.0,2026-01-10 17:21:30,SETTLEMENT,NEFT,Axis Bank,IN,0,NORMAL_BANKING_FLOW
TX_AXIS_106992,AXIS_ACC_20235,AXIS_ACC_20236,25908.99,2026-01-10 21:54:36,TRANSFER,IMPS,Axis Bank,IN,0,NORMAL_BANKING_FLOW
TX_AXIS_106993,AXIS_ACC_20244,AXIS_ACC_20181,25486.09,2026-01-11 03:22:48,TRANSFER,IMPS,Axis Bank,IN,0,NORMAL_BANKING_FLOW
TX_AXIS_106994,AXIS_ACC_20118,YES_ACC_20093,28958.58,2026-01-11 02:29:03,SETTLEMENT,NEFT,Axis Bank,IN,0,NORMAL_BANKING_FLOW
TX_AXIS_106995,AXIS_ACC_20115,AXIS_ACC_20057,5266.67,2026-01-11 01:16:58,SETTLEMENT,NEFT,Axis Bank,IN,0,NORMAL_BANKING_FLOW
TX_AXIS_106996,AXIS_ACC_20106,AXIS_ACC_20205,7347.63,2026-01-11 04:38:30,TRANSFER,IMPS,Axis Bank,IN,0,NORMAL_BANKING_FLOW
TX_AXIS_106997,AXIS_ACC_20122,AXIS_ACC_20211,21354.8,2026-01-11 02:13:20,TRANSFER,IMPS,Axis Bank,IN,0,NORMAL_BANKING_FLOW
TX_AXIS_106998,AXIS_ACC_20173,AXIS_ACC_20216,5840.73,2026-01-10 19:31:56,SETTLEMENT,NEFT,Axis Bank,IN,0,NORMAL_BANKING_FLOW
TX_AXIS_106999,AXIS_ACC_20113,AXIS_ACC_20025,9846.72,2026-01-11 04:59:42,TRANSFER,IMPS,Axis Bank,IN,0,NORMAL_BANKING_FLOW
TX_AXIS_107000,AXIS_ACC_20119,HDFC_ACC_20225,14746.54,2026-01-11 04:42:22,SETTLEMENT,NEFT,Axis Bank,IN,0,NORMAL_BANKING_FLOW
TX_AXIS_107001,AXIS_ACC_20049,AXIS_ACC_20006,21702.55,2026-01-11 04:43:20,SETTLEMENT,NEFT,Axis Bank,IN,0,NORMAL_BANKING_FLOW
TX_AXIS_107002,AXIS_ACC_20125,AXIS_ACC_20055,1672.91,2026-01-11 04:07:36,SETTLEMENT,NEFT,Axis Bank,IN,0,NORMAL_BANKING_FLOW
TX_AXIS_107003,AXIS_ACC_20038,AXIS_ACC_20184,20226.43,2026-01-10 22:56:18,TRANSFER,IMPS,Axis Bank,IN,0,NORMAL_BANKING_FLOW
TX_AXIS_107004,AXIS_ACC_20072,AXIS_ACC_20232,7834.37,2026-01-11 05:23:00,TRANSFER,IMPS,Axis Bank,IN,0,NORMAL_BANKING_FLOW
TX_AXIS_107005,AXIS_ACC_20150,AXIS_ACC_20033,20079.56,2026-01-10 19:16:48,TRANSFER,IMPS,Axis Bank,IN,0,NORMAL_BANKING_FLOW
TX_AXIS_107006,AXIS_ACC_20196,AXIS_ACC_20047,21524.17,2026-01-11 02:20:50,TRANSFER,IMPS,Axis Bank,IN,0,NORMAL_BANKING_FLOW
TX_AXIS_107007,AXIS_ACC_20246,AXIS_ACC_20210,49410.34,2026-01-10 19:54:34,TRANSFER,IMPS,Axis Bank,IN,0,NORMAL_BANKING_FLOW
TX_AXIS_107008,AXIS_ACC_20080,AXIS_ACC_20118,38309.52,2026-01-11 04:50:06,SETTLEMENT,NEFT,Axis Bank,IN,0,NORMAL_BANKING_FLOW
TX_AXIS_107009,AXIS_ACC_20171,HDFC_ACC_20072,38046.78,2026-01-10 20:14:00,TRANSFER,IMPS,Axis Bank,IN,0,NORMAL_BANKING_FLOW
TX_AXIS_107010,AXIS_ACC_20067,AXIS_ACC_20013,41926.37,2026-01-11 03:38:06,TRANSFER,IMPS,Axis Bank,IN,0,NORMAL_BANKING_FLOW
TX_AXIS_107011,AXIS_ACC_20032,AXIS_ACC_20124,13245.05,2026-01-10 19:19:30,TRANSFER,IMPS,Axis Bank,IN,0,NORMAL_BANKING_FLOW
TX_AXIS_107012,AXIS_ACC_20108,INDUS_ACC_20226,10220.85,2026-01-11 01:11:46,TRANSFER,IMPS,Axis Bank,IN,0,NORMAL_BANKING_FLOW
TX_AXIS_107013,AXIS_ACC_20181,AXIS_ACC_20094,23690.21,2026-01-10 16:15:04,TRANSFER,IMPS,Axis Bank,IN,0,NORMAL_BANKING_FLOW
TX_AXIS_107014,AXIS_ACC_20010,ICICI_ACC_20009,20580.12,2026-01-10 22:26:21,SETTLEMENT,NEFT,Axis Bank,IN,0,NORMAL_BANKING_FLOW
TX_AXIS_107015,AXIS_ACC_20120,AXIS_ACC_20049,7265.8,2026-01-10 16:15:38,TRANSFER,IMPS,Axis Bank,IN,0,NORMAL_BANKING_FLOW
TX_AXIS_107016,AXIS_ACC_20067,INDUS_ACC_20144,14836.17,2026-01-10 23:41:55,SETTLEMENT,NEFT,Axis Bank,IN,0,NORMAL_BANKING_FLOW
TX_AXIS_107017,AXIS_ACC_20204,AXIS_ACC_20196,9555.8,2026-01-10 20:55:12,SETTLEMENT,NEFT,Axis Bank,IN,0,NORMAL_BANKING_FLOW
TX_AXIS_107018,AXIS_ACC_20144,AXIS_ACC_20170,4213.58,2026-01-10 18:45:25,TRANSFER,IMPS,Axis Bank,IN,0,NORMAL_BANKING_FLOW
TX_AXIS_107019,AXIS_ACC_20162,AXIS_ACC_20174,35970.73,2026-01-11 03:27:34,TRANSFER,IMPS,Axis Bank,IN,0,NORMAL_BANKING_FLOW
TX_AXIS_107020,AXIS_ACC_20083,AXIS_ACC_20189,10458.8,2026-01-10 15:39:45,SETTLEMENT,NEFT,Axis Bank,IN,0,NORMAL_BANKING_FLOW
TX_AXIS_107021,AXIS_ACC_20039,AXIS_ACC_20038,76780.67,2026-01-10 23:26:40,TRANSFER,IMPS,Axis Bank,IN,0,NORMAL_BANKING_FLOW
TX_AXIS_107022,AXIS_ACC_20167,SBI_ACC_20093,1947.9,2026-01-11 02:15:29,SETTLEMENT,NEFT,Axis Bank,IN,0,NORMAL_BANKING_FLOW
TX_AXIS_107023,AXIS_ACC_20107,AXIS_ACC_20090,5671.57,2026-01-10 23:09:18,TRANSFER,IMPS,Axis Bank,IN,0,NORMAL_BANKING_FLOW
TX_AXIS_107024,AXIS_ACC_20239,AXIS_ACC_20094,10225.49,2026-01-10 20:21:30,SETTLEMENT,NEFT,Axis Bank,IN,0,NORMAL_BANKING_FLOW
TX_AXIS_107025,AXIS_ACC_20087,AXIS_ACC_20013,30865.09,2026-01-10 21:55:40,SETTLEMENT,NEFT,Axis Bank,IN,0,NORMAL_BANKING_FLOW
TX_AXIS_107026,AXIS_ACC_20054,YES_ACC_20001,14756.95,2026-01-10 18:11:15,SETTLEMENT,NEFT,Axis Bank,IN,0,NORMAL_BANKING_FLOW
TX_AXIS_107027,AXIS_ACC_20196,AXIS_ACC_20206,13500.38,2026-01-11 01:23:16,TRANSFER,IMPS,Axis Bank,IN,0,NORMAL_BANKING_FLOW
TX_AXIS_107028,AXIS_ACC_20203,AXIS_ACC_20165,3205.86,2026-01-11 05:09:26,TRANSFER,IMPS,Axis Bank,IN,0,NORMAL_BANKING_FLOW
TX_AXIS_107029,AXIS_ACC_20219,SBI_ACC_20067,3112.12,2026-01-10 18:12:24,TRANSFER,IMPS,Axis Bank,IN,0,NORMAL_BANKING_FLOW
TX_AXIS_107030,AXIS_ACC_20009,AXIS_ACC_20046,13663.79,2026-01-11 05:11:22,SETTLEMENT,NEFT,Axis Bank,IN,0,NORMAL_BANKING_FLOW
TX_AXIS_107031,AXIS_ACC_20062,AXIS_ACC_20097,2529.8,2026-01-11 05:31:10,SETTLEMENT,NEFT,Axis Bank,IN,0,NORMAL_BANKING_FLOW
TX_AXIS_107032,AXIS_ACC_20213,AXIS_ACC_20246,5814.57,2026-01-11 04:54:27,SETTLEMENT,NEFT,Axis Bank,IN,0,NORMAL_BANKING_FLOW
TX_AXIS_107033,AXIS_ACC_20144,AXIS_ACC_20243,16332.58,2026-01-11 00:12:24,SETTLEMENT,NEFT,Axis Bank,IN,0,NORMAL_BANKING_FLOW
TX_AXIS_107034,AXIS_ACC_20015,AXIS_ACC_20096,3705.88,2026-01-11 05:15:14,TRANSFER,IMPS,Axis Bank,IN,0,NORMAL_BANKING_FLOW
TX_AXIS_107035,AXIS_ACC_20102,AXIS_ACC_20198,49284.06,2026-01-10 22:20:24,SETTLEMENT,NEFT,Axis Bank,IN,0,NORMAL_BANKING_FLOW
TX_AXIS_107036,AXIS_ACC_20164,CANARA_ACC_20006,33655.65,2026-01-11 03:42:35,TRANSFER,IMPS,Axis Bank,IN,0,NORMAL_BANKING_FLOW
TX_AXIS_107037,AXIS_ACC_20173,AXIS_ACC_20009,2056.13,2026-01-10 16:59:44,SETTLEMENT,NEFT,Axis Bank,IN,0,NORMAL_BANKING_FLOW
TX_AXIS_107038,AXIS_ACC_20217,AXIS_ACC_20079,3895.7,2026-01-10 16:41:06,TRANSFER,IMPS,Axis Bank,IN,0,NORMAL_BANKING_FLOW
TX_AXIS_107039,AXIS_ACC_20111,AXIS_ACC_20229,1006.49,2026-01-11 04:04:12,TRANSFER,IMPS,Axis Bank,IN,0,NORMAL_BANKING_FLOW
TX_AXIS_107040,AXIS_ACC_20097,AXIS_ACC_20018,4525.16,2026-01-10 18:54:35,SETTLEMENT,NEFT,Axis Bank,IN,0,NORMAL_BANKING_FLOW
TX_AXIS_107041,AXIS_ACC_20175,AXIS_ACC_20176,21298.43,2026-01-11 02:50:00,SETTLEMENT,NEFT,Axis Bank,IN,0,NORMAL_BANKING_FLOW
TX_AXIS_107042,AXIS_ACC_20162,HDFC_ACC_20189,6542.7,2026-01-10 20:11:29,TRANSFER,IMPS,Axis Bank,IN,0,NORMAL_BANKING_FLOW
TX_AXIS_107043,AXIS_ACC_20235,AXIS_ACC_20166,15690.29,2026-01-11 03:48:46,TRANSFER,IMPS,Axis Bank,IN,0,NORMAL_BANKING_FLOW
TX_AXIS_107044,AXIS_ACC_20000,KOTAK_ACC_20006,2159.57,2026-01-11 04:08:42,TRANSFER,IMPS,Axis Bank,IN,0,NORMAL_BANKING_FLOW
TX_AXIS_107045,AXIS_ACC_20044,SBI_ACC_20221,21981.91,2026-01-11 01:18:00,TRANSFER,IMPS,Axis Bank,IN,0,NORMAL_BANKING_FLOW
TX_AXIS_107046,AXIS_ACC_20032,BOB_ACC_20059,5681.05,2026-01-10 16:43:30,SETTLEMENT,NEFT,Axis Bank,IN,0,NORMAL_BANKING_FLOW
TX_AXIS_107047,AXIS_ACC_20191,AXIS_ACC_20116,10018.31,2026-01-11 04:49:36,TRANSFER,IMPS,Axis Bank,IN,0,NORMAL_BANKING_FLOW
TX_AXIS_107048,AXIS_ACC_20158,AXIS_ACC_20125,9019.33,2026-01-10 16:44:06,TRANSFER,IMPS,Axis Bank,IN,0,NORMAL_BANKING_FLOW
TX_AXIS_107049,AXIS_ACC_20113,BOB_ACC_20238,2775.13,2026-01-11 02:37:32,TRANSFER,IMPS,Axis Bank,IN,0,NORMAL_BANKING_FLOW
TX_AXIS_107050,AXIS_ACC_20049,AXIS_ACC_20178,3124.14,2026-01-10 18:39:36,TRANSFER,IMPS,Axis Bank,IN,0,NORMAL_BANKING_FLOW
TX_AXIS_107051,AXIS_ACC_20177,SBI_ACC_20245,26050.56,2026-01-11 05:12:30,TRANSFER,IMPS,Axis Bank,IN,0,NORMAL_BANKING_FLOW
TX_AXIS_107052,AXIS_ACC_20042,AXIS_ACC_20148,14749.91,2026-01-10 17:23:40,SETTLEMENT,NEFT,Axis Bank,IN,0,NORMAL_BANKING_FLOW
TX_AXIS_107053,AXIS_ACC_20074,AXIS_ACC_20181,28283.93,2026-01-11 03:00:00,TRANSFER,IMPS,Axis Bank,IN,0,NORMAL_BANKING_FLOW
TX_AXIS_107054,AXIS_ACC_20148,AXIS_ACC_20190,13693.25,2026-01-11 00:07:53,TRANSFER,IMPS,Axis Bank,IN,0,NORMAL_BANKING_FLOW
TX_AXIS_107055,AXIS_ACC_20003,YES_ACC_20209,11418.51,2026-01-10 21:15:28,TRANSFER,IMPS,Axis Bank,IN,0,NORMAL_BANKING_FLOW
TX_AXIS_107056,AXIS_ACC_20165,AXIS_ACC_20213,1761.62,2026-01-11 05:55:45,SETTLEMENT,NEFT,Axis Bank,IN,0,NORMAL_BANKING_FLOW
TX_AXIS_107057,AXIS_ACC_20177,AXIS_ACC_20235,7552.5,2026-01-10 20:57:16,TRANSFER,IMPS,Axis Bank,IN,0,NORMAL_BANKING_FLOW
TX_AXIS_107058,AXIS_ACC_20118,AXIS_ACC_20141,9629.78,2026-01-10 22:34:12,TRANSFER,IMPS,Axis Bank,IN,0,NORMAL_BANKING_FLOW
TX_AXIS_107059,AXIS_ACC_20120,AXIS_ACC_20232,69780.31,2026-01-11 01:09:12,SETTLEMENT,NEFT,Axis Bank,IN,0,NORMAL_BANKING_FLOW
TX_AXIS_107060,AXIS_ACC_20113,AXIS_ACC_20179,19672.1,2026-01-11 02:46:31,TRANSFER,IMPS,Axis Bank,IN,0,NORMAL_BANKING_FLOW
TX_AXIS_107061,AXIS_ACC_20106,AXIS_ACC_20120,45984.57,2026-01-11 06:00:40,SETTLEMENT,NEFT,Axis Bank,IN,0,NORMAL_BANKING_FLOW
TX_AXIS_107062,AXIS_ACC_20013,HDFC_ACC_20036,17989.4,2026-01-11 01:11:24,SETTLEMENT,NEFT,Axis Bank,IN,0,NORMAL_BANKING_FLOW
TX_AXIS_107063,AXIS_ACC_20155,AXIS_ACC_20236,4859.53,2026-01-11 04:25:48,TRANSFER,IMPS,Axis Bank,IN,0,NORMAL_BANKING_FLOW
TX_AXIS_107064,AXIS_ACC_20039,AXIS_ACC_20015,11126.94,2026-01-10 18:45:12,TRANSFER,IMPS,Axis Bank,IN,0,NORMAL_BANKING_FLOW
TX_AXIS_107065,AXIS_ACC_20203,YES_ACC_20175,12534.29,2026-01-11 04:08:12,TRANSFER,IMPS,Axis Bank,IN,0,NORMAL_BANKING_FLOW
TX_AXIS_107066,AXIS_ACC_20193,AXIS_ACC_20030,3869.36,2026-01-10 17:08:55,SETTLEMENT,NEFT,Axis Bank,IN,0,NORMAL_BANKING_FLOW
TX_AXIS_107067,AXIS_ACC_20087,AXIS_ACC_20127,6738.63,2026-01-11 00:55:38,TRANSFER,IMPS,Axis Bank,IN,0,NORMAL_BANKING_FLOW
TX_AXIS_107068,AXIS_ACC_20241,AXIS_ACC_20085,8056.49,2026-01-10 17:09:33,SETTLEMENT,NEFT,Axis Bank,IN,0,NORMAL_BANKING_FLOW
TX_AXIS_107069,AXIS_ACC_20101,AXIS_ACC_20002,49297.07,2026-01-10 23:39:12,SETTLEMENT,NEFT,Axis Bank,IN,0,NORMAL_BANKING_FLOW
TX_AXIS_107070,AXIS_ACC_20214,YES_ACC_20096,1235.54,2026-01-10 19:46:03,TRANSFER,IMPS,Axis Bank,IN,0,NORMAL_BANKING_FLOW
TX_AXIS_107071,AXIS_ACC_20248,INDUS_ACC_20162,33051.37,2026-01-10 22:03:00,SETTLEMENT,NEFT,Axis Bank,IN,0,NORMAL_BANKING_FLOW
TX_AXIS_107072,AXIS_ACC_20149,AXIS_ACC_20230,3878.5,2026-01-10 17:10:49,TRANSFER,IMPS,Axis Bank,IN,0,NORMAL_BANKING_FLOW
TX_AXIS_107073,AXIS_ACC_20194,PNB_ACC_20034,2509.71,2026-01-10 18:09:44,SETTLEMENT,NEFT,Axis Bank,IN,0,NORMAL_BANKING_FLOW
TX_AXIS_107074,AXIS_ACC_20060,PNB_ACC_20021,32207.1,2026-01-11 03:17:30,SETTLEMENT,NEFT,Axis Bank,IN,0,NORMAL_BANKING_FLOW
TX_AXIS_107075,AXIS_ACC_20021,AXIS_ACC_20022,20576.36,2026-01-11 00:02:40,SETTLEMENT,NEFT,Axis Bank,IN,0,NORMAL_BANKING_FLOW
TX_AXIS_107076,AXIS_ACC_20066,AXIS_ACC_20134,34700.82,2026-01-11 04:37:30,TRANSFER,IMPS,Axis Bank,IN,0,NORMAL_BANKING_FLOW
TX_AXIS_107077,AXIS_ACC_20179,AXIS_ACC_20000,22041.93,2026-01-11 01:02:48,TRANSFER,IMPS,Axis Bank,IN,0,NORMAL_BANKING_FLOW
TX_AXIS_107078,AXIS_ACC_20185,AXIS_ACC_20124,77640.54,2026-01-11 06:17:23,TRANSFER,IMPS,Axis Bank,IN,0,NORMAL_BANKING_FLOW
TX_AXIS_107079,AXIS_ACC_20010,AXIS_ACC_20167,17304.53,2026-01-10 17:52:18,TRANSFER,IMPS,Axis Bank,IN,0,NORMAL_BANKING_FLOW
TX_AXIS_107080,AXIS_ACC_20014,AXIS_ACC_20074,8463.54,2026-01-10 17:52:39,SETTLEMENT,NEFT,Axis Bank,IN,0,NORMAL_BANKING_FLOW
TX_AXIS_107081,AXIS_ACC_20057,AXIS_ACC_20141,13945.7,2026-01-10 16:54:00,TRANSFER,IMPS,Axis Bank,IN,0,NORMAL_BANKING_FLOW
TX_AXIS_107082,AXIS_ACC_20113,AXIS_ACC_20116,34319.5,2026-01-11 04:03:32,TRANSFER,IMPS,Axis Bank,IN,0,NORMAL_BANKING_FLOW
TX_AXIS_107083,AXIS_ACC_20233,AXIS_ACC_20021,4539.74,2026-01-11 06:22:18,TRANSFER,IMPS,Axis Bank,IN,0,NORMAL_BANKING_FLOW
TX_AXIS_107084,AXIS_ACC_20249,AXIS_ACC_20008,5157.01,2026-01-11 05:43:51,TRANSFER,IMPS,Axis Bank,IN,0,NORMAL_BANKING_FLOW
TX_AXIS_107085,AXIS_ACC_20013,AXIS_ACC_20014,7266.57,2026-01-11 03:46:24,SETTLEMENT,NEFT,Axis Bank,IN,0,NORMAL_BANKING_FLOW
TX_AXIS_107086,AXIS_ACC_20188,AXIS_ACC_20185,1206.43,2026-01-10 17:54:45,TRANSFER,IMPS,Axis Bank,IN,0,NORMAL_BANKING_FLOW
TX_AXIS_107087,AXIS_ACC_20012,AXIS_ACC_20171,11362.55,2026-01-10 19:33:56,TRANSFER,IMPS,Axis Bank,IN,0,NORMAL_BANKING_FLOW
TX_AXIS_107088,AXIS_ACC_20041,AXIS_ACC_20239,1500.98,2026-01-10 21:52:51,TRANSFER,IMPS,Axis Bank,IN,0,NORMAL_BANKING_FLOW
TX_AXIS_107089,AXIS_ACC_20174,AXIS_ACC_20008,10436.45,2026-01-11 05:09:00,TRANSFER,IMPS,Axis Bank,IN,0,NORMAL_BANKING_FLOW
TX_AXIS_107090,AXIS_ACC_20172,AXIS_ACC_20231,23512.55,2026-01-10 17:36:20,TRANSFER,IMPS,Axis Bank,IN,0,NORMAL_BANKING_FLOW
TX_AXIS_107091,AXIS_ACC_20159,CANARA_ACC_20068,6143.34,2026-01-11 01:52:30,TRANSFER,IMPS,Axis Bank,IN,0,NORMAL_BANKING_FLOW
TX_AXIS_107092,AXIS_ACC_20177,AXIS_ACC_20221,52950.66,2026-01-11 05:31:36,TRANSFER,IMPS,Axis Bank,IN,0,NORMAL_BANKING_FLOW
TX_AXIS_107093,AXIS_ACC_20222,AXIS_ACC_20082,2297.32,2026-01-10 22:55:12,SETTLEMENT,NEFT,Axis Bank,IN,0,NORMAL_BANKING_FLOW
TX_AXIS_107094,AXIS_ACC_20115,PNB_ACC_20212,32573.71,2026-01-11 04:33:49,SETTLEMENT,NEFT,Axis Bank,IN,0,NORMAL_BANKING_FLOW
TX_AXIS_107095,AXIS_ACC_20098,AXIS_ACC_20175,19440.95,2026-01-10 19:17:30,TRANSFER,IMPS,Axis Bank,IN,0,NORMAL_BANKING_FLOW
TX_AXIS_107096,AXIS_ACC_20066,AXIS_ACC_20042,1779.28,2026-01-11 04:55:30,SETTLEMENT,NEFT,Axis Bank,IN,0,NORMAL_BANKING_FLOW
TX_AXIS_107097,AXIS_ACC_20103,AXIS_ACC_20089,148864.88,2026-01-10 16:58:48,TRANSFER,IMPS,Axis Bank,IN,0,NORMAL_BANKING_FLOW
TX_AXIS_107098,AXIS_ACC_20010,INDUS_ACC_20023,9285.92,2026-01-10 20:18:36,TRANSFER,IMPS,Axis Bank,IN,0,NORMAL_BANKING_FLOW
TX_AXIS_107099,AXIS_ACC_20239,KOTAK_ACC_20222,4115.5,2026-01-10 19:59:06,TRANSFER,IMPS,Axis Bank,IN,0,NORMAL_BANKING_FLOW
TX_AXIS_107100,AXIS_ACC_20203,CANARA_ACC_20097,2423.37,2026-01-11 01:19:17,SETTLEMENT,NEFT,Axis Bank,IN,0,NORMAL_BANKING_FLOW
TX_AXIS_107101,AXIS_ACC_20173,SBI_ACC_20214,7942.49,2026-01-11 03:20:00,TRANSFER,IMPS,Axis Bank,IN,0,NORMAL_BANKING_FLOW
TX_AXIS_107102,AXIS_ACC_20127,CANARA_ACC_20077,8713.19,2026-01-11 03:00:48,TRANSFER,IMPS,Axis Bank,IN,0,NORMAL_BANKING_FLOW
TX_AXIS_107103,AXIS_ACC_20204,AXIS_ACC_20076,10966.99,2026-01-11 04:41:46,SETTLEMENT,NEFT,Axis Bank,IN,0,NORMAL_BANKING_FLOW
TX_AXIS_107104,AXIS_ACC_20132,AXIS_ACC_20070,7348.15,2026-01-11 05:02:42,SETTLEMENT,NEFT,Axis Bank,IN,0,NORMAL_BANKING_FLOW
TX_AXIS_107105,AXIS_ACC_20008,AXIS_ACC_20055,18642.99,2026-01-10 21:42:08,TRANSFER,IMPS,Axis Bank,IN,0,NORMAL_BANKING_FLOW
TX_AXIS_107106,AXIS_ACC_20043,AXIS_ACC_20011,6716.82,2026-01-10 23:03:00,TRANSFER,IMPS,Axis Bank,IN,0,NORMAL_BANKING_FLOW
TX_AXIS_107107,AXIS_ACC_20065,AXIS_ACC_20006,1429.44,2026-01-11 06:25:48,TRANSFER,IMPS,Axis Bank,IN,0,NORMAL_BANKING_FLOW
TX_AXIS_107108,AXIS_ACC_20142,AXIS_ACC_20046,8523.98,2026-01-11 04:05:57,SETTLEMENT,NEFT,Axis Bank,IN,0,NORMAL_BANKING_FLOW
TX_AXIS_107109,AXIS_ACC_20062,AXIS_ACC_20113,927.53,2026-01-10 21:24:08,TRANSFER,IMPS,Axis Bank,IN,0,NORMAL_BANKING_FLOW
TX_AXIS_107110,AXIS_ACC_20230,AXIS_ACC_20177,14097.75,2026-01-11 04:27:48,TRANSFER,IMPS,Axis Bank,IN,0,NORMAL_BANKING_FLOW
TX_AXIS_107111,AXIS_ACC_20132,AXIS_ACC_20178,3717.1,2026-01-10 17:03:00,SETTLEMENT,NEFT,Axis Bank,IN,0,NORMAL_BANKING_FLOW
TX_AXIS_107112,AXIS_ACC_20064,AXIS_ACC_20109,11653.48,2026-01-10 17:23:29,SETTLEMENT,NEFT,Axis Bank,IN,0,NORMAL_BANKING_FLOW
TX_AXIS_107113,AXIS_ACC_20171,INDUS_ACC_20152,36830.26,2026-01-11 02:49:24,SETTLEMENT,NEFT,Axis Bank,IN,0,NORMAL_BANKING_FLOW
TX_AXIS_107114,AXIS_ACC_20019,AXIS_ACC_20212,3832.42,2026-01-10 20:46:17,SETTLEMENT,NEFT,Axis Bank,IN,0,NORMAL_BANKING_FLOW
TX_AXIS_107115,AXIS_ACC_20128,AXIS_ACC_20013,28602.7,2026-01-11 04:11:54,TRANSFER,IMPS,Axis Bank,IN,0,NORMAL_BANKING_FLOW
TX_AXIS_107116,AXIS_ACC_20177,AXIS_ACC_20070,6416.39,2026-01-11 06:14:15,TRANSFER,IMPS,Axis Bank,IN,0,NORMAL_BANKING_FLOW
TX_AXIS_107117,AXIS_ACC_20136,AXIS_ACC_20195,57136.29,2026-01-11 06:55:44,SETTLEMENT,NEFT,Axis Bank,IN,0,NORMAL_BANKING_FLOW
TX_AXIS_107118,AXIS_ACC_20037,AXIS_ACC_20108,6869.51,2026-01-10 16:44:49,SETTLEMENT,NEFT,Axis Bank,IN,0,NORMAL_BANKING_FLOW
TX_AXIS_107119,AXIS_ACC_20157,CANARA_ACC_20169,4270.59,2026-01-10 21:29:18,TRANSFER,IMPS,Axis Bank,IN,0,NORMAL_BANKING_FLOW
TX_AXIS_107120,AXIS_ACC_20217,AXIS_ACC_20139,19677.64,2026-01-10 18:47:17,TRANSFER,IMPS,Axis Bank,IN,0,NORMAL_BANKING_FLOW
TX_AXIS_107121,AXIS_ACC_20132,CANARA_ACC_20235,6401.0,2026-01-10 19:28:20,SETTLEMENT,NEFT,Axis Bank,IN,0,NORMAL_BANKING_FLOW
TX_AXIS_107122,AXIS_ACC_20183,AXIS_ACC_20248,4266.51,2026-01-11 03:57:30,SETTLEMENT,NEFT,Axis Bank,IN,0,NORMAL_BANKING_FLOW
TX_AXIS_107123,AXIS_ACC_20205,AXIS_ACC_20249,6137.42,2026-01-10 17:26:58,SETTLEMENT,NEFT,Axis Bank,IN,0,NORMAL_BANKING_FLOW
TX_AXIS_107124,AXIS_ACC_20186,AXIS_ACC_20114,9465.35,2026-01-11 06:42:14,TRANSFER,IMPS,Axis Bank,IN,0,NORMAL_BANKING_FLOW
TX_AXIS_107125,AXIS_ACC_20075,AXIS_ACC_20063,37880.06,2026-01-10 22:33:36,TRANSFER,IMPS,Axis Bank,IN,0,NORMAL_BANKING_FLOW
TX_AXIS_107126,AXIS_ACC_20123,PNB_ACC_20174,1430.69,2026-01-11 01:58:20,SETTLEMENT,NEFT,Axis Bank,IN,0,NORMAL_BANKING_FLOW
TX_AXIS_107127,AXIS_ACC_20225,AXIS_ACC_20067,10128.22,2026-01-11 02:19:30,SETTLEMENT,NEFT,Axis Bank,IN,0,NORMAL_BANKING_FLOW
TX_AXIS_107128,AXIS_ACC_20046,AXIS_ACC_20138,18488.49,2026-01-11 01:18:54,TRANSFER,IMPS,Axis Bank,IN,0,NORMAL_BANKING_FLOW
TX_AXIS_107129,AXIS_ACC_20088,ICICI_ACC_20108,12009.44,2026-01-10 17:08:24,SETTLEMENT,NEFT,Axis Bank,IN,0,NORMAL_BANKING_FLOW
TX_AXIS_107130,AXIS_ACC_20214,AXIS_ACC_20236,36675.53,2026-01-11 01:40:47,SETTLEMENT,NEFT,Axis Bank,IN,0,NORMAL_BANKING_FLOW
TX_AXIS_107131,AXIS_ACC_20158,AXIS_ACC_20138,9188.01,2026-01-11 03:03:30,TRANSFER,IMPS,Axis Bank,IN,0,NORMAL_BANKING_FLOW
TX_AXIS_107132,AXIS_ACC_20120,AXIS_ACC_20071,8229.24,2026-01-11 03:24:48,TRANSFER,IMPS,Axis Bank,IN,0,NORMAL_BANKING_FLOW
TX_AXIS_107133,AXIS_ACC_20226,AXIS_ACC_20075,17895.95,2026-01-10 23:19:12,TRANSFER,IMPS,Axis Bank,IN,0,NORMAL_BANKING_FLOW
TX_AXIS_107134,AXIS_ACC_20001,AXIS_ACC_20157,10930.52,2026-01-10 17:30:27,TRANSFER,IMPS,Axis Bank,IN,0,NORMAL_BANKING_FLOW
TX_AXIS_107135,AXIS_ACC_20148,KOTAK_ACC_20106,6698.18,2026-01-10 18:53:02,SETTLEMENT,NEFT,Axis Bank,IN,0,NORMAL_BANKING_FLOW
TX_AXIS_107136,AXIS_ACC_20246,AXIS_ACC_20046,16583.18,2026-01-10 16:08:45,SETTLEMENT,NEFT,Axis Bank,IN,0,NORMAL_BANKING_FLOW
TX_AXIS_107137,AXIS_ACC_20169,KOTAK_ACC_20064,5153.71,2026-01-11 07:15:24,TRANSFER,IMPS,Axis Bank,IN,0,NORMAL_BANKING_FLOW
TX_AXIS_107138,AXIS_ACC_20132,AXIS_ACC_20028,5371.29,2026-01-11 00:24:03,SETTLEMENT,NEFT,Axis Bank,IN,0,NORMAL_BANKING_FLOW
TX_AXIS_107139,AXIS_ACC_20215,PNB_ACC_20201,5837.2,2026-01-10 19:15:12,SETTLEMENT,NEFT,Axis Bank,IN,0,NORMAL_BANKING_FLOW
TX_AXIS_107140,AXIS_ACC_20062,AXIS_ACC_20202,38294.79,2026-01-10 22:21:27,TRANSFER,IMPS,Axis Bank,IN,0,NORMAL_BANKING_FLOW
TX_AXIS_107141,AXIS_ACC_20030,HDFC_ACC_20092,395.04,2026-01-11 06:38:00,TRANSFER,IMPS,Axis Bank,IN,0,NORMAL_BANKING_FLOW
TX_AXIS_107142,AXIS_ACC_20102,AXIS_ACC_20033,14699.94,2026-01-11 01:08:01,TRANSFER,IMPS,Axis Bank,IN,0,NORMAL_BANKING_FLOW
TX_AXIS_107143,AXIS_ACC_20222,CANARA_ACC_20007,10242.2,2026-01-11 07:21:18,SETTLEMENT,NEFT,Axis Bank,IN,0,NORMAL_BANKING_FLOW
TX_AXIS_107144,AXIS_ACC_20157,AXIS_ACC_20007,1842.96,2026-01-11 06:40:51,TRANSFER,IMPS,Axis Bank,IN,0,NORMAL_BANKING_FLOW
TX_AXIS_107145,AXIS_ACC_20026,AXIS_ACC_20034,13490.31,2026-01-10 23:05:40,SETTLEMENT,NEFT,Axis Bank,IN,0,NORMAL_BANKING_FLOW
TX_AXIS_107146,AXIS_ACC_20162,KOTAK_ACC_20063,15926.7,2026-01-11 07:45:00,TRANSFER,IMPS,Axis Bank,IN,0,NORMAL_BANKING_FLOW
TX_AXIS_107147,AXIS_ACC_20112,ICICI_ACC_20206,17847.87,2026-01-10 17:13:48,TRANSFER,IMPS,Axis Bank,IN,0,NORMAL_BANKING_FLOW
TX_AXIS_107148,AXIS_ACC_20232,AXIS_ACC_20137,697.97,2026-01-11 06:23:52,SETTLEMENT,NEFT,Axis Bank,IN,0,NORMAL_BANKING_FLOW
TX_AXIS_107149,AXIS_ACC_20041,AXIS_ACC_20117,38808.3,2026-01-11 01:12:48,SETTLEMENT,NEFT,Axis Bank,IN,0,NORMAL_BANKING_FLOW
TX_AXIS_107150,AXIS_ACC_20220,AXIS_ACC_20206,4732.76,2026-01-10 23:50:13,TRANSFER,IMPS,Axis Bank,IN,0,NORMAL_BANKING_FLOW
TX_AXIS_107151,AXIS_ACC_20019,AXIS_ACC_20179,19664.45,2026-01-10 18:17:30,TRANSFER,IMPS,Axis Bank,IN,0,NORMAL_BANKING_FLOW
TX_AXIS_107152,AXIS_ACC_20216,AXIS_ACC_20232,20766.03,2026-01-10 16:12:45,TRANSFER,IMPS,Axis Bank,IN,0,NORMAL_BANKING_FLOW
TX_AXIS_107153,AXIS_ACC_20204,AXIS_ACC_20101,4118.74,2026-01-11 02:59:52,TRANSFER,IMPS,Axis Bank,IN,0,NORMAL_BANKING_FLOW
TX_AXIS_107154,AXIS_ACC_20178,INDUS_ACC_20159,19157.7,2026-01-11 01:16:13,TRANSFER,IMPS,Axis Bank,IN,0,NORMAL_BANKING_FLOW
TX_AXIS_107155,AXIS_ACC_20102,AXIS_ACC_20090,6731.19,2026-01-11 03:22:18,TRANSFER,IMPS,Axis Bank,IN,0,NORMAL_BANKING_FLOW
TX_AXIS_107156,AXIS_ACC_20213,AXIS_ACC_20133,1247.16,2026-01-11 01:38:30,TRANSFER,IMPS,Axis Bank,IN,0,NORMAL_BANKING_FLOW
TX_AXIS_107157,AXIS_ACC_20218,AXIS_ACC_20133,31816.55,2026-01-10 16:34:56,TRANSFER,IMPS,Axis Bank,IN,0,NORMAL_BANKING_FLOW
TX_AXIS_107158,AXIS_ACC_20019,BOB_ACC_20180,4559.44,2026-01-10 20:04:42,TRANSFER,IMPS,Axis Bank,IN,0,NORMAL_BANKING_FLOW
TX_AXIS_107159,AXIS_ACC_20149,AXIS_ACC_20237,4211.22,2026-01-11 04:07:22,TRANSFER,IMPS,Axis Bank,IN,0,NORMAL_BANKING_FLOW
TX_AXIS_107160,AXIS_ACC_20157,AXIS_ACC_20150,6613.94,2026-01-10 23:14:25,SETTLEMENT,NEFT,Axis Bank,IN,0,NORMAL_BANKING_FLOW
TX_AXIS_107161,AXIS_ACC_20194,AXIS_ACC_20137,12993.92,2026-01-11 08:00:00,SETTLEMENT,NEFT,Axis Bank,IN,0,NORMAL_BANKING_FLOW
TX_AXIS_107162,AXIS_ACC_20177,PNB_ACC_20114,9346.24,2026-01-11 03:27:47,SETTLEMENT,NEFT,Axis Bank,IN,0,NORMAL_BANKING_FLOW
TX_AXIS_107163,AXIS_ACC_20011,AXIS_ACC_20172,17121.1,2026-01-10 16:57:34,TRANSFER,IMPS,Axis Bank,IN,0,NORMAL_BANKING_FLOW
TX_AXIS_107164,AXIS_ACC_20042,BOB_ACC_20142,2592.84,2026-01-10 21:10:27,SETTLEMENT,NEFT,Axis Bank,IN,0,NORMAL_BANKING_FLOW
TX_AXIS_107165,AXIS_ACC_20187,ICICI_ACC_20053,4710.8,2026-01-11 02:26:56,TRANSFER,IMPS,Axis Bank,IN,0,NORMAL_BANKING_FLOW
TX_AXIS_107166,AXIS_ACC_20053,YES_ACC_20133,8813.17,2026-01-10 19:47:05,SETTLEMENT,NEFT,Axis Bank,IN,0,NORMAL_BANKING_FLOW
TX_AXIS_107167,AXIS_ACC_20032,CANARA_ACC_20139,66031.51,2026-01-11 01:46:12,SETTLEMENT,NEFT,Axis Bank,IN,0,NORMAL_BANKING_FLOW
TX_AXIS_107168,AXIS_ACC_20241,AXIS_ACC_20169,8832.45,2026-01-11 00:43:33,TRANSFER,IMPS,Axis Bank,IN,0,NORMAL_BANKING_FLOW
TX_AXIS_107169,AXIS_ACC_20036,AXIS_ACC_20190,29296.47,2026-01-10 23:40:48,TRANSFER,IMPS,Axis Bank,IN,0,NORMAL_BANKING_FLOW
TX_AXIS_107170,AXIS_ACC_20184,AXIS_ACC_20001,10286.17,2026-01-11 00:44:51,SETTLEMENT,NEFT,Axis Bank,IN,0,NORMAL_BANKING_FLOW
TX_AXIS_107171,AXIS_ACC_20123,AXIS_ACC_20057,6101.81,2026-01-11 03:34:50,SETTLEMENT,NEFT,Axis Bank,IN,0,NORMAL_BANKING_FLOW
TX_AXIS_107172,AXIS_ACC_20020,SBI_ACC_20104,7733.18,2026-01-10 22:17:52,TRANSFER,IMPS,Axis Bank,IN,0,NORMAL_BANKING_FLOW
TX_AXIS_107173,AXIS_ACC_20058,PNB_ACC_20163,8363.07,2026-01-10 20:11:12,SETTLEMENT,NEFT,Axis Bank,IN,0,NORMAL_BANKING_FLOW
TX_AXIS_107174,AXIS_ACC_20222,INDUS_ACC_20122,18099.61,2026-01-11 06:26:55,TRANSFER,IMPS,Axis Bank,IN,0,NORMAL_BANKING_FLOW
TX_AXIS_107175,AXIS_ACC_20108,AXIS_ACC_20245,39128.69,2026-01-10 21:37:00,TRANSFER,IMPS,Axis Bank,IN,0,NORMAL_BANKING_FLOW
TX_AXIS_107176,AXIS_ACC_20205,CANARA_ACC_20127,14181.32,2026-01-11 06:50:00,TRANSFER,IMPS,Axis Bank,IN,0,NORMAL_BANKING_FLOW
TX_AXIS_107177,AXIS_ACC_20009,AXIS_ACC_20085,32437.73,2026-01-11 06:50:56,SETTLEMENT,NEFT,Axis Bank,IN,0,NORMAL_BANKING_FLOW
TX_AXIS_107178,AXIS_ACC_20091,CANARA_ACC_20055,3771.43,2026-01-10 20:55:56,TRANSFER,IMPS,Axis Bank,IN,0,NORMAL_BANKING_FLOW
TX_AXIS_107179,AXIS_ACC_20198,AXIS_ACC_20190,6537.89,2026-01-10 17:23:24,SETTLEMENT,NEFT,Axis Bank,IN,0,NORMAL_BANKING_FLOW
TX_AXIS_107180,AXIS_ACC_20032,AXIS_ACC_20089,4796.77,2026-01-11 06:32:25,SETTLEMENT,NEFT,Axis Bank,IN,0,NORMAL_BANKING_FLOW
TX_AXIS_107181,AXIS_ACC_20005,AXIS_ACC_20042,13554.1,2026-01-11 02:17:20,SETTLEMENT,NEFT,Axis Bank,IN,0,NORMAL_BANKING_FLOW
TX_AXIS_107182,AXIS_ACC_20186,INDUS_ACC_20087,6912.19,2026-01-10 22:01:51,TRANSFER,IMPS,Axis Bank,IN,0,NORMAL_BANKING_FLOW
TX_AXIS_107183,AXIS_ACC_20105,AXIS_ACC_20186,20532.68,2026-01-10 23:49:12,TRANSFER,IMPS,Axis Bank,IN,0,NORMAL_BANKING_FLOW
TX_AXIS_107184,AXIS_ACC_20148,CANARA_ACC_20166,3901.04,2026-01-11 08:01:37,SETTLEMENT,NEFT,Axis Bank,IN,0,NORMAL_BANKING_FLOW
TX_AXIS_107185,AXIS_ACC_20026,AXIS_ACC_20249,10332.31,2026-01-10 17:03:48,TRANSFER,IMPS,Axis Bank,IN,0,NORMAL_BANKING_FLOW
TX_AXIS_107186,AXIS_ACC_20244,AXIS_ACC_20201,19670.16,2026-01-11 04:50:50,TRANSFER,IMPS,Axis Bank,IN,0,NORMAL_BANKING_FLOW
TX_AXIS_107187,AXIS_ACC_20200,YES_ACC_20222,1254.76,2026-01-11 05:34:32,TRANSFER,IMPS,Axis Bank,IN,0,NORMAL_BANKING_FLOW
TX_AXIS_107188,AXIS_ACC_20135,AXIS_ACC_20202,82588.96,2026-01-11 07:01:12,TRANSFER,IMPS,Axis Bank,IN,0,NORMAL_BANKING_FLOW
TX_AXIS_107189,AXIS_ACC_20002,AXIS_ACC_20248,7456.55,2026-01-10 23:52:48,TRANSFER,IMPS,Axis Bank,IN,0,NORMAL_BANKING_FLOW
TX_AXIS_107190,AXIS_ACC_20237,YES_ACC_20127,1306.31,2026-01-10 22:27:28,TRANSFER,IMPS,Axis Bank,IN,0,NORMAL_BANKING_FLOW
TX_AXIS_107191,AXIS_ACC_20182,AXIS_ACC_20218,11592.27,2026-01-10 21:23:30,TRANSFER,IMPS,Axis Bank,IN,0,NORMAL_BANKING_FLOW
TX_AXIS_107192,AXIS_ACC_20041,AXIS_ACC_20155,10233.72,2026-01-10 17:48:49,SETTLEMENT,NEFT,Axis Bank,IN,0,NORMAL_BANKING_FLOW
TX_AXIS_107193,AXIS_ACC_20119,CANARA_ACC_20007,9118.91,2026-01-10 23:55:12,TRANSFER,IMPS,Axis Bank,IN,0,NORMAL_BANKING_FLOW
TX_AXIS_107194,AXIS_ACC_20108,KOTAK_ACC_20173,26667.24,2026-01-10 16:23:15,SETTLEMENT,NEFT,Axis Bank,IN,0,NORMAL_BANKING_FLOW
TX_AXIS_107195,AXIS_ACC_20080,AXIS_ACC_20152,20898.76,2026-01-11 06:24:36,TRANSFER,IMPS,Axis Bank,IN,0,NORMAL_BANKING_FLOW
TX_AXIS_107196,AXIS_ACC_20245,AXIS_ACC_20070,13331.38,2026-01-11 07:51:50,SETTLEMENT,NEFT,Axis Bank,IN,0,NORMAL_BANKING_FLOW
TX_AXIS_107197,AXIS_ACC_20006,AXIS_ACC_20153,15524.2,2026-01-10 17:07:12,TRANSFER,IMPS,Axis Bank,IN,0,NORMAL_BANKING_FLOW
TX_AXIS_107198,AXIS_ACC_20021,AXIS_ACC_20184,8916.35,2026-01-10 23:36:35,TRANSFER,IMPS,Axis Bank,IN,0,NORMAL_BANKING_FLOW
TX_AXIS_107199,AXIS_ACC_20244,AXIS_ACC_20130,58424.51,2026-01-10 17:29:24,TRANSFER,IMPS,Axis Bank,IN,0,NORMAL_BANKING_FLOW
TX_AXIS_107200,AXIS_ACC_20061,BOB_ACC_20127,2254.77,2026-01-10 16:46:24,SETTLEMENT,NEFT,Axis Bank,IN,0,NORMAL_BANKING_FLOW
TX_AXIS_107201,AXIS_ACC_20096,AXIS_ACC_20057,11380.44,2026-01-10 18:13:20,SETTLEMENT,NEFT,Axis Bank,IN,0,NORMAL_BANKING_FLOW
TX_AXIS_107202,AXIS_ACC_20140,AXIS_ACC_20082,10562.07,2026-01-10 21:50:30,TRANSFER,IMPS,Axis Bank,IN,0,NORMAL_BANKING_FLOW
TX_AXIS_107203,AXIS_ACC_20019,AXIS_ACC_20173,22320.94,2026-01-11 05:05:00,SETTLEMENT,NEFT,Axis Bank,IN,0,NORMAL_BANKING_FLOW
TX_AXIS_107204,AXIS_ACC_20093,KOTAK_ACC_20117,4256.26,2026-01-10 16:47:28,SETTLEMENT,NEFT,Axis Bank,IN,0,NORMAL_BANKING_FLOW
TX_AXIS_107205,AXIS_ACC_20050,AXIS_ACC_20118,1730.78,2026-01-10 22:35:28,SETTLEMENT,NEFT,Axis Bank,IN,0,NORMAL_BANKING_FLOW
TX_AXIS_107206,AXIS_ACC_20167,AXIS_ACC_20042,11577.55,2026-01-10 16:48:00,TRANSFER,IMPS,Axis Bank,IN,0,NORMAL_BANKING_FLOW
TX_AXIS_107207,AXIS_ACC_20018,YES_ACC_20093,13111.31,2026-01-11 04:03:02,SETTLEMENT,NEFT,Axis Bank,IN,0,NORMAL_BANKING_FLOW
TX_AXIS_107208,AXIS_ACC_20158,AXIS_ACC_20179,43896.92,2026-01-11 06:14:31,TRANSFER,IMPS,Axis Bank,IN,0,NORMAL_BANKING_FLOW
TX_AXIS_107209,AXIS_ACC_20075,AXIS_ACC_20127,2778.42,2026-01-11 05:53:36,SETTLEMENT,NEFT,Axis Bank,IN,0,NORMAL_BANKING_FLOW
TX_AXIS_107210,AXIS_ACC_20156,AXIS_ACC_20094,31404.1,2026-01-11 00:05:24,TRANSFER,IMPS,Axis Bank,IN,0,NORMAL_BANKING_FLOW
TX_AXIS_107211,AXIS_ACC_20082,KOTAK_ACC_20176,105600.08,2026-01-10 16:49:20,SETTLEMENT,NEFT,Axis Bank,IN,0,NORMAL_BANKING_FLOW
TX_AXIS_107212,AXIS_ACC_20144,HDFC_ACC_20113,6783.41,2026-01-11 07:01:45,TRANSFER,IMPS,Axis Bank,IN,0,NORMAL_BANKING_FLOW
TX_AXIS_107213,AXIS_ACC_20093,PNB_ACC_20229,2721.82,2026-01-10 19:01:04,TRANSFER,IMPS,Axis Bank,IN,0,NORMAL_BANKING_FLOW
TX_AXIS_107214,AXIS_ACC_20159,AXIS_ACC_20041,6588.14,2026-01-10 17:55:47,TRANSFER,IMPS,Axis Bank,IN,0,NORMAL_BANKING_FLOW
TX_AXIS_107215,AXIS_ACC_20189,INDUS_ACC_20036,10036.71,2026-01-11 08:32:06,TRANSFER,IMPS,Axis Bank,IN,0,NORMAL_BANKING_FLOW
TX_AXIS_107216,AXIS_ACC_20228,AXIS_ACC_20135,17392.39,2026-01-10 17:34:30,SETTLEMENT,NEFT,Axis Bank,IN,0,NORMAL_BANKING_FLOW
TX_AXIS_107217,AXIS_ACC_20041,HDFC_ACC_20100,5478.6,2026-01-11 07:28:16,SETTLEMENT,NEFT,Axis Bank,IN,0,NORMAL_BANKING_FLOW
TX_AXIS_107218,AXIS_ACC_20223,AXIS_ACC_20161,46873.07,2026-01-11 07:29:12,TRANSFER,IMPS,Axis Bank,IN,0,NORMAL_BANKING_FLOW
TX_AXIS_107219,AXIS_ACC_20076,INDUS_ACC_20125,3246.94,2026-01-11 08:58:00,TRANSFER,IMPS,Axis Bank,IN,0,NORMAL_BANKING_FLOW
TX_AXIS_107220,AXIS_ACC_20081,AXIS_ACC_20206,1738.53,2026-01-10 23:05:27,SETTLEMENT,NEFT,Axis Bank,IN,0,NORMAL_BANKING_FLOW
TX_AXIS_107221,AXIS_ACC_20206,AXIS_ACC_20121,29932.81,2026-01-10 21:16:00,TRANSFER,IMPS,Axis Bank,IN,0,NORMAL_BANKING_FLOW
TX_AXIS_107222,AXIS_ACC_20159,CANARA_ACC_20051,1017.78,2026-01-11 07:10:55,TRANSFER,IMPS,Axis Bank,IN,0,NORMAL_BANKING_FLOW
TX_AXIS_107223,AXIS_ACC_20198,AXIS_ACC_20076,8069.69,2026-01-10 16:52:32,TRANSFER,IMPS,Axis Bank,IN,0,NORMAL_BANKING_FLOW
TX_AXIS_107224,AXIS_ACC_20186,AXIS_ACC_20220,223615.01,2026-01-10 17:36:54,TRANSFER,IMPS,Axis Bank,IN,0,NORMAL_BANKING_FLOW
TX_AXIS_107225,AXIS_ACC_20239,AXIS_ACC_20043,9778.65,2026-01-10 22:02:00,TRANSFER,IMPS,Axis Bank,IN,0,NORMAL_BANKING_FLOW
TX_AXIS_107226,AXIS_ACC_20073,AXIS_ACC_20180,3226.76,2026-01-10 23:08:45,SETTLEMENT,NEFT,Axis Bank,IN,0,NORMAL_BANKING_FLOW
TX_AXIS_107227,AXIS_ACC_20197,AXIS_ACC_20074,9345.05,2026-01-10 20:34:36,TRANSFER,IMPS,Axis Bank,IN,0,NORMAL_BANKING_FLOW
TX_AXIS_107228,AXIS_ACC_20201,AXIS_ACC_20064,9406.9,2026-01-11 07:38:32,SETTLEMENT,NEFT,Axis Bank,IN,0,NORMAL_BANKING_FLOW
TX_AXIS_107229,AXIS_ACC_20183,AXIS_ACC_20141,11621.94,2026-01-10 18:22:40,TRANSFER,IMPS,Axis Bank,IN,0,NORMAL_BANKING_FLOW
TX_AXIS_107230,AXIS_ACC_20212,AXIS_ACC_20090,19192.27,2026-01-10 17:16:33,TRANSFER,IMPS,Axis Bank,IN,0,NORMAL_BANKING_FLOW
TX_AXIS_107231,AXIS_ACC_20149,AXIS_ACC_20182,3501.3,2026-01-11 03:37:30,TRANSFER,IMPS,Axis Bank,IN,0,NORMAL_BANKING_FLOW
TX_AXIS_107232,AXIS_ACC_20209,AXIS_ACC_20234,53505.95,2026-01-10 16:54:56,TRANSFER,IMPS,Axis Bank,IN,0,NORMAL_BANKING_FLOW
TX_AXIS_107233,AXIS_ACC_20204,KOTAK_ACC_20231,12646.23,2026-01-10 22:28:12,TRANSFER,IMPS,Axis Bank,IN,0,NORMAL_BANKING_FLOW
TX_AXIS_107234,AXIS_ACC_20104,AXIS_ACC_20142,20471.6,2026-01-10 19:53:12,TRANSFER,IMPS,Axis Bank,IN,0,NORMAL_BANKING_FLOW
TX_AXIS_107235,AXIS_ACC_20247,KOTAK_ACC_20204,5280.89,2026-01-11 06:38:22,TRANSFER,IMPS,Axis Bank,IN,0,NORMAL_BANKING_FLOW
TX_AXIS_107236,AXIS_ACC_20186,PNB_ACC_20205,35824.32,2026-01-10 23:36:30,SETTLEMENT,NEFT,Axis Bank,IN,0,NORMAL_BANKING_FLOW
TX_AXIS_107237,AXIS_ACC_20121,AXIS_ACC_20054,7653.72,2026-01-11 04:26:32,SETTLEMENT,NEFT,Axis Bank,IN,0,NORMAL_BANKING_FLOW
TX_AXIS_107238,AXIS_ACC_20159,AXIS_ACC_20045,13063.18,2026-01-11 06:41:01,SETTLEMENT,NEFT,Axis Bank,IN,0,NORMAL_BANKING_FLOW
TX_AXIS_107239,AXIS_ACC_20106,AXIS_ACC_20127,3892.84,2026-01-11 03:21:12,TRANSFER,IMPS,Axis Bank,IN,0,NORMAL_BANKING_FLOW
TX_AXIS_107240,AXIS_ACC_20032,AXIS_ACC_20029,3652.14,2026-01-10 22:09:30,TRANSFER,IMPS,Axis Bank,IN,0,NORMAL_BANKING_FLOW
TX_AXIS_107241,AXIS_ACC_20042,AXIS_ACC_20227,19696.68,2026-01-10 19:56:00,TRANSFER,IMPS,Axis Bank,IN,0,NORMAL_BANKING_FLOW
TX_AXIS_107242,AXIS_ACC_20128,AXIS_ACC_20057,6351.16,2026-01-11 08:58:39,SETTLEMENT,NEFT,Axis Bank,IN,0,NORMAL_BANKING_FLOW
TX_AXIS_107243,AXIS_ACC_20151,BOB_ACC_20008,4214.04,2026-01-10 17:20:14,TRANSFER,IMPS,Axis Bank,IN,0,NORMAL_BANKING_FLOW
TX_AXIS_107244,AXIS_ACC_20243,AXIS_ACC_20142,5202.09,2026-01-10 20:19:35,SETTLEMENT,NEFT,Axis Bank,IN,0,NORMAL_BANKING_FLOW
TX_AXIS_107245,AXIS_ACC_20182,AXIS_ACC_20097,19909.52,2026-01-11 05:17:36,SETTLEMENT,NEFT,Axis Bank,IN,0,NORMAL_BANKING_FLOW
TX_AXIS_107246,AXIS_ACC_20207,AXIS_ACC_20048,5276.2,2026-01-11 08:40:10,TRANSFER,IMPS,Axis Bank,IN,0,NORMAL_BANKING_FLOW
TX_AXIS_107247,AXIS_ACC_20027,AXIS_ACC_20223,8798.58,2026-01-10 19:13:32,SETTLEMENT,NEFT,Axis Bank,IN,0,NORMAL_BANKING_FLOW
TX_AXIS_107248,AXIS_ACC_20039,AXIS_ACC_20056,10046.98,2026-01-11 06:27:24,TRANSFER,IMPS,Axis Bank,IN,0,NORMAL_BANKING_FLOW
TX_AXIS_107249,AXIS_ACC_20246,AXIS_ACC_20209,1454.84,2026-01-10 21:06:36,TRANSFER,IMPS,Axis Bank,IN,0,NORMAL_BANKING_FLOW
TX_AXIS_107250,AXIS_ACC_20113,KOTAK_ACC_20194,2273.04,2026-01-11 09:06:31,TRANSFER,IMPS,Axis Bank,IN,0,NORMAL_BANKING_FLOW
TX_AXIS_107251,AXIS_ACC_20160,AXIS_ACC_20013,13853.29,2026-01-11 02:45:00,SETTLEMENT,NEFT,Axis Bank,IN,0,NORMAL_BANKING_FLOW
TX_AXIS_107252,AXIS_ACC_20182,HDFC_ACC_20233,4736.11,2026-01-10 23:45:34,SETTLEMENT,NEFT,Axis Bank,IN,0,NORMAL_BANKING_FLOW
TX_AXIS_107253,AXIS_ACC_20219,AXIS_ACC_20176,28473.38,2026-01-11 03:54:00,TRANSFER,IMPS,Axis Bank,IN,0,NORMAL_BANKING_FLOW
TX_AXIS_107254,AXIS_ACC_20023,AXIS_ACC_20228,26024.85,2026-01-11 05:47:30,SETTLEMENT,NEFT,Axis Bank,IN,0,NORMAL_BANKING_FLOW
TX_AXIS_107255,AXIS_ACC_20122,AXIS_ACC_20082,20316.09,2026-01-11 04:40:38,SETTLEMENT,NEFT,Axis Bank,IN,0,NORMAL_BANKING_FLOW
TX_AXIS_107256,AXIS_ACC_20184,AXIS_ACC_20040,61069.74,2026-01-10 17:01:20,TRANSFER,IMPS,Axis Bank,IN,0,NORMAL_BANKING_FLOW
TX_AXIS_107257,AXIS_ACC_20063,AXIS_ACC_20205,9108.02,2026-01-10 17:01:36,SETTLEMENT,NEFT,Axis Bank,IN,0,NORMAL_BANKING_FLOW
TX_AXIS_107258,AXIS_ACC_20110,AXIS_ACC_20127,18937.17,2026-01-10 22:41:07,TRANSFER,IMPS,Axis Bank,IN,0,NORMAL_BANKING_FLOW
TX_AXIS_107259,AXIS_ACC_20132,AXIS_ACC_20100,5517.05,2026-01-10 18:10:02,TRANSFER,IMPS,Axis Bank,IN,0,NORMAL_BANKING_FLOW
TX_AXIS_107260,AXIS_ACC_20183,AXIS_ACC_20088,114963.49,2026-01-11 00:58:03,TRANSFER,IMPS,Axis Bank,IN,0,NORMAL_BANKING_FLOW
TX_AXIS_107261,AXIS_ACC_20181,CANARA_ACC_20038,71943.3,2026-01-11 09:40:00,TRANSFER,IMPS,Axis Bank,IN,0,NORMAL_BANKING_FLOW
TX_AXIS_107262,AXIS_ACC_20096,KOTAK_ACC_20030,10015.41,2026-01-10 21:57:49,TRANSFER,IMPS,Axis Bank,IN,0,NORMAL_BANKING_FLOW
TX_AXIS_107263,AXIS_ACC_20050,AXIS_ACC_20246,14568.05,2026-01-11 02:08:00,TRANSFER,IMPS,Axis Bank,IN,0,NORMAL_BANKING_FLOW
TX_AXIS_107264,AXIS_ACC_20019,AXIS_ACC_20249,38534.05,2026-01-11 08:12:08,TRANSFER,IMPS,Axis Bank,IN,0,NORMAL_BANKING_FLOW
TX_AXIS_107265,AXIS_ACC_20196,AXIS_ACC_20198,8542.94,2026-01-11 08:35:48,SETTLEMENT,NEFT,Axis Bank,IN,0,NORMAL_BANKING_FLOW
TX_AXIS_107266,AXIS_ACC_20249,SBI_ACC_20244,5132.64,2026-01-11 09:22:15,SETTLEMENT,NEFT,Axis Bank,IN,0,NORMAL_BANKING_FLOW
TX_AXIS_107267,AXIS_ACC_20146,AXIS_ACC_20221,23718.01,2026-01-10 21:14:42,SETTLEMENT,NEFT,Axis Bank,IN,0,NORMAL_BANKING_FLOW
TX_AXIS_107268,AXIS_ACC_20102,SBI_ACC_20003,10704.71,2026-01-10 21:37:56,TRANSFER,IMPS,Axis Bank,IN,0,NORMAL_BANKING_FLOW
TX_AXIS_107269,AXIS_ACC_20071,AXIS_ACC_20153,11884.55,2026-01-11 01:03:36,TRANSFER,IMPS,Axis Bank,IN,0,NORMAL_BANKING_FLOW
TX_AXIS_107270,AXIS_ACC_20154,AXIS_ACC_20184,4297.24,2026-01-11 02:12:40,TRANSFER,IMPS,Axis Bank,IN,0,NORMAL_BANKING_FLOW
TX_AXIS_107271,AXIS_ACC_20063,AXIS_ACC_20119,1776.37,2026-01-10 19:45:10,SETTLEMENT,NEFT,Axis Bank,IN,0,NORMAL_BANKING_FLOW
TX_AXIS_107272,AXIS_ACC_20027,INDUS_ACC_20133,12533.28,2026-01-10 17:51:18,TRANSFER,IMPS,Axis Bank,IN,0,NORMAL_BANKING_FLOW
TX_AXIS_107273,AXIS_ACC_20148,AXIS_ACC_20234,24464.1,2026-01-10 16:43:00,SETTLEMENT,NEFT,Axis Bank,IN,0,NORMAL_BANKING_FLOW
TX_AXIS_107274,AXIS_ACC_20012,AXIS_ACC_20051,7896.64,2026-01-10 18:14:47,TRANSFER,IMPS,Axis Bank,IN,0,NORMAL_BANKING_FLOW
TX_AXIS_107275,AXIS_ACC_20076,AXIS_ACC_20007,41623.89,2026-01-10 22:27:00,TRANSFER,IMPS,Axis Bank,IN,0,NORMAL_BANKING_FLOW
TX_AXIS_107276,AXIS_ACC_20136,PNB_ACC_20073,4895.56,2026-01-11 02:16:40,TRANSFER,IMPS,Axis Bank,IN,0,NORMAL_BANKING_FLOW
TX_AXIS_107277,AXIS_ACC_20134,AXIS_ACC_20160,3447.12,2026-01-11 09:33:04,TRANSFER,IMPS,Axis Bank,IN,0,NORMAL_BANKING_FLOW
TX_AXIS_107278,AXIS_ACC_20119,AXIS_ACC_20188,9253.62,2026-01-11 08:25:12,TRANSFER,IMPS,Axis Bank,IN,0,NORMAL_BANKING_FLOW
TX_AXIS_107279,AXIS_ACC_20126,AXIS_ACC_20135,9112.55,2026-01-10 16:44:30,SETTLEMENT,NEFT,Axis Bank,IN,0,NORMAL_BANKING_FLOW
TX_AXIS_107280,AXIS_ACC_20214,AXIS_ACC_20175,21374.82,2026-01-11 00:24:25,SETTLEMENT,NEFT,Axis Bank,IN,0,NORMAL_BANKING_FLOW
TX_AXIS_107281,AXIS_ACC_20086,INDUS_ACC_20080,4559.81,2026-01-11 01:34:00,TRANSFER,IMPS,Axis Bank,IN,0,NORMAL_BANKING_FLOW
TX_AXIS_107282,AXIS_ACC_20196,AXIS_ACC_20147,38874.52,2026-01-10 19:26:22,TRANSFER,IMPS,Axis Bank,IN,0,NORMAL_BANKING_FLOW
TX_AXIS_107283,AXIS_ACC_20246,AXIS_ACC_20079,70750.65,2026-01-11 02:44:22,SETTLEMENT,NEFT,Axis Bank,IN,0,NORMAL_BANKING_FLOW
TX_AXIS_107284,AXIS_ACC_20199,YES_ACC_20126,9517.2,2026-01-11 05:26:24,SETTLEMENT,NEFT,Axis Bank,IN,0,NORMAL_BANKING_FLOW
TX_AXIS_107285,AXIS_ACC_20052,AXIS_ACC_20126,34534.37,2026-01-11 05:50:16,TRANSFER,IMPS,Axis Bank,IN,0,NORMAL_BANKING_FLOW
TX_AXIS_107286,AXIS_ACC_20144,KOTAK_ACC_20037,3440.95,2026-01-10 21:23:15,TRANSFER,IMPS,Axis Bank,IN,0,NORMAL_BANKING_FLOW
TX_AXIS_107287,AXIS_ACC_20008,AXIS_ACC_20061,29004.94,2026-01-10 22:33:00,TRANSFER,IMPS,Axis Bank,IN,0,NORMAL_BANKING_FLOW
TX_AXIS_107288,AXIS_ACC_20093,AXIS_ACC_20106,28205.62,2026-01-11 02:47:47,TRANSFER,IMPS,Axis Bank,IN,0,NORMAL_BANKING_FLOW
TX_AXIS_107289,AXIS_ACC_20070,AXIS_ACC_20189,23469.04,2026-01-11 02:48:28,SETTLEMENT,NEFT,Axis Bank,IN,0,NORMAL_BANKING_FLOW
TX_AXIS_107290,AXIS_ACC_20068,AXIS_ACC_20059,9744.29,2026-01-11 04:21:45,SETTLEMENT,NEFT,Axis Bank,IN,0,NORMAL_BANKING_FLOW
TX_AXIS_107291,AXIS_ACC_20033,AXIS_ACC_20059,515.82,2026-01-11 04:45:40,SETTLEMENT,NEFT,Axis Bank,IN,0,NORMAL_BANKING_FLOW
TX_AXIS_107292,AXIS_ACC_20088,CANARA_ACC_20123,5209.68,2026-01-10 19:06:51,TRANSFER,IMPS,Axis Bank,IN,0,NORMAL_BANKING_FLOW
TX_AXIS_107293,AXIS_ACC_20066,AXIS_ACC_20078,5292.7,2026-01-11 02:28:00,TRANSFER,IMPS,Axis Bank,IN,0,NORMAL_BANKING_FLOW
TX_AXIS_107294,AXIS_ACC_20028,PNB_ACC_20064,3720.99,2026-01-10 16:48:15,TRANSFER,IMPS,Axis Bank,IN,0,NORMAL_BANKING_FLOW
TX_AXIS_107295,AXIS_ACC_20045,AXIS_ACC_20181,11184.04,2026-01-10 18:44:40,TRANSFER,IMPS,Axis Bank,IN,0,NORMAL_BANKING_FLOW
TX_AXIS_107296,AXIS_ACC_20179,AXIS_ACC_20017,6509.62,2026-01-11 00:10:30,SETTLEMENT,NEFT,Axis Bank,IN,0,NORMAL_BANKING_FLOW
TX_AXIS_107297,AXIS_ACC_20097,AXIS_ACC_20078,4338.95,2026-01-10 18:22:04,TRANSFER,IMPS,Axis Bank,IN,0,NORMAL_BANKING_FLOW
TX_AXIS_107298,AXIS_ACC_20220,AXIS_ACC_20096,3433.03,2026-01-11 02:08:03,SETTLEMENT,NEFT,Axis Bank,IN,0,NORMAL_BANKING_FLOW
TX_AXIS_107299,AXIS_ACC_20155,AXIS_ACC_20192,4839.11,2026-01-10 18:22:42,TRANSFER,IMPS,Axis Bank,IN,0,NORMAL_BANKING_FLOW
TX_AXIS_107300,AXIS_ACC_20087,AXIS_ACC_20162,30378.77,2026-01-10 17:13:04,SETTLEMENT,NEFT,Axis Bank,IN,0,NORMAL_BANKING_FLOW
TX_AXIS_107301,AXIS_ACC_20089,ICICI_ACC_20189,5110.1,2026-01-10 23:26:40,TRANSFER,IMPS,Axis Bank,IN,0,NORMAL_BANKING_FLOW
TX_AXIS_107302,AXIS_ACC_20063,AXIS_ACC_20193,5913.9,2026-01-11 02:34:00,TRANSFER,IMPS,Axis Bank,IN,0,NORMAL_BANKING_FLOW
TX_AXIS_107303,AXIS_ACC_20241,KOTAK_ACC_20127,6268.56,2026-01-10 23:04:22,SETTLEMENT,NEFT,Axis Bank,IN,0,NORMAL_BANKING_FLOW
TX_AXIS_107304,AXIS_ACC_20068,KOTAK_ACC_20074,13890.96,2026-01-11 03:45:29,TRANSFER,IMPS,Axis Bank,IN,0,NORMAL_BANKING_FLOW
TX_AXIS_107305,AXIS_ACC_20175,AXIS_ACC_20086,15619.1,2026-01-11 09:37:12,TRANSFER,IMPS,Axis Bank,IN,0,NORMAL_BANKING_FLOW
TX_AXIS_107306,AXIS_ACC_20105,SBI_ACC_20002,471.23,2026-01-11 06:54:15,TRANSFER,IMPS,Axis Bank,IN,0,NORMAL_BANKING_FLOW
TX_AXIS_107307,AXIS_ACC_20217,AXIS_ACC_20153,27491.58,2026-01-10 22:19:34,SETTLEMENT,NEFT,Axis Bank,IN,0,NORMAL_BANKING_FLOW
TX_AXIS_107308,AXIS_ACC_20035,AXIS_ACC_20199,41621.33,2026-01-11 03:01:27,SETTLEMENT,NEFT,Axis Bank,IN,0,NORMAL_BANKING_FLOW
TX_AXIS_107309,AXIS_ACC_20247,AXIS_ACC_20204,3462.73,2026-01-10 20:23:12,SETTLEMENT,NEFT,Axis Bank,IN,0,NORMAL_BANKING_FLOW
TX_AXIS_107310,AXIS_ACC_20068,AXIS_ACC_20177,3743.22,2026-01-11 07:21:08,TRANSFER,IMPS,Axis Bank,IN,0,NORMAL_BANKING_FLOW
TX_AXIS_107311,AXIS_ACC_20186,CANARA_ACC_20190,6309.09,2026-01-10 19:13:30,SETTLEMENT,NEFT,Axis Bank,IN,0,NORMAL_BANKING_FLOW
TX_AXIS_107312,AXIS_ACC_20135,AXIS_ACC_20094,4647.09,2026-01-10 21:58:28,TRANSFER,IMPS,Axis Bank,IN,0,NORMAL_BANKING_FLOW
TX_AXIS_107313,AXIS_ACC_20014,INDUS_ACC_20214,12381.11,2026-01-11 09:21:24,SETTLEMENT,NEFT,Axis Bank,IN,0,NORMAL_BANKING_FLOW
TX_AXIS_107314,AXIS_ACC_20005,KOTAK_ACC_20066,1413.01,2026-01-11 09:45:54,SETTLEMENT,NEFT,Axis Bank,IN,0,NORMAL_BANKING_FLOW
TX_AXIS_107315,AXIS_ACC_20154,AXIS_ACC_20104,3235.93,2026-01-10 17:17:04,SETTLEMENT,NEFT,Axis Bank,IN,0,NORMAL_BANKING_FLOW
TX_AXIS_107316,AXIS_ACC_20092,AXIS_ACC_20029,46129.0,2026-01-11 09:47:50,SETTLEMENT,NEFT,Axis Bank,IN,0,NORMAL_BANKING_FLOW
TX_AXIS_107317,AXIS_ACC_20205,AXIS_ACC_20066,3911.91,2026-01-10 18:28:24,TRANSFER,IMPS,Axis Bank,IN,0,NORMAL_BANKING_FLOW
TX_AXIS_107318,AXIS_ACC_20208,AXIS_ACC_20064,34318.1,2026-01-10 17:17:52,TRANSFER,IMPS,Axis Bank,IN,0,NORMAL_BANKING_FLOW
TX_AXIS_107319,AXIS_ACC_20223,CANARA_ACC_20208,14119.87,2026-01-11 06:41:40,TRANSFER,IMPS,Axis Bank,IN,0,NORMAL_BANKING_FLOW
TX_AXIS_107320,AXIS_ACC_20176,AXIS_ACC_20208,1620.89,2026-01-11 04:20:36,TRANSFER,IMPS,Axis Bank,IN,0,NORMAL_BANKING_FLOW
TX_AXIS_107321,AXIS_ACC_20084,INDUS_ACC_20224,18682.25,2026-01-11 05:08:40,SETTLEMENT,NEFT,Axis Bank,IN,0,NORMAL_BANKING_FLOW
TX_AXIS_107322,AXIS_ACC_20207,AXIS_ACC_20245,8798.47,2026-01-11 10:41:00,TRANSFER,IMPS,Axis Bank,IN,0,NORMAL_BANKING_FLOW
TX_AXIS_107323,AXIS_ACC_20156,YES_ACC_20147,6276.28,2026-01-11 01:36:54,TRANSFER,IMPS,Axis Bank,IN,0,NORMAL_BANKING_FLOW
TX_AXIS_107324,AXIS_ACC_20213,AXIS_ACC_20189,12644.24,2026-01-11 01:13:48,TRANSFER,IMPS,Axis Bank,IN,0,NORMAL_BANKING_FLOW
TX_AXIS_107325,AXIS_ACC_20178,AXIS_ACC_20090,15908.89,2026-01-11 10:20:16,TRANSFER,IMPS,Axis Bank,IN,0,NORMAL_BANKING_FLOW
TX_AXIS_107326,AXIS_ACC_20087,AXIS_ACC_20001,20082.25,2026-01-11 03:37:30,TRANSFER,IMPS,Axis Bank,IN,0,NORMAL_BANKING_FLOW
TX_AXIS_107327,AXIS_ACC_20247,HDFC_ACC_20165,32152.74,2026-01-10 16:56:30,TRANSFER,IMPS,Axis Bank,IN,0,NORMAL_BANKING_FLOW
TX_AXIS_107328,AXIS_ACC_20078,AXIS_ACC_20170,14885.4,2026-01-11 04:02:41,TRANSFER,IMPS,Axis Bank,IN,0,NORMAL_BANKING_FLOW
TX_AXIS_107329,AXIS_ACC_20081,AXIS_ACC_20059,2500.8,2026-01-11 00:05:24,SETTLEMENT,NEFT,Axis Bank,IN,0,NORMAL_BANKING_FLOW
TX_AXIS_107330,AXIS_ACC_20208,AXIS_ACC_20054,6163.22,2026-01-11 00:53:35,SETTLEMENT,NEFT,Axis Bank,IN,0,NORMAL_BANKING_FLOW
TX_AXIS_107331,AXIS_ACC_20041,AXIS_ACC_20233,187784.13,2026-01-11 06:51:40,TRANSFER,IMPS,Axis Bank,IN,0,NORMAL_BANKING_FLOW
TX_AXIS_107332,AXIS_ACC_20183,AXIS_ACC_20245,20424.51,2026-01-11 05:40:57,SETTLEMENT,NEFT,Axis Bank,IN,0,NORMAL_BANKING_FLOW
TX_AXIS_107333,AXIS_ACC_20013,AXIS_ACC_20003,105798.04,2026-01-11 10:04:16,SETTLEMENT,NEFT,Axis Bank,IN,0,NORMAL_BANKING_FLOW
TX_AXIS_107334,AXIS_ACC_20242,AXIS_ACC_20174,39952.0,2026-01-11 04:30:52,TRANSFER,IMPS,Axis Bank,IN,0,NORMAL_BANKING_FLOW
TX_AXIS_107335,AXIS_ACC_20162,AXIS_ACC_20114,12604.41,2026-01-11 10:54:00,SETTLEMENT,NEFT,Axis Bank,IN,0,NORMAL_BANKING_FLOW
TX_AXIS_107336,AXIS_ACC_20188,SBI_ACC_20219,13378.54,2026-01-11 02:56:40,SETTLEMENT,NEFT,Axis Bank,IN,0,NORMAL_BANKING_FLOW
TX_AXIS_107337,AXIS_ACC_20199,PNB_ACC_20143,9541.63,2026-01-10 23:45:52,SETTLEMENT,NEFT,Axis Bank,IN,0,NORMAL_BANKING_FLOW
TX_AXIS_107338,AXIS_ACC_20235,ICICI_ACC_20160,1740.97,2026-01-11 00:10:21,TRANSFER,IMPS,Axis Bank,IN,0,NORMAL_BANKING_FLOW
TX_AXIS_107339,AXIS_ACC_20217,KOTAK_ACC_20080,10077.37,2026-01-11 10:58:00,SETTLEMENT,NEFT,Axis Bank,IN,0,NORMAL_BANKING_FLOW
TX_AXIS_107340,AXIS_ACC_20038,BOB_ACC_20051,33212.27,2026-01-11 10:59:00,TRANSFER,IMPS,Axis Bank,IN,0,NORMAL_BANKING_FLOW
TX_AXIS_107341,AXIS_ACC_20043,AXIS_ACC_20208,5433.62,2026-01-11 09:00:00,TRANSFER,IMPS,Axis Bank,IN,0,NORMAL_BANKING_FLOW
TX_AXIS_107342,AXIS_ACC_20220,AXIS_ACC_20125,14942.32,2026-01-11 05:00:45,SETTLEMENT,NEFT,Axis Bank,IN,0,NORMAL_BANKING_FLOW
TX_AXIS_107343,AXIS_ACC_20031,AXIS_ACC_20012,23192.66,2026-01-11 07:25:42,SETTLEMENT,NEFT,Axis Bank,IN,0,NORMAL_BANKING_FLOW
TX_AXIS_107344,AXIS_ACC_20083,AXIS_ACC_20164,3985.11,2026-01-10 20:13:09,TRANSFER,IMPS,Axis Bank,IN,0,NORMAL_BANKING_FLOW
TX_AXIS_107345,AXIS_ACC_20120,AXIS_ACC_20021,6302.47,2026-01-11 04:38:56,SETTLEMENT,NEFT,Axis Bank,IN,0,NORMAL_BANKING_FLOW
TX_AXIS_107346,AXIS_ACC_20033,HDFC_ACC_20213,3576.32,2026-01-11 01:27:00,TRANSFER,IMPS,Axis Bank,IN,0,NORMAL_BANKING_FLOW
TX_AXIS_107347,AXIS_ACC_20245,AXIS_ACC_20009,4349.58,2026-01-11 06:16:48,SETTLEMENT,NEFT,Axis Bank,IN,0,NORMAL_BANKING_FLOW
TX_AXIS_107348,AXIS_ACC_20202,AXIS_ACC_20018,2730.92,2026-01-11 10:18:46,SETTLEMENT,NEFT,Axis Bank,IN,0,NORMAL_BANKING_FLOW
TX_AXIS_107349,AXIS_ACC_20147,AXIS_ACC_20106,4022.07,2026-01-10 17:02:00,TRANSFER,IMPS,Axis Bank,IN,0,NORMAL_BANKING_FLOW
TX_AXIS_107350,AXIS_ACC_20238,AXIS_ACC_20065,40923.33,2026-01-10 19:51:18,TRANSFER,IMPS,Axis Bank,IN,0,NORMAL_BANKING_FLOW
TX_AXIS_107351,AXIS_ACC_20020,BOB_ACC_20061,3962.07,2026-01-11 02:42:30,SETTLEMENT,NEFT,Axis Bank,IN,0,NORMAL_BANKING_FLOW
TX_AXIS_107352,AXIS_ACC_20117,AXIS_ACC_20077,11231.29,2026-01-10 18:15:18,SETTLEMENT,NEFT,Axis Bank,IN,0,NORMAL_BANKING_FLOW
TX_AXIS_107353,AXIS_ACC_20077,CANARA_ACC_20054,5985.72,2026-01-10 21:29:12,SETTLEMENT,NEFT,Axis Bank,IN,0,NORMAL_BANKING_FLOW
TX_AXIS_107354,AXIS_ACC_20139,INDUS_ACC_20248,32172.46,2026-01-11 10:00:21,TRANSFER,IMPS,Axis Bank,IN,0,NORMAL_BANKING_FLOW
TX_AXIS_107355,AXIS_ACC_20127,CANARA_ACC_20248,36723.14,2026-01-11 11:14:00,TRANSFER,IMPS,Axis Bank,IN,0,NORMAL_BANKING_FLOW
TX_AXIS_107356,AXIS_ACC_20214,CANARA_ACC_20117,23483.89,2026-01-11 00:20:15,TRANSFER,IMPS,Axis Bank,IN,0,NORMAL_BANKING_FLOW
TX_AXIS_107357,AXIS_ACC_20143,AXIS_ACC_20030,13441.93,2026-01-10 17:04:00,TRANSFER,IMPS,Axis Bank,IN,0,NORMAL_BANKING_FLOW
TX_AXIS_107358,AXIS_ACC_20062,AXIS_ACC_20239,7855.27,2026-01-11 09:15:35,TRANSFER,IMPS,Axis Bank,IN,0,NORMAL_BANKING_FLOW
TX_AXIS_107359,AXIS_ACC_20192,AXIS_ACC_20198,3005.28,2026-01-10 19:30:18,TRANSFER,IMPS,Axis Bank,IN,0,NORMAL_BANKING_FLOW
TX_AXIS_107360,AXIS_ACC_20140,ICICI_ACC_20103,69115.13,2026-01-11 07:15:50,SETTLEMENT,NEFT,Axis Bank,IN,0,NORMAL_BANKING_FLOW
TX_AXIS_107361,AXIS_ACC_20149,AXIS_ACC_20104,4630.07,2026-01-11 05:15:00,TRANSFER,IMPS,Axis Bank,IN,0,NORMAL_BANKING_FLOW
TX_AXIS_107362,AXIS_ACC_20186,AXIS_ACC_20138,19218.84,2026-01-11 10:07:57,TRANSFER,IMPS,Axis Bank,IN,0,NORMAL_BANKING_FLOW
TX_AXIS_107363,AXIS_ACC_20184,BOB_ACC_20055,28554.38,2026-01-11 04:03:24,TRANSFER,IMPS,Axis Bank,IN,0,NORMAL_BANKING_FLOW
TX_AXIS_107364,AXIS_ACC_20092,AXIS_ACC_20105,5680.07,2026-01-11 07:43:33,SETTLEMENT,NEFT,Axis Bank,IN,0,NORMAL_BANKING_FLOW
TX_AXIS_107365,AXIS_ACC_20211,AXIS_ACC_20034,27945.53,2026-01-11 00:49:36,TRANSFER,IMPS,Axis Bank,IN,0,NORMAL_BANKING_FLOW
TX_AXIS_107366,AXIS_ACC_20000,KOTAK_ACC_20174,21252.15,2026-01-10 19:32:45,SETTLEMENT,NEFT,Axis Bank,IN,0,NORMAL_BANKING_FLOW
TX_AXIS_107367,AXIS_ACC_20193,SBI_ACC_20114,55712.72,2026-01-11 05:19:30,TRANSFER,IMPS,Axis Bank,IN,0,NORMAL_BANKING_FLOW
TX_AXIS_107368,AXIS_ACC_20124,AXIS_ACC_20015,6189.77,2026-01-10 17:55:39,SETTLEMENT,NEFT,Axis Bank,IN,0,NORMAL_BANKING_FLOW
TX_AXIS_107369,AXIS_ACC_20192,YES_ACC_20192,2735.68,2026-01-11 06:34:24,SETTLEMENT,NEFT,Axis Bank,IN,0,NORMAL_BANKING_FLOW
TX_AXIS_107370,AXIS_ACC_20009,AXIS_ACC_20216,5970.05,2026-01-11 08:13:08,TRANSFER,IMPS,Axis Bank,IN,0,NORMAL_BANKING_FLOW
TX_AXIS_107371,AXIS_ACC_20246,BOB_ACC_20060,12195.88,2026-01-11 11:30:00,TRANSFER,IMPS,Axis Bank,IN,0,NORMAL_BANKING_FLOW
TX_AXIS_107372,AXIS_ACC_20152,AXIS_ACC_20178,10490.37,2026-01-11 00:04:32,TRANSFER,IMPS,Axis Bank,IN,0,NORMAL_BANKING_FLOW
TX_AXIS_107373,AXIS_ACC_20184,AXIS_ACC_20112,6677.92,2026-01-11 11:07:28,TRANSFER,IMPS,Axis Bank,IN,0,NORMAL_BANKING_FLOW
TX_AXIS_107374,AXIS_ACC_20045,AXIS_ACC_20089,1466.75,2026-01-11 03:46:33,SETTLEMENT,NEFT,Axis Bank,IN,0,NORMAL_BANKING_FLOW
TX_AXIS_107375,AXIS_ACC_20204,AXIS_ACC_20222,15843.0,2026-01-10 18:22:12,SETTLEMENT,NEFT,Axis Bank,IN,0,NORMAL_BANKING_FLOW
TX_AXIS_107376,AXIS_ACC_20101,AXIS_ACC_20034,71135.69,2026-01-11 00:06:40,SETTLEMENT,NEFT,Axis Bank,IN,0,NORMAL_BANKING_FLOW
TX_AXIS_107377,AXIS_ACC_20092,AXIS_ACC_20022,15744.58,2026-01-11 04:13:12,TRANSFER,IMPS,Axis Bank,IN,0,NORMAL_BANKING_FLOW
TX_AXIS_107378,AXIS_ACC_20128,AXIS_ACC_20151,18199.25,2026-01-11 08:44:41,TRANSFER,IMPS,Axis Bank,IN,0,NORMAL_BANKING_FLOW
TX_AXIS_107379,AXIS_ACC_20147,AXIS_ACC_20220,17543.61,2026-01-11 00:08:16,TRANSFER,IMPS,Axis Bank,IN,0,NORMAL_BANKING_FLOW
TX_AXIS_107380,AXIS_ACC_20085,ICICI_ACC_20015,14721.24,2026-01-10 17:59:03,TRANSFER,IMPS,Axis Bank,IN,0,NORMAL_BANKING_FLOW
TX_AXIS_107381,AXIS_ACC_20045,AXIS_ACC_20058,25126.19,2026-01-10 21:41:20,TRANSFER,IMPS,Axis Bank,IN,0,NORMAL_BANKING_FLOW
TX_AXIS_107382,AXIS_ACC_20216,PNB_ACC_20088,14696.63,2026-01-10 18:24:18,TRANSFER,IMPS,Axis Bank,IN,0,NORMAL_BANKING_FLOW
TX_AXIS_107383,AXIS_ACC_20095,KOTAK_ACC_20061,7239.61,2026-01-10 21:17:30,SETTLEMENT,NEFT,Axis Bank,IN,0,NORMAL_BANKING_FLOW
TX_AXIS_107384,AXIS_ACC_20183,CANARA_ACC_20192,4464.94,2026-01-10 17:10:45,SETTLEMENT,NEFT,Axis Bank,IN,0,NORMAL_BANKING_FLOW
TX_AXIS_107385,AXIS_ACC_20010,KOTAK_ACC_20085,7715.81,2026-01-10 23:46:44,SETTLEMENT,NEFT,Axis Bank,IN,0,NORMAL_BANKING_FLOW
TX_AXIS_107386,AXIS_ACC_20087,AXIS_ACC_20038,13549.83,2026-01-10 19:15:00,TRANSFER,IMPS,Axis Bank,IN,0,NORMAL_BANKING_FLOW
TX_AXIS_107387,AXIS_ACC_20190,AXIS_ACC_20031,7215.0,2026-01-11 00:12:32,TRANSFER,IMPS,Axis Bank,IN,0,NORMAL_BANKING_FLOW
TX_AXIS_107388,AXIS_ACC_20142,AXIS_ACC_20195,13552.67,2026-01-10 20:30:01,TRANSFER,IMPS,Axis Bank,IN,0,NORMAL_BANKING_FLOW
TX_AXIS_107389,AXIS_ACC_20006,AXIS_ACC_20205,15354.29,2026-01-11 09:44:00,TRANSFER,IMPS,Axis Bank,IN,0,NORMAL_BANKING_FLOW
TX_AXIS_107390,AXIS_ACC_20225,AXIS_ACC_20185,22769.55,2026-01-11 02:18:13,SETTLEMENT,NEFT,Axis Bank,IN,0,NORMAL_BANKING_FLOW
TX_AXIS_107391,AXIS_ACC_20053,AXIS_ACC_20127,35696.04,2026-01-11 03:58:10,SETTLEMENT,NEFT,Axis Bank,IN,0,NORMAL_BANKING_FLOW
TX_AXIS_107392,AXIS_ACC_20066,AXIS_ACC_20137,10700.09,2026-01-11 04:23:42,TRANSFER,IMPS,Axis Bank,IN,0,NORMAL_BANKING_FLOW
TX_AXIS_107393,AXIS_ACC_20040,BOB_ACC_20059,2676.39,2026-01-11 02:20:04,SETTLEMENT,NEFT,Axis Bank,IN,0,NORMAL_BANKING_FLOW
TX_AXIS_107394,AXIS_ACC_20201,KOTAK_ACC_20127,7008.62,2026-01-11 05:14:52,TRANSFER,IMPS,Axis Bank,IN,0,NORMAL_BANKING_FLOW
TX_AXIS_107395,AXIS_ACC_20086,KOTAK_ACC_20026,10342.97,2026-01-11 11:04:12,TRANSFER,IMPS,Axis Bank,IN,0,NORMAL_BANKING_FLOW
TX_AXIS_107396,AXIS_ACC_20058,SBI_ACC_20001,1578.5,2026-01-10 18:03:35,TRANSFER,IMPS,Axis Bank,IN,0,NORMAL_BANKING_FLOW
TX_AXIS_107397,AXIS_ACC_20079,AXIS_ACC_20053,39682.46,2026-01-11 07:21:44,SETTLEMENT,NEFT,Axis Bank,IN,0,NORMAL_BANKING_FLOW
TX_AXIS_107398,AXIS_ACC_20008,AXIS_ACC_20115,11411.51,2026-01-10 23:53:27,SETTLEMENT,NEFT,Axis Bank,IN,0,NORMAL_BANKING_FLOW
TX_AXIS_107399,AXIS_ACC_20048,AXIS_ACC_20195,14492.01,2026-01-10 17:14:30,TRANSFER,IMPS,Axis Bank,IN,0,NORMAL_BANKING_FLOW
TX_AXIS_107400,AXIS_ACC_20161,AXIS_ACC_20228,38774.82,2026-01-10 22:14:33,SETTLEMENT,NEFT,Axis Bank,IN,0,NORMAL_BANKING_FLOW
TX_AXIS_107401,AXIS_ACC_20071,AXIS_ACC_20163,5270.38,2026-01-11 06:35:00,TRANSFER,IMPS,Axis Bank,IN,0,NORMAL_BANKING_FLOW
TX_AXIS_107402,AXIS_ACC_20165,AXIS_ACC_20140,17571.65,2026-01-10 19:20:20,TRANSFER,IMPS,Axis Bank,IN,0,NORMAL_BANKING_FLOW
TX_AXIS_107403,AXIS_ACC_20068,AXIS_ACC_20113,8867.39,2026-01-11 09:56:50,SETTLEMENT,NEFT,Axis Bank,IN,0,NORMAL_BANKING_FLOW
TX_AXIS_107404,AXIS_ACC_20205,INDUS_ACC_20192,8233.06,2026-01-10 19:46:03,TRANSFER,IMPS,Axis Bank,IN,0,NORMAL_BANKING_FLOW
TX_AXIS_107405,AXIS_ACC_20122,YES_ACC_20138,4572.46,2026-01-11 11:13:52,SETTLEMENT,NEFT,Axis Bank,IN,0,NORMAL_BANKING_FLOW
TX_AXIS_107406,AXIS_ACC_20167,AXIS_ACC_20075,52344.56,2026-01-10 17:41:20,SETTLEMENT,NEFT,Axis Bank,IN,0,NORMAL_BANKING_FLOW
TX_AXIS_107407,AXIS_ACC_20091,AXIS_ACC_20187,6798.79,2026-01-11 02:53:48,SETTLEMENT,NEFT,Axis Bank,IN,0,NORMAL_BANKING_FLOW
TX_AXIS_107408,AXIS_ACC_20094,AXIS_ACC_20179,19919.7,2026-01-11 11:41:53,TRANSFER,IMPS,Axis Bank,IN,0,NORMAL_BANKING_FLOW
TX_AXIS_107409,AXIS_ACC_20118,AXIS_ACC_20040,1517.76,2026-01-11 07:31:32,SETTLEMENT,NEFT,Axis Bank,IN,0,NORMAL_BANKING_FLOW
TX_AXIS_107410,AXIS_ACC_20082,AXIS_ACC_20037,32208.59,2026-01-11 04:36:18,TRANSFER,IMPS,Axis Bank,IN,0,NORMAL_BANKING_FLOW
TX_AXIS_107411,AXIS_ACC_20050,AXIS_ACC_20248,28345.15,2026-01-11 10:04:10,SETTLEMENT,NEFT,Axis Bank,IN,0,NORMAL_BANKING_FLOW
TX_AXIS_107412,AXIS_ACC_20135,AXIS_ACC_20052,10909.99,2026-01-11 09:14:43,TRANSFER,IMPS,Axis Bank,IN,0,NORMAL_BANKING_FLOW
TX_AXIS_107413,AXIS_ACC_20033,AXIS_ACC_20143,7887.68,2026-01-11 00:01:12,SETTLEMENT,NEFT,Axis Bank,IN,0,NORMAL_BANKING_FLOW
TX_AXIS_107414,AXIS_ACC_20146,AXIS_ACC_20155,14764.78,2026-01-10 22:46:04,SETTLEMENT,NEFT,Axis Bank,IN,0,NORMAL_BANKING_FLOW
TX_AXIS_107415,AXIS_ACC_20155,AXIS_ACC_20235,97615.41,2026-01-11 05:30:16,SETTLEMENT,NEFT,Axis Bank,IN,0,NORMAL_BANKING_FLOW
TX_AXIS_107416,AXIS_ACC_20220,AXIS_ACC_20054,1697.25,2026-01-11 11:24:30,SETTLEMENT,NEFT,Axis Bank,IN,0,NORMAL_BANKING_FLOW
TX_AXIS_107417,AXIS_ACC_20005,AXIS_ACC_20025,21634.13,2026-01-10 19:25:20,SETTLEMENT,NEFT,Axis Bank,IN,0,NORMAL_BANKING_FLOW
TX_AXIS_107418,AXIS_ACC_20193,AXIS_ACC_20172,3977.4,2026-01-11 09:20:01,TRANSFER,IMPS,Axis Bank,IN,0,NORMAL_BANKING_FLOW
TX_AXIS_107419,AXIS_ACC_20204,AXIS_ACC_20020,9701.94,2026-01-11 04:17:18,SETTLEMENT,NEFT,Axis Bank,IN,0,NORMAL_BANKING_FLOW
TX_AXIS_107420,AXIS_ACC_20007,AXIS_ACC_20002,7724.25,2026-01-11 11:28:22,SETTLEMENT,NEFT,Axis Bank,IN,0,NORMAL_BANKING_FLOW
TX_AXIS_107421,AXIS_ACC_20224,BOB_ACC_20103,6449.01,2026-01-11 03:53:20,TRANSFER,IMPS,Axis Bank,IN,0,NORMAL_BANKING_FLOW
TX_AXIS_107422,AXIS_ACC_20009,AXIS_ACC_20118,9794.09,2026-01-11 10:14:15,SETTLEMENT,NEFT,Axis Bank,IN,0,NORMAL_BANKING_FLOW
TX_AXIS_107423,AXIS_ACC_20126,AXIS_ACC_20023,3183.79,2026-01-10 23:15:38,SETTLEMENT,NEFT,Axis Bank,IN,0,NORMAL_BANKING_FLOW
TX_AXIS_107424,AXIS_ACC_20147,AXIS_ACC_20109,27699.8,2026-01-11 01:23:02,SETTLEMENT,NEFT,Axis Bank,IN,0,NORMAL_BANKING_FLOW
TX_AXIS_107425,AXIS_ACC_20149,AXIS_ACC_20158,1645.59,2026-01-10 23:42:00,TRANSFER,IMPS,Axis Bank,IN,0,NORMAL_BANKING_FLOW
TX_AXIS_107426,AXIS_ACC_20000,AXIS_ACC_20086,16979.54,2026-01-10 19:28:20,SETTLEMENT,NEFT,Axis Bank,IN,0,NORMAL_BANKING_FLOW
TX_AXIS_107427,AXIS_ACC_20219,AXIS_ACC_20043,7139.97,2026-01-10 22:01:16,TRANSFER,IMPS,Axis Bank,IN,0,NORMAL_BANKING_FLOW
TX_AXIS_107428,AXIS_ACC_20090,AXIS_ACC_20103,3068.9,2026-01-10 21:10:48,TRANSFER,IMPS,Axis Bank,IN,0,NORMAL_BANKING_FLOW
TX_AXIS_107429,AXIS_ACC_20113,AXIS_ACC_20147,12117.23,2026-01-10 23:44:00,SETTLEMENT,NEFT,Axis Bank,IN,0,NORMAL_BANKING_FLOW
TX_AXIS_107430,AXIS_ACC_20058,AXIS_ACC_20066,2086.09,2026-01-11 11:38:02,SETTLEMENT,NEFT,Axis Bank,IN,0,NORMAL_BANKING_FLOW
TX_AXIS_107431,AXIS_ACC_20152,AXIS_ACC_20051,10298.09,2026-01-11 09:57:00,TRANSFER,IMPS,Axis Bank,IN,0,NORMAL_BANKING_FLOW
TX_AXIS_107432,AXIS_ACC_20082,PNB_ACC_20106,2385.4,2026-01-11 08:15:50,TRANSFER,IMPS,Axis Bank,IN,0,NORMAL_BANKING_FLOW
TX_AXIS_107433,AXIS_ACC_20169,AXIS_ACC_20050,15697.74,2026-01-11 03:10:16,TRANSFER,IMPS,Axis Bank,IN,0,NORMAL_BANKING_FLOW
TX_AXIS_107434,AXIS_ACC_20131,AXIS_ACC_20008,3927.05,2026-01-10 19:05:27,TRANSFER,IMPS,Axis Bank,IN,0,NORMAL_BANKING_FLOW
TX_AXIS_107435,AXIS_ACC_20218,AXIS_ACC_20169,6304.42,2026-01-10 18:40:12,TRANSFER,IMPS,Axis Bank,IN,0,NORMAL_BANKING_FLOW
TX_AXIS_107436,AXIS_ACC_20241,AXIS_ACC_20052,13279.14,2026-01-10 21:14:00,SETTLEMENT,NEFT,Axis Bank,IN,0,NORMAL_BANKING_FLOW
TX_AXIS_107437,AXIS_ACC_20056,AXIS_ACC_20042,4570.87,2026-01-11 03:38:24,SETTLEMENT,NEFT,Axis Bank,IN,0,NORMAL_BANKING_FLOW
TX_AXIS_107438,AXIS_ACC_20168,KOTAK_ACC_20184,9339.76,2026-01-11 02:47:49,SETTLEMENT,NEFT,Axis Bank,IN,0,NORMAL_BANKING_FLOW
TX_AXIS_107439,AXIS_ACC_20043,KOTAK_ACC_20072,2178.02,2026-01-11 12:38:00,SETTLEMENT,NEFT,Axis Bank,IN,0,NORMAL_BANKING_FLOW
TX_AXIS_107440,AXIS_ACC_20144,AXIS_ACC_20016,18599.23,2026-01-11 07:05:33,TRANSFER,IMPS,Axis Bank,IN,0,NORMAL_BANKING_FLOW
TX_AXIS_107441,AXIS_ACC_20001,HDFC_ACC_20008,57809.81,2026-01-11 04:58:00,SETTLEMENT,NEFT,Axis Bank,IN,0,NORMAL_BANKING_FLOW
TX_AXIS_107442,AXIS_ACC_20140,AXIS_ACC_20101,161491.67,2026-01-11 09:41:13,TRANSFER,IMPS,Axis Bank,IN,0,NORMAL_BANKING_FLOW
TX_AXIS_107443,AXIS_ACC_20053,ICICI_ACC_20105,10841.84,2026-01-10 17:51:12,SETTLEMENT,NEFT,Axis Bank,IN,0,NORMAL_BANKING_FLOW
TX_AXIS_107444,AXIS_ACC_20193,AXIS_ACC_20197,21768.17,2026-01-11 01:34:22,TRANSFER,IMPS,Axis Bank,IN,0,NORMAL_BANKING_FLOW
TX_AXIS_107445,AXIS_ACC_20160,AXIS_ACC_20171,1667.99,2026-01-11 08:26:40,SETTLEMENT,NEFT,Axis Bank,IN,0,NORMAL_BANKING_FLOW
TX_AXIS_107446,AXIS_ACC_20157,AXIS_ACC_20241,44477.3,2026-01-11 06:18:45,TRANSFER,IMPS,Axis Bank,IN,0,NORMAL_BANKING_FLOW
TX_AXIS_107447,AXIS_ACC_20110,SBI_ACC_20153,21509.04,2026-01-11 00:44:32,TRANSFER,IMPS,Axis Bank,IN,0,NORMAL_BANKING_FLOW
TX_AXIS_107448,AXIS_ACC_20235,AXIS_ACC_20234,6100.14,2026-01-10 22:36:09,TRANSFER,IMPS,Axis Bank,IN,0,NORMAL_BANKING_FLOW
TX_AXIS_107449,AXIS_ACC_20093,AXIS_ACC_20144,34104.37,2026-01-11 12:48:00,SETTLEMENT,NEFT,Axis Bank,IN,0,NORMAL_BANKING_FLOW
TX_AXIS_107450,AXIS_ACC_20089,KOTAK_ACC_20183,7673.47,2026-01-10 20:02:09,TRANSFER,IMPS,Axis Bank,IN,0,NORMAL_BANKING_FLOW
TX_AXIS_107451,AXIS_ACC_20246,AXIS_ACC_20076,6260.25,2026-01-11 00:46:40,TRANSFER,IMPS,Axis Bank,IN,0,NORMAL_BANKING_FLOW
TX_AXIS_107452,AXIS_ACC_20202,AXIS_ACC_20246,15920.06,2026-01-11 00:21:21,SETTLEMENT,NEFT,Axis Bank,IN,0,NORMAL_BANKING_FLOW
TX_AXIS_107453,AXIS_ACC_20196,AXIS_ACC_20014,3417.43,2026-01-10 23:30:08,TRANSFER,IMPS,Axis Bank,IN,0,NORMAL_BANKING_FLOW
TX_AXIS_107454,AXIS_ACC_20128,SBI_ACC_20168,27491.3,2026-01-11 12:53:00,TRANSFER,IMPS,Axis Bank,IN,0,NORMAL_BANKING_FLOW
TX_AXIS_107455,AXIS_ACC_20088,HDFC_ACC_20141,3442.7,2026-01-11 02:32:24,TRANSFER,IMPS,Axis Bank,IN,0,NORMAL_BANKING_FLOW
TX_AXIS_107456,AXIS_ACC_20204,CANARA_ACC_20113,3463.19,2026-01-10 22:39:45,TRANSFER,IMPS,Axis Bank,IN,0,NORMAL_BANKING_FLOW
TX_AXIS_107457,AXIS_ACC_20236,BOB_ACC_20060,3985.07,2026-01-10 19:38:40,TRANSFER,IMPS,Axis Bank,IN,0,NORMAL_BANKING_FLOW
TX_AXIS_107458,AXIS_ACC_20208,AXIS_ACC_20011,21152.22,2026-01-11 05:35:51,TRANSFER,IMPS,Axis Bank,IN,0,NORMAL_BANKING_FLOW
TX_AXIS_107459,AXIS_ACC_20130,AXIS_ACC_20054,5341.3,2026-01-11 09:56:14,SETTLEMENT,NEFT,Axis Bank,IN,0,NORMAL_BANKING_FLOW
TX_AXIS_107460,AXIS_ACC_20040,SBI_ACC_20038,2570.88,2026-01-11 07:21:13,TRANSFER,IMPS,Axis Bank,IN,0,NORMAL_BANKING_FLOW
TX_AXIS_107461,AXIS_ACC_20220,AXIS_ACC_20151,5400.9,2026-01-11 00:00:00,TRANSFER,IMPS,Axis Bank,IN,0,NORMAL_BANKING_FLOW
TX_AXIS_107462,AXIS_ACC_20100,ICICI_ACC_20067,9585.03,2026-01-11 12:08:58,TRANSFER,IMPS,Axis Bank,IN,0,NORMAL_BANKING_FLOW
TX_AXIS_107463,AXIS_ACC_20223,AXIS_ACC_20064,3038.22,2026-01-10 23:34:58,TRANSFER,IMPS,Axis Bank,IN,0,NORMAL_BANKING_FLOW
TX_AXIS_107464,AXIS_ACC_20084,AXIS_ACC_20028,3128.53,2026-01-11 07:50:24,TRANSFER,IMPS,Axis Bank,IN,0,NORMAL_BANKING_FLOW
TX_AXIS_107465,AXIS_ACC_20175,AXIS_ACC_20008,81739.8,2026-01-10 22:17:44,SETTLEMENT,NEFT,Axis Bank,IN,0,NORMAL_BANKING_FLOW
TX_AXIS_107466,AXIS_ACC_20016,AXIS_ACC_20140,4185.72,2026-01-11 00:02:30,TRANSFER,IMPS,Axis Bank,IN,0,NORMAL_BANKING_FLOW
TX_AXIS_107467,AXIS_ACC_20222,AXIS_ACC_20159,7164.96,2026-01-10 18:23:42,TRANSFER,IMPS,Axis Bank,IN,0,NORMAL_BANKING_FLOW
TX_AXIS_107468,AXIS_ACC_20000,SBI_ACC_20054,6855.2,2026-01-11 01:21:51,TRANSFER,IMPS,Axis Bank,IN,0,NORMAL_BANKING_FLOW
TX_AXIS_107469,AXIS_ACC_20112,AXIS_ACC_20110,6494.06,2026-01-11 06:36:00,TRANSFER,IMPS,Axis Bank,IN,0,NORMAL_BANKING_FLOW
TX_AXIS_107470,AXIS_ACC_20189,YES_ACC_20020,18422.84,2026-01-11 09:39:48,TRANSFER,IMPS,Axis Bank,IN,0,NORMAL_BANKING_FLOW
TX_AXIS_107471,AXIS_ACC_20207,AXIS_ACC_20193,25543.62,2026-01-10 22:20:20,TRANSFER,IMPS,Axis Bank,IN,0,NORMAL_BANKING_FLOW
TX_AXIS_107472,AXIS_ACC_20208,AXIS_ACC_20178,7288.45,2026-01-11 00:05:30,SETTLEMENT,NEFT,Axis Bank,IN,0,NORMAL_BANKING_FLOW
TX_AXIS_107473,AXIS_ACC_20141,BOB_ACC_20182,2874.18,2026-01-11 02:17:00,SETTLEMENT,NEFT,Axis Bank,IN,0,NORMAL_BANKING_FLOW
TX_AXIS_107474,AXIS_ACC_20144,SBI_ACC_20010,35399.05,2026-01-11 12:46:47,TRANSFER,IMPS,Axis Bank,IN,0,NORMAL_BANKING_FLOW
TX_AXIS_107475,AXIS_ACC_20133,AXIS_ACC_20055,8997.11,2026-01-11 01:51:56,TRANSFER,IMPS,Axis Bank,IN,0,NORMAL_BANKING_FLOW
TX_AXIS_107476,AXIS_ACC_20216,AXIS_ACC_20182,55844.25,2026-01-10 23:15:00,TRANSFER,IMPS,Axis Bank,IN,0,NORMAL_BANKING_FLOW
TX_AXIS_107477,AXIS_ACC_20000,AXIS_ACC_20058,1047.76,2026-01-11 13:16:00,SETTLEMENT,NEFT,Axis Bank,IN,0,NORMAL_BANKING_FLOW
TX_AXIS_107478,AXIS_ACC_20191,AXIS_ACC_20221,12032.94,2026-01-11 07:35:19,TRANSFER,IMPS,Axis Bank,IN,0,NORMAL_BANKING_FLOW
TX_AXIS_107479,AXIS_ACC_20086,CANARA_ACC_20049,67413.89,2026-01-10 18:00:48,TRANSFER,IMPS,Axis Bank,IN,0,NORMAL_BANKING_FLOW
TX_AXIS_107480,AXIS_ACC_20224,HDFC_ACC_20047,6951.66,2026-01-11 08:03:12,TRANSFER,IMPS,Axis Bank,IN,0,NORMAL_BANKING_FLOW
TX_AXIS_107481,AXIS_ACC_20219,AXIS_ACC_20247,7899.12,2026-01-11 01:29:00,SETTLEMENT,NEFT,Axis Bank,IN,0,NORMAL_BANKING_FLOW
TX_AXIS_107482,AXIS_ACC_20095,AXIS_ACC_20099,13299.9,2026-01-11 08:31:09,TRANSFER,IMPS,Axis Bank,IN,0,NORMAL_BANKING_FLOW
TX_AXIS_107483,AXIS_ACC_20153,AXIS_ACC_20145,5660.14,2026-01-11 11:36:32,SETTLEMENT,NEFT,Axis Bank,IN,0,NORMAL_BANKING_FLOW
TX_AXIS_107484,AXIS_ACC_20233,AXIS_ACC_20200,7243.99,2026-01-11 09:51:56,TRANSFER,IMPS,Axis Bank,IN,0,NORMAL_BANKING_FLOW
TX_AXIS_107485,AXIS_ACC_20091,AXIS_ACC_20148,7059.89,2026-01-11 03:43:12,TRANSFER,IMPS,Axis Bank,IN,0,NORMAL_BANKING_FLOW
TX_AXIS_107486,AXIS_ACC_20189,KOTAK_ACC_20213,5284.74,2026-01-10 20:14:45,SETTLEMENT,NEFT,Axis Bank,IN,0,NORMAL_BANKING_FLOW
TX_AXIS_107487,AXIS_ACC_20112,AXIS_ACC_20110,33821.65,2026-01-11 09:28:06,TRANSFER,IMPS,Axis Bank,IN,0,NORMAL_BANKING_FLOW
TX_AXIS_107488,AXIS_ACC_20123,AXIS_ACC_20002,15694.69,2026-01-11 12:07:39,TRANSFER,IMPS,Axis Bank,IN,0,NORMAL_BANKING_FLOW
TX_AXIS_107489,AXIS_ACC_20242,AXIS_ACC_20217,12716.15,2026-01-11 11:42:08,TRANSFER,IMPS,Axis Bank,IN,0,NORMAL_BANKING_FLOW
TX_AXIS_107490,AXIS_ACC_20192,BOB_ACC_20232,22216.07,2026-01-10 23:21:32,SETTLEMENT,NEFT,Axis Bank,IN,0,NORMAL_BANKING_FLOW
TX_AXIS_107491,AXIS_ACC_20216,INDUS_ACC_20004,7598.03,2026-01-11 13:30:00,SETTLEMENT,NEFT,Axis Bank,IN,0,NORMAL_BANKING_FLOW
TX_AXIS_107492,AXIS_ACC_20179,AXIS_ACC_20108,4563.28,2026-01-11 07:19:46,SETTLEMENT,NEFT,Axis Bank,IN,0,NORMAL_BANKING_FLOW
TX_AXIS_107493,AXIS_ACC_20151,AXIS_ACC_20209,5417.42,2026-01-10 19:50:40,TRANSFER,IMPS,Axis Bank,IN,0,NORMAL_BANKING_FLOW
TX_AXIS_107494,AXIS_ACC_20049,AXIS_ACC_20091,9914.79,2026-01-10 21:10:39,TRANSFER,IMPS,Axis Bank,IN,0,NORMAL_BANKING_FLOW
TX_AXIS_107495,AXIS_ACC_20010,AXIS_ACC_20242,3431.62,2026-01-10 22:04:10,SETTLEMENT,NEFT,Axis Bank,IN,0,NORMAL_BANKING_FLOW
TX_AXIS_107496,AXIS_ACC_20013,KOTAK_ACC_20122,6001.35,2026-01-11 00:44:05,TRANSFER,IMPS,Axis Bank,IN,0,NORMAL_BANKING_FLOW
TX_AXIS_107497,AXIS_ACC_20237,AXIS_ACC_20092,5906.94,2026-01-11 12:42:48,TRANSFER,IMPS,Axis Bank,IN,0,NORMAL_BANKING_FLOW
TX_AXIS_107498,AXIS_ACC_20098,AXIS_ACC_20115,82830.88,2026-01-11 08:17:36,TRANSFER,IMPS,Axis Bank,IN,0,NORMAL_BANKING_FLOW
TX_AXIS_107499,AXIS_ACC_20099,AXIS_ACC_20017,617.81,2026-01-11 00:45:38,TRANSFER,IMPS,Axis Bank,IN,0,NORMAL_BANKING_FLOW
TX_AXIS_107500,AXIS_ACC_20242,YES_ACC_20201,8269.92,2026-01-11 13:12:21,SETTLEMENT,NEFT,Axis Bank,IN,0,NORMAL_BANKING_FLOW
TX_AXIS_107501,AXIS_ACC_20166,AXIS_ACC_20015,55586.4,2026-01-10 21:13:20,SETTLEMENT,NEFT,Axis Bank,IN,0,NORMAL_BANKING_FLOW
TX_AXIS_107502,AXIS_ACC_20212,AXIS_ACC_20018,11179.58,2026-01-11 04:20:39,TRANSFER,IMPS,Axis Bank,IN,0,NORMAL_BANKING_FLOW
TX_AXIS_107503,AXIS_ACC_20172,AXIS_ACC_20028,21023.95,2026-01-11 05:41:24,TRANSFER,IMPS,Axis Bank,IN,0,NORMAL_BANKING_FLOW
TX_AXIS_107504,AXIS_ACC_20012,HDFC_ACC_20138,10936.12,2026-01-10 20:47:46,TRANSFER,IMPS,Axis Bank,IN,0,NORMAL_BANKING_FLOW
TX_AXIS_107505,AXIS_ACC_20170,KOTAK_ACC_20223,5077.97,2026-01-10 19:54:40,SETTLEMENT,NEFT,Axis Bank,IN,0,NORMAL_BANKING_FLOW
TX_AXIS_107506,AXIS_ACC_20155,KOTAK_ACC_20015,1051.62,2026-01-11 12:51:30,SETTLEMENT,NEFT,Axis Bank,IN,0,NORMAL_BANKING_FLOW
TX_AXIS_107507,AXIS_ACC_20149,BOB_ACC_20196,12154.51,2026-01-10 22:35:56,TRANSFER,IMPS,Axis Bank,IN,0,NORMAL_BANKING_FLOW
TX_AXIS_107508,AXIS_ACC_20234,AXIS_ACC_20109,4556.88,2026-01-11 07:32:02,TRANSFER,IMPS,Axis Bank,IN,0,NORMAL_BANKING_FLOW
TX_AXIS_107509,AXIS_ACC_20202,AXIS_ACC_20169,4445.58,2026-01-10 21:43:12,TRANSFER,IMPS,Axis Bank,IN,0,NORMAL_BANKING_FLOW
TX_AXIS_107510,AXIS_ACC_20142,AXIS_ACC_20129,6008.99,2026-01-11 03:05:24,SETTLEMENT,NEFT,Axis Bank,IN,0,NORMAL_BANKING_FLOW
TX_AXIS_107511,AXIS_ACC_20216,SBI_ACC_20225,56662.13,2026-01-11 13:23:10,SETTLEMENT,NEFT,Axis Bank,IN,0,NORMAL_BANKING_FLOW
TX_AXIS_107512,AXIS_ACC_20162,AXIS_ACC_20196,109626.84,2026-01-11 10:16:12,SETTLEMENT,NEFT,Axis Bank,IN,0,NORMAL_BANKING_FLOW
TX_AXIS_107513,AXIS_ACC_20012,INDUS_ACC_20007,12298.2,2026-01-11 04:54:40,SETTLEMENT,NEFT,Axis Bank,IN,0,NORMAL_BANKING_FLOW
TX_AXIS_107514,AXIS_ACC_20016,AXIS_ACC_20012,6218.18,2026-01-11 03:34:41,TRANSFER,IMPS,Axis Bank,IN,0,NORMAL_BANKING_FLOW
TX_AXIS_107515,AXIS_ACC_20001,AXIS_ACC_20104,3049.62,2026-01-10 23:33:12,SETTLEMENT,NEFT,Axis Bank,IN,0,NORMAL_BANKING_FLOW
TX_AXIS_107516,AXIS_ACC_20241,AXIS_ACC_20142,15812.25,2026-01-11 01:21:20,SETTLEMENT,NEFT,Axis Bank,IN,0,NORMAL_BANKING_FLOW
TX_AXIS_107517,AXIS_ACC_20191,YES_ACC_20214,58859.33,2026-01-10 17:44:00,TRANSFER,IMPS,Axis Bank,IN,0,NORMAL_BANKING_FLOW
TX_AXIS_107518,AXIS_ACC_20179,AXIS_ACC_20156,7728.42,2026-01-10 18:38:09,SETTLEMENT,NEFT,Axis Bank,IN,0,NORMAL_BANKING_FLOW
TX_AXIS_107519,AXIS_ACC_20065,AXIS_ACC_20199,916.91,2026-01-11 07:40:28,SETTLEMENT,NEFT,Axis Bank,IN,0,NORMAL_BANKING_FLOW
TX_AXIS_107520,AXIS_ACC_20069,AXIS_ACC_20084,19342.3,2026-01-11 09:29:10,SETTLEMENT,NEFT,Axis Bank,IN,0,NORMAL_BANKING_FLOW
TX_AXIS_107521,AXIS_ACC_20224,AXIS_ACC_20209,26513.25,2026-01-11 00:57:00,TRANSFER,IMPS,Axis Bank,IN,0,NORMAL_BANKING_FLOW
TX_AXIS_107522,AXIS_ACC_20174,INDUS_ACC_20212,2026.68,2026-01-11 05:00:40,TRANSFER,IMPS,Axis Bank,IN,0,NORMAL_BANKING_FLOW
TX_AXIS_107523,AXIS_ACC_20211,AXIS_ACC_20242,11807.43,2026-01-11 08:10:34,TRANSFER,IMPS,Axis Bank,IN,0,NORMAL_BANKING_FLOW
TX_AXIS_107524,AXIS_ACC_20101,AXIS_ACC_20143,15540.83,2026-01-11 06:50:12,TRANSFER,IMPS,Axis Bank,IN,0,NORMAL_BANKING_FLOW
TX_AXIS_107525,AXIS_ACC_20163,AXIS_ACC_20214,9199.39,2026-01-11 00:04:56,SETTLEMENT,NEFT,Axis Bank,IN,0,NORMAL_BANKING_FLOW
TX_AXIS_107526,AXIS_ACC_20010,AXIS_ACC_20037,4488.3,2026-01-11 03:42:05,TRANSFER,IMPS,Axis Bank,IN,0,NORMAL_BANKING_FLOW
TX_AXIS_107527,AXIS_ACC_20020,AXIS_ACC_20171,27335.38,2026-01-11 10:56:18,SETTLEMENT,NEFT,Axis Bank,IN,0,NORMAL_BANKING_FLOW
TX_AXIS_107528,AXIS_ACC_20074,AXIS_ACC_20117,6611.86,2026-01-11 11:24:18,SETTLEMENT,NEFT,Axis Bank,IN,0,NORMAL_BANKING_FLOW
TX_AXIS_107529,AXIS_ACC_20110,AXIS_ACC_20218,2241.31,2026-01-11 12:19:28,TRANSFER,IMPS,Axis Bank,IN,0,NORMAL_BANKING_FLOW
TX_AXIS_107530,AXIS_ACC_20160,AXIS_ACC_20116,1274.78,2026-01-10 23:13:03,SETTLEMENT,NEFT,Axis Bank,IN,0,NORMAL_BANKING_FLOW
TX_AXIS_107531,AXIS_ACC_20154,AXIS_ACC_20153,34921.21,2026-01-11 05:06:40,SETTLEMENT,NEFT,Axis Bank,IN,0,NORMAL_BANKING_FLOW
TX_AXIS_107532,AXIS_ACC_20024,AXIS_ACC_20220,18336.78,2026-01-11 03:45:47,TRANSFER,IMPS,Axis Bank,IN,0,NORMAL_BANKING_FLOW
TX_AXIS_107533,AXIS_ACC_20134,YES_ACC_20031,10807.26,2026-01-11 01:57:36,TRANSFER,IMPS,Axis Bank,IN,0,NORMAL_BANKING_FLOW
TX_AXIS_107534,AXIS_ACC_20172,BOB_ACC_20081,6372.36,2026-01-11 07:24:45,SETTLEMENT,NEFT,Axis Bank,IN,0,NORMAL_BANKING_FLOW
TX_AXIS_107535,AXIS_ACC_20034,YES_ACC_20033,5831.34,2026-01-11 10:36:08,SETTLEMENT,NEFT,Axis Bank,IN,0,NORMAL_BANKING_FLOW
TX_AXIS_107536,AXIS_ACC_20245,AXIS_ACC_20030,3375.38,2026-01-11 11:04:15,SETTLEMENT,NEFT,Axis Bank,IN,0,NORMAL_BANKING_FLOW
TX_AXIS_107537,AXIS_ACC_20196,YES_ACC_20111,6428.81,2026-01-11 04:43:24,TRANSFER,IMPS,Axis Bank,IN,0,NORMAL_BANKING_FLOW
TX_AXIS_107538,AXIS_ACC_20078,AXIS_ACC_20032,1187.86,2026-01-10 17:49:15,SETTLEMENT,NEFT,Axis Bank,IN,0,NORMAL_BANKING_FLOW
TX_AXIS_107539,AXIS_ACC_20102,YES_ACC_20123,4740.68,2026-01-11 01:33:36,SETTLEMENT,NEFT,Axis Bank,IN,0,NORMAL_BANKING_FLOW
TX_AXIS_107540,AXIS_ACC_20101,AXIS_ACC_20040,7252.22,2026-01-11 12:29:44,TRANSFER,IMPS,Axis Bank,IN,0,NORMAL_BANKING_FLOW
TX_AXIS_107541,AXIS_ACC_20210,AXIS_ACC_20011,18212.8,2026-01-11 07:57:20,SETTLEMENT,NEFT,Axis Bank,IN,0,NORMAL_BANKING_FLOW
TX_AXIS_107542,AXIS_ACC_20093,CANARA_ACC_20243,9509.76,2026-01-10 22:23:45,TRANSFER,IMPS,Axis Bank,IN,0,NORMAL_BANKING_FLOW
TX_AXIS_107543,AXIS_ACC_20183,INDUS_ACC_20037,21914.92,2026-01-10 21:29:26,TRANSFER,IMPS,Axis Bank,IN,0,NORMAL_BANKING_FLOW
TX_AXIS_107544,AXIS_ACC_20051,AXIS_ACC_20088,38144.43,2026-01-11 01:36:16,TRANSFER,IMPS,Axis Bank,IN,0,NORMAL_BANKING_FLOW
TX_AXIS_107545,AXIS_ACC_20000,AXIS_ACC_20191,28514.56,2026-01-11 04:48:36,SETTLEMENT,NEFT,Axis Bank,IN,0,NORMAL_BANKING_FLOW
TX_AXIS_107546,AXIS_ACC_20079,AXIS_ACC_20225,15843.42,2026-01-11 08:56:00,SETTLEMENT,NEFT,Axis Bank,IN,0,NORMAL_BANKING_FLOW
TX_AXIS_107547,AXIS_ACC_20027,AXIS_ACC_20218,10015.23,2026-01-10 19:41:14,TRANSFER,IMPS,Axis Bank,IN,0,NORMAL_BANKING_FLOW
TX_AXIS_107548,AXIS_ACC_20038,AXIS_ACC_20093,3711.58,2026-01-10 19:14:06,TRANSFER,IMPS,Axis Bank,IN,0,NORMAL_BANKING_FLOW
TX_AXIS_107549,AXIS_ACC_20196,AXIS_ACC_20184,20742.58,2026-01-11 00:16:32,TRANSFER,IMPS,Axis Bank,IN,0,NORMAL_BANKING_FLOW
TX_AXIS_107550,AXIS_ACC_20095,SBI_ACC_20084,53090.19,2026-01-10 21:04:38,TRANSFER,IMPS,Axis Bank,IN,0,NORMAL_BANKING_FLOW
TX_AXIS_107551,AXIS_ACC_20159,AXIS_ACC_20170,13934.26,2026-01-11 11:45:00,SETTLEMENT,NEFT,Axis Bank,IN,0,NORMAL_BANKING_FLOW
TX_AXIS_107552,AXIS_ACC_20032,HDFC_ACC_20001,67323.13,2026-01-10 22:00:24,TRANSFER,IMPS,Axis Bank,IN,0,NORMAL_BANKING_FLOW
TX_AXIS_107553,AXIS_ACC_20037,PNB_ACC_20234,2152.59,2026-01-11 11:19:16,TRANSFER,IMPS,Axis Bank,IN,0,NORMAL_BANKING_FLOW
TX_AXIS_107554,AXIS_ACC_20057,PNB_ACC_20232,3120.77,2026-01-11 01:14:03,SETTLEMENT,NEFT,Axis Bank,IN,0,NORMAL_BANKING_FLOW
TX_AXIS_107555,AXIS_ACC_20019,AXIS_ACC_20007,23276.55,2026-01-11 14:06:26,SETTLEMENT,NEFT,Axis Bank,IN,0,NORMAL_BANKING_FLOW
TX_AXIS_107556,AXIS_ACC_20124,AXIS_ACC_20067,12891.07,2026-01-11 09:31:35,SETTLEMENT,NEFT,Axis Bank,IN,0,NORMAL_BANKING_FLOW
TX_AXIS_107557,AXIS_ACC_20219,AXIS_ACC_20215,36819.47,2026-01-11 14:08:24,SETTLEMENT,NEFT,Axis Bank,IN,0,NORMAL_BANKING_FLOW
TX_AXIS_107558,AXIS_ACC_20213,AXIS_ACC_20195,9745.18,2026-01-11 12:18:55,TRANSFER,IMPS,Axis Bank,IN,0,NORMAL_BANKING_FLOW
TX_AXIS_107559,AXIS_ACC_20223,AXIS_ACC_20193,4154.82,2026-01-11 09:34:02,TRANSFER,IMPS,Axis Bank,IN,0,NORMAL_BANKING_FLOW
TX_AXIS_107560,AXIS_ACC_20029,AXIS_ACC_20136,7993.68,2026-01-10 22:03:36,TRANSFER,IMPS,Axis Bank,IN,0,NORMAL_BANKING_FLOW
TX_AXIS_107561,AXIS_ACC_20055,AXIS_ACC_20241,2137.34,2026-01-10 22:04:00,TRANSFER,IMPS,Axis Bank,IN,0,NORMAL_BANKING_FLOW
TX_AXIS_107562,AXIS_ACC_20230,HDFC_ACC_20128,3201.61,2026-01-11 10:31:51,SETTLEMENT,NEFT,Axis Bank,IN,0,NORMAL_BANKING_FLOW
TX_AXIS_107563,AXIS_ACC_20245,AXIS_ACC_20174,26171.96,2026-01-10 20:41:42,SETTLEMENT,NEFT,Axis Bank,IN,0,NORMAL_BANKING_FLOW
TX_AXIS_107564,AXIS_ACC_20220,AXIS_ACC_20104,23689.51,2026-01-11 10:33:33,TRANSFER,IMPS,Axis Bank,IN,0,NORMAL_BANKING_FLOW
TX_AXIS_107565,AXIS_ACC_20132,YES_ACC_20207,14228.53,2026-01-11 04:06:08,SETTLEMENT,NEFT,Axis Bank,IN,0,NORMAL_BANKING_FLOW
TX_AXIS_107566,AXIS_ACC_20092,AXIS_ACC_20116,1770.33,2026-01-10 23:57:00,SETTLEMENT,NEFT,Axis Bank,IN,0,NORMAL_BANKING_FLOW
TX_AXIS_107567,AXIS_ACC_20222,AXIS_ACC_20032,6916.02,2026-01-11 02:16:18,SETTLEMENT,NEFT,Axis Bank,IN,0,NORMAL_BANKING_FLOW
TX_AXIS_107568,AXIS_ACC_20179,AXIS_ACC_20133,2907.36,2026-01-11 05:59:07,TRANSFER,IMPS,Axis Bank,IN,0,NORMAL_BANKING_FLOW
TX_AXIS_107569,AXIS_ACC_20191,CANARA_ACC_20210,32097.49,2026-01-11 09:42:12,TRANSFER,IMPS,Axis Bank,IN,0,NORMAL_BANKING_FLOW
TX_AXIS_107570,AXIS_ACC_20079,AXIS_ACC_20047,5520.8,2026-01-11 12:29:55,TRANSFER,IMPS,Axis Bank,IN,0,NORMAL_BANKING_FLOW
TX_AXIS_107571,AXIS_ACC_20051,AXIS_ACC_20017,3341.76,2026-01-10 21:40:10,SETTLEMENT,NEFT,Axis Bank,IN,0,NORMAL_BANKING_FLOW
TX_AXIS_107572,AXIS_ACC_20173,AXIS_ACC_20047,10196.46,2026-01-11 07:25:24,SETTLEMENT,NEFT,Axis Bank,IN,0,NORMAL_BANKING_FLOW
TX_AXIS_107573,AXIS_ACC_20011,PNB_ACC_20086,5217.88,2026-01-11 10:13:20,TRANSFER,IMPS,Axis Bank,IN,0,NORMAL_BANKING_FLOW
TX_AXIS_107574,AXIS_ACC_20188,AXIS_ACC_20130,43640.63,2026-01-11 04:39:34,TRANSFER,IMPS,Axis Bank,IN,0,NORMAL_BANKING_FLOW
TX_AXIS_107575,AXIS_ACC_20067,AXIS_ACC_20122,4746.62,2026-01-11 07:55:30,TRANSFER,IMPS,Axis Bank,IN,0,NORMAL_BANKING_FLOW
TX_AXIS_107576,AXIS_ACC_20096,BOB_ACC_20032,2442.49,2026-01-11 06:32:30,TRANSFER,IMPS,Axis Bank,IN,0,NORMAL_BANKING_FLOW
TX_AXIS_107577,AXIS_ACC_20126,AXIS_ACC_20181,1149.5,2026-01-11 09:48:44,TRANSFER,IMPS,Axis Bank,IN,0,NORMAL_BANKING_FLOW
TX_AXIS_107578,AXIS_ACC_20114,AXIS_ACC_20171,9597.07,2026-01-11 14:29:03,SETTLEMENT,NEFT,Axis Bank,IN,0,NORMAL_BANKING_FLOW
TX_AXIS_107579,AXIS_ACC_20120,AXIS_ACC_20018,5642.43,2026-01-10 21:43:14,TRANSFER,IMPS,Axis Bank,IN,0,NORMAL_BANKING_FLOW
TX_AXIS_107580,AXIS_ACC_20055,YES_ACC_20142,2371.07,2026-01-11 14:03:02,SETTLEMENT,NEFT,Axis Bank,IN,0,NORMAL_BANKING_FLOW
TX_AXIS_107581,AXIS_ACC_20026,AXIS_ACC_20193,32507.51,2026-01-11 04:44:00,SETTLEMENT,NEFT,Axis Bank,IN,0,NORMAL_BANKING_FLOW
TX_AXIS_107582,AXIS_ACC_20032,AXIS_ACC_20168,19288.13,2026-01-11 15:01:00,TRANSFER,IMPS,Axis Bank,IN,0,NORMAL_BANKING_FLOW
TX_AXIS_107583,AXIS_ACC_20075,HDFC_ACC_20065,9621.76,2026-01-10 18:56:34,TRANSFER,IMPS,Axis Bank,IN,0,NORMAL_BANKING_FLOW
TX_AXIS_107584,AXIS_ACC_20162,SBI_ACC_20206,38728.31,2026-01-11 01:29:33,TRANSFER,IMPS,Axis Bank,IN,0,NORMAL_BANKING_FLOW
TX_AXIS_107585,AXIS_ACC_20236,AXIS_ACC_20036,19197.51,2026-01-11 05:14:36,TRANSFER,IMPS,Axis Bank,IN,0,NORMAL_BANKING_FLOW
TX_AXIS_107586,AXIS_ACC_20152,AXIS_ACC_20078,4346.58,2026-01-11 11:20:20,SETTLEMENT,NEFT,Axis Bank,IN,0,NORMAL_BANKING_FLOW
TX_AXIS_107587,AXIS_ACC_20079,AXIS_ACC_20052,3500.92,2026-01-11 04:19:42,SETTLEMENT,NEFT,Axis Bank,IN,0,NORMAL_BANKING_FLOW
TX_AXIS_107588,AXIS_ACC_20203,AXIS_ACC_20122,22426.12,2026-01-11 00:07:16,TRANSFER,IMPS,Axis Bank,IN,0,NORMAL_BANKING_FLOW
TX_AXIS_107589,AXIS_ACC_20174,KOTAK_ACC_20058,14711.24,2026-01-10 20:50:48,SETTLEMENT,NEFT,Axis Bank,IN,0,NORMAL_BANKING_FLOW
TX_AXIS_107590,AXIS_ACC_20201,AXIS_ACC_20115,11728.16,2026-01-11 01:04:30,SETTLEMENT,NEFT,Axis Bank,IN,0,NORMAL_BANKING_FLOW
TX_AXIS_107591,AXIS_ACC_20215,AXIS_ACC_20007,4245.02,2026-01-10 22:44:10,SETTLEMENT,NEFT,Axis Bank,IN,0,NORMAL_BANKING_FLOW
TX_AXIS_107592,AXIS_ACC_20011,PNB_ACC_20057,18177.64,2026-01-10 20:23:40,TRANSFER,IMPS,Axis Bank,IN,0,NORMAL_BANKING_FLOW
TX_AXIS_107593,AXIS_ACC_20153,AXIS_ACC_20190,4649.44,2026-01-11 02:30:36,TRANSFER,IMPS,Axis Bank,IN,0,NORMAL_BANKING_FLOW
TX_AXIS_107594,AXIS_ACC_20091,YES_ACC_20160,8937.52,2026-01-11 15:13:00,TRANSFER,IMPS,Axis Bank,IN,0,NORMAL_BANKING_FLOW
TX_AXIS_107595,AXIS_ACC_20134,AXIS_ACC_20215,42063.86,2026-01-10 19:56:26,SETTLEMENT,NEFT,Axis Bank,IN,0,NORMAL_BANKING_FLOW
TX_AXIS_107596,AXIS_ACC_20013,ICICI_ACC_20029,5111.08,2026-01-11 08:11:15,TRANSFER,IMPS,Axis Bank,IN,0,NORMAL_BANKING_FLOW
TX_AXIS_107597,AXIS_ACC_20039,AXIS_ACC_20066,2052.9,2026-01-11 04:54:08,TRANSFER,IMPS,Axis Bank,IN,0,NORMAL_BANKING_FLOW
TX_AXIS_107598,AXIS_ACC_20235,AXIS_ACC_20032,3454.57,2026-01-11 00:11:56,TRANSFER,IMPS,Axis Bank,IN,0,NORMAL_BANKING_FLOW
TX_AXIS_107599,AXIS_ACC_20149,KOTAK_ACC_20054,26750.24,2026-01-11 08:41:48,SETTLEMENT,NEFT,Axis Bank,IN,0,NORMAL_BANKING_FLOW
TX_AXIS_107600,AXIS_ACC_20047,AXIS_ACC_20155,12768.43,2026-01-10 21:22:58,TRANSFER,IMPS,Axis Bank,IN,0,NORMAL_BANKING_FLOW
