transaction_id,sender_account,receiver_account,amount,timestamp,transaction_type,channel,bank,country,is_aml,pattern_type
TX_KOTAK_107601,KOTAK_ACC_20010,CANARA_ACC_20003,402.18,2026-01-10 12:00:00,TRANSFER,UPI,Kotak Mahindra Bank,IN,0,NORMAL_BANKING_FLOW
TX_KOTAK_107602,KOTAK_ACC_20175,KOTAK_ACC_20079,296.7,2026-01-10 12:00:33,TRANSFER,UPI,Kotak Mahindra Bank,IN,0,NORMAL_BANKING_FLOW
TX_KOTAK_107603,KOTAK_ACC_20101,KOTAK_ACC_20079,657.4,2026-01-10 12:01:36,TRANSFER,UPI,Kotak Mahindra Bank,IN,0,NORMAL_BANKING_FLOW
TX_KOTAK_107604,KOTAK_ACC_20219,KOTAK_ACC_20001,226.04,2026-01-10 12:02:12,TRANSFER,UPI,Kotak Mahindra Bank,IN,0,NORMAL_BANKING_FLOW
TX_KOTAK_107605,KOTAK_ACC_20103,KOTAK_ACC_20221,569.37,2026-01-10 12:02:56,TRANSFER,UPI,Kotak Mahindra Bank,IN,0,NORMAL_BANKING_FLOW
TX_KOTAK_107606,KOTAK_ACC_20000,KOTAK_ACC_20116,248.39,2026-01-10 12:03:05,TRANSFER,UPI,Kotak Mahindra Bank,IN,0,NORMAL_BANKING_FLOW
TX_KOTAK_107607,KOTAK_ACC_20035,KOTAK_ACC_20141,217.43,2026-01-10 12:03:54,TRANSFER,IMPS,Kotak Mahindra Bank,IN,0,NORMAL_BANKING_FLOW
TX_KOTAK_107608,KOTAK_ACC_20247,KOTAK_ACC_20175,267.74,2026-01-10 12:02:48,TRANSFER,UPI,Kotak Mahindra Bank,IN,0,NORMAL_BANKING_FLOW
TX_KOTAK_107609,KOTAK_ACC_20030,KOTAK_ACC_20238,330.19,2026-01-10 12:07:28,TRANSFER,UPI,Kotak Mahindra Bank,IN,0,NORMAL_BANKING_FLOW
TX_KOTAK_107610,KOTAK_ACC_20128,KOTAK_ACC_20246,428.78,2026-01-10 12:04:12,TRANSFER,IMPS,Kotak Mahindra Bank,IN,0,NORMAL_BANKING_FLOW
TX_KOTAK_107611,KOTAK_ACC_20142,CANARA_ACC_20034,538.27,2026-01-10 12:08:10,TRANSFER,UPI,Kotak Mahindra Bank,IN,0,NORMAL_BANKING_FLOW
TX_KOTAK_107612,KOTAK_ACC_20202,KOTAK_ACC_20052,23.32,2026-01-10 12:07:42,TRANSFER,UPI,Kotak Mahindra Bank,IN,0,NORMAL_BANKING_FLOW
TX_KOTAK_107613,KOTAK_ACC_20232,KOTAK_ACC_20199,233.66,2026-01-10 12:05:24,TRANSFER,IMPS,Kotak Mahindra Bank,IN,0,NORMAL_BANKING_FLOW
TX_KOTAK_107614,KOTAK_ACC_20214,KOTAK_ACC_20042,325.95,2026-01-10 12:08:14,TRANSFER,UPI,Kotak Mahindra Bank,IN,0,NORMAL_BANKING_FLOW
TX_KOTAK_107615,KOTAK_ACC_20230,KOTAK_ACC_20168,1486.31,2026-01-10 12:13:18,TRANSFER,UPI,Kotak Mahindra Bank,IN,0,NORMAL_BANKING_FLOW
TX_KOTAK_107616,KOTAK_ACC_20069,KOTAK_ACC_20059,187.92,2026-01-10 12:10:00,TRANSFER,UPI,Kotak Mahindra Bank,IN,0,NORMAL_BANKING_FLOW
TX_KOTAK_107617,KOTAK_ACC_20064,KOTAK_ACC_20068,507.88,2026-01-10 12:05:36,TRANSFER,UPI,Kotak Mahindra Bank,IN,0,NORMAL_BANKING_FLOW
TX_KOTAK_107618,KOTAK_ACC_20133,PNB_ACC_20148,1474.43,2026-01-10 12:07:56,TRANSFER,IMPS,Kotak Mahindra Bank,IN,0,NORMAL_BANKING_FLOW
TX_KOTAK_107619,KOTAK_ACC_20247,KOTAK_ACC_20079,155.96,2026-01-10 12:15:00,TRANSFER,UPI,Kotak Mahindra Bank,IN,0,NORMAL_BANKING_FLOW
TX_KOTAK_107620,KOTAK_ACC_20039,ICICI_ACC_20030,611.05,2026-01-10 12:13:18,TRANSFER,UPI,Kotak Mahindra Bank,IN,0,NORMAL_BANKING_FLOW
TX_KOTAK_107621,KOTAK_ACC_20191,KOTAK_ACC_20142,234.67,2026-01-10 12:05:20,TRANSFER,IMPS,Kotak Mahindra Bank,IN,0,NORMAL_BANKING_FLOW
TX_KOTAK_107622,KOTAK_ACC_20193,PNB_ACC_20143,297.76,2026-01-10 12:20:18,TRANSFER,UPI,Kotak Mahindra Bank,IN,0,NORMAL_BANKING_FLOW
TX_KOTAK_107623,KOTAK_ACC_20057,PNB_ACC_20160,234.51,2026-01-10 12:22:00,TRANSFER,UPI,Kotak Mahindra Bank,IN,0,NORMAL_BANKING_FLOW
TX_KOTAK_107624,KOTAK_ACC_20176,KOTAK_ACC_20086,248.27,2026-01-10 12:18:24,TRANSFER,UPI,Kotak Mahindra Bank,IN,0,NORMAL_BANKING_FLOW
TX_KOTAK_107625,KOTAK_ACC_20092,BOB_ACC_20206,3934.46,2026-01-10 12:20:48,TRANSFER,UPI,Kotak Mahindra Bank,IN,0,NORMAL_BANKING_FLOW
TX_KOTAK_107626,KOTAK_ACC_20146,ICICI_ACC_20018,876.17,2026-01-10 12:22:55,TRANSFER,UPI,Kotak Mahindra Bank,IN,0,NORMAL_BANKING_FLOW
TX_KOTAK_107627,KOTAK_ACC_20146,HDFC_ACC_20053,1076.41,2026-01-10 12:23:24,TRANSFER,UPI,Kotak Mahindra Bank,IN,0,NORMAL_BANKING_FLOW
TX_KOTAK_107628,KOTAK_ACC_20176,KOTAK_ACC_20147,660.89,2026-01-10 12:18:27,TRANSFER,UPI,Kotak Mahindra Bank,IN,0,NORMAL_BANKING_FLOW
TX_KOTAK_107629,KOTAK_ACC_20102,KOTAK_ACC_20134,123.35,2026-01-10 12:21:28,TRANSFER,UPI,Kotak Mahindra Bank,IN,0,NORMAL_BANKING_FLOW
TX_KOTAK_107630,KOTAK_ACC_20093,KOTAK_ACC_20092,611.53,2026-01-10 12:22:14,TRANSFER,UPI,Kotak Mahindra Bank,IN,0,NORMAL_BANKING_FLOW
TX_KOTAK_107631,KOTAK_ACC_20053,PNB_ACC_20022,1051.89,2026-01-10 12:25:00,TRANSFER,UPI,Kotak Mahindra Bank,IN,0,NORMAL_BANKING_FLOW
TX_KOTAK_107632,KOTAK_ACC_20152,KOTAK_ACC_20088,225.27,2026-01-10 12:23:46,TRANSFER,UPI,Kotak Mahindra Bank,IN,0,NORMAL_BANKING_FLOW
TX_KOTAK_107633,KOTAK_ACC_20142,KOTAK_ACC_20140,965.13,2026-01-10 12:15:28,TRANSFER,UPI,Kotak Mahindra Bank,IN,0,NORMAL_BANKING_FLOW
TX_KOTAK_107634,KOTAK_ACC_20076,KOTAK_ACC_20202,783.26,2026-01-10 12:30:48,TRANSFER,UPI,Kotak Mahindra Bank,IN,0,NORMAL_BANKING_FLOW
TX_KOTAK_107635,KOTAK_ACC_20049,KOTAK_ACC_20156,1961.83,2026-01-10 12:26:04,TRANSFER,IMPS,Kotak Mahindra Bank,IN,0,NORMAL_BANKING_FLOW
TX_KOTAK_107636,KOTAK_ACC_20125,HDFC_ACC_20093,319.19,2026-01-10 12:08:45,TRANSFER,UPI,Kotak Mahindra Bank,IN,0,NORMAL_BANKING_FLOW
TX_KOTAK_107637,KOTAK_ACC_20019,KOTAK_ACC_20157,185.29,2026-01-10 12:09:36,TRANSFER,UPI,Kotak Mahindra Bank,IN,0,NORMAL_BANKING_FLOW
TX_KOTAK_107638,KOTAK_ACC_20134,PNB_ACC_20072,333.85,2026-01-10 12:12:57,TRANSFER,UPI,Kotak Mahindra Bank,IN,0,NORMAL_BANKING_FLOW
TX_KOTAK_107639,KOTAK_ACC_20105,CANARA_ACC_20158,1405.93,2026-01-10 12:16:28,TRANSFER,UPI,Kotak Mahindra Bank,IN,0,NORMAL_BANKING_FLOW
TX_KOTAK_107640,KOTAK_ACC_20066,SBI_ACC_20022,103.26,2026-01-10 12:16:15,TRANSFER,UPI,Kotak Mahindra Bank,IN,0,NORMAL_BANKING_FLOW
TX_KOTAK_107641,KOTAK_ACC_20134,HDFC_ACC_20204,85.23,2026-01-10 12:10:00,TRANSFER,IMPS,Kotak Mahindra Bank,IN,0,NORMAL_BANKING_FLOW
TX_KOTAK_107642,KOTAK_ACC_20232,CANARA_ACC_20180,478.91,2026-01-10 12:26:39,TRANSFER,UPI,Kotak Mahindra Bank,IN,0,NORMAL_BANKING_FLOW
TX_KOTAK_107643,KOTAK_ACC_20214,KOTAK_ACC_20204,312.91,2026-01-10 12:37:06,TRANSFER,UPI,Kotak Mahindra Bank,IN,0,NORMAL_BANKING_FLOW
TX_KOTAK_107644,KOTAK_ACC_20244,KOTAK_ACC_20231,448.62,2026-01-10 12:40:51,TRANSFER,UPI,Kotak Mahindra Bank,IN,0,NORMAL_BANKING_FLOW
TX_KOTAK_107645,KOTAK_ACC_20169,YES_ACC_20116,949.8,2026-01-10 12:33:00,TRANSFER,UPI,Kotak Mahindra Bank,IN,0,NORMAL_BANKING_FLOW
TX_KOTAK_107646,KOTAK_ACC_20097,KOTAK_ACC_20059,286.56,2026-01-10 12:40:30,TRANSFER,IMPS,Kotak Mahindra Bank,IN,0,NORMAL_BANKING_FLOW
TX_KOTAK_107647,KOTAK_ACC_20009,KOTAK_ACC_20101,99.64,2026-01-10 12:29:54,TRANSFER,UPI,Kotak Mahindra Bank,IN,0,NORMAL_BANKING_FLOW
TX_KOTAK_107648,KOTAK_ACC_20046,CANARA_ACC_20046,2288.35,2026-01-10 12:17:14,TRANSFER,UPI,Kotak Mahindra Bank,IN,0,NORMAL_BANKING_FLOW
TX_KOTAK_107649,KOTAK_ACC_20172,KOTAK_ACC_20093,200.78,2026-01-10 12:33:36,TRANSFER,UPI,Kotak Mahindra Bank,IN,0,NORMAL_BANKING_FLOW
TX_KOTAK_107650,KOTAK_ACC_20145,KOTAK_ACC_20040,191.09,2026-01-10 12:38:23,TRANSFER,UPI,Kotak Mahindra Bank,IN,0,NORMAL_BANKING_FLOW
TX_KOTAK_107651,KOTAK_ACC_20158,HDFC_ACC_20170,1078.12,2026-01-10 12:26:40,TRANSFER,IMPS,Kotak Mahindra Bank,IN,0,NORMAL_BANKING_FLOW
TX_KOTAK_107652,KOTAK_ACC_20234,KOTAK_ACC_20158,327.8,2026-01-10 12:47:36,TRANSFER,UPI,Kotak Mahindra Bank,IN,0,NORMAL_BANKING_FLOW
TX_KOTAK_107653,KOTAK_ACC_20224,KOTAK_ACC_20001,423.81,2026-01-10 12:23:24,TRANSFER,UPI,Kotak Mahindra Bank,IN,0,NORMAL_BANKING_FLOW
TX_KOTAK_107654,KOTAK_ACC_20085,KOTAK_ACC_20159,656.05,2026-01-10 12:19:26,TRANSFER,UPI,Kotak Mahindra Bank,IN,0,NORMAL_BANKING_FLOW
TX_KOTAK_107655,KOTAK_ACC_20119,KOTAK_ACC_20052,1060.89,2026-01-10 12:18:54,TRANSFER,UPI,Kotak Mahindra Bank,IN,0,NORMAL_BANKING_FLOW
TX_KOTAK_107656,KOTAK_ACC_20186,YES_ACC_20001,341.46,2026-01-10 12:50:25,TRANSFER,UPI,Kotak Mahindra Bank,IN,0,NORMAL_BANKING_FLOW
TX_KOTAK_107657,KOTAK_ACC_20087,KOTAK_ACC_20142,1504.12,2026-01-10 12:48:32,TRANSFER,UPI,Kotak Mahindra Bank,IN,0,NORMAL_BANKING_FLOW
TX_KOTAK_107658,KOTAK_ACC_20164,KOTAK_ACC_20107,80.75,2026-01-10 12:56:03,TRANSFER,UPI,Kotak Mahindra Bank,IN,0,NORMAL_BANKING_FLOW
TX_KOTAK_107659,KOTAK_ACC_20193,KOTAK_ACC_20172,818.79,2026-01-10 12:18:22,TRANSFER,UPI,Kotak Mahindra Bank,IN,0,NORMAL_BANKING_FLOW
TX_KOTAK_107660,KOTAK_ACC_20241,KOTAK_ACC_20096,227.78,2026-01-10 12:52:07,TRANSFER,UPI,Kotak Mahindra Bank,IN,0,NORMAL_BANKING_FLOW
TX_KOTAK_107661,KOTAK_ACC_20209,PNB_ACC_20212,1336.51,2026-01-10 12:45:00,TRANSFER,IMPS,Kotak Mahindra Bank,IN,0,NORMAL_BANKING_FLOW
TX_KOTAK_107662,KOTAK_ACC_20234,KOTAK_ACC_20218,499.51,2026-01-10 12:28:28,TRANSFER,IMPS,Kotak Mahindra Bank,IN,0,NORMAL_BANKING_FLOW
TX_KOTAK_107663,KOTAK_ACC_20226,KOTAK_ACC_20043,260.26,2026-01-10 12:42:22,TRANSFER,UPI,Kotak Mahindra Bank,IN,0,NORMAL_BANKING_FLOW
TX_KOTAK_107664,KOTAK_ACC_20125,KOTAK_ACC_20127,757.69,2026-01-10 12:40:57,TRANSFER,UPI,Kotak Mahindra Bank,IN,0,NORMAL_BANKING_FLOW
TX_KOTAK_107665,KOTAK_ACC_20205,INDUS_ACC_20152,911.01,2026-01-10 13:00:48,TRANSFER,UPI,Kotak Mahindra Bank,IN,0,NORMAL_BANKING_FLOW
TX_KOTAK_107666,KOTAK_ACC_20204,KOTAK_ACC_20085,745.1,2026-01-10 12:43:20,TRANSFER,UPI,Kotak Mahindra Bank,IN,0,NORMAL_BANKING_FLOW
TX_KOTAK_107667,KOTAK_ACC_20189,KOTAK_ACC_20158,195.63,2026-01-10 12:52:48,TRANSFER,UPI,Kotak Mahindra Bank,IN,0,NORMAL_BANKING_FLOW
TX_KOTAK_107668,KOTAK_ACC_20162,KOTAK_ACC_20113,302.71,2026-01-10 12:34:37,TRANSFER,UPI,Kotak Mahindra Bank,IN,0,NORMAL_BANKING_FLOW
TX_KOTAK_107669,KOTAK_ACC_20215,KOTAK_ACC_20188,444.41,2026-01-10 12:22:40,TRANSFER,UPI,Kotak Mahindra Bank,IN,0,NORMAL_BANKING_FLOW
TX_KOTAK_107670,KOTAK_ACC_20113,INDUS_ACC_20165,431.38,2026-01-10 12:34:30,TRANSFER,UPI,Kotak Mahindra Bank,IN,0,NORMAL_BANKING_FLOW
TX_KOTAK_107671,KOTAK_ACC_20033,KOTAK_ACC_20199,812.24,2026-01-10 12:19:50,TRANSFER,UPI,Kotak Mahindra Bank,IN,0,NORMAL_BANKING_FLOW
TX_KOTAK_107672,KOTAK_ACC_20126,KOTAK_ACC_20166,88.95,2026-01-10 12:44:58,TRANSFER,UPI,Kotak Mahindra Bank,IN,0,NORMAL_BANKING_FLOW
TX_KOTAK_107673,KOTAK_ACC_20069,KOTAK_ACC_20192,582.58,2026-01-10 12:18:00,TRANSFER,UPI,Kotak Mahindra Bank,IN,0,NORMAL_BANKING_FLOW
TX_KOTAK_107674,KOTAK_ACC_20080,PNB_ACC_20085,353.55,2026-01-10 12:58:24,TRANSFER,UPI,Kotak Mahindra Bank,IN,0,NORMAL_BANKING_FLOW
TX_KOTAK_107675,KOTAK_ACC_20206,PNB_ACC_20141,227.97,2026-01-10 12:19:44,TRANSFER,UPI,Kotak Mahindra Bank,IN,0,NORMAL_BANKING_FLOW
TX_KOTAK_107676,KOTAK_ACC_20123,KOTAK_ACC_20095,246.17,2026-01-10 12:21:15,TRANSFER,UPI,Kotak Mahindra Bank,IN,0,NORMAL_BANKING_FLOW
TX_KOTAK_107677,KOTAK_ACC_20050,INDUS_ACC_20236,375.54,2026-01-10 12:36:44,TRANSFER,UPI,Kotak Mahindra Bank,IN,0,NORMAL_BANKING_FLOW
TX_KOTAK_107678,KOTAK_ACC_20047,HDFC_ACC_20063,25.01,2026-01-10 12:51:20,TRANSFER,UPI,Kotak Mahindra Bank,IN,0,NORMAL_BANKING_FLOW
TX_KOTAK_107679,KOTAK_ACC_20077,BOB_ACC_20010,254.42,2026-01-10 12:53:18,TRANSFER,UPI,Kotak Mahindra Bank,IN,0,NORMAL_BANKING_FLOW
TX_KOTAK_107680,KOTAK_ACC_20207,CANARA_ACC_20056,221.26,2026-01-10 13:17:41,TRANSFER,IMPS,Kotak Mahindra Bank,IN,0,NORMAL_BANKING_FLOW
TX_KOTAK_107681,KOTAK_ACC_20247,PNB_ACC_20022,682.82,2026-01-10 12:58:40,TRANSFER,UPI,Kotak Mahindra Bank,IN,0,NORMAL_BANKING_FLOW
TX_KOTAK_107682,KOTAK_ACC_20225,KOTAK_ACC_20045,234.06,2026-01-10 12:49:57,TRANSFER,UPI,Kotak Mahindra Bank,IN,0,NORMAL_BANKING_FLOW
TX_KOTAK_107683,KOTAK_ACC_20007,KOTAK_ACC_20012,375.37,2026-01-10 13:22:00,TRANSFER,UPI,Kotak Mahindra Bank,IN,0,NORMAL_BANKING_FLOW
TX_KOTAK_107684,KOTAK_ACC_20132,KOTAK_ACC_20137,1531.22,2026-01-10 12:33:12,TRANSFER,UPI,Kotak Mahindra Bank,IN,0,NORMAL_BANKING_FLOW
TX_KOTAK_107685,KOTAK_ACC_20110,KOTAK_ACC_20229,987.8,2026-01-10 13:00:12,TRANSFER,UPI,Kotak Mahindra Bank,IN,0,NORMAL_BANKING_FLOW
TX_KOTAK_107686,KOTAK_ACC_20119,KOTAK_ACC_20109,917.65,2026-01-10 12:46:45,TRANSFER,IMPS,Kotak Mahindra Bank,IN,0,NORMAL_BANKING_FLOW
TX_KOTAK_107687,KOTAK_ACC_20201,YES_ACC_20221,298.9,2026-01-10 12:45:52,TRANSFER,UPI,Kotak Mahindra Bank,IN,0,NORMAL_BANKING_FLOW
TX_KOTAK_107688,KOTAK_ACC_20063,KOTAK_ACC_20220,688.44,2026-01-10 13:00:54,TRANSFER,UPI,Kotak Mahindra Bank,IN,0,NORMAL_BANKING_FLOW
TX_KOTAK_107689,KOTAK_ACC_20050,CANARA_ACC_20067,369.77,2026-01-10 12:33:44,TRANSFER,IMPS,Kotak Mahindra Bank,IN,0,NORMAL_BANKING_FLOW
TX_KOTAK_107690,KOTAK_ACC_20037,PNB_ACC_20209,381.12,2026-01-10 12:32:38,TRANSFER,UPI,Kotak Mahindra Bank,IN,0,NORMAL_BANKING_FLOW
TX_KOTAK_107691,KOTAK_ACC_20022,KOTAK_ACC_20161,618.78,2026-01-10 12:28:30,TRANSFER,UPI,Kotak Mahindra Bank,IN,0,NORMAL_BANKING_FLOW
TX_KOTAK_107692,KOTAK_ACC_20123,HDFC_ACC_20174,276.55,2026-01-10 13:09:46,TRANSFER,UPI,Kotak Mahindra Bank,IN,0,NORMAL_BANKING_FLOW
TX_KOTAK_107693,KOTAK_ACC_20100,KOTAK_ACC_20133,1472.04,2026-01-10 13:21:16,TRANSFER,UPI,Kotak Mahindra Bank,IN,0,NORMAL_BANKING_FLOW
TX_KOTAK_107694,KOTAK_ACC_20118,KOTAK_ACC_20163,392.25,2026-01-10 12:48:03,TRANSFER,UPI,Kotak Mahindra Bank,IN,0,NORMAL_BANKING_FLOW
TX_KOTAK_107695,KOTAK_ACC_20050,SBI_ACC_20109,731.2,2026-01-10 13:10:30,TRANSFER,UPI,Kotak Mahindra Bank,IN,0,NORMAL_BANKING_FLOW
TX_KOTAK_107696,KOTAK_ACC_20055,CANARA_ACC_20220,1428.64,2026-01-10 12:31:40,TRANSFER,UPI,Kotak Mahindra Bank,IN,0,NORMAL_BANKING_FLOW
TX_KOTAK_107697,KOTAK_ACC_20180,BOB_ACC_20151,1017.72,2026-01-10 13:29:36,TRANSFER,UPI,Kotak Mahindra Bank,IN,0,NORMAL_BANKING_FLOW
TX_KOTAK_107698,KOTAK_ACC_20005,INDUS_ACC_20171,144.44,2026-01-10 12:45:16,TRANSFER,IMPS,Kotak Mahindra Bank,IN,0,NORMAL_BANKING_FLOW
TX_KOTAK_107699,KOTAK_ACC_20104,KOTAK_ACC_20195,636.46,2026-01-10 13:31:28,TRANSFER,UPI,Kotak Mahindra Bank,IN,0,NORMAL_BANKING_FLOW
TX_KOTAK_107700,KOTAK_ACC_20103,CANARA_ACC_20085,880.58,2026-01-10 13:12:36,TRANSFER,UPI,Kotak Mahindra Bank,IN,0,NORMAL_BANKING_FLOW
TX_KOTAK_107701,KOTAK_ACC_20015,KOTAK_ACC_20163,910.04,2026-01-10 13:10:00,TRANSFER,UPI,Kotak Mahindra Bank,IN,0,NORMAL_BANKING_FLOW
TX_KOTAK_107702,KOTAK_ACC_20241,KOTAK_ACC_20040,182.98,2026-01-10 13:39:19,TRANSFER,UPI,Kotak Mahindra Bank,IN,0,NORMAL_BANKING_FLOW
TX_KOTAK_107703,KOTAK_ACC_20226,HDFC_ACC_20220,263.58,2026-01-10 13:30:06,TRANSFER,UPI,Kotak Mahindra Bank,IN,0,NORMAL_BANKING_FLOW
TX_KOTAK_107704,KOTAK_ACC_20032,KOTAK_ACC_20119,987.96,2026-01-10 12:48:04,TRANSFER,UPI,Kotak Mahindra Bank,IN,0,NORMAL_BANKING_FLOW
TX_KOTAK_107705,KOTAK_ACC_20165,KOTAK_ACC_20248,242.4,2026-01-10 12:53:44,TRANSFER,UPI,Kotak Mahindra Bank,IN,0,NORMAL_BANKING_FLOW
TX_KOTAK_107706,KOTAK_ACC_20026,KOTAK_ACC_20248,350.81,2026-01-10 12:59:30,TRANSFER,IMPS,Kotak Mahindra Bank,IN,0,NORMAL_BANKING_FLOW
TX_KOTAK_107707,KOTAK_ACC_20063,KOTAK_ACC_20240,1572.94,2026-01-10 12:49:28,TRANSFER,IMPS,Kotak Mahindra Bank,IN,0,NORMAL_BANKING_FLOW
TX_KOTAK_107708,KOTAK_ACC_20085,BOB_ACC_20199,429.13,2026-01-10 13:23:49,TRANSFER,UPI,Kotak Mahindra Bank,IN,0,NORMAL_BANKING_FLOW
TX_KOTAK_107709,KOTAK_ACC_20016,YES_ACC_20216,249.28,2026-01-10 12:27:00,TRANSFER,UPI,Kotak Mahindra Bank,IN,0,NORMAL_BANKING_FLOW
TX_KOTAK_107710,KOTAK_ACC_20226,KOTAK_ACC_20109,220.94,2026-01-10 13:41:44,TRANSFER,UPI,Kotak Mahindra Bank,IN,0,NORMAL_BANKING_FLOW
TX_KOTAK_107711,KOTAK_ACC_20009,BOB_ACC_20052,581.83,2026-01-10 12:58:40,TRANSFER,UPI,Kotak Mahindra Bank,IN,0,NORMAL_BANKING_FLOW
TX_KOTAK_107712,KOTAK_ACC_20077,KOTAK_ACC_20188,153.47,2026-01-10 13:30:39,TRANSFER,UPI,Kotak Mahindra Bank,IN,0,NORMAL_BANKING_FLOW
TX_KOTAK_107713,KOTAK_ACC_20050,AXIS_ACC_20065,365.82,2026-01-10 12:59:44,TRANSFER,UPI,Kotak Mahindra Bank,IN,0,NORMAL_BANKING_FLOW
TX_KOTAK_107714,KOTAK_ACC_20089,KOTAK_ACC_20111,582.07,2026-01-10 13:30:24,TRANSFER,UPI,Kotak Mahindra Bank,IN,0,NORMAL_BANKING_FLOW
TX_KOTAK_107715,KOTAK_ACC_20176,KOTAK_ACC_20223,1260.57,2026-01-10 13:08:24,TRANSFER,UPI,Kotak Mahindra Bank,IN,0,NORMAL_BANKING_FLOW
TX_KOTAK_107716,KOTAK_ACC_20158,KOTAK_ACC_20047,760.55,2026-01-10 13:03:15,TRANSFER,IMPS,Kotak Mahindra Bank,IN,0,NORMAL_BANKING_FLOW
TX_KOTAK_107717,KOTAK_ACC_20002,KOTAK_ACC_20222,251.83,2026-01-10 13:30:52,TRANSFER,UPI,Kotak Mahindra Bank,IN,0,NORMAL_BANKING_FLOW
TX_KOTAK_107718,KOTAK_ACC_20209,KOTAK_ACC_20202,1144.51,2026-01-10 13:23:51,TRANSFER,UPI,Kotak Mahindra Bank,IN,0,NORMAL_BANKING_FLOW
TX_KOTAK_107719,KOTAK_ACC_20205,AXIS_ACC_20189,350.86,2026-01-10 13:52:06,TRANSFER,UPI,Kotak Mahindra Bank,IN,0,NORMAL_BANKING_FLOW
TX_KOTAK_107720,KOTAK_ACC_20190,KOTAK_ACC_20192,165.91,2026-01-10 12:39:40,TRANSFER,UPI,Kotak Mahindra Bank,IN,0,NORMAL_BANKING_FLOW
TX_KOTAK_107721,KOTAK_ACC_20068,PNB_ACC_20227,388.53,2026-01-10 13:48:00,TRANSFER,UPI,Kotak Mahindra Bank,IN,0,NORMAL_BANKING_FLOW
TX_KOTAK_107722,KOTAK_ACC_20168,KOTAK_ACC_20080,1408.86,2026-01-10 12:34:17,TRANSFER,UPI,Kotak Mahindra Bank,IN,0,NORMAL_BANKING_FLOW
TX_KOTAK_107723,KOTAK_ACC_20051,SBI_ACC_20118,508.87,2026-01-10 13:45:44,TRANSFER,UPI,Kotak Mahindra Bank,IN,0,NORMAL_BANKING_FLOW
TX_KOTAK_107724,KOTAK_ACC_20111,KOTAK_ACC_20183,450.35,2026-01-10 13:52:45,TRANSFER,IMPS,Kotak Mahindra Bank,IN,0,NORMAL_BANKING_FLOW
TX_KOTAK_107725,KOTAK_ACC_20158,KOTAK_ACC_20013,1652.05,2026-01-10 13:14:24,TRANSFER,UPI,Kotak Mahindra Bank,IN,0,NORMAL_BANKING_FLOW
TX_KOTAK_107726,KOTAK_ACC_20040,KOTAK_ACC_20234,141.87,2026-01-10 12:45:50,TRANSFER,UPI,Kotak Mahindra Bank,IN,0,NORMAL_BANKING_FLOW
TX_KOTAK_107727,KOTAK_ACC_20033,KOTAK_ACC_20154,159.42,2026-01-10 13:57:36,TRANSFER,UPI,Kotak Mahindra Bank,IN,0,NORMAL_BANKING_FLOW
TX_KOTAK_107728,KOTAK_ACC_20097,KOTAK_ACC_20005,122.4,2026-01-10 14:00:39,TRANSFER,UPI,Kotak Mahindra Bank,IN,0,NORMAL_BANKING_FLOW
TX_KOTAK_107729,KOTAK_ACC_20042,INDUS_ACC_20217,600.71,2026-01-10 13:53:04,TRANSFER,UPI,Kotak Mahindra Bank,IN,0,NORMAL_BANKING_FLOW
TX_KOTAK_107730,KOTAK_ACC_20248,KOTAK_ACC_20062,509.38,2026-01-10 13:26:00,TRANSFER,UPI,Kotak Mahindra Bank,IN,0,NORMAL_BANKING_FLOW
TX_KOTAK_107731,KOTAK_ACC_20164,KOTAK_ACC_20206,1531.79,2026-01-10 12:34:40,TRANSFER,UPI,Kotak Mahindra Bank,IN,0,NORMAL_BANKING_FLOW
TX_KOTAK_107732,KOTAK_ACC_20203,ICICI_ACC_20174,541.74,2026-01-10 13:20:47,TRANSFER,UPI,Kotak Mahindra Bank,IN,0,NORMAL_BANKING_FLOW
TX_KOTAK_107733,KOTAK_ACC_20041,KOTAK_ACC_20037,322.68,2026-01-10 13:36:48,TRANSFER,UPI,Kotak Mahindra Bank,IN,0,NORMAL_BANKING_FLOW
TX_KOTAK_107734,KOTAK_ACC_20055,KOTAK_ACC_20236,446.5,2026-01-10 14:01:55,TRANSFER,UPI,Kotak Mahindra Bank,IN,0,NORMAL_BANKING_FLOW
TX_KOTAK_107735,KOTAK_ACC_20074,KOTAK_ACC_20020,489.88,2026-01-10 13:18:10,TRANSFER,UPI,Kotak Mahindra Bank,IN,0,NORMAL_BANKING_FLOW
TX_KOTAK_107736,KOTAK_ACC_20035,KOTAK_ACC_20195,117.05,2026-01-10 14:08:15,TRANSFER,IMPS,Kotak Mahindra Bank,IN,0,NORMAL_BANKING_FLOW
TX_KOTAK_107737,KOTAK_ACC_20238,KOTAK_ACC_20206,3898.18,2026-01-10 14:13:44,TRANSFER,IMPS,Kotak Mahindra Bank,IN,0,NORMAL_BANKING_FLOW
TX_KOTAK_107738,KOTAK_ACC_20223,KOTAK_ACC_20177,675.8,2026-01-10 12:41:06,TRANSFER,UPI,Kotak Mahindra Bank,IN,0,NORMAL_BANKING_FLOW
TX_KOTAK_107739,KOTAK_ACC_20232,INDUS_ACC_20076,527.42,2026-01-10 12:39:06,TRANSFER,UPI,Kotak Mahindra Bank,IN,0,NORMAL_BANKING_FLOW
TX_KOTAK_107740,KOTAK_ACC_20114,KOTAK_ACC_20133,729.33,2026-01-10 13:51:12,TRANSFER,UPI,Kotak Mahindra Bank,IN,0,NORMAL_BANKING_FLOW
TX_KOTAK_107741,KOTAK_ACC_20211,KOTAK_ACC_20114,786.45,2026-01-10 13:26:20,TRANSFER,UPI,Kotak Mahindra Bank,IN,0,NORMAL_BANKING_FLOW
TX_KOTAK_107742,KOTAK_ACC_20134,ICICI_ACC_20069,398.44,2026-01-10 13:05:48,TRANSFER,UPI,Kotak Mahindra Bank,IN,0,NORMAL_BANKING_FLOW
TX_KOTAK_107743,KOTAK_ACC_20174,KOTAK_ACC_20134,269.08,2026-01-10 14:22:00,TRANSFER,UPI,Kotak Mahindra Bank,IN,0,NORMAL_BANKING_FLOW
TX_KOTAK_107744,KOTAK_ACC_20021,KOTAK_ACC_20125,720.22,2026-01-10 12:50:03,TRANSFER,UPI,Kotak Mahindra Bank,IN,0,NORMAL_BANKING_FLOW
TX_KOTAK_107745,KOTAK_ACC_20048,ICICI_ACC_20111,607.02,2026-01-10 12:57:36,TRANSFER,IMPS,Kotak Mahindra Bank,IN,0,NORMAL_BANKING_FLOW
TX_KOTAK_107746,KOTAK_ACC_20150,KOTAK_ACC_20245,233.24,2026-01-10 13:17:20,TRANSFER,IMPS,Kotak Mahindra Bank,IN,0,NORMAL_BANKING_FLOW
TX_KOTAK_107747,KOTAK_ACC_20047,INDUS_ACC_20165,1387.46,2026-01-10 12:51:06,TRANSFER,UPI,Kotak Mahindra Bank,IN,0,NORMAL_BANKING_FLOW
TX_KOTAK_107748,KOTAK_ACC_20198,KOTAK_ACC_20134,563.79,2026-01-10 13:47:48,TRANSFER,UPI,Kotak Mahindra Bank,IN,0,NORMAL_BANKING_FLOW
TX_KOTAK_107749,KOTAK_ACC_20086,SBI_ACC_20062,799.4,2026-01-10 14:20:36,TRANSFER,UPI,Kotak Mahindra Bank,IN,0,NORMAL_BANKING_FLOW
TX_KOTAK_107750,KOTAK_ACC_20031,KOTAK_ACC_20187,1357.69,2026-01-10 12:44:42,TRANSFER,IMPS,Kotak Mahindra Bank,IN,0,NORMAL_BANKING_FLOW
TX_KOTAK_107751,KOTAK_ACC_20077,KOTAK_ACC_20129,453.73,2026-01-10 14:15:00,TRANSFER,UPI,Kotak Mahindra Bank,IN,0,NORMAL_BANKING_FLOW
TX_KOTAK_107752,KOTAK_ACC_20172,SBI_ACC_20211,574.54,2026-01-10 13:50:44,TRANSFER,UPI,Kotak Mahindra Bank,IN,0,NORMAL_BANKING_FLOW
TX_KOTAK_107753,KOTAK_ACC_20131,KOTAK_ACC_20150,852.37,2026-01-10 14:32:00,TRANSFER,UPI,Kotak Mahindra Bank,IN,0,NORMAL_BANKING_FLOW
TX_KOTAK_107754,KOTAK_ACC_20216,KOTAK_ACC_20007,249.66,2026-01-10 12:56:06,TRANSFER,IMPS,Kotak Mahindra Bank,IN,0,NORMAL_BANKING_FLOW
TX_KOTAK_107755,KOTAK_ACC_20167,KOTAK_ACC_20104,465.56,2026-01-10 14:00:38,TRANSFER,UPI,Kotak Mahindra Bank,IN,0,NORMAL_BANKING_FLOW
TX_KOTAK_107756,KOTAK_ACC_20060,SBI_ACC_20113,492.97,2026-01-10 14:35:00,TRANSFER,UPI,Kotak Mahindra Bank,IN,0,NORMAL_BANKING_FLOW
TX_KOTAK_107757,KOTAK_ACC_20092,KOTAK_ACC_20090,207.5,2026-01-10 13:46:36,TRANSFER,UPI,Kotak Mahindra Bank,IN,0,NORMAL_BANKING_FLOW
TX_KOTAK_107758,KOTAK_ACC_20198,INDUS_ACC_20220,2847.25,2026-01-10 14:18:41,TRANSFER,UPI,Kotak Mahindra Bank,IN,0,NORMAL_BANKING_FLOW
TX_KOTAK_107759,KOTAK_ACC_20019,BOB_ACC_20193,144.63,2026-01-10 13:34:48,TRANSFER,UPI,Kotak Mahindra Bank,IN,0,NORMAL_BANKING_FLOW
TX_KOTAK_107760,KOTAK_ACC_20039,KOTAK_ACC_20199,157.83,2026-01-10 14:39:00,TRANSFER,UPI,Kotak Mahindra Bank,IN,0,NORMAL_BANKING_FLOW
TX_KOTAK_107761,KOTAK_ACC_20196,CANARA_ACC_20239,1275.87,2026-01-10 13:36:00,TRANSFER,UPI,Kotak Mahindra Bank,IN,0,NORMAL_BANKING_FLOW
TX_KOTAK_107762,KOTAK_ACC_20147,INDUS_ACC_20072,788.88,2026-01-10 14:03:26,TRANSFER,UPI,Kotak Mahindra Bank,IN,0,NORMAL_BANKING_FLOW
TX_KOTAK_107763,KOTAK_ACC_20055,KOTAK_ACC_20037,196.22,2026-01-10 14:42:00,TRANSFER,UPI,Kotak Mahindra Bank,IN,0,NORMAL_BANKING_FLOW
TX_KOTAK_107764,KOTAK_ACC_20207,CANARA_ACC_20152,724.75,2026-01-10 13:29:39,TRANSFER,UPI,Kotak Mahindra Bank,IN,0,NORMAL_BANKING_FLOW
TX_KOTAK_107765,KOTAK_ACC_20004,KOTAK_ACC_20182,1442.71,2026-01-10 14:03:00,TRANSFER,UPI,Kotak Mahindra Bank,IN,0,NORMAL_BANKING_FLOW
TX_KOTAK_107766,KOTAK_ACC_20228,KOTAK_ACC_20072,435.19,2026-01-10 13:30:45,TRANSFER,IMPS,Kotak Mahindra Bank,IN,0,NORMAL_BANKING_FLOW
TX_KOTAK_107767,KOTAK_ACC_20145,KOTAK_ACC_20106,3565.5,2026-01-10 14:18:20,TRANSFER,UPI,Kotak Mahindra Bank,IN,0,NORMAL_BANKING_FLOW
TX_KOTAK_107768,KOTAK_ACC_20236,HDFC_ACC_20111,112.25,2026-01-10 14:02:28,TRANSFER,IMPS,Kotak Mahindra Bank,IN,0,NORMAL_BANKING_FLOW
TX_KOTAK_107769,KOTAK_ACC_20173,KOTAK_ACC_20202,776.7,2026-01-10 13:57:36,TRANSFER,UPI,Kotak Mahindra Bank,IN,0,NORMAL_BANKING_FLOW
TX_KOTAK_107770,KOTAK_ACC_20125,KOTAK_ACC_20084,1133.68,2026-01-10 13:55:29,TRANSFER,UPI,Kotak Mahindra Bank,IN,0,NORMAL_BANKING_FLOW
TX_KOTAK_107771,KOTAK_ACC_20087,ICICI_ACC_20198,909.66,2026-01-10 13:47:40,TRANSFER,UPI,Kotak Mahindra Bank,IN,0,NORMAL_BANKING_FLOW
TX_KOTAK_107772,KOTAK_ACC_20067,KOTAK_ACC_20203,378.61,2026-01-10 14:02:33,TRANSFER,UPI,Kotak Mahindra Bank,IN,0,NORMAL_BANKING_FLOW
TX_KOTAK_107773,KOTAK_ACC_20031,ICICI_ACC_20125,353.42,2026-01-10 12:45:52,TRANSFER,UPI,Kotak Mahindra Bank,IN,0,NORMAL_BANKING_FLOW
TX_KOTAK_107774,KOTAK_ACC_20101,KOTAK_ACC_20207,636.07,2026-01-10 13:09:12,TRANSFER,UPI,Kotak Mahindra Bank,IN,0,NORMAL_BANKING_FLOW
TX_KOTAK_107775,KOTAK_ACC_20209,KOTAK_ACC_20028,856.29,2026-01-10 12:55:06,TRANSFER,IMPS,Kotak Mahindra Bank,IN,0,NORMAL_BANKING_FLOW
TX_KOTAK_107776,KOTAK_ACC_20070,KOTAK_ACC_20233,721.97,2026-01-10 14:52:05,TRANSFER,UPI,Kotak Mahindra Bank,IN,0,NORMAL_BANKING_FLOW
TX_KOTAK_107777,KOTAK_ACC_20014,KOTAK_ACC_20246,1024.59,2026-01-10 14:41:20,TRANSFER,UPI,Kotak Mahindra Bank,IN,0,NORMAL_BANKING_FLOW
TX_KOTAK_107778,KOTAK_ACC_20061,INDUS_ACC_20091,197.34,2026-01-10 13:52:06,TRANSFER,UPI,Kotak Mahindra Bank,IN,0,NORMAL_BANKING_FLOW
TX_KOTAK_107779,KOTAK_ACC_20227,YES_ACC_20205,371.59,2026-01-10 14:40:12,TRANSFER,IMPS,Kotak Mahindra Bank,IN,0,NORMAL_BANKING_FLOW
TX_KOTAK_107780,KOTAK_ACC_20108,AXIS_ACC_20052,210.18,2026-01-10 13:17:34,TRANSFER,IMPS,Kotak Mahindra Bank,IN,0,NORMAL_BANKING_FLOW
TX_KOTAK_107781,KOTAK_ACC_20237,KOTAK_ACC_20179,327.38,2026-01-10 13:54:00,TRANSFER,UPI,Kotak Mahindra Bank,IN,0,NORMAL_BANKING_FLOW
TX_KOTAK_107782,KOTAK_ACC_20013,KOTAK_ACC_20201,1004.43,2026-01-10 14:03:41,TRANSFER,UPI,Kotak Mahindra Bank,IN,0,NORMAL_BANKING_FLOW
TX_KOTAK_107783,KOTAK_ACC_20001,KOTAK_ACC_20206,486.09,2026-01-10 14:43:48,TRANSFER,UPI,Kotak Mahindra Bank,IN,0,NORMAL_BANKING_FLOW
TX_KOTAK_107784,KOTAK_ACC_20128,KOTAK_ACC_20184,3588.49,2026-01-10 14:38:36,TRANSFER,UPI,Kotak Mahindra Bank,IN,0,NORMAL_BANKING_FLOW
TX_KOTAK_107785,KOTAK_ACC_20020,KOTAK_ACC_20095,520.47,2026-01-10 12:55:12,TRANSFER,UPI,Kotak Mahindra Bank,IN,0,NORMAL_BANKING_FLOW
TX_KOTAK_107786,KOTAK_ACC_20143,KOTAK_ACC_20040,467.67,2026-01-10 13:51:00,TRANSFER,UPI,Kotak Mahindra Bank,IN,0,NORMAL_BANKING_FLOW
TX_KOTAK_107787,KOTAK_ACC_20148,KOTAK_ACC_20059,485.39,2026-01-10 13:02:00,TRANSFER,UPI,Kotak Mahindra Bank,IN,0,NORMAL_BANKING_FLOW
TX_KOTAK_107788,KOTAK_ACC_20098,AXIS_ACC_20222,267.67,2026-01-10 13:30:23,TRANSFER,UPI,Kotak Mahindra Bank,IN,0,NORMAL_BANKING_FLOW
TX_KOTAK_107789,KOTAK_ACC_20107,KOTAK_ACC_20148,425.7,2026-01-10 12:59:32,TRANSFER,UPI,Kotak Mahindra Bank,IN,0,NORMAL_BANKING_FLOW
TX_KOTAK_107790,KOTAK_ACC_20139,KOTAK_ACC_20174,1099.08,2026-01-10 14:31:12,TRANSFER,IMPS,Kotak Mahindra Bank,IN,0,NORMAL_BANKING_FLOW
TX_KOTAK_107791,KOTAK_ACC_20008,KOTAK_ACC_20203,488.42,2026-01-10 12:50:40,TRANSFER,IMPS,Kotak Mahindra Bank,IN,0,NORMAL_BANKING_FLOW
TX_KOTAK_107792,KOTAK_ACC_20020,KOTAK_ACC_20095,236.33,2026-01-10 14:39:10,TRANSFER,UPI,Kotak Mahindra Bank,IN,0,NORMAL_BANKING_FLOW
TX_KOTAK_107793,KOTAK_ACC_20041,KOTAK_ACC_20012,212.71,2026-01-10 13:29:36,TRANSFER,UPI,Kotak Mahindra Bank,IN,0,NORMAL_BANKING_FLOW
TX_KOTAK_107794,KOTAK_ACC_20048,KOTAK_ACC_20188,311.01,2026-01-10 12:54:41,TRANSFER,UPI,Kotak Mahindra Bank,IN,0,NORMAL_BANKING_FLOW
TX_KOTAK_107795,KOTAK_ACC_20240,KOTAK_ACC_20062,473.0,2026-01-10 13:37:00,TRANSFER,UPI,Kotak Mahindra Bank,IN,0,NORMAL_BANKING_FLOW
TX_KOTAK_107796,KOTAK_ACC_20047,AXIS_ACC_20139,1158.49,2026-01-10 14:29:30,TRANSFER,UPI,Kotak Mahindra Bank,IN,0,NORMAL_BANKING_FLOW
TX_KOTAK_107797,KOTAK_ACC_20132,KOTAK_ACC_20168,152.57,2026-01-10 14:43:20,TRANSFER,UPI,Kotak Mahindra Bank,IN,0,NORMAL_BANKING_FLOW
TX_KOTAK_107798,KOTAK_ACC_20157,KOTAK_ACC_20076,345.21,2026-01-10 13:02:23,TRANSFER,UPI,Kotak Mahindra Bank,IN,0,NORMAL_BANKING_FLOW
TX_KOTAK_107799,KOTAK_ACC_20115,KOTAK_ACC_20193,500.42,2026-01-10 13:48:54,TRANSFER,IMPS,Kotak Mahindra Bank,IN,0,NORMAL_BANKING_FLOW
TX_KOTAK_107800,KOTAK_ACC_20110,KOTAK_ACC_20192,102.83,2026-01-10 14:15:59,TRANSFER,UPI,Kotak Mahindra Bank,IN,0,NORMAL_BANKING_FLOW
TX_KOTAK_107801,KOTAK_ACC_20205,KOTAK_ACC_20002,228.86,2026-01-10 13:46:40,TRANSFER,IMPS,Kotak Mahindra Bank,IN,0,NORMAL_BANKING_FLOW
TX_KOTAK_107802,KOTAK_ACC_20131,KOTAK_ACC_20047,258.81,2026-01-10 14:44:09,TRANSFER,UPI,Kotak Mahindra Bank,IN,0,NORMAL_BANKING_FLOW
TX_KOTAK_107803,KOTAK_ACC_20196,KOTAK_ACC_20074,235.86,2026-01-10 13:51:06,TRANSFER,UPI,Kotak Mahindra Bank,IN,0,NORMAL_BANKING_FLOW
TX_KOTAK_107804,KOTAK_ACC_20186,PNB_ACC_20070,519.84,2026-01-10 14:32:15,TRANSFER,UPI,Kotak Mahindra Bank,IN,0,NORMAL_BANKING_FLOW
TX_KOTAK_107805,KOTAK_ACC_20165,KOTAK_ACC_20197,392.11,2026-01-10 12:54:24,TRANSFER,UPI,Kotak Mahindra Bank,IN,0,NORMAL_BANKING_FLOW
TX_KOTAK_107806,KOTAK_ACC_20194,KOTAK_ACC_20211,285.94,2026-01-10 15:18:10,TRANSFER,UPI,Kotak Mahindra Bank,IN,0,NORMAL_BANKING_FLOW
TX_KOTAK_107807,KOTAK_ACC_20113,KOTAK_ACC_20167,627.89,2026-01-10 14:24:12,TRANSFER,UPI,Kotak Mahindra Bank,IN,0,NORMAL_BANKING_FLOW
TX_KOTAK_107808,KOTAK_ACC_20174,KOTAK_ACC_20121,1769.51,2026-01-10 14:00:45,TRANSFER,UPI,Kotak Mahindra Bank,IN,0,NORMAL_BANKING_FLOW
TX_KOTAK_107809,KOTAK_ACC_20077,KOTAK_ACC_20146,1654.75,2026-01-10 14:29:04,TRANSFER,UPI,Kotak Mahindra Bank,IN,0,NORMAL_BANKING_FLOW
TX_KOTAK_107810,KOTAK_ACC_20134,KOTAK_ACC_20022,95.75,2026-01-10 13:27:05,TRANSFER,UPI,Kotak Mahindra Bank,IN,0,NORMAL_BANKING_FLOW
TX_KOTAK_107811,KOTAK_ACC_20065,KOTAK_ACC_20157,707.44,2026-01-10 13:59:00,TRANSFER,IMPS,Kotak Mahindra Bank,IN,0,NORMAL_BANKING_FLOW
TX_KOTAK_107812,KOTAK_ACC_20145,KOTAK_ACC_20085,386.67,2026-01-10 13:38:28,TRANSFER,IMPS,Kotak Mahindra Bank,IN,0,NORMAL_BANKING_FLOW
TX_KOTAK_107813,KOTAK_ACC_20083,KOTAK_ACC_20112,504.78,2026-01-10 13:46:00,TRANSFER,UPI,Kotak Mahindra Bank,IN,0,NORMAL_BANKING_FLOW
TX_KOTAK_107814,KOTAK_ACC_20036,KOTAK_ACC_20072,324.2,2026-01-10 14:22:00,TRANSFER,UPI,Kotak Mahindra Bank,IN,0,NORMAL_BANKING_FLOW
TX_KOTAK_107815,KOTAK_ACC_20160,KOTAK_ACC_20204,489.84,2026-01-10 12:53:30,TRANSFER,IMPS,Kotak Mahindra Bank,IN,0,NORMAL_BANKING_FLOW
TX_KOTAK_107816,KOTAK_ACC_20216,KOTAK_ACC_20144,503.27,2026-01-10 15:06:20,TRANSFER,UPI,Kotak Mahindra Bank,IN,0,NORMAL_BANKING_FLOW
TX_KOTAK_107817,KOTAK_ACC_20244,KOTAK_ACC_20099,280.57,2026-01-10 14:20:24,TRANSFER,UPI,Kotak Mahindra Bank,IN,0,NORMAL_BANKING_FLOW
TX_KOTAK_107818,KOTAK_ACC_20206,KOTAK_ACC_20246,217.65,2026-01-10 14:28:17,TRANSFER,UPI,Kotak Mahindra Bank,IN,0,NORMAL_BANKING_FLOW
TX_KOTAK_107819,KOTAK_ACC_20137,KOTAK_ACC_20035,311.39,2026-01-10 13:19:56,TRANSFER,UPI,Kotak Mahindra Bank,IN,0,NORMAL_BANKING_FLOW
TX_KOTAK_107820,KOTAK_ACC_20037,KOTAK_ACC_20198,537.76,2026-01-10 15:06:09,TRANSFER,UPI,Kotak Mahindra Bank,IN,0,NORMAL_BANKING_FLOW
TX_KOTAK_107821,KOTAK_ACC_20225,KOTAK_ACC_20068,719.96,2026-01-10 15:25:20,TRANSFER,UPI,Kotak Mahindra Bank,IN,0,NORMAL_BANKING_FLOW
TX_KOTAK_107822,KOTAK_ACC_20035,KOTAK_ACC_20013,882.43,2026-01-10 14:23:39,TRANSFER,UPI,Kotak Mahindra Bank,IN,0,NORMAL_BANKING_FLOW
TX_KOTAK_107823,KOTAK_ACC_20058,KOTAK_ACC_20143,300.26,2026-01-10 13:47:18,TRANSFER,UPI,Kotak Mahindra Bank,IN,0,NORMAL_BANKING_FLOW
TX_KOTAK_107824,KOTAK_ACC_20099,KOTAK_ACC_20016,559.52,2026-01-10 13:58:56,TRANSFER,UPI,Kotak Mahindra Bank,IN,0,NORMAL_BANKING_FLOW
TX_KOTAK_107825,KOTAK_ACC_20125,BOB_ACC_20246,962.95,2026-01-10 13:44:32,TRANSFER,UPI,Kotak Mahindra Bank,IN,0,NORMAL_BANKING_FLOW
TX_KOTAK_107826,KOTAK_ACC_20062,KOTAK_ACC_20068,1132.83,2026-01-10 14:11:15,TRANSFER,UPI,Kotak Mahindra Bank,IN,0,NORMAL_BANKING_FLOW
TX_KOTAK_107827,KOTAK_ACC_20098,KOTAK_ACC_20234,425.36,2026-01-10 14:15:36,TRANSFER,UPI,Kotak Mahindra Bank,IN,0,NORMAL_BANKING_FLOW
TX_KOTAK_107828,KOTAK_ACC_20115,KOTAK_ACC_20167,373.63,2026-01-10 14:12:25,TRANSFER,UPI,Kotak Mahindra Bank,IN,0,NORMAL_BANKING_FLOW
TX_KOTAK_107829,KOTAK_ACC_20095,CANARA_ACC_20128,519.52,2026-01-10 15:36:36,TRANSFER,IMPS,Kotak Mahindra Bank,IN,0,NORMAL_BANKING_FLOW
TX_KOTAK_107830,KOTAK_ACC_20000,KOTAK_ACC_20091,177.72,2026-01-10 14:28:51,TRANSFER,UPI,Kotak Mahindra Bank,IN,0,NORMAL_BANKING_FLOW
TX_KOTAK_107831,KOTAK_ACC_20188,KOTAK_ACC_20101,381.88,2026-01-10 14:18:00,TRANSFER,UPI,Kotak Mahindra Bank,IN,0,NORMAL_BANKING_FLOW
TX_KOTAK_107832,KOTAK_ACC_20166,KOTAK_ACC_20163,808.9,2026-01-10 15:31:45,TRANSFER,UPI,Kotak Mahindra Bank,IN,0,NORMAL_BANKING_FLOW
TX_KOTAK_107833,KOTAK_ACC_20067,KOTAK_ACC_20107,745.13,2026-01-10 13:59:52,TRANSFER,IMPS,Kotak Mahindra Bank,IN,0,NORMAL_BANKING_FLOW
TX_KOTAK_107834,KOTAK_ACC_20009,KOTAK_ACC_20028,359.17,2026-01-10 13:52:37,TRANSFER,UPI,Kotak Mahindra Bank,IN,0,NORMAL_BANKING_FLOW
TX_KOTAK_107835,KOTAK_ACC_20090,KOTAK_ACC_20064,530.69,2026-01-10 14:00:54,TRANSFER,IMPS,Kotak Mahindra Bank,IN,0,NORMAL_BANKING_FLOW
TX_KOTAK_107836,KOTAK_ACC_20015,KOTAK_ACC_20023,230.51,2026-01-10 14:01:25,TRANSFER,UPI,Kotak Mahindra Bank,IN,0,NORMAL_BANKING_FLOW
TX_KOTAK_107837,KOTAK_ACC_20113,KOTAK_ACC_20184,782.73,2026-01-10 15:48:08,TRANSFER,UPI,Kotak Mahindra Bank,IN,0,NORMAL_BANKING_FLOW
TX_KOTAK_107838,KOTAK_ACC_20035,KOTAK_ACC_20084,418.95,2026-01-10 13:22:57,TRANSFER,IMPS,Kotak Mahindra Bank,IN,0,NORMAL_BANKING_FLOW
TX_KOTAK_107839,KOTAK_ACC_20023,KOTAK_ACC_20136,357.54,2026-01-10 13:19:20,TRANSFER,UPI,Kotak Mahindra Bank,IN,0,NORMAL_BANKING_FLOW
TX_KOTAK_107840,KOTAK_ACC_20168,KOTAK_ACC_20087,333.83,2026-01-10 14:27:23,TRANSFER,UPI,Kotak Mahindra Bank,IN,0,NORMAL_BANKING_FLOW
TX_KOTAK_107841,KOTAK_ACC_20025,KOTAK_ACC_20082,423.98,2026-01-10 14:44:00,TRANSFER,UPI,Kotak Mahindra Bank,IN,0,NORMAL_BANKING_FLOW
TX_KOTAK_107842,KOTAK_ACC_20139,KOTAK_ACC_20067,311.59,2026-01-10 15:20:50,TRANSFER,UPI,Kotak Mahindra Bank,IN,0,NORMAL_BANKING_FLOW
TX_KOTAK_107843,KOTAK_ACC_20213,KOTAK_ACC_20144,754.85,2026-01-10 13:48:54,TRANSFER,IMPS,Kotak Mahindra Bank,IN,0,NORMAL_BANKING_FLOW
TX_KOTAK_107844,KOTAK_ACC_20121,YES_ACC_20181,324.98,2026-01-10 15:10:21,TRANSFER,IMPS,Kotak Mahindra Bank,IN,0,NORMAL_BANKING_FLOW
TX_KOTAK_107845,KOTAK_ACC_20125,KOTAK_ACC_20178,1594.59,2026-01-10 13:53:52,TRANSFER,UPI,Kotak Mahindra Bank,IN,0,NORMAL_BANKING_FLOW
TX_KOTAK_107846,KOTAK_ACC_20071,KOTAK_ACC_20052,1439.67,2026-01-10 16:05:00,TRANSFER,UPI,Kotak Mahindra Bank,IN,0,NORMAL_BANKING_FLOW
TX_KOTAK_107847,KOTAK_ACC_20102,KOTAK_ACC_20191,218.5,2026-01-10 15:25:00,TRANSFER,UPI,Kotak Mahindra Bank,IN,0,NORMAL_BANKING_FLOW
TX_KOTAK_107848,KOTAK_ACC_20019,CANARA_ACC_20011,471.43,2026-01-10 15:13:29,TRANSFER,UPI,Kotak Mahindra Bank,IN,0,NORMAL_BANKING_FLOW
TX_KOTAK_107849,KOTAK_ACC_20032,KOTAK_ACC_20136,264.93,2026-01-10 13:10:16,TRANSFER,UPI,Kotak Mahindra Bank,IN,0,NORMAL_BANKING_FLOW
TX_KOTAK_107850,KOTAK_ACC_20230,PNB_ACC_20148,343.33,2026-01-10 14:12:48,TRANSFER,UPI,Kotak Mahindra Bank,IN,0,NORMAL_BANKING_FLOW
TX_KOTAK_107851,KOTAK_ACC_20153,KOTAK_ACC_20217,2212.64,2026-01-10 14:50:50,TRANSFER,UPI,Kotak Mahindra Bank,IN,0,NORMAL_BANKING_FLOW
TX_KOTAK_107852,KOTAK_ACC_20180,KOTAK_ACC_20157,348.61,2026-01-10 13:36:13,TRANSFER,UPI,Kotak Mahindra Bank,IN,0,NORMAL_BANKING_FLOW
TX_KOTAK_107853,KOTAK_ACC_20245,KOTAK_ACC_20074,594.77,2026-01-10 15:46:48,TRANSFER,UPI,Kotak Mahindra Bank,IN,0,NORMAL_BANKING_FLOW
TX_KOTAK_107854,KOTAK_ACC_20128,SBI_ACC_20079,687.5,2026-01-10 13:58:04,TRANSFER,UPI,Kotak Mahindra Bank,IN,0,NORMAL_BANKING_FLOW
TX_KOTAK_107855,KOTAK_ACC_20122,INDUS_ACC_20031,200.24,2026-01-10 13:03:30,TRANSFER,UPI,Kotak Mahindra Bank,IN,0,NORMAL_BANKING_FLOW
TX_KOTAK_107856,KOTAK_ACC_20019,KOTAK_ACC_20193,224.96,2026-01-10 14:03:15,TRANSFER,UPI,Kotak Mahindra Bank,IN,0,NORMAL_BANKING_FLOW
TX_KOTAK_107857,KOTAK_ACC_20035,KOTAK_ACC_20141,169.9,2026-01-10 13:42:24,TRANSFER,IMPS,Kotak Mahindra Bank,IN,0,NORMAL_BANKING_FLOW
TX_KOTAK_107858,KOTAK_ACC_20086,AXIS_ACC_20210,219.47,2026-01-10 15:42:44,TRANSFER,UPI,Kotak Mahindra Bank,IN,0,NORMAL_BANKING_FLOW
TX_KOTAK_107859,KOTAK_ACC_20114,KOTAK_ACC_20214,45.6,2026-01-10 15:09:12,TRANSFER,UPI,Kotak Mahindra Bank,IN,0,NORMAL_BANKING_FLOW
TX_KOTAK_107860,KOTAK_ACC_20062,KOTAK_ACC_20032,689.29,2026-01-10 13:43:36,TRANSFER,UPI,Kotak Mahindra Bank,IN,0,NORMAL_BANKING_FLOW
TX_KOTAK_107861,KOTAK_ACC_20204,KOTAK_ACC_20105,2306.2,2026-01-10 15:06:20,TRANSFER,UPI,Kotak Mahindra Bank,IN,0,NORMAL_BANKING_FLOW
TX_KOTAK_107862,KOTAK_ACC_20101,ICICI_ACC_20056,501.83,2026-01-10 15:02:42,TRANSFER,UPI,Kotak Mahindra Bank,IN,0,NORMAL_BANKING_FLOW
TX_KOTAK_107863,KOTAK_ACC_20231,KOTAK_ACC_20091,143.59,2026-01-10 13:57:54,TRANSFER,UPI,Kotak Mahindra Bank,IN,0,NORMAL_BANKING_FLOW
TX_KOTAK_107864,KOTAK_ACC_20107,PNB_ACC_20116,266.61,2026-01-10 14:37:48,TRANSFER,UPI,Kotak Mahindra Bank,IN,0,NORMAL_BANKING_FLOW
TX_KOTAK_107865,KOTAK_ACC_20038,KOTAK_ACC_20241,308.86,2026-01-10 14:34:00,TRANSFER,UPI,Kotak Mahindra Bank,IN,0,NORMAL_BANKING_FLOW
TX_KOTAK_107866,KOTAK_ACC_20172,KOTAK_ACC_20161,197.54,2026-01-10 13:41:35,TRANSFER,IMPS,Kotak Mahindra Bank,IN,0,NORMAL_BANKING_FLOW
TX_KOTAK_107867,KOTAK_ACC_20036,KOTAK_ACC_20081,887.27,2026-01-10 15:19:30,TRANSFER,UPI,Kotak Mahindra Bank,IN,0,NORMAL_BANKING_FLOW
TX_KOTAK_107868,KOTAK_ACC_20227,YES_ACC_20140,852.53,2026-01-10 13:37:54,TRANSFER,UPI,Kotak Mahindra Bank,IN,0,NORMAL_BANKING_FLOW
TX_KOTAK_107869,KOTAK_ACC_20148,KOTAK_ACC_20118,176.91,2026-01-10 15:25:28,TRANSFER,UPI,Kotak Mahindra Bank,IN,0,NORMAL_BANKING_FLOW
TX_KOTAK_107870,KOTAK_ACC_20248,KOTAK_ACC_20178,796.37,2026-01-10 13:25:11,TRANSFER,UPI,Kotak Mahindra Bank,IN,0,NORMAL_BANKING_FLOW
TX_KOTAK_107871,KOTAK_ACC_20098,KOTAK_ACC_20177,1512.4,2026-01-10 15:36:00,TRANSFER,UPI,Kotak Mahindra Bank,IN,0,NORMAL_BANKING_FLOW
TX_KOTAK_107872,KOTAK_ACC_20046,INDUS_ACC_20204,2042.74,2026-01-10 15:59:23,TRANSFER,UPI,Kotak Mahindra Bank,IN,0,NORMAL_BANKING_FLOW
TX_KOTAK_107873,KOTAK_ACC_20058,AXIS_ACC_20004,4412.38,2026-01-10 14:02:24,TRANSFER,UPI,Kotak Mahindra Bank,IN,0,NORMAL_BANKING_FLOW
TX_KOTAK_107874,KOTAK_ACC_20069,KOTAK_ACC_20188,216.68,2026-01-10 16:10:15,TRANSFER,IMPS,Kotak Mahindra Bank,IN,0,NORMAL_BANKING_FLOW
TX_KOTAK_107875,KOTAK_ACC_20247,KOTAK_ACC_20222,4270.03,2026-01-10 15:57:28,TRANSFER,UPI,Kotak Mahindra Bank,IN,0,NORMAL_BANKING_FLOW
TX_KOTAK_107876,KOTAK_ACC_20209,KOTAK_ACC_20113,335.84,2026-01-10 15:07:55,TRANSFER,UPI,Kotak Mahindra Bank,IN,0,NORMAL_BANKING_FLOW
TX_KOTAK_107877,KOTAK_ACC_20037,BOB_ACC_20058,277.56,2026-01-10 15:59:12,TRANSFER,UPI,Kotak Mahindra Bank,IN,0,NORMAL_BANKING_FLOW
TX_KOTAK_107878,KOTAK_ACC_20045,KOTAK_ACC_20068,579.21,2026-01-10 13:18:29,TRANSFER,UPI,Kotak Mahindra Bank,IN,0,NORMAL_BANKING_FLOW
TX_KOTAK_107879,KOTAK_ACC_20200,KOTAK_ACC_20238,279.88,2026-01-10 15:09:58,TRANSFER,UPI,Kotak Mahindra Bank,IN,0,NORMAL_BANKING_FLOW
TX_KOTAK_107880,KOTAK_ACC_20028,KOTAK_ACC_20037,613.53,2026-01-10 16:29:42,TRANSFER,UPI,Kotak Mahindra Bank,IN,0,NORMAL_BANKING_FLOW
TX_KOTAK_107881,KOTAK_ACC_20219,HDFC_ACC_20082,155.08,2026-01-10 13:19:20,TRANSFER,UPI,Kotak Mahindra Bank,IN,0,NORMAL_BANKING_FLOW
TX_KOTAK_107882,KOTAK_ACC_20129,KOTAK_ACC_20080,368.34,2026-01-10 16:41:00,TRANSFER,UPI,Kotak Mahindra Bank,IN,0,NORMAL_BANKING_FLOW
TX_KOTAK_107883,KOTAK_ACC_20056,KOTAK_ACC_20101,1246.96,2026-01-10 13:38:42,TRANSFER,UPI,Kotak Mahindra Bank,IN,0,NORMAL_BANKING_FLOW
TX_KOTAK_107884,KOTAK_ACC_20057,AXIS_ACC_20195,425.96,2026-01-10 14:59:14,TRANSFER,UPI,Kotak Mahindra Bank,IN,0,NORMAL_BANKING_FLOW
TX_KOTAK_107885,KOTAK_ACC_20123,INDUS_ACC_20179,499.33,2026-01-10 14:22:00,TRANSFER,UPI,Kotak Mahindra Bank,IN,0,NORMAL_BANKING_FLOW
TX_KOTAK_107886,KOTAK_ACC_20179,SBI_ACC_20147,652.11,2026-01-10 14:41:30,TRANSFER,UPI,Kotak Mahindra Bank,IN,0,NORMAL_BANKING_FLOW
TX_KOTAK_107887,KOTAK_ACC_20030,KOTAK_ACC_20068,1137.43,2026-01-10 15:53:34,TRANSFER,IMPS,Kotak Mahindra Bank,IN,0,NORMAL_BANKING_FLOW
TX_KOTAK_107888,KOTAK_ACC_20114,KOTAK_ACC_20166,118.61,2026-01-10 14:18:43,TRANSFER,UPI,Kotak Mahindra Bank,IN,0,NORMAL_BANKING_FLOW
TX_KOTAK_107889,KOTAK_ACC_20118,KOTAK_ACC_20248,711.67,2026-01-10 13:55:12,TRANSFER,UPI,Kotak Mahindra Bank,IN,0,NORMAL_BANKING_FLOW
TX_KOTAK_107890,KOTAK_ACC_20028,INDUS_ACC_20180,359.78,2026-01-10 14:34:08,TRANSFER,UPI,Kotak Mahindra Bank,IN,0,NORMAL_BANKING_FLOW
TX_KOTAK_107891,KOTAK_ACC_20043,KOTAK_ACC_20175,509.44,2026-01-10 16:45:10,TRANSFER,IMPS,Kotak Mahindra Bank,IN,0,NORMAL_BANKING_FLOW
TX_KOTAK_107892,KOTAK_ACC_20235,CANARA_ACC_20023,1041.02,2026-01-10 14:20:39,TRANSFER,IMPS,Kotak Mahindra Bank,IN,0,NORMAL_BANKING_FLOW
TX_KOTAK_107893,KOTAK_ACC_20216,KOTAK_ACC_20097,171.51,2026-01-10 15:29:16,TRANSFER,UPI,Kotak Mahindra Bank,IN,0,NORMAL_BANKING_FLOW
TX_KOTAK_107894,KOTAK_ACC_20096,KOTAK_ACC_20095,198.32,2026-01-10 15:54:24,TRANSFER,UPI,Kotak Mahindra Bank,IN,0,NORMAL_BANKING_FLOW
TX_KOTAK_107895,KOTAK_ACC_20024,KOTAK_ACC_20190,94.79,2026-01-10 13:23:18,TRANSFER,UPI,Kotak Mahindra Bank,IN,0,NORMAL_BANKING_FLOW
TX_KOTAK_107896,KOTAK_ACC_20198,KOTAK_ACC_20007,287.34,2026-01-10 14:27:30,TRANSFER,IMPS,Kotak Mahindra Bank,IN,0,NORMAL_BANKING_FLOW
TX_KOTAK_107897,KOTAK_ACC_20014,KOTAK_ACC_20185,1292.52,2026-01-10 16:51:04,TRANSFER,UPI,Kotak Mahindra Bank,IN,0,NORMAL_BANKING_FLOW
TX_KOTAK_107898,KOTAK_ACC_20150,KOTAK_ACC_20096,404.86,2026-01-10 15:08:06,TRANSFER,IMPS,Kotak Mahindra Bank,IN,0,NORMAL_BANKING_FLOW
TX_KOTAK_107899,KOTAK_ACC_20048,KOTAK_ACC_20167,152.61,2026-01-10 16:23:14,TRANSFER,UPI,Kotak Mahindra Bank,IN,0,NORMAL_BANKING_FLOW
TX_KOTAK_107900,KOTAK_ACC_20054,YES_ACC_20073,302.31,2026-01-10 13:34:41,TRANSFER,UPI,Kotak Mahindra Bank,IN,0,NORMAL_BANKING_FLOW
TX_KOTAK_107901,KOTAK_ACC_20132,KOTAK_ACC_20210,135.6,2026-01-10 16:40:00,TRANSFER,UPI,Kotak Mahindra Bank,IN,0,NORMAL_BANKING_FLOW
TX_KOTAK_107902,KOTAK_ACC_20011,KOTAK_ACC_20181,181.25,2026-01-10 14:35:31,TRANSFER,UPI,Kotak Mahindra Bank,IN,0,NORMAL_BANKING_FLOW
TX_KOTAK_107903,KOTAK_ACC_20075,INDUS_ACC_20211,608.54,2026-01-10 17:02:00,TRANSFER,UPI,Kotak Mahindra Bank,IN,0,NORMAL_BANKING_FLOW
TX_KOTAK_107904,KOTAK_ACC_20085,KOTAK_ACC_20239,174.32,2026-01-10 14:01:12,TRANSFER,IMPS,Kotak Mahindra Bank,IN,0,NORMAL_BANKING_FLOW
TX_KOTAK_107905,KOTAK_ACC_20169,KOTAK_ACC_20241,1085.84,2026-01-10 15:12:32,TRANSFER,UPI,Kotak Mahindra Bank,IN,0,NORMAL_BANKING_FLOW
TX_KOTAK_107906,KOTAK_ACC_20001,KOTAK_ACC_20101,421.2,2026-01-10 15:18:15,TRANSFER,IMPS,Kotak Mahindra Bank,IN,0,NORMAL_BANKING_FLOW
TX_KOTAK_107907,KOTAK_ACC_20120,KOTAK_ACC_20166,477.46,2026-01-10 14:12:36,TRANSFER,IMPS,Kotak Mahindra Bank,IN,0,NORMAL_BANKING_FLOW
TX_KOTAK_107908,KOTAK_ACC_20167,ICICI_ACC_20115,356.85,2026-01-10 14:59:05,TRANSFER,UPI,Kotak Mahindra Bank,IN,0,NORMAL_BANKING_FLOW
TX_KOTAK_107909,KOTAK_ACC_20209,KOTAK_ACC_20006,827.39,2026-01-10 13:52:56,TRANSFER,UPI,Kotak Mahindra Bank,IN,0,NORMAL_BANKING_FLOW
TX_KOTAK_107910,KOTAK_ACC_20212,KOTAK_ACC_20098,834.25,2026-01-10 13:58:27,TRANSFER,IMPS,Kotak Mahindra Bank,IN,0,NORMAL_BANKING_FLOW
TX_KOTAK_107911,KOTAK_ACC_20111,KOTAK_ACC_20222,582.92,2026-01-10 13:38:10,TRANSFER,UPI,Kotak Mahindra Bank,IN,0,NORMAL_BANKING_FLOW
TX_KOTAK_107912,KOTAK_ACC_20006,AXIS_ACC_20111,700.53,2026-01-10 13:22:56,TRANSFER,UPI,Kotak Mahindra Bank,IN,0,NORMAL_BANKING_FLOW
TX_KOTAK_107913,KOTAK_ACC_20017,KOTAK_ACC_20217,376.28,2026-01-10 13:18:00,TRANSFER,UPI,Kotak Mahindra Bank,IN,0,NORMAL_BANKING_FLOW
TX_KOTAK_107914,KOTAK_ACC_20142,KOTAK_ACC_20119,687.98,2026-01-10 16:26:03,TRANSFER,UPI,Kotak Mahindra Bank,IN,0,NORMAL_BANKING_FLOW
TX_KOTAK_107915,KOTAK_ACC_20050,CANARA_ACC_20176,340.26,2026-01-10 13:34:12,TRANSFER,UPI,Kotak Mahindra Bank,IN,0,NORMAL_BANKING_FLOW
TX_KOTAK_107916,KOTAK_ACC_20135,KOTAK_ACC_20238,446.65,2026-01-10 15:30:00,TRANSFER,UPI,Kotak Mahindra Bank,IN,0,NORMAL_BANKING_FLOW
TX_KOTAK_107917,KOTAK_ACC_20134,KOTAK_ACC_20211,357.91,2026-01-10 17:00:12,TRANSFER,UPI,Kotak Mahindra Bank,IN,0,NORMAL_BANKING_FLOW
TX_KOTAK_107918,KOTAK_ACC_20200,KOTAK_ACC_20071,309.27,2026-01-10 16:03:02,TRANSFER,IMPS,Kotak Mahindra Bank,IN,0,NORMAL_BANKING_FLOW
TX_KOTAK_107919,KOTAK_ACC_20034,KOTAK_ACC_20130,256.91,2026-01-10 17:02:06,TRANSFER,UPI,Kotak Mahindra Bank,IN,0,NORMAL_BANKING_FLOW
TX_KOTAK_107920,KOTAK_ACC_20025,KOTAK_ACC_20086,648.17,2026-01-10 14:02:17,TRANSFER,IMPS,Kotak Mahindra Bank,IN,0,NORMAL_BANKING_FLOW
TX_KOTAK_107921,KOTAK_ACC_20197,YES_ACC_20078,1272.18,2026-01-10 15:44:00,TRANSFER,UPI,Kotak Mahindra Bank,IN,0,NORMAL_BANKING_FLOW
TX_KOTAK_107922,KOTAK_ACC_20125,KOTAK_ACC_20163,1137.83,2026-01-10 15:44:42,TRANSFER,UPI,Kotak Mahindra Bank,IN,0,NORMAL_BANKING_FLOW
TX_KOTAK_107923,KOTAK_ACC_20092,KOTAK_ACC_20205,163.16,2026-01-10 15:07:50,TRANSFER,IMPS,Kotak Mahindra Bank,IN,0,NORMAL_BANKING_FLOW
TX_KOTAK_107924,KOTAK_ACC_20151,ICICI_ACC_20009,1250.58,2026-01-10 16:34:33,TRANSFER,UPI,Kotak Mahindra Bank,IN,0,NORMAL_BANKING_FLOW
TX_KOTAK_107925,KOTAK_ACC_20230,AXIS_ACC_20094,345.67,2026-01-10 15:19:48,TRANSFER,IMPS,Kotak Mahindra Bank,IN,0,NORMAL_BANKING_FLOW
TX_KOTAK_107926,KOTAK_ACC_20237,CANARA_ACC_20204,720.96,2026-01-10 15:36:40,TRANSFER,UPI,Kotak Mahindra Bank,IN,0,NORMAL_BANKING_FLOW
TX_KOTAK_107927,KOTAK_ACC_20200,KOTAK_ACC_20044,215.95,2026-01-10 14:59:18,TRANSFER,UPI,Kotak Mahindra Bank,IN,0,NORMAL_BANKING_FLOW
TX_KOTAK_107928,KOTAK_ACC_20126,KOTAK_ACC_20108,499.49,2026-01-10 15:21:39,TRANSFER,UPI,Kotak Mahindra Bank,IN,0,NORMAL_BANKING_FLOW
TX_KOTAK_107929,KOTAK_ACC_20225,BOB_ACC_20106,573.05,2026-01-10 16:00:32,TRANSFER,UPI,Kotak Mahindra Bank,IN,0,NORMAL_BANKING_FLOW
TX_KOTAK_107930,KOTAK_ACC_20092,KOTAK_ACC_20142,135.95,2026-01-10 17:01:35,TRANSFER,UPI,Kotak Mahindra Bank,IN,0,NORMAL_BANKING_FLOW
TX_KOTAK_107931,KOTAK_ACC_20125,PNB_ACC_20130,725.32,2026-01-10 14:06:30,TRANSFER,UPI,Kotak Mahindra Bank,IN,0,NORMAL_BANKING_FLOW
TX_KOTAK_107932,KOTAK_ACC_20072,KOTAK_ACC_20156,1308.65,2026-01-10 15:57:13,TRANSFER,IMPS,Kotak Mahindra Bank,IN,0,NORMAL_BANKING_FLOW
TX_KOTAK_107933,KOTAK_ACC_20157,INDUS_ACC_20167,387.72,2026-01-10 14:46:00,TRANSFER,UPI,Kotak Mahindra Bank,IN,0,NORMAL_BANKING_FLOW
TX_KOTAK_107934,KOTAK_ACC_20137,KOTAK_ACC_20098,1323.63,2026-01-10 16:37:30,TRANSFER,UPI,Kotak Mahindra Bank,IN,0,NORMAL_BANKING_FLOW
TX_KOTAK_107935,KOTAK_ACC_20120,ICICI_ACC_20089,383.08,2026-01-10 16:55:02,TRANSFER,UPI,Kotak Mahindra Bank,IN,0,NORMAL_BANKING_FLOW
TX_KOTAK_107936,KOTAK_ACC_20215,KOTAK_ACC_20051,879.78,2026-01-10 14:14:00,TRANSFER,UPI,Kotak Mahindra Bank,IN,0,NORMAL_BANKING_FLOW
TX_KOTAK_107937,KOTAK_ACC_20228,KOTAK_ACC_20163,75.58,2026-01-10 13:40:48,TRANSFER,UPI,Kotak Mahindra Bank,IN,0,NORMAL_BANKING_FLOW
TX_KOTAK_107938,KOTAK_ACC_20097,HDFC_ACC_20147,3087.21,2026-01-10 16:46:27,TRANSFER,UPI,Kotak Mahindra Bank,IN,0,NORMAL_BANKING_FLOW
TX_KOTAK_107939,KOTAK_ACC_20246,KOTAK_ACC_20048,1474.93,2026-01-10 13:52:40,TRANSFER,UPI,Kotak Mahindra Bank,IN,0,NORMAL_BANKING_FLOW
TX_KOTAK_107940,KOTAK_ACC_20173,KOTAK_ACC_20160,355.06,2026-01-10 14:38:12,TRANSFER,UPI,Kotak Mahindra Bank,IN,0,NORMAL_BANKING_FLOW
TX_KOTAK_107941,KOTAK_ACC_20142,KOTAK_ACC_20055,92.05,2026-01-10 13:47:40,TRANSFER,UPI,Kotak Mahindra Bank,IN,0,NORMAL_BANKING_FLOW
TX_KOTAK_107942,KOTAK_ACC_20100,KOTAK_ACC_20132,561.39,2026-01-10 13:36:37,TRANSFER,UPI,Kotak Mahindra Bank,IN,0,NORMAL_BANKING_FLOW
TX_KOTAK_107943,KOTAK_ACC_20060,KOTAK_ACC_20085,140.45,2026-01-10 16:16:30,TRANSFER,UPI,Kotak Mahindra Bank,IN,0,NORMAL_BANKING_FLOW
TX_KOTAK_107944,KOTAK_ACC_20043,KOTAK_ACC_20154,636.44,2026-01-10 14:28:38,TRANSFER,UPI,Kotak Mahindra Bank,IN,0,NORMAL_BANKING_FLOW
TX_KOTAK_107945,KOTAK_ACC_20140,PNB_ACC_20122,619.71,2026-01-10 17:32:32,TRANSFER,UPI,Kotak Mahindra Bank,IN,0,NORMAL_BANKING_FLOW
TX_KOTAK_107946,KOTAK_ACC_20047,KOTAK_ACC_20104,209.95,2026-01-10 16:30:15,TRANSFER,UPI,Kotak Mahindra Bank,IN,0,NORMAL_BANKING_FLOW
TX_KOTAK_107947,KOTAK_ACC_20150,KOTAK_ACC_20191,1093.1,2026-01-10 16:59:52,TRANSFER,IMPS,Kotak Mahindra Bank,IN,0,NORMAL_BANKING_FLOW
TX_KOTAK_107948,KOTAK_ACC_20059,KOTAK_ACC_20042,849.34,2026-01-10 15:39:46,TRANSFER,UPI,Kotak Mahindra Bank,IN,0,NORMAL_BANKING_FLOW
TX_KOTAK_107949,KOTAK_ACC_20056,KOTAK_ACC_20166,973.27,2026-01-10 14:13:24,TRANSFER,UPI,Kotak Mahindra Bank,IN,0,NORMAL_BANKING_FLOW
TX_KOTAK_107950,KOTAK_ACC_20085,SBI_ACC_20203,449.03,2026-01-10 16:15:56,TRANSFER,UPI,Kotak Mahindra Bank,IN,0,NORMAL_BANKING_FLOW
TX_KOTAK_107951,KOTAK_ACC_20070,KOTAK_ACC_20208,143.68,2026-01-10 14:55:00,TRANSFER,UPI,Kotak Mahindra Bank,IN,0,NORMAL_BANKING_FLOW
TX_KOTAK_107952,KOTAK_ACC_20194,KOTAK_ACC_20014,974.86,2026-01-10 16:11:33,TRANSFER,UPI,Kotak Mahindra Bank,IN,0,NORMAL_BANKING_FLOW
TX_KOTAK_107953,KOTAK_ACC_20123,KOTAK_ACC_20127,359.14,2026-01-10 15:25:20,TRANSFER,UPI,Kotak Mahindra Bank,IN,0,NORMAL_BANKING_FLOW
TX_KOTAK_107954,KOTAK_ACC_20144,KOTAK_ACC_20076,146.67,2026-01-10 16:24:45,TRANSFER,UPI,Kotak Mahindra Bank,IN,0,NORMAL_BANKING_FLOW
TX_KOTAK_107955,KOTAK_ACC_20032,KOTAK_ACC_20055,1315.05,2026-01-10 14:45:12,TRANSFER,UPI,Kotak Mahindra Bank,IN,0,NORMAL_BANKING_FLOW
TX_KOTAK_107956,KOTAK_ACC_20052,KOTAK_ACC_20129,2391.14,2026-01-10 15:21:10,TRANSFER,UPI,Kotak Mahindra Bank,IN,0,NORMAL_BANKING_FLOW
TX_KOTAK_107957,KOTAK_ACC_20176,KOTAK_ACC_20090,431.39,2026-01-10 17:50:04,TRANSFER,UPI,Kotak Mahindra Bank,IN,0,NORMAL_BANKING_FLOW
TX_KOTAK_107958,KOTAK_ACC_20036,CANARA_ACC_20040,2508.14,2026-01-10 13:41:09,TRANSFER,IMPS,Kotak Mahindra Bank,IN,0,NORMAL_BANKING_FLOW
TX_KOTAK_107959,KOTAK_ACC_20131,KOTAK_ACC_20202,479.65,2026-01-10 13:47:24,TRANSFER,UPI,Kotak Mahindra Bank,IN,0,NORMAL_BANKING_FLOW
TX_KOTAK_107960,KOTAK_ACC_20179,CANARA_ACC_20164,328.86,2026-01-10 14:41:33,TRANSFER,UPI,Kotak Mahindra Bank,IN,0,NORMAL_BANKING_FLOW
TX_KOTAK_107961,KOTAK_ACC_20047,PNB_ACC_20050,269.25,2026-01-10 15:42:00,TRANSFER,IMPS,Kotak Mahindra Bank,IN,0,NORMAL_BANKING_FLOW
TX_KOTAK_107962,KOTAK_ACC_20104,KOTAK_ACC_20228,1651.87,2026-01-10 14:42:27,TRANSFER,UPI,Kotak Mahindra Bank,IN,0,NORMAL_BANKING_FLOW
TX_KOTAK_107963,KOTAK_ACC_20206,KOTAK_ACC_20080,238.86,2026-01-10 16:25:28,TRANSFER,IMPS,Kotak Mahindra Bank,IN,0,NORMAL_BANKING_FLOW
TX_KOTAK_107964,KOTAK_ACC_20146,AXIS_ACC_20198,802.89,2026-01-10 15:31:45,TRANSFER,UPI,Kotak Mahindra Bank,IN,0,NORMAL_BANKING_FLOW
TX_KOTAK_107965,KOTAK_ACC_20069,KOTAK_ACC_20027,285.05,2026-01-10 17:15:28,TRANSFER,UPI,Kotak Mahindra Bank,IN,0,NORMAL_BANKING_FLOW
TX_KOTAK_107966,KOTAK_ACC_20017,KOTAK_ACC_20038,308.51,2026-01-10 13:49:30,TRANSFER,UPI,Kotak Mahindra Bank,IN,0,NORMAL_BANKING_FLOW
TX_KOTAK_107967,KOTAK_ACC_20151,KOTAK_ACC_20160,1016.58,2026-01-10 16:40:36,TRANSFER,UPI,Kotak Mahindra Bank,IN,0,NORMAL_BANKING_FLOW
TX_KOTAK_107968,KOTAK_ACC_20215,KOTAK_ACC_20029,328.97,2026-01-10 14:45:09,TRANSFER,UPI,Kotak Mahindra Bank,IN,0,NORMAL_BANKING_FLOW
TX_KOTAK_107969,KOTAK_ACC_20134,BOB_ACC_20139,322.52,2026-01-10 13:32:00,TRANSFER,UPI,Kotak Mahindra Bank,IN,0,NORMAL_BANKING_FLOW
TX_KOTAK_107970,KOTAK_ACC_20156,HDFC_ACC_20054,1103.5,2026-01-10 17:38:15,TRANSFER,UPI,Kotak Mahindra Bank,IN,0,NORMAL_BANKING_FLOW
TX_KOTAK_107971,KOTAK_ACC_20220,KOTAK_ACC_20062,1600.25,2026-01-10 14:28:00,TRANSFER,UPI,Kotak Mahindra Bank,IN,0,NORMAL_BANKING_FLOW
TX_KOTAK_107972,KOTAK_ACC_20244,KOTAK_ACC_20135,746.77,2026-01-10 15:54:58,TRANSFER,UPI,Kotak Mahindra Bank,IN,0,NORMAL_BANKING_FLOW
TX_KOTAK_107973,KOTAK_ACC_20227,KOTAK_ACC_20025,264.06,2026-01-10 15:30:48,TRANSFER,UPI,Kotak Mahindra Bank,IN,0,NORMAL_BANKING_FLOW
TX_KOTAK_107974,KOTAK_ACC_20127,KOTAK_ACC_20048,296.34,2026-01-10 14:04:20,TRANSFER,UPI,Kotak Mahindra Bank,IN,0,NORMAL_BANKING_FLOW
TX_KOTAK_107975,KOTAK_ACC_20101,KOTAK_ACC_20023,475.29,2026-01-10 15:31:56,TRANSFER,UPI,Kotak Mahindra Bank,IN,0,NORMAL_BANKING_FLOW
TX_KOTAK_107976,KOTAK_ACC_20238,ICICI_ACC_20098,576.37,2026-01-10 16:16:15,TRANSFER,UPI,Kotak Mahindra Bank,IN,0,NORMAL_BANKING_FLOW
TX_KOTAK_107977,KOTAK_ACC_20240,KOTAK_ACC_20082,202.29,2026-01-10 14:42:56,TRANSFER,UPI,Kotak Mahindra Bank,IN,0,NORMAL_BANKING_FLOW
TX_KOTAK_107978,KOTAK_ACC_20041,KOTAK_ACC_20046,795.07,2026-01-10 15:27:21,TRANSFER,UPI,Kotak Mahindra Bank,IN,0,NORMAL_BANKING_FLOW
TX_KOTAK_107979,KOTAK_ACC_20087,YES_ACC_20159,477.43,2026-01-10 14:18:36,TRANSFER,UPI,Kotak Mahindra Bank,IN,0,NORMAL_BANKING_FLOW
TX_KOTAK_107980,KOTAK_ACC_20036,KOTAK_ACC_20146,113.01,2026-01-10 18:19:00,TRANSFER,UPI,Kotak Mahindra Bank,IN,0,NORMAL_BANKING_FLOW
TX_KOTAK_107981,KOTAK_ACC_20214,CANARA_ACC_20063,212.06,2026-01-10 15:29:00,TRANSFER,UPI,Kotak Mahindra Bank,IN,0,NORMAL_BANKING_FLOW
TX_KOTAK_107982,KOTAK_ACC_20070,KOTAK_ACC_20234,297.88,2026-01-10 18:01:57,TRANSFER,UPI,Kotak Mahindra Bank,IN,0,NORMAL_BANKING_FLOW
TX_KOTAK_107983,KOTAK_ACC_20205,KOTAK_ACC_20087,420.61,2026-01-10 13:54:36,TRANSFER,IMPS,Kotak Mahindra Bank,IN,0,NORMAL_BANKING_FLOW
TX_KOTAK_107984,KOTAK_ACC_20012,SBI_ACC_20106,2021.15,2026-01-10 15:17:53,TRANSFER,UPI,Kotak Mahindra Bank,IN,0,NORMAL_BANKING_FLOW
TX_KOTAK_107985,KOTAK_ACC_20063,BOB_ACC_20218,539.44,2026-01-10 13:55:12,TRANSFER,UPI,Kotak Mahindra Bank,IN,0,NORMAL_BANKING_FLOW
TX_KOTAK_107986,KOTAK_ACC_20147,INDUS_ACC_20027,227.55,2026-01-10 14:01:55,TRANSFER,UPI,Kotak Mahindra Bank,IN,0,NORMAL_BANKING_FLOW
TX_KOTAK_107987,KOTAK_ACC_20034,KOTAK_ACC_20162,531.93,2026-01-10 16:17:20,TRANSFER,UPI,Kotak Mahindra Bank,IN,0,NORMAL_BANKING_FLOW
TX_KOTAK_107988,KOTAK_ACC_20000,ICICI_ACC_20074,336.41,2026-01-10 14:09:00,TRANSFER,UPI,Kotak Mahindra Bank,IN,0,NORMAL_BANKING_FLOW
TX_KOTAK_107989,KOTAK_ACC_20086,KOTAK_ACC_20099,578.13,2026-01-10 17:55:40,TRANSFER,UPI,Kotak Mahindra Bank,IN,0,NORMAL_BANKING_FLOW
TX_KOTAK_107990,KOTAK_ACC_20155,KOTAK_ACC_20064,709.42,2026-01-10 17:04:43,TRANSFER,UPI,Kotak Mahindra Bank,IN,0,NORMAL_BANKING_FLOW
TX_KOTAK_107991,KOTAK_ACC_20135,INDUS_ACC_20069,1173.08,2026-01-10 18:10:30,TRANSFER,UPI,Kotak Mahindra Bank,IN,0,NORMAL_BANKING_FLOW
TX_KOTAK_107992,KOTAK_ACC_20172,KOTAK_ACC_20100,437.28,2026-01-10 14:23:22,TRANSFER,UPI,Kotak Mahindra Bank,IN,0,NORMAL_BANKING_FLOW
TX_KOTAK_107993,KOTAK_ACC_20003,KOTAK_ACC_20088,1654.36,2026-01-10 16:08:16,TRANSFER,UPI,Kotak Mahindra Bank,IN,0,NORMAL_BANKING_FLOW
TX_KOTAK_107994,KOTAK_ACC_20017,KOTAK_ACC_20111,921.88,2026-01-10 17:47:09,TRANSFER,UPI,Kotak Mahindra Bank,IN,0,NORMAL_BANKING_FLOW
TX_KOTAK_107995,KOTAK_ACC_20081,KOTAK_ACC_20113,253.17,2026-01-10 18:27:26,TRANSFER,UPI,Kotak Mahindra Bank,IN,0,NORMAL_BANKING_FLOW
TX_KOTAK_107996,KOTAK_ACC_20170,KOTAK_ACC_20121,2612.03,2026-01-10 18:08:40,TRANSFER,UPI,Kotak Mahindra Bank,IN,0,NORMAL_BANKING_FLOW
TX_KOTAK_107997,KOTAK_ACC_20015,ICICI_ACC_20188,579.17,2026-01-10 17:30:00,TRANSFER,UPI,Kotak Mahindra Bank,IN,0,NORMAL_BANKING_FLOW
TX_KOTAK_107998,KOTAK_ACC_20043,KOTAK_ACC_20150,228.58,2026-01-10 15:44:58,TRANSFER,UPI,Kotak Mahindra Bank,IN,0,NORMAL_BANKING_FLOW
TX_KOTAK_107999,KOTAK_ACC_20026,KOTAK_ACC_20041,1672.93,2026-01-10 14:25:56,TRANSFER,UPI,Kotak Mahindra Bank,IN,0,NORMAL_BANKING_FLOW
TX_KOTAK_108000,KOTAK_ACC_20155,KOTAK_ACC_20028,2350.12,2026-01-10 17:39:09,TRANSFER,UPI,Kotak Mahindra Bank,IN,0,NORMAL_BANKING_FLOW
TX_KOTAK_108001,KOTAK_ACC_20001,AXIS_ACC_20208,434.23,2026-01-10 15:40:00,TRANSFER,UPI,Kotak Mahindra Bank,IN,0,NORMAL_BANKING_FLOW
TX_KOTAK_108002,KOTAK_ACC_20177,AXIS_ACC_20148,298.0,2026-01-10 17:14:07,TRANSFER,IMPS,Kotak Mahindra Bank,IN,0,NORMAL_BANKING_FLOW
TX_KOTAK_108003,KOTAK_ACC_20043,KOTAK_ACC_20039,388.42,2026-01-10 14:27:24,TRANSFER,UPI,Kotak Mahindra Bank,IN,0,NORMAL_BANKING_FLOW
TX_KOTAK_108004,KOTAK_ACC_20212,KOTAK_ACC_20181,789.8,2026-01-10 13:40:45,TRANSFER,IMPS,Kotak Mahindra Bank,IN,0,NORMAL_BANKING_FLOW
TX_KOTAK_108005,KOTAK_ACC_20077,ICICI_ACC_20013,1239.28,2026-01-10 13:47:44,TRANSFER,UPI,Kotak Mahindra Bank,IN,0,NORMAL_BANKING_FLOW
TX_KOTAK_108006,KOTAK_ACC_20165,KOTAK_ACC_20078,703.73,2026-01-10 18:04:30,TRANSFER,IMPS,Kotak Mahindra Bank,IN,0,NORMAL_BANKING_FLOW
TX_KOTAK_108007,KOTAK_ACC_20128,KOTAK_ACC_20134,483.66,2026-01-10 16:44:12,TRANSFER,UPI,Kotak Mahindra Bank,IN,0,NORMAL_BANKING_FLOW
TX_KOTAK_108008,KOTAK_ACC_20159,KOTAK_ACC_20018,1477.95,2026-01-10 16:31:20,TRANSFER,UPI,Kotak Mahindra Bank,IN,0,NORMAL_BANKING_FLOW
TX_KOTAK_108009,KOTAK_ACC_20118,KOTAK_ACC_20205,347.14,2026-01-10 18:41:12,TRANSFER,UPI,Kotak Mahindra Bank,IN,0,NORMAL_BANKING_FLOW
TX_KOTAK_108010,KOTAK_ACC_20169,KOTAK_ACC_20228,1017.13,2026-01-10 18:01:17,TRANSFER,UPI,Kotak Mahindra Bank,IN,0,NORMAL_BANKING_FLOW
TX_KOTAK_108011,KOTAK_ACC_20155,YES_ACC_20079,354.09,2026-01-10 18:29:30,TRANSFER,UPI,Kotak Mahindra Bank,IN,0,NORMAL_BANKING_FLOW
TX_KOTAK_108012,KOTAK_ACC_20147,KOTAK_ACC_20233,629.43,2026-01-10 15:39:12,TRANSFER,UPI,Kotak Mahindra Bank,IN,0,NORMAL_BANKING_FLOW
TX_KOTAK_108013,KOTAK_ACC_20038,BOB_ACC_20167,407.14,2026-01-10 16:00:20,TRANSFER,UPI,Kotak Mahindra Bank,IN,0,NORMAL_BANKING_FLOW
TX_KOTAK_108014,KOTAK_ACC_20025,KOTAK_ACC_20133,426.37,2026-01-10 13:50:08,TRANSFER,IMPS,Kotak Mahindra Bank,IN,0,NORMAL_BANKING_FLOW
TX_KOTAK_108015,KOTAK_ACC_20055,KOTAK_ACC_20104,329.67,2026-01-10 16:01:30,TRANSFER,IMPS,Kotak Mahindra Bank,IN,0,NORMAL_BANKING_FLOW
TX_KOTAK_108016,KOTAK_ACC_20227,PNB_ACC_20046,1307.51,2026-01-10 17:38:55,TRANSFER,UPI,Kotak Mahindra Bank,IN,0,NORMAL_BANKING_FLOW
TX_KOTAK_108017,KOTAK_ACC_20183,ICICI_ACC_20037,248.06,2026-01-10 17:39:44,TRANSFER,UPI,Kotak Mahindra Bank,IN,0,NORMAL_BANKING_FLOW
TX_KOTAK_108018,KOTAK_ACC_20241,KOTAK_ACC_20213,246.61,2026-01-10 15:35:27,TRANSFER,UPI,Kotak Mahindra Bank,IN,0,NORMAL_BANKING_FLOW
TX_KOTAK_108019,KOTAK_ACC_20199,KOTAK_ACC_20035,2432.79,2026-01-10 14:19:20,TRANSFER,UPI,Kotak Mahindra Bank,IN,0,NORMAL_BANKING_FLOW
TX_KOTAK_108020,KOTAK_ACC_20213,PNB_ACC_20040,974.84,2026-01-10 16:04:25,TRANSFER,UPI,Kotak Mahindra Bank,IN,0,NORMAL_BANKING_FLOW
TX_KOTAK_108021,KOTAK_ACC_20112,CANARA_ACC_20121,66.15,2026-01-10 15:30:00,TRANSFER,UPI,Kotak Mahindra Bank,IN,0,NORMAL_BANKING_FLOW
TX_KOTAK_108022,KOTAK_ACC_20197,KOTAK_ACC_20236,283.66,2026-01-10 16:33:39,TRANSFER,UPI,Kotak Mahindra Bank,IN,0,NORMAL_BANKING_FLOW
TX_KOTAK_108023,KOTAK_ACC_20162,BOB_ACC_20126,104.63,2026-01-10 15:09:54,TRANSFER,UPI,Kotak Mahindra Bank,IN,0,NORMAL_BANKING_FLOW
TX_KOTAK_108024,KOTAK_ACC_20230,KOTAK_ACC_20101,208.4,2026-01-10 18:27:45,TRANSFER,UPI,Kotak Mahindra Bank,IN,0,NORMAL_BANKING_FLOW
TX_KOTAK_108025,KOTAK_ACC_20248,KOTAK_ACC_20224,36.2,2026-01-10 17:18:00,TRANSFER,UPI,Kotak Mahindra Bank,IN,0,NORMAL_BANKING_FLOW
TX_KOTAK_108026,KOTAK_ACC_20034,KOTAK_ACC_20115,399.58,2026-01-10 17:25:50,TRANSFER,UPI,Kotak Mahindra Bank,IN,0,NORMAL_BANKING_FLOW
TX_KOTAK_108027,KOTAK_ACC_20203,KOTAK_ACC_20176,178.83,2026-01-10 18:37:36,TRANSFER,UPI,Kotak Mahindra Bank,IN,0,NORMAL_BANKING_FLOW
TX_KOTAK_108028,KOTAK_ACC_20213,KOTAK_ACC_20009,467.75,2026-01-10 14:08:06,TRANSFER,UPI,Kotak Mahindra Bank,IN,0,NORMAL_BANKING_FLOW
TX_KOTAK_108029,KOTAK_ACC_20004,KOTAK_ACC_20209,121.5,2026-01-10 16:31:04,TRANSFER,IMPS,Kotak Mahindra Bank,IN,0,NORMAL_BANKING_FLOW
TX_KOTAK_108030,KOTAK_ACC_20126,ICICI_ACC_20072,476.43,2026-01-10 18:18:57,TRANSFER,UPI,Kotak Mahindra Bank,IN,0,NORMAL_BANKING_FLOW
TX_KOTAK_108031,KOTAK_ACC_20035,KOTAK_ACC_20047,319.92,2026-01-10 17:15:20,TRANSFER,UPI,Kotak Mahindra Bank,IN,0,NORMAL_BANKING_FLOW
TX_KOTAK_108032,KOTAK_ACC_20226,KOTAK_ACC_20190,1482.61,2026-01-10 17:01:42,TRANSFER,UPI,Kotak Mahindra Bank,IN,0,NORMAL_BANKING_FLOW
TX_KOTAK_108033,KOTAK_ACC_20151,KOTAK_ACC_20152,1378.96,2026-01-10 18:50:24,TRANSFER,IMPS,Kotak Mahindra Bank,IN,0,NORMAL_BANKING_FLOW
TX_KOTAK_108034,KOTAK_ACC_20216,KOTAK_ACC_20185,835.71,2026-01-10 15:07:38,TRANSFER,UPI,Kotak Mahindra Bank,IN,0,NORMAL_BANKING_FLOW
TX_KOTAK_108035,KOTAK_ACC_20148,KOTAK_ACC_20180,343.34,2026-01-10 19:14:00,TRANSFER,UPI,Kotak Mahindra Bank,IN,0,NORMAL_BANKING_FLOW
TX_KOTAK_108036,KOTAK_ACC_20168,KOTAK_ACC_20141,2182.67,2026-01-10 15:08:30,TRANSFER,UPI,Kotak Mahindra Bank,IN,0,NORMAL_BANKING_FLOW
TX_KOTAK_108037,KOTAK_ACC_20130,KOTAK_ACC_20233,128.71,2026-01-10 15:01:40,TRANSFER,UPI,Kotak Mahindra Bank,IN,0,NORMAL_BANKING_FLOW
TX_KOTAK_108038,KOTAK_ACC_20248,KOTAK_ACC_20042,145.06,2026-01-10 16:44:03,TRANSFER,UPI,Kotak Mahindra Bank,IN,0,NORMAL_BANKING_FLOW
TX_KOTAK_108039,KOTAK_ACC_20109,KOTAK_ACC_20123,416.95,2026-01-10 17:21:12,TRANSFER,UPI,Kotak Mahindra Bank,IN,0,NORMAL_BANKING_FLOW
TX_KOTAK_108040,KOTAK_ACC_20166,INDUS_ACC_20231,2706.01,2026-01-10 14:04:23,TRANSFER,UPI,Kotak Mahindra Bank,IN,0,NORMAL_BANKING_FLOW
TX_KOTAK_108041,KOTAK_ACC_20059,KOTAK_ACC_20158,379.22,2026-01-10 17:22:40,TRANSFER,UPI,Kotak Mahindra Bank,IN,0,NORMAL_BANKING_FLOW
TX_KOTAK_108042,KOTAK_ACC_20060,KOTAK_ACC_20020,385.06,2026-01-10 18:29:33,TRANSFER,UPI,Kotak Mahindra Bank,IN,0,NORMAL_BANKING_FLOW
TX_KOTAK_108043,KOTAK_ACC_20151,KOTAK_ACC_20020,140.68,2026-01-10 17:09:24,TRANSFER,UPI,Kotak Mahindra Bank,IN,0,NORMAL_BANKING_FLOW
TX_KOTAK_108044,KOTAK_ACC_20063,KOTAK_ACC_20120,950.27,2026-01-10 18:53:28,TRANSFER,UPI,Kotak Mahindra Bank,IN,0,NORMAL_BANKING_FLOW
TX_KOTAK_108045,KOTAK_ACC_20208,KOTAK_ACC_20219,955.79,2026-01-10 14:13:12,TRANSFER,UPI,Kotak Mahindra Bank,IN,0,NORMAL_BANKING_FLOW
TX_KOTAK_108046,KOTAK_ACC_20122,KOTAK_ACC_20186,838.2,2026-01-10 18:55:20,TRANSFER,UPI,Kotak Mahindra Bank,IN,0,NORMAL_BANKING_FLOW
TX_KOTAK_108047,KOTAK_ACC_20198,PNB_ACC_20168,269.51,2026-01-10 18:11:40,TRANSFER,UPI,Kotak Mahindra Bank,IN,0,NORMAL_BANKING_FLOW
TX_KOTAK_108048,KOTAK_ACC_20202,AXIS_ACC_20200,253.32,2026-01-10 18:19:57,TRANSFER,UPI,Kotak Mahindra Bank,IN,0,NORMAL_BANKING_FLOW
TX_KOTAK_108049,KOTAK_ACC_20129,KOTAK_ACC_20246,158.46,2026-01-10 16:36:16,TRANSFER,UPI,Kotak Mahindra Bank,IN,0,NORMAL_BANKING_FLOW
TX_KOTAK_108050,KOTAK_ACC_20018,KOTAK_ACC_20240,476.8,2026-01-10 17:06:49,TRANSFER,UPI,Kotak Mahindra Bank,IN,0,NORMAL_BANKING_FLOW
TX_KOTAK_108051,KOTAK_ACC_20233,KOTAK_ACC_20018,187.86,2026-01-10 13:52:30,TRANSFER,UPI,Kotak Mahindra Bank,IN,0,NORMAL_BANKING_FLOW
TX_KOTAK_108052,KOTAK_ACC_20065,KOTAK_ACC_20190,173.83,2026-01-10 18:45:54,TRANSFER,UPI,Kotak Mahindra Bank,IN,0,NORMAL_BANKING_FLOW
TX_KOTAK_108053,KOTAK_ACC_20043,KOTAK_ACC_20095,317.68,2026-01-10 16:38:44,TRANSFER,UPI,Kotak Mahindra Bank,IN,0,NORMAL_BANKING_FLOW
TX_KOTAK_108054,KOTAK_ACC_20025,KOTAK_ACC_20217,301.47,2026-01-10 18:32:36,TRANSFER,UPI,Kotak Mahindra Bank,IN,0,NORMAL_BANKING_FLOW
TX_KOTAK_108055,KOTAK_ACC_20190,KOTAK_ACC_20017,289.92,2026-01-10 15:24:18,TRANSFER,UPI,Kotak Mahindra Bank,IN,0,NORMAL_BANKING_FLOW
TX_KOTAK_108056,KOTAK_ACC_20148,KOTAK_ACC_20169,647.52,2026-01-10 16:40:35,TRANSFER,UPI,Kotak Mahindra Bank,IN,0,NORMAL_BANKING_FLOW
TX_KOTAK_108057,KOTAK_ACC_20235,HDFC_ACC_20006,474.96,2026-01-10 19:28:24,TRANSFER,UPI,Kotak Mahindra Bank,IN,0,NORMAL_BANKING_FLOW
TX_KOTAK_108058,KOTAK_ACC_20079,KOTAK_ACC_20173,354.06,2026-01-10 18:43:41,TRANSFER,UPI,Kotak Mahindra Bank,IN,0,NORMAL_BANKING_FLOW
TX_KOTAK_108059,KOTAK_ACC_20206,AXIS_ACC_20102,516.16,2026-01-10 15:41:22,TRANSFER,IMPS,Kotak Mahindra Bank,IN,0,NORMAL_BANKING_FLOW
TX_KOTAK_108060,KOTAK_ACC_20002,INDUS_ACC_20187,201.7,2026-01-10 16:43:03,TRANSFER,UPI,Kotak Mahindra Bank,IN,0,NORMAL_BANKING_FLOW
TX_KOTAK_108061,KOTAK_ACC_20125,KOTAK_ACC_20227,485.04,2026-01-10 14:02:40,TRANSFER,UPI,Kotak Mahindra Bank,IN,0,NORMAL_BANKING_FLOW
TX_KOTAK_108062,KOTAK_ACC_20066,KOTAK_ACC_20222,502.95,2026-01-10 15:04:24,TRANSFER,UPI,Kotak Mahindra Bank,IN,0,NORMAL_BANKING_FLOW
TX_KOTAK_108063,KOTAK_ACC_20128,CANARA_ACC_20222,133.96,2026-01-10 19:34:18,TRANSFER,UPI,Kotak Mahindra Bank,IN,0,NORMAL_BANKING_FLOW
TX_KOTAK_108064,KOTAK_ACC_20050,ICICI_ACC_20055,988.86,2026-01-10 14:11:11,TRANSFER,IMPS,Kotak Mahindra Bank,IN,0,NORMAL_BANKING_FLOW
TX_KOTAK_108065,KOTAK_ACC_20028,KOTAK_ACC_20020,220.27,2026-01-10 19:05:20,TRANSFER,UPI,Kotak Mahindra Bank,IN,0,NORMAL_BANKING_FLOW
TX_KOTAK_108066,KOTAK_ACC_20202,AXIS_ACC_20090,479.26,2026-01-10 17:33:15,TRANSFER,UPI,Kotak Mahindra Bank,IN,0,NORMAL_BANKING_FLOW
TX_KOTAK_108067,KOTAK_ACC_20189,KOTAK_ACC_20192,1131.76,2026-01-10 16:24:04,TRANSFER,UPI,Kotak Mahindra Bank,IN,0,NORMAL_BANKING_FLOW
TX_KOTAK_108068,KOTAK_ACC_20244,HDFC_ACC_20231,935.0,2026-01-10 16:32:25,TRANSFER,IMPS,Kotak Mahindra Bank,IN,0,NORMAL_BANKING_FLOW
TX_KOTAK_108069,KOTAK_ACC_20081,YES_ACC_20062,458.27,2026-01-10 15:15:00,TRANSFER,UPI,Kotak Mahindra Bank,IN,0,NORMAL_BANKING_FLOW
TX_KOTAK_108070,KOTAK_ACC_20055,KOTAK_ACC_20079,333.62,2026-01-10 17:59:34,TRANSFER,IMPS,Kotak Mahindra Bank,IN,0,NORMAL_BANKING_FLOW
TX_KOTAK_108071,KOTAK_ACC_20052,KOTAK_ACC_20026,951.47,2026-01-10 18:55:10,TRANSFER,UPI,Kotak Mahindra Bank,IN,0,NORMAL_BANKING_FLOW
TX_KOTAK_108072,KOTAK_ACC_20128,KOTAK_ACC_20061,764.91,2026-01-10 14:05:36,TRANSFER,IMPS,Kotak Mahindra Bank,IN,0,NORMAL_BANKING_FLOW
TX_KOTAK_108073,KOTAK_ACC_20187,PNB_ACC_20172,271.87,2026-01-10 14:21:36,TRANSFER,UPI,Kotak Mahindra Bank,IN,0,NORMAL_BANKING_FLOW
TX_KOTAK_108074,KOTAK_ACC_20208,HDFC_ACC_20130,236.06,2026-01-10 14:06:08,TRANSFER,UPI,Kotak Mahindra Bank,IN,0,NORMAL_BANKING_FLOW
TX_KOTAK_108075,KOTAK_ACC_20106,KOTAK_ACC_20244,84.95,2026-01-10 14:06:24,TRANSFER,UPI,Kotak Mahindra Bank,IN,0,NORMAL_BANKING_FLOW
TX_KOTAK_108076,KOTAK_ACC_20173,KOTAK_ACC_20011,504.33,2026-01-10 17:00:50,TRANSFER,UPI,Kotak Mahindra Bank,IN,0,NORMAL_BANKING_FLOW
TX_KOTAK_108077,KOTAK_ACC_20039,KOTAK_ACC_20181,417.32,2026-01-10 15:02:28,TRANSFER,UPI,Kotak Mahindra Bank,IN,0,NORMAL_BANKING_FLOW
TX_KOTAK_108078,KOTAK_ACC_20022,KOTAK_ACC_20035,1106.5,2026-01-10 16:06:27,TRANSFER,UPI,Kotak Mahindra Bank,IN,0,NORMAL_BANKING_FLOW
TX_KOTAK_108079,KOTAK_ACC_20108,KOTAK_ACC_20163,594.22,2026-01-10 18:22:24,TRANSFER,UPI,Kotak Mahindra Bank,IN,0,NORMAL_BANKING_FLOW
TX_KOTAK_108080,KOTAK_ACC_20114,KOTAK_ACC_20162,1296.45,2026-01-10 18:39:10,TRANSFER,UPI,Kotak Mahindra Bank,IN,0,NORMAL_BANKING_FLOW
TX_KOTAK_108081,KOTAK_ACC_20016,KOTAK_ACC_20156,255.22,2026-01-10 15:36:00,TRANSFER,UPI,Kotak Mahindra Bank,IN,0,NORMAL_BANKING_FLOW
TX_KOTAK_108082,KOTAK_ACC_20234,AXIS_ACC_20170,1108.23,2026-01-10 18:48:51,TRANSFER,UPI,Kotak Mahindra Bank,IN,0,NORMAL_BANKING_FLOW
TX_KOTAK_108083,KOTAK_ACC_20071,KOTAK_ACC_20080,292.03,2026-01-10 15:04:46,TRANSFER,IMPS,Kotak Mahindra Bank,IN,0,NORMAL_BANKING_FLOW
TX_KOTAK_108084,KOTAK_ACC_20054,PNB_ACC_20078,830.54,2026-01-10 19:38:51,TRANSFER,UPI,Kotak Mahindra Bank,IN,0,NORMAL_BANKING_FLOW
TX_KOTAK_108085,KOTAK_ACC_20105,KOTAK_ACC_20223,138.79,2026-01-10 15:05:32,TRANSFER,UPI,Kotak Mahindra Bank,IN,0,NORMAL_BANKING_FLOW
TX_KOTAK_108086,KOTAK_ACC_20075,SBI_ACC_20016,538.13,2026-01-10 14:17:25,TRANSFER,UPI,Kotak Mahindra Bank,IN,0,NORMAL_BANKING_FLOW
TX_KOTAK_108087,KOTAK_ACC_20028,KOTAK_ACC_20061,91.13,2026-01-10 14:01:30,TRANSFER,UPI,Kotak Mahindra Bank,IN,0,NORMAL_BANKING_FLOW
TX_KOTAK_108088,KOTAK_ACC_20245,PNB_ACC_20034,360.07,2026-01-10 16:52:12,TRANSFER,UPI,Kotak Mahindra Bank,IN,0,NORMAL_BANKING_FLOW
TX_KOTAK_108089,KOTAK_ACC_20194,ICICI_ACC_20175,634.15,2026-01-10 14:26:24,TRANSFER,UPI,Kotak Mahindra Bank,IN,0,NORMAL_BANKING_FLOW
TX_KOTAK_108090,KOTAK_ACC_20059,KOTAK_ACC_20092,293.9,2026-01-10 19:52:42,TRANSFER,UPI,Kotak Mahindra Bank,IN,0,NORMAL_BANKING_FLOW
TX_KOTAK_108091,KOTAK_ACC_20177,KOTAK_ACC_20168,192.41,2026-01-10 17:43:00,TRANSFER,UPI,Kotak Mahindra Bank,IN,0,NORMAL_BANKING_FLOW
TX_KOTAK_108092,KOTAK_ACC_20203,BOB_ACC_20204,877.34,2026-01-10 14:43:40,TRANSFER,UPI,Kotak Mahindra Bank,IN,0,NORMAL_BANKING_FLOW
TX_KOTAK_108093,KOTAK_ACC_20143,BOB_ACC_20127,410.44,2026-01-10 19:14:36,TRANSFER,IMPS,Kotak Mahindra Bank,IN,0,NORMAL_BANKING_FLOW
TX_KOTAK_108094,KOTAK_ACC_20217,CANARA_ACC_20108,301.37,2026-01-10 20:13:00,TRANSFER,UPI,Kotak Mahindra Bank,IN,0,NORMAL_BANKING_FLOW
TX_KOTAK_108095,KOTAK_ACC_20234,KOTAK_ACC_20016,461.05,2026-01-10 18:10:30,TRANSFER,UPI,Kotak Mahindra Bank,IN,0,NORMAL_BANKING_FLOW
TX_KOTAK_108096,KOTAK_ACC_20118,KOTAK_ACC_20032,3675.1,2026-01-10 15:51:00,TRANSFER,UPI,Kotak Mahindra Bank,IN,0,NORMAL_BANKING_FLOW
TX_KOTAK_108097,KOTAK_ACC_20021,KOTAK_ACC_20147,1121.93,2026-01-10 15:51:28,TRANSFER,UPI,Kotak Mahindra Bank,IN,0,NORMAL_BANKING_FLOW
TX_KOTAK_108098,KOTAK_ACC_20164,KOTAK_ACC_20041,1130.1,2026-01-10 16:00:13,TRANSFER,UPI,Kotak Mahindra Bank,IN,0,NORMAL_BANKING_FLOW
TX_KOTAK_108099,KOTAK_ACC_20121,KOTAK_ACC_20070,631.71,2026-01-10 14:21:06,TRANSFER,UPI,Kotak Mahindra Bank,IN,0,NORMAL_BANKING_FLOW
TX_KOTAK_108100,KOTAK_ACC_20064,KOTAK_ACC_20190,509.38,2026-01-10 17:16:02,TRANSFER,UPI,Kotak Mahindra Bank,IN,0,NORMAL_BANKING_FLOW
TX_KOTAK_108101,KOTAK_ACC_20130,HDFC_ACC_20165,65.57,2026-01-10 18:31:40,TRANSFER,UPI,Kotak Mahindra Bank,IN,0,NORMAL_BANKING_FLOW
TX_KOTAK_108102,KOTAK_ACC_20057,KOTAK_ACC_20138,259.0,2026-01-10 18:07:24,TRANSFER,UPI,Kotak Mahindra Bank,IN,0,NORMAL_BANKING_FLOW
TX_KOTAK_108103,KOTAK_ACC_20007,KOTAK_ACC_20149,303.55,2026-01-10 18:58:20,TRANSFER,IMPS,Kotak Mahindra Bank,IN,0,NORMAL_BANKING_FLOW
TX_KOTAK_108104,KOTAK_ACC_20079,SBI_ACC_20063,99.49,2026-01-10 19:57:51,TRANSFER,UPI,Kotak Mahindra Bank,IN,0,NORMAL_BANKING_FLOW
TX_KOTAK_108105,KOTAK_ACC_20027,KOTAK_ACC_20125,176.63,2026-01-10 19:42:00,TRANSFER,UPI,Kotak Mahindra Bank,IN,0,NORMAL_BANKING_FLOW
TX_KOTAK_108106,KOTAK_ACC_20158,KOTAK_ACC_20145,91.41,2026-01-10 16:54:35,TRANSFER,UPI,Kotak Mahindra Bank,IN,0,NORMAL_BANKING_FLOW
TX_KOTAK_108107,KOTAK_ACC_20138,KOTAK_ACC_20061,432.4,2026-01-10 14:57:06,TRANSFER,UPI,Kotak Mahindra Bank,IN,0,NORMAL_BANKING_FLOW
TX_KOTAK_108108,KOTAK_ACC_20035,KOTAK_ACC_20231,858.35,2026-01-10 20:01:39,TRANSFER,UPI,Kotak Mahindra Bank,IN,0,NORMAL_BANKING_FLOW
TX_KOTAK_108109,KOTAK_ACC_20153,KOTAK_ACC_20060,1080.76,2026-01-10 16:30:56,TRANSFER,UPI,Kotak Mahindra Bank,IN,0,NORMAL_BANKING_FLOW
TX_KOTAK_108110,KOTAK_ACC_20020,KOTAK_ACC_20081,621.31,2026-01-10 19:21:08,TRANSFER,UPI,Kotak Mahindra Bank,IN,0,NORMAL_BANKING_FLOW
TX_KOTAK_108111,KOTAK_ACC_20105,KOTAK_ACC_20080,206.29,2026-01-10 16:23:30,TRANSFER,UPI,Kotak Mahindra Bank,IN,0,NORMAL_BANKING_FLOW
TX_KOTAK_108112,KOTAK_ACC_20002,KOTAK_ACC_20014,95.04,2026-01-10 17:49:11,TRANSFER,IMPS,Kotak Mahindra Bank,IN,0,NORMAL_BANKING_FLOW
TX_KOTAK_108113,KOTAK_ACC_20019,AXIS_ACC_20117,109.34,2026-01-10 18:15:28,TRANSFER,IMPS,Kotak Mahindra Bank,IN,0,NORMAL_BANKING_FLOW
TX_KOTAK_108114,KOTAK_ACC_20047,KOTAK_ACC_20230,161.55,2026-01-10 19:07:30,TRANSFER,UPI,Kotak Mahindra Bank,IN,0,NORMAL_BANKING_FLOW
TX_KOTAK_108115,KOTAK_ACC_20166,KOTAK_ACC_20086,218.97,2026-01-10 17:16:58,TRANSFER,UPI,Kotak Mahindra Bank,IN,0,NORMAL_BANKING_FLOW
TX_KOTAK_108116,KOTAK_ACC_20068,KOTAK_ACC_20195,392.37,2026-01-10 16:08:55,TRANSFER,UPI,Kotak Mahindra Bank,IN,0,NORMAL_BANKING_FLOW
TX_KOTAK_108117,KOTAK_ACC_20240,YES_ACC_20116,198.08,2026-01-10 14:26:12,TRANSFER,UPI,Kotak Mahindra Bank,IN,0,NORMAL_BANKING_FLOW
TX_KOTAK_108118,KOTAK_ACC_20128,BOB_ACC_20248,584.75,2026-01-10 18:19:08,TRANSFER,UPI,Kotak Mahindra Bank,IN,0,NORMAL_BANKING_FLOW
TX_KOTAK_108119,KOTAK_ACC_20042,KOTAK_ACC_20230,370.25,2026-01-10 19:28:56,TRANSFER,IMPS,Kotak Mahindra Bank,IN,0,NORMAL_BANKING_FLOW
TX_KOTAK_108120,KOTAK_ACC_20204,KOTAK_ACC_20237,449.64,2026-01-10 15:18:57,TRANSFER,IMPS,Kotak Mahindra Bank,IN,0,NORMAL_BANKING_FLOW
TX_KOTAK_108121,KOTAK_ACC_20116,SBI_ACC_20236,1110.09,2026-01-10 14:27:20,TRANSFER,UPI,Kotak Mahindra Bank,IN,0,NORMAL_BANKING_FLOW
TX_KOTAK_108122,KOTAK_ACC_20193,KOTAK_ACC_20126,173.44,2026-01-10 16:37:52,TRANSFER,UPI,Kotak Mahindra Bank,IN,0,NORMAL_BANKING_FLOW
TX_KOTAK_108123,KOTAK_ACC_20200,KOTAK_ACC_20103,623.26,2026-01-10 14:45:18,TRANSFER,IMPS,Kotak Mahindra Bank,IN,0,NORMAL_BANKING_FLOW
TX_KOTAK_108124,KOTAK_ACC_20093,KOTAK_ACC_20138,440.9,2026-01-10 15:03:03,TRANSFER,UPI,Kotak Mahindra Bank,IN,0,NORMAL_BANKING_FLOW
TX_KOTAK_108125,KOTAK_ACC_20241,KOTAK_ACC_20242,341.45,2026-01-10 20:35:16,TRANSFER,UPI,Kotak Mahindra Bank,IN,0,NORMAL_BANKING_FLOW
TX_KOTAK_108126,KOTAK_ACC_20079,KOTAK_ACC_20105,905.24,2026-01-10 14:20:00,TRANSFER,IMPS,Kotak Mahindra Bank,IN,0,NORMAL_BANKING_FLOW
TX_KOTAK_108127,KOTAK_ACC_20107,KOTAK_ACC_20069,900.74,2026-01-10 18:34:30,TRANSFER,UPI,Kotak Mahindra Bank,IN,0,NORMAL_BANKING_FLOW
TX_KOTAK_108128,KOTAK_ACC_20032,PNB_ACC_20210,209.1,2026-01-10 15:30:48,TRANSFER,IMPS,Kotak Mahindra Bank,IN,0,NORMAL_BANKING_FLOW
TX_KOTAK_108129,KOTAK_ACC_20066,KOTAK_ACC_20107,385.4,2026-01-10 18:44:48,TRANSFER,UPI,Kotak Mahindra Bank,IN,0,NORMAL_BANKING_FLOW
TX_KOTAK_108130,KOTAK_ACC_20206,KOTAK_ACC_20030,558.34,2026-01-10 18:36:45,TRANSFER,UPI,Kotak Mahindra Bank,IN,0,NORMAL_BANKING_FLOW
TX_KOTAK_108131,KOTAK_ACC_20199,KOTAK_ACC_20062,358.38,2026-01-10 18:55:10,TRANSFER,UPI,Kotak Mahindra Bank,IN,0,NORMAL_BANKING_FLOW
TX_KOTAK_108132,KOTAK_ACC_20198,KOTAK_ACC_20073,711.96,2026-01-10 15:41:15,TRANSFER,UPI,Kotak Mahindra Bank,IN,0,NORMAL_BANKING_FLOW
TX_KOTAK_108133,KOTAK_ACC_20201,CANARA_ACC_20062,558.33,2026-01-10 20:25:24,TRANSFER,UPI,Kotak Mahindra Bank,IN,0,NORMAL_BANKING_FLOW
TX_KOTAK_108134,KOTAK_ACC_20096,KOTAK_ACC_20198,1931.49,2026-01-10 15:24:19,TRANSFER,UPI,Kotak Mahindra Bank,IN,0,NORMAL_BANKING_FLOW
TX_KOTAK_108135,KOTAK_ACC_20157,PNB_ACC_20153,131.08,2026-01-10 19:07:12,TRANSFER,UPI,Kotak Mahindra Bank,IN,0,NORMAL_BANKING_FLOW
TX_KOTAK_108136,KOTAK_ACC_20054,KOTAK_ACC_20014,404.26,2026-01-10 20:37:10,TRANSFER,UPI,Kotak Mahindra Bank,IN,0,NORMAL_BANKING_FLOW
TX_KOTAK_108137,KOTAK_ACC_20058,KOTAK_ACC_20025,215.55,2026-01-10 16:36:56,TRANSFER,UPI,Kotak Mahindra Bank,IN,0,NORMAL_BANKING_FLOW
TX_KOTAK_108138,KOTAK_ACC_20152,BOB_ACC_20238,722.91,2026-01-10 18:33:48,TRANSFER,UPI,Kotak Mahindra Bank,IN,0,NORMAL_BANKING_FLOW
TX_KOTAK_108139,KOTAK_ACC_20066,KOTAK_ACC_20147,122.27,2026-01-10 19:46:16,TRANSFER,UPI,Kotak Mahindra Bank,IN,0,NORMAL_BANKING_FLOW
TX_KOTAK_108140,KOTAK_ACC_20005,KOTAK_ACC_20136,588.19,2026-01-10 15:44:35,TRANSFER,UPI,Kotak Mahindra Bank,IN,0,NORMAL_BANKING_FLOW
TX_KOTAK_108141,KOTAK_ACC_20239,KOTAK_ACC_20015,269.34,2026-01-10 15:18:00,TRANSFER,UPI,Kotak Mahindra Bank,IN,0,NORMAL_BANKING_FLOW
TX_KOTAK_108142,KOTAK_ACC_20196,AXIS_ACC_20034,247.81,2026-01-10 15:00:20,TRANSFER,UPI,Kotak Mahindra Bank,IN,0,NORMAL_BANKING_FLOW
TX_KOTAK_108143,KOTAK_ACC_20067,YES_ACC_20208,140.16,2026-01-10 16:31:00,TRANSFER,UPI,Kotak Mahindra Bank,IN,0,NORMAL_BANKING_FLOW
TX_KOTAK_108144,KOTAK_ACC_20201,KOTAK_ACC_20118,307.34,2026-01-10 17:43:54,TRANSFER,UPI,Kotak Mahindra Bank,IN,0,NORMAL_BANKING_FLOW
TX_KOTAK_108145,KOTAK_ACC_20229,SBI_ACC_20005,1061.67,2026-01-10 17:44:32,TRANSFER,UPI,Kotak Mahindra Bank,IN,0,NORMAL_BANKING_FLOW
TX_KOTAK_108146,KOTAK_ACC_20231,PNB_ACC_20050,436.96,2026-01-10 16:32:30,TRANSFER,UPI,Kotak Mahindra Bank,IN,0,NORMAL_BANKING_FLOW
TX_KOTAK_108147,KOTAK_ACC_20097,CANARA_ACC_20075,736.67,2026-01-10 15:38:24,TRANSFER,UPI,Kotak Mahindra Bank,IN,0,NORMAL_BANKING_FLOW
TX_KOTAK_108148,KOTAK_ACC_20203,INDUS_ACC_20053,1688.7,2026-01-10 14:25:52,TRANSFER,IMPS,Kotak Mahindra Bank,IN,0,NORMAL_BANKING_FLOW
TX_KOTAK_108149,KOTAK_ACC_20023,ICICI_ACC_20052,550.6,2026-01-10 17:56:12,TRANSFER,UPI,Kotak Mahindra Bank,IN,0,NORMAL_BANKING_FLOW
TX_KOTAK_108150,KOTAK_ACC_20086,KOTAK_ACC_20164,285.13,2026-01-10 15:21:18,TRANSFER,UPI,Kotak Mahindra Bank,IN,0,NORMAL_BANKING_FLOW
TX_KOTAK_108151,KOTAK_ACC_20214,SBI_ACC_20163,647.94,2026-01-10 14:54:10,TRANSFER,UPI,Kotak Mahindra Bank,IN,0,NORMAL_BANKING_FLOW
TX_KOTAK_108152,KOTAK_ACC_20002,KOTAK_ACC_20064,288.46,2026-01-10 15:31:13,TRANSFER,UPI,Kotak Mahindra Bank,IN,0,NORMAL_BANKING_FLOW
TX_KOTAK_108153,KOTAK_ACC_20052,KOTAK_ACC_20008,297.81,2026-01-10 18:08:00,TRANSFER,UPI,Kotak Mahindra Bank,IN,0,NORMAL_BANKING_FLOW
TX_KOTAK_108154,KOTAK_ACC_20045,KOTAK_ACC_20173,132.17,2026-01-10 17:50:14,TRANSFER,IMPS,Kotak Mahindra Bank,IN,0,NORMAL_BANKING_FLOW
TX_KOTAK_108155,KOTAK_ACC_20165,CANARA_ACC_20167,935.43,2026-01-10 17:13:56,TRANSFER,UPI,Kotak Mahindra Bank,IN,0,NORMAL_BANKING_FLOW
TX_KOTAK_108156,KOTAK_ACC_20093,BOB_ACC_20067,327.41,2026-01-10 16:37:30,TRANSFER,UPI,Kotak Mahindra Bank,IN,0,NORMAL_BANKING_FLOW
TX_KOTAK_108157,KOTAK_ACC_20198,KOTAK_ACC_20031,515.78,2026-01-10 20:48:12,TRANSFER,UPI,Kotak Mahindra Bank,IN,0,NORMAL_BANKING_FLOW
TX_KOTAK_108158,KOTAK_ACC_20175,KOTAK_ACC_20196,194.66,2026-01-10 18:20:37,TRANSFER,UPI,Kotak Mahindra Bank,IN,0,NORMAL_BANKING_FLOW
TX_KOTAK_108159,KOTAK_ACC_20156,KOTAK_ACC_20189,631.92,2026-01-10 20:22:12,TRANSFER,UPI,Kotak Mahindra Bank,IN,0,NORMAL_BANKING_FLOW
TX_KOTAK_108160,KOTAK_ACC_20179,KOTAK_ACC_20070,242.37,2026-01-10 15:43:36,TRANSFER,UPI,Kotak Mahindra Bank,IN,0,NORMAL_BANKING_FLOW
TX_KOTAK_108161,KOTAK_ACC_20112,INDUS_ACC_20137,398.07,2026-01-10 17:36:00,TRANSFER,UPI,Kotak Mahindra Bank,IN,0,NORMAL_BANKING_FLOW
TX_KOTAK_108162,KOTAK_ACC_20032,INDUS_ACC_20015,899.88,2026-01-10 15:44:24,TRANSFER,UPI,Kotak Mahindra Bank,IN,0,NORMAL_BANKING_FLOW
TX_KOTAK_108163,KOTAK_ACC_20217,KOTAK_ACC_20209,839.33,2026-01-10 19:38:58,TRANSFER,UPI,Kotak Mahindra Bank,IN,0,NORMAL_BANKING_FLOW
TX_KOTAK_108164,KOTAK_ACC_20008,KOTAK_ACC_20050,438.07,2026-01-10 20:54:51,TRANSFER,UPI,Kotak Mahindra Bank,IN,0,NORMAL_BANKING_FLOW
TX_KOTAK_108165,KOTAK_ACC_20142,KOTAK_ACC_20058,108.36,2026-01-10 15:36:12,TRANSFER,UPI,Kotak Mahindra Bank,IN,0,NORMAL_BANKING_FLOW
TX_KOTAK_108166,KOTAK_ACC_20177,KOTAK_ACC_20171,4886.58,2026-01-10 17:48:25,TRANSFER,UPI,Kotak Mahindra Bank,IN,0,NORMAL_BANKING_FLOW
TX_KOTAK_108167,KOTAK_ACC_20165,KOTAK_ACC_20132,1802.06,2026-01-10 20:38:50,TRANSFER,UPI,Kotak Mahindra Bank,IN,0,NORMAL_BANKING_FLOW
TX_KOTAK_108168,KOTAK_ACC_20237,INDUS_ACC_20011,794.84,2026-01-10 14:31:12,TRANSFER,UPI,Kotak Mahindra Bank,IN,0,NORMAL_BANKING_FLOW
TX_KOTAK_108169,KOTAK_ACC_20130,KOTAK_ACC_20176,244.07,2026-01-10 19:15:28,TRANSFER,UPI,Kotak Mahindra Bank,IN,0,NORMAL_BANKING_FLOW
TX_KOTAK_108170,KOTAK_ACC_20206,KOTAK_ACC_20066,407.13,2026-01-10 20:41:35,TRANSFER,UPI,Kotak Mahindra Bank,IN,0,NORMAL_BANKING_FLOW
TX_KOTAK_108171,KOTAK_ACC_20091,KOTAK_ACC_20181,288.66,2026-01-10 17:13:30,TRANSFER,IMPS,Kotak Mahindra Bank,IN,0,NORMAL_BANKING_FLOW
TX_KOTAK_108172,KOTAK_ACC_20125,KOTAK_ACC_20073,1225.48,2026-01-10 21:21:29,TRANSFER,UPI,Kotak Mahindra Bank,IN,0,NORMAL_BANKING_FLOW
TX_KOTAK_108173,KOTAK_ACC_20067,AXIS_ACC_20008,550.05,2026-01-10 17:05:04,TRANSFER,UPI,Kotak Mahindra Bank,IN,0,NORMAL_BANKING_FLOW
TX_KOTAK_108174,KOTAK_ACC_20206,KOTAK_ACC_20111,238.09,2026-01-10 17:24:42,TRANSFER,UPI,Kotak Mahindra Bank,IN,0,NORMAL_BANKING_FLOW
TX_KOTAK_108175,KOTAK_ACC_20136,ICICI_ACC_20099,305.94,2026-01-10 14:23:30,TRANSFER,UPI,Kotak Mahindra Bank,IN,0,NORMAL_BANKING_FLOW
TX_KOTAK_108176,KOTAK_ACC_20032,CANARA_ACC_20093,1093.29,2026-01-10 17:25:50,TRANSFER,UPI,Kotak Mahindra Bank,IN,0,NORMAL_BANKING_FLOW
TX_KOTAK_108177,KOTAK_ACC_20127,KOTAK_ACC_20058,1603.72,2026-01-10 18:04:48,TRANSFER,UPI,Kotak Mahindra Bank,IN,0,NORMAL_BANKING_FLOW
TX_KOTAK_108178,KOTAK_ACC_20166,YES_ACC_20005,1514.23,2026-01-10 20:00:50,TRANSFER,UPI,Kotak Mahindra Bank,IN,0,NORMAL_BANKING_FLOW
TX_KOTAK_108179,KOTAK_ACC_20031,KOTAK_ACC_20217,816.99,2026-01-10 20:20:56,TRANSFER,UPI,Kotak Mahindra Bank,IN,0,NORMAL_BANKING_FLOW
TX_KOTAK_108180,KOTAK_ACC_20040,PNB_ACC_20207,364.27,2026-01-10 16:59:09,TRANSFER,UPI,Kotak Mahindra Bank,IN,0,NORMAL_BANKING_FLOW
TX_KOTAK_108181,KOTAK_ACC_20154,KOTAK_ACC_20023,33.34,2026-01-10 17:57:40,TRANSFER,UPI,Kotak Mahindra Bank,IN,0,NORMAL_BANKING_FLOW
TX_KOTAK_108182,KOTAK_ACC_20213,AXIS_ACC_20036,565.51,2026-01-10 18:46:42,TRANSFER,UPI,Kotak Mahindra Bank,IN,0,NORMAL_BANKING_FLOW
TX_KOTAK_108183,KOTAK_ACC_20119,KOTAK_ACC_20145,445.21,2026-01-10 20:53:30,TRANSFER,UPI,Kotak Mahindra Bank,IN,0,NORMAL_BANKING_FLOW
TX_KOTAK_108184,KOTAK_ACC_20034,KOTAK_ACC_20241,498.69,2026-01-10 15:53:12,TRANSFER,UPI,Kotak Mahindra Bank,IN,0,NORMAL_BANKING_FLOW
TX_KOTAK_108185,KOTAK_ACC_20075,KOTAK_ACC_20176,465.5,2026-01-10 15:24:24,TRANSFER,UPI,Kotak Mahindra Bank,IN,0,NORMAL_BANKING_FLOW
TX_KOTAK_108186,KOTAK_ACC_20055,KOTAK_ACC_20015,154.31,2026-01-10 18:30:00,TRANSFER,UPI,Kotak Mahindra Bank,IN,0,NORMAL_BANKING_FLOW
TX_KOTAK_108187,KOTAK_ACC_20191,KOTAK_ACC_20177,696.4,2026-01-10 21:06:56,TRANSFER,UPI,Kotak Mahindra Bank,IN,0,NORMAL_BANKING_FLOW
TX_KOTAK_108188,KOTAK_ACC_20172,KOTAK_ACC_20130,739.35,2026-01-10 20:28:44,TRANSFER,UPI,Kotak Mahindra Bank,IN,0,NORMAL_BANKING_FLOW
TX_KOTAK_108189,KOTAK_ACC_20068,CANARA_ACC_20142,769.6,2026-01-10 19:50:24,TRANSFER,UPI,Kotak Mahindra Bank,IN,0,NORMAL_BANKING_FLOW
TX_KOTAK_108190,KOTAK_ACC_20175,YES_ACC_20023,950.76,2026-01-10 20:20:39,TRANSFER,UPI,Kotak Mahindra Bank,IN,0,NORMAL_BANKING_FLOW
TX_KOTAK_108191,KOTAK_ACC_20067,KOTAK_ACC_20186,722.88,2026-01-10 19:32:20,TRANSFER,UPI,Kotak Mahindra Bank,IN,0,NORMAL_BANKING_FLOW
TX_KOTAK_108192,KOTAK_ACC_20204,KOTAK_ACC_20178,321.17,2026-01-10 17:05:21,TRANSFER,UPI,Kotak Mahindra Bank,IN,0,NORMAL_BANKING_FLOW
TX_KOTAK_108193,KOTAK_ACC_20090,BOB_ACC_20224,421.29,2026-01-10 18:05:04,TRANSFER,UPI,Kotak Mahindra Bank,IN,0,NORMAL_BANKING_FLOW
TX_KOTAK_108194,KOTAK_ACC_20185,KOTAK_ACC_20027,479.57,2026-01-10 15:37:26,TRANSFER,UPI,Kotak Mahindra Bank,IN,0,NORMAL_BANKING_FLOW
TX_KOTAK_108195,KOTAK_ACC_20073,KOTAK_ACC_20221,485.98,2026-01-10 19:35:24,TRANSFER,UPI,Kotak Mahindra Bank,IN,0,NORMAL_BANKING_FLOW
TX_KOTAK_108196,KOTAK_ACC_20112,BOB_ACC_20058,990.86,2026-01-10 21:25:15,TRANSFER,UPI,Kotak Mahindra Bank,IN,0,NORMAL_BANKING_FLOW
TX_KOTAK_108197,KOTAK_ACC_20238,KOTAK_ACC_20230,746.16,2026-01-10 15:48:28,TRANSFER,IMPS,Kotak Mahindra Bank,IN,0,NORMAL_BANKING_FLOW
TX_KOTAK_108198,KOTAK_ACC_20153,YES_ACC_20220,2349.3,2026-01-10 14:39:12,TRANSFER,UPI,Kotak Mahindra Bank,IN,0,NORMAL_BANKING_FLOW
TX_KOTAK_108199,KOTAK_ACC_20121,KOTAK_ACC_20118,2604.97,2026-01-10 21:28:06,TRANSFER,IMPS,Kotak Mahindra Bank,IN,0,NORMAL_BANKING_FLOW
TX_KOTAK_108200,KOTAK_ACC_20069,PNB_ACC_20010,475.19,2026-01-10 18:49:19,TRANSFER,IMPS,Kotak Mahindra Bank,IN,0,NORMAL_BANKING_FLOW
TX_KOTAK_108201,KOTAK_ACC_20099,KOTAK_ACC_20093,20.71,2026-01-10 17:20:00,TRANSFER,UPI,Kotak Mahindra Bank,IN,0,NORMAL_BANKING_FLOW
TX_KOTAK_108202,KOTAK_ACC_20141,KOTAK_ACC_20129,1199.27,2026-01-10 15:30:21,TRANSFER,UPI,Kotak Mahindra Bank,IN,0,NORMAL_BANKING_FLOW
TX_KOTAK_108203,KOTAK_ACC_20246,KOTAK_ACC_20001,289.37,2026-01-10 15:20:40,TRANSFER,IMPS,Kotak Mahindra Bank,IN,0,NORMAL_BANKING_FLOW
TX_KOTAK_108204,KOTAK_ACC_20205,KOTAK_ACC_20183,234.82,2026-01-10 15:51:09,TRANSFER,UPI,Kotak Mahindra Bank,IN,0,NORMAL_BANKING_FLOW
TX_KOTAK_108205,KOTAK_ACC_20122,PNB_ACC_20173,324.16,2026-01-10 20:53:32,TRANSFER,UPI,Kotak Mahindra Bank,IN,0,NORMAL_BANKING_FLOW
TX_KOTAK_108206,KOTAK_ACC_20091,KOTAK_ACC_20243,311.9,2026-01-10 21:14:35,TRANSFER,UPI,Kotak Mahindra Bank,IN,0,NORMAL_BANKING_FLOW
TX_KOTAK_108207,KOTAK_ACC_20242,KOTAK_ACC_20199,727.65,2026-01-10 20:04:48,TRANSFER,IMPS,Kotak Mahindra Bank,IN,0,NORMAL_BANKING_FLOW
TX_KOTAK_108208,KOTAK_ACC_20203,KOTAK_ACC_20052,128.05,2026-01-10 18:54:47,TRANSFER,UPI,Kotak Mahindra Bank,IN,0,NORMAL_BANKING_FLOW
TX_KOTAK_108209,KOTAK_ACC_20178,KOTAK_ACC_20234,188.26,2026-01-10 21:07:12,TRANSFER,UPI,Kotak Mahindra Bank,IN,0,NORMAL_BANKING_FLOW
TX_KOTAK_108210,KOTAK_ACC_20225,KOTAK_ACC_20187,586.71,2026-01-10 16:54:21,TRANSFER,UPI,Kotak Mahindra Bank,IN,0,NORMAL_BANKING_FLOW
TX_KOTAK_108211,KOTAK_ACC_20133,YES_ACC_20197,733.89,2026-01-10 15:53:50,TRANSFER,UPI,Kotak Mahindra Bank,IN,0,NORMAL_BANKING_FLOW
TX_KOTAK_108212,KOTAK_ACC_20211,HDFC_ACC_20010,744.89,2026-01-10 20:49:32,TRANSFER,UPI,Kotak Mahindra Bank,IN,0,NORMAL_BANKING_FLOW
TX_KOTAK_108213,KOTAK_ACC_20000,KOTAK_ACC_20194,237.55,2026-01-10 14:33:00,TRANSFER,UPI,Kotak Mahindra Bank,IN,0,NORMAL_BANKING_FLOW
TX_KOTAK_108214,KOTAK_ACC_20049,PNB_ACC_20244,203.85,2026-01-10 16:15:25,TRANSFER,UPI,Kotak Mahindra Bank,IN,0,NORMAL_BANKING_FLOW
TX_KOTAK_108215,KOTAK_ACC_20244,YES_ACC_20248,297.29,2026-01-10 22:03:46,TRANSFER,UPI,Kotak Mahindra Bank,IN,0,NORMAL_BANKING_FLOW
TX_KOTAK_108216,KOTAK_ACC_20127,KOTAK_ACC_20232,540.18,2026-01-10 18:09:00,TRANSFER,UPI,Kotak Mahindra Bank,IN,0,NORMAL_BANKING_FLOW
TX_KOTAK_108217,KOTAK_ACC_20028,INDUS_ACC_20046,1463.2,2026-01-10 18:19:52,TRANSFER,UPI,Kotak Mahindra Bank,IN,0,NORMAL_BANKING_FLOW
TX_KOTAK_108218,KOTAK_ACC_20143,KOTAK_ACC_20142,86.67,2026-01-10 14:34:15,TRANSFER,UPI,Kotak Mahindra Bank,IN,0,NORMAL_BANKING_FLOW
TX_KOTAK_108219,KOTAK_ACC_20170,INDUS_ACC_20013,373.69,2026-01-10 19:33:12,TRANSFER,UPI,Kotak Mahindra Bank,IN,0,NORMAL_BANKING_FLOW
TX_KOTAK_108220,KOTAK_ACC_20215,KOTAK_ACC_20115,153.52,2026-01-10 19:44:15,TRANSFER,UPI,Kotak Mahindra Bank,IN,0,NORMAL_BANKING_FLOW
TX_KOTAK_108221,KOTAK_ACC_20033,KOTAK_ACC_20050,118.89,2026-01-10 16:59:40,TRANSFER,UPI,Kotak Mahindra Bank,IN,0,NORMAL_BANKING_FLOW
TX_KOTAK_108222,KOTAK_ACC_20189,KOTAK_ACC_20087,966.39,2026-01-10 17:31:12,TRANSFER,IMPS,Kotak Mahindra Bank,IN,0,NORMAL_BANKING_FLOW
TX_KOTAK_108223,KOTAK_ACC_20196,KOTAK_ACC_20176,689.32,2026-01-10 15:06:36,TRANSFER,IMPS,Kotak Mahindra Bank,IN,0,NORMAL_BANKING_FLOW
TX_KOTAK_108224,KOTAK_ACC_20095,KOTAK_ACC_20213,638.77,2026-01-10 19:36:52,TRANSFER,UPI,Kotak Mahindra Bank,IN,0,NORMAL_BANKING_FLOW
TX_KOTAK_108225,KOTAK_ACC_20038,KOTAK_ACC_20184,931.52,2026-01-10 22:13:36,TRANSFER,UPI,Kotak Mahindra Bank,IN,0,NORMAL_BANKING_FLOW
TX_KOTAK_108226,KOTAK_ACC_20015,KOTAK_ACC_20045,303.76,2026-01-10 14:46:40,TRANSFER,UPI,Kotak Mahindra Bank,IN,0,NORMAL_BANKING_FLOW
TX_KOTAK_108227,KOTAK_ACC_20160,KOTAK_ACC_20224,315.42,2026-01-10 14:46:56,TRANSFER,UPI,Kotak Mahindra Bank,IN,0,NORMAL_BANKING_FLOW
TX_KOTAK_108228,KOTAK_ACC_20031,KOTAK_ACC_20217,2562.11,2026-01-10 16:21:15,TRANSFER,IMPS,Kotak Mahindra Bank,IN,0,NORMAL_BANKING_FLOW
TX_KOTAK_108229,KOTAK_ACC_20062,KOTAK_ACC_20165,366.04,2026-01-10 17:34:56,TRANSFER,UPI,Kotak Mahindra Bank,IN,0,NORMAL_BANKING_FLOW
TX_KOTAK_108230,KOTAK_ACC_20105,ICICI_ACC_20060,802.8,2026-01-10 22:18:31,TRANSFER,UPI,Kotak Mahindra Bank,IN,0,NORMAL_BANKING_FLOW
TX_KOTAK_108231,KOTAK_ACC_20083,BOB_ACC_20184,448.14,2026-01-10 16:54:00,TRANSFER,UPI,Kotak Mahindra Bank,IN,0,NORMAL_BANKING_FLOW
TX_KOTAK_108232,KOTAK_ACC_20029,KOTAK_ACC_20115,101.64,2026-01-10 19:42:44,TRANSFER,IMPS,Kotak Mahindra Bank,IN,0,NORMAL_BANKING_FLOW
TX_KOTAK_108233,KOTAK_ACC_20042,KOTAK_ACC_20210,86.86,2026-01-10 21:28:48,TRANSFER,UPI,Kotak Mahindra Bank,IN,0,NORMAL_BANKING_FLOW
TX_KOTAK_108234,KOTAK_ACC_20014,SBI_ACC_20226,280.57,2026-01-10 20:47:30,TRANSFER,UPI,Kotak Mahindra Bank,IN,0,NORMAL_BANKING_FLOW
TX_KOTAK_108235,KOTAK_ACC_20017,KOTAK_ACC_20003,1037.82,2026-01-10 21:20:02,TRANSFER,UPI,Kotak Mahindra Bank,IN,0,NORMAL_BANKING_FLOW
TX_KOTAK_108236,KOTAK_ACC_20187,KOTAK_ACC_20243,837.68,2026-01-10 16:24:35,TRANSFER,IMPS,Kotak Mahindra Bank,IN,0,NORMAL_BANKING_FLOW
TX_KOTAK_108237,KOTAK_ACC_20012,KOTAK_ACC_20161,926.36,2026-01-10 17:07:24,TRANSFER,IMPS,Kotak Mahindra Bank,IN,0,NORMAL_BANKING_FLOW
TX_KOTAK_108238,KOTAK_ACC_20166,KOTAK_ACC_20180,202.42,2026-01-10 20:40:13,TRANSFER,UPI,Kotak Mahindra Bank,IN,0,NORMAL_BANKING_FLOW
TX_KOTAK_108239,KOTAK_ACC_20174,KOTAK_ACC_20244,1624.08,2026-01-10 20:09:08,TRANSFER,UPI,Kotak Mahindra Bank,IN,0,NORMAL_BANKING_FLOW
TX_KOTAK_108240,KOTAK_ACC_20147,PNB_ACC_20085,206.04,2026-01-10 14:39:45,TRANSFER,UPI,Kotak Mahindra Bank,IN,0,NORMAL_BANKING_FLOW
TX_KOTAK_108241,KOTAK_ACC_20212,ICICI_ACC_20230,528.61,2026-01-10 15:01:20,TRANSFER,UPI,Kotak Mahindra Bank,IN,0,NORMAL_BANKING_FLOW
TX_KOTAK_108242,KOTAK_ACC_20159,KOTAK_ACC_20100,442.18,2026-01-10 17:20:30,TRANSFER,UPI,Kotak Mahindra Bank,IN,0,NORMAL_BANKING_FLOW
TX_KOTAK_108243,KOTAK_ACC_20128,KOTAK_ACC_20086,387.96,2026-01-10 16:06:06,TRANSFER,UPI,Kotak Mahindra Bank,IN,0,NORMAL_BANKING_FLOW
TX_KOTAK_108244,KOTAK_ACC_20031,KOTAK_ACC_20177,1300.98,2026-01-10 15:45:03,TRANSFER,UPI,Kotak Mahindra Bank,IN,0,NORMAL_BANKING_FLOW
TX_KOTAK_108245,KOTAK_ACC_20203,AXIS_ACC_20166,253.64,2026-01-10 16:06:52,TRANSFER,UPI,Kotak Mahindra Bank,IN,0,NORMAL_BANKING_FLOW
TX_KOTAK_108246,KOTAK_ACC_20169,KOTAK_ACC_20011,151.46,2026-01-10 20:57:30,TRANSFER,UPI,Kotak Mahindra Bank,IN,0,NORMAL_BANKING_FLOW
TX_KOTAK_108247,KOTAK_ACC_20066,ICICI_ACC_20027,453.05,2026-01-10 22:24:28,TRANSFER,IMPS,Kotak Mahindra Bank,IN,0,NORMAL_BANKING_FLOW
TX_KOTAK_108248,KOTAK_ACC_20066,KOTAK_ACC_20238,323.8,2026-01-10 20:16:02,TRANSFER,IMPS,Kotak Mahindra Bank,IN,0,NORMAL_BANKING_FLOW
TX_KOTAK_108249,KOTAK_ACC_20051,PNB_ACC_20027,6646.9,2026-01-10 17:56:24,TRANSFER,UPI,Kotak Mahindra Bank,IN,0,NORMAL_BANKING_FLOW
TX_KOTAK_108250,KOTAK_ACC_20235,YES_ACC_20114,766.02,2026-01-10 19:34:18,TRANSFER,UPI,Kotak Mahindra Bank,IN,0,NORMAL_BANKING_FLOW
TX_KOTAK_108251,KOTAK_ACC_20113,KOTAK_ACC_20174,321.35,2026-01-10 17:35:50,TRANSFER,IMPS,Kotak Mahindra Bank,IN,0,NORMAL_BANKING_FLOW
TX_KOTAK_108252,KOTAK_ACC_20177,KOTAK_ACC_20130,191.54,2026-01-10 21:02:30,TRANSFER,UPI,Kotak Mahindra Bank,IN,0,NORMAL_BANKING_FLOW
TX_KOTAK_108253,KOTAK_ACC_20242,KOTAK_ACC_20080,99.06,2026-01-10 22:41:08,TRANSFER,IMPS,Kotak Mahindra Bank,IN,0,NORMAL_BANKING_FLOW
TX_KOTAK_108254,KOTAK_ACC_20019,HDFC_ACC_20013,196.34,2026-01-10 19:47:59,TRANSFER,UPI,Kotak Mahindra Bank,IN,0,NORMAL_BANKING_FLOW
TX_KOTAK_108255,KOTAK_ACC_20239,KOTAK_ACC_20164,488.8,2026-01-10 19:16:00,TRANSFER,UPI,Kotak Mahindra Bank,IN,0,NORMAL_BANKING_FLOW
TX_KOTAK_108256,KOTAK_ACC_20074,BOB_ACC_20114,1396.69,2026-01-10 16:22:00,TRANSFER,IMPS,Kotak Mahindra Bank,IN,0,NORMAL_BANKING_FLOW
TX_KOTAK_108257,KOTAK_ACC_20148,KOTAK_ACC_20157,1093.73,2026-01-10 21:50:24,TRANSFER,UPI,Kotak Mahindra Bank,IN,0,NORMAL_BANKING_FLOW
TX_KOTAK_108258,KOTAK_ACC_20121,KOTAK_ACC_20248,535.54,2026-01-10 18:23:15,TRANSFER,UPI,Kotak Mahindra Bank,IN,0,NORMAL_BANKING_FLOW
TX_KOTAK_108259,KOTAK_ACC_20054,HDFC_ACC_20110,344.28,2026-01-10 16:34:10,TRANSFER,UPI,Kotak Mahindra Bank,IN,0,NORMAL_BANKING_FLOW
TX_KOTAK_108260,KOTAK_ACC_20171,KOTAK_ACC_20037,552.83,2026-01-10 17:51:28,TRANSFER,UPI,Kotak Mahindra Bank,IN,0,NORMAL_BANKING_FLOW
TX_KOTAK_108261,KOTAK_ACC_20239,KOTAK_ACC_20003,294.44,2026-01-10 17:41:00,TRANSFER,IMPS,Kotak Mahindra Bank,IN,0,NORMAL_BANKING_FLOW
TX_KOTAK_108262,KOTAK_ACC_20074,KOTAK_ACC_20161,1762.86,2026-01-10 17:52:32,TRANSFER,UPI,Kotak Mahindra Bank,IN,0,NORMAL_BANKING_FLOW
TX_KOTAK_108263,KOTAK_ACC_20088,KOTAK_ACC_20131,383.23,2026-01-10 21:33:44,TRANSFER,UPI,Kotak Mahindra Bank,IN,0,NORMAL_BANKING_FLOW
TX_KOTAK_108264,KOTAK_ACC_20201,KOTAK_ACC_20110,416.1,2026-01-10 19:55:09,TRANSFER,UPI,Kotak Mahindra Bank,IN,0,NORMAL_BANKING_FLOW
TX_KOTAK_108265,KOTAK_ACC_20035,AXIS_ACC_20171,75.74,2026-01-10 22:52:56,TRANSFER,IMPS,Kotak Mahindra Bank,IN,0,NORMAL_BANKING_FLOW
TX_KOTAK_108266,KOTAK_ACC_20053,CANARA_ACC_20030,381.33,2026-01-10 16:37:05,TRANSFER,UPI,Kotak Mahindra Bank,IN,0,NORMAL_BANKING_FLOW
TX_KOTAK_108267,KOTAK_ACC_20228,KOTAK_ACC_20047,870.6,2026-01-10 16:26:24,TRANSFER,UPI,Kotak Mahindra Bank,IN,0,NORMAL_BANKING_FLOW
TX_KOTAK_108268,KOTAK_ACC_20063,KOTAK_ACC_20142,189.77,2026-01-10 15:31:13,TRANSFER,UPI,Kotak Mahindra Bank,IN,0,NORMAL_BANKING_FLOW
TX_KOTAK_108269,KOTAK_ACC_20129,INDUS_ACC_20201,244.55,2026-01-10 18:40:48,TRANSFER,UPI,Kotak Mahindra Bank,IN,0,NORMAL_BANKING_FLOW
TX_KOTAK_108270,KOTAK_ACC_20059,KOTAK_ACC_20079,840.64,2026-01-10 21:39:48,TRANSFER,UPI,Kotak Mahindra Bank,IN,0,NORMAL_BANKING_FLOW
TX_KOTAK_108271,KOTAK_ACC_20099,KOTAK_ACC_20001,136.82,2026-01-10 16:50:20,TRANSFER,UPI,Kotak Mahindra Bank,IN,0,NORMAL_BANKING_FLOW
TX_KOTAK_108272,KOTAK_ACC_20185,INDUS_ACC_20234,1039.24,2026-01-10 21:41:32,TRANSFER,UPI,Kotak Mahindra Bank,IN,0,NORMAL_BANKING_FLOW
TX_KOTAK_108273,KOTAK_ACC_20054,KOTAK_ACC_20156,291.28,2026-01-10 20:35:12,TRANSFER,UPI,Kotak Mahindra Bank,IN,0,NORMAL_BANKING_FLOW
TX_KOTAK_108274,KOTAK_ACC_20052,KOTAK_ACC_20231,326.73,2026-01-10 15:10:41,TRANSFER,UPI,Kotak Mahindra Bank,IN,0,NORMAL_BANKING_FLOW
TX_KOTAK_108275,KOTAK_ACC_20233,YES_ACC_20086,181.43,2026-01-10 17:59:28,TRANSFER,UPI,Kotak Mahindra Bank,IN,0,NORMAL_BANKING_FLOW
TX_KOTAK_108276,KOTAK_ACC_20150,KOTAK_ACC_20111,603.31,2026-01-10 22:30:00,TRANSFER,UPI,Kotak Mahindra Bank,IN,0,NORMAL_BANKING_FLOW
TX_KOTAK_108277,KOTAK_ACC_20227,KOTAK_ACC_20219,3190.39,2026-01-10 21:12:04,TRANSFER,UPI,Kotak Mahindra Bank,IN,0,NORMAL_BANKING_FLOW
TX_KOTAK_108278,KOTAK_ACC_20205,KOTAK_ACC_20248,833.14,2026-01-10 20:05:11,TRANSFER,IMPS,Kotak Mahindra Bank,IN,0,NORMAL_BANKING_FLOW
TX_KOTAK_108279,KOTAK_ACC_20205,KOTAK_ACC_20011,223.31,2026-01-10 15:00:48,TRANSFER,UPI,Kotak Mahindra Bank,IN,0,NORMAL_BANKING_FLOW
TX_KOTAK_108280,KOTAK_ACC_20240,KOTAK_ACC_20212,1105.99,2026-01-10 15:01:04,TRANSFER,UPI,Kotak Mahindra Bank,IN,0,NORMAL_BANKING_FLOW
TX_KOTAK_108281,KOTAK_ACC_20063,SBI_ACC_20013,346.08,2026-01-10 18:02:40,TRANSFER,UPI,Kotak Mahindra Bank,IN,0,NORMAL_BANKING_FLOW
TX_KOTAK_108282,KOTAK_ACC_20020,CANARA_ACC_20079,1338.88,2026-01-10 18:03:12,TRANSFER,UPI,Kotak Mahindra Bank,IN,0,NORMAL_BANKING_FLOW
TX_KOTAK_108283,KOTAK_ACC_20143,KOTAK_ACC_20170,850.09,2026-01-10 18:15:06,TRANSFER,UPI,Kotak Mahindra Bank,IN,0,NORMAL_BANKING_FLOW
TX_KOTAK_108284,KOTAK_ACC_20231,KOTAK_ACC_20128,42.33,2026-01-10 22:26:05,TRANSFER,UPI,Kotak Mahindra Bank,IN,0,NORMAL_BANKING_FLOW
TX_KOTAK_108285,KOTAK_ACC_20047,INDUS_ACC_20228,199.68,2026-01-10 23:12:36,TRANSFER,UPI,Kotak Mahindra Bank,IN,0,NORMAL_BANKING_FLOW
TX_KOTAK_108286,KOTAK_ACC_20204,KOTAK_ACC_20001,949.09,2026-01-10 20:33:45,TRANSFER,UPI,Kotak Mahindra Bank,IN,0,NORMAL_BANKING_FLOW
TX_KOTAK_108287,KOTAK_ACC_20095,YES_ACC_20109,503.37,2026-01-10 18:40:10,TRANSFER,UPI,Kotak Mahindra Bank,IN,0,NORMAL_BANKING_FLOW
TX_KOTAK_108288,KOTAK_ACC_20074,CANARA_ACC_20078,196.57,2026-01-10 16:11:54,TRANSFER,UPI,Kotak Mahindra Bank,IN,0,NORMAL_BANKING_FLOW
TX_KOTAK_108289,KOTAK_ACC_20125,KOTAK_ACC_20226,268.57,2026-01-10 15:37:52,TRANSFER,UPI,Kotak Mahindra Bank,IN,0,NORMAL_BANKING_FLOW
TX_KOTAK_108290,KOTAK_ACC_20064,KOTAK_ACC_20188,97.03,2026-01-10 17:33:01,TRANSFER,UPI,Kotak Mahindra Bank,IN,0,NORMAL_BANKING_FLOW
TX_KOTAK_108291,KOTAK_ACC_20120,KOTAK_ACC_20053,415.42,2026-01-10 22:09:30,TRANSFER,UPI,Kotak Mahindra Bank,IN,0,NORMAL_BANKING_FLOW
TX_KOTAK_108292,KOTAK_ACC_20146,KOTAK_ACC_20163,2613.78,2026-01-10 23:31:00,TRANSFER,UPI,Kotak Mahindra Bank,IN,0,NORMAL_BANKING_FLOW
TX_KOTAK_108293,KOTAK_ACC_20182,KOTAK_ACC_20223,848.9,2026-01-10 16:48:20,TRANSFER,UPI,Kotak Mahindra Bank,IN,0,NORMAL_BANKING_FLOW
TX_KOTAK_108294,KOTAK_ACC_20134,ICICI_ACC_20031,2571.73,2026-01-10 22:00:36,TRANSFER,UPI,Kotak Mahindra Bank,IN,0,NORMAL_BANKING_FLOW
TX_KOTAK_108295,KOTAK_ACC_20006,KOTAK_ACC_20179,903.18,2026-01-10 18:44:50,TRANSFER,UPI,Kotak Mahindra Bank,IN,0,NORMAL_BANKING_FLOW
TX_KOTAK_108296,KOTAK_ACC_20248,KOTAK_ACC_20178,1014.33,2026-01-10 16:14:50,TRANSFER,UPI,Kotak Mahindra Bank,IN,0,NORMAL_BANKING_FLOW
TX_KOTAK_108297,KOTAK_ACC_20069,PNB_ACC_20236,2163.02,2026-01-10 14:54:00,TRANSFER,UPI,Kotak Mahindra Bank,IN,0,NORMAL_BANKING_FLOW
TX_KOTAK_108298,KOTAK_ACC_20236,HDFC_ACC_20093,602.94,2026-01-10 19:09:49,TRANSFER,UPI,Kotak Mahindra Bank,IN,0,NORMAL_BANKING_FLOW
TX_KOTAK_108299,KOTAK_ACC_20187,YES_ACC_20099,383.84,2026-01-10 23:03:06,TRANSFER,UPI,Kotak Mahindra Bank,IN,0,NORMAL_BANKING_FLOW
TX_KOTAK_108300,KOTAK_ACC_20106,KOTAK_ACC_20215,1018.54,2026-01-10 14:54:45,TRANSFER,UPI,Kotak Mahindra Bank,IN,0,NORMAL_BANKING_FLOW
TX_KOTAK_108301,KOTAK_ACC_20228,KOTAK_ACC_20175,1426.63,2026-01-10 17:38:20,TRANSFER,UPI,Kotak Mahindra Bank,IN,0,NORMAL_BANKING_FLOW
TX_KOTAK_108302,KOTAK_ACC_20167,KOTAK_ACC_20236,303.7,2026-01-10 18:37:14,TRANSFER,UPI,Kotak Mahindra Bank,IN,0,NORMAL_BANKING_FLOW
TX_KOTAK_108303,KOTAK_ACC_20192,INDUS_ACC_20209,250.32,2026-01-10 23:06:54,TRANSFER,IMPS,Kotak Mahindra Bank,IN,0,NORMAL_BANKING_FLOW
TX_KOTAK_108304,KOTAK_ACC_20098,KOTAK_ACC_20064,498.24,2026-01-10 20:47:15,TRANSFER,UPI,Kotak Mahindra Bank,IN,0,NORMAL_BANKING_FLOW
TX_KOTAK_108305,KOTAK_ACC_20011,KOTAK_ACC_20033,867.14,2026-01-10 20:48:00,TRANSFER,IMPS,Kotak Mahindra Bank,IN,0,NORMAL_BANKING_FLOW
TX_KOTAK_108306,KOTAK_ACC_20188,ICICI_ACC_20150,844.27,2026-01-10 14:56:15,TRANSFER,UPI,Kotak Mahindra Bank,IN,0,NORMAL_BANKING_FLOW
TX_KOTAK_108307,KOTAK_ACC_20225,KOTAK_ACC_20047,142.69,2026-01-10 20:14:12,TRANSFER,UPI,Kotak Mahindra Bank,IN,0,NORMAL_BANKING_FLOW
TX_KOTAK_108308,KOTAK_ACC_20015,KOTAK_ACC_20160,2057.58,2026-01-10 15:43:53,TRANSFER,UPI,Kotak Mahindra Bank,IN,0,NORMAL_BANKING_FLOW
TX_KOTAK_108309,KOTAK_ACC_20135,KOTAK_ACC_20143,266.95,2026-01-10 21:38:12,TRANSFER,UPI,Kotak Mahindra Bank,IN,0,NORMAL_BANKING_FLOW
TX_KOTAK_108310,KOTAK_ACC_20036,KOTAK_ACC_20077,360.66,2026-01-10 21:15:23,TRANSFER,UPI,Kotak Mahindra Bank,IN,0,NORMAL_BANKING_FLOW
TX_KOTAK_108311,KOTAK_ACC_20001,KOTAK_ACC_20176,216.56,2026-01-10 18:18:40,TRANSFER,UPI,Kotak Mahindra Bank,IN,0,NORMAL_BANKING_FLOW
TX_KOTAK_108312,KOTAK_ACC_20177,KOTAK_ACC_20228,3860.93,2026-01-10 23:39:09,TRANSFER,UPI,Kotak Mahindra Bank,IN,0,NORMAL_BANKING_FLOW
TX_KOTAK_108313,KOTAK_ACC_20211,KOTAK_ACC_20200,541.13,2026-01-10 22:28:56,TRANSFER,UPI,Kotak Mahindra Bank,IN,0,NORMAL_BANKING_FLOW
TX_KOTAK_108314,KOTAK_ACC_20134,KOTAK_ACC_20176,225.7,2026-01-10 23:29:14,TRANSFER,UPI,Kotak Mahindra Bank,IN,0,NORMAL_BANKING_FLOW
TX_KOTAK_108315,KOTAK_ACC_20097,ICICI_ACC_20078,889.93,2026-01-10 18:20:48,TRANSFER,UPI,Kotak Mahindra Bank,IN,0,NORMAL_BANKING_FLOW
TX_KOTAK_108316,KOTAK_ACC_20110,KOTAK_ACC_20009,824.94,2026-01-10 20:08:35,TRANSFER,IMPS,Kotak Mahindra Bank,IN,0,NORMAL_BANKING_FLOW
TX_KOTAK_108317,KOTAK_ACC_20221,KOTAK_ACC_20063,383.68,2026-01-10 17:58:00,TRANSFER,UPI,Kotak Mahindra Bank,IN,0,NORMAL_BANKING_FLOW
TX_KOTAK_108318,KOTAK_ACC_20139,KOTAK_ACC_20146,873.48,2026-01-10 15:35:06,TRANSFER,UPI,Kotak Mahindra Bank,IN,0,NORMAL_BANKING_FLOW
TX_KOTAK_108319,KOTAK_ACC_20005,HDFC_ACC_20235,230.39,2026-01-10 17:59:00,TRANSFER,UPI,Kotak Mahindra Bank,IN,0,NORMAL_BANKING_FLOW
TX_KOTAK_108320,KOTAK_ACC_20130,KOTAK_ACC_20005,300.57,2026-01-10 16:23:38,TRANSFER,UPI,Kotak Mahindra Bank,IN,0,NORMAL_BANKING_FLOW
TX_KOTAK_108321,KOTAK_ACC_20128,KOTAK_ACC_20087,89.28,2026-01-10 20:00:00,TRANSFER,UPI,Kotak Mahindra Bank,IN,0,NORMAL_BANKING_FLOW
TX_KOTAK_108322,KOTAK_ACC_20095,KOTAK_ACC_20074,154.6,2026-01-10 21:36:48,TRANSFER,UPI,Kotak Mahindra Bank,IN,0,NORMAL_BANKING_FLOW
TX_KOTAK_108323,KOTAK_ACC_20100,KOTAK_ACC_20019,1893.35,2026-01-10 19:25:14,TRANSFER,UPI,Kotak Mahindra Bank,IN,0,NORMAL_BANKING_FLOW
TX_KOTAK_108324,KOTAK_ACC_20155,KOTAK_ACC_20064,1657.63,2026-01-10 18:25:36,TRANSFER,UPI,Kotak Mahindra Bank,IN,0,NORMAL_BANKING_FLOW
TX_KOTAK_108325,KOTAK_ACC_20244,KOTAK_ACC_20081,469.95,2026-01-10 19:26:28,TRANSFER,UPI,Kotak Mahindra Bank,IN,0,NORMAL_BANKING_FLOW
TX_KOTAK_108326,KOTAK_ACC_20245,KOTAK_ACC_20139,1686.39,2026-01-10 15:49:35,TRANSFER,IMPS,Kotak Mahindra Bank,IN,0,NORMAL_BANKING_FLOW
TX_KOTAK_108327,KOTAK_ACC_20116,HDFC_ACC_20168,392.27,2026-01-10 17:26:42,TRANSFER,UPI,Kotak Mahindra Bank,IN,0,NORMAL_BANKING_FLOW
TX_KOTAK_108328,KOTAK_ACC_20248,KOTAK_ACC_20108,366.97,2026-01-10 18:03:30,TRANSFER,UPI,Kotak Mahindra Bank,IN,0,NORMAL_BANKING_FLOW
TX_KOTAK_108329,KOTAK_ACC_20224,KOTAK_ACC_20052,466.48,2026-01-10 22:55:12,TRANSFER,UPI,Kotak Mahindra Bank,IN,0,NORMAL_BANKING_FLOW
TX_KOTAK_108330,KOTAK_ACC_20147,KOTAK_ACC_20227,403.45,2026-01-10 21:55:21,TRANSFER,UPI,Kotak Mahindra Bank,IN,0,NORMAL_BANKING_FLOW
TX_KOTAK_108331,KOTAK_ACC_20064,KOTAK_ACC_20168,375.34,2026-01-10 21:56:10,TRANSFER,UPI,Kotak Mahindra Bank,IN,0,NORMAL_BANKING_FLOW
TX_KOTAK_108332,KOTAK_ACC_20083,YES_ACC_20231,1112.89,2026-01-10 21:56:59,TRANSFER,IMPS,Kotak Mahindra Bank,IN,0,NORMAL_BANKING_FLOW
TX_KOTAK_108333,KOTAK_ACC_20153,KOTAK_ACC_20149,502.76,2026-01-10 15:27:24,TRANSFER,UPI,Kotak Mahindra Bank,IN,0,NORMAL_BANKING_FLOW
TX_KOTAK_108334,KOTAK_ACC_20234,ICICI_ACC_20067,788.38,2026-01-10 16:28:46,TRANSFER,UPI,Kotak Mahindra Bank,IN,0,NORMAL_BANKING_FLOW
TX_KOTAK_108335,KOTAK_ACC_20078,KOTAK_ACC_20108,1017.5,2026-01-10 20:33:48,TRANSFER,IMPS,Kotak Mahindra Bank,IN,0,NORMAL_BANKING_FLOW
TX_KOTAK_108336,KOTAK_ACC_20151,KOTAK_ACC_20206,608.23,2026-01-11 00:15:00,TRANSFER,IMPS,Kotak Mahindra Bank,IN,0,NORMAL_BANKING_FLOW
TX_KOTAK_108337,KOTAK_ACC_20072,KOTAK_ACC_20135,205.16,2026-01-10 23:51:28,TRANSFER,IMPS,Kotak Mahindra Bank,IN,0,NORMAL_BANKING_FLOW
TX_KOTAK_108338,KOTAK_ACC_20124,CANARA_ACC_20048,151.06,2026-01-10 19:46:46,TRANSFER,UPI,Kotak Mahindra Bank,IN,0,NORMAL_BANKING_FLOW
TX_KOTAK_108339,KOTAK_ACC_20186,SBI_ACC_20023,502.21,2026-01-10 20:36:36,TRANSFER,UPI,Kotak Mahindra Bank,IN,0,NORMAL_BANKING_FLOW
TX_KOTAK_108340,KOTAK_ACC_20238,CANARA_ACC_20208,388.77,2026-01-10 15:04:45,TRANSFER,UPI,Kotak Mahindra Bank,IN,0,NORMAL_BANKING_FLOW
TX_KOTAK_108341,KOTAK_ACC_20014,KOTAK_ACC_20159,478.14,2026-01-10 15:54:20,TRANSFER,UPI,Kotak Mahindra Bank,IN,0,NORMAL_BANKING_FLOW
TX_KOTAK_108342,KOTAK_ACC_20189,KOTAK_ACC_20032,440.17,2026-01-10 19:12:15,TRANSFER,IMPS,Kotak Mahindra Bank,IN,0,NORMAL_BANKING_FLOW
TX_KOTAK_108343,KOTAK_ACC_20244,KOTAK_ACC_20040,3522.26,2026-01-10 15:05:30,TRANSFER,UPI,Kotak Mahindra Bank,IN,0,NORMAL_BANKING_FLOW
TX_KOTAK_108344,KOTAK_ACC_20031,INDUS_ACC_20163,153.83,2026-01-10 16:20:03,TRANSFER,IMPS,Kotak Mahindra Bank,IN,0,NORMAL_BANKING_FLOW
TX_KOTAK_108345,KOTAK_ACC_20162,KOTAK_ACC_20090,90.74,2026-01-10 15:55:36,TRANSFER,UPI,Kotak Mahindra Bank,IN,0,NORMAL_BANKING_FLOW
TX_KOTAK_108346,KOTAK_ACC_20078,PNB_ACC_20106,581.67,2026-01-10 20:04:15,TRANSFER,UPI,Kotak Mahindra Bank,IN,0,NORMAL_BANKING_FLOW
TX_KOTAK_108347,KOTAK_ACC_20009,KOTAK_ACC_20087,329.92,2026-01-11 00:13:34,TRANSFER,UPI,Kotak Mahindra Bank,IN,0,NORMAL_BANKING_FLOW
TX_KOTAK_108348,KOTAK_ACC_20161,AXIS_ACC_20173,574.13,2026-01-10 20:42:54,TRANSFER,UPI,Kotak Mahindra Bank,IN,0,NORMAL_BANKING_FLOW
TX_KOTAK_108349,KOTAK_ACC_20039,KOTAK_ACC_20188,711.31,2026-01-10 19:41:16,TRANSFER,UPI,Kotak Mahindra Bank,IN,0,NORMAL_BANKING_FLOW
TX_KOTAK_108350,KOTAK_ACC_20082,KOTAK_ACC_20138,1245.49,2026-01-10 16:47:07,TRANSFER,UPI,Kotak Mahindra Bank,IN,0,NORMAL_BANKING_FLOW
TX_KOTAK_108351,KOTAK_ACC_20003,KOTAK_ACC_20165,133.52,2026-01-10 16:10:00,TRANSFER,IMPS,Kotak Mahindra Bank,IN,0,NORMAL_BANKING_FLOW
TX_KOTAK_108352,KOTAK_ACC_20241,BOB_ACC_20214,285.61,2026-01-10 21:35:46,TRANSFER,UPI,Kotak Mahindra Bank,IN,0,NORMAL_BANKING_FLOW
TX_KOTAK_108353,KOTAK_ACC_20070,SBI_ACC_20036,628.29,2026-01-10 18:53:36,TRANSFER,UPI,Kotak Mahindra Bank,IN,0,NORMAL_BANKING_FLOW
TX_KOTAK_108354,KOTAK_ACC_20048,INDUS_ACC_20012,825.82,2026-01-10 18:54:09,TRANSFER,UPI,Kotak Mahindra Bank,IN,0,NORMAL_BANKING_FLOW
TX_KOTAK_108355,KOTAK_ACC_20003,AXIS_ACC_20188,2577.98,2026-01-10 21:38:04,TRANSFER,UPI,Kotak Mahindra Bank,IN,0,NORMAL_BANKING_FLOW
TX_KOTAK_108356,KOTAK_ACC_20131,KOTAK_ACC_20150,957.73,2026-01-10 18:17:30,TRANSFER,IMPS,Kotak Mahindra Bank,IN,0,NORMAL_BANKING_FLOW
TX_KOTAK_108357,KOTAK_ACC_20144,KOTAK_ACC_20119,426.06,2026-01-10 23:33:00,TRANSFER,IMPS,Kotak Mahindra Bank,IN,0,NORMAL_BANKING_FLOW
TX_KOTAK_108358,KOTAK_ACC_20069,KOTAK_ACC_20238,218.69,2026-01-10 15:21:52,TRANSFER,UPI,Kotak Mahindra Bank,IN,0,NORMAL_BANKING_FLOW
TX_KOTAK_108359,KOTAK_ACC_20232,KOTAK_ACC_20119,283.88,2026-01-10 17:41:06,TRANSFER,UPI,Kotak Mahindra Bank,IN,0,NORMAL_BANKING_FLOW
TX_KOTAK_108360,KOTAK_ACC_20142,KOTAK_ACC_20174,277.5,2026-01-10 21:29:15,TRANSFER,UPI,Kotak Mahindra Bank,IN,0,NORMAL_BANKING_FLOW
TX_KOTAK_108361,KOTAK_ACC_20061,ICICI_ACC_20193,753.09,2026-01-10 19:36:00,TRANSFER,UPI,Kotak Mahindra Bank,IN,0,NORMAL_BANKING_FLOW
TX_KOTAK_108362,KOTAK_ACC_20164,KOTAK_ACC_20111,547.63,2026-01-10 21:43:26,TRANSFER,UPI,Kotak Mahindra Bank,IN,0,NORMAL_BANKING_FLOW
TX_KOTAK_108363,KOTAK_ACC_20112,KOTAK_ACC_20113,154.64,2026-01-10 19:49:54,TRANSFER,UPI,Kotak Mahindra Bank,IN,0,NORMAL_BANKING_FLOW
TX_KOTAK_108364,KOTAK_ACC_20121,INDUS_ACC_20082,314.59,2026-01-10 16:52:29,TRANSFER,UPI,Kotak Mahindra Bank,IN,0,NORMAL_BANKING_FLOW
TX_KOTAK_108365,KOTAK_ACC_20027,KOTAK_ACC_20241,899.68,2026-01-10 19:12:56,TRANSFER,UPI,Kotak Mahindra Bank,IN,0,NORMAL_BANKING_FLOW
TX_KOTAK_108366,KOTAK_ACC_20099,KOTAK_ACC_20027,590.71,2026-01-10 16:27:45,TRANSFER,UPI,Kotak Mahindra Bank,IN,0,NORMAL_BANKING_FLOW
TX_KOTAK_108367,KOTAK_ACC_20063,KOTAK_ACC_20205,702.69,2026-01-10 19:39:36,TRANSFER,IMPS,Kotak Mahindra Bank,IN,0,NORMAL_BANKING_FLOW
TX_KOTAK_108368,KOTAK_ACC_20032,KOTAK_ACC_20046,605.67,2026-01-10 22:51:57,TRANSFER,UPI,Kotak Mahindra Bank,IN,0,NORMAL_BANKING_FLOW
TX_KOTAK_108369,KOTAK_ACC_20213,KOTAK_ACC_20017,1637.86,2026-01-10 21:23:12,TRANSFER,UPI,Kotak Mahindra Bank,IN,0,NORMAL_BANKING_FLOW
TX_KOTAK_108370,KOTAK_ACC_20164,KOTAK_ACC_20227,538.53,2026-01-10 19:54:13,TRANSFER,UPI,Kotak Mahindra Bank,IN,0,NORMAL_BANKING_FLOW
TX_KOTAK_108371,KOTAK_ACC_20056,KOTAK_ACC_20146,327.4,2026-01-10 18:37:50,TRANSFER,UPI,Kotak Mahindra Bank,IN,0,NORMAL_BANKING_FLOW
TX_KOTAK_108372,KOTAK_ACC_20120,KOTAK_ACC_20190,214.3,2026-01-10 15:51:18,TRANSFER,UPI,Kotak Mahindra Bank,IN,0,NORMAL_BANKING_FLOW
TX_KOTAK_108373,KOTAK_ACC_20164,BOB_ACC_20046,544.4,2026-01-10 22:30:28,TRANSFER,IMPS,Kotak Mahindra Bank,IN,0,NORMAL_BANKING_FLOW
TX_KOTAK_108374,KOTAK_ACC_20121,KOTAK_ACC_20181,63.27,2026-01-10 19:05:09,TRANSFER,UPI,Kotak Mahindra Bank,IN,0,NORMAL_BANKING_FLOW
TX_KOTAK_108375,KOTAK_ACC_20033,KOTAK_ACC_20155,384.74,2026-01-10 22:57:54,TRANSFER,UPI,Kotak Mahindra Bank,IN,0,NORMAL_BANKING_FLOW
TX_KOTAK_108376,KOTAK_ACC_20235,KOTAK_ACC_20153,378.16,2026-01-10 15:39:35,TRANSFER,UPI,Kotak Mahindra Bank,IN,0,NORMAL_BANKING_FLOW
TX_KOTAK_108377,KOTAK_ACC_20113,KOTAK_ACC_20062,149.67,2026-01-10 16:44:32,TRANSFER,UPI,Kotak Mahindra Bank,IN,0,NORMAL_BANKING_FLOW
TX_KOTAK_108378,KOTAK_ACC_20092,KOTAK_ACC_20171,212.17,2026-01-10 23:00:27,TRANSFER,UPI,Kotak Mahindra Bank,IN,0,NORMAL_BANKING_FLOW
TX_KOTAK_108379,KOTAK_ACC_20205,KOTAK_ACC_20202,852.12,2026-01-10 16:19:20,TRANSFER,IMPS,Kotak Mahindra Bank,IN,0,NORMAL_BANKING_FLOW
TX_KOTAK_108380,KOTAK_ACC_20172,KOTAK_ACC_20045,536.23,2026-01-10 16:19:40,TRANSFER,UPI,Kotak Mahindra Bank,IN,0,NORMAL_BANKING_FLOW
TX_KOTAK_108381,KOTAK_ACC_20180,KOTAK_ACC_20167,483.68,2026-01-10 15:41:00,TRANSFER,UPI,Kotak Mahindra Bank,IN,0,NORMAL_BANKING_FLOW
TX_KOTAK_108382,KOTAK_ACC_20022,KOTAK_ACC_20184,569.68,2026-01-11 00:34:58,TRANSFER,UPI,Kotak Mahindra Bank,IN,0,NORMAL_BANKING_FLOW
TX_KOTAK_108383,KOTAK_ACC_20048,KOTAK_ACC_20225,480.15,2026-01-10 18:57:04,TRANSFER,UPI,Kotak Mahindra Bank,IN,0,NORMAL_BANKING_FLOW
TX_KOTAK_108384,KOTAK_ACC_20074,KOTAK_ACC_20211,1205.07,2026-01-10 18:05:24,TRANSFER,UPI,Kotak Mahindra Bank,IN,0,NORMAL_BANKING_FLOW
TX_KOTAK_108385,KOTAK_ACC_20144,YES_ACC_20150,492.13,2026-01-10 17:26:40,TRANSFER,UPI,Kotak Mahindra Bank,IN,0,NORMAL_BANKING_FLOW
TX_KOTAK_108386,KOTAK_ACC_20040,KOTAK_ACC_20237,138.85,2026-01-10 16:21:40,TRANSFER,UPI,Kotak Mahindra Bank,IN,0,NORMAL_BANKING_FLOW
TX_KOTAK_108387,KOTAK_ACC_20014,KOTAK_ACC_20039,1642.71,2026-01-11 01:06:00,TRANSFER,UPI,Kotak Mahindra Bank,IN,0,NORMAL_BANKING_FLOW
TX_KOTAK_108388,KOTAK_ACC_20245,KOTAK_ACC_20183,599.61,2026-01-10 17:27:55,TRANSFER,IMPS,Kotak Mahindra Bank,IN,0,NORMAL_BANKING_FLOW
TX_KOTAK_108389,KOTAK_ACC_20040,KOTAK_ACC_20012,278.27,2026-01-10 22:17:16,TRANSFER,UPI,Kotak Mahindra Bank,IN,0,NORMAL_BANKING_FLOW
TX_KOTAK_108390,KOTAK_ACC_20225,BOB_ACC_20081,163.58,2026-01-11 00:03:15,TRANSFER,UPI,Kotak Mahindra Bank,IN,0,NORMAL_BANKING_FLOW
TX_KOTAK_108391,KOTAK_ACC_20014,KOTAK_ACC_20056,612.0,2026-01-11 00:30:30,TRANSFER,UPI,Kotak Mahindra Bank,IN,0,NORMAL_BANKING_FLOW
TX_KOTAK_108392,KOTAK_ACC_20095,KOTAK_ACC_20003,405.96,2026-01-10 17:55:57,TRANSFER,UPI,Kotak Mahindra Bank,IN,0,NORMAL_BANKING_FLOW
TX_KOTAK_108393,KOTAK_ACC_20230,KOTAK_ACC_20108,1570.76,2026-01-10 15:44:24,TRANSFER,UPI,Kotak Mahindra Bank,IN,0,NORMAL_BANKING_FLOW
TX_KOTAK_108394,KOTAK_ACC_20035,KOTAK_ACC_20188,338.08,2026-01-10 18:10:04,TRANSFER,UPI,Kotak Mahindra Bank,IN,0,NORMAL_BANKING_FLOW
TX_KOTAK_108395,KOTAK_ACC_20121,INDUS_ACC_20072,228.17,2026-01-10 21:15:48,TRANSFER,UPI,Kotak Mahindra Bank,IN,0,NORMAL_BANKING_FLOW
TX_KOTAK_108396,KOTAK_ACC_20105,KOTAK_ACC_20042,912.91,2026-01-10 20:50:00,TRANSFER,UPI,Kotak Mahindra Bank,IN,0,NORMAL_BANKING_FLOW
TX_KOTAK_108397,KOTAK_ACC_20246,KOTAK_ACC_20007,934.7,2026-01-10 23:03:20,TRANSFER,UPI,Kotak Mahindra Bank,IN,0,NORMAL_BANKING_FLOW
TX_KOTAK_108398,KOTAK_ACC_20205,KOTAK_ACC_20055,510.26,2026-01-10 18:38:30,TRANSFER,UPI,Kotak Mahindra Bank,IN,0,NORMAL_BANKING_FLOW
TX_KOTAK_108399,KOTAK_ACC_20073,INDUS_ACC_20166,765.93,2026-01-10 18:25:42,TRANSFER,UPI,Kotak Mahindra Bank,IN,0,NORMAL_BANKING_FLOW
TX_KOTAK_108400,KOTAK_ACC_20221,KOTAK_ACC_20241,432.62,2026-01-11 00:39:03,TRANSFER,UPI,Kotak Mahindra Bank,IN,0,NORMAL_BANKING_FLOW
TX_KOTAK_108401,KOTAK_ACC_20191,KOTAK_ACC_20051,537.59,2026-01-10 16:13:20,TRANSFER,UPI,Kotak Mahindra Bank,IN,0,NORMAL_BANKING_FLOW
TX_KOTAK_108402,KOTAK_ACC_20080,KOTAK_ACC_20081,1132.28,2026-01-10 20:00:36,TRANSFER,UPI,Kotak Mahindra Bank,IN,0,NORMAL_BANKING_FLOW
TX_KOTAK_108403,KOTAK_ACC_20131,KOTAK_ACC_20202,735.28,2026-01-10 16:13:58,TRANSFER,UPI,Kotak Mahindra Bank,IN,0,NORMAL_BANKING_FLOW
TX_KOTAK_108404,KOTAK_ACC_20172,KOTAK_ACC_20181,389.39,2026-01-10 22:15:38,TRANSFER,UPI,Kotak Mahindra Bank,IN,0,NORMAL_BANKING_FLOW
TX_KOTAK_108405,KOTAK_ACC_20148,KOTAK_ACC_20203,1315.39,2026-01-10 23:23:24,TRANSFER,UPI,Kotak Mahindra Bank,IN,0,NORMAL_BANKING_FLOW
TX_KOTAK_108406,KOTAK_ACC_20201,AXIS_ACC_20180,67.23,2026-01-10 21:10:05,TRANSFER,UPI,Kotak Mahindra Bank,IN,0,NORMAL_BANKING_FLOW
TX_KOTAK_108407,KOTAK_ACC_20080,KOTAK_ACC_20146,2302.29,2026-01-10 18:29:34,TRANSFER,UPI,Kotak Mahindra Bank,IN,0,NORMAL_BANKING_FLOW
TX_KOTAK_108408,KOTAK_ACC_20132,KOTAK_ACC_20035,113.89,2026-01-10 20:58:00,TRANSFER,UPI,Kotak Mahindra Bank,IN,0,NORMAL_BANKING_FLOW
TX_KOTAK_108409,KOTAK_ACC_20040,KOTAK_ACC_20228,269.97,2026-01-10 16:29:20,TRANSFER,UPI,Kotak Mahindra Bank,IN,0,NORMAL_BANKING_FLOW
TX_KOTAK_108410,KOTAK_ACC_20187,KOTAK_ACC_20090,431.5,2026-01-10 17:10:07,TRANSFER,UPI,Kotak Mahindra Bank,IN,0,NORMAL_BANKING_FLOW
TX_KOTAK_108411,KOTAK_ACC_20162,KOTAK_ACC_20185,396.56,2026-01-10 22:07:30,TRANSFER,IMPS,Kotak Mahindra Bank,IN,0,NORMAL_BANKING_FLOW
TX_KOTAK_108412,KOTAK_ACC_20033,KOTAK_ACC_20102,997.38,2026-01-10 18:04:57,TRANSFER,UPI,Kotak Mahindra Bank,IN,0,NORMAL_BANKING_FLOW
TX_KOTAK_108413,KOTAK_ACC_20017,KOTAK_ACC_20240,191.28,2026-01-10 21:14:52,TRANSFER,UPI,Kotak Mahindra Bank,IN,0,NORMAL_BANKING_FLOW
TX_KOTAK_108414,KOTAK_ACC_20014,KOTAK_ACC_20217,549.28,2026-01-10 21:29:06,TRANSFER,UPI,Kotak Mahindra Bank,IN,0,NORMAL_BANKING_FLOW
TX_KOTAK_108415,KOTAK_ACC_20019,KOTAK_ACC_20125,280.74,2026-01-10 22:10:30,TRANSFER,UPI,Kotak Mahindra Bank,IN,0,NORMAL_BANKING_FLOW
TX_KOTAK_108416,KOTAK_ACC_20143,KOTAK_ACC_20004,564.6,2026-01-10 17:26:00,TRANSFER,UPI,Kotak Mahindra Bank,IN,0,NORMAL_BANKING_FLOW
TX_KOTAK_108417,KOTAK_ACC_20092,KOTAK_ACC_20038,423.34,2026-01-11 00:14:24,TRANSFER,UPI,Kotak Mahindra Bank,IN,0,NORMAL_BANKING_FLOW
TX_KOTAK_108418,KOTAK_ACC_20171,KOTAK_ACC_20039,480.27,2026-01-10 19:42:58,TRANSFER,IMPS,Kotak Mahindra Bank,IN,0,NORMAL_BANKING_FLOW
TX_KOTAK_108419,KOTAK_ACC_20094,KOTAK_ACC_20184,287.17,2026-01-10 17:40:50,TRANSFER,UPI,Kotak Mahindra Bank,IN,0,NORMAL_BANKING_FLOW
TX_KOTAK_108420,KOTAK_ACC_20239,KOTAK_ACC_20100,296.47,2026-01-11 01:11:42,TRANSFER,UPI,Kotak Mahindra Bank,IN,0,NORMAL_BANKING_FLOW
TX_KOTAK_108421,KOTAK_ACC_20006,KOTAK_ACC_20111,561.05,2026-01-10 17:14:20,TRANSFER,UPI,Kotak Mahindra Bank,IN,0,NORMAL_BANKING_FLOW
TX_KOTAK_108422,KOTAK_ACC_20151,AXIS_ACC_20154,948.59,2026-01-11 01:13:38,TRANSFER,UPI,Kotak Mahindra Bank,IN,0,NORMAL_BANKING_FLOW
TX_KOTAK_108423,KOTAK_ACC_20119,KOTAK_ACC_20054,276.27,2026-01-10 16:06:36,TRANSFER,IMPS,Kotak Mahindra Bank,IN,0,NORMAL_BANKING_FLOW
TX_KOTAK_108424,KOTAK_ACC_20075,YES_ACC_20117,222.51,2026-01-11 01:01:51,TRANSFER,IMPS,Kotak Mahindra Bank,IN,0,NORMAL_BANKING_FLOW
TX_KOTAK_108425,KOTAK_ACC_20012,CANARA_ACC_20129,728.34,2026-01-11 01:16:32,TRANSFER,UPI,Kotak Mahindra Bank,IN,0,NORMAL_BANKING_FLOW
TX_KOTAK_108426,KOTAK_ACC_20102,KOTAK_ACC_20100,434.41,2026-01-10 17:30:00,TRANSFER,UPI,Kotak Mahindra Bank,IN,0,NORMAL_BANKING_FLOW
TX_KOTAK_108427,KOTAK_ACC_20176,KOTAK_ACC_20110,866.44,2026-01-10 20:56:54,TRANSFER,UPI,Kotak Mahindra Bank,IN,0,NORMAL_BANKING_FLOW
TX_KOTAK_108428,KOTAK_ACC_20174,PNB_ACC_20053,216.02,2026-01-11 01:19:26,TRANSFER,UPI,Kotak Mahindra Bank,IN,0,NORMAL_BANKING_FLOW
TX_KOTAK_108429,KOTAK_ACC_20040,INDUS_ACC_20231,107.39,2026-01-10 23:02:24,TRANSFER,UPI,Kotak Mahindra Bank,IN,0,NORMAL_BANKING_FLOW
TX_KOTAK_108430,KOTAK_ACC_20085,KOTAK_ACC_20086,291.08,2026-01-10 15:41:04,TRANSFER,UPI,Kotak Mahindra Bank,IN,0,NORMAL_BANKING_FLOW
TX_KOTAK_108431,KOTAK_ACC_20146,KOTAK_ACC_20047,241.51,2026-01-11 00:40:50,TRANSFER,UPI,Kotak Mahindra Bank,IN,0,NORMAL_BANKING_FLOW
TX_KOTAK_108432,KOTAK_ACC_20192,AXIS_ACC_20206,418.62,2026-01-10 21:00:09,TRANSFER,UPI,Kotak Mahindra Bank,IN,0,NORMAL_BANKING_FLOW
TX_KOTAK_108433,KOTAK_ACC_20188,CANARA_ACC_20062,267.88,2026-01-10 17:32:48,TRANSFER,UPI,Kotak Mahindra Bank,IN,0,NORMAL_BANKING_FLOW
TX_KOTAK_108434,KOTAK_ACC_20183,YES_ACC_20235,806.59,2026-01-11 00:43:35,TRANSFER,IMPS,Kotak Mahindra Bank,IN,0,NORMAL_BANKING_FLOW
TX_KOTAK_108435,KOTAK_ACC_20155,CANARA_ACC_20246,354.06,2026-01-10 23:21:06,TRANSFER,UPI,Kotak Mahindra Bank,IN,0,NORMAL_BANKING_FLOW
TX_KOTAK_108436,KOTAK_ACC_20069,KOTAK_ACC_20049,502.89,2026-01-10 16:10:30,TRANSFER,UPI,Kotak Mahindra Bank,IN,0,NORMAL_BANKING_FLOW
TX_KOTAK_108437,KOTAK_ACC_20064,KOTAK_ACC_20225,505.78,2026-01-11 01:28:08,TRANSFER,UPI,Kotak Mahindra Bank,IN,0,NORMAL_BANKING_FLOW
TX_KOTAK_108438,KOTAK_ACC_20026,KOTAK_ACC_20025,521.11,2026-01-10 21:45:54,TRANSFER,UPI,Kotak Mahindra Bank,IN,0,NORMAL_BANKING_FLOW
TX_KOTAK_108439,KOTAK_ACC_20190,KOTAK_ACC_20139,437.33,2026-01-10 19:54:52,TRANSFER,UPI,Kotak Mahindra Bank,IN,0,NORMAL_BANKING_FLOW
TX_KOTAK_108440,KOTAK_ACC_20222,KOTAK_ACC_20043,670.81,2026-01-10 16:11:42,TRANSFER,IMPS,Kotak Mahindra Bank,IN,0,NORMAL_BANKING_FLOW
TX_KOTAK_108441,KOTAK_ACC_20098,BOB_ACC_20178,235.92,2026-01-10 22:58:00,TRANSFER,UPI,Kotak Mahindra Bank,IN,0,NORMAL_BANKING_FLOW
TX_KOTAK_108442,KOTAK_ACC_20241,ICICI_ACC_20069,1365.85,2026-01-10 23:12:48,TRANSFER,IMPS,Kotak Mahindra Bank,IN,0,NORMAL_BANKING_FLOW
TX_KOTAK_108443,KOTAK_ACC_20065,AXIS_ACC_20174,368.99,2026-01-10 19:15:02,TRANSFER,UPI,Kotak Mahindra Bank,IN,0,NORMAL_BANKING_FLOW
TX_KOTAK_108444,KOTAK_ACC_20159,KOTAK_ACC_20133,156.14,2026-01-11 01:06:48,TRANSFER,UPI,Kotak Mahindra Bank,IN,0,NORMAL_BANKING_FLOW
TX_KOTAK_108445,KOTAK_ACC_20082,KOTAK_ACC_20022,518.25,2026-01-10 21:50:48,TRANSFER,UPI,Kotak Mahindra Bank,IN,0,NORMAL_BANKING_FLOW
TX_KOTAK_108446,KOTAK_ACC_20069,KOTAK_ACC_20144,225.67,2026-01-10 18:48:25,TRANSFER,UPI,Kotak Mahindra Bank,IN,0,NORMAL_BANKING_FLOW
TX_KOTAK_108447,KOTAK_ACC_20167,KOTAK_ACC_20025,759.2,2026-01-10 23:30:54,TRANSFER,UPI,Kotak Mahindra Bank,IN,0,NORMAL_BANKING_FLOW
TX_KOTAK_108448,KOTAK_ACC_20007,KOTAK_ACC_20149,2611.51,2026-01-10 23:31:43,TRANSFER,UPI,Kotak Mahindra Bank,IN,0,NORMAL_BANKING_FLOW
TX_KOTAK_108449,KOTAK_ACC_20107,KOTAK_ACC_20206,237.64,2026-01-10 18:21:36,TRANSFER,UPI,Kotak Mahindra Bank,IN,0,NORMAL_BANKING_FLOW
TX_KOTAK_108450,KOTAK_ACC_20202,CANARA_ACC_20247,581.67,2026-01-10 17:25:27,TRANSFER,UPI,Kotak Mahindra Bank,IN,0,NORMAL_BANKING_FLOW
TX_KOTAK_108451,KOTAK_ACC_20200,KOTAK_ACC_20249,109.46,2026-01-10 22:51:40,TRANSFER,UPI,Kotak Mahindra Bank,IN,0,NORMAL_BANKING_FLOW
TX_KOTAK_108452,KOTAK_ACC_20000,KOTAK_ACC_20173,641.06,2026-01-11 00:45:54,TRANSFER,UPI,Kotak Mahindra Bank,IN,0,NORMAL_BANKING_FLOW
TX_KOTAK_108453,KOTAK_ACC_20204,KOTAK_ACC_20098,219.52,2026-01-10 17:55:00,TRANSFER,UPI,Kotak Mahindra Bank,IN,0,NORMAL_BANKING_FLOW
TX_KOTAK_108454,KOTAK_ACC_20195,KOTAK_ACC_20007,270.46,2026-01-10 18:38:04,TRANSFER,UPI,Kotak Mahindra Bank,IN,0,NORMAL_BANKING_FLOW
TX_KOTAK_108455,KOTAK_ACC_20061,KOTAK_ACC_20094,184.74,2026-01-10 15:33:30,TRANSFER,UPI,Kotak Mahindra Bank,IN,0,NORMAL_BANKING_FLOW
TX_KOTAK_108456,KOTAK_ACC_20237,KOTAK_ACC_20208,800.89,2026-01-10 17:42:00,TRANSFER,UPI,Kotak Mahindra Bank,IN,0,NORMAL_BANKING_FLOW
TX_KOTAK_108457,KOTAK_ACC_20175,KOTAK_ACC_20017,998.09,2026-01-10 21:30:40,TRANSFER,UPI,Kotak Mahindra Bank,IN,0,NORMAL_BANKING_FLOW
TX_KOTAK_108458,KOTAK_ACC_20151,KOTAK_ACC_20020,454.28,2026-01-10 19:51:21,TRANSFER,UPI,Kotak Mahindra Bank,IN,0,NORMAL_BANKING_FLOW
TX_KOTAK_108459,KOTAK_ACC_20046,KOTAK_ACC_20141,223.29,2026-01-10 17:57:30,TRANSFER,UPI,Kotak Mahindra Bank,IN,0,NORMAL_BANKING_FLOW
TX_KOTAK_108460,KOTAK_ACC_20123,KOTAK_ACC_20214,1590.21,2026-01-11 00:38:47,TRANSFER,IMPS,Kotak Mahindra Bank,IN,0,NORMAL_BANKING_FLOW
TX_KOTAK_108461,KOTAK_ACC_20089,KOTAK_ACC_20230,244.61,2026-01-10 17:15:20,TRANSFER,UPI,Kotak Mahindra Bank,IN,0,NORMAL_BANKING_FLOW
TX_KOTAK_108462,KOTAK_ACC_20197,KOTAK_ACC_20162,79.07,2026-01-10 19:10:30,TRANSFER,UPI,Kotak Mahindra Bank,IN,0,NORMAL_BANKING_FLOW
TX_KOTAK_108463,KOTAK_ACC_20147,KOTAK_ACC_20003,643.36,2026-01-10 20:22:50,TRANSFER,UPI,Kotak Mahindra Bank,IN,0,NORMAL_BANKING_FLOW
TX_KOTAK_108464,KOTAK_ACC_20176,KOTAK_ACC_20148,184.23,2026-01-10 15:35:45,TRANSFER,UPI,Kotak Mahindra Bank,IN,0,NORMAL_BANKING_FLOW
TX_KOTAK_108465,KOTAK_ACC_20191,KOTAK_ACC_20118,983.27,2026-01-11 01:12:00,TRANSFER,IMPS,Kotak Mahindra Bank,IN,0,NORMAL_BANKING_FLOW
TX_KOTAK_108466,KOTAK_ACC_20215,AXIS_ACC_20210,328.68,2026-01-10 21:22:15,TRANSFER,IMPS,Kotak Mahindra Bank,IN,0,NORMAL_BANKING_FLOW
TX_KOTAK_108467,KOTAK_ACC_20217,KOTAK_ACC_20061,722.68,2026-01-10 18:15:16,TRANSFER,IMPS,Kotak Mahindra Bank,IN,0,NORMAL_BANKING_FLOW
TX_KOTAK_108468,KOTAK_ACC_20200,CANARA_ACC_20029,1368.13,2026-01-10 19:27:57,TRANSFER,IMPS,Kotak Mahindra Bank,IN,0,NORMAL_BANKING_FLOW
TX_KOTAK_108469,KOTAK_ACC_20080,KOTAK_ACC_20127,169.51,2026-01-10 21:09:44,TRANSFER,IMPS,Kotak Mahindra Bank,IN,0,NORMAL_BANKING_FLOW
TX_KOTAK_108470,KOTAK_ACC_20029,KOTAK_ACC_20161,283.51,2026-01-10 20:12:26,TRANSFER,UPI,Kotak Mahindra Bank,IN,0,NORMAL_BANKING_FLOW
TX_KOTAK_108471,KOTAK_ACC_20176,KOTAK_ACC_20002,419.67,2026-01-10 16:21:00,TRANSFER,IMPS,Kotak Mahindra Bank,IN,0,NORMAL_BANKING_FLOW
TX_KOTAK_108472,KOTAK_ACC_20136,SBI_ACC_20216,1525.44,2026-01-10 17:33:53,TRANSFER,UPI,Kotak Mahindra Bank,IN,0,NORMAL_BANKING_FLOW
TX_KOTAK_108473,KOTAK_ACC_20159,KOTAK_ACC_20188,263.3,2026-01-10 19:30:32,TRANSFER,UPI,Kotak Mahindra Bank,IN,0,NORMAL_BANKING_FLOW
TX_KOTAK_108474,KOTAK_ACC_20222,KOTAK_ACC_20186,277.11,2026-01-10 23:38:24,TRANSFER,UPI,Kotak Mahindra Bank,IN,0,NORMAL_BANKING_FLOW
TX_KOTAK_108475,KOTAK_ACC_20182,KOTAK_ACC_20029,653.61,2026-01-10 18:33:18,TRANSFER,UPI,Kotak Mahindra Bank,IN,0,NORMAL_BANKING_FLOW
TX_KOTAK_108476,KOTAK_ACC_20042,KOTAK_ACC_20171,280.96,2026-01-10 18:19:10,TRANSFER,UPI,Kotak Mahindra Bank,IN,0,NORMAL_BANKING_FLOW
TX_KOTAK_108477,KOTAK_ACC_20095,AXIS_ACC_20045,503.72,2026-01-11 02:06:48,TRANSFER,UPI,Kotak Mahindra Bank,IN,0,NORMAL_BANKING_FLOW
TX_KOTAK_108478,KOTAK_ACC_20139,KOTAK_ACC_20175,128.87,2026-01-10 19:33:07,TRANSFER,UPI,Kotak Mahindra Bank,IN,0,NORMAL_BANKING_FLOW
TX_KOTAK_108479,KOTAK_ACC_20115,KOTAK_ACC_20092,2621.4,2026-01-10 21:01:26,TRANSFER,UPI,Kotak Mahindra Bank,IN,0,NORMAL_BANKING_FLOW
TX_KOTAK_108480,KOTAK_ACC_20010,HDFC_ACC_20056,151.69,2026-01-10 17:51:36,TRANSFER,UPI,Kotak Mahindra Bank,IN,0,NORMAL_BANKING_FLOW
TX_KOTAK_108481,KOTAK_ACC_20119,KOTAK_ACC_20186,344.67,2026-01-10 17:22:40,TRANSFER,UPI,Kotak Mahindra Bank,IN,0,NORMAL_BANKING_FLOW
TX_KOTAK_108482,KOTAK_ACC_20244,AXIS_ACC_20042,434.42,2026-01-10 20:04:33,TRANSFER,UPI,Kotak Mahindra Bank,IN,0,NORMAL_BANKING_FLOW
TX_KOTAK_108483,KOTAK_ACC_20006,KOTAK_ACC_20194,2059.36,2026-01-10 21:33:18,TRANSFER,UPI,Kotak Mahindra Bank,IN,0,NORMAL_BANKING_FLOW
TX_KOTAK_108484,KOTAK_ACC_20129,KOTAK_ACC_20206,154.49,2026-01-10 16:54:20,TRANSFER,UPI,Kotak Mahindra Bank,IN,0,NORMAL_BANKING_FLOW
TX_KOTAK_108485,KOTAK_ACC_20119,BOB_ACC_20105,2179.75,2026-01-10 22:18:48,TRANSFER,IMPS,Kotak Mahindra Bank,IN,0,NORMAL_BANKING_FLOW
TX_KOTAK_108486,KOTAK_ACC_20001,KOTAK_ACC_20025,817.08,2026-01-10 17:39:15,TRANSFER,IMPS,Kotak Mahindra Bank,IN,0,NORMAL_BANKING_FLOW
TX_KOTAK_108487,KOTAK_ACC_20101,ICICI_ACC_20110,622.46,2026-01-10 20:51:36,TRANSFER,UPI,Kotak Mahindra Bank,IN,0,NORMAL_BANKING_FLOW
TX_KOTAK_108488,KOTAK_ACC_20004,KOTAK_ACC_20011,202.81,2026-01-10 22:35:41,TRANSFER,UPI,Kotak Mahindra Bank,IN,0,NORMAL_BANKING_FLOW
TX_KOTAK_108489,KOTAK_ACC_20021,KOTAK_ACC_20207,704.09,2026-01-11 01:19:12,TRANSFER,UPI,Kotak Mahindra Bank,IN,0,NORMAL_BANKING_FLOW
TX_KOTAK_108490,KOTAK_ACC_20219,KOTAK_ACC_20243,249.94,2026-01-10 20:53:24,TRANSFER,UPI,Kotak Mahindra Bank,IN,0,NORMAL_BANKING_FLOW
TX_KOTAK_108491,KOTAK_ACC_20202,KOTAK_ACC_20155,1228.23,2026-01-11 02:20:20,TRANSFER,UPI,Kotak Mahindra Bank,IN,0,NORMAL_BANKING_FLOW
TX_KOTAK_108492,KOTAK_ACC_20019,KOTAK_ACC_20088,205.03,2026-01-10 23:52:48,TRANSFER,UPI,Kotak Mahindra Bank,IN,0,NORMAL_BANKING_FLOW
TX_KOTAK_108493,KOTAK_ACC_20203,KOTAK_ACC_20135,407.27,2026-01-10 15:57:52,TRANSFER,UPI,Kotak Mahindra Bank,IN,0,NORMAL_BANKING_FLOW
TX_KOTAK_108494,KOTAK_ACC_20041,KOTAK_ACC_20106,285.94,2026-01-10 19:41:23,TRANSFER,UPI,Kotak Mahindra Bank,IN,0,NORMAL_BANKING_FLOW
TX_KOTAK_108495,KOTAK_ACC_20059,BOB_ACC_20064,202.35,2026-01-10 23:25:24,TRANSFER,UPI,Kotak Mahindra Bank,IN,0,NORMAL_BANKING_FLOW
TX_KOTAK_108496,KOTAK_ACC_20125,KOTAK_ACC_20001,806.78,2026-01-10 22:26:30,TRANSFER,UPI,Kotak Mahindra Bank,IN,0,NORMAL_BANKING_FLOW
TX_KOTAK_108497,KOTAK_ACC_20058,CANARA_ACC_20100,684.28,2026-01-11 00:26:40,TRANSFER,UPI,Kotak Mahindra Bank,IN,0,NORMAL_BANKING_FLOW
TX_KOTAK_108498,KOTAK_ACC_20212,KOTAK_ACC_20240,1172.87,2026-01-10 19:58:24,TRANSFER,UPI,Kotak Mahindra Bank,IN,0,NORMAL_BANKING_FLOW
TX_KOTAK_108499,KOTAK_ACC_20083,SBI_ACC_20021,107.35,2026-01-10 23:43:26,TRANSFER,UPI,Kotak Mahindra Bank,IN,0,NORMAL_BANKING_FLOW
TX_KOTAK_108500,KOTAK_ACC_20113,KOTAK_ACC_20165,1044.54,2026-01-10 23:29:14,TRANSFER,IMPS,Kotak Mahindra Bank,IN,0,NORMAL_BANKING_FLOW
TX_KOTAK_108501,KOTAK_ACC_20062,ICICI_ACC_20140,3308.86,2026-01-11 01:15:00,TRANSFER,IMPS,Kotak Mahindra Bank,IN,0,NORMAL_BANKING_FLOW
TX_KOTAK_108502,KOTAK_ACC_20030,BOB_ACC_20232,310.66,2026-01-10 18:30:26,TRANSFER,UPI,Kotak Mahindra Bank,IN,0,NORMAL_BANKING_FLOW
TX_KOTAK_108503,KOTAK_ACC_20092,KOTAK_ACC_20193,2030.67,2026-01-10 19:31:00,TRANSFER,UPI,Kotak Mahindra Bank,IN,0,NORMAL_BANKING_FLOW
TX_KOTAK_108504,KOTAK_ACC_20049,KOTAK_ACC_20110,361.21,2026-01-10 18:16:15,TRANSFER,UPI,Kotak Mahindra Bank,IN,0,NORMAL_BANKING_FLOW
TX_KOTAK_108505,KOTAK_ACC_20136,KOTAK_ACC_20227,148.72,2026-01-10 18:46:48,TRANSFER,UPI,Kotak Mahindra Bank,IN,0,NORMAL_BANKING_FLOW
TX_KOTAK_108506,KOTAK_ACC_20093,KOTAK_ACC_20077,349.15,2026-01-11 01:34:30,TRANSFER,UPI,Kotak Mahindra Bank,IN,0,NORMAL_BANKING_FLOW
TX_KOTAK_108507,KOTAK_ACC_20016,KOTAK_ACC_20121,1031.29,2026-01-10 16:16:42,TRANSFER,UPI,Kotak Mahindra Bank,IN,0,NORMAL_BANKING_FLOW
TX_KOTAK_108508,KOTAK_ACC_20069,CANARA_ACC_20205,228.03,2026-01-11 01:51:25,TRANSFER,UPI,Kotak Mahindra Bank,IN,0,NORMAL_BANKING_FLOW
TX_KOTAK_108509,KOTAK_ACC_20117,KOTAK_ACC_20100,275.81,2026-01-10 16:47:32,TRANSFER,UPI,Kotak Mahindra Bank,IN,0,NORMAL_BANKING_FLOW
TX_KOTAK_108510,KOTAK_ACC_20240,CANARA_ACC_20145,716.82,2026-01-10 20:04:48,TRANSFER,UPI,Kotak Mahindra Bank,IN,0,NORMAL_BANKING_FLOW
TX_KOTAK_108511,KOTAK_ACC_20142,KOTAK_ACC_20049,446.95,2026-01-10 22:37:00,TRANSFER,IMPS,Kotak Mahindra Bank,IN,0,NORMAL_BANKING_FLOW
TX_KOTAK_108512,KOTAK_ACC_20041,PNB_ACC_20212,711.73,2026-01-11 01:55:05,TRANSFER,UPI,Kotak Mahindra Bank,IN,0,NORMAL_BANKING_FLOW
TX_KOTAK_108513,KOTAK_ACC_20169,KOTAK_ACC_20078,539.3,2026-01-10 16:33:36,TRANSFER,UPI,Kotak Mahindra Bank,IN,0,NORMAL_BANKING_FLOW
TX_KOTAK_108514,KOTAK_ACC_20175,KOTAK_ACC_20063,654.39,2026-01-11 01:56:55,TRANSFER,UPI,Kotak Mahindra Bank,IN,0,NORMAL_BANKING_FLOW
TX_KOTAK_108515,KOTAK_ACC_20133,KOTAK_ACC_20015,315.5,2026-01-11 00:26:26,TRANSFER,IMPS,Kotak Mahindra Bank,IN,0,NORMAL_BANKING_FLOW
TX_KOTAK_108516,KOTAK_ACC_20192,PNB_ACC_20210,536.67,2026-01-10 17:35:30,TRANSFER,UPI,Kotak Mahindra Bank,IN,0,NORMAL_BANKING_FLOW
TX_KOTAK_108517,KOTAK_ACC_20127,YES_ACC_20118,212.32,2026-01-10 21:09:36,TRANSFER,UPI,Kotak Mahindra Bank,IN,0,NORMAL_BANKING_FLOW
TX_KOTAK_108518,KOTAK_ACC_20018,KOTAK_ACC_20087,1249.81,2026-01-10 22:57:11,TRANSFER,UPI,Kotak Mahindra Bank,IN,0,NORMAL_BANKING_FLOW
TX_KOTAK_108519,KOTAK_ACC_20102,HDFC_ACC_20123,268.43,2026-01-10 17:51:54,TRANSFER,UPI,Kotak Mahindra Bank,IN,0,NORMAL_BANKING_FLOW
TX_KOTAK_108520,KOTAK_ACC_20202,KOTAK_ACC_20108,1100.01,2026-01-10 16:20:23,TRANSFER,UPI,Kotak Mahindra Bank,IN,0,NORMAL_BANKING_FLOW
TX_KOTAK_108521,KOTAK_ACC_20238,CANARA_ACC_20194,369.86,2026-01-10 20:41:20,TRANSFER,UPI,Kotak Mahindra Bank,IN,0,NORMAL_BANKING_FLOW
TX_KOTAK_108522,KOTAK_ACC_20039,KOTAK_ACC_20143,524.06,2026-01-10 16:20:57,TRANSFER,UPI,Kotak Mahindra Bank,IN,0,NORMAL_BANKING_FLOW
TX_KOTAK_108523,KOTAK_ACC_20089,PNB_ACC_20115,300.07,2026-01-10 15:50:30,TRANSFER,UPI,Kotak Mahindra Bank,IN,0,NORMAL_BANKING_FLOW
TX_KOTAK_108524,KOTAK_ACC_20112,KOTAK_ACC_20034,197.79,2026-01-11 00:03:01,TRANSFER,IMPS,Kotak Mahindra Bank,IN,0,NORMAL_BANKING_FLOW
TX_KOTAK_108525,KOTAK_ACC_20186,KOTAK_ACC_20158,110.41,2026-01-10 20:59:00,TRANSFER,IMPS,Kotak Mahindra Bank,IN,0,NORMAL_BANKING_FLOW
TX_KOTAK_108526,KOTAK_ACC_20164,KOTAK_ACC_20136,191.66,2026-01-10 21:30:25,TRANSFER,UPI,Kotak Mahindra Bank,IN,0,NORMAL_BANKING_FLOW
TX_KOTAK_108527,KOTAK_ACC_20142,KOTAK_ACC_20060,344.08,2026-01-10 20:13:52,TRANSFER,UPI,Kotak Mahindra Bank,IN,0,NORMAL_BANKING_FLOW
TX_KOTAK_108528,KOTAK_ACC_20127,KOTAK_ACC_20117,528.21,2026-01-10 21:47:06,TRANSFER,UPI,Kotak Mahindra Bank,IN,0,NORMAL_BANKING_FLOW
TX_KOTAK_108529,KOTAK_ACC_20224,AXIS_ACC_20160,1000.55,2026-01-10 18:26:40,TRANSFER,UPI,Kotak Mahindra Bank,IN,0,NORMAL_BANKING_FLOW
TX_KOTAK_108530,KOTAK_ACC_20228,KOTAK_ACC_20004,312.12,2026-01-10 21:17:24,TRANSFER,UPI,Kotak Mahindra Bank,IN,0,NORMAL_BANKING_FLOW
TX_KOTAK_108531,KOTAK_ACC_20065,KOTAK_ACC_20209,220.18,2026-01-10 18:27:30,TRANSFER,UPI,Kotak Mahindra Bank,IN,0,NORMAL_BANKING_FLOW
TX_KOTAK_108532,KOTAK_ACC_20128,KOTAK_ACC_20108,140.59,2026-01-11 01:57:54,TRANSFER,UPI,Kotak Mahindra Bank,IN,0,NORMAL_BANKING_FLOW
TX_KOTAK_108533,KOTAK_ACC_20204,KOTAK_ACC_20196,654.62,2026-01-10 18:59:24,TRANSFER,UPI,Kotak Mahindra Bank,IN,0,NORMAL_BANKING_FLOW
TX_KOTAK_108534,KOTAK_ACC_20073,KOTAK_ACC_20174,1348.24,2026-01-10 22:06:27,TRANSFER,UPI,Kotak Mahindra Bank,IN,0,NORMAL_BANKING_FLOW
TX_KOTAK_108535,KOTAK_ACC_20142,KOTAK_ACC_20186,1227.9,2026-01-10 23:24:56,TRANSFER,UPI,Kotak Mahindra Bank,IN,0,NORMAL_BANKING_FLOW
TX_KOTAK_108536,KOTAK_ACC_20088,KOTAK_ACC_20061,786.78,2026-01-10 22:23:20,TRANSFER,UPI,Kotak Mahindra Bank,IN,0,NORMAL_BANKING_FLOW
TX_KOTAK_108537,KOTAK_ACC_20187,KOTAK_ACC_20169,743.1,2026-01-11 01:46:48,TRANSFER,UPI,Kotak Mahindra Bank,IN,0,NORMAL_BANKING_FLOW
TX_KOTAK_108538,KOTAK_ACC_20201,CANARA_ACC_20063,1733.85,2026-01-10 23:27:08,TRANSFER,UPI,Kotak Mahindra Bank,IN,0,NORMAL_BANKING_FLOW
TX_KOTAK_108539,KOTAK_ACC_20221,KOTAK_ACC_20060,581.53,2026-01-10 21:22:48,TRANSFER,IMPS,Kotak Mahindra Bank,IN,0,NORMAL_BANKING_FLOW
TX_KOTAK_108540,KOTAK_ACC_20240,KOTAK_ACC_20040,747.63,2026-01-10 20:52:06,TRANSFER,IMPS,Kotak Mahindra Bank,IN,0,NORMAL_BANKING_FLOW
TX_KOTAK_108541,KOTAK_ACC_20105,KOTAK_ACC_20062,344.94,2026-01-10 16:42:00,TRANSFER,IMPS,Kotak Mahindra Bank,IN,0,NORMAL_BANKING_FLOW
TX_KOTAK_108542,KOTAK_ACC_20029,KOTAK_ACC_20225,149.96,2026-01-10 20:21:52,TRANSFER,UPI,Kotak Mahindra Bank,IN,0,NORMAL_BANKING_FLOW
TX_KOTAK_108543,KOTAK_ACC_20101,KOTAK_ACC_20065,257.99,2026-01-10 18:01:06,TRANSFER,UPI,Kotak Mahindra Bank,IN,0,NORMAL_BANKING_FLOW
TX_KOTAK_108544,KOTAK_ACC_20045,YES_ACC_20054,442.6,2026-01-11 03:27:17,TRANSFER,IMPS,Kotak Mahindra Bank,IN,0,NORMAL_BANKING_FLOW
TX_KOTAK_108545,KOTAK_ACC_20222,KOTAK_ACC_20107,468.07,2026-01-10 22:29:20,TRANSFER,UPI,Kotak Mahindra Bank,IN,0,NORMAL_BANKING_FLOW
TX_KOTAK_108546,KOTAK_ACC_20049,KOTAK_ACC_20008,2081.88,2026-01-10 18:49:30,TRANSFER,IMPS,Kotak Mahindra Bank,IN,0,NORMAL_BANKING_FLOW
TX_KOTAK_108547,KOTAK_ACC_20093,KOTAK_ACC_20184,475.81,2026-01-10 20:40:18,TRANSFER,UPI,Kotak Mahindra Bank,IN,0,NORMAL_BANKING_FLOW
TX_KOTAK_108548,KOTAK_ACC_20226,KOTAK_ACC_20078,1144.9,2026-01-10 17:47:14,TRANSFER,UPI,Kotak Mahindra Bank,IN,0,NORMAL_BANKING_FLOW
TX_KOTAK_108549,KOTAK_ACC_20074,HDFC_ACC_20019,314.8,2026-01-10 19:22:24,TRANSFER,UPI,Kotak Mahindra Bank,IN,0,NORMAL_BANKING_FLOW
TX_KOTAK_108550,KOTAK_ACC_20067,PNB_ACC_20075,347.46,2026-01-10 17:32:09,TRANSFER,UPI,Kotak Mahindra Bank,IN,0,NORMAL_BANKING_FLOW
TX_KOTAK_108551,KOTAK_ACC_20164,KOTAK_ACC_20196,153.98,2026-01-11 01:27:30,TRANSFER,UPI,Kotak Mahindra Bank,IN,0,NORMAL_BANKING_FLOW
TX_KOTAK_108552,KOTAK_ACC_20136,ICICI_ACC_20219,246.2,2026-01-10 17:17:00,TRANSFER,UPI,Kotak Mahindra Bank,IN,0,NORMAL_BANKING_FLOW
TX_KOTAK_108553,KOTAK_ACC_20096,KOTAK_ACC_20028,679.65,2026-01-11 02:32:40,TRANSFER,UPI,Kotak Mahindra Bank,IN,0,NORMAL_BANKING_FLOW
TX_KOTAK_108554,KOTAK_ACC_20159,KOTAK_ACC_20233,448.56,2026-01-10 22:03:34,TRANSFER,UPI,Kotak Mahindra Bank,IN,0,NORMAL_BANKING_FLOW
TX_KOTAK_108555,KOTAK_ACC_20125,KOTAK_ACC_20044,948.0,2026-01-10 22:51:54,TRANSFER,UPI,Kotak Mahindra Bank,IN,0,NORMAL_BANKING_FLOW
TX_KOTAK_108556,KOTAK_ACC_20073,KOTAK_ACC_20153,515.43,2026-01-10 20:13:25,TRANSFER,UPI,Kotak Mahindra Bank,IN,0,NORMAL_BANKING_FLOW
TX_KOTAK_108557,KOTAK_ACC_20044,KOTAK_ACC_20187,336.31,2026-01-11 00:28:52,TRANSFER,IMPS,Kotak Mahindra Bank,IN,0,NORMAL_BANKING_FLOW
TX_KOTAK_108558,KOTAK_ACC_20166,BOB_ACC_20225,2486.52,2026-01-10 19:26:36,TRANSFER,UPI,Kotak Mahindra Bank,IN,0,NORMAL_BANKING_FLOW
TX_KOTAK_108559,KOTAK_ACC_20165,KOTAK_ACC_20030,413.59,2026-01-11 00:14:28,TRANSFER,UPI,Kotak Mahindra Bank,IN,0,NORMAL_BANKING_FLOW
TX_KOTAK_108560,KOTAK_ACC_20000,KOTAK_ACC_20081,1130.48,2026-01-10 22:07:22,TRANSFER,UPI,Kotak Mahindra Bank,IN,0,NORMAL_BANKING_FLOW
TX_KOTAK_108561,KOTAK_ACC_20241,KOTAK_ACC_20204,323.45,2026-01-10 17:52:00,TRANSFER,UPI,Kotak Mahindra Bank,IN,0,NORMAL_BANKING_FLOW
TX_KOTAK_108562,KOTAK_ACC_20071,KOTAK_ACC_20146,786.57,2026-01-11 00:48:48,TRANSFER,UPI,Kotak Mahindra Bank,IN,0,NORMAL_BANKING_FLOW
TX_KOTAK_108563,KOTAK_ACC_20229,KOTAK_ACC_20086,936.75,2026-01-10 18:56:52,TRANSFER,IMPS,Kotak Mahindra Bank,IN,0,NORMAL_BANKING_FLOW
TX_KOTAK_108564,KOTAK_ACC_20142,KOTAK_ACC_20083,526.79,2026-01-10 23:46:12,TRANSFER,UPI,Kotak Mahindra Bank,IN,0,NORMAL_BANKING_FLOW
TX_KOTAK_108565,KOTAK_ACC_20006,HDFC_ACC_20035,67.79,2026-01-10 19:13:48,TRANSFER,IMPS,Kotak Mahindra Bank,IN,0,NORMAL_BANKING_FLOW
TX_KOTAK_108566,KOTAK_ACC_20076,AXIS_ACC_20190,452.42,2026-01-10 20:18:35,TRANSFER,UPI,Kotak Mahindra Bank,IN,0,NORMAL_BANKING_FLOW
TX_KOTAK_108567,KOTAK_ACC_20174,YES_ACC_20240,1193.17,2026-01-11 00:04:30,TRANSFER,UPI,Kotak Mahindra Bank,IN,0,NORMAL_BANKING_FLOW
TX_KOTAK_108568,KOTAK_ACC_20190,KOTAK_ACC_20210,679.93,2026-01-10 18:42:55,TRANSFER,UPI,Kotak Mahindra Bank,IN,0,NORMAL_BANKING_FLOW
TX_KOTAK_108569,KOTAK_ACC_20068,KOTAK_ACC_20003,636.94,2026-01-11 02:47:20,TRANSFER,UPI,Kotak Mahindra Bank,IN,0,NORMAL_BANKING_FLOW
TX_KOTAK_108570,KOTAK_ACC_20190,KOTAK_ACC_20029,112.41,2026-01-10 23:18:18,TRANSFER,UPI,Kotak Mahindra Bank,IN,0,NORMAL_BANKING_FLOW
TX_KOTAK_108571,KOTAK_ACC_20221,KOTAK_ACC_20105,250.54,2026-01-10 16:18:40,TRANSFER,UPI,Kotak Mahindra Bank,IN,0,NORMAL_BANKING_FLOW
TX_KOTAK_108572,KOTAK_ACC_20233,KOTAK_ACC_20026,619.61,2026-01-10 20:05:30,TRANSFER,UPI,Kotak Mahindra Bank,IN,0,NORMAL_BANKING_FLOW
TX_KOTAK_108573,KOTAK_ACC_20203,KOTAK_ACC_20234,619.12,2026-01-10 18:28:48,TRANSFER,UPI,Kotak Mahindra Bank,IN,0,NORMAL_BANKING_FLOW
TX_KOTAK_108574,KOTAK_ACC_20179,KOTAK_ACC_20098,1178.19,2026-01-11 00:25:58,TRANSFER,UPI,Kotak Mahindra Bank,IN,0,NORMAL_BANKING_FLOW
TX_KOTAK_108575,KOTAK_ACC_20019,PNB_ACC_20112,397.07,2026-01-10 21:44:24,TRANSFER,UPI,Kotak Mahindra Bank,IN,0,NORMAL_BANKING_FLOW
TX_KOTAK_108576,KOTAK_ACC_20002,KOTAK_ACC_20231,616.87,2026-01-10 17:25:00,TRANSFER,UPI,Kotak Mahindra Bank,IN,0,NORMAL_BANKING_FLOW
TX_KOTAK_108577,KOTAK_ACC_20035,AXIS_ACC_20020,451.74,2026-01-10 18:46:40,TRANSFER,UPI,Kotak Mahindra Bank,IN,0,NORMAL_BANKING_FLOW
TX_KOTAK_108578,KOTAK_ACC_20232,KOTAK_ACC_20013,202.44,2026-01-10 23:07:37,TRANSFER,UPI,Kotak Mahindra Bank,IN,0,NORMAL_BANKING_FLOW
TX_KOTAK_108579,KOTAK_ACC_20123,KOTAK_ACC_20238,73.36,2026-01-10 19:03:48,TRANSFER,IMPS,Kotak Mahindra Bank,IN,0,NORMAL_BANKING_FLOW
TX_KOTAK_108580,KOTAK_ACC_20202,BOB_ACC_20246,629.43,2026-01-11 02:41:06,TRANSFER,UPI,Kotak Mahindra Bank,IN,0,NORMAL_BANKING_FLOW
TX_KOTAK_108581,KOTAK_ACC_20028,SBI_ACC_20141,512.43,2026-01-10 19:53:40,TRANSFER,UPI,Kotak Mahindra Bank,IN,0,NORMAL_BANKING_FLOW
TX_KOTAK_108582,KOTAK_ACC_20067,BOB_ACC_20075,271.91,2026-01-10 22:54:00,TRANSFER,IMPS,Kotak Mahindra Bank,IN,0,NORMAL_BANKING_FLOW
TX_KOTAK_108583,KOTAK_ACC_20217,KOTAK_ACC_20101,122.08,2026-01-10 18:32:48,TRANSFER,UPI,Kotak Mahindra Bank,IN,0,NORMAL_BANKING_FLOW
TX_KOTAK_108584,KOTAK_ACC_20208,KOTAK_ACC_20248,737.89,2026-01-10 22:38:57,TRANSFER,UPI,Kotak Mahindra Bank,IN,0,NORMAL_BANKING_FLOW
TX_KOTAK_108585,KOTAK_ACC_20066,KOTAK_ACC_20239,360.42,2026-01-10 23:45:12,TRANSFER,UPI,Kotak Mahindra Bank,IN,0,NORMAL_BANKING_FLOW
TX_KOTAK_108586,KOTAK_ACC_20073,KOTAK_ACC_20215,696.1,2026-01-10 16:55:30,TRANSFER,UPI,Kotak Mahindra Bank,IN,0,NORMAL_BANKING_FLOW
TX_KOTAK_108587,KOTAK_ACC_20100,KOTAK_ACC_20122,1980.77,2026-01-10 20:45:52,TRANSFER,UPI,Kotak Mahindra Bank,IN,0,NORMAL_BANKING_FLOW
TX_KOTAK_108588,KOTAK_ACC_20043,KOTAK_ACC_20217,80.39,2026-01-10 19:57:03,TRANSFER,UPI,Kotak Mahindra Bank,IN,0,NORMAL_BANKING_FLOW
TX_KOTAK_108589,KOTAK_ACC_20017,INDUS_ACC_20148,254.76,2026-01-11 01:26:52,TRANSFER,IMPS,Kotak Mahindra Bank,IN,0,NORMAL_BANKING_FLOW
TX_KOTAK_108590,KOTAK_ACC_20180,INDUS_ACC_20189,377.1,2026-01-10 22:26:22,TRANSFER,UPI,Kotak Mahindra Bank,IN,0,NORMAL_BANKING_FLOW
TX_KOTAK_108591,KOTAK_ACC_20153,KOTAK_ACC_20082,1427.76,2026-01-11 02:34:30,TRANSFER,UPI,Kotak Mahindra Bank,IN,0,NORMAL_BANKING_FLOW
TX_KOTAK_108592,KOTAK_ACC_20111,KOTAK_ACC_20193,120.41,2026-01-11 03:41:27,TRANSFER,UPI,Kotak Mahindra Bank,IN,0,NORMAL_BANKING_FLOW
TX_KOTAK_108593,KOTAK_ACC_20155,KOTAK_ACC_20151,2097.89,2026-01-11 00:40:32,TRANSFER,UPI,Kotak Mahindra Bank,IN,0,NORMAL_BANKING_FLOW
TX_KOTAK_108594,KOTAK_ACC_20080,KOTAK_ACC_20148,497.05,2026-01-10 19:59:57,TRANSFER,UPI,Kotak Mahindra Bank,IN,0,NORMAL_BANKING_FLOW
TX_KOTAK_108595,KOTAK_ACC_20153,KOTAK_ACC_20218,412.9,2026-01-11 00:25:30,TRANSFER,UPI,Kotak Mahindra Bank,IN,0,NORMAL_BANKING_FLOW
TX_KOTAK_108596,KOTAK_ACC_20111,KOTAK_ACC_20079,380.53,2026-01-10 19:44:20,TRANSFER,UPI,Kotak Mahindra Bank,IN,0,NORMAL_BANKING_FLOW
TX_KOTAK_108597,KOTAK_ACC_20094,KOTAK_ACC_20155,314.5,2026-01-11 03:13:00,TRANSFER,UPI,Kotak Mahindra Bank,IN,0,NORMAL_BANKING_FLOW
TX_KOTAK_108598,KOTAK_ACC_20137,KOTAK_ACC_20001,1031.22,2026-01-10 20:51:44,TRANSFER,UPI,Kotak Mahindra Bank,IN,0,NORMAL_BANKING_FLOW
TX_KOTAK_108599,KOTAK_ACC_20058,KOTAK_ACC_20061,189.65,2026-01-10 20:52:16,TRANSFER,UPI,Kotak Mahindra Bank,IN,0,NORMAL_BANKING_FLOW
TX_KOTAK_108600,KOTAK_ACC_20111,ICICI_ACC_20135,587.77,2026-01-10 21:59:24,TRANSFER,IMPS,Kotak Mahindra Bank,IN,0,NORMAL_BANKING_FLOW
TX_KOTAK_108601,KOTAK_ACC_20161,KOTAK_ACC_20162,327.88,2026-01-10 22:16:40,TRANSFER,UPI,Kotak Mahindra Bank,IN,0,NORMAL_BANKING_FLOW
TX_KOTAK_108602,KOTAK_ACC_20003,YES_ACC_20054,242.33,2026-01-10 22:50:39,TRANSFER,UPI,Kotak Mahindra Bank,IN,0,NORMAL_BANKING_FLOW
TX_KOTAK_108603,KOTAK_ACC_20119,YES_ACC_20004,3529.04,2026-01-10 22:17:54,TRANSFER,UPI,Kotak Mahindra Bank,IN,0,NORMAL_BANKING_FLOW
TX_KOTAK_108604,KOTAK_ACC_20020,HDFC_ACC_20014,623.43,2026-01-11 00:48:58,TRANSFER,UPI,Kotak Mahindra Bank,IN,0,NORMAL_BANKING_FLOW
TX_KOTAK_108605,KOTAK_ACC_20033,KOTAK_ACC_20170,728.23,2026-01-10 17:34:40,TRANSFER,UPI,Kotak Mahindra Bank,IN,0,NORMAL_BANKING_FLOW
TX_KOTAK_108606,KOTAK_ACC_20214,KOTAK_ACC_20235,1107.9,2026-01-10 18:25:15,TRANSFER,UPI,Kotak Mahindra Bank,IN,0,NORMAL_BANKING_FLOW
TX_KOTAK_108607,KOTAK_ACC_20224,PNB_ACC_20088,143.01,2026-01-10 17:52:06,TRANSFER,UPI,Kotak Mahindra Bank,IN,0,NORMAL_BANKING_FLOW
TX_KOTAK_108608,KOTAK_ACC_20128,KOTAK_ACC_20202,1811.36,2026-01-11 02:32:44,TRANSFER,UPI,Kotak Mahindra Bank,IN,0,NORMAL_BANKING_FLOW
TX_KOTAK_108609,KOTAK_ACC_20082,KOTAK_ACC_20061,59.91,2026-01-11 02:50:24,TRANSFER,UPI,Kotak Mahindra Bank,IN,0,NORMAL_BANKING_FLOW
TX_KOTAK_108610,KOTAK_ACC_20070,KOTAK_ACC_20121,241.05,2026-01-10 22:05:24,TRANSFER,UPI,Kotak Mahindra Bank,IN,0,NORMAL_BANKING_FLOW
TX_KOTAK_108611,KOTAK_ACC_20241,KOTAK_ACC_20009,308.82,2026-01-11 00:20:40,TRANSFER,UPI,Kotak Mahindra Bank,IN,0,NORMAL_BANKING_FLOW
TX_KOTAK_108612,KOTAK_ACC_20106,INDUS_ACC_20198,710.08,2026-01-11 00:04:33,TRANSFER,UPI,Kotak Mahindra Bank,IN,0,NORMAL_BANKING_FLOW
TX_KOTAK_108613,KOTAK_ACC_20057,KOTAK_ACC_20221,531.11,2026-01-10 21:50:20,TRANSFER,UPI,Kotak Mahindra Bank,IN,0,NORMAL_BANKING_FLOW
TX_KOTAK_108614,KOTAK_ACC_20191,INDUS_ACC_20186,390.16,2026-01-10 20:43:23,TRANSFER,UPI,Kotak Mahindra Bank,IN,0,NORMAL_BANKING_FLOW
TX_KOTAK_108615,KOTAK_ACC_20043,KOTAK_ACC_20085,441.6,2026-01-10 18:45:36,TRANSFER,UPI,Kotak Mahindra Bank,IN,0,NORMAL_BANKING_FLOW
TX_KOTAK_108616,KOTAK_ACC_20107,KOTAK_ACC_20152,203.89,2026-01-11 02:05:50,TRANSFER,UPI,Kotak Mahindra Bank,IN,0,NORMAL_BANKING_FLOW
TX_KOTAK_108617,KOTAK_ACC_20168,KOTAK_ACC_20083,134.59,2026-01-11 03:31:20,TRANSFER,UPI,Kotak Mahindra Bank,IN,0,NORMAL_BANKING_FLOW
TX_KOTAK_108618,KOTAK_ACC_20218,KOTAK_ACC_20192,797.28,2026-01-10 19:03:45,TRANSFER,IMPS,Kotak Mahindra Bank,IN,0,NORMAL_BANKING_FLOW
TX_KOTAK_108619,KOTAK_ACC_20159,KOTAK_ACC_20176,776.63,2026-01-11 03:33:10,TRANSFER,IMPS,Kotak Mahindra Bank,IN,0,NORMAL_BANKING_FLOW
TX_KOTAK_108620,KOTAK_ACC_20041,KOTAK_ACC_20160,1583.82,2026-01-10 23:53:18,TRANSFER,UPI,Kotak Mahindra Bank,IN,0,NORMAL_BANKING_FLOW
TX_KOTAK_108621,KOTAK_ACC_20173,SBI_ACC_20036,236.98,2026-01-10 23:20:00,TRANSFER,UPI,Kotak Mahindra Bank,IN,0,NORMAL_BANKING_FLOW
TX_KOTAK_108622,KOTAK_ACC_20170,KOTAK_ACC_20068,776.08,2026-01-10 17:06:18,TRANSFER,UPI,Kotak Mahindra Bank,IN,0,NORMAL_BANKING_FLOW
TX_KOTAK_108623,KOTAK_ACC_20015,KOTAK_ACC_20195,355.33,2026-01-10 16:49:34,TRANSFER,UPI,Kotak Mahindra Bank,IN,0,NORMAL_BANKING_FLOW
TX_KOTAK_108624,KOTAK_ACC_20182,KOTAK_ACC_20032,1155.61,2026-01-10 17:41:00,TRANSFER,UPI,Kotak Mahindra Bank,IN,0,NORMAL_BANKING_FLOW
TX_KOTAK_108625,KOTAK_ACC_20144,CANARA_ACC_20227,1009.86,2026-01-10 21:23:12,TRANSFER,UPI,Kotak Mahindra Bank,IN,0,NORMAL_BANKING_FLOW
TX_KOTAK_108626,KOTAK_ACC_20177,KOTAK_ACC_20017,527.93,2026-01-10 21:57:55,TRANSFER,UPI,Kotak Mahindra Bank,IN,0,NORMAL_BANKING_FLOW
TX_KOTAK_108627,KOTAK_ACC_20172,CANARA_ACC_20096,339.81,2026-01-11 05:06:00,TRANSFER,IMPS,Kotak Mahindra Bank,IN,0,NORMAL_BANKING_FLOW
TX_KOTAK_108628,KOTAK_ACC_20041,KOTAK_ACC_20107,961.74,2026-01-11 05:07:00,TRANSFER,UPI,Kotak Mahindra Bank,IN,0,NORMAL_BANKING_FLOW
TX_KOTAK_108629,KOTAK_ACC_20185,KOTAK_ACC_20042,748.09,2026-01-10 17:25:32,TRANSFER,UPI,Kotak Mahindra Bank,IN,0,NORMAL_BANKING_FLOW
TX_KOTAK_108630,KOTAK_ACC_20130,KOTAK_ACC_20005,257.87,2026-01-10 16:34:24,TRANSFER,UPI,Kotak Mahindra Bank,IN,0,NORMAL_BANKING_FLOW
TX_KOTAK_108631,KOTAK_ACC_20052,KOTAK_ACC_20105,154.12,2026-01-10 23:26:40,TRANSFER,UPI,Kotak Mahindra Bank,IN,0,NORMAL_BANKING_FLOW
TX_KOTAK_108632,KOTAK_ACC_20153,KOTAK_ACC_20126,353.96,2026-01-10 17:26:29,TRANSFER,UPI,Kotak Mahindra Bank,IN,0,NORMAL_BANKING_FLOW
TX_KOTAK_108633,KOTAK_ACC_20133,KOTAK_ACC_20097,1498.67,2026-01-10 19:44:24,TRANSFER,UPI,Kotak Mahindra Bank,IN,0,NORMAL_BANKING_FLOW
TX_KOTAK_108634,KOTAK_ACC_20228,AXIS_ACC_20177,1115.65,2026-01-10 22:37:01,TRANSFER,IMPS,Kotak Mahindra Bank,IN,0,NORMAL_BANKING_FLOW
TX_KOTAK_108635,KOTAK_ACC_20026,HDFC_ACC_20123,183.12,2026-01-11 01:29:58,TRANSFER,UPI,Kotak Mahindra Bank,IN,0,NORMAL_BANKING_FLOW
TX_KOTAK_108636,KOTAK_ACC_20206,KOTAK_ACC_20062,175.18,2026-01-10 17:45:00,TRANSFER,UPI,Kotak Mahindra Bank,IN,0,NORMAL_BANKING_FLOW
TX_KOTAK_108637,KOTAK_ACC_20188,AXIS_ACC_20015,1236.14,2026-01-10 19:46:12,TRANSFER,IMPS,Kotak Mahindra Bank,IN,0,NORMAL_BANKING_FLOW
TX_KOTAK_108638,KOTAK_ACC_20074,KOTAK_ACC_20136,179.74,2026-01-11 01:32:19,TRANSFER,UPI,Kotak Mahindra Bank,IN,0,NORMAL_BANKING_FLOW
TX_KOTAK_108639,KOTAK_ACC_20107,KOTAK_ACC_20222,670.11,2026-01-11 04:08:48,TRANSFER,UPI,Kotak Mahindra Bank,IN,0,NORMAL_BANKING_FLOW
TX_KOTAK_108640,KOTAK_ACC_20046,KOTAK_ACC_20162,272.36,2026-01-11 00:07:18,TRANSFER,UPI,Kotak Mahindra Bank,IN,0,NORMAL_BANKING_FLOW
TX_KOTAK_108641,KOTAK_ACC_20022,KOTAK_ACC_20234,1625.61,2026-01-11 03:18:40,TRANSFER,IMPS,Kotak Mahindra Bank,IN,0,NORMAL_BANKING_FLOW
TX_KOTAK_108642,KOTAK_ACC_20187,KOTAK_ACC_20233,240.73,2026-01-11 02:27:30,TRANSFER,UPI,Kotak Mahindra Bank,IN,0,NORMAL_BANKING_FLOW
TX_KOTAK_108643,KOTAK_ACC_20061,CANARA_ACC_20185,1112.86,2026-01-10 17:29:58,TRANSFER,UPI,Kotak Mahindra Bank,IN,0,NORMAL_BANKING_FLOW
TX_KOTAK_108644,KOTAK_ACC_20117,CANARA_ACC_20061,516.92,2026-01-10 23:52:43,TRANSFER,UPI,Kotak Mahindra Bank,IN,0,NORMAL_BANKING_FLOW
TX_KOTAK_108645,KOTAK_ACC_20244,KOTAK_ACC_20079,545.53,2026-01-10 23:53:24,TRANSFER,UPI,Kotak Mahindra Bank,IN,0,NORMAL_BANKING_FLOW
TX_KOTAK_108646,KOTAK_ACC_20084,KOTAK_ACC_20014,92.18,2026-01-10 22:44:25,TRANSFER,UPI,Kotak Mahindra Bank,IN,0,NORMAL_BANKING_FLOW
TX_KOTAK_108647,KOTAK_ACC_20246,KOTAK_ACC_20157,76.53,2026-01-10 20:08:08,TRANSFER,UPI,Kotak Mahindra Bank,IN,0,NORMAL_BANKING_FLOW
TX_KOTAK_108648,KOTAK_ACC_20178,KOTAK_ACC_20091,373.74,2026-01-10 22:28:12,TRANSFER,UPI,Kotak Mahindra Bank,IN,0,NORMAL_BANKING_FLOW
TX_KOTAK_108649,KOTAK_ACC_20012,KOTAK_ACC_20160,543.23,2026-01-10 18:24:16,TRANSFER,UPI,Kotak Mahindra Bank,IN,0,NORMAL_BANKING_FLOW
TX_KOTAK_108650,KOTAK_ACC_20095,KOTAK_ACC_20211,181.24,2026-01-10 20:09:32,TRANSFER,UPI,Kotak Mahindra Bank,IN,0,NORMAL_BANKING_FLOW
TX_KOTAK_108651,KOTAK_ACC_20187,AXIS_ACC_20176,186.61,2026-01-10 17:15:00,TRANSFER,UPI,Kotak Mahindra Bank,IN,0,NORMAL_BANKING_FLOW
TX_KOTAK_108652,KOTAK_ACC_20242,AXIS_ACC_20093,698.67,2026-01-10 20:45:30,TRANSFER,UPI,Kotak Mahindra Bank,IN,0,NORMAL_BANKING_FLOW
TX_KOTAK_108653,KOTAK_ACC_20017,KOTAK_ACC_20168,699.44,2026-01-11 04:56:56,TRANSFER,UPI,Kotak Mahindra Bank,IN,0,NORMAL_BANKING_FLOW
TX_KOTAK_108654,KOTAK_ACC_20191,CANARA_ACC_20005,399.34,2026-01-11 02:02:24,TRANSFER,UPI,Kotak Mahindra Bank,IN,0,NORMAL_BANKING_FLOW
TX_KOTAK_108655,KOTAK_ACC_20004,KOTAK_ACC_20205,832.27,2026-01-10 19:01:36,TRANSFER,UPI,Kotak Mahindra Bank,IN,0,NORMAL_BANKING_FLOW
TX_KOTAK_108656,KOTAK_ACC_20112,KOTAK_ACC_20027,174.28,2026-01-11 00:18:30,TRANSFER,UPI,Kotak Mahindra Bank,IN,0,NORMAL_BANKING_FLOW
TX_KOTAK_108657,KOTAK_ACC_20031,PNB_ACC_20078,335.38,2026-01-10 22:16:00,TRANSFER,UPI,Kotak Mahindra Bank,IN,0,NORMAL_BANKING_FLOW
TX_KOTAK_108658,KOTAK_ACC_20040,KOTAK_ACC_20240,1666.2,2026-01-11 01:47:59,TRANSFER,UPI,Kotak Mahindra Bank,IN,0,NORMAL_BANKING_FLOW
TX_KOTAK_108659,KOTAK_ACC_20143,PNB_ACC_20169,470.91,2026-01-11 00:02:58,TRANSFER,IMPS,Kotak Mahindra Bank,IN,0,NORMAL_BANKING_FLOW
TX_KOTAK_108660,KOTAK_ACC_20224,CANARA_ACC_20063,493.27,2026-01-10 18:45:57,TRANSFER,UPI,Kotak Mahindra Bank,IN,0,NORMAL_BANKING_FLOW
TX_KOTAK_108661,KOTAK_ACC_20072,KOTAK_ACC_20146,2820.75,2026-01-10 17:18:00,TRANSFER,UPI,Kotak Mahindra Bank,IN,0,NORMAL_BANKING_FLOW
TX_KOTAK_108662,KOTAK_ACC_20235,KOTAK_ACC_20042,145.55,2026-01-10 22:18:55,TRANSFER,UPI,Kotak Mahindra Bank,IN,0,NORMAL_BANKING_FLOW
TX_KOTAK_108663,KOTAK_ACC_20058,INDUS_ACC_20129,843.15,2026-01-11 04:48:54,TRANSFER,UPI,Kotak Mahindra Bank,IN,0,NORMAL_BANKING_FLOW
TX_KOTAK_108664,KOTAK_ACC_20118,ICICI_ACC_20095,1687.81,2026-01-11 03:56:42,TRANSFER,UPI,Kotak Mahindra Bank,IN,0,NORMAL_BANKING_FLOW
TX_KOTAK_108665,KOTAK_ACC_20067,KOTAK_ACC_20197,343.82,2026-01-11 02:28:56,TRANSFER,UPI,Kotak Mahindra Bank,IN,0,NORMAL_BANKING_FLOW
TX_KOTAK_108666,KOTAK_ACC_20021,KOTAK_ACC_20228,886.88,2026-01-11 02:47:30,TRANSFER,UPI,Kotak Mahindra Bank,IN,0,NORMAL_BANKING_FLOW
TX_KOTAK_108667,KOTAK_ACC_20245,KOTAK_ACC_20154,203.24,2026-01-11 05:46:00,TRANSFER,UPI,Kotak Mahindra Bank,IN,0,NORMAL_BANKING_FLOW
TX_KOTAK_108668,KOTAK_ACC_20098,KOTAK_ACC_20085,257.4,2026-01-10 22:57:59,TRANSFER,IMPS,Kotak Mahindra Bank,IN,0,NORMAL_BANKING_FLOW
TX_KOTAK_108669,KOTAK_ACC_20191,PNB_ACC_20080,606.66,2026-01-11 04:01:12,TRANSFER,UPI,Kotak Mahindra Bank,IN,0,NORMAL_BANKING_FLOW
TX_KOTAK_108670,KOTAK_ACC_20075,YES_ACC_20064,844.59,2026-01-10 23:52:40,TRANSFER,UPI,Kotak Mahindra Bank,IN,0,NORMAL_BANKING_FLOW
TX_KOTAK_108671,KOTAK_ACC_20211,KOTAK_ACC_20007,1093.07,2026-01-10 22:24:10,TRANSFER,UPI,Kotak Mahindra Bank,IN,0,NORMAL_BANKING_FLOW
TX_KOTAK_108672,KOTAK_ACC_20094,KOTAK_ACC_20224,1565.1,2026-01-10 21:13:21,TRANSFER,UPI,Kotak Mahindra Bank,IN,0,NORMAL_BANKING_FLOW
TX_KOTAK_108673,KOTAK_ACC_20224,BOB_ACC_20096,422.44,2026-01-10 19:08:48,TRANSFER,IMPS,Kotak Mahindra Bank,IN,0,NORMAL_BANKING_FLOW
TX_KOTAK_108674,KOTAK_ACC_20084,KOTAK_ACC_20228,1158.51,2026-01-11 01:42:38,TRANSFER,UPI,Kotak Mahindra Bank,IN,0,NORMAL_BANKING_FLOW
TX_KOTAK_108675,KOTAK_ACC_20128,KOTAK_ACC_20196,339.05,2026-01-10 16:28:30,TRANSFER,UPI,Kotak Mahindra Bank,IN,0,NORMAL_BANKING_FLOW
TX_KOTAK_108676,KOTAK_ACC_20088,HDFC_ACC_20228,917.52,2026-01-11 01:44:10,TRANSFER,UPI,Kotak Mahindra Bank,IN,0,NORMAL_BANKING_FLOW
TX_KOTAK_108677,KOTAK_ACC_20115,AXIS_ACC_20108,526.36,2026-01-11 05:20:08,TRANSFER,UPI,Kotak Mahindra Bank,IN,0,NORMAL_BANKING_FLOW
TX_KOTAK_108678,KOTAK_ACC_20164,SBI_ACC_20190,636.86,2026-01-11 01:45:42,TRANSFER,UPI,Kotak Mahindra Bank,IN,0,NORMAL_BANKING_FLOW
TX_KOTAK_108679,KOTAK_ACC_20178,KOTAK_ACC_20205,625.66,2026-01-10 18:53:14,TRANSFER,IMPS,Kotak Mahindra Bank,IN,0,NORMAL_BANKING_FLOW
TX_KOTAK_108680,KOTAK_ACC_20019,KOTAK_ACC_20231,123.5,2026-01-11 05:41:01,TRANSFER,UPI,Kotak Mahindra Bank,IN,0,NORMAL_BANKING_FLOW
TX_KOTAK_108681,KOTAK_ACC_20162,KOTAK_ACC_20069,181.4,2026-01-11 06:00:00,TRANSFER,UPI,Kotak Mahindra Bank,IN,0,NORMAL_BANKING_FLOW
TX_KOTAK_108682,KOTAK_ACC_20010,KOTAK_ACC_20028,483.97,2026-01-11 05:42:59,TRANSFER,IMPS,Kotak Mahindra Bank,IN,0,NORMAL_BANKING_FLOW
TX_KOTAK_108683,KOTAK_ACC_20169,KOTAK_ACC_20192,115.6,2026-01-11 00:19:22,TRANSFER,UPI,Kotak Mahindra Bank,IN,0,NORMAL_BANKING_FLOW
TX_KOTAK_108684,KOTAK_ACC_20032,HDFC_ACC_20098,866.94,2026-01-11 01:50:18,TRANSFER,UPI,Kotak Mahindra Bank,IN,0,NORMAL_BANKING_FLOW
TX_KOTAK_108685,KOTAK_ACC_20082,CANARA_ACC_20088,895.38,2026-01-10 21:38:08,TRANSFER,UPI,Kotak Mahindra Bank,IN,0,NORMAL_BANKING_FLOW
TX_KOTAK_108686,KOTAK_ACC_20183,KOTAK_ACC_20236,579.25,2026-01-10 21:56:45,TRANSFER,UPI,Kotak Mahindra Bank,IN,0,NORMAL_BANKING_FLOW
TX_KOTAK_108687,KOTAK_ACC_20222,KOTAK_ACC_20143,181.83,2026-01-11 05:11:42,TRANSFER,IMPS,Kotak Mahindra Bank,IN,0,NORMAL_BANKING_FLOW
TX_KOTAK_108688,KOTAK_ACC_20230,KOTAK_ACC_20236,1344.95,2026-01-11 00:04:40,TRANSFER,UPI,Kotak Mahindra Bank,IN,0,NORMAL_BANKING_FLOW
TX_KOTAK_108689,KOTAK_ACC_20174,KOTAK_ACC_20233,2275.08,2026-01-10 18:02:40,TRANSFER,IMPS,Kotak Mahindra Bank,IN,0,NORMAL_BANKING_FLOW
TX_KOTAK_108690,KOTAK_ACC_20130,KOTAK_ACC_20091,501.53,2026-01-11 00:06:00,TRANSFER,UPI,Kotak Mahindra Bank,IN,0,NORMAL_BANKING_FLOW
TX_KOTAK_108691,KOTAK_ACC_20083,KOTAK_ACC_20107,670.77,2026-01-11 01:19:20,TRANSFER,UPI,Kotak Mahindra Bank,IN,0,NORMAL_BANKING_FLOW
TX_KOTAK_108692,KOTAK_ACC_20220,KOTAK_ACC_20143,523.95,2026-01-11 05:34:38,TRANSFER,UPI,Kotak Mahindra Bank,IN,0,NORMAL_BANKING_FLOW
TX_KOTAK_108693,KOTAK_ACC_20011,KOTAK_ACC_20108,681.5,2026-01-11 03:46:24,TRANSFER,IMPS,Kotak Mahindra Bank,IN,0,NORMAL_BANKING_FLOW
TX_KOTAK_108694,KOTAK_ACC_20104,KOTAK_ACC_20087,405.19,2026-01-10 21:06:30,TRANSFER,UPI,Kotak Mahindra Bank,IN,0,NORMAL_BANKING_FLOW
TX_KOTAK_108695,KOTAK_ACC_20080,KOTAK_ACC_20106,433.7,2026-01-11 03:29:54,TRANSFER,IMPS,Kotak Mahindra Bank,IN,0,NORMAL_BANKING_FLOW
TX_KOTAK_108696,KOTAK_ACC_20018,KOTAK_ACC_20151,920.18,2026-01-10 18:41:30,TRANSFER,IMPS,Kotak Mahindra Bank,IN,0,NORMAL_BANKING_FLOW
TX_KOTAK_108697,KOTAK_ACC_20048,KOTAK_ACC_20067,2911.72,2026-01-10 22:57:36,TRANSFER,UPI,Kotak Mahindra Bank,IN,0,NORMAL_BANKING_FLOW
TX_KOTAK_108698,KOTAK_ACC_20130,KOTAK_ACC_20101,145.47,2026-01-10 23:34:46,TRANSFER,IMPS,Kotak Mahindra Bank,IN,0,NORMAL_BANKING_FLOW
TX_KOTAK_108699,KOTAK_ACC_20151,KOTAK_ACC_20243,410.33,2026-01-11 04:09:54,TRANSFER,UPI,Kotak Mahindra Bank,IN,0,NORMAL_BANKING_FLOW
TX_KOTAK_108700,KOTAK_ACC_20109,CANARA_ACC_20216,173.41,2026-01-10 19:19:36,TRANSFER,UPI,Kotak Mahindra Bank,IN,0,NORMAL_BANKING_FLOW
TX_KOTAK_108701,KOTAK_ACC_20194,KOTAK_ACC_20099,1593.39,2026-01-10 22:23:20,TRANSFER,UPI,Kotak Mahindra Bank,IN,0,NORMAL_BANKING_FLOW
TX_KOTAK_108702,KOTAK_ACC_20077,KOTAK_ACC_20147,278.61,2026-01-11 03:54:12,TRANSFER,UPI,Kotak Mahindra Bank,IN,0,NORMAL_BANKING_FLOW
TX_KOTAK_108703,KOTAK_ACC_20104,HDFC_ACC_20146,140.53,2026-01-11 02:23:14,TRANSFER,UPI,Kotak Mahindra Bank,IN,0,NORMAL_BANKING_FLOW
TX_KOTAK_108704,KOTAK_ACC_20014,KOTAK_ACC_20127,742.89,2026-01-11 00:52:06,TRANSFER,IMPS,Kotak Mahindra Bank,IN,0,NORMAL_BANKING_FLOW
TX_KOTAK_108705,KOTAK_ACC_20181,KOTAK_ACC_20146,1799.83,2026-01-11 04:52:00,TRANSFER,UPI,Kotak Mahindra Bank,IN,0,NORMAL_BANKING_FLOW
TX_KOTAK_108706,KOTAK_ACC_20088,HDFC_ACC_20108,758.15,2026-01-10 19:58:50,TRANSFER,UPI,Kotak Mahindra Bank,IN,0,NORMAL_BANKING_FLOW
TX_KOTAK_108707,KOTAK_ACC_20001,ICICI_ACC_20123,525.23,2026-01-10 21:31:26,TRANSFER,UPI,Kotak Mahindra Bank,IN,0,NORMAL_BANKING_FLOW
TX_KOTAK_108708,KOTAK_ACC_20234,SBI_ACC_20028,618.51,2026-01-10 22:08:51,TRANSFER,UPI,Kotak Mahindra Bank,IN,0,NORMAL_BANKING_FLOW
TX_KOTAK_108709,KOTAK_ACC_20249,KOTAK_ACC_20155,1382.81,2026-01-11 02:09:28,TRANSFER,UPI,Kotak Mahindra Bank,IN,0,NORMAL_BANKING_FLOW
TX_KOTAK_108710,KOTAK_ACC_20128,AXIS_ACC_20119,221.55,2026-01-10 18:09:40,TRANSFER,UPI,Kotak Mahindra Bank,IN,0,NORMAL_BANKING_FLOW
TX_KOTAK_108711,KOTAK_ACC_20214,KOTAK_ACC_20170,407.7,2026-01-11 05:53:00,TRANSFER,UPI,Kotak Mahindra Bank,IN,0,NORMAL_BANKING_FLOW
TX_KOTAK_108712,KOTAK_ACC_20099,KOTAK_ACC_20202,310.4,2026-01-10 23:25:07,TRANSFER,UPI,Kotak Mahindra Bank,IN,0,NORMAL_BANKING_FLOW
TX_KOTAK_108713,KOTAK_ACC_20003,KOTAK_ACC_20090,175.16,2026-01-10 19:24:48,TRANSFER,UPI,Kotak Mahindra Bank,IN,0,NORMAL_BANKING_FLOW
TX_KOTAK_108714,KOTAK_ACC_20164,CANARA_ACC_20116,342.85,2026-01-11 00:40:33,TRANSFER,UPI,Kotak Mahindra Bank,IN,0,NORMAL_BANKING_FLOW
TX_KOTAK_108715,KOTAK_ACC_20187,KOTAK_ACC_20197,1081.58,2026-01-10 23:45:32,TRANSFER,UPI,Kotak Mahindra Bank,IN,0,NORMAL_BANKING_FLOW
TX_KOTAK_108716,KOTAK_ACC_20204,KOTAK_ACC_20205,701.54,2026-01-11 04:24:55,TRANSFER,UPI,Kotak Mahindra Bank,IN,0,NORMAL_BANKING_FLOW
TX_KOTAK_108717,KOTAK_ACC_20214,SBI_ACC_20055,746.54,2026-01-10 22:32:24,TRANSFER,IMPS,Kotak Mahindra Bank,IN,0,NORMAL_BANKING_FLOW
TX_KOTAK_108718,KOTAK_ACC_20004,KOTAK_ACC_20033,501.29,2026-01-10 19:45:25,TRANSFER,UPI,Kotak Mahindra Bank,IN,0,NORMAL_BANKING_FLOW
TX_KOTAK_108719,KOTAK_ACC_20044,PNB_ACC_20221,677.67,2026-01-10 22:33:32,TRANSFER,UPI,Kotak Mahindra Bank,IN,0,NORMAL_BANKING_FLOW
TX_KOTAK_108720,KOTAK_ACC_20052,INDUS_ACC_20032,234.99,2026-01-11 06:20:21,TRANSFER,IMPS,Kotak Mahindra Bank,IN,0,NORMAL_BANKING_FLOW
TX_KOTAK_108721,KOTAK_ACC_20201,KOTAK_ACC_20105,348.07,2026-01-11 06:02:40,TRANSFER,UPI,Kotak Mahindra Bank,IN,0,NORMAL_BANKING_FLOW
TX_KOTAK_108722,KOTAK_ACC_20131,KOTAK_ACC_20038,519.88,2026-01-10 18:13:40,TRANSFER,UPI,Kotak Mahindra Bank,IN,0,NORMAL_BANKING_FLOW
TX_KOTAK_108723,KOTAK_ACC_20213,SBI_ACC_20175,556.69,2026-01-10 16:40:30,TRANSFER,IMPS,Kotak Mahindra Bank,IN,0,NORMAL_BANKING_FLOW
TX_KOTAK_108724,KOTAK_ACC_20172,INDUS_ACC_20129,576.02,2026-01-11 01:06:06,TRANSFER,IMPS,Kotak Mahindra Bank,IN,0,NORMAL_BANKING_FLOW
TX_KOTAK_108725,KOTAK_ACC_20247,KOTAK_ACC_20017,399.15,2026-01-11 05:47:48,TRANSFER,IMPS,Kotak Mahindra Bank,IN,0,NORMAL_BANKING_FLOW
TX_KOTAK_108726,KOTAK_ACC_20235,KOTAK_ACC_20170,329.66,2026-01-11 03:37:30,TRANSFER,UPI,Kotak Mahindra Bank,IN,0,NORMAL_BANKING_FLOW
TX_KOTAK_108727,KOTAK_ACC_20024,KOTAK_ACC_20042,5575.94,2026-01-10 17:56:34,TRANSFER,UPI,Kotak Mahindra Bank,IN,0,NORMAL_BANKING_FLOW
TX_KOTAK_108728,KOTAK_ACC_20119,KOTAK_ACC_20155,920.97,2026-01-11 02:42:49,TRANSFER,UPI,Kotak Mahindra Bank,IN,0,NORMAL_BANKING_FLOW
TX_KOTAK_108729,KOTAK_ACC_20053,KOTAK_ACC_20109,620.5,2026-01-10 17:00:48,TRANSFER,UPI,Kotak Mahindra Bank,IN,0,NORMAL_BANKING_FLOW
TX_KOTAK_108730,KOTAK_ACC_20100,KOTAK_ACC_20241,369.97,2026-01-11 00:13:51,TRANSFER,UPI,Kotak Mahindra Bank,IN,0,NORMAL_BANKING_FLOW
TX_KOTAK_108731,KOTAK_ACC_20044,KOTAK_ACC_20167,310.76,2026-01-11 04:57:00,TRANSFER,UPI,Kotak Mahindra Bank,IN,0,NORMAL_BANKING_FLOW
TX_KOTAK_108732,KOTAK_ACC_20243,BOB_ACC_20071,401.56,2026-01-10 21:25:30,TRANSFER,UPI,Kotak Mahindra Bank,IN,0,NORMAL_BANKING_FLOW
TX_KOTAK_108733,KOTAK_ACC_20051,CANARA_ACC_20156,563.55,2026-01-10 23:19:12,TRANSFER,UPI,Kotak Mahindra Bank,IN,0,NORMAL_BANKING_FLOW
TX_KOTAK_108734,KOTAK_ACC_20170,KOTAK_ACC_20071,99.05,2026-01-10 17:39:54,TRANSFER,UPI,Kotak Mahindra Bank,IN,0,NORMAL_BANKING_FLOW
TX_KOTAK_108735,KOTAK_ACC_20125,KOTAK_ACC_20088,127.04,2026-01-10 17:02:24,TRANSFER,UPI,Kotak Mahindra Bank,IN,0,NORMAL_BANKING_FLOW
TX_KOTAK_108736,KOTAK_ACC_20170,AXIS_ACC_20039,267.87,2026-01-11 05:20:25,TRANSFER,UPI,Kotak Mahindra Bank,IN,0,NORMAL_BANKING_FLOW
TX_KOTAK_108737,KOTAK_ACC_20087,KOTAK_ACC_20177,526.22,2026-01-11 06:56:00,TRANSFER,UPI,Kotak Mahindra Bank,IN,0,NORMAL_BANKING_FLOW
TX_KOTAK_108738,KOTAK_ACC_20084,KOTAK_ACC_20213,368.18,2026-01-11 01:34:51,TRANSFER,IMPS,Kotak Mahindra Bank,IN,0,NORMAL_BANKING_FLOW
TX_KOTAK_108739,KOTAK_ACC_20087,KOTAK_ACC_20207,1454.62,2026-01-10 18:38:18,TRANSFER,UPI,Kotak Mahindra Bank,IN,0,NORMAL_BANKING_FLOW
TX_KOTAK_108740,KOTAK_ACC_20103,KOTAK_ACC_20143,136.19,2026-01-10 21:29:30,TRANSFER,UPI,Kotak Mahindra Bank,IN,0,NORMAL_BANKING_FLOW
TX_KOTAK_108741,KOTAK_ACC_20017,KOTAK_ACC_20220,244.43,2026-01-10 17:42:00,TRANSFER,UPI,Kotak Mahindra Bank,IN,0,NORMAL_BANKING_FLOW
TX_KOTAK_108742,KOTAK_ACC_20072,PNB_ACC_20203,1504.29,2026-01-11 00:40:40,TRANSFER,UPI,Kotak Mahindra Bank,IN,0,NORMAL_BANKING_FLOW
TX_KOTAK_108743,KOTAK_ACC_20128,KOTAK_ACC_20205,495.17,2026-01-11 03:32:38,TRANSFER,UPI,Kotak Mahindra Bank,IN,0,NORMAL_BANKING_FLOW
TX_KOTAK_108744,KOTAK_ACC_20060,KOTAK_ACC_20231,904.94,2026-01-11 04:49:39,TRANSFER,IMPS,Kotak Mahindra Bank,IN,0,NORMAL_BANKING_FLOW
TX_KOTAK_108745,KOTAK_ACC_20232,INDUS_ACC_20030,2300.77,2026-01-10 19:56:40,TRANSFER,IMPS,Kotak Mahindra Bank,IN,0,NORMAL_BANKING_FLOW
TX_KOTAK_108746,KOTAK_ACC_20113,KOTAK_ACC_20068,255.94,2026-01-10 22:10:40,TRANSFER,UPI,Kotak Mahindra Bank,IN,0,NORMAL_BANKING_FLOW
TX_KOTAK_108747,KOTAK_ACC_20102,YES_ACC_20219,411.8,2026-01-11 04:14:06,TRANSFER,UPI,Kotak Mahindra Bank,IN,0,NORMAL_BANKING_FLOW
TX_KOTAK_108748,KOTAK_ACC_20214,KOTAK_ACC_20130,358.55,2026-01-10 23:47:19,TRANSFER,UPI,Kotak Mahindra Bank,IN,0,NORMAL_BANKING_FLOW
TX_KOTAK_108749,KOTAK_ACC_20180,YES_ACC_20027,93.35,2026-01-10 19:58:20,TRANSFER,IMPS,Kotak Mahindra Bank,IN,0,NORMAL_BANKING_FLOW
TX_KOTAK_108750,KOTAK_ACC_20168,KOTAK_ACC_20238,347.82,2026-01-11 04:16:39,TRANSFER,UPI,Kotak Mahindra Bank,IN,0,NORMAL_BANKING_FLOW
TX_KOTAK_108751,KOTAK_ACC_20006,ICICI_ACC_20144,902.21,2026-01-11 04:17:30,TRANSFER,UPI,Kotak Mahindra Bank,IN,0,NORMAL_BANKING_FLOW
TX_KOTAK_108752,KOTAK_ACC_20067,KOTAK_ACC_20076,687.09,2026-01-10 22:52:14,TRANSFER,UPI,Kotak Mahindra Bank,IN,0,NORMAL_BANKING_FLOW
TX_KOTAK_108753,KOTAK_ACC_20190,INDUS_ACC_20117,731.62,2026-01-10 20:38:24,TRANSFER,UPI,Kotak Mahindra Bank,IN,0,NORMAL_BANKING_FLOW
TX_KOTAK_108754,KOTAK_ACC_20104,HDFC_ACC_20184,330.17,2026-01-11 02:24:45,TRANSFER,UPI,Kotak Mahindra Bank,IN,0,NORMAL_BANKING_FLOW
TX_KOTAK_108755,KOTAK_ACC_20137,INDUS_ACC_20160,263.78,2026-01-10 21:37:00,TRANSFER,IMPS,Kotak Mahindra Bank,IN,0,NORMAL_BANKING_FLOW
TX_KOTAK_108756,KOTAK_ACC_20188,SBI_ACC_20181,1230.78,2026-01-10 23:33:00,TRANSFER,UPI,Kotak Mahindra Bank,IN,0,NORMAL_BANKING_FLOW
TX_KOTAK_108757,KOTAK_ACC_20178,KOTAK_ACC_20088,299.51,2026-01-11 04:41:52,TRANSFER,IMPS,Kotak Mahindra Bank,IN,0,NORMAL_BANKING_FLOW
TX_KOTAK_108758,KOTAK_ACC_20131,KOTAK_ACC_20243,564.12,2026-01-11 00:51:20,TRANSFER,UPI,Kotak Mahindra Bank,IN,0,NORMAL_BANKING_FLOW
TX_KOTAK_108759,KOTAK_ACC_20166,INDUS_ACC_20245,508.09,2026-01-10 21:00:24,TRANSFER,UPI,Kotak Mahindra Bank,IN,0,NORMAL_BANKING_FLOW
TX_KOTAK_108760,KOTAK_ACC_20098,HDFC_ACC_20148,1435.65,2026-01-11 04:44:28,TRANSFER,UPI,Kotak Mahindra Bank,IN,0,NORMAL_BANKING_FLOW
TX_KOTAK_108761,KOTAK_ACC_20163,KOTAK_ACC_20106,969.84,2026-01-10 22:38:00,TRANSFER,UPI,Kotak Mahindra Bank,IN,0,NORMAL_BANKING_FLOW
TX_KOTAK_108762,KOTAK_ACC_20198,KOTAK_ACC_20058,158.19,2026-01-11 00:34:39,TRANSFER,UPI,Kotak Mahindra Bank,IN,0,NORMAL_BANKING_FLOW
TX_KOTAK_108763,KOTAK_ACC_20135,KOTAK_ACC_20010,172.42,2026-01-11 01:14:02,TRANSFER,UPI,Kotak Mahindra Bank,IN,0,NORMAL_BANKING_FLOW
TX_KOTAK_108764,KOTAK_ACC_20171,KOTAK_ACC_20232,708.48,2026-01-11 01:53:29,TRANSFER,UPI,Kotak Mahindra Bank,IN,0,NORMAL_BANKING_FLOW
TX_KOTAK_108765,KOTAK_ACC_20182,KOTAK_ACC_20241,423.49,2026-01-10 21:22:36,TRANSFER,IMPS,Kotak Mahindra Bank,IN,0,NORMAL_BANKING_FLOW
TX_KOTAK_108766,KOTAK_ACC_20017,KOTAK_ACC_20195,309.78,2026-01-11 04:10:50,TRANSFER,UPI,Kotak Mahindra Bank,IN,0,NORMAL_BANKING_FLOW
TX_KOTAK_108767,KOTAK_ACC_20101,YES_ACC_20056,1004.76,2026-01-11 04:31:06,TRANSFER,UPI,Kotak Mahindra Bank,IN,0,NORMAL_BANKING_FLOW
TX_KOTAK_108768,KOTAK_ACC_20004,KOTAK_ACC_20114,518.0,2026-01-11 01:56:21,TRANSFER,UPI,Kotak Mahindra Bank,IN,0,NORMAL_BANKING_FLOW
TX_KOTAK_108769,KOTAK_ACC_20064,KOTAK_ACC_20230,464.97,2026-01-10 21:24:32,TRANSFER,UPI,Kotak Mahindra Bank,IN,0,NORMAL_BANKING_FLOW
TX_KOTAK_108770,KOTAK_ACC_20123,KOTAK_ACC_20164,832.03,2026-01-11 00:39:51,TRANSFER,UPI,Kotak Mahindra Bank,IN,0,NORMAL_BANKING_FLOW
TX_KOTAK_108771,KOTAK_ACC_20178,KOTAK_ACC_20103,330.27,2026-01-10 18:49:30,TRANSFER,UPI,Kotak Mahindra Bank,IN,0,NORMAL_BANKING_FLOW
TX_KOTAK_108772,KOTAK_ACC_20125,AXIS_ACC_20150,1563.71,2026-01-11 06:32:27,TRANSFER,IMPS,Kotak Mahindra Bank,IN,0,NORMAL_BANKING_FLOW
TX_KOTAK_108773,KOTAK_ACC_20008,KOTAK_ACC_20101,237.36,2026-01-11 01:20:52,TRANSFER,UPI,Kotak Mahindra Bank,IN,0,NORMAL_BANKING_FLOW
TX_KOTAK_108774,KOTAK_ACC_20062,KOTAK_ACC_20065,754.11,2026-01-11 02:00:39,TRANSFER,UPI,Kotak Mahindra Bank,IN,0,NORMAL_BANKING_FLOW
TX_KOTAK_108775,KOTAK_ACC_20242,INDUS_ACC_20069,1403.98,2026-01-11 05:17:02,TRANSFER,UPI,Kotak Mahindra Bank,IN,0,NORMAL_BANKING_FLOW
TX_KOTAK_108776,KOTAK_ACC_20167,KOTAK_ACC_20192,148.14,2026-01-11 01:42:30,TRANSFER,IMPS,Kotak Mahindra Bank,IN,0,NORMAL_BANKING_FLOW
TX_KOTAK_108777,KOTAK_ACC_20012,BOB_ACC_20247,338.77,2026-01-10 21:48:00,TRANSFER,UPI,Kotak Mahindra Bank,IN,0,NORMAL_BANKING_FLOW
TX_KOTAK_108778,KOTAK_ACC_20031,KOTAK_ACC_20042,1111.83,2026-01-11 03:21:59,TRANSFER,UPI,Kotak Mahindra Bank,IN,0,NORMAL_BANKING_FLOW
TX_KOTAK_108779,KOTAK_ACC_20024,KOTAK_ACC_20151,1125.29,2026-01-10 23:46:48,TRANSFER,UPI,Kotak Mahindra Bank,IN,0,NORMAL_BANKING_FLOW
TX_KOTAK_108780,KOTAK_ACC_20225,KOTAK_ACC_20080,388.7,2026-01-10 20:30:54,TRANSFER,UPI,Kotak Mahindra Bank,IN,0,NORMAL_BANKING_FLOW
TX_KOTAK_108781,KOTAK_ACC_20199,KOTAK_ACC_20012,247.71,2026-01-10 22:29:20,TRANSFER,IMPS,Kotak Mahindra Bank,IN,0,NORMAL_BANKING_FLOW
TX_KOTAK_108782,KOTAK_ACC_20083,KOTAK_ACC_20078,957.91,2026-01-11 07:01:38,TRANSFER,UPI,Kotak Mahindra Bank,IN,0,NORMAL_BANKING_FLOW
TX_KOTAK_108783,KOTAK_ACC_20199,KOTAK_ACC_20031,1149.22,2026-01-10 16:55:30,TRANSFER,UPI,Kotak Mahindra Bank,IN,0,NORMAL_BANKING_FLOW
TX_KOTAK_108784,KOTAK_ACC_20119,SBI_ACC_20010,175.61,2026-01-10 23:30:05,TRANSFER,UPI,Kotak Mahindra Bank,IN,0,NORMAL_BANKING_FLOW
TX_KOTAK_108785,KOTAK_ACC_20148,KOTAK_ACC_20248,170.18,2026-01-10 17:15:44,TRANSFER,UPI,Kotak Mahindra Bank,IN,0,NORMAL_BANKING_FLOW
TX_KOTAK_108786,KOTAK_ACC_20132,KOTAK_ACC_20081,533.9,2026-01-10 17:35:45,TRANSFER,UPI,Kotak Mahindra Bank,IN,0,NORMAL_BANKING_FLOW
TX_KOTAK_108787,KOTAK_ACC_20234,AXIS_ACC_20161,737.66,2026-01-10 22:12:46,TRANSFER,UPI,Kotak Mahindra Bank,IN,0,NORMAL_BANKING_FLOW
TX_KOTAK_108788,KOTAK_ACC_20072,KOTAK_ACC_20103,350.99,2026-01-10 23:12:38,TRANSFER,UPI,Kotak Mahindra Bank,IN,0,NORMAL_BANKING_FLOW
TX_KOTAK_108789,KOTAK_ACC_20146,KOTAK_ACC_20008,767.73,2026-01-11 04:49:48,TRANSFER,UPI,Kotak Mahindra Bank,IN,0,NORMAL_BANKING_FLOW
TX_KOTAK_108790,KOTAK_ACC_20026,KOTAK_ACC_20148,252.62,2026-01-11 04:30:50,TRANSFER,UPI,Kotak Mahindra Bank,IN,0,NORMAL_BANKING_FLOW
TX_KOTAK_108791,KOTAK_ACC_20147,KOTAK_ACC_20017,82.13,2026-01-11 03:52:00,TRANSFER,UPI,Kotak Mahindra Bank,IN,0,NORMAL_BANKING_FLOW
TX_KOTAK_108792,KOTAK_ACC_20027,KOTAK_ACC_20003,317.63,2026-01-11 03:52:48,TRANSFER,UPI,Kotak Mahindra Bank,IN,0,NORMAL_BANKING_FLOW
TX_KOTAK_108793,KOTAK_ACC_20238,KOTAK_ACC_20163,468.99,2026-01-11 00:15:04,TRANSFER,UPI,Kotak Mahindra Bank,IN,0,NORMAL_BANKING_FLOW
TX_KOTAK_108794,KOTAK_ACC_20181,KOTAK_ACC_20161,357.57,2026-01-10 22:16:23,TRANSFER,UPI,Kotak Mahindra Bank,IN,0,NORMAL_BANKING_FLOW
TX_KOTAK_108795,KOTAK_ACC_20247,SBI_ACC_20050,176.46,2026-01-10 18:18:06,TRANSFER,UPI,Kotak Mahindra Bank,IN,0,NORMAL_BANKING_FLOW
TX_KOTAK_108796,KOTAK_ACC_20220,PNB_ACC_20042,104.32,2026-01-11 00:16:55,TRANSFER,UPI,Kotak Mahindra Bank,IN,0,NORMAL_BANKING_FLOW
TX_KOTAK_108797,KOTAK_ACC_20016,INDUS_ACC_20144,295.52,2026-01-11 06:56:12,TRANSFER,UPI,Kotak Mahindra Bank,IN,0,NORMAL_BANKING_FLOW
TX_KOTAK_108798,KOTAK_ACC_20189,SBI_ACC_20186,914.27,2026-01-11 02:17:51,TRANSFER,UPI,Kotak Mahindra Bank,IN,0,NORMAL_BANKING_FLOW
TX_KOTAK_108799,KOTAK_ACC_20197,KOTAK_ACC_20142,1217.99,2026-01-11 07:18:04,TRANSFER,UPI,Kotak Mahindra Bank,IN,0,NORMAL_BANKING_FLOW
TX_KOTAK_108800,KOTAK_ACC_20173,KOTAK_ACC_20119,1153.06,2026-01-11 04:19:11,TRANSFER,UPI,Kotak Mahindra Bank,IN,0,NORMAL_BANKING_FLOW
TX_KOTAK_108801,KOTAK_ACC_20009,YES_ACC_20212,232.12,2026-01-11 01:00:00,TRANSFER,IMPS,Kotak Mahindra Bank,IN,0,NORMAL_BANKING_FLOW
TX_KOTAK_108802,KOTAK_ACC_20134,KOTAK_ACC_20081,177.16,2026-01-10 20:20:25,TRANSFER,UPI,Kotak Mahindra Bank,IN,0,NORMAL_BANKING_FLOW
TX_KOTAK_108803,KOTAK_ACC_20199,PNB_ACC_20004,663.35,2026-01-10 18:20:38,TRANSFER,IMPS,Kotak Mahindra Bank,IN,0,NORMAL_BANKING_FLOW
TX_KOTAK_108804,KOTAK_ACC_20156,CANARA_ACC_20140,741.06,2026-01-11 06:42:48,TRANSFER,UPI,Kotak Mahindra Bank,IN,0,NORMAL_BANKING_FLOW
TX_KOTAK_108805,KOTAK_ACC_20073,KOTAK_ACC_20180,614.09,2026-01-10 21:21:52,TRANSFER,UPI,Kotak Mahindra Bank,IN,0,NORMAL_BANKING_FLOW
TX_KOTAK_108806,KOTAK_ACC_20135,KOTAK_ACC_20050,89.01,2026-01-11 06:44:40,TRANSFER,UPI,Kotak Mahindra Bank,IN,0,NORMAL_BANKING_FLOW
TX_KOTAK_108807,KOTAK_ACC_20176,AXIS_ACC_20162,222.85,2026-01-11 01:44:06,TRANSFER,UPI,Kotak Mahindra Bank,IN,0,NORMAL_BANKING_FLOW
TX_KOTAK_108808,KOTAK_ACC_20209,KOTAK_ACC_20002,435.39,2026-01-11 06:06:18,TRANSFER,IMPS,Kotak Mahindra Bank,IN,0,NORMAL_BANKING_FLOW
TX_KOTAK_108809,KOTAK_ACC_20097,KOTAK_ACC_20042,658.37,2026-01-10 20:43:28,TRANSFER,UPI,Kotak Mahindra Bank,IN,0,NORMAL_BANKING_FLOW
TX_KOTAK_108810,KOTAK_ACC_20089,BOB_ACC_20020,823.73,2026-01-10 17:02:15,TRANSFER,UPI,Kotak Mahindra Bank,IN,0,NORMAL_BANKING_FLOW
TX_KOTAK_108811,KOTAK_ACC_20056,KOTAK_ACC_20222,500.4,2026-01-11 04:48:20,TRANSFER,UPI,Kotak Mahindra Bank,IN,0,NORMAL_BANKING_FLOW
TX_KOTAK_108812,KOTAK_ACC_20120,KOTAK_ACC_20014,580.93,2026-01-10 19:03:51,TRANSFER,UPI,Kotak Mahindra Bank,IN,0,NORMAL_BANKING_FLOW
TX_KOTAK_108813,KOTAK_ACC_20114,KOTAK_ACC_20116,477.18,2026-01-11 00:07:12,TRANSFER,UPI,Kotak Mahindra Bank,IN,0,NORMAL_BANKING_FLOW
TX_KOTAK_108814,KOTAK_ACC_20034,BOB_ACC_20141,771.62,2026-01-11 03:29:58,TRANSFER,UPI,Kotak Mahindra Bank,IN,0,NORMAL_BANKING_FLOW
TX_KOTAK_108815,KOTAK_ACC_20008,SBI_ACC_20235,572.66,2026-01-11 05:52:22,TRANSFER,UPI,Kotak Mahindra Bank,IN,0,NORMAL_BANKING_FLOW
TX_KOTAK_108816,KOTAK_ACC_20113,KOTAK_ACC_20112,469.93,2026-01-10 20:06:00,TRANSFER,UPI,Kotak Mahindra Bank,IN,0,NORMAL_BANKING_FLOW
TX_KOTAK_108817,KOTAK_ACC_20128,KOTAK_ACC_20233,359.71,2026-01-10 22:48:32,TRANSFER,UPI,Kotak Mahindra Bank,IN,0,NORMAL_BANKING_FLOW
TX_KOTAK_108818,KOTAK_ACC_20214,KOTAK_ACC_20106,475.82,2026-01-10 20:47:22,TRANSFER,UPI,Kotak Mahindra Bank,IN,0,NORMAL_BANKING_FLOW
TX_KOTAK_108819,KOTAK_ACC_20125,KOTAK_ACC_20028,656.99,2026-01-10 17:04:30,TRANSFER,UPI,Kotak Mahindra Bank,IN,0,NORMAL_BANKING_FLOW
TX_KOTAK_108820,KOTAK_ACC_20043,KOTAK_ACC_20153,552.24,2026-01-11 05:56:47,TRANSFER,IMPS,Kotak Mahindra Bank,IN,0,NORMAL_BANKING_FLOW
TX_KOTAK_108821,KOTAK_ACC_20044,KOTAK_ACC_20088,604.66,2026-01-11 03:15:00,TRANSFER,UPI,Kotak Mahindra Bank,IN,0,NORMAL_BANKING_FLOW
TX_KOTAK_108822,KOTAK_ACC_20236,KOTAK_ACC_20147,1305.29,2026-01-11 02:55:24,TRANSFER,UPI,Kotak Mahindra Bank,IN,0,NORMAL_BANKING_FLOW
TX_KOTAK_108823,KOTAK_ACC_20066,KOTAK_ACC_20024,551.22,2026-01-11 01:55:02,TRANSFER,UPI,Kotak Mahindra Bank,IN,0,NORMAL_BANKING_FLOW
TX_KOTAK_108824,KOTAK_ACC_20080,KOTAK_ACC_20092,265.28,2026-01-11 08:02:37,TRANSFER,UPI,Kotak Mahindra Bank,IN,0,NORMAL_BANKING_FLOW
TX_KOTAK_108825,KOTAK_ACC_20184,KOTAK_ACC_20207,904.05,2026-01-10 20:50:24,TRANSFER,UPI,Kotak Mahindra Bank,IN,0,NORMAL_BANKING_FLOW
TX_KOTAK_108826,KOTAK_ACC_20242,BOB_ACC_20037,149.46,2026-01-10 23:34:10,TRANSFER,UPI,Kotak Mahindra Bank,IN,0,NORMAL_BANKING_FLOW
TX_KOTAK_108827,KOTAK_ACC_20107,KOTAK_ACC_20243,187.7,2026-01-10 23:55:10,TRANSFER,UPI,Kotak Mahindra Bank,IN,0,NORMAL_BANKING_FLOW
TX_KOTAK_108828,KOTAK_ACC_20012,BOB_ACC_20093,583.29,2026-01-11 06:03:51,TRANSFER,UPI,Kotak Mahindra Bank,IN,0,NORMAL_BANKING_FLOW
TX_KOTAK_108829,KOTAK_ACC_20026,INDUS_ACC_20188,673.92,2026-01-10 19:09:48,TRANSFER,UPI,Kotak Mahindra Bank,IN,0,NORMAL_BANKING_FLOW
TX_KOTAK_108830,KOTAK_ACC_20063,BOB_ACC_20221,164.67,2026-01-11 02:20:18,TRANSFER,UPI,Kotak Mahindra Bank,IN,0,NORMAL_BANKING_FLOW
TX_KOTAK_108831,KOTAK_ACC_20117,KOTAK_ACC_20189,328.24,2026-01-11 00:38:30,TRANSFER,UPI,Kotak Mahindra Bank,IN,0,NORMAL_BANKING_FLOW
TX_KOTAK_108832,KOTAK_ACC_20009,KOTAK_ACC_20016,274.55,2026-01-11 02:01:11,TRANSFER,UPI,Kotak Mahindra Bank,IN,0,NORMAL_BANKING_FLOW
TX_KOTAK_108833,KOTAK_ACC_20221,BOB_ACC_20002,302.07,2026-01-11 07:30:24,TRANSFER,UPI,Kotak Mahindra Bank,IN,0,NORMAL_BANKING_FLOW
TX_KOTAK_108834,KOTAK_ACC_20129,HDFC_ACC_20220,948.5,2026-01-11 06:09:09,TRANSFER,UPI,Kotak Mahindra Bank,IN,0,NORMAL_BANKING_FLOW
TX_KOTAK_108835,KOTAK_ACC_20111,KOTAK_ACC_20015,784.62,2026-01-11 05:49:28,TRANSFER,UPI,Kotak Mahindra Bank,IN,0,NORMAL_BANKING_FLOW
TX_KOTAK_108836,KOTAK_ACC_20081,KOTAK_ACC_20110,439.09,2026-01-10 20:55:10,TRANSFER,UPI,Kotak Mahindra Bank,IN,0,NORMAL_BANKING_FLOW
TX_KOTAK_108837,KOTAK_ACC_20160,KOTAK_ACC_20191,288.08,2026-01-10 18:10:48,TRANSFER,UPI,Kotak Mahindra Bank,IN,0,NORMAL_BANKING_FLOW
TX_KOTAK_108838,KOTAK_ACC_20176,KOTAK_ACC_20052,151.45,2026-01-11 00:42:49,TRANSFER,UPI,Kotak Mahindra Bank,IN,0,NORMAL_BANKING_FLOW
TX_KOTAK_108839,KOTAK_ACC_20062,KOTAK_ACC_20249,1388.73,2026-01-11 04:51:02,TRANSFER,UPI,Kotak Mahindra Bank,IN,0,NORMAL_BANKING_FLOW
TX_KOTAK_108840,KOTAK_ACC_20196,KOTAK_ACC_20013,716.01,2026-01-11 01:04:42,TRANSFER,UPI,Kotak Mahindra Bank,IN,0,NORMAL_BANKING_FLOW
TX_KOTAK_108841,KOTAK_ACC_20221,INDUS_ACC_20184,253.32,2026-01-11 00:24:00,TRANSFER,UPI,Kotak Mahindra Bank,IN,0,NORMAL_BANKING_FLOW
TX_KOTAK_108842,KOTAK_ACC_20240,ICICI_ACC_20103,792.89,2026-01-11 03:30:45,TRANSFER,IMPS,Kotak Mahindra Bank,IN,0,NORMAL_BANKING_FLOW
TX_KOTAK_108843,KOTAK_ACC_20001,AXIS_ACC_20205,421.5,2026-01-10 21:18:54,TRANSFER,UPI,Kotak Mahindra Bank,IN,0,NORMAL_BANKING_FLOW
TX_KOTAK_108844,KOTAK_ACC_20173,ICICI_ACC_20118,354.36,2026-01-10 20:37:55,TRANSFER,IMPS,Kotak Mahindra Bank,IN,0,NORMAL_BANKING_FLOW
TX_KOTAK_108845,KOTAK_ACC_20170,KOTAK_ACC_20172,631.55,2026-01-10 18:54:40,TRANSFER,UPI,Kotak Mahindra Bank,IN,0,NORMAL_BANKING_FLOW
TX_KOTAK_108846,KOTAK_ACC_20183,BOB_ACC_20232,246.36,2026-01-11 01:29:15,TRANSFER,UPI,Kotak Mahindra Bank,IN,0,NORMAL_BANKING_FLOW
TX_KOTAK_108847,KOTAK_ACC_20239,KOTAK_ACC_20188,338.66,2026-01-11 07:02:10,TRANSFER,UPI,Kotak Mahindra Bank,IN,0,NORMAL_BANKING_FLOW
TX_KOTAK_108848,KOTAK_ACC_20185,AXIS_ACC_20161,491.36,2026-01-10 22:44:17,TRANSFER,UPI,Kotak Mahindra Bank,IN,0,NORMAL_BANKING_FLOW
TX_KOTAK_108849,KOTAK_ACC_20175,KOTAK_ACC_20166,299.0,2026-01-11 03:36:00,TRANSFER,UPI,Kotak Mahindra Bank,IN,0,NORMAL_BANKING_FLOW
TX_KOTAK_108850,KOTAK_ACC_20193,KOTAK_ACC_20223,761.48,2026-01-10 23:06:08,TRANSFER,UPI,Kotak Mahindra Bank,IN,0,NORMAL_BANKING_FLOW
TX_KOTAK_108851,KOTAK_ACC_20134,KOTAK_ACC_20223,1988.73,2026-01-11 08:29:10,TRANSFER,UPI,Kotak Mahindra Bank,IN,0,NORMAL_BANKING_FLOW
TX_KOTAK_108852,KOTAK_ACC_20203,KOTAK_ACC_20045,243.85,2026-01-10 21:22:57,TRANSFER,IMPS,Kotak Mahindra Bank,IN,0,NORMAL_BANKING_FLOW
TX_KOTAK_108853,KOTAK_ACC_20023,ICICI_ACC_20238,117.67,2026-01-11 05:44:12,TRANSFER,IMPS,Kotak Mahindra Bank,IN,0,NORMAL_BANKING_FLOW
TX_KOTAK_108854,KOTAK_ACC_20130,SBI_ACC_20221,89.89,2026-01-11 08:32:07,TRANSFER,UPI,Kotak Mahindra Bank,IN,0,NORMAL_BANKING_FLOW
TX_KOTAK_108855,KOTAK_ACC_20061,KOTAK_ACC_20065,395.29,2026-01-11 01:56:00,TRANSFER,UPI,Kotak Mahindra Bank,IN,0,NORMAL_BANKING_FLOW
TX_KOTAK_108856,KOTAK_ACC_20092,KOTAK_ACC_20095,262.29,2026-01-10 19:19:15,TRANSFER,IMPS,Kotak Mahindra Bank,IN,0,NORMAL_BANKING_FLOW
TX_KOTAK_108857,KOTAK_ACC_20138,KOTAK_ACC_20081,526.52,2026-01-10 23:09:52,TRANSFER,UPI,Kotak Mahindra Bank,IN,0,NORMAL_BANKING_FLOW
TX_KOTAK_108858,KOTAK_ACC_20227,AXIS_ACC_20021,495.75,2026-01-11 05:06:33,TRANSFER,IMPS,Kotak Mahindra Bank,IN,0,NORMAL_BANKING_FLOW
TX_KOTAK_108859,KOTAK_ACC_20013,INDUS_ACC_20102,123.65,2026-01-10 22:49:58,TRANSFER,UPI,Kotak Mahindra Bank,IN,0,NORMAL_BANKING_FLOW
TX_KOTAK_108860,KOTAK_ACC_20231,BOB_ACC_20038,104.39,2026-01-10 22:08:31,TRANSFER,UPI,Kotak Mahindra Bank,IN,0,NORMAL_BANKING_FLOW
TX_KOTAK_108861,KOTAK_ACC_20083,KOTAK_ACC_20223,564.96,2026-01-11 02:42:00,TRANSFER,UPI,Kotak Mahindra Bank,IN,0,NORMAL_BANKING_FLOW
TX_KOTAK_108862,KOTAK_ACC_20114,KOTAK_ACC_20194,496.88,2026-01-11 06:54:54,TRANSFER,UPI,Kotak Mahindra Bank,IN,0,NORMAL_BANKING_FLOW
TX_KOTAK_108863,KOTAK_ACC_20092,KOTAK_ACC_20110,317.14,2026-01-11 05:10:38,TRANSFER,IMPS,Kotak Mahindra Bank,IN,0,NORMAL_BANKING_FLOW
TX_KOTAK_108864,KOTAK_ACC_20111,KOTAK_ACC_20023,118.43,2026-01-11 04:29:21,TRANSFER,UPI,Kotak Mahindra Bank,IN,0,NORMAL_BANKING_FLOW
TX_KOTAK_108865,KOTAK_ACC_20189,SBI_ACC_20134,650.09,2026-01-10 21:28:48,TRANSFER,UPI,Kotak Mahindra Bank,IN,0,NORMAL_BANKING_FLOW
TX_KOTAK_108866,KOTAK_ACC_20138,KOTAK_ACC_20137,1233.39,2026-01-11 02:24:25,TRANSFER,UPI,Kotak Mahindra Bank,IN,0,NORMAL_BANKING_FLOW
TX_KOTAK_108867,KOTAK_ACC_20245,KOTAK_ACC_20076,556.9,2026-01-11 00:18:30,TRANSFER,UPI,Kotak Mahindra Bank,IN,0,NORMAL_BANKING_FLOW
TX_KOTAK_108868,KOTAK_ACC_20175,KOTAK_ACC_20211,226.34,2026-01-11 03:08:01,TRANSFER,UPI,Kotak Mahindra Bank,IN,0,NORMAL_BANKING_FLOW
TX_KOTAK_108869,KOTAK_ACC_20005,KOTAK_ACC_20218,462.04,2026-01-11 05:15:32,TRANSFER,UPI,Kotak Mahindra Bank,IN,0,NORMAL_BANKING_FLOW
TX_KOTAK_108870,KOTAK_ACC_20045,KOTAK_ACC_20203,149.47,2026-01-11 01:23:42,TRANSFER,UPI,Kotak Mahindra Bank,IN,0,NORMAL_BANKING_FLOW
TX_KOTAK_108871,KOTAK_ACC_20101,KOTAK_ACC_20225,1039.37,2026-01-11 07:45:20,TRANSFER,UPI,Kotak Mahindra Bank,IN,0,NORMAL_BANKING_FLOW
TX_KOTAK_108872,KOTAK_ACC_20053,KOTAK_ACC_20051,476.03,2026-01-11 08:07:27,TRANSFER,UPI,Kotak Mahindra Bank,IN,0,NORMAL_BANKING_FLOW
TX_KOTAK_108873,KOTAK_ACC_20141,KOTAK_ACC_20010,108.36,2026-01-10 22:36:00,TRANSFER,UPI,Kotak Mahindra Bank,IN,0,NORMAL_BANKING_FLOW
TX_KOTAK_108874,KOTAK_ACC_20190,KOTAK_ACC_20229,350.53,2026-01-10 19:25:33,TRANSFER,UPI,Kotak Mahindra Bank,IN,0,NORMAL_BANKING_FLOW
TX_KOTAK_108875,KOTAK_ACC_20003,KOTAK_ACC_20054,645.9,2026-01-10 20:29:36,TRANSFER,UPI,Kotak Mahindra Bank,IN,0,NORMAL_BANKING_FLOW
TX_KOTAK_108876,KOTAK_ACC_20079,KOTAK_ACC_20132,341.57,2026-01-11 08:53:45,TRANSFER,IMPS,Kotak Mahindra Bank,IN,0,NORMAL_BANKING_FLOW
TX_KOTAK_108877,KOTAK_ACC_20170,KOTAK_ACC_20146,357.55,2026-01-10 23:41:48,TRANSFER,UPI,Kotak Mahindra Bank,IN,0,NORMAL_BANKING_FLOW
TX_KOTAK_108878,KOTAK_ACC_20110,AXIS_ACC_20065,167.42,2026-01-10 19:05:40,TRANSFER,UPI,Kotak Mahindra Bank,IN,0,NORMAL_BANKING_FLOW
TX_KOTAK_108879,KOTAK_ACC_20219,SBI_ACC_20058,701.51,2026-01-11 07:52:48,TRANSFER,UPI,Kotak Mahindra Bank,IN,0,NORMAL_BANKING_FLOW
TX_KOTAK_108880,KOTAK_ACC_20243,KOTAK_ACC_20099,265.4,2026-01-10 19:27:39,TRANSFER,UPI,Kotak Mahindra Bank,IN,0,NORMAL_BANKING_FLOW
TX_KOTAK_108881,KOTAK_ACC_20096,KOTAK_ACC_20193,79.43,2026-01-11 02:34:40,TRANSFER,UPI,Kotak Mahindra Bank,IN,0,NORMAL_BANKING_FLOW
TX_KOTAK_108882,KOTAK_ACC_20092,PNB_ACC_20018,331.29,2026-01-10 20:32:24,TRANSFER,UPI,Kotak Mahindra Bank,IN,0,NORMAL_BANKING_FLOW
TX_KOTAK_108883,KOTAK_ACC_20136,KOTAK_ACC_20116,977.42,2026-01-10 23:45:06,TRANSFER,UPI,Kotak Mahindra Bank,IN,0,NORMAL_BANKING_FLOW
TX_KOTAK_108884,KOTAK_ACC_20218,ICICI_ACC_20041,327.16,2026-01-11 07:14:42,TRANSFER,IMPS,Kotak Mahindra Bank,IN,0,NORMAL_BANKING_FLOW
TX_KOTAK_108885,KOTAK_ACC_20195,SBI_ACC_20130,1790.75,2026-01-11 06:11:24,TRANSFER,UPI,Kotak Mahindra Bank,IN,0,NORMAL_BANKING_FLOW
TX_KOTAK_108886,KOTAK_ACC_20020,KOTAK_ACC_20188,628.4,2026-01-11 00:08:10,TRANSFER,UPI,Kotak Mahindra Bank,IN,0,NORMAL_BANKING_FLOW
TX_KOTAK_108887,KOTAK_ACC_20189,KOTAK_ACC_20015,584.65,2026-01-11 02:38:46,TRANSFER,UPI,Kotak Mahindra Bank,IN,0,NORMAL_BANKING_FLOW
TX_KOTAK_108888,KOTAK_ACC_20228,KOTAK_ACC_20107,402.33,2026-01-10 21:17:42,TRANSFER,IMPS,Kotak Mahindra Bank,IN,0,NORMAL_BANKING_FLOW
TX_KOTAK_108889,KOTAK_ACC_20026,KOTAK_ACC_20157,422.15,2026-01-11 06:36:16,TRANSFER,UPI,Kotak Mahindra Bank,IN,0,NORMAL_BANKING_FLOW
TX_KOTAK_108890,KOTAK_ACC_20130,HDFC_ACC_20232,361.14,2026-01-11 08:24:33,TRANSFER,UPI,Kotak Mahindra Bank,IN,0,NORMAL_BANKING_FLOW
TX_KOTAK_108891,KOTAK_ACC_20034,PNB_ACC_20018,350.09,2026-01-11 01:58:30,TRANSFER,IMPS,Kotak Mahindra Bank,IN,0,NORMAL_BANKING_FLOW
TX_KOTAK_108892,KOTAK_ACC_20160,KOTAK_ACC_20139,681.77,2026-01-10 17:44:16,TRANSFER,UPI,Kotak Mahindra Bank,IN,0,NORMAL_BANKING_FLOW
TX_KOTAK_108893,KOTAK_ACC_20120,AXIS_ACC_20217,210.89,2026-01-10 23:50:36,TRANSFER,UPI,Kotak Mahindra Bank,IN,0,NORMAL_BANKING_FLOW
TX_KOTAK_108894,KOTAK_ACC_20110,KOTAK_ACC_20224,188.54,2026-01-10 20:37:12,TRANSFER,IMPS,Kotak Mahindra Bank,IN,0,NORMAL_BANKING_FLOW
TX_KOTAK_108895,KOTAK_ACC_20070,KOTAK_ACC_20054,181.53,2026-01-10 21:20:44,TRANSFER,IMPS,Kotak Mahindra Bank,IN,0,NORMAL_BANKING_FLOW
TX_KOTAK_108896,KOTAK_ACC_20088,KOTAK_ACC_20065,2290.5,2026-01-11 05:16:00,TRANSFER,UPI,Kotak Mahindra Bank,IN,0,NORMAL_BANKING_FLOW
TX_KOTAK_108897,KOTAK_ACC_20204,KOTAK_ACC_20237,681.49,2026-01-10 17:24:00,TRANSFER,UPI,Kotak Mahindra Bank,IN,0,NORMAL_BANKING_FLOW
TX_KOTAK_108898,KOTAK_ACC_20193,KOTAK_ACC_20132,568.84,2026-01-10 17:24:15,TRANSFER,UPI,Kotak Mahindra Bank,IN,0,NORMAL_BANKING_FLOW
TX_KOTAK_108899,KOTAK_ACC_20062,KOTAK_ACC_20006,191.33,2026-01-11 01:42:04,TRANSFER,UPI,Kotak Mahindra Bank,IN,0,NORMAL_BANKING_FLOW
TX_KOTAK_108900,KOTAK_ACC_20191,KOTAK_ACC_20108,734.12,2026-01-11 01:21:03,TRANSFER,UPI,Kotak Mahindra Bank,IN,0,NORMAL_BANKING_FLOW
TX_KOTAK_108901,KOTAK_ACC_20064,KOTAK_ACC_20059,406.16,2026-01-11 03:10:00,TRANSFER,UPI,Kotak Mahindra Bank,IN,0,NORMAL_BANKING_FLOW
TX_KOTAK_108902,KOTAK_ACC_20198,KOTAK_ACC_20195,529.18,2026-01-10 22:28:49,TRANSFER,UPI,Kotak Mahindra Bank,IN,0,NORMAL_BANKING_FLOW
TX_KOTAK_108903,KOTAK_ACC_20147,INDUS_ACC_20065,204.12,2026-01-10 19:14:00,TRANSFER,UPI,Kotak Mahindra Bank,IN,0,NORMAL_BANKING_FLOW
TX_KOTAK_108904,KOTAK_ACC_20235,BOB_ACC_20177,506.85,2026-01-10 18:52:37,TRANSFER,UPI,Kotak Mahindra Bank,IN,0,NORMAL_BANKING_FLOW
TX_KOTAK_108905,KOTAK_ACC_20194,KOTAK_ACC_20040,317.64,2026-01-10 21:03:20,TRANSFER,UPI,Kotak Mahindra Bank,IN,0,NORMAL_BANKING_FLOW
TX_KOTAK_108906,KOTAK_ACC_20046,KOTAK_ACC_20172,241.65,2026-01-10 17:26:15,TRANSFER,UPI,Kotak Mahindra Bank,IN,0,NORMAL_BANKING_FLOW
TX_KOTAK_108907,KOTAK_ACC_20201,KOTAK_ACC_20012,802.14,2026-01-11 06:08:20,TRANSFER,UPI,Kotak Mahindra Bank,IN,0,NORMAL_BANKING_FLOW
TX_KOTAK_108908,KOTAK_ACC_20174,KOTAK_ACC_20028,130.3,2026-01-11 05:03:49,TRANSFER,UPI,Kotak Mahindra Bank,IN,0,NORMAL_BANKING_FLOW
TX_KOTAK_108909,KOTAK_ACC_20140,KOTAK_ACC_20249,700.52,2026-01-11 03:37:24,TRANSFER,IMPS,Kotak Mahindra Bank,IN,0,NORMAL_BANKING_FLOW
TX_KOTAK_108910,KOTAK_ACC_20110,KOTAK_ACC_20248,770.92,2026-01-10 21:05:25,TRANSFER,UPI,Kotak Mahindra Bank,IN,0,NORMAL_BANKING_FLOW
TX_KOTAK_108911,KOTAK_ACC_20194,KOTAK_ACC_20188,220.59,2026-01-10 18:11:10,TRANSFER,IMPS,Kotak Mahindra Bank,IN,0,NORMAL_BANKING_FLOW
TX_KOTAK_108912,KOTAK_ACC_20034,KOTAK_ACC_20236,231.31,2026-01-10 22:33:39,TRANSFER,IMPS,Kotak Mahindra Bank,IN,0,NORMAL_BANKING_FLOW
TX_KOTAK_108913,KOTAK_ACC_20227,KOTAK_ACC_20061,373.0,2026-01-11 07:18:56,TRANSFER,UPI,Kotak Mahindra Bank,IN,0,NORMAL_BANKING_FLOW
TX_KOTAK_108914,KOTAK_ACC_20246,KOTAK_ACC_20043,558.71,2026-01-10 18:33:54,TRANSFER,UPI,Kotak Mahindra Bank,IN,0,NORMAL_BANKING_FLOW
TX_KOTAK_108915,KOTAK_ACC_20193,KOTAK_ACC_20064,394.54,2026-01-11 01:52:12,TRANSFER,UPI,Kotak Mahindra Bank,IN,0,NORMAL_BANKING_FLOW
TX_KOTAK_108916,KOTAK_ACC_20038,AXIS_ACC_20143,630.71,2026-01-11 07:21:35,TRANSFER,UPI,Kotak Mahindra Bank,IN,0,NORMAL_BANKING_FLOW
TX_KOTAK_108917,KOTAK_ACC_20072,KOTAK_ACC_20195,1826.91,2026-01-10 22:36:04,TRANSFER,UPI,Kotak Mahindra Bank,IN,0,NORMAL_BANKING_FLOW
TX_KOTAK_108918,KOTAK_ACC_20123,KOTAK_ACC_20090,297.03,2026-01-11 09:13:06,TRANSFER,UPI,Kotak Mahindra Bank,IN,0,NORMAL_BANKING_FLOW
TX_KOTAK_108919,KOTAK_ACC_20149,KOTAK_ACC_20039,113.05,2026-01-10 23:20:58,TRANSFER,UPI,Kotak Mahindra Bank,IN,0,NORMAL_BANKING_FLOW
TX_KOTAK_108920,KOTAK_ACC_20188,KOTAK_ACC_20048,863.28,2026-01-11 06:19:10,TRANSFER,UPI,Kotak Mahindra Bank,IN,0,NORMAL_BANKING_FLOW
TX_KOTAK_108921,KOTAK_ACC_20133,KOTAK_ACC_20065,1714.11,2026-01-10 22:38:00,TRANSFER,IMPS,Kotak Mahindra Bank,IN,0,NORMAL_BANKING_FLOW
TX_KOTAK_108922,KOTAK_ACC_20105,KOTAK_ACC_20213,610.46,2026-01-10 19:42:21,TRANSFER,UPI,Kotak Mahindra Bank,IN,0,NORMAL_BANKING_FLOW
TX_KOTAK_108923,KOTAK_ACC_20011,KOTAK_ACC_20208,186.76,2026-01-10 20:26:46,TRANSFER,UPI,Kotak Mahindra Bank,IN,0,NORMAL_BANKING_FLOW
TX_KOTAK_108924,KOTAK_ACC_20014,PNB_ACC_20239,403.79,2026-01-10 17:52:48,TRANSFER,UPI,Kotak Mahindra Bank,IN,0,NORMAL_BANKING_FLOW
TX_KOTAK_108925,KOTAK_ACC_20126,KOTAK_ACC_20085,182.21,2026-01-11 08:57:48,TRANSFER,UPI,Kotak Mahindra Bank,IN,0,NORMAL_BANKING_FLOW
TX_KOTAK_108926,KOTAK_ACC_20080,KOTAK_ACC_20032,745.67,2026-01-11 07:08:20,TRANSFER,UPI,Kotak Mahindra Bank,IN,0,NORMAL_BANKING_FLOW
TX_KOTAK_108927,KOTAK_ACC_20043,KOTAK_ACC_20158,151.26,2026-01-10 22:18:48,TRANSFER,UPI,Kotak Mahindra Bank,IN,0,NORMAL_BANKING_FLOW
TX_KOTAK_108928,KOTAK_ACC_20073,KOTAK_ACC_20147,350.69,2026-01-10 18:38:06,TRANSFER,UPI,Kotak Mahindra Bank,IN,0,NORMAL_BANKING_FLOW
TX_KOTAK_108929,KOTAK_ACC_20027,KOTAK_ACC_20121,199.64,2026-01-11 09:45:52,TRANSFER,UPI,Kotak Mahindra Bank,IN,0,NORMAL_BANKING_FLOW
TX_KOTAK_108930,KOTAK_ACC_20064,SBI_ACC_20007,493.47,2026-01-10 20:07:18,TRANSFER,UPI,Kotak Mahindra Bank,IN,0,NORMAL_BANKING_FLOW
TX_KOTAK_108931,KOTAK_ACC_20091,KOTAK_ACC_20174,332.6,2026-01-10 21:58:30,TRANSFER,UPI,Kotak Mahindra Bank,IN,0,NORMAL_BANKING_FLOW
TX_KOTAK_108932,KOTAK_ACC_20234,YES_ACC_20084,513.58,2026-01-11 05:22:37,TRANSFER,UPI,Kotak Mahindra Bank,IN,0,NORMAL_BANKING_FLOW
TX_KOTAK_108933,KOTAK_ACC_20193,KOTAK_ACC_20075,453.9,2026-01-11 09:27:36,TRANSFER,IMPS,Kotak Mahindra Bank,IN,0,NORMAL_BANKING_FLOW
TX_KOTAK_108934,KOTAK_ACC_20103,KOTAK_ACC_20001,202.49,2026-01-10 23:50:56,TRANSFER,UPI,Kotak Mahindra Bank,IN,0,NORMAL_BANKING_FLOW
TX_KOTAK_108935,KOTAK_ACC_20100,KOTAK_ACC_20014,736.2,2026-01-11 03:56:02,TRANSFER,UPI,Kotak Mahindra Bank,IN,0,NORMAL_BANKING_FLOW
TX_KOTAK_108936,KOTAK_ACC_20203,KOTAK_ACC_20026,428.8,2026-01-11 00:14:15,TRANSFER,IMPS,Kotak Mahindra Bank,IN,0,NORMAL_BANKING_FLOW
TX_KOTAK_108937,KOTAK_ACC_20027,KOTAK_ACC_20050,202.18,2026-01-10 20:54:24,TRANSFER,UPI,Kotak Mahindra Bank,IN,0,NORMAL_BANKING_FLOW
TX_KOTAK_108938,KOTAK_ACC_20053,KOTAK_ACC_20039,2677.77,2026-01-11 03:35:54,TRANSFER,UPI,Kotak Mahindra Bank,IN,0,NORMAL_BANKING_FLOW
TX_KOTAK_108939,KOTAK_ACC_20033,PNB_ACC_20001,652.72,2026-01-11 01:45:06,TRANSFER,UPI,Kotak Mahindra Bank,IN,0,NORMAL_BANKING_FLOW
TX_KOTAK_108940,KOTAK_ACC_20063,HDFC_ACC_20102,394.41,2026-01-11 00:38:46,TRANSFER,UPI,Kotak Mahindra Bank,IN,0,NORMAL_BANKING_FLOW
TX_KOTAK_108941,KOTAK_ACC_20155,INDUS_ACC_20123,1383.21,2026-01-10 17:57:20,TRANSFER,UPI,Kotak Mahindra Bank,IN,0,NORMAL_BANKING_FLOW
TX_KOTAK_108942,KOTAK_ACC_20176,YES_ACC_20143,1945.85,2026-01-11 04:01:03,TRANSFER,UPI,Kotak Mahindra Bank,IN,0,NORMAL_BANKING_FLOW
TX_KOTAK_108943,KOTAK_ACC_20239,KOTAK_ACC_20170,396.91,2026-01-11 00:18:06,TRANSFER,IMPS,Kotak Mahindra Bank,IN,0,NORMAL_BANKING_FLOW
TX_KOTAK_108944,KOTAK_ACC_20102,KOTAK_ACC_20017,588.7,2026-01-10 19:50:03,TRANSFER,UPI,Kotak Mahindra Bank,IN,0,NORMAL_BANKING_FLOW
TX_KOTAK_108945,KOTAK_ACC_20066,BOB_ACC_20017,202.27,2026-01-11 04:25:36,TRANSFER,UPI,Kotak Mahindra Bank,IN,0,NORMAL_BANKING_FLOW
TX_KOTAK_108946,KOTAK_ACC_20124,KOTAK_ACC_20068,396.33,2026-01-10 23:12:30,TRANSFER,UPI,Kotak Mahindra Bank,IN,0,NORMAL_BANKING_FLOW
TX_KOTAK_108947,KOTAK_ACC_20225,AXIS_ACC_20193,380.22,2026-01-10 21:20:50,TRANSFER,UPI,Kotak Mahindra Bank,IN,0,NORMAL_BANKING_FLOW
TX_KOTAK_108948,KOTAK_ACC_20053,INDUS_ACC_20061,516.91,2026-01-11 08:12:18,TRANSFER,UPI,Kotak Mahindra Bank,IN,0,NORMAL_BANKING_FLOW
TX_KOTAK_108949,KOTAK_ACC_20189,KOTAK_ACC_20218,581.85,2026-01-11 07:50:44,TRANSFER,UPI,Kotak Mahindra Bank,IN,0,NORMAL_BANKING_FLOW
TX_KOTAK_108950,KOTAK_ACC_20167,KOTAK_ACC_20088,697.75,2026-01-11 02:59:20,TRANSFER,UPI,Kotak Mahindra Bank,IN,0,NORMAL_BANKING_FLOW
TX_KOTAK_108951,KOTAK_ACC_20206,KOTAK_ACC_20119,539.21,2026-01-10 22:07:30,TRANSFER,UPI,Kotak Mahindra Bank,IN,0,NORMAL_BANKING_FLOW
TX_KOTAK_108952,KOTAK_ACC_20221,KOTAK_ACC_20021,169.25,2026-01-10 23:15:30,TRANSFER,UPI,Kotak Mahindra Bank,IN,0,NORMAL_BANKING_FLOW
TX_KOTAK_108953,KOTAK_ACC_20154,KOTAK_ACC_20185,210.45,2026-01-10 23:38:32,TRANSFER,UPI,Kotak Mahindra Bank,IN,0,NORMAL_BANKING_FLOW
TX_KOTAK_108954,KOTAK_ACC_20084,KOTAK_ACC_20126,287.98,2026-01-11 00:46:42,TRANSFER,UPI,Kotak Mahindra Bank,IN,0,NORMAL_BANKING_FLOW
TX_KOTAK_108955,KOTAK_ACC_20167,KOTAK_ACC_20118,355.74,2026-01-10 22:09:18,TRANSFER,UPI,Kotak Mahindra Bank,IN,0,NORMAL_BANKING_FLOW
TX_KOTAK_108956,KOTAK_ACC_20150,SBI_ACC_20147,1033.41,2026-01-10 18:23:55,TRANSFER,UPI,Kotak Mahindra Bank,IN,0,NORMAL_BANKING_FLOW
TX_KOTAK_108957,KOTAK_ACC_20017,KOTAK_ACC_20094,175.85,2026-01-11 03:26:36,TRANSFER,UPI,Kotak Mahindra Bank,IN,0,NORMAL_BANKING_FLOW
TX_KOTAK_108958,KOTAK_ACC_20086,KOTAK_ACC_20243,334.98,2026-01-11 02:42:03,TRANSFER,IMPS,Kotak Mahindra Bank,IN,0,NORMAL_BANKING_FLOW
TX_KOTAK_108959,KOTAK_ACC_20098,KOTAK_ACC_20238,955.67,2026-01-11 04:13:14,TRANSFER,UPI,Kotak Mahindra Bank,IN,0,NORMAL_BANKING_FLOW
TX_KOTAK_108960,KOTAK_ACC_20197,KOTAK_ACC_20005,350.76,2026-01-10 18:25:03,TRANSFER,UPI,Kotak Mahindra Bank,IN,0,NORMAL_BANKING_FLOW
TX_KOTAK_108961,KOTAK_ACC_20232,BOB_ACC_20231,644.41,2026-01-11 01:36:00,TRANSFER,UPI,Kotak Mahindra Bank,IN,0,NORMAL_BANKING_FLOW
TX_KOTAK_108962,KOTAK_ACC_20013,KOTAK_ACC_20191,398.76,2026-01-11 07:39:32,TRANSFER,UPI,Kotak Mahindra Bank,IN,0,NORMAL_BANKING_FLOW
TX_KOTAK_108963,KOTAK_ACC_20028,CANARA_ACC_20247,547.54,2026-01-10 18:03:12,TRANSFER,UPI,Kotak Mahindra Bank,IN,0,NORMAL_BANKING_FLOW
TX_KOTAK_108964,KOTAK_ACC_20163,KOTAK_ACC_20054,371.38,2026-01-11 01:15:05,TRANSFER,UPI,Kotak Mahindra Bank,IN,0,NORMAL_BANKING_FLOW
TX_KOTAK_108965,KOTAK_ACC_20182,HDFC_ACC_20229,760.25,2026-01-10 18:26:28,TRANSFER,UPI,Kotak Mahindra Bank,IN,0,NORMAL_BANKING_FLOW
TX_KOTAK_108966,KOTAK_ACC_20203,KOTAK_ACC_20169,129.54,2026-01-11 09:59:30,TRANSFER,UPI,Kotak Mahindra Bank,IN,0,NORMAL_BANKING_FLOW
TX_KOTAK_108967,KOTAK_ACC_20173,HDFC_ACC_20099,333.4,2026-01-11 04:41:44,TRANSFER,UPI,Kotak Mahindra Bank,IN,0,NORMAL_BANKING_FLOW
TX_KOTAK_108968,KOTAK_ACC_20046,KOTAK_ACC_20064,565.24,2026-01-11 01:17:25,TRANSFER,UPI,Kotak Mahindra Bank,IN,0,NORMAL_BANKING_FLOW
TX_KOTAK_108969,KOTAK_ACC_20030,KOTAK_ACC_20138,683.32,2026-01-11 00:55:12,TRANSFER,UPI,Kotak Mahindra Bank,IN,0,NORMAL_BANKING_FLOW
TX_KOTAK_108970,KOTAK_ACC_20142,YES_ACC_20115,1471.98,2026-01-11 01:41:24,TRANSFER,UPI,Kotak Mahindra Bank,IN,0,NORMAL_BANKING_FLOW
TX_KOTAK_108971,KOTAK_ACC_20098,KOTAK_ACC_20123,326.09,2026-01-10 20:22:20,TRANSFER,IMPS,Kotak Mahindra Bank,IN,0,NORMAL_BANKING_FLOW
TX_KOTAK_108972,KOTAK_ACC_20212,KOTAK_ACC_20249,1456.2,2026-01-11 10:28:09,TRANSFER,UPI,Kotak Mahindra Bank,IN,0,NORMAL_BANKING_FLOW
TX_KOTAK_108973,KOTAK_ACC_20150,ICICI_ACC_20217,263.16,2026-01-10 21:08:48,TRANSFER,UPI,Kotak Mahindra Bank,IN,0,NORMAL_BANKING_FLOW
TX_KOTAK_108974,KOTAK_ACC_20159,KOTAK_ACC_20136,1290.67,2026-01-11 05:32:38,TRANSFER,UPI,Kotak Mahindra Bank,IN,0,NORMAL_BANKING_FLOW
TX_KOTAK_108975,KOTAK_ACC_20166,KOTAK_ACC_20147,857.46,2026-01-11 05:56:18,TRANSFER,UPI,Kotak Mahindra Bank,IN,0,NORMAL_BANKING_FLOW
TX_KOTAK_108976,KOTAK_ACC_20159,SBI_ACC_20163,214.7,2026-01-11 10:09:10,TRANSFER,UPI,Kotak Mahindra Bank,IN,0,NORMAL_BANKING_FLOW
TX_KOTAK_108977,KOTAK_ACC_20184,KOTAK_ACC_20173,570.0,2026-01-11 06:20:48,TRANSFER,UPI,Kotak Mahindra Bank,IN,0,NORMAL_BANKING_FLOW
TX_KOTAK_108978,KOTAK_ACC_20224,KOTAK_ACC_20119,427.95,2026-01-11 07:07:30,TRANSFER,UPI,Kotak Mahindra Bank,IN,0,NORMAL_BANKING_FLOW
TX_KOTAK_108979,KOTAK_ACC_20180,AXIS_ACC_20116,735.44,2026-01-11 10:58:00,TRANSFER,UPI,Kotak Mahindra Bank,IN,0,NORMAL_BANKING_FLOW
TX_KOTAK_108980,KOTAK_ACC_20135,KOTAK_ACC_20145,372.93,2026-01-11 03:42:19,TRANSFER,UPI,Kotak Mahindra Bank,IN,0,NORMAL_BANKING_FLOW
TX_KOTAK_108981,KOTAK_ACC_20005,KOTAK_ACC_20032,348.7,2026-01-11 03:20:00,TRANSFER,IMPS,Kotak Mahindra Bank,IN,0,NORMAL_BANKING_FLOW
TX_KOTAK_108982,KOTAK_ACC_20213,KOTAK_ACC_20140,1333.12,2026-01-11 04:06:42,TRANSFER,UPI,Kotak Mahindra Bank,IN,0,NORMAL_BANKING_FLOW
TX_KOTAK_108983,KOTAK_ACC_20024,KOTAK_ACC_20079,412.0,2026-01-11 11:02:00,TRANSFER,IMPS,Kotak Mahindra Bank,IN,0,NORMAL_BANKING_FLOW
TX_KOTAK_108984,KOTAK_ACC_20191,SBI_ACC_20200,863.62,2026-01-10 17:45:45,TRANSFER,UPI,Kotak Mahindra Bank,IN,0,NORMAL_BANKING_FLOW
TX_KOTAK_108985,KOTAK_ACC_20011,KOTAK_ACC_20199,372.31,2026-01-11 04:31:52,TRANSFER,UPI,Kotak Mahindra Bank,IN,0,NORMAL_BANKING_FLOW
TX_KOTAK_108986,KOTAK_ACC_20108,KOTAK_ACC_20199,1691.43,2026-01-10 20:27:50,TRANSFER,UPI,Kotak Mahindra Bank,IN,0,NORMAL_BANKING_FLOW
TX_KOTAK_108987,KOTAK_ACC_20155,KOTAK_ACC_20149,259.13,2026-01-10 18:32:42,TRANSFER,UPI,Kotak Mahindra Bank,IN,0,NORMAL_BANKING_FLOW
TX_KOTAK_108988,KOTAK_ACC_20041,KOTAK_ACC_20144,272.79,2026-01-11 03:47:47,TRANSFER,UPI,Kotak Mahindra Bank,IN,0,NORMAL_BANKING_FLOW
TX_KOTAK_108989,KOTAK_ACC_20084,PNB_ACC_20039,1509.62,2026-01-11 06:07:16,TRANSFER,UPI,Kotak Mahindra Bank,IN,0,NORMAL_BANKING_FLOW
TX_KOTAK_108990,KOTAK_ACC_20190,KOTAK_ACC_20150,312.32,2026-01-11 04:58:36,TRANSFER,IMPS,Kotak Mahindra Bank,IN,0,NORMAL_BANKING_FLOW
TX_KOTAK_108991,KOTAK_ACC_20210,ICICI_ACC_20229,1604.97,2026-01-11 11:10:00,TRANSFER,UPI,Kotak Mahindra Bank,IN,0,NORMAL_BANKING_FLOW
TX_KOTAK_108992,KOTAK_ACC_20218,KOTAK_ACC_20152,910.03,2026-01-11 02:40:58,TRANSFER,UPI,Kotak Mahindra Bank,IN,0,NORMAL_BANKING_FLOW
TX_KOTAK_108993,KOTAK_ACC_20207,KOTAK_ACC_20161,393.97,2026-01-11 05:24:00,TRANSFER,UPI,Kotak Mahindra Bank,IN,0,NORMAL_BANKING_FLOW
TX_KOTAK_108994,KOTAK_ACC_20114,INDUS_ACC_20130,104.52,2026-01-11 01:32:35,TRANSFER,IMPS,Kotak Mahindra Bank,IN,0,NORMAL_BANKING_FLOW
TX_KOTAK_108995,KOTAK_ACC_20179,AXIS_ACC_20244,439.02,2026-01-11 05:02:16,TRANSFER,UPI,Kotak Mahindra Bank,IN,0,NORMAL_BANKING_FLOW
TX_KOTAK_108996,KOTAK_ACC_20017,INDUS_ACC_20048,483.62,2026-01-11 10:05:15,TRANSFER,UPI,Kotak Mahindra Bank,IN,0,NORMAL_BANKING_FLOW
TX_KOTAK_108997,KOTAK_ACC_20036,KOTAK_ACC_20183,1134.3,2026-01-11 08:09:52,TRANSFER,UPI,Kotak Mahindra Bank,IN,0,NORMAL_BANKING_FLOW
TX_KOTAK_108998,KOTAK_ACC_20110,KOTAK_ACC_20127,1588.84,2026-01-11 08:10:44,TRANSFER,UPI,Kotak Mahindra Bank,IN,0,NORMAL_BANKING_FLOW
TX_KOTAK_108999,KOTAK_ACC_20082,KOTAK_ACC_20103,257.76,2026-01-11 05:05:12,TRANSFER,UPI,Kotak Mahindra Bank,IN,0,NORMAL_BANKING_FLOW
TX_KOTAK_109000,KOTAK_ACC_20027,KOTAK_ACC_20238,846.36,2026-01-10 17:49:45,TRANSFER,UPI,Kotak Mahindra Bank,IN,0,NORMAL_BANKING_FLOW
TX_KOTAK_109001,KOTAK_ACC_20065,KOTAK_ACC_20237,822.48,2026-01-10 23:16:40,TRANSFER,UPI,Kotak Mahindra Bank,IN,0,NORMAL_BANKING_FLOW
TX_KOTAK_109002,KOTAK_ACC_20244,SBI_ACC_20075,1052.3,2026-01-10 21:43:45,TRANSFER,UPI,Kotak Mahindra Bank,IN,0,NORMAL_BANKING_FLOW
TX_KOTAK_109003,KOTAK_ACC_20025,KOTAK_ACC_20102,664.44,2026-01-10 20:34:04,TRANSFER,UPI,Kotak Mahindra Bank,IN,0,NORMAL_BANKING_FLOW
TX_KOTAK_109004,KOTAK_ACC_20037,KOTAK_ACC_20000,94.25,2026-01-11 05:55:38,TRANSFER,UPI,Kotak Mahindra Bank,IN,0,NORMAL_BANKING_FLOW
TX_KOTAK_109005,KOTAK_ACC_20039,CANARA_ACC_20026,393.73,2026-01-11 04:46:12,TRANSFER,UPI,Kotak Mahindra Bank,IN,0,NORMAL_BANKING_FLOW
TX_KOTAK_109006,KOTAK_ACC_20189,SBI_ACC_20105,176.87,2026-01-11 04:46:55,TRANSFER,UPI,Kotak Mahindra Bank,IN,0,NORMAL_BANKING_FLOW
TX_KOTAK_109007,KOTAK_ACC_20178,KOTAK_ACC_20145,379.14,2026-01-11 00:53:18,TRANSFER,UPI,Kotak Mahindra Bank,IN,0,NORMAL_BANKING_FLOW
TX_KOTAK_109008,KOTAK_ACC_20176,KOTAK_ACC_20131,976.53,2026-01-11 08:42:51,TRANSFER,IMPS,Kotak Mahindra Bank,IN,0,NORMAL_BANKING_FLOW
TX_KOTAK_109009,KOTAK_ACC_20124,YES_ACC_20118,569.14,2026-01-11 07:33:20,TRANSFER,UPI,Kotak Mahindra Bank,IN,0,NORMAL_BANKING_FLOW
TX_KOTAK_109010,KOTAK_ACC_20221,KOTAK_ACC_20227,1117.08,2026-01-11 03:39:20,TRANSFER,UPI,Kotak Mahindra Bank,IN,0,NORMAL_BANKING_FLOW
TX_KOTAK_109011,KOTAK_ACC_20188,KOTAK_ACC_20063,586.05,2026-01-11 04:50:30,TRANSFER,UPI,Kotak Mahindra Bank,IN,0,NORMAL_BANKING_FLOW
TX_KOTAK_109012,KOTAK_ACC_20059,KOTAK_ACC_20082,157.8,2026-01-10 19:26:49,TRANSFER,UPI,Kotak Mahindra Bank,IN,0,NORMAL_BANKING_FLOW
TX_KOTAK_109013,KOTAK_ACC_20107,KOTAK_ACC_20124,59.34,2026-01-11 06:26:04,TRANSFER,UPI,Kotak Mahindra Bank,IN,0,NORMAL_BANKING_FLOW
TX_KOTAK_109014,KOTAK_ACC_20013,YES_ACC_20206,502.22,2026-01-10 21:01:39,TRANSFER,UPI,Kotak Mahindra Bank,IN,0,NORMAL_BANKING_FLOW
TX_KOTAK_109015,KOTAK_ACC_20131,KOTAK_ACC_20168,375.73,2026-01-11 05:16:56,TRANSFER,IMPS,Kotak Mahindra Bank,IN,0,NORMAL_BANKING_FLOW
TX_KOTAK_109016,KOTAK_ACC_20111,KOTAK_ACC_20100,204.07,2026-01-10 18:40:55,TRANSFER,UPI,Kotak Mahindra Bank,IN,0,NORMAL_BANKING_FLOW
TX_KOTAK_109017,KOTAK_ACC_20081,INDUS_ACC_20008,114.38,2026-01-11 11:12:24,TRANSFER,IMPS,Kotak Mahindra Bank,IN,0,NORMAL_BANKING_FLOW
TX_KOTAK_109018,KOTAK_ACC_20100,AXIS_ACC_20065,247.7,2026-01-11 10:26:09,TRANSFER,UPI,Kotak Mahindra Bank,IN,0,NORMAL_BANKING_FLOW
TX_KOTAK_109019,KOTAK_ACC_20222,AXIS_ACC_20023,381.61,2026-01-10 18:18:08,TRANSFER,UPI,Kotak Mahindra Bank,IN,0,NORMAL_BANKING_FLOW
TX_KOTAK_109020,KOTAK_ACC_20197,KOTAK_ACC_20209,759.53,2026-01-10 21:03:57,TRANSFER,UPI,Kotak Mahindra Bank,IN,0,NORMAL_BANKING_FLOW
TX_KOTAK_109021,KOTAK_ACC_20112,KOTAK_ACC_20249,518.48,2026-01-11 11:40:00,TRANSFER,UPI,Kotak Mahindra Bank,IN,0,NORMAL_BANKING_FLOW
TX_KOTAK_109022,KOTAK_ACC_20001,KOTAK_ACC_20189,1613.97,2026-01-11 01:48:55,TRANSFER,UPI,Kotak Mahindra Bank,IN,0,NORMAL_BANKING_FLOW
TX_KOTAK_109023,KOTAK_ACC_20040,KOTAK_ACC_20167,194.71,2026-01-11 09:43:30,TRANSFER,UPI,Kotak Mahindra Bank,IN,0,NORMAL_BANKING_FLOW
TX_KOTAK_109024,KOTAK_ACC_20105,PNB_ACC_20056,902.21,2026-01-10 20:41:46,TRANSFER,UPI,Kotak Mahindra Bank,IN,0,NORMAL_BANKING_FLOW
TX_KOTAK_109025,KOTAK_ACC_20042,BOB_ACC_20190,463.05,2026-01-11 02:14:24,TRANSFER,UPI,Kotak Mahindra Bank,IN,0,NORMAL_BANKING_FLOW
TX_KOTAK_109026,KOTAK_ACC_20119,KOTAK_ACC_20003,777.23,2026-01-11 04:37:30,TRANSFER,IMPS,Kotak Mahindra Bank,IN,0,NORMAL_BANKING_FLOW
TX_KOTAK_109027,KOTAK_ACC_20017,KOTAK_ACC_20248,314.44,2026-01-11 03:03:08,TRANSFER,UPI,Kotak Mahindra Bank,IN,0,NORMAL_BANKING_FLOW
TX_KOTAK_109028,KOTAK_ACC_20085,KOTAK_ACC_20047,1050.84,2026-01-11 07:01:36,TRANSFER,UPI,Kotak Mahindra Bank,IN,0,NORMAL_BANKING_FLOW
TX_KOTAK_109029,KOTAK_ACC_20198,BOB_ACC_20193,564.64,2026-01-10 20:43:36,TRANSFER,UPI,Kotak Mahindra Bank,IN,0,NORMAL_BANKING_FLOW
TX_KOTAK_109030,KOTAK_ACC_20075,KOTAK_ACC_20214,258.9,2026-01-11 10:13:44,TRANSFER,UPI,Kotak Mahindra Bank,IN,0,NORMAL_BANKING_FLOW
TX_KOTAK_109031,KOTAK_ACC_20028,KOTAK_ACC_20007,441.59,2026-01-11 03:05:40,TRANSFER,UPI,Kotak Mahindra Bank,IN,0,NORMAL_BANKING_FLOW
TX_KOTAK_109032,KOTAK_ACC_20188,KOTAK_ACC_20093,368.1,2026-01-11 05:05:33,TRANSFER,UPI,Kotak Mahindra Bank,IN,0,NORMAL_BANKING_FLOW
TX_KOTAK_109033,KOTAK_ACC_20246,INDUS_ACC_20009,659.41,2026-01-11 06:17:52,TRANSFER,UPI,Kotak Mahindra Bank,IN,0,NORMAL_BANKING_FLOW
TX_KOTAK_109034,KOTAK_ACC_20126,PNB_ACC_20074,173.5,2026-01-11 07:54:10,TRANSFER,UPI,Kotak Mahindra Bank,IN,0,NORMAL_BANKING_FLOW
TX_KOTAK_109035,KOTAK_ACC_20048,KOTAK_ACC_20173,435.51,2026-01-10 19:58:00,TRANSFER,UPI,Kotak Mahindra Bank,IN,0,NORMAL_BANKING_FLOW
TX_KOTAK_109036,KOTAK_ACC_20217,BOB_ACC_20150,611.7,2026-01-11 08:43:40,TRANSFER,UPI,Kotak Mahindra Bank,IN,0,NORMAL_BANKING_FLOW
TX_KOTAK_109037,KOTAK_ACC_20238,BOB_ACC_20101,457.79,2026-01-11 04:45:12,TRANSFER,UPI,Kotak Mahindra Bank,IN,0,NORMAL_BANKING_FLOW
TX_KOTAK_109038,KOTAK_ACC_20102,KOTAK_ACC_20111,1309.7,2026-01-11 09:09:21,TRANSFER,UPI,Kotak Mahindra Bank,IN,0,NORMAL_BANKING_FLOW
TX_KOTAK_109039,KOTAK_ACC_20165,KOTAK_ACC_20171,828.17,2026-01-10 18:23:28,TRANSFER,UPI,Kotak Mahindra Bank,IN,0,NORMAL_BANKING_FLOW
TX_KOTAK_109040,KOTAK_ACC_20022,KOTAK_ACC_20195,443.2,2026-01-11 02:47:23,TRANSFER,UPI,Kotak Mahindra Bank,IN,0,NORMAL_BANKING_FLOW
TX_KOTAK_109041,KOTAK_ACC_20114,KOTAK_ACC_20092,530.25,2026-01-11 08:48:00,TRANSFER,IMPS,Kotak Mahindra Bank,IN,0,NORMAL_BANKING_FLOW
TX_KOTAK_109042,KOTAK_ACC_20051,KOTAK_ACC_20134,564.83,2026-01-10 19:36:19,TRANSFER,IMPS,Kotak Mahindra Bank,IN,0,NORMAL_BANKING_FLOW
TX_KOTAK_109043,KOTAK_ACC_20055,KOTAK_ACC_20044,615.63,2026-01-11 00:25:02,TRANSFER,UPI,Kotak Mahindra Bank,IN,0,NORMAL_BANKING_FLOW
TX_KOTAK_109044,KOTAK_ACC_20068,PNB_ACC_20206,103.49,2026-01-11 05:38:12,TRANSFER,UPI,Kotak Mahindra Bank,IN,0,NORMAL_BANKING_FLOW
TX_KOTAK_109045,KOTAK_ACC_20005,KOTAK_ACC_20160,350.3,2026-01-11 02:26:24,TRANSFER,UPI,Kotak Mahindra Bank,IN,0,NORMAL_BANKING_FLOW
TX_KOTAK_109046,KOTAK_ACC_20040,KOTAK_ACC_20241,135.97,2026-01-11 06:27:50,TRANSFER,UPI,Kotak Mahindra Bank,IN,0,NORMAL_BANKING_FLOW
TX_KOTAK_109047,KOTAK_ACC_20022,KOTAK_ACC_20175,1239.7,2026-01-11 00:51:12,TRANSFER,UPI,Kotak Mahindra Bank,IN,0,NORMAL_BANKING_FLOW
TX_KOTAK_109048,KOTAK_ACC_20038,YES_ACC_20197,424.67,2026-01-11 03:40:33,TRANSFER,UPI,Kotak Mahindra Bank,IN,0,NORMAL_BANKING_FLOW
TX_KOTAK_109049,KOTAK_ACC_20207,KOTAK_ACC_20217,381.96,2026-01-11 02:28:48,TRANSFER,UPI,Kotak Mahindra Bank,IN,0,NORMAL_BANKING_FLOW
TX_KOTAK_109050,KOTAK_ACC_20231,CANARA_ACC_20010,913.64,2026-01-11 11:20:42,TRANSFER,UPI,Kotak Mahindra Bank,IN,0,NORMAL_BANKING_FLOW
TX_KOTAK_109051,KOTAK_ACC_20000,KOTAK_ACC_20136,625.07,2026-01-11 11:21:40,TRANSFER,UPI,Kotak Mahindra Bank,IN,0,NORMAL_BANKING_FLOW
TX_KOTAK_109052,KOTAK_ACC_20149,HDFC_ACC_20157,180.75,2026-01-11 11:46:49,TRANSFER,UPI,Kotak Mahindra Bank,IN,0,NORMAL_BANKING_FLOW
TX_KOTAK_109053,KOTAK_ACC_20011,BOB_ACC_20153,421.27,2026-01-11 08:10:00,TRANSFER,UPI,Kotak Mahindra Bank,IN,0,NORMAL_BANKING_FLOW
TX_KOTAK_109054,KOTAK_ACC_20114,PNB_ACC_20141,340.99,2026-01-11 11:00:21,TRANSFER,UPI,Kotak Mahindra Bank,IN,0,NORMAL_BANKING_FLOW
TX_KOTAK_109055,KOTAK_ACC_20221,KOTAK_ACC_20209,110.43,2026-01-11 11:01:18,TRANSFER,UPI,Kotak Mahindra Bank,IN,0,NORMAL_BANKING_FLOW
TX_KOTAK_109056,KOTAK_ACC_20228,KOTAK_ACC_20028,256.67,2026-01-10 20:53:30,TRANSFER,UPI,Kotak Mahindra Bank,IN,0,NORMAL_BANKING_FLOW
TX_KOTAK_109057,KOTAK_ACC_20153,KOTAK_ACC_20187,384.97,2026-01-11 06:36:16,TRANSFER,UPI,Kotak Mahindra Bank,IN,0,NORMAL_BANKING_FLOW
TX_KOTAK_109058,KOTAK_ACC_20004,KOTAK_ACC_20139,406.69,2026-01-10 18:04:15,TRANSFER,UPI,Kotak Mahindra Bank,IN,0,NORMAL_BANKING_FLOW
TX_KOTAK_109059,KOTAK_ACC_20003,KOTAK_ACC_20168,136.21,2026-01-11 09:03:36,TRANSFER,UPI,Kotak Mahindra Bank,IN,0,NORMAL_BANKING_FLOW
TX_KOTAK_109060,KOTAK_ACC_20030,KOTAK_ACC_20050,1120.28,2026-01-11 07:02:53,TRANSFER,UPI,Kotak Mahindra Bank,IN,0,NORMAL_BANKING_FLOW
TX_KOTAK_109061,KOTAK_ACC_20214,KOTAK_ACC_20008,410.89,2026-01-10 23:21:20,TRANSFER,UPI,Kotak Mahindra Bank,IN,0,NORMAL_BANKING_FLOW
TX_KOTAK_109062,KOTAK_ACC_20028,KOTAK_ACC_20229,459.46,2026-01-11 08:17:30,TRANSFER,UPI,Kotak Mahindra Bank,IN,0,NORMAL_BANKING_FLOW
TX_KOTAK_109063,KOTAK_ACC_20242,INDUS_ACC_20245,614.32,2026-01-10 19:18:36,TRANSFER,UPI,Kotak Mahindra Bank,IN,0,NORMAL_BANKING_FLOW
TX_KOTAK_109064,KOTAK_ACC_20210,KOTAK_ACC_20207,237.35,2026-01-11 10:45:28,TRANSFER,UPI,Kotak Mahindra Bank,IN,0,NORMAL_BANKING_FLOW
TX_KOTAK_109065,KOTAK_ACC_20162,KOTAK_ACC_20027,642.32,2026-01-11 09:08:48,TRANSFER,UPI,Kotak Mahindra Bank,IN,0,NORMAL_BANKING_FLOW
TX_KOTAK_109066,KOTAK_ACC_20024,KOTAK_ACC_20107,332.4,2026-01-11 00:12:30,TRANSFER,IMPS,Kotak Mahindra Bank,IN,0,NORMAL_BANKING_FLOW
TX_KOTAK_109067,KOTAK_ACC_20005,HDFC_ACC_20041,217.62,2026-01-11 08:46:06,TRANSFER,UPI,Kotak Mahindra Bank,IN,0,NORMAL_BANKING_FLOW
TX_KOTAK_109068,KOTAK_ACC_20246,KOTAK_ACC_20108,705.4,2026-01-11 01:26:51,TRANSFER,IMPS,Kotak Mahindra Bank,IN,0,NORMAL_BANKING_FLOW
TX_KOTAK_109069,KOTAK_ACC_20029,KOTAK_ACC_20176,1470.47,2026-01-11 00:38:28,TRANSFER,UPI,Kotak Mahindra Bank,IN,0,NORMAL_BANKING_FLOW
TX_KOTAK_109070,KOTAK_ACC_20221,KOTAK_ACC_20198,796.21,2026-01-11 03:05:53,TRANSFER,UPI,Kotak Mahindra Bank,IN,0,NORMAL_BANKING_FLOW
TX_KOTAK_109071,KOTAK_ACC_20209,BOB_ACC_20210,932.98,2026-01-10 22:12:30,TRANSFER,UPI,Kotak Mahindra Bank,IN,0,NORMAL_BANKING_FLOW
TX_KOTAK_109072,KOTAK_ACC_20067,KOTAK_ACC_20177,293.98,2026-01-11 08:25:50,TRANSFER,UPI,Kotak Mahindra Bank,IN,0,NORMAL_BANKING_FLOW
TX_KOTAK_109073,KOTAK_ACC_20216,KOTAK_ACC_20001,124.2,2026-01-11 02:18:40,TRANSFER,UPI,Kotak Mahindra Bank,IN,0,NORMAL_BANKING_FLOW
TX_KOTAK_109074,KOTAK_ACC_20062,KOTAK_ACC_20186,1468.67,2026-01-11 09:16:36,TRANSFER,UPI,Kotak Mahindra Bank,IN,0,NORMAL_BANKING_FLOW
TX_KOTAK_109075,KOTAK_ACC_20094,KOTAK_ACC_20176,2306.79,2026-01-11 00:41:34,TRANSFER,UPI,Kotak Mahindra Bank,IN,0,NORMAL_BANKING_FLOW
TX_KOTAK_109076,KOTAK_ACC_20230,YES_ACC_20100,1531.87,2026-01-11 03:09:35,TRANSFER,UPI,Kotak Mahindra Bank,IN,0,NORMAL_BANKING_FLOW
TX_KOTAK_109077,KOTAK_ACC_20220,HDFC_ACC_20054,340.83,2026-01-11 03:10:12,TRANSFER,UPI,Kotak Mahindra Bank,IN,0,NORMAL_BANKING_FLOW
TX_KOTAK_109078,KOTAK_ACC_20147,KOTAK_ACC_20218,177.03,2026-01-10 18:33:52,TRANSFER,UPI,Kotak Mahindra Bank,IN,0,NORMAL_BANKING_FLOW
TX_KOTAK_109079,KOTAK_ACC_20237,KOTAK_ACC_20172,190.08,2026-01-10 19:23:24,TRANSFER,UPI,Kotak Mahindra Bank,IN,0,NORMAL_BANKING_FLOW
TX_KOTAK_109080,KOTAK_ACC_20025,KOTAK_ACC_20091,115.93,2026-01-11 04:26:00,TRANSFER,UPI,Kotak Mahindra Bank,IN,0,NORMAL_BANKING_FLOW
TX_KOTAK_109081,KOTAK_ACC_20036,INDUS_ACC_20048,409.16,2026-01-10 18:59:20,TRANSFER,UPI,Kotak Mahindra Bank,IN,0,NORMAL_BANKING_FLOW
TX_KOTAK_109082,KOTAK_ACC_20216,KOTAK_ACC_20120,1610.89,2026-01-10 21:27:43,TRANSFER,UPI,Kotak Mahindra Bank,IN,0,NORMAL_BANKING_FLOW
TX_KOTAK_109083,KOTAK_ACC_20228,BOB_ACC_20234,398.09,2026-01-10 21:52:48,TRANSFER,IMPS,Kotak Mahindra Bank,IN,0,NORMAL_BANKING_FLOW
TX_KOTAK_109084,KOTAK_ACC_20024,YES_ACC_20025,567.85,2026-01-11 06:56:58,TRANSFER,UPI,Kotak Mahindra Bank,IN,0,NORMAL_BANKING_FLOW
TX_KOTAK_109085,KOTAK_ACC_20145,KOTAK_ACC_20215,1340.07,2026-01-10 23:32:32,TRANSFER,UPI,Kotak Mahindra Bank,IN,0,NORMAL_BANKING_FLOW
TX_KOTAK_109086,KOTAK_ACC_20082,KOTAK_ACC_20030,322.7,2026-01-11 03:40:30,TRANSFER,UPI,Kotak Mahindra Bank,IN,0,NORMAL_BANKING_FLOW
TX_KOTAK_109087,KOTAK_ACC_20176,KOTAK_ACC_20129,2272.02,2026-01-11 07:24:02,TRANSFER,UPI,Kotak Mahindra Bank,IN,0,NORMAL_BANKING_FLOW
TX_KOTAK_109088,KOTAK_ACC_20079,SBI_ACC_20132,2194.43,2026-01-10 23:09:09,TRANSFER,UPI,Kotak Mahindra Bank,IN,0,NORMAL_BANKING_FLOW
TX_KOTAK_109089,KOTAK_ACC_20162,PNB_ACC_20215,401.46,2026-01-10 23:59:12,TRANSFER,UPI,Kotak Mahindra Bank,IN,0,NORMAL_BANKING_FLOW
TX_KOTAK_109090,KOTAK_ACC_20121,KOTAK_ACC_20090,280.89,2026-01-10 21:55:36,TRANSFER,UPI,Kotak Mahindra Bank,IN,0,NORMAL_BANKING_FLOW
TX_KOTAK_109091,KOTAK_ACC_20130,KOTAK_ACC_20044,778.83,2026-01-11 09:06:30,TRANSFER,UPI,Kotak Mahindra Bank,IN,0,NORMAL_BANKING_FLOW
TX_KOTAK_109092,KOTAK_ACC_20098,KOTAK_ACC_20157,337.64,2026-01-10 18:12:45,TRANSFER,UPI,Kotak Mahindra Bank,IN,0,NORMAL_BANKING_FLOW
TX_KOTAK_109093,KOTAK_ACC_20170,YES_ACC_20207,176.75,2026-01-10 23:11:24,TRANSFER,UPI,Kotak Mahindra Bank,IN,0,NORMAL_BANKING_FLOW
TX_KOTAK_109094,KOTAK_ACC_20111,KOTAK_ACC_20035,1242.64,2026-01-10 21:57:12,TRANSFER,IMPS,Kotak Mahindra Bank,IN,0,NORMAL_BANKING_FLOW
TX_KOTAK_109095,KOTAK_ACC_20060,KOTAK_ACC_20044,1179.87,2026-01-11 00:27:00,TRANSFER,UPI,Kotak Mahindra Bank,IN,0,NORMAL_BANKING_FLOW
TX_KOTAK_109096,KOTAK_ACC_20231,KOTAK_ACC_20136,504.92,2026-01-11 06:41:15,TRANSFER,UPI,Kotak Mahindra Bank,IN,0,NORMAL_BANKING_FLOW
TX_KOTAK_109097,KOTAK_ACC_20155,INDUS_ACC_20247,162.34,2026-01-10 23:38:08,TRANSFER,UPI,Kotak Mahindra Bank,IN,0,NORMAL_BANKING_FLOW
TX_KOTAK_109098,KOTAK_ACC_20120,SBI_ACC_20041,166.73,2026-01-11 02:58:12,TRANSFER,UPI,Kotak Mahindra Bank,IN,0,NORMAL_BANKING_FLOW
TX_KOTAK_109099,KOTAK_ACC_20004,KOTAK_ACC_20117,485.79,2026-01-10 21:34:14,TRANSFER,IMPS,Kotak Mahindra Bank,IN,0,NORMAL_BANKING_FLOW
TX_KOTAK_109100,KOTAK_ACC_20249,KOTAK_ACC_20033,298.9,2026-01-11 07:09:14,TRANSFER,UPI,Kotak Mahindra Bank,IN,0,NORMAL_BANKING_FLOW
TX_KOTAK_109101,KOTAK_ACC_20222,ICICI_ACC_20191,339.38,2026-01-11 09:15:00,TRANSFER,UPI,Kotak Mahindra Bank,IN,0,NORMAL_BANKING_FLOW
TX_KOTAK_109102,KOTAK_ACC_20146,KOTAK_ACC_20116,1009.86,2026-01-11 04:15:39,TRANSFER,UPI,Kotak Mahindra Bank,IN,0,NORMAL_BANKING_FLOW
TX_KOTAK_109103,KOTAK_ACC_20170,KOTAK_ACC_20024,801.55,2026-01-11 00:05:58,TRANSFER,UPI,Kotak Mahindra Bank,IN,0,NORMAL_BANKING_FLOW
TX_KOTAK_109104,KOTAK_ACC_20063,KOTAK_ACC_20007,1342.8,2026-01-11 11:22:48,TRANSFER,UPI,Kotak Mahindra Bank,IN,0,NORMAL_BANKING_FLOW
TX_KOTAK_109105,KOTAK_ACC_20061,HDFC_ACC_20211,201.85,2026-01-10 23:41:52,TRANSFER,UPI,Kotak Mahindra Bank,IN,0,NORMAL_BANKING_FLOW
TX_KOTAK_109106,KOTAK_ACC_20169,CANARA_ACC_20219,338.81,2026-01-11 08:04:00,TRANSFER,UPI,Kotak Mahindra Bank,IN,0,NORMAL_BANKING_FLOW
TX_KOTAK_109107,KOTAK_ACC_20227,KOTAK_ACC_20163,818.26,2026-01-11 09:20:06,TRANSFER,UPI,Kotak Mahindra Bank,IN,0,NORMAL_BANKING_FLOW
TX_KOTAK_109108,KOTAK_ACC_20065,KOTAK_ACC_20166,638.08,2026-01-11 07:15:22,TRANSFER,IMPS,Kotak Mahindra Bank,IN,0,NORMAL_BANKING_FLOW
TX_KOTAK_109109,KOTAK_ACC_20013,HDFC_ACC_20020,1519.15,2026-01-11 11:02:20,TRANSFER,UPI,Kotak Mahindra Bank,IN,0,NORMAL_BANKING_FLOW
TX_KOTAK_109110,KOTAK_ACC_20075,KOTAK_ACC_20058,624.17,2026-01-11 11:53:33,TRANSFER,IMPS,Kotak Mahindra Bank,IN,0,NORMAL_BANKING_FLOW
TX_KOTAK_109111,KOTAK_ACC_20189,KOTAK_ACC_20142,1955.67,2026-01-11 07:42:50,TRANSFER,UPI,Kotak Mahindra Bank,IN,0,NORMAL_BANKING_FLOW
TX_KOTAK_109112,KOTAK_ACC_20202,KOTAK_ACC_20139,686.78,2026-01-10 22:54:46,TRANSFER,UPI,Kotak Mahindra Bank,IN,0,NORMAL_BANKING_FLOW
TX_KOTAK_109113,KOTAK_ACC_20121,INDUS_ACC_20164,1042.87,2026-01-11 06:03:36,TRANSFER,UPI,Kotak Mahindra Bank,IN,0,NORMAL_BANKING_FLOW
TX_KOTAK_109114,KOTAK_ACC_20238,PNB_ACC_20036,344.19,2026-01-11 00:11:17,TRANSFER,UPI,Kotak Mahindra Bank,IN,0,NORMAL_BANKING_FLOW
TX_KOTAK_109115,KOTAK_ACC_20151,KOTAK_ACC_20158,450.98,2026-01-10 21:40:22,TRANSFER,UPI,Kotak Mahindra Bank,IN,0,NORMAL_BANKING_FLOW
TX_KOTAK_109116,KOTAK_ACC_20032,KOTAK_ACC_20196,924.04,2026-01-10 21:40:45,TRANSFER,UPI,Kotak Mahindra Bank,IN,0,NORMAL_BANKING_FLOW
TX_KOTAK_109117,KOTAK_ACC_20197,KOTAK_ACC_20116,1620.33,2026-01-11 07:22:16,TRANSFER,UPI,Kotak Mahindra Bank,IN,0,NORMAL_BANKING_FLOW
TX_KOTAK_109118,KOTAK_ACC_20172,KOTAK_ACC_20042,799.02,2026-01-11 01:03:47,TRANSFER,UPI,Kotak Mahindra Bank,IN,0,NORMAL_BANKING_FLOW
TX_KOTAK_109119,KOTAK_ACC_20133,KOTAK_ACC_20088,417.16,2026-01-10 20:51:18,TRANSFER,UPI,Kotak Mahindra Bank,IN,0,NORMAL_BANKING_FLOW
TX_KOTAK_109120,KOTAK_ACC_20239,BOB_ACC_20079,1341.94,2026-01-10 22:58:14,TRANSFER,UPI,Kotak Mahindra Bank,IN,0,NORMAL_BANKING_FLOW
TX_KOTAK_109121,KOTAK_ACC_20058,AXIS_ACC_20135,77.2,2026-01-11 05:44:00,TRANSFER,IMPS,Kotak Mahindra Bank,IN,0,NORMAL_BANKING_FLOW
TX_KOTAK_109122,KOTAK_ACC_20101,BOB_ACC_20125,142.91,2026-01-11 00:15:09,TRANSFER,UPI,Kotak Mahindra Bank,IN,0,NORMAL_BANKING_FLOW
TX_KOTAK_109123,KOTAK_ACC_20223,KOTAK_ACC_20207,769.17,2026-01-11 08:42:58,TRANSFER,UPI,Kotak Mahindra Bank,IN,0,NORMAL_BANKING_FLOW
TX_KOTAK_109124,KOTAK_ACC_20203,KOTAK_ACC_20118,450.92,2026-01-10 18:46:08,TRANSFER,UPI,Kotak Mahindra Bank,IN,0,NORMAL_BANKING_FLOW
TX_KOTAK_109125,KOTAK_ACC_20160,KOTAK_ACC_20150,723.72,2026-01-11 03:14:24,TRANSFER,IMPS,Kotak Mahindra Bank,IN,0,NORMAL_BANKING_FLOW
TX_KOTAK_109126,KOTAK_ACC_20169,KOTAK_ACC_20152,469.43,2026-01-11 09:10:50,TRANSFER,UPI,Kotak Mahindra Bank,IN,0,NORMAL_BANKING_FLOW
TX_KOTAK_109127,KOTAK_ACC_20121,KOTAK_ACC_20098,703.98,2026-01-11 02:24:44,TRANSFER,UPI,Kotak Mahindra Bank,IN,0,NORMAL_BANKING_FLOW
TX_KOTAK_109128,KOTAK_ACC_20184,ICICI_ACC_20134,232.4,2026-01-11 09:37:57,TRANSFER,UPI,Kotak Mahindra Bank,IN,0,NORMAL_BANKING_FLOW
TX_KOTAK_109129,KOTAK_ACC_20165,KOTAK_ACC_20038,703.73,2026-01-11 03:16:48,TRANSFER,UPI,Kotak Mahindra Bank,IN,0,NORMAL_BANKING_FLOW
TX_KOTAK_109130,KOTAK_ACC_20020,CANARA_ACC_20151,987.85,2026-01-11 02:51:55,TRANSFER,UPI,Kotak Mahindra Bank,IN,0,NORMAL_BANKING_FLOW
TX_KOTAK_109131,KOTAK_ACC_20113,KOTAK_ACC_20135,1183.75,2026-01-11 02:01:30,TRANSFER,UPI,Kotak Mahindra Bank,IN,0,NORMAL_BANKING_FLOW
TX_KOTAK_109132,KOTAK_ACC_20133,BOB_ACC_20201,2232.42,2026-01-11 12:14:27,TRANSFER,UPI,Kotak Mahindra Bank,IN,0,NORMAL_BANKING_FLOW
TX_KOTAK_109133,KOTAK_ACC_20106,HDFC_ACC_20223,542.01,2026-01-11 05:52:24,TRANSFER,UPI,Kotak Mahindra Bank,IN,0,NORMAL_BANKING_FLOW
TX_KOTAK_109134,KOTAK_ACC_20083,KOTAK_ACC_20074,555.09,2026-01-11 00:20:57,TRANSFER,IMPS,Kotak Mahindra Bank,IN,0,NORMAL_BANKING_FLOW
TX_KOTAK_109135,KOTAK_ACC_20201,KOTAK_ACC_20180,131.82,2026-01-11 11:26:10,TRANSFER,UPI,Kotak Mahindra Bank,IN,0,NORMAL_BANKING_FLOW
TX_KOTAK_109136,KOTAK_ACC_20143,KOTAK_ACC_20112,291.45,2026-01-10 20:06:05,TRANSFER,UPI,Kotak Mahindra Bank,IN,0,NORMAL_BANKING_FLOW
TX_KOTAK_109137,KOTAK_ACC_20161,KOTAK_ACC_20162,382.04,2026-01-10 23:05:36,TRANSFER,UPI,Kotak Mahindra Bank,IN,0,NORMAL_BANKING_FLOW
TX_KOTAK_109138,KOTAK_ACC_20071,KOTAK_ACC_20127,1033.03,2026-01-10 19:41:06,TRANSFER,UPI,Kotak Mahindra Bank,IN,0,NORMAL_BANKING_FLOW
TX_KOTAK_109139,KOTAK_ACC_20035,KOTAK_ACC_20051,273.47,2026-01-11 07:39:08,TRANSFER,UPI,Kotak Mahindra Bank,IN,0,NORMAL_BANKING_FLOW
TX_KOTAK_109140,KOTAK_ACC_20149,KOTAK_ACC_20213,843.09,2026-01-11 08:05:33,TRANSFER,IMPS,Kotak Mahindra Bank,IN,0,NORMAL_BANKING_FLOW
TX_KOTAK_109141,KOTAK_ACC_20245,KOTAK_ACC_20159,445.28,2026-01-11 03:49:40,TRANSFER,UPI,Kotak Mahindra Bank,IN,0,NORMAL_BANKING_FLOW
TX_KOTAK_109142,KOTAK_ACC_20145,KOTAK_ACC_20122,386.94,2026-01-11 07:41:26,TRANSFER,UPI,Kotak Mahindra Bank,IN,0,NORMAL_BANKING_FLOW
TX_KOTAK_109143,KOTAK_ACC_20039,ICICI_ACC_20005,544.09,2026-01-11 09:25:00,TRANSFER,UPI,Kotak Mahindra Bank,IN,0,NORMAL_BANKING_FLOW
TX_KOTAK_109144,KOTAK_ACC_20165,KOTAK_ACC_20202,326.06,2026-01-10 19:17:11,TRANSFER,UPI,Kotak Mahindra Bank,IN,0,NORMAL_BANKING_FLOW
TX_KOTAK_109145,KOTAK_ACC_20065,KOTAK_ACC_20210,316.33,2026-01-10 18:51:44,TRANSFER,UPI,Kotak Mahindra Bank,IN,0,NORMAL_BANKING_FLOW
TX_KOTAK_109146,KOTAK_ACC_20152,KOTAK_ACC_20046,114.0,2026-01-11 05:35:45,TRANSFER,UPI,Kotak Mahindra Bank,IN,0,NORMAL_BANKING_FLOW
TX_KOTAK_109147,KOTAK_ACC_20125,KOTAK_ACC_20087,365.64,2026-01-11 03:01:50,TRANSFER,UPI,Kotak Mahindra Bank,IN,0,NORMAL_BANKING_FLOW
TX_KOTAK_109148,KOTAK_ACC_20149,SBI_ACC_20144,303.7,2026-01-10 21:01:27,TRANSFER,UPI,Kotak Mahindra Bank,IN,0,NORMAL_BANKING_FLOW
TX_KOTAK_109149,KOTAK_ACC_20025,KOTAK_ACC_20201,295.07,2026-01-11 13:22:12,TRANSFER,UPI,Kotak Mahindra Bank,IN,0,NORMAL_BANKING_FLOW
TX_KOTAK_109150,KOTAK_ACC_20003,KOTAK_ACC_20002,622.35,2026-01-11 12:31:33,TRANSFER,IMPS,Kotak Mahindra Bank,IN,0,NORMAL_BANKING_FLOW
TX_KOTAK_109151,KOTAK_ACC_20161,BOB_ACC_20177,755.14,2026-01-10 18:27:30,TRANSFER,UPI,Kotak Mahindra Bank,IN,0,NORMAL_BANKING_FLOW
TX_KOTAK_109152,KOTAK_ACC_20069,KOTAK_ACC_20044,536.87,2026-01-11 07:23:15,TRANSFER,IMPS,Kotak Mahindra Bank,IN,0,NORMAL_BANKING_FLOW
TX_KOTAK_109153,KOTAK_ACC_20230,KOTAK_ACC_20224,988.64,2026-01-11 07:24:00,TRANSFER,IMPS,Kotak Mahindra Bank,IN,0,NORMAL_BANKING_FLOW
TX_KOTAK_109154,KOTAK_ACC_20100,KOTAK_ACC_20181,706.59,2026-01-11 13:27:07,TRANSFER,UPI,Kotak Mahindra Bank,IN,0,NORMAL_BANKING_FLOW
TX_KOTAK_109155,KOTAK_ACC_20076,AXIS_ACC_20218,352.11,2026-01-11 12:36:18,TRANSFER,UPI,Kotak Mahindra Bank,IN,0,NORMAL_BANKING_FLOW
TX_KOTAK_109156,KOTAK_ACC_20088,KOTAK_ACC_20031,307.88,2026-01-10 19:20:35,TRANSFER,IMPS,Kotak Mahindra Bank,IN,0,NORMAL_BANKING_FLOW
TX_KOTAK_109157,KOTAK_ACC_20190,KOTAK_ACC_20046,572.64,2026-01-11 10:28:32,TRANSFER,UPI,Kotak Mahindra Bank,IN,0,NORMAL_BANKING_FLOW
TX_KOTAK_109158,KOTAK_ACC_20232,KOTAK_ACC_20194,705.58,2026-01-11 12:13:12,TRANSFER,UPI,Kotak Mahindra Bank,IN,0,NORMAL_BANKING_FLOW
TX_KOTAK_109159,KOTAK_ACC_20241,KOTAK_ACC_20095,1364.13,2026-01-11 00:59:00,TRANSFER,UPI,Kotak Mahindra Bank,IN,0,NORMAL_BANKING_FLOW
TX_KOTAK_109160,KOTAK_ACC_20123,KOTAK_ACC_20054,1156.25,2026-01-11 13:07:02,TRANSFER,UPI,Kotak Mahindra Bank,IN,0,NORMAL_BANKING_FLOW
TX_KOTAK_109161,KOTAK_ACC_20201,YES_ACC_20204,289.11,2026-01-11 01:26:00,TRANSFER,IMPS,Kotak Mahindra Bank,IN,0,NORMAL_BANKING_FLOW
TX_KOTAK_109162,KOTAK_ACC_20123,KOTAK_ACC_20052,410.92,2026-01-11 03:36:36,TRANSFER,UPI,Kotak Mahindra Bank,IN,0,NORMAL_BANKING_FLOW
TX_KOTAK_109163,KOTAK_ACC_20076,CANARA_ACC_20153,762.66,2026-01-11 12:43:54,TRANSFER,UPI,Kotak Mahindra Bank,IN,0,NORMAL_BANKING_FLOW
TX_KOTAK_109164,KOTAK_ACC_20120,HDFC_ACC_20161,1047.75,2026-01-10 20:41:00,TRANSFER,UPI,Kotak Mahindra Bank,IN,0,NORMAL_BANKING_FLOW
TX_KOTAK_109165,KOTAK_ACC_20222,KOTAK_ACC_20245,944.99,2026-01-11 13:11:52,TRANSFER,UPI,Kotak Mahindra Bank,IN,0,NORMAL_BANKING_FLOW
TX_KOTAK_109166,KOTAK_ACC_20169,SBI_ACC_20123,423.65,2026-01-11 05:49:25,TRANSFER,UPI,Kotak Mahindra Bank,IN,0,NORMAL_BANKING_FLOW
TX_KOTAK_109167,KOTAK_ACC_20100,YES_ACC_20154,163.49,2026-01-11 01:29:06,TRANSFER,IMPS,Kotak Mahindra Bank,IN,0,NORMAL_BANKING_FLOW
TX_KOTAK_109168,KOTAK_ACC_20069,KOTAK_ACC_20204,200.51,2026-01-11 08:01:22,TRANSFER,UPI,Kotak Mahindra Bank,IN,0,NORMAL_BANKING_FLOW
TX_KOTAK_109169,KOTAK_ACC_20192,PNB_ACC_20196,554.52,2026-01-10 20:42:40,TRANSFER,UPI,Kotak Mahindra Bank,IN,0,NORMAL_BANKING_FLOW
TX_KOTAK_109170,KOTAK_ACC_20108,KOTAK_ACC_20208,586.27,2026-01-11 00:38:21,TRANSFER,UPI,Kotak Mahindra Bank,IN,0,NORMAL_BANKING_FLOW
TX_KOTAK_109171,KOTAK_ACC_20188,KOTAK_ACC_20039,185.13,2026-01-11 01:05:00,TRANSFER,UPI,Kotak Mahindra Bank,IN,0,NORMAL_BANKING_FLOW
TX_KOTAK_109172,KOTAK_ACC_20099,INDUS_ACC_20183,462.04,2026-01-11 04:08:47,TRANSFER,UPI,Kotak Mahindra Bank,IN,0,NORMAL_BANKING_FLOW
TX_KOTAK_109173,KOTAK_ACC_20083,KOTAK_ACC_20187,738.76,2026-01-10 22:28:48,TRANSFER,IMPS,Kotak Mahindra Bank,IN,0,NORMAL_BANKING_FLOW
TX_KOTAK_109174,KOTAK_ACC_20081,CANARA_ACC_20248,177.51,2026-01-11 05:02:27,TRANSFER,UPI,Kotak Mahindra Bank,IN,0,NORMAL_BANKING_FLOW
TX_KOTAK_109175,KOTAK_ACC_20191,KOTAK_ACC_20127,1079.22,2026-01-11 09:51:40,TRANSFER,UPI,Kotak Mahindra Bank,IN,0,NORMAL_BANKING_FLOW
TX_KOTAK_109176,KOTAK_ACC_20057,KOTAK_ACC_20077,329.63,2026-01-10 23:22:30,TRANSFER,UPI,Kotak Mahindra Bank,IN,0,NORMAL_BANKING_FLOW
TX_KOTAK_109177,KOTAK_ACC_20068,YES_ACC_20191,1219.37,2026-01-11 07:15:44,TRANSFER,UPI,Kotak Mahindra Bank,IN,0,NORMAL_BANKING_FLOW
TX_KOTAK_109178,KOTAK_ACC_20018,KOTAK_ACC_20097,290.98,2026-01-11 13:24:26,TRANSFER,IMPS,Kotak Mahindra Bank,IN,0,NORMAL_BANKING_FLOW
TX_KOTAK_109179,KOTAK_ACC_20178,KOTAK_ACC_20155,196.11,2026-01-10 20:46:00,TRANSFER,UPI,Kotak Mahindra Bank,IN,0,NORMAL_BANKING_FLOW
TX_KOTAK_109180,KOTAK_ACC_20171,HDFC_ACC_20197,309.05,2026-01-11 00:16:52,TRANSFER,UPI,Kotak Mahindra Bank,IN,0,NORMAL_BANKING_FLOW
TX_KOTAK_109181,KOTAK_ACC_20220,CANARA_ACC_20085,413.18,2026-01-11 10:23:00,TRANSFER,UPI,Kotak Mahindra Bank,IN,0,NORMAL_BANKING_FLOW
TX_KOTAK_109182,KOTAK_ACC_20065,KOTAK_ACC_20223,326.76,2026-01-11 05:34:00,TRANSFER,UPI,Kotak Mahindra Bank,IN,0,NORMAL_BANKING_FLOW
TX_KOTAK_109183,KOTAK_ACC_20016,KOTAK_ACC_20215,375.1,2026-01-10 19:28:14,TRANSFER,UPI,Kotak Mahindra Bank,IN,0,NORMAL_BANKING_FLOW
TX_KOTAK_109184,KOTAK_ACC_20102,KOTAK_ACC_20004,582.41,2026-01-11 03:49:48,TRANSFER,UPI,Kotak Mahindra Bank,IN,0,NORMAL_BANKING_FLOW
TX_KOTAK_109185,KOTAK_ACC_20051,KOTAK_ACC_20183,388.8,2026-01-10 19:55:12,TRANSFER,UPI,Kotak Mahindra Bank,IN,0,NORMAL_BANKING_FLOW
TX_KOTAK_109186,KOTAK_ACC_20013,KOTAK_ACC_20020,422.89,2026-01-10 21:41:10,TRANSFER,UPI,Kotak Mahindra Bank,IN,0,NORMAL_BANKING_FLOW
TX_KOTAK_109187,KOTAK_ACC_20114,KOTAK_ACC_20223,113.59,2026-01-11 05:10:54,TRANSFER,UPI,Kotak Mahindra Bank,IN,0,NORMAL_BANKING_FLOW
TX_KOTAK_109188,KOTAK_ACC_20014,BOB_ACC_20027,609.94,2026-01-11 14:27:00,TRANSFER,UPI,Kotak Mahindra Bank,IN,0,NORMAL_BANKING_FLOW
TX_KOTAK_109189,KOTAK_ACC_20167,KOTAK_ACC_20222,415.15,2026-01-10 20:49:20,TRANSFER,UPI,Kotak Mahindra Bank,IN,0,NORMAL_BANKING_FLOW
TX_KOTAK_109190,KOTAK_ACC_20176,AXIS_ACC_20154,1616.85,2026-01-10 23:55:03,TRANSFER,IMPS,Kotak Mahindra Bank,IN,0,NORMAL_BANKING_FLOW
TX_KOTAK_109191,KOTAK_ACC_20040,KOTAK_ACC_20161,210.26,2026-01-11 06:06:30,TRANSFER,UPI,Kotak Mahindra Bank,IN,0,NORMAL_BANKING_FLOW
TX_KOTAK_109192,KOTAK_ACC_20152,KOTAK_ACC_20192,104.94,2026-01-10 23:02:55,TRANSFER,UPI,Kotak Mahindra Bank,IN,0,NORMAL_BANKING_FLOW
TX_KOTAK_109193,KOTAK_ACC_20117,KOTAK_ACC_20015,731.03,2026-01-11 09:40:08,TRANSFER,UPI,Kotak Mahindra Bank,IN,0,NORMAL_BANKING_FLOW
TX_KOTAK_109194,KOTAK_ACC_20132,KOTAK_ACC_20183,588.29,2026-01-11 03:55:48,TRANSFER,UPI,Kotak Mahindra Bank,IN,0,NORMAL_BANKING_FLOW
TX_KOTAK_109195,KOTAK_ACC_20046,KOTAK_ACC_20236,198.99,2026-01-10 19:31:38,TRANSFER,UPI,Kotak Mahindra Bank,IN,0,NORMAL_BANKING_FLOW
TX_KOTAK_109196,KOTAK_ACC_20195,KOTAK_ACC_20024,131.13,2026-01-11 11:28:55,TRANSFER,UPI,Kotak Mahindra Bank,IN,0,NORMAL_BANKING_FLOW
TX_KOTAK_109197,KOTAK_ACC_20140,KOTAK_ACC_20211,1525.26,2026-01-11 03:31:00,TRANSFER,UPI,Kotak Mahindra Bank,IN,0,NORMAL_BANKING_FLOW
TX_KOTAK_109198,KOTAK_ACC_20168,KOTAK_ACC_20063,1382.0,2026-01-11 07:57:45,TRANSFER,UPI,Kotak Mahindra Bank,IN,0,NORMAL_BANKING_FLOW
TX_KOTAK_109199,KOTAK_ACC_20211,KOTAK_ACC_20032,60.95,2026-01-11 00:25:44,TRANSFER,UPI,Kotak Mahindra Bank,IN,0,NORMAL_BANKING_FLOW
TX_KOTAK_109200,KOTAK_ACC_20049,KOTAK_ACC_20068,309.02,2026-01-11 05:46:00,TRANSFER,UPI,Kotak Mahindra Bank,IN,0,NORMAL_BANKING_FLOW
