transaction_id,sender_account,receiver_account,amount,timestamp,transaction_type,channel,bank,country,is_aml,pattern_type
TX_PNB_109201,PNB_ACC_20016,PNB_ACC_20195,112489.06,2026-01-10 13:00:00,SETTLEMENT,NEFT,Punjab National Bank,IN,0,NORMAL_BANKING_FLOW
TX_PNB_109202,PNB_ACC_20073,PNB_ACC_20128,10682.17,2026-01-10 13:00:49,TRANSFER,IMPS,Punjab National Bank,IN,0,NORMAL_BANKING_FLOW
TX_PNB_109203,PNB_ACC_20034,HDFC_ACC_20134,10512.57,2026-01-10 13:01:30,SETTLEMENT,NEFT,Punjab National Bank,IN,0,NORMAL_BANKING_FLOW
TX_PNB_109204,PNB_ACC_20160,PNB_ACC_20016,13213.11,2026-01-10 13:01:36,SETTLEMENT,NEFT,Punjab National Bank,IN,0,NORMAL_BANKING_FLOW
TX_PNB_109205,PNB_ACC_20105,CANARA_ACC_20111,5255.41,2026-01-10 13:03:28,SETTLEMENT,NEFT,Punjab National Bank,IN,0,NORMAL_BANKING_FLOW
TX_PNB_109206,PNB_ACC_20093,PNB_ACC_20154,2764.86,2026-01-10 13:04:45,TRANSFER,IMPS,Punjab National Bank,IN,0,NORMAL_BANKING_FLOW
TX_PNB_109207,PNB_ACC_20177,PNB_ACC_20227,57400.14,2026-01-10 13:02:30,SETTLEMENT,NEFT,Punjab National Bank,IN,0,NORMAL_BANKING_FLOW
TX_PNB_109208,PNB_ACC_20082,PNB_ACC_20172,2375.04,2026-01-10 13:02:41,SETTLEMENT,NEFT,Punjab National Bank,IN,0,NORMAL_BANKING_FLOW
TX_PNB_109209,PNB_ACC_20229,PNB_ACC_20001,23670.83,2026-01-10 13:02:08,TRANSFER,IMPS,Punjab National Bank,IN,0,NORMAL_BANKING_FLOW
TX_PNB_109210,PNB_ACC_20037,PNB_ACC_20223,47821.83,2026-01-10 13:08:33,SETTLEMENT,NEFT,Punjab National Bank,IN,0,NORMAL_BANKING_FLOW
TX_PNB_109211,PNB_ACC_20237,PNB_ACC_20060,3654.27,2026-01-10 13:10:00,SETTLEMENT,NEFT,Punjab National Bank,IN,0,NORMAL_BANKING_FLOW
TX_PNB_109212,PNB_ACC_20139,BOB_ACC_20156,6524.4,2026-01-10 13:06:47,TRANSFER,IMPS,Punjab National Bank,IN,0,NORMAL_BANKING_FLOW
TX_PNB_109213,PNB_ACC_20185,INDUS_ACC_20205,68493.7,2026-01-10 13:09:12,SETTLEMENT,NEFT,Punjab National Bank,IN,0,NORMAL_BANKING_FLOW
TX_PNB_109214,PNB_ACC_20076,PNB_ACC_20040,32408.66,2026-01-10 13:11:29,SETTLEMENT,NEFT,Punjab National Bank,IN,0,NORMAL_BANKING_FLOW
TX_PNB_109215,PNB_ACC_20079,CANARA_ACC_20068,9145.21,2026-01-10 13:09:34,SETTLEMENT,NEFT,Punjab National Bank,IN,0,NORMAL_BANKING_FLOW
TX_PNB_109216,PNB_ACC_20092,PNB_ACC_20117,67675.12,2026-01-10 13:10:15,SETTLEMENT,NEFT,Punjab National Bank,IN,0,NORMAL_BANKING_FLOW
TX_PNB_109217,PNB_ACC_20133,PNB_ACC_20195,67994.99,2026-01-10 13:15:28,SETTLEMENT,NEFT,Punjab National Bank,IN,0,NORMAL_BANKING_FLOW
TX_PNB_109218,PNB_ACC_20031,INDUS_ACC_20185,24244.81,2026-01-10 13:04:15,TRANSFER,IMPS,Punjab National Bank,IN,0,NORMAL_BANKING_FLOW
TX_PNB_109219,PNB_ACC_20139,PNB_ACC_20138,6699.74,2026-01-10 13:17:24,SETTLEMENT,NEFT,Punjab National Bank,IN,0,NORMAL_BANKING_FLOW
TX_PNB_109220,PNB_ACC_20189,PNB_ACC_20240,11443.83,2026-01-10 13:14:15,SETTLEMENT,NEFT,Punjab National Bank,IN,0,NORMAL_BANKING_FLOW
TX_PNB_109221,PNB_ACC_20191,PNB_ACC_20138,24711.54,2026-01-10 13:12:20,TRANSFER,IMPS,Punjab National Bank,IN,0,NORMAL_BANKING_FLOW
TX_PNB_109222,PNB_ACC_20081,PNB_ACC_20027,14655.13,2026-01-10 13:07:42,SETTLEMENT,NEFT,Punjab National Bank,IN,0,NORMAL_BANKING_FLOW
TX_PNB_109223,PNB_ACC_20164,PNB_ACC_20175,50658.02,2026-01-10 13:05:30,SETTLEMENT,NEFT,Punjab National Bank,IN,0,NORMAL_BANKING_FLOW
TX_PNB_109224,PNB_ACC_20125,KOTAK_ACC_20064,3351.79,2026-01-10 13:15:43,SETTLEMENT,NEFT,Punjab National Bank,IN,0,NORMAL_BANKING_FLOW
TX_PNB_109225,PNB_ACC_20150,PNB_ACC_20136,3485.3,2026-01-10 13:18:24,SETTLEMENT,NEFT,Punjab National Bank,IN,0,NORMAL_BANKING_FLOW
TX_PNB_109226,PNB_ACC_20096,PNB_ACC_20099,22003.53,2026-01-10 13:20:50,TRANSFER,IMPS,Punjab National Bank,IN,0,NORMAL_BANKING_FLOW
TX_PNB_109227,PNB_ACC_20195,PNB_ACC_20240,10501.79,2026-01-10 13:23:50,SETTLEMENT,NEFT,Punjab National Bank,IN,0,NORMAL_BANKING_FLOW
TX_PNB_109228,PNB_ACC_20209,PNB_ACC_20070,9047.53,2026-01-10 13:13:03,SETTLEMENT,NEFT,Punjab National Bank,IN,0,NORMAL_BANKING_FLOW
TX_PNB_109229,PNB_ACC_20058,PNB_ACC_20123,2578.95,2026-01-10 13:23:48,SETTLEMENT,NEFT,Punjab National Bank,IN,0,NORMAL_BANKING_FLOW
TX_PNB_109230,PNB_ACC_20037,PNB_ACC_20222,18425.68,2026-01-10 13:24:39,TRANSFER,IMPS,Punjab National Bank,IN,0,NORMAL_BANKING_FLOW
TX_PNB_109231,PNB_ACC_20228,PNB_ACC_20029,17017.02,2026-01-10 13:29:30,SETTLEMENT,NEFT,Punjab National Bank,IN,0,NORMAL_BANKING_FLOW
TX_PNB_109232,PNB_ACC_20088,PNB_ACC_20055,37005.69,2026-01-10 13:27:54,TRANSFER,IMPS,Punjab National Bank,IN,0,NORMAL_BANKING_FLOW
TX_PNB_109233,PNB_ACC_20140,CANARA_ACC_20062,19453.78,2026-01-10 13:24:32,SETTLEMENT,NEFT,Punjab National Bank,IN,0,NORMAL_BANKING_FLOW
TX_PNB_109234,PNB_ACC_20012,PNB_ACC_20043,15586.11,2026-01-10 13:18:09,TRANSFER,IMPS,Punjab National Bank,IN,0,NORMAL_BANKING_FLOW
TX_PNB_109235,PNB_ACC_20002,PNB_ACC_20163,65821.43,2026-01-10 13:12:28,SETTLEMENT,NEFT,Punjab National Bank,IN,0,NORMAL_BANKING_FLOW
TX_PNB_109236,PNB_ACC_20033,SBI_ACC_20159,4256.86,2026-01-10 13:08:45,SETTLEMENT,NEFT,Punjab National Bank,IN,0,NORMAL_BANKING_FLOW
TX_PNB_109237,PNB_ACC_20164,PNB_ACC_20041,32533.58,2026-01-10 13:27:00,TRANSFER,IMPS,Punjab National Bank,IN,0,NORMAL_BANKING_FLOW
TX_PNB_109238,PNB_ACC_20090,CANARA_ACC_20115,2869.06,2026-01-10 13:32:41,SETTLEMENT,NEFT,Punjab National Bank,IN,0,NORMAL_BANKING_FLOW
TX_PNB_109239,PNB_ACC_20104,PNB_ACC_20147,7171.01,2026-01-10 13:19:00,TRANSFER,IMPS,Punjab National Bank,IN,0,NORMAL_BANKING_FLOW
TX_PNB_109240,PNB_ACC_20239,PNB_ACC_20029,4750.84,2026-01-10 13:31:51,TRANSFER,IMPS,Punjab National Bank,IN,0,NORMAL_BANKING_FLOW
TX_PNB_109241,PNB_ACC_20112,CANARA_ACC_20184,42622.47,2026-01-10 13:35:20,SETTLEMENT,NEFT,Punjab National Bank,IN,0,NORMAL_BANKING_FLOW
TX_PNB_109242,PNB_ACC_20093,PNB_ACC_20113,16781.77,2026-01-10 13:19:49,SETTLEMENT,NEFT,Punjab National Bank,IN,0,NORMAL_BANKING_FLOW
TX_PNB_109243,PNB_ACC_20089,PNB_ACC_20207,17767.86,2026-01-10 13:39:12,SETTLEMENT,NEFT,Punjab National Bank,IN,0,NORMAL_BANKING_FLOW
TX_PNB_109244,PNB_ACC_20152,PNB_ACC_20088,5337.93,2026-01-10 13:24:22,SETTLEMENT,NEFT,Punjab National Bank,IN,0,NORMAL_BANKING_FLOW
TX_PNB_109245,PNB_ACC_20115,PNB_ACC_20028,12969.26,2026-01-10 13:41:04,TRANSFER,IMPS,Punjab National Bank,IN,0,NORMAL_BANKING_FLOW
TX_PNB_109246,PNB_ACC_20064,KOTAK_ACC_20245,7786.82,2026-01-10 13:41:15,SETTLEMENT,NEFT,Punjab National Bank,IN,0,NORMAL_BANKING_FLOW
TX_PNB_109247,PNB_ACC_20016,AXIS_ACC_20216,27496.13,2026-01-10 13:40:38,TRANSFER,IMPS,Punjab National Bank,IN,0,NORMAL_BANKING_FLOW
TX_PNB_109248,PNB_ACC_20086,PNB_ACC_20123,6062.03,2026-01-10 13:39:57,SETTLEMENT,NEFT,Punjab National Bank,IN,0,NORMAL_BANKING_FLOW
TX_PNB_109249,PNB_ACC_20060,PNB_ACC_20040,77868.27,2026-01-10 13:36:00,SETTLEMENT,NEFT,Punjab National Bank,IN,0,NORMAL_BANKING_FLOW
TX_PNB_109250,PNB_ACC_20129,PNB_ACC_20116,2855.1,2026-01-10 13:16:20,SETTLEMENT,NEFT,Punjab National Bank,IN,0,NORMAL_BANKING_FLOW
TX_PNB_109251,PNB_ACC_20231,HDFC_ACC_20237,7426.64,2026-01-10 13:35:50,SETTLEMENT,NEFT,Punjab National Bank,IN,0,NORMAL_BANKING_FLOW
TX_PNB_109252,PNB_ACC_20213,PNB_ACC_20085,114110.27,2026-01-10 13:42:30,TRANSFER,IMPS,Punjab National Bank,IN,0,NORMAL_BANKING_FLOW
TX_PNB_109253,PNB_ACC_20222,PNB_ACC_20217,11174.03,2026-01-10 13:32:56,SETTLEMENT,NEFT,Punjab National Bank,IN,0,NORMAL_BANKING_FLOW
TX_PNB_109254,PNB_ACC_20047,SBI_ACC_20163,4245.58,2026-01-10 13:25:37,SETTLEMENT,NEFT,Punjab National Bank,IN,0,NORMAL_BANKING_FLOW
TX_PNB_109255,PNB_ACC_20082,PNB_ACC_20081,22947.83,2026-01-10 13:14:24,TRANSFER,IMPS,Punjab National Bank,IN,0,NORMAL_BANKING_FLOW
TX_PNB_109256,PNB_ACC_20029,PNB_ACC_20098,10690.05,2026-01-10 13:30:15,SETTLEMENT,NEFT,Punjab National Bank,IN,0,NORMAL_BANKING_FLOW
TX_PNB_109257,PNB_ACC_20072,PNB_ACC_20187,7190.69,2026-01-10 13:32:40,SETTLEMENT,NEFT,Punjab National Bank,IN,0,NORMAL_BANKING_FLOW
TX_PNB_109258,PNB_ACC_20057,PNB_ACC_20237,5402.09,2026-01-10 13:48:27,SETTLEMENT,NEFT,Punjab National Bank,IN,0,NORMAL_BANKING_FLOW
TX_PNB_109259,PNB_ACC_20032,CANARA_ACC_20026,378969.48,2026-01-10 13:25:08,SETTLEMENT,NEFT,Punjab National Bank,IN,0,NORMAL_BANKING_FLOW
TX_PNB_109260,PNB_ACC_20059,PNB_ACC_20227,13674.57,2026-01-10 13:22:37,SETTLEMENT,NEFT,Punjab National Bank,IN,0,NORMAL_BANKING_FLOW
TX_PNB_109261,PNB_ACC_20195,PNB_ACC_20060,2168.68,2026-01-10 13:18:00,TRANSFER,IMPS,Punjab National Bank,IN,0,NORMAL_BANKING_FLOW
TX_PNB_109262,PNB_ACC_20202,PNB_ACC_20182,93253.86,2026-01-10 13:27:27,SETTLEMENT,NEFT,Punjab National Bank,IN,0,NORMAL_BANKING_FLOW
TX_PNB_109263,PNB_ACC_20120,PNB_ACC_20233,35319.06,2026-01-10 13:39:16,SETTLEMENT,NEFT,Punjab National Bank,IN,0,NORMAL_BANKING_FLOW
TX_PNB_109264,PNB_ACC_20005,PNB_ACC_20208,7761.16,2026-01-10 13:54:36,SETTLEMENT,NEFT,Punjab National Bank,IN,0,NORMAL_BANKING_FLOW
TX_PNB_109265,PNB_ACC_20186,YES_ACC_20234,6461.19,2026-01-10 13:26:40,SETTLEMENT,NEFT,Punjab National Bank,IN,0,NORMAL_BANKING_FLOW
TX_PNB_109266,PNB_ACC_20143,PNB_ACC_20162,37828.58,2026-01-10 13:16:15,SETTLEMENT,NEFT,Punjab National Bank,IN,0,NORMAL_BANKING_FLOW
TX_PNB_109267,PNB_ACC_20129,PNB_ACC_20142,13744.44,2026-01-10 13:38:30,SETTLEMENT,NEFT,Punjab National Bank,IN,0,NORMAL_BANKING_FLOW
TX_PNB_109268,PNB_ACC_20201,PNB_ACC_20048,2167.71,2026-01-10 13:26:48,TRANSFER,IMPS,Punjab National Bank,IN,0,NORMAL_BANKING_FLOW
TX_PNB_109269,PNB_ACC_20108,PNB_ACC_20151,128793.29,2026-01-10 13:49:52,TRANSFER,IMPS,Punjab National Bank,IN,0,NORMAL_BANKING_FLOW
TX_PNB_109270,PNB_ACC_20148,PNB_ACC_20131,11188.15,2026-01-10 13:51:45,SETTLEMENT,NEFT,Punjab National Bank,IN,0,NORMAL_BANKING_FLOW
TX_PNB_109271,PNB_ACC_20216,PNB_ACC_20006,93445.06,2026-01-10 13:35:00,TRANSFER,IMPS,Punjab National Bank,IN,0,NORMAL_BANKING_FLOW
TX_PNB_109272,PNB_ACC_20145,BOB_ACC_20207,73591.03,2026-01-10 14:00:21,SETTLEMENT,NEFT,Punjab National Bank,IN,0,NORMAL_BANKING_FLOW
TX_PNB_109273,PNB_ACC_20249,PNB_ACC_20225,5996.25,2026-01-10 13:42:00,TRANSFER,IMPS,Punjab National Bank,IN,0,NORMAL_BANKING_FLOW
TX_PNB_109274,PNB_ACC_20074,PNB_ACC_20094,56190.83,2026-01-10 13:21:54,SETTLEMENT,NEFT,Punjab National Bank,IN,0,NORMAL_BANKING_FLOW
TX_PNB_109275,PNB_ACC_20180,PNB_ACC_20102,8807.98,2026-01-10 14:10:18,SETTLEMENT,NEFT,Punjab National Bank,IN,0,NORMAL_BANKING_FLOW
TX_PNB_109276,PNB_ACC_20229,SBI_ACC_20175,2313.76,2026-01-10 13:31:15,TRANSFER,IMPS,Punjab National Bank,IN,0,NORMAL_BANKING_FLOW
TX_PNB_109277,PNB_ACC_20113,PNB_ACC_20182,11304.34,2026-01-10 13:25:20,SETTLEMENT,NEFT,Punjab National Bank,IN,0,NORMAL_BANKING_FLOW
TX_PNB_109278,PNB_ACC_20037,PNB_ACC_20038,27928.45,2026-01-10 13:33:22,SETTLEMENT,NEFT,Punjab National Bank,IN,0,NORMAL_BANKING_FLOW
TX_PNB_109279,PNB_ACC_20088,PNB_ACC_20060,10839.91,2026-01-10 13:55:54,SETTLEMENT,NEFT,Punjab National Bank,IN,0,NORMAL_BANKING_FLOW
TX_PNB_109280,PNB_ACC_20077,PNB_ACC_20189,12864.76,2026-01-10 13:21:04,SETTLEMENT,NEFT,Punjab National Bank,IN,0,NORMAL_BANKING_FLOW
TX_PNB_109281,PNB_ACC_20030,PNB_ACC_20114,63444.62,2026-01-10 13:49:20,SETTLEMENT,NEFT,Punjab National Bank,IN,0,NORMAL_BANKING_FLOW
TX_PNB_109282,PNB_ACC_20141,CANARA_ACC_20042,20274.99,2026-01-10 13:47:15,SETTLEMENT,NEFT,Punjab National Bank,IN,0,NORMAL_BANKING_FLOW
TX_PNB_109283,PNB_ACC_20080,PNB_ACC_20184,7132.18,2026-01-10 13:43:44,TRANSFER,IMPS,Punjab National Bank,IN,0,NORMAL_BANKING_FLOW
TX_PNB_109284,PNB_ACC_20216,PNB_ACC_20171,39035.76,2026-01-10 14:11:56,TRANSFER,IMPS,Punjab National Bank,IN,0,NORMAL_BANKING_FLOW
TX_PNB_109285,PNB_ACC_20171,PNB_ACC_20001,22414.05,2026-01-10 13:23:48,TRANSFER,IMPS,Punjab National Bank,IN,0,NORMAL_BANKING_FLOW
TX_PNB_109286,PNB_ACC_20080,BOB_ACC_20206,1125.78,2026-01-10 14:05:10,SETTLEMENT,NEFT,Punjab National Bank,IN,0,NORMAL_BANKING_FLOW
TX_PNB_109287,PNB_ACC_20189,PNB_ACC_20158,28888.19,2026-01-10 13:21:30,SETTLEMENT,NEFT,Punjab National Bank,IN,0,NORMAL_BANKING_FLOW
TX_PNB_109288,PNB_ACC_20111,PNB_ACC_20223,27750.57,2026-01-10 14:19:45,SETTLEMENT,NEFT,Punjab National Bank,IN,0,NORMAL_BANKING_FLOW
TX_PNB_109289,PNB_ACC_20008,SBI_ACC_20089,18437.34,2026-01-10 14:19:12,TRANSFER,IMPS,Punjab National Bank,IN,0,NORMAL_BANKING_FLOW
TX_PNB_109290,PNB_ACC_20218,PNB_ACC_20155,48091.98,2026-01-10 13:29:40,TRANSFER,IMPS,Punjab National Bank,IN,0,NORMAL_BANKING_FLOW
TX_PNB_109291,PNB_ACC_20016,BOB_ACC_20027,8607.31,2026-01-10 14:01:30,SETTLEMENT,NEFT,Punjab National Bank,IN,0,NORMAL_BANKING_FLOW
TX_PNB_109292,PNB_ACC_20062,PNB_ACC_20201,26111.99,2026-01-10 13:53:05,SETTLEMENT,NEFT,Punjab National Bank,IN,0,NORMAL_BANKING_FLOW
TX_PNB_109293,PNB_ACC_20046,PNB_ACC_20242,3217.45,2026-01-10 13:24:32,TRANSFER,IMPS,Punjab National Bank,IN,0,NORMAL_BANKING_FLOW
TX_PNB_109294,PNB_ACC_20057,PNB_ACC_20225,28220.37,2026-01-10 14:14:24,TRANSFER,IMPS,Punjab National Bank,IN,0,NORMAL_BANKING_FLOW
TX_PNB_109295,PNB_ACC_20028,PNB_ACC_20246,154564.33,2026-01-10 14:18:20,TRANSFER,IMPS,Punjab National Bank,IN,0,NORMAL_BANKING_FLOW
TX_PNB_109296,PNB_ACC_20021,PNB_ACC_20027,6036.97,2026-01-10 14:20:45,SETTLEMENT,NEFT,Punjab National Bank,IN,0,NORMAL_BANKING_FLOW
TX_PNB_109297,PNB_ACC_20222,AXIS_ACC_20144,7818.26,2026-01-10 14:12:00,SETTLEMENT,NEFT,Punjab National Bank,IN,0,NORMAL_BANKING_FLOW
TX_PNB_109298,PNB_ACC_20135,PNB_ACC_20055,8258.37,2026-01-10 13:27:29,TRANSFER,IMPS,Punjab National Bank,IN,0,NORMAL_BANKING_FLOW
TX_PNB_109299,PNB_ACC_20066,PNB_ACC_20129,20806.03,2026-01-10 13:27:46,SETTLEMENT,NEFT,Punjab National Bank,IN,0,NORMAL_BANKING_FLOW
TX_PNB_109300,PNB_ACC_20108,BOB_ACC_20237,5600.77,2026-01-10 13:46:12,TRANSFER,IMPS,Punjab National Bank,IN,0,NORMAL_BANKING_FLOW
TX_PNB_109301,PNB_ACC_20041,PNB_ACC_20102,28663.28,2026-01-10 13:36:40,SETTLEMENT,NEFT,Punjab National Bank,IN,0,NORMAL_BANKING_FLOW
TX_PNB_109302,PNB_ACC_20105,PNB_ACC_20102,45776.4,2026-01-10 14:10:42,SETTLEMENT,NEFT,Punjab National Bank,IN,0,NORMAL_BANKING_FLOW
TX_PNB_109303,PNB_ACC_20239,PNB_ACC_20091,32460.59,2026-01-10 14:16:30,SETTLEMENT,NEFT,Punjab National Bank,IN,0,NORMAL_BANKING_FLOW
TX_PNB_109304,PNB_ACC_20188,INDUS_ACC_20074,2577.93,2026-01-10 14:13:49,TRANSFER,IMPS,Punjab National Bank,IN,0,NORMAL_BANKING_FLOW
TX_PNB_109305,PNB_ACC_20081,CANARA_ACC_20123,53889.15,2026-01-10 13:36:24,TRANSFER,IMPS,Punjab National Bank,IN,0,NORMAL_BANKING_FLOW
TX_PNB_109306,PNB_ACC_20003,PNB_ACC_20046,50569.51,2026-01-10 14:39:45,SETTLEMENT,NEFT,Punjab National Bank,IN,0,NORMAL_BANKING_FLOW
TX_PNB_109307,PNB_ACC_20205,BOB_ACC_20140,44944.22,2026-01-10 14:03:36,SETTLEMENT,NEFT,Punjab National Bank,IN,0,NORMAL_BANKING_FLOW
TX_PNB_109308,PNB_ACC_20138,INDUS_ACC_20135,27177.0,2026-01-10 13:33:53,SETTLEMENT,NEFT,Punjab National Bank,IN,0,NORMAL_BANKING_FLOW
TX_PNB_109309,PNB_ACC_20087,PNB_ACC_20074,22976.06,2026-01-10 14:17:24,SETTLEMENT,NEFT,Punjab National Bank,IN,0,NORMAL_BANKING_FLOW
TX_PNB_109310,PNB_ACC_20161,PNB_ACC_20134,56141.37,2026-01-10 14:09:02,TRANSFER,IMPS,Punjab National Bank,IN,0,NORMAL_BANKING_FLOW
TX_PNB_109311,PNB_ACC_20240,PNB_ACC_20203,149621.62,2026-01-10 13:29:20,SETTLEMENT,NEFT,Punjab National Bank,IN,0,NORMAL_BANKING_FLOW
TX_PNB_109312,PNB_ACC_20015,KOTAK_ACC_20148,6321.14,2026-01-10 14:01:03,SETTLEMENT,NEFT,Punjab National Bank,IN,0,NORMAL_BANKING_FLOW
TX_PNB_109313,PNB_ACC_20097,PNB_ACC_20172,59038.08,2026-01-10 13:56:00,SETTLEMENT,NEFT,Punjab National Bank,IN,0,NORMAL_BANKING_FLOW
TX_PNB_109314,PNB_ACC_20174,HDFC_ACC_20087,16402.04,2026-01-10 13:41:26,SETTLEMENT,NEFT,Punjab National Bank,IN,0,NORMAL_BANKING_FLOW
TX_PNB_109315,PNB_ACC_20097,HDFC_ACC_20059,15636.44,2026-01-10 14:44:30,SETTLEMENT,NEFT,Punjab National Bank,IN,0,NORMAL_BANKING_FLOW
TX_PNB_109316,PNB_ACC_20180,PNB_ACC_20169,3326.97,2026-01-10 14:47:20,SETTLEMENT,NEFT,Punjab National Bank,IN,0,NORMAL_BANKING_FLOW
TX_PNB_109317,PNB_ACC_20010,PNB_ACC_20213,13183.64,2026-01-10 14:48:16,SETTLEMENT,NEFT,Punjab National Bank,IN,0,NORMAL_BANKING_FLOW
TX_PNB_109318,PNB_ACC_20077,PNB_ACC_20165,6021.0,2026-01-10 14:06:18,SETTLEMENT,NEFT,Punjab National Bank,IN,0,NORMAL_BANKING_FLOW
TX_PNB_109319,PNB_ACC_20033,PNB_ACC_20005,10826.59,2026-01-10 14:38:20,SETTLEMENT,NEFT,Punjab National Bank,IN,0,NORMAL_BANKING_FLOW
TX_PNB_109320,PNB_ACC_20146,PNB_ACC_20009,5388.35,2026-01-10 14:19:20,TRANSFER,IMPS,Punjab National Bank,IN,0,NORMAL_BANKING_FLOW
TX_PNB_109321,PNB_ACC_20155,AXIS_ACC_20085,11006.05,2026-01-10 14:52:00,SETTLEMENT,NEFT,Punjab National Bank,IN,0,NORMAL_BANKING_FLOW
TX_PNB_109322,PNB_ACC_20189,PNB_ACC_20230,11536.59,2026-01-10 14:24:42,SETTLEMENT,NEFT,Punjab National Bank,IN,0,NORMAL_BANKING_FLOW
TX_PNB_109323,PNB_ACC_20242,PNB_ACC_20173,20058.94,2026-01-10 14:53:52,TRANSFER,IMPS,Punjab National Bank,IN,0,NORMAL_BANKING_FLOW
TX_PNB_109324,PNB_ACC_20100,PNB_ACC_20055,3052.68,2026-01-10 13:59:27,TRANSFER,IMPS,Punjab National Bank,IN,0,NORMAL_BANKING_FLOW
TX_PNB_109325,PNB_ACC_20035,KOTAK_ACC_20092,3677.29,2026-01-10 14:22:40,SETTLEMENT,NEFT,Punjab National Bank,IN,0,NORMAL_BANKING_FLOW
TX_PNB_109326,PNB_ACC_20234,CANARA_ACC_20009,26852.27,2026-01-10 14:12:55,TRANSFER,IMPS,Punjab National Bank,IN,0,NORMAL_BANKING_FLOW
TX_PNB_109327,PNB_ACC_20060,PNB_ACC_20201,7501.2,2026-01-10 14:40:48,TRANSFER,IMPS,Punjab National Bank,IN,0,NORMAL_BANKING_FLOW
TX_PNB_109328,PNB_ACC_20170,PNB_ACC_20069,58805.04,2026-01-10 14:09:51,TRANSFER,IMPS,Punjab National Bank,IN,0,NORMAL_BANKING_FLOW
TX_PNB_109329,PNB_ACC_20200,PNB_ACC_20213,23104.82,2026-01-10 14:59:28,SETTLEMENT,NEFT,Punjab National Bank,IN,0,NORMAL_BANKING_FLOW
TX_PNB_109330,PNB_ACC_20179,PNB_ACC_20155,35152.06,2026-01-10 15:09:00,SETTLEMENT,NEFT,Punjab National Bank,IN,0,NORMAL_BANKING_FLOW
TX_PNB_109331,PNB_ACC_20186,PNB_ACC_20091,85115.25,2026-01-10 13:36:50,TRANSFER,IMPS,Punjab National Bank,IN,0,NORMAL_BANKING_FLOW
TX_PNB_109332,PNB_ACC_20242,SBI_ACC_20069,12827.13,2026-01-10 14:01:08,SETTLEMENT,NEFT,Punjab National Bank,IN,0,NORMAL_BANKING_FLOW
TX_PNB_109333,PNB_ACC_20230,BOB_ACC_20204,9586.05,2026-01-10 15:09:48,TRANSFER,IMPS,Punjab National Bank,IN,0,NORMAL_BANKING_FLOW
TX_PNB_109334,PNB_ACC_20042,HDFC_ACC_20077,47045.61,2026-01-10 14:30:53,SETTLEMENT,NEFT,Punjab National Bank,IN,0,NORMAL_BANKING_FLOW
TX_PNB_109335,PNB_ACC_20096,PNB_ACC_20113,31585.86,2026-01-10 13:33:30,SETTLEMENT,NEFT,Punjab National Bank,IN,0,NORMAL_BANKING_FLOW
TX_PNB_109336,PNB_ACC_20128,AXIS_ACC_20018,14675.53,2026-01-10 13:40:30,SETTLEMENT,NEFT,Punjab National Bank,IN,0,NORMAL_BANKING_FLOW
TX_PNB_109337,PNB_ACC_20243,PNB_ACC_20248,83333.32,2026-01-10 14:44:16,TRANSFER,IMPS,Punjab National Bank,IN,0,NORMAL_BANKING_FLOW
TX_PNB_109338,PNB_ACC_20248,PNB_ACC_20136,14278.8,2026-01-10 13:50:14,TRANSFER,IMPS,Punjab National Bank,IN,0,NORMAL_BANKING_FLOW
TX_PNB_109339,PNB_ACC_20228,PNB_ACC_20219,18695.74,2026-01-10 14:55:00,SETTLEMENT,NEFT,Punjab National Bank,IN,0,NORMAL_BANKING_FLOW
TX_PNB_109340,PNB_ACC_20097,PNB_ACC_20174,18459.69,2026-01-10 15:07:25,SETTLEMENT,NEFT,Punjab National Bank,IN,0,NORMAL_BANKING_FLOW
TX_PNB_109341,PNB_ACC_20093,PNB_ACC_20098,6450.72,2026-01-10 14:00:40,SETTLEMENT,NEFT,Punjab National Bank,IN,0,NORMAL_BANKING_FLOW
TX_PNB_109342,PNB_ACC_20237,PNB_ACC_20039,19640.4,2026-01-10 14:12:51,SETTLEMENT,NEFT,Punjab National Bank,IN,0,NORMAL_BANKING_FLOW
TX_PNB_109343,PNB_ACC_20028,PNB_ACC_20090,83820.78,2026-01-10 14:29:56,SETTLEMENT,NEFT,Punjab National Bank,IN,0,NORMAL_BANKING_FLOW
TX_PNB_109344,PNB_ACC_20032,PNB_ACC_20152,29421.03,2026-01-10 14:09:07,SETTLEMENT,NEFT,Punjab National Bank,IN,0,NORMAL_BANKING_FLOW
TX_PNB_109345,PNB_ACC_20044,ICICI_ACC_20201,18660.6,2026-01-10 14:52:48,SETTLEMENT,NEFT,Punjab National Bank,IN,0,NORMAL_BANKING_FLOW
TX_PNB_109346,PNB_ACC_20127,KOTAK_ACC_20125,15094.05,2026-01-10 15:05:40,SETTLEMENT,NEFT,Punjab National Bank,IN,0,NORMAL_BANKING_FLOW
TX_PNB_109347,PNB_ACC_20142,PNB_ACC_20145,25950.7,2026-01-10 14:17:52,SETTLEMENT,NEFT,Punjab National Bank,IN,0,NORMAL_BANKING_FLOW
TX_PNB_109348,PNB_ACC_20200,PNB_ACC_20119,41140.29,2026-01-10 15:17:12,SETTLEMENT,NEFT,Punjab National Bank,IN,0,NORMAL_BANKING_FLOW
TX_PNB_109349,PNB_ACC_20022,CANARA_ACC_20024,35247.95,2026-01-10 14:11:32,SETTLEMENT,NEFT,Punjab National Bank,IN,0,NORMAL_BANKING_FLOW
TX_PNB_109350,PNB_ACC_20071,PNB_ACC_20241,12518.32,2026-01-10 14:44:18,SETTLEMENT,NEFT,Punjab National Bank,IN,0,NORMAL_BANKING_FLOW
TX_PNB_109351,PNB_ACC_20232,CANARA_ACC_20022,25777.56,2026-01-10 13:50:00,SETTLEMENT,NEFT,Punjab National Bank,IN,0,NORMAL_BANKING_FLOW
TX_PNB_109352,PNB_ACC_20217,PNB_ACC_20196,30574.87,2026-01-10 14:43:11,SETTLEMENT,NEFT,Punjab National Bank,IN,0,NORMAL_BANKING_FLOW
TX_PNB_109353,PNB_ACC_20110,PNB_ACC_20248,5955.59,2026-01-10 13:53:12,SETTLEMENT,NEFT,Punjab National Bank,IN,0,NORMAL_BANKING_FLOW
TX_PNB_109354,PNB_ACC_20128,ICICI_ACC_20153,21699.7,2026-01-10 14:34:21,SETTLEMENT,NEFT,Punjab National Bank,IN,0,NORMAL_BANKING_FLOW
TX_PNB_109355,PNB_ACC_20073,INDUS_ACC_20065,1673.32,2026-01-10 14:45:14,TRANSFER,IMPS,Punjab National Bank,IN,0,NORMAL_BANKING_FLOW
TX_PNB_109356,PNB_ACC_20214,PNB_ACC_20227,30662.24,2026-01-10 13:51:40,SETTLEMENT,NEFT,Punjab National Bank,IN,0,NORMAL_BANKING_FLOW
TX_PNB_109357,PNB_ACC_20238,CANARA_ACC_20142,37286.16,2026-01-10 13:57:12,TRANSFER,IMPS,Punjab National Bank,IN,0,NORMAL_BANKING_FLOW
TX_PNB_109358,PNB_ACC_20129,PNB_ACC_20109,41039.93,2026-01-10 13:44:29,SETTLEMENT,NEFT,Punjab National Bank,IN,0,NORMAL_BANKING_FLOW
TX_PNB_109359,PNB_ACC_20048,AXIS_ACC_20113,11677.84,2026-01-10 14:00:34,SETTLEMENT,NEFT,Punjab National Bank,IN,0,NORMAL_BANKING_FLOW
TX_PNB_109360,PNB_ACC_20238,PNB_ACC_20042,25335.24,2026-01-10 14:19:30,SETTLEMENT,NEFT,Punjab National Bank,IN,0,NORMAL_BANKING_FLOW
TX_PNB_109361,PNB_ACC_20209,PNB_ACC_20106,86365.99,2026-01-10 14:30:40,TRANSFER,IMPS,Punjab National Bank,IN,0,NORMAL_BANKING_FLOW
TX_PNB_109362,PNB_ACC_20124,PNB_ACC_20174,85403.86,2026-01-10 13:40:15,TRANSFER,IMPS,Punjab National Bank,IN,0,NORMAL_BANKING_FLOW
TX_PNB_109363,PNB_ACC_20066,KOTAK_ACC_20000,17464.23,2026-01-10 13:59:24,SETTLEMENT,NEFT,Punjab National Bank,IN,0,NORMAL_BANKING_FLOW
TX_PNB_109364,PNB_ACC_20031,PNB_ACC_20049,21020.46,2026-01-10 14:07:55,SETTLEMENT,NEFT,Punjab National Bank,IN,0,NORMAL_BANKING_FLOW
TX_PNB_109365,PNB_ACC_20090,PNB_ACC_20022,61206.11,2026-01-10 14:30:12,SETTLEMENT,NEFT,Punjab National Bank,IN,0,NORMAL_BANKING_FLOW
TX_PNB_109366,PNB_ACC_20209,ICICI_ACC_20212,3460.32,2026-01-10 15:17:30,SETTLEMENT,NEFT,Punjab National Bank,IN,0,NORMAL_BANKING_FLOW
TX_PNB_109367,PNB_ACC_20065,INDUS_ACC_20088,12639.94,2026-01-10 13:55:20,SETTLEMENT,NEFT,Punjab National Bank,IN,0,NORMAL_BANKING_FLOW
TX_PNB_109368,PNB_ACC_20147,PNB_ACC_20069,78364.59,2026-01-10 13:52:53,TRANSFER,IMPS,Punjab National Bank,IN,0,NORMAL_BANKING_FLOW
TX_PNB_109369,PNB_ACC_20160,PNB_ACC_20036,52718.44,2026-01-10 14:04:24,TRANSFER,IMPS,Punjab National Bank,IN,0,NORMAL_BANKING_FLOW
TX_PNB_109370,PNB_ACC_20094,PNB_ACC_20139,27070.24,2026-01-10 15:06:45,SETTLEMENT,NEFT,Punjab National Bank,IN,0,NORMAL_BANKING_FLOW
TX_PNB_109371,PNB_ACC_20130,BOB_ACC_20236,3441.23,2026-01-10 15:13:10,SETTLEMENT,NEFT,Punjab National Bank,IN,0,NORMAL_BANKING_FLOW
TX_PNB_109372,PNB_ACC_20112,PNB_ACC_20018,17070.36,2026-01-10 14:14:06,SETTLEMENT,NEFT,Punjab National Bank,IN,0,NORMAL_BANKING_FLOW
TX_PNB_109373,PNB_ACC_20052,PNB_ACC_20178,9424.74,2026-01-10 14:08:48,SETTLEMENT,NEFT,Punjab National Bank,IN,0,NORMAL_BANKING_FLOW
TX_PNB_109374,PNB_ACC_20158,PNB_ACC_20135,25955.6,2026-01-10 15:44:21,SETTLEMENT,NEFT,Punjab National Bank,IN,0,NORMAL_BANKING_FLOW
TX_PNB_109375,PNB_ACC_20063,PNB_ACC_20121,7403.58,2026-01-10 14:00:54,TRANSFER,IMPS,Punjab National Bank,IN,0,NORMAL_BANKING_FLOW
TX_PNB_109376,PNB_ACC_20062,PNB_ACC_20105,5835.44,2026-01-10 14:12:55,SETTLEMENT,NEFT,Punjab National Bank,IN,0,NORMAL_BANKING_FLOW
TX_PNB_109377,PNB_ACC_20234,CANARA_ACC_20074,1860.59,2026-01-10 14:07:28,SETTLEMENT,NEFT,Punjab National Bank,IN,0,NORMAL_BANKING_FLOW
TX_PNB_109378,PNB_ACC_20085,BOB_ACC_20220,69146.67,2026-01-10 15:03:54,TRANSFER,IMPS,Punjab National Bank,IN,0,NORMAL_BANKING_FLOW
TX_PNB_109379,PNB_ACC_20216,PNB_ACC_20098,11617.32,2026-01-10 14:05:16,SETTLEMENT,NEFT,Punjab National Bank,IN,0,NORMAL_BANKING_FLOW
TX_PNB_109380,PNB_ACC_20163,KOTAK_ACC_20149,21436.71,2026-01-10 15:26:11,TRANSFER,IMPS,Punjab National Bank,IN,0,NORMAL_BANKING_FLOW
TX_PNB_109381,PNB_ACC_20147,PNB_ACC_20156,17989.4,2026-01-10 15:54:00,SETTLEMENT,NEFT,Punjab National Bank,IN,0,NORMAL_BANKING_FLOW
TX_PNB_109382,PNB_ACC_20018,PNB_ACC_20126,5573.75,2026-01-10 15:42:54,SETTLEMENT,NEFT,Punjab National Bank,IN,0,NORMAL_BANKING_FLOW
TX_PNB_109383,PNB_ACC_20126,PNB_ACC_20222,4514.4,2026-01-10 14:52:14,SETTLEMENT,NEFT,Punjab National Bank,IN,0,NORMAL_BANKING_FLOW
TX_PNB_109384,PNB_ACC_20066,SBI_ACC_20232,5967.92,2026-01-10 15:02:00,SETTLEMENT,NEFT,Punjab National Bank,IN,0,NORMAL_BANKING_FLOW
TX_PNB_109385,PNB_ACC_20103,PNB_ACC_20230,8139.75,2026-01-10 15:57:52,SETTLEMENT,NEFT,Punjab National Bank,IN,0,NORMAL_BANKING_FLOW
TX_PNB_109386,PNB_ACC_20053,SBI_ACC_20048,26991.22,2026-01-10 15:12:35,SETTLEMENT,NEFT,Punjab National Bank,IN,0,NORMAL_BANKING_FLOW
TX_PNB_109387,PNB_ACC_20230,AXIS_ACC_20223,7515.41,2026-01-10 13:58:54,SETTLEMENT,NEFT,Punjab National Bank,IN,0,NORMAL_BANKING_FLOW
TX_PNB_109388,PNB_ACC_20152,PNB_ACC_20062,123147.7,2026-01-10 14:05:27,SETTLEMENT,NEFT,Punjab National Bank,IN,0,NORMAL_BANKING_FLOW
TX_PNB_109389,PNB_ACC_20053,PNB_ACC_20137,55818.81,2026-01-10 14:46:32,SETTLEMENT,NEFT,Punjab National Bank,IN,0,NORMAL_BANKING_FLOW
TX_PNB_109390,PNB_ACC_20026,PNB_ACC_20204,43879.19,2026-01-10 14:31:21,SETTLEMENT,NEFT,Punjab National Bank,IN,0,NORMAL_BANKING_FLOW
TX_PNB_109391,PNB_ACC_20186,PNB_ACC_20004,15809.64,2026-01-10 16:00:30,TRANSFER,IMPS,Punjab National Bank,IN,0,NORMAL_BANKING_FLOW
TX_PNB_109392,PNB_ACC_20071,PNB_ACC_20002,95388.07,2026-01-10 14:06:51,SETTLEMENT,NEFT,Punjab National Bank,IN,0,NORMAL_BANKING_FLOW
TX_PNB_109393,PNB_ACC_20034,PNB_ACC_20223,14188.6,2026-01-10 14:20:00,SETTLEMENT,NEFT,Punjab National Bank,IN,0,NORMAL_BANKING_FLOW
TX_PNB_109394,PNB_ACC_20056,PNB_ACC_20215,17424.15,2026-01-10 14:10:46,TRANSFER,IMPS,Punjab National Bank,IN,0,NORMAL_BANKING_FLOW
TX_PNB_109395,PNB_ACC_20157,PNB_ACC_20093,21741.37,2026-01-10 16:10:46,TRANSFER,IMPS,Punjab National Bank,IN,0,NORMAL_BANKING_FLOW
TX_PNB_109396,PNB_ACC_20090,PNB_ACC_20227,39026.86,2026-01-10 14:27:45,SETTLEMENT,NEFT,Punjab National Bank,IN,0,NORMAL_BANKING_FLOW
TX_PNB_109397,PNB_ACC_20144,PNB_ACC_20233,36337.26,2026-01-10 16:06:12,TRANSFER,IMPS,Punjab National Bank,IN,0,NORMAL_BANKING_FLOW
TX_PNB_109398,PNB_ACC_20062,PNB_ACC_20022,10693.19,2026-01-10 14:08:57,SETTLEMENT,NEFT,Punjab National Bank,IN,0,NORMAL_BANKING_FLOW
TX_PNB_109399,PNB_ACC_20021,PNB_ACC_20097,10033.72,2026-01-10 14:55:30,SETTLEMENT,NEFT,Punjab National Bank,IN,0,NORMAL_BANKING_FLOW
TX_PNB_109400,PNB_ACC_20107,AXIS_ACC_20183,36457.16,2026-01-10 15:19:18,SETTLEMENT,NEFT,Punjab National Bank,IN,0,NORMAL_BANKING_FLOW
TX_PNB_109401,PNB_ACC_20074,PNB_ACC_20244,39606.96,2026-01-10 15:10:00,SETTLEMENT,NEFT,Punjab National Bank,IN,0,NORMAL_BANKING_FLOW
TX_PNB_109402,PNB_ACC_20167,PNB_ACC_20036,11699.64,2026-01-10 14:20:24,SETTLEMENT,NEFT,Punjab National Bank,IN,0,NORMAL_BANKING_FLOW
TX_PNB_109403,PNB_ACC_20126,PNB_ACC_20155,3146.65,2026-01-10 14:54:28,TRANSFER,IMPS,Punjab National Bank,IN,0,NORMAL_BANKING_FLOW
TX_PNB_109404,PNB_ACC_20236,HDFC_ACC_20163,14356.42,2026-01-10 14:17:49,SETTLEMENT,NEFT,Punjab National Bank,IN,0,NORMAL_BANKING_FLOW
TX_PNB_109405,PNB_ACC_20037,YES_ACC_20246,35806.27,2026-01-10 15:50:00,TRANSFER,IMPS,Punjab National Bank,IN,0,NORMAL_BANKING_FLOW
TX_PNB_109406,PNB_ACC_20202,INDUS_ACC_20011,131394.37,2026-01-10 16:11:20,SETTLEMENT,NEFT,Punjab National Bank,IN,0,NORMAL_BANKING_FLOW
TX_PNB_109407,PNB_ACC_20015,PNB_ACC_20008,4828.28,2026-01-10 15:20:46,SETTLEMENT,NEFT,Punjab National Bank,IN,0,NORMAL_BANKING_FLOW
TX_PNB_109408,PNB_ACC_20122,CANARA_ACC_20236,11279.83,2026-01-10 14:05:33,SETTLEMENT,NEFT,Punjab National Bank,IN,0,NORMAL_BANKING_FLOW
TX_PNB_109409,PNB_ACC_20034,BOB_ACC_20016,11750.56,2026-01-10 16:14:08,SETTLEMENT,NEFT,Punjab National Bank,IN,0,NORMAL_BANKING_FLOW
TX_PNB_109410,PNB_ACC_20156,PNB_ACC_20090,80128.42,2026-01-10 13:59:13,SETTLEMENT,NEFT,Punjab National Bank,IN,0,NORMAL_BANKING_FLOW
TX_PNB_109411,PNB_ACC_20108,PNB_ACC_20107,17353.76,2026-01-10 14:31:00,TRANSFER,IMPS,Punjab National Bank,IN,0,NORMAL_BANKING_FLOW
TX_PNB_109412,PNB_ACC_20136,PNB_ACC_20142,6647.13,2026-01-10 15:13:38,SETTLEMENT,NEFT,Punjab National Bank,IN,0,NORMAL_BANKING_FLOW
TX_PNB_109413,PNB_ACC_20142,ICICI_ACC_20029,33341.72,2026-01-10 14:10:40,TRANSFER,IMPS,Punjab National Bank,IN,0,NORMAL_BANKING_FLOW
TX_PNB_109414,PNB_ACC_20244,PNB_ACC_20050,11555.28,2026-01-10 14:57:09,SETTLEMENT,NEFT,Punjab National Bank,IN,0,NORMAL_BANKING_FLOW
TX_PNB_109415,PNB_ACC_20249,PNB_ACC_20236,4689.93,2026-01-10 14:04:12,SETTLEMENT,NEFT,Punjab National Bank,IN,0,NORMAL_BANKING_FLOW
TX_PNB_109416,PNB_ACC_20148,PNB_ACC_20159,6754.4,2026-01-10 14:54:40,TRANSFER,IMPS,Punjab National Bank,IN,0,NORMAL_BANKING_FLOW
TX_PNB_109417,PNB_ACC_20244,PNB_ACC_20233,121472.86,2026-01-10 13:54:00,SETTLEMENT,NEFT,Punjab National Bank,IN,0,NORMAL_BANKING_FLOW
TX_PNB_109418,PNB_ACC_20202,YES_ACC_20045,27518.95,2026-01-10 14:05:06,SETTLEMENT,NEFT,Punjab National Bank,IN,0,NORMAL_BANKING_FLOW
TX_PNB_109419,PNB_ACC_20123,PNB_ACC_20045,20303.25,2026-01-10 15:25:20,TRANSFER,IMPS,Punjab National Bank,IN,0,NORMAL_BANKING_FLOW
TX_PNB_109420,PNB_ACC_20126,PNB_ACC_20212,13699.53,2026-01-10 16:24:24,TRANSFER,IMPS,Punjab National Bank,IN,0,NORMAL_BANKING_FLOW
TX_PNB_109421,PNB_ACC_20114,PNB_ACC_20184,24868.66,2026-01-10 15:08:20,TRANSFER,IMPS,Punjab National Bank,IN,0,NORMAL_BANKING_FLOW
TX_PNB_109422,PNB_ACC_20157,PNB_ACC_20059,24544.9,2026-01-10 16:00:29,TRANSFER,IMPS,Punjab National Bank,IN,0,NORMAL_BANKING_FLOW
TX_PNB_109423,PNB_ACC_20136,PNB_ACC_20084,24869.21,2026-01-10 14:32:30,SETTLEMENT,NEFT,Punjab National Bank,IN,0,NORMAL_BANKING_FLOW
TX_PNB_109424,PNB_ACC_20200,ICICI_ACC_20034,20462.1,2026-01-10 14:36:38,SETTLEMENT,NEFT,Punjab National Bank,IN,0,NORMAL_BANKING_FLOW
TX_PNB_109425,PNB_ACC_20173,PNB_ACC_20198,46895.55,2026-01-10 16:10:24,SETTLEMENT,NEFT,Punjab National Bank,IN,0,NORMAL_BANKING_FLOW
TX_PNB_109426,PNB_ACC_20028,PNB_ACC_20172,18497.94,2026-01-10 15:11:15,SETTLEMENT,NEFT,Punjab National Bank,IN,0,NORMAL_BANKING_FLOW
TX_PNB_109427,PNB_ACC_20175,KOTAK_ACC_20125,6150.37,2026-01-10 16:38:28,SETTLEMENT,NEFT,Punjab National Bank,IN,0,NORMAL_BANKING_FLOW
TX_PNB_109428,PNB_ACC_20164,PNB_ACC_20137,9194.26,2026-01-10 15:23:46,SETTLEMENT,NEFT,Punjab National Bank,IN,0,NORMAL_BANKING_FLOW
TX_PNB_109429,PNB_ACC_20092,PNB_ACC_20117,2044.85,2026-01-10 15:32:00,TRANSFER,IMPS,Punjab National Bank,IN,0,NORMAL_BANKING_FLOW
TX_PNB_109430,PNB_ACC_20121,ICICI_ACC_20188,167627.38,2026-01-10 16:07:01,SETTLEMENT,NEFT,Punjab National Bank,IN,0,NORMAL_BANKING_FLOW
TX_PNB_109431,PNB_ACC_20055,PNB_ACC_20154,46584.82,2026-01-10 15:02:40,TRANSFER,IMPS,Punjab National Bank,IN,0,NORMAL_BANKING_FLOW
TX_PNB_109432,PNB_ACC_20215,PNB_ACC_20163,7236.71,2026-01-10 16:04:48,SETTLEMENT,NEFT,Punjab National Bank,IN,0,NORMAL_BANKING_FLOW
TX_PNB_109433,PNB_ACC_20004,PNB_ACC_20236,13226.41,2026-01-10 16:36:32,SETTLEMENT,NEFT,Punjab National Bank,IN,0,NORMAL_BANKING_FLOW
TX_PNB_109434,PNB_ACC_20138,PNB_ACC_20009,8950.24,2026-01-10 15:19:48,SETTLEMENT,NEFT,Punjab National Bank,IN,0,NORMAL_BANKING_FLOW
TX_PNB_109435,PNB_ACC_20127,SBI_ACC_20157,98400.58,2026-01-10 13:58:30,TRANSFER,IMPS,Punjab National Bank,IN,0,NORMAL_BANKING_FLOW
TX_PNB_109436,PNB_ACC_20048,PNB_ACC_20203,3782.48,2026-01-10 16:23:40,SETTLEMENT,NEFT,Punjab National Bank,IN,0,NORMAL_BANKING_FLOW
TX_PNB_109437,PNB_ACC_20224,PNB_ACC_20058,20453.79,2026-01-10 14:34:24,SETTLEMENT,NEFT,Punjab National Bank,IN,0,NORMAL_BANKING_FLOW
TX_PNB_109438,PNB_ACC_20180,PNB_ACC_20072,16004.41,2026-01-10 15:30:06,TRANSFER,IMPS,Punjab National Bank,IN,0,NORMAL_BANKING_FLOW
TX_PNB_109439,PNB_ACC_20028,INDUS_ACC_20172,44780.25,2026-01-10 14:47:06,SETTLEMENT,NEFT,Punjab National Bank,IN,0,NORMAL_BANKING_FLOW
TX_PNB_109440,PNB_ACC_20067,PNB_ACC_20012,16084.15,2026-01-10 15:43:19,SETTLEMENT,NEFT,Punjab National Bank,IN,0,NORMAL_BANKING_FLOW
TX_PNB_109441,PNB_ACC_20007,PNB_ACC_20159,2607.04,2026-01-10 14:20:00,SETTLEMENT,NEFT,Punjab National Bank,IN,0,NORMAL_BANKING_FLOW
TX_PNB_109442,PNB_ACC_20235,INDUS_ACC_20047,13681.1,2026-01-10 16:52:58,SETTLEMENT,NEFT,Punjab National Bank,IN,0,NORMAL_BANKING_FLOW
TX_PNB_109443,PNB_ACC_20111,PNB_ACC_20044,6189.57,2026-01-10 14:00:30,TRANSFER,IMPS,Punjab National Bank,IN,0,NORMAL_BANKING_FLOW
TX_PNB_109444,PNB_ACC_20145,PNB_ACC_20099,19683.53,2026-01-10 15:37:57,SETTLEMENT,NEFT,Punjab National Bank,IN,0,NORMAL_BANKING_FLOW
TX_PNB_109445,PNB_ACC_20098,PNB_ACC_20240,87342.7,2026-01-10 15:10:08,SETTLEMENT,NEFT,Punjab National Bank,IN,0,NORMAL_BANKING_FLOW
TX_PNB_109446,PNB_ACC_20097,PNB_ACC_20013,2661.47,2026-01-10 14:58:25,SETTLEMENT,NEFT,Punjab National Bank,IN,0,NORMAL_BANKING_FLOW
TX_PNB_109447,PNB_ACC_20048,PNB_ACC_20016,7478.26,2026-01-10 16:25:00,TRANSFER,IMPS,Punjab National Bank,IN,0,NORMAL_BANKING_FLOW
TX_PNB_109448,PNB_ACC_20114,PNB_ACC_20204,9818.64,2026-01-10 16:05:15,SETTLEMENT,NEFT,Punjab National Bank,IN,0,NORMAL_BANKING_FLOW
TX_PNB_109449,PNB_ACC_20119,KOTAK_ACC_20011,11851.45,2026-01-10 16:34:56,SETTLEMENT,NEFT,Punjab National Bank,IN,0,NORMAL_BANKING_FLOW
TX_PNB_109450,PNB_ACC_20154,PNB_ACC_20146,40706.3,2026-01-10 15:29:24,TRANSFER,IMPS,Punjab National Bank,IN,0,NORMAL_BANKING_FLOW
TX_PNB_109451,PNB_ACC_20018,PNB_ACC_20182,14899.77,2026-01-10 15:38:20,SETTLEMENT,NEFT,Punjab National Bank,IN,0,NORMAL_BANKING_FLOW
TX_PNB_109452,PNB_ACC_20212,INDUS_ACC_20105,28492.12,2026-01-10 14:02:45,SETTLEMENT,NEFT,Punjab National Bank,IN,0,NORMAL_BANKING_FLOW
TX_PNB_109453,PNB_ACC_20059,PNB_ACC_20040,9060.23,2026-01-10 16:00:36,TRANSFER,IMPS,Punjab National Bank,IN,0,NORMAL_BANKING_FLOW
TX_PNB_109454,PNB_ACC_20093,PNB_ACC_20022,23223.43,2026-01-10 15:52:53,TRANSFER,IMPS,Punjab National Bank,IN,0,NORMAL_BANKING_FLOW
TX_PNB_109455,PNB_ACC_20061,PNB_ACC_20068,42428.58,2026-01-10 16:10:30,TRANSFER,IMPS,Punjab National Bank,IN,0,NORMAL_BANKING_FLOW
TX_PNB_109456,PNB_ACC_20241,PNB_ACC_20180,8058.4,2026-01-10 14:33:30,SETTLEMENT,NEFT,Punjab National Bank,IN,0,NORMAL_BANKING_FLOW
TX_PNB_109457,PNB_ACC_20248,PNB_ACC_20193,42595.08,2026-01-10 14:50:56,TRANSFER,IMPS,Punjab National Bank,IN,0,NORMAL_BANKING_FLOW
TX_PNB_109458,PNB_ACC_20025,PNB_ACC_20107,19103.18,2026-01-10 15:47:03,SETTLEMENT,NEFT,Punjab National Bank,IN,0,NORMAL_BANKING_FLOW
TX_PNB_109459,PNB_ACC_20005,PNB_ACC_20149,56954.4,2026-01-10 15:30:30,TRANSFER,IMPS,Punjab National Bank,IN,0,NORMAL_BANKING_FLOW
TX_PNB_109460,PNB_ACC_20093,CANARA_ACC_20113,14449.83,2026-01-10 14:47:55,TRANSFER,IMPS,Punjab National Bank,IN,0,NORMAL_BANKING_FLOW
TX_PNB_109461,PNB_ACC_20077,PNB_ACC_20095,27429.36,2026-01-10 15:23:00,SETTLEMENT,NEFT,Punjab National Bank,IN,0,NORMAL_BANKING_FLOW
TX_PNB_109462,PNB_ACC_20086,PNB_ACC_20032,17245.96,2026-01-10 16:15:45,SETTLEMENT,NEFT,Punjab National Bank,IN,0,NORMAL_BANKING_FLOW
TX_PNB_109463,PNB_ACC_20174,PNB_ACC_20158,16222.7,2026-01-10 17:22:00,SETTLEMENT,NEFT,Punjab National Bank,IN,0,NORMAL_BANKING_FLOW
TX_PNB_109464,PNB_ACC_20173,ICICI_ACC_20100,23976.36,2026-01-10 16:21:38,SETTLEMENT,NEFT,Punjab National Bank,IN,0,NORMAL_BANKING_FLOW
TX_PNB_109465,PNB_ACC_20118,BOB_ACC_20159,32548.55,2026-01-10 14:36:48,SETTLEMENT,NEFT,Punjab National Bank,IN,0,NORMAL_BANKING_FLOW
TX_PNB_109466,PNB_ACC_20236,PNB_ACC_20206,4561.83,2026-01-10 17:25:00,TRANSFER,IMPS,Punjab National Bank,IN,0,NORMAL_BANKING_FLOW
TX_PNB_109467,PNB_ACC_20208,AXIS_ACC_20025,87290.5,2026-01-10 17:26:00,SETTLEMENT,NEFT,Punjab National Bank,IN,0,NORMAL_BANKING_FLOW
TX_PNB_109468,PNB_ACC_20081,HDFC_ACC_20023,2331.74,2026-01-10 16:20:15,TRANSFER,IMPS,Punjab National Bank,IN,0,NORMAL_BANKING_FLOW
TX_PNB_109469,PNB_ACC_20185,PNB_ACC_20040,8490.53,2026-01-10 14:24:52,SETTLEMENT,NEFT,Punjab National Bank,IN,0,NORMAL_BANKING_FLOW
TX_PNB_109470,PNB_ACC_20128,PNB_ACC_20093,16257.41,2026-01-10 15:27:57,TRANSFER,IMPS,Punjab National Bank,IN,0,NORMAL_BANKING_FLOW
TX_PNB_109471,PNB_ACC_20112,PNB_ACC_20235,28384.3,2026-01-10 15:33:00,TRANSFER,IMPS,Punjab National Bank,IN,0,NORMAL_BANKING_FLOW
TX_PNB_109472,PNB_ACC_20113,PNB_ACC_20190,102108.35,2026-01-10 17:21:58,TRANSFER,IMPS,Punjab National Bank,IN,0,NORMAL_BANKING_FLOW
TX_PNB_109473,PNB_ACC_20226,HDFC_ACC_20146,2335.26,2026-01-10 16:24:00,TRANSFER,IMPS,Punjab National Bank,IN,0,NORMAL_BANKING_FLOW
TX_PNB_109474,PNB_ACC_20102,PNB_ACC_20079,10316.88,2026-01-10 14:08:15,SETTLEMENT,NEFT,Punjab National Bank,IN,0,NORMAL_BANKING_FLOW
TX_PNB_109475,PNB_ACC_20138,PNB_ACC_20190,1737.99,2026-01-10 15:39:50,SETTLEMENT,NEFT,Punjab National Bank,IN,0,NORMAL_BANKING_FLOW
TX_PNB_109476,PNB_ACC_20001,HDFC_ACC_20238,18672.07,2026-01-10 14:08:45,SETTLEMENT,NEFT,Punjab National Bank,IN,0,NORMAL_BANKING_FLOW
TX_PNB_109477,PNB_ACC_20232,PNB_ACC_20007,24315.08,2026-01-10 16:31:36,SETTLEMENT,NEFT,Punjab National Bank,IN,0,NORMAL_BANKING_FLOW
TX_PNB_109478,PNB_ACC_20166,HDFC_ACC_20026,103764.1,2026-01-10 16:00:03,SETTLEMENT,NEFT,Punjab National Bank,IN,0,NORMAL_BANKING_FLOW
TX_PNB_109479,PNB_ACC_20054,PNB_ACC_20220,20592.83,2026-01-10 17:28:44,SETTLEMENT,NEFT,Punjab National Bank,IN,0,NORMAL_BANKING_FLOW
TX_PNB_109480,PNB_ACC_20133,PNB_ACC_20167,56864.56,2026-01-10 14:33:00,SETTLEMENT,NEFT,Punjab National Bank,IN,0,NORMAL_BANKING_FLOW
TX_PNB_109481,PNB_ACC_20007,INDUS_ACC_20120,34276.69,2026-01-10 14:33:20,SETTLEMENT,NEFT,Punjab National Bank,IN,0,NORMAL_BANKING_FLOW
TX_PNB_109482,PNB_ACC_20244,KOTAK_ACC_20003,11172.68,2026-01-10 17:03:32,SETTLEMENT,NEFT,Punjab National Bank,IN,0,NORMAL_BANKING_FLOW
TX_PNB_109483,PNB_ACC_20016,PNB_ACC_20219,3828.17,2026-01-10 14:15:12,SETTLEMENT,NEFT,Punjab National Bank,IN,0,NORMAL_BANKING_FLOW
TX_PNB_109484,PNB_ACC_20233,PNB_ACC_20219,24404.0,2026-01-10 17:24:08,TRANSFER,IMPS,Punjab National Bank,IN,0,NORMAL_BANKING_FLOW
TX_PNB_109485,PNB_ACC_20185,PNB_ACC_20229,3493.6,2026-01-10 14:48:52,TRANSFER,IMPS,Punjab National Bank,IN,0,NORMAL_BANKING_FLOW
TX_PNB_109486,PNB_ACC_20245,PNB_ACC_20074,74961.34,2026-01-10 16:24:15,SETTLEMENT,NEFT,Punjab National Bank,IN,0,NORMAL_BANKING_FLOW
TX_PNB_109487,PNB_ACC_20222,PNB_ACC_20069,15089.16,2026-01-10 14:30:34,SETTLEMENT,NEFT,Punjab National Bank,IN,0,NORMAL_BANKING_FLOW
TX_PNB_109488,PNB_ACC_20245,PNB_ACC_20215,67150.74,2026-01-10 17:42:13,SETTLEMENT,NEFT,Punjab National Bank,IN,0,NORMAL_BANKING_FLOW
TX_PNB_109489,PNB_ACC_20064,CANARA_ACC_20081,10633.49,2026-01-10 14:31:12,TRANSFER,IMPS,Punjab National Bank,IN,0,NORMAL_BANKING_FLOW
TX_PNB_109490,PNB_ACC_20241,PNB_ACC_20070,24239.43,2026-01-10 15:38:57,SETTLEMENT,NEFT,Punjab National Bank,IN,0,NORMAL_BANKING_FLOW
TX_PNB_109491,PNB_ACC_20058,SBI_ACC_20164,22703.71,2026-01-10 16:52:00,SETTLEMENT,NEFT,Punjab National Bank,IN,0,NORMAL_BANKING_FLOW
TX_PNB_109492,PNB_ACC_20225,PNB_ACC_20190,17161.98,2026-01-10 16:23:42,TRANSFER,IMPS,Punjab National Bank,IN,0,NORMAL_BANKING_FLOW
TX_PNB_109493,PNB_ACC_20108,KOTAK_ACC_20102,11204.54,2026-01-10 14:32:28,TRANSFER,IMPS,Punjab National Bank,IN,0,NORMAL_BANKING_FLOW
TX_PNB_109494,PNB_ACC_20206,INDUS_ACC_20025,27769.72,2026-01-10 14:27:54,SETTLEMENT,NEFT,Punjab National Bank,IN,0,NORMAL_BANKING_FLOW
TX_PNB_109495,PNB_ACC_20157,PNB_ACC_20071,6510.82,2026-01-10 17:29:30,TRANSFER,IMPS,Punjab National Bank,IN,0,NORMAL_BANKING_FLOW
TX_PNB_109496,PNB_ACC_20081,PNB_ACC_20217,4767.71,2026-01-10 17:50:05,SETTLEMENT,NEFT,Punjab National Bank,IN,0,NORMAL_BANKING_FLOW
TX_PNB_109497,PNB_ACC_20065,PNB_ACC_20195,70764.28,2026-01-10 16:46:56,SETTLEMENT,NEFT,Punjab National Bank,IN,0,NORMAL_BANKING_FLOW
TX_PNB_109498,PNB_ACC_20110,KOTAK_ACC_20148,40130.21,2026-01-10 15:23:33,SETTLEMENT,NEFT,Punjab National Bank,IN,0,NORMAL_BANKING_FLOW
TX_PNB_109499,PNB_ACC_20008,KOTAK_ACC_20026,19389.38,2026-01-10 15:53:50,SETTLEMENT,NEFT,Punjab National Bank,IN,0,NORMAL_BANKING_FLOW
TX_PNB_109500,PNB_ACC_20054,PNB_ACC_20238,112606.71,2026-01-10 14:44:39,SETTLEMENT,NEFT,Punjab National Bank,IN,0,NORMAL_BANKING_FLOW
TX_PNB_109501,PNB_ACC_20057,PNB_ACC_20075,13432.84,2026-01-10 17:40:00,SETTLEMENT,NEFT,Punjab National Bank,IN,0,NORMAL_BANKING_FLOW
TX_PNB_109502,PNB_ACC_20226,HDFC_ACC_20193,77263.24,2026-01-10 17:40:56,SETTLEMENT,NEFT,Punjab National Bank,IN,0,NORMAL_BANKING_FLOW
TX_PNB_109503,PNB_ACC_20127,PNB_ACC_20218,21875.7,2026-01-10 17:51:56,SETTLEMENT,NEFT,Punjab National Bank,IN,0,NORMAL_BANKING_FLOW
TX_PNB_109504,PNB_ACC_20123,PNB_ACC_20148,5841.68,2026-01-10 17:52:54,SETTLEMENT,NEFT,Punjab National Bank,IN,0,NORMAL_BANKING_FLOW
TX_PNB_109505,PNB_ACC_20115,SBI_ACC_20028,137701.59,2026-01-10 17:53:52,TRANSFER,IMPS,Punjab National Bank,IN,0,NORMAL_BANKING_FLOW
TX_PNB_109506,PNB_ACC_20134,PNB_ACC_20003,53625.6,2026-01-10 17:14:10,TRANSFER,IMPS,Punjab National Bank,IN,0,NORMAL_BANKING_FLOW
TX_PNB_109507,PNB_ACC_20172,PNB_ACC_20220,15785.97,2026-01-10 15:43:12,SETTLEMENT,NEFT,Punjab National Bank,IN,0,NORMAL_BANKING_FLOW
TX_PNB_109508,PNB_ACC_20125,PNB_ACC_20128,40130.36,2026-01-10 15:43:44,SETTLEMENT,NEFT,Punjab National Bank,IN,0,NORMAL_BANKING_FLOW
TX_PNB_109509,PNB_ACC_20179,PNB_ACC_20167,11567.17,2026-01-10 15:34:00,SETTLEMENT,NEFT,Punjab National Bank,IN,0,NORMAL_BANKING_FLOW
TX_PNB_109510,PNB_ACC_20120,PNB_ACC_20195,44894.2,2026-01-10 17:48:24,TRANSFER,IMPS,Punjab National Bank,IN,0,NORMAL_BANKING_FLOW
TX_PNB_109511,PNB_ACC_20024,PNB_ACC_20129,1299.6,2026-01-10 17:33:50,SETTLEMENT,NEFT,Punjab National Bank,IN,0,NORMAL_BANKING_FLOW
TX_PNB_109512,PNB_ACC_20243,PNB_ACC_20061,5873.57,2026-01-10 16:16:58,SETTLEMENT,NEFT,Punjab National Bank,IN,0,NORMAL_BANKING_FLOW
TX_PNB_109513,PNB_ACC_20215,INDUS_ACC_20012,52954.36,2026-01-10 14:38:48,SETTLEMENT,NEFT,Punjab National Bank,IN,0,NORMAL_BANKING_FLOW
TX_PNB_109514,PNB_ACC_20203,PNB_ACC_20121,13703.12,2026-01-10 15:41:43,TRANSFER,IMPS,Punjab National Bank,IN,0,NORMAL_BANKING_FLOW
TX_PNB_109515,PNB_ACC_20191,PNB_ACC_20083,22658.64,2026-01-10 14:23:44,SETTLEMENT,NEFT,Punjab National Bank,IN,0,NORMAL_BANKING_FLOW
TX_PNB_109516,PNB_ACC_20146,PNB_ACC_20068,4099.15,2026-01-10 17:43:30,SETTLEMENT,NEFT,Punjab National Bank,IN,0,NORMAL_BANKING_FLOW
TX_PNB_109517,PNB_ACC_20158,PNB_ACC_20144,137675.36,2026-01-10 17:54:56,SETTLEMENT,NEFT,Punjab National Bank,IN,0,NORMAL_BANKING_FLOW
TX_PNB_109518,PNB_ACC_20201,PNB_ACC_20090,66808.3,2026-01-10 14:24:32,SETTLEMENT,NEFT,Punjab National Bank,IN,0,NORMAL_BANKING_FLOW
TX_PNB_109519,PNB_ACC_20123,ICICI_ACC_20128,14461.51,2026-01-10 14:30:06,SETTLEMENT,NEFT,Punjab National Bank,IN,0,NORMAL_BANKING_FLOW
TX_PNB_109520,PNB_ACC_20114,YES_ACC_20101,11554.55,2026-01-10 14:41:01,SETTLEMENT,NEFT,Punjab National Bank,IN,0,NORMAL_BANKING_FLOW
TX_PNB_109521,PNB_ACC_20242,PNB_ACC_20224,55969.65,2026-01-10 17:10:40,SETTLEMENT,NEFT,Punjab National Bank,IN,0,NORMAL_BANKING_FLOW
TX_PNB_109522,PNB_ACC_20228,PNB_ACC_20019,159646.54,2026-01-10 17:43:33,SETTLEMENT,NEFT,Punjab National Bank,IN,0,NORMAL_BANKING_FLOW
TX_PNB_109523,PNB_ACC_20024,PNB_ACC_20089,51489.66,2026-01-10 16:45:24,TRANSFER,IMPS,Punjab National Bank,IN,0,NORMAL_BANKING_FLOW
TX_PNB_109524,PNB_ACC_20176,YES_ACC_20045,196611.1,2026-01-10 15:52:16,SETTLEMENT,NEFT,Punjab National Bank,IN,0,NORMAL_BANKING_FLOW
TX_PNB_109525,PNB_ACC_20228,SBI_ACC_20130,6538.18,2026-01-10 17:08:24,SETTLEMENT,NEFT,Punjab National Bank,IN,0,NORMAL_BANKING_FLOW
TX_PNB_109526,PNB_ACC_20190,PNB_ACC_20100,7322.26,2026-01-10 17:25:25,TRANSFER,IMPS,Punjab National Bank,IN,0,NORMAL_BANKING_FLOW
TX_PNB_109527,PNB_ACC_20022,ICICI_ACC_20245,4876.41,2026-01-10 17:15:22,TRANSFER,IMPS,Punjab National Bank,IN,0,NORMAL_BANKING_FLOW
TX_PNB_109528,PNB_ACC_20117,INDUS_ACC_20154,29317.41,2026-01-10 18:10:39,TRANSFER,IMPS,Punjab National Bank,IN,0,NORMAL_BANKING_FLOW
TX_PNB_109529,PNB_ACC_20038,ICICI_ACC_20053,21876.4,2026-01-10 15:05:44,TRANSFER,IMPS,Punjab National Bank,IN,0,NORMAL_BANKING_FLOW
TX_PNB_109530,PNB_ACC_20047,PNB_ACC_20125,15257.92,2026-01-10 15:44:30,TRANSFER,IMPS,Punjab National Bank,IN,0,NORMAL_BANKING_FLOW
TX_PNB_109531,PNB_ACC_20000,AXIS_ACC_20132,43922.61,2026-01-10 17:13:00,SETTLEMENT,NEFT,Punjab National Bank,IN,0,NORMAL_BANKING_FLOW
TX_PNB_109532,PNB_ACC_20228,PNB_ACC_20108,69951.78,2026-01-10 16:24:07,TRANSFER,IMPS,Punjab National Bank,IN,0,NORMAL_BANKING_FLOW
TX_PNB_109533,PNB_ACC_20179,PNB_ACC_20248,3366.98,2026-01-10 15:23:52,SETTLEMENT,NEFT,Punjab National Bank,IN,0,NORMAL_BANKING_FLOW
TX_PNB_109534,PNB_ACC_20071,CANARA_ACC_20167,9351.86,2026-01-10 15:52:03,SETTLEMENT,NEFT,Punjab National Bank,IN,0,NORMAL_BANKING_FLOW
TX_PNB_109535,PNB_ACC_20036,PNB_ACC_20167,44451.68,2026-01-10 18:34:00,SETTLEMENT,NEFT,Punjab National Bank,IN,0,NORMAL_BANKING_FLOW
TX_PNB_109536,PNB_ACC_20125,ICICI_ACC_20232,10780.43,2026-01-10 17:16:50,SETTLEMENT,NEFT,Punjab National Bank,IN,0,NORMAL_BANKING_FLOW
TX_PNB_109537,PNB_ACC_20079,SBI_ACC_20155,7494.86,2026-01-10 14:57:36,SETTLEMENT,NEFT,Punjab National Bank,IN,0,NORMAL_BANKING_FLOW
TX_PNB_109538,PNB_ACC_20112,PNB_ACC_20230,55292.42,2026-01-10 15:54:07,SETTLEMENT,NEFT,Punjab National Bank,IN,0,NORMAL_BANKING_FLOW
TX_PNB_109539,PNB_ACC_20094,PNB_ACC_20117,4365.77,2026-01-10 17:13:30,SETTLEMENT,NEFT,Punjab National Bank,IN,0,NORMAL_BANKING_FLOW
TX_PNB_109540,PNB_ACC_20157,PNB_ACC_20087,12942.38,2026-01-10 14:47:21,SETTLEMENT,NEFT,Punjab National Bank,IN,0,NORMAL_BANKING_FLOW
TX_PNB_109541,PNB_ACC_20169,PNB_ACC_20145,25887.32,2026-01-10 14:42:00,TRANSFER,IMPS,Punjab National Bank,IN,0,NORMAL_BANKING_FLOW
TX_PNB_109542,PNB_ACC_20216,AXIS_ACC_20243,9593.09,2026-01-10 15:10:43,SETTLEMENT,NEFT,Punjab National Bank,IN,0,NORMAL_BANKING_FLOW
TX_PNB_109543,PNB_ACC_20000,INDUS_ACC_20091,42679.38,2026-01-10 18:19:12,TRANSFER,IMPS,Punjab National Bank,IN,0,NORMAL_BANKING_FLOW
TX_PNB_109544,PNB_ACC_20175,PNB_ACC_20126,9645.39,2026-01-10 18:37:17,TRANSFER,IMPS,Punjab National Bank,IN,0,NORMAL_BANKING_FLOW
TX_PNB_109545,PNB_ACC_20180,PNB_ACC_20101,84921.4,2026-01-10 18:03:52,TRANSFER,IMPS,Punjab National Bank,IN,0,NORMAL_BANKING_FLOW
TX_PNB_109546,PNB_ACC_20046,PNB_ACC_20118,15704.13,2026-01-10 16:09:45,SETTLEMENT,NEFT,Punjab National Bank,IN,0,NORMAL_BANKING_FLOW
TX_PNB_109547,PNB_ACC_20038,PNB_ACC_20185,37737.03,2026-01-10 17:59:52,SETTLEMENT,NEFT,Punjab National Bank,IN,0,NORMAL_BANKING_FLOW
TX_PNB_109548,PNB_ACC_20245,PNB_ACC_20231,40971.27,2026-01-10 18:18:05,SETTLEMENT,NEFT,Punjab National Bank,IN,0,NORMAL_BANKING_FLOW
TX_PNB_109549,PNB_ACC_20038,PNB_ACC_20083,9042.64,2026-01-10 14:50:12,SETTLEMENT,NEFT,Punjab National Bank,IN,0,NORMAL_BANKING_FLOW
TX_PNB_109550,PNB_ACC_20227,PNB_ACC_20061,1884.02,2026-01-10 15:02:09,SETTLEMENT,NEFT,Punjab National Bank,IN,0,NORMAL_BANKING_FLOW
TX_PNB_109551,PNB_ACC_20027,PNB_ACC_20085,26818.07,2026-01-10 18:26:40,SETTLEMENT,NEFT,Punjab National Bank,IN,0,NORMAL_BANKING_FLOW
TX_PNB_109552,PNB_ACC_20195,PNB_ACC_20045,19526.29,2026-01-10 15:37:57,SETTLEMENT,NEFT,Punjab National Bank,IN,0,NORMAL_BANKING_FLOW
TX_PNB_109553,PNB_ACC_20147,PNB_ACC_20134,33236.66,2026-01-10 16:01:52,SETTLEMENT,NEFT,Punjab National Bank,IN,0,NORMAL_BANKING_FLOW
TX_PNB_109554,PNB_ACC_20224,PNB_ACC_20054,14056.21,2026-01-10 16:14:09,TRANSFER,IMPS,Punjab National Bank,IN,0,NORMAL_BANKING_FLOW
TX_PNB_109555,PNB_ACC_20032,PNB_ACC_20220,11232.08,2026-01-10 15:15:42,TRANSFER,IMPS,Punjab National Bank,IN,0,NORMAL_BANKING_FLOW
TX_PNB_109556,PNB_ACC_20142,PNB_ACC_20063,164278.81,2026-01-10 15:27:55,TRANSFER,IMPS,Punjab National Bank,IN,0,NORMAL_BANKING_FLOW
TX_PNB_109557,PNB_ACC_20226,CANARA_ACC_20015,3570.32,2026-01-10 17:44:48,TRANSFER,IMPS,Punjab National Bank,IN,0,NORMAL_BANKING_FLOW
TX_PNB_109558,PNB_ACC_20149,HDFC_ACC_20063,40430.73,2026-01-10 18:03:27,SETTLEMENT,NEFT,Punjab National Bank,IN,0,NORMAL_BANKING_FLOW
TX_PNB_109559,PNB_ACC_20134,BOB_ACC_20224,9584.84,2026-01-10 17:28:30,SETTLEMENT,NEFT,Punjab National Bank,IN,0,NORMAL_BANKING_FLOW
TX_PNB_109560,PNB_ACC_20052,PNB_ACC_20043,12464.55,2026-01-10 17:17:17,TRANSFER,IMPS,Punjab National Bank,IN,0,NORMAL_BANKING_FLOW
TX_PNB_109561,PNB_ACC_20028,PNB_ACC_20243,12723.26,2026-01-10 15:12:00,SETTLEMENT,NEFT,Punjab National Bank,IN,0,NORMAL_BANKING_FLOW
TX_PNB_109562,PNB_ACC_20096,PNB_ACC_20133,7451.88,2026-01-10 18:00:50,SETTLEMENT,NEFT,Punjab National Bank,IN,0,NORMAL_BANKING_FLOW
TX_PNB_109563,PNB_ACC_20207,PNB_ACC_20114,33804.41,2026-01-10 14:30:30,SETTLEMENT,NEFT,Punjab National Bank,IN,0,NORMAL_BANKING_FLOW
TX_PNB_109564,PNB_ACC_20159,PNB_ACC_20237,83258.7,2026-01-10 14:54:57,SETTLEMENT,NEFT,Punjab National Bank,IN,0,NORMAL_BANKING_FLOW
TX_PNB_109565,PNB_ACC_20077,PNB_ACC_20154,30242.85,2026-01-10 17:20:52,TRANSFER,IMPS,Punjab National Bank,IN,0,NORMAL_BANKING_FLOW
TX_PNB_109566,PNB_ACC_20197,BOB_ACC_20000,20205.7,2026-01-10 17:58:05,SETTLEMENT,NEFT,Punjab National Bank,IN,0,NORMAL_BANKING_FLOW
TX_PNB_109567,PNB_ACC_20071,CANARA_ACC_20227,6093.12,2026-01-10 15:44:42,SETTLEMENT,NEFT,Punjab National Bank,IN,0,NORMAL_BANKING_FLOW
TX_PNB_109568,PNB_ACC_20024,PNB_ACC_20054,31840.93,2026-01-10 15:57:23,SETTLEMENT,NEFT,Punjab National Bank,IN,0,NORMAL_BANKING_FLOW
TX_PNB_109569,PNB_ACC_20064,PNB_ACC_20102,193297.28,2026-01-10 17:23:44,SETTLEMENT,NEFT,Punjab National Bank,IN,0,NORMAL_BANKING_FLOW
TX_PNB_109570,PNB_ACC_20093,PNB_ACC_20007,11863.67,2026-01-10 15:33:45,SETTLEMENT,NEFT,Punjab National Bank,IN,0,NORMAL_BANKING_FLOW
TX_PNB_109571,PNB_ACC_20225,SBI_ACC_20082,11925.31,2026-01-10 17:25:10,TRANSFER,IMPS,Punjab National Bank,IN,0,NORMAL_BANKING_FLOW
TX_PNB_109572,PNB_ACC_20082,PNB_ACC_20130,9728.37,2026-01-10 15:59:19,TRANSFER,IMPS,Punjab National Bank,IN,0,NORMAL_BANKING_FLOW
TX_PNB_109573,PNB_ACC_20052,BOB_ACC_20185,10526.43,2026-01-10 17:57:36,SETTLEMENT,NEFT,Punjab National Bank,IN,0,NORMAL_BANKING_FLOW
TX_PNB_109574,PNB_ACC_20199,PNB_ACC_20170,880.22,2026-01-10 15:10:33,SETTLEMENT,NEFT,Punjab National Bank,IN,0,NORMAL_BANKING_FLOW
TX_PNB_109575,PNB_ACC_20144,PNB_ACC_20059,28156.65,2026-01-10 18:11:40,TRANSFER,IMPS,Punjab National Bank,IN,0,NORMAL_BANKING_FLOW
TX_PNB_109576,PNB_ACC_20014,ICICI_ACC_20186,7114.52,2026-01-10 18:00:00,TRANSFER,IMPS,Punjab National Bank,IN,0,NORMAL_BANKING_FLOW
TX_PNB_109577,PNB_ACC_20123,PNB_ACC_20142,3067.78,2026-01-10 18:07:04,SETTLEMENT,NEFT,Punjab National Bank,IN,0,NORMAL_BANKING_FLOW
TX_PNB_109578,PNB_ACC_20131,PNB_ACC_20090,41295.51,2026-01-10 15:37:05,TRANSFER,IMPS,Punjab National Bank,IN,0,NORMAL_BANKING_FLOW
TX_PNB_109579,PNB_ACC_20095,PNB_ACC_20075,5485.04,2026-01-10 16:02:42,SETTLEMENT,NEFT,Punjab National Bank,IN,0,NORMAL_BANKING_FLOW
TX_PNB_109580,PNB_ACC_20217,AXIS_ACC_20055,12424.98,2026-01-10 15:12:39,SETTLEMENT,NEFT,Punjab National Bank,IN,0,NORMAL_BANKING_FLOW
TX_PNB_109581,PNB_ACC_20004,PNB_ACC_20107,90498.33,2026-01-10 14:47:40,SETTLEMENT,NEFT,Punjab National Bank,IN,0,NORMAL_BANKING_FLOW
TX_PNB_109582,PNB_ACC_20015,PNB_ACC_20170,3827.1,2026-01-10 19:08:18,TRANSFER,IMPS,Punjab National Bank,IN,0,NORMAL_BANKING_FLOW
TX_PNB_109583,PNB_ACC_20195,HDFC_ACC_20025,3341.39,2026-01-10 19:15:38,SETTLEMENT,NEFT,Punjab National Bank,IN,0,NORMAL_BANKING_FLOW
TX_PNB_109584,PNB_ACC_20017,HDFC_ACC_20026,24251.57,2026-01-10 18:25:33,TRANSFER,IMPS,Punjab National Bank,IN,0,NORMAL_BANKING_FLOW
TX_PNB_109585,PNB_ACC_20190,PNB_ACC_20152,63859.21,2026-01-10 18:32:48,SETTLEMENT,NEFT,Punjab National Bank,IN,0,NORMAL_BANKING_FLOW
TX_PNB_109586,PNB_ACC_20185,PNB_ACC_20048,3191.43,2026-01-10 16:12:30,SETTLEMENT,NEFT,Punjab National Bank,IN,0,NORMAL_BANKING_FLOW
TX_PNB_109587,PNB_ACC_20058,PNB_ACC_20160,28238.98,2026-01-10 16:19:26,SETTLEMENT,NEFT,Punjab National Bank,IN,0,NORMAL_BANKING_FLOW
TX_PNB_109588,PNB_ACC_20002,AXIS_ACC_20124,34169.87,2026-01-10 15:02:33,TRANSFER,IMPS,Punjab National Bank,IN,0,NORMAL_BANKING_FLOW
TX_PNB_109589,PNB_ACC_20054,PNB_ACC_20024,1872.3,2026-01-10 18:29:48,SETTLEMENT,NEFT,Punjab National Bank,IN,0,NORMAL_BANKING_FLOW
TX_PNB_109590,PNB_ACC_20225,PNB_ACC_20003,43405.94,2026-01-10 18:17:41,SETTLEMENT,NEFT,Punjab National Bank,IN,0,NORMAL_BANKING_FLOW
TX_PNB_109591,PNB_ACC_20094,PNB_ACC_20011,47300.04,2026-01-10 16:34:30,TRANSFER,IMPS,Punjab National Bank,IN,0,NORMAL_BANKING_FLOW
TX_PNB_109592,PNB_ACC_20024,PNB_ACC_20213,12797.89,2026-01-10 17:53:15,SETTLEMENT,NEFT,Punjab National Bank,IN,0,NORMAL_BANKING_FLOW
TX_PNB_109593,PNB_ACC_20177,PNB_ACC_20076,71509.17,2026-01-10 16:29:04,SETTLEMENT,NEFT,Punjab National Bank,IN,0,NORMAL_BANKING_FLOW
TX_PNB_109594,PNB_ACC_20238,PNB_ACC_20037,62950.32,2026-01-10 17:35:06,SETTLEMENT,NEFT,Punjab National Bank,IN,0,NORMAL_BANKING_FLOW
TX_PNB_109595,PNB_ACC_20235,PNB_ACC_20196,20199.84,2026-01-10 17:09:32,TRANSFER,IMPS,Punjab National Bank,IN,0,NORMAL_BANKING_FLOW
TX_PNB_109596,PNB_ACC_20213,PNB_ACC_20169,10975.38,2026-01-10 17:36:30,TRANSFER,IMPS,Punjab National Bank,IN,0,NORMAL_BANKING_FLOW
TX_PNB_109597,PNB_ACC_20183,YES_ACC_20206,6185.04,2026-01-10 18:49:48,SETTLEMENT,NEFT,Punjab National Bank,IN,0,NORMAL_BANKING_FLOW
TX_PNB_109598,PNB_ACC_20030,PNB_ACC_20209,17303.78,2026-01-10 17:44:31,SETTLEMENT,NEFT,Punjab National Bank,IN,0,NORMAL_BANKING_FLOW
TX_PNB_109599,PNB_ACC_20232,SBI_ACC_20159,33749.97,2026-01-10 17:45:14,TRANSFER,IMPS,Punjab National Bank,IN,0,NORMAL_BANKING_FLOW
TX_PNB_109600,PNB_ACC_20208,PNB_ACC_20154,12624.64,2026-01-10 17:06:03,SETTLEMENT,NEFT,Punjab National Bank,IN,0,NORMAL_BANKING_FLOW
TX_PNB_109601,PNB_ACC_20080,PNB_ACC_20180,1608.0,2026-01-10 14:46:40,TRANSFER,IMPS,Punjab National Bank,IN,0,NORMAL_BANKING_FLOW
TX_PNB_109602,PNB_ACC_20137,PNB_ACC_20155,72808.3,2026-01-10 16:53:55,SETTLEMENT,NEFT,Punjab National Bank,IN,0,NORMAL_BANKING_FLOW
TX_PNB_109603,PNB_ACC_20204,KOTAK_ACC_20071,22231.06,2026-01-10 17:34:42,SETTLEMENT,NEFT,Punjab National Bank,IN,0,NORMAL_BANKING_FLOW
TX_PNB_109604,PNB_ACC_20243,BOB_ACC_20199,11877.64,2026-01-10 16:55:05,SETTLEMENT,NEFT,Punjab National Bank,IN,0,NORMAL_BANKING_FLOW
TX_PNB_109605,PNB_ACC_20114,PNB_ACC_20047,46298.93,2026-01-10 15:14:40,TRANSFER,IMPS,Punjab National Bank,IN,0,NORMAL_BANKING_FLOW
TX_PNB_109606,PNB_ACC_20066,PNB_ACC_20246,96481.1,2026-01-10 14:54:45,TRANSFER,IMPS,Punjab National Bank,IN,0,NORMAL_BANKING_FLOW
TX_PNB_109607,PNB_ACC_20021,INDUS_ACC_20236,827.08,2026-01-10 19:12:10,SETTLEMENT,NEFT,Punjab National Bank,IN,0,NORMAL_BANKING_FLOW
TX_PNB_109608,PNB_ACC_20107,PNB_ACC_20071,29076.63,2026-01-10 19:40:13,SETTLEMENT,NEFT,Punjab National Bank,IN,0,NORMAL_BANKING_FLOW
TX_PNB_109609,PNB_ACC_20044,PNB_ACC_20187,3754.41,2026-01-10 14:42:00,SETTLEMENT,NEFT,Punjab National Bank,IN,0,NORMAL_BANKING_FLOW
TX_PNB_109610,PNB_ACC_20204,PNB_ACC_20188,31226.47,2026-01-10 17:32:40,SETTLEMENT,NEFT,Punjab National Bank,IN,0,NORMAL_BANKING_FLOW
TX_PNB_109611,PNB_ACC_20009,SBI_ACC_20018,20758.68,2026-01-10 19:02:10,SETTLEMENT,NEFT,Punjab National Bank,IN,0,NORMAL_BANKING_FLOW
TX_PNB_109612,PNB_ACC_20221,PNB_ACC_20077,36290.06,2026-01-10 16:18:39,TRANSFER,IMPS,Punjab National Bank,IN,0,NORMAL_BANKING_FLOW
TX_PNB_109613,PNB_ACC_20161,PNB_ACC_20099,10413.18,2026-01-10 14:56:44,SETTLEMENT,NEFT,Punjab National Bank,IN,0,NORMAL_BANKING_FLOW
TX_PNB_109614,PNB_ACC_20146,PNB_ACC_20065,2297.18,2026-01-10 19:18:35,SETTLEMENT,NEFT,Punjab National Bank,IN,0,NORMAL_BANKING_FLOW
TX_PNB_109615,PNB_ACC_20091,PNB_ACC_20065,10988.39,2026-01-10 16:40:48,TRANSFER,IMPS,Punjab National Bank,IN,0,NORMAL_BANKING_FLOW
TX_PNB_109616,PNB_ACC_20003,PNB_ACC_20076,28212.84,2026-01-10 14:43:45,TRANSFER,IMPS,Punjab National Bank,IN,0,NORMAL_BANKING_FLOW
TX_PNB_109617,PNB_ACC_20182,PNB_ACC_20218,55101.46,2026-01-10 14:57:52,SETTLEMENT,NEFT,Punjab National Bank,IN,0,NORMAL_BANKING_FLOW
TX_PNB_109618,PNB_ACC_20118,PNB_ACC_20203,4969.06,2026-01-10 17:17:09,SETTLEMENT,NEFT,Punjab National Bank,IN,0,NORMAL_BANKING_FLOW
TX_PNB_109619,PNB_ACC_20247,PNB_ACC_20112,55813.24,2026-01-10 16:15:04,SETTLEMENT,NEFT,Punjab National Bank,IN,0,NORMAL_BANKING_FLOW
TX_PNB_109620,PNB_ACC_20104,PNB_ACC_20230,8842.64,2026-01-10 17:18:23,SETTLEMENT,NEFT,Punjab National Bank,IN,0,NORMAL_BANKING_FLOW
TX_PNB_109621,PNB_ACC_20036,YES_ACC_20108,26868.1,2026-01-10 18:50:00,SETTLEMENT,NEFT,Punjab National Bank,IN,0,NORMAL_BANKING_FLOW
TX_PNB_109622,PNB_ACC_20108,PNB_ACC_20248,10291.94,2026-01-10 15:41:23,SETTLEMENT,NEFT,Punjab National Bank,IN,0,NORMAL_BANKING_FLOW
TX_PNB_109623,PNB_ACC_20178,PNB_ACC_20084,22035.01,2026-01-10 16:09:54,SETTLEMENT,NEFT,Punjab National Bank,IN,0,NORMAL_BANKING_FLOW
TX_PNB_109624,PNB_ACC_20129,PNB_ACC_20171,48101.34,2026-01-10 15:21:00,SETTLEMENT,NEFT,Punjab National Bank,IN,0,NORMAL_BANKING_FLOW
TX_PNB_109625,PNB_ACC_20098,PNB_ACC_20175,4676.4,2026-01-10 15:28:24,TRANSFER,IMPS,Punjab National Bank,IN,0,NORMAL_BANKING_FLOW
TX_PNB_109626,PNB_ACC_20142,PNB_ACC_20094,8536.48,2026-01-10 19:43:45,SETTLEMENT,NEFT,Punjab National Bank,IN,0,NORMAL_BANKING_FLOW
TX_PNB_109627,PNB_ACC_20005,PNB_ACC_20028,22102.78,2026-01-10 19:02:06,SETTLEMENT,NEFT,Punjab National Bank,IN,0,NORMAL_BANKING_FLOW
TX_PNB_109628,PNB_ACC_20112,HDFC_ACC_20198,253151.15,2026-01-10 17:16:12,TRANSFER,IMPS,Punjab National Bank,IN,0,NORMAL_BANKING_FLOW
TX_PNB_109629,PNB_ACC_20161,PNB_ACC_20070,6977.82,2026-01-10 18:28:08,SETTLEMENT,NEFT,Punjab National Bank,IN,0,NORMAL_BANKING_FLOW
TX_PNB_109630,PNB_ACC_20123,YES_ACC_20224,170100.93,2026-01-10 18:21:45,TRANSFER,IMPS,Punjab National Bank,IN,0,NORMAL_BANKING_FLOW
TX_PNB_109631,PNB_ACC_20213,SBI_ACC_20176,163548.63,2026-01-10 16:13:30,TRANSFER,IMPS,Punjab National Bank,IN,0,NORMAL_BANKING_FLOW
TX_PNB_109632,PNB_ACC_20040,HDFC_ACC_20149,16203.1,2026-01-10 16:28:19,TRANSFER,IMPS,Punjab National Bank,IN,0,NORMAL_BANKING_FLOW
TX_PNB_109633,PNB_ACC_20014,PNB_ACC_20079,12991.26,2026-01-10 18:16:48,SETTLEMENT,NEFT,Punjab National Bank,IN,0,NORMAL_BANKING_FLOW
TX_PNB_109634,PNB_ACC_20130,PNB_ACC_20074,8423.06,2026-01-10 17:41:27,SETTLEMENT,NEFT,Punjab National Bank,IN,0,NORMAL_BANKING_FLOW
TX_PNB_109635,PNB_ACC_20107,PNB_ACC_20195,16730.31,2026-01-10 16:51:28,SETTLEMENT,NEFT,Punjab National Bank,IN,0,NORMAL_BANKING_FLOW
TX_PNB_109636,PNB_ACC_20231,KOTAK_ACC_20174,3837.62,2026-01-10 19:46:00,SETTLEMENT,NEFT,Punjab National Bank,IN,0,NORMAL_BANKING_FLOW
TX_PNB_109637,PNB_ACC_20170,PNB_ACC_20047,16583.06,2026-01-10 17:07:04,SETTLEMENT,NEFT,Punjab National Bank,IN,0,NORMAL_BANKING_FLOW
TX_PNB_109638,PNB_ACC_20017,AXIS_ACC_20221,93579.66,2026-01-10 18:42:19,TRANSFER,IMPS,Punjab National Bank,IN,0,NORMAL_BANKING_FLOW
TX_PNB_109639,PNB_ACC_20069,KOTAK_ACC_20196,9207.8,2026-01-10 18:13:54,SETTLEMENT,NEFT,Punjab National Bank,IN,0,NORMAL_BANKING_FLOW
TX_PNB_109640,PNB_ACC_20152,ICICI_ACC_20199,13838.41,2026-01-10 18:36:34,TRANSFER,IMPS,Punjab National Bank,IN,0,NORMAL_BANKING_FLOW
TX_PNB_109641,PNB_ACC_20183,PNB_ACC_20147,2775.94,2026-01-10 19:21:20,SETTLEMENT,NEFT,Punjab National Bank,IN,0,NORMAL_BANKING_FLOW
TX_PNB_109642,PNB_ACC_20068,KOTAK_ACC_20248,27213.5,2026-01-10 15:27:00,TRANSFER,IMPS,Punjab National Bank,IN,0,NORMAL_BANKING_FLOW
TX_PNB_109643,PNB_ACC_20147,SBI_ACC_20227,24123.21,2026-01-10 18:53:36,TRANSFER,IMPS,Punjab National Bank,IN,0,NORMAL_BANKING_FLOW
TX_PNB_109644,PNB_ACC_20079,PNB_ACC_20218,19342.74,2026-01-10 14:50:45,SETTLEMENT,NEFT,Punjab National Bank,IN,0,NORMAL_BANKING_FLOW
TX_PNB_109645,PNB_ACC_20103,PNB_ACC_20249,14207.0,2026-01-10 19:02:36,SETTLEMENT,NEFT,Punjab National Bank,IN,0,NORMAL_BANKING_FLOW
TX_PNB_109646,PNB_ACC_20191,PNB_ACC_20189,13068.58,2026-01-10 19:25:40,SETTLEMENT,NEFT,Punjab National Bank,IN,0,NORMAL_BANKING_FLOW
TX_PNB_109647,PNB_ACC_20004,PNB_ACC_20123,31322.45,2026-01-10 18:49:22,SETTLEMENT,NEFT,Punjab National Bank,IN,0,NORMAL_BANKING_FLOW
TX_PNB_109648,PNB_ACC_20170,PNB_ACC_20207,17471.07,2026-01-10 16:43:30,SETTLEMENT,NEFT,Punjab National Bank,IN,0,NORMAL_BANKING_FLOW
TX_PNB_109649,PNB_ACC_20065,CANARA_ACC_20236,25500.9,2026-01-10 18:36:00,SETTLEMENT,NEFT,Punjab National Bank,IN,0,NORMAL_BANKING_FLOW
TX_PNB_109650,PNB_ACC_20011,PNB_ACC_20071,22844.85,2026-01-10 16:29:32,SETTLEMENT,NEFT,Punjab National Bank,IN,0,NORMAL_BANKING_FLOW
TX_PNB_109651,PNB_ACC_20144,PNB_ACC_20137,62054.61,2026-01-10 16:00:00,SETTLEMENT,NEFT,Punjab National Bank,IN,0,NORMAL_BANKING_FLOW
TX_PNB_109652,PNB_ACC_20032,CANARA_ACC_20078,37975.39,2026-01-10 18:30:44,SETTLEMENT,NEFT,Punjab National Bank,IN,0,NORMAL_BANKING_FLOW
TX_PNB_109653,PNB_ACC_20117,PNB_ACC_20178,22295.68,2026-01-10 18:23:56,SETTLEMENT,NEFT,Punjab National Bank,IN,0,NORMAL_BANKING_FLOW
TX_PNB_109654,PNB_ACC_20177,PNB_ACC_20150,95823.6,2026-01-10 18:02:00,TRANSFER,IMPS,Punjab National Bank,IN,0,NORMAL_BANKING_FLOW
TX_PNB_109655,PNB_ACC_20228,PNB_ACC_20097,28632.43,2026-01-10 15:46:28,SETTLEMENT,NEFT,Punjab National Bank,IN,0,NORMAL_BANKING_FLOW
TX_PNB_109656,PNB_ACC_20147,PNB_ACC_20157,75770.09,2026-01-10 16:55:05,SETTLEMENT,NEFT,Punjab National Bank,IN,0,NORMAL_BANKING_FLOW
TX_PNB_109657,PNB_ACC_20111,CANARA_ACC_20216,35159.03,2026-01-10 16:32:48,SETTLEMENT,NEFT,Punjab National Bank,IN,0,NORMAL_BANKING_FLOW
TX_PNB_109658,PNB_ACC_20090,PNB_ACC_20220,2377.7,2026-01-10 14:54:15,SETTLEMENT,NEFT,Punjab National Bank,IN,0,NORMAL_BANKING_FLOW
TX_PNB_109659,PNB_ACC_20029,PNB_ACC_20096,75759.43,2026-01-10 18:28:14,SETTLEMENT,NEFT,Punjab National Bank,IN,0,NORMAL_BANKING_FLOW
TX_PNB_109660,PNB_ACC_20201,PNB_ACC_20229,20924.87,2026-01-10 20:08:24,SETTLEMENT,NEFT,Punjab National Bank,IN,0,NORMAL_BANKING_FLOW
TX_PNB_109661,PNB_ACC_20211,CANARA_ACC_20011,17032.01,2026-01-10 19:38:40,SETTLEMENT,NEFT,Punjab National Bank,IN,0,NORMAL_BANKING_FLOW
TX_PNB_109662,PNB_ACC_20071,CANARA_ACC_20247,24574.96,2026-01-10 20:17:57,SETTLEMENT,NEFT,Punjab National Bank,IN,0,NORMAL_BANKING_FLOW
TX_PNB_109663,PNB_ACC_20028,PNB_ACC_20091,12338.98,2026-01-10 18:46:30,TRANSFER,IMPS,Punjab National Bank,IN,0,NORMAL_BANKING_FLOW
TX_PNB_109664,PNB_ACC_20119,SBI_ACC_20034,23149.58,2026-01-10 18:31:49,TRANSFER,IMPS,Punjab National Bank,IN,0,NORMAL_BANKING_FLOW
TX_PNB_109665,PNB_ACC_20191,PNB_ACC_20021,9404.43,2026-01-10 17:53:52,TRANSFER,IMPS,Punjab National Bank,IN,0,NORMAL_BANKING_FLOW
TX_PNB_109666,PNB_ACC_20072,PNB_ACC_20073,73254.83,2026-01-10 17:54:30,SETTLEMENT,NEFT,Punjab National Bank,IN,0,NORMAL_BANKING_FLOW
TX_PNB_109667,PNB_ACC_20200,PNB_ACC_20159,15915.57,2026-01-10 15:12:02,SETTLEMENT,NEFT,Punjab National Bank,IN,0,NORMAL_BANKING_FLOW
TX_PNB_109668,PNB_ACC_20207,PNB_ACC_20094,11839.04,2026-01-10 19:21:23,SETTLEMENT,NEFT,Punjab National Bank,IN,0,NORMAL_BANKING_FLOW
TX_PNB_109669,PNB_ACC_20055,PNB_ACC_20244,6519.69,2026-01-10 18:04:12,TRANSFER,IMPS,Punjab National Bank,IN,0,NORMAL_BANKING_FLOW
TX_PNB_109670,PNB_ACC_20140,PNB_ACC_20086,24237.43,2026-01-10 17:10:08,TRANSFER,IMPS,Punjab National Bank,IN,0,NORMAL_BANKING_FLOW
TX_PNB_109671,PNB_ACC_20167,PNB_ACC_20242,22154.99,2026-01-10 17:42:00,TRANSFER,IMPS,Punjab National Bank,IN,0,NORMAL_BANKING_FLOW
TX_PNB_109672,PNB_ACC_20061,KOTAK_ACC_20248,27646.85,2026-01-10 20:35:18,SETTLEMENT,NEFT,Punjab National Bank,IN,0,NORMAL_BANKING_FLOW
TX_PNB_109673,PNB_ACC_20231,SBI_ACC_20144,5825.63,2026-01-10 16:24:32,SETTLEMENT,NEFT,Punjab National Bank,IN,0,NORMAL_BANKING_FLOW
TX_PNB_109674,PNB_ACC_20199,PNB_ACC_20115,3098.58,2026-01-10 17:43:48,TRANSFER,IMPS,Punjab National Bank,IN,0,NORMAL_BANKING_FLOW
TX_PNB_109675,PNB_ACC_20187,PNB_ACC_20135,35887.72,2026-01-10 16:17:30,SETTLEMENT,NEFT,Punjab National Bank,IN,0,NORMAL_BANKING_FLOW
TX_PNB_109676,PNB_ACC_20198,PNB_ACC_20099,92328.31,2026-01-10 20:15:25,TRANSFER,IMPS,Punjab National Bank,IN,0,NORMAL_BANKING_FLOW
TX_PNB_109677,PNB_ACC_20129,CANARA_ACC_20015,5831.39,2026-01-10 19:44:36,SETTLEMENT,NEFT,Punjab National Bank,IN,0,NORMAL_BANKING_FLOW
TX_PNB_109678,PNB_ACC_20069,ICICI_ACC_20188,103609.61,2026-01-10 20:57:00,SETTLEMENT,NEFT,Punjab National Bank,IN,0,NORMAL_BANKING_FLOW
TX_PNB_109679,PNB_ACC_20209,PNB_ACC_20060,24644.33,2026-01-10 20:26:08,TRANSFER,IMPS,Punjab National Bank,IN,0,NORMAL_BANKING_FLOW
TX_PNB_109680,PNB_ACC_20207,PNB_ACC_20007,17894.18,2026-01-10 18:27:19,TRANSFER,IMPS,Punjab National Bank,IN,0,NORMAL_BANKING_FLOW
TX_PNB_109681,PNB_ACC_20118,PNB_ACC_20225,11645.75,2026-01-10 20:20:00,SETTLEMENT,NEFT,Punjab National Bank,IN,0,NORMAL_BANKING_FLOW
TX_PNB_109682,PNB_ACC_20044,PNB_ACC_20198,3932.5,2026-01-10 17:32:34,SETTLEMENT,NEFT,Punjab National Bank,IN,0,NORMAL_BANKING_FLOW
TX_PNB_109683,PNB_ACC_20205,AXIS_ACC_20177,53449.97,2026-01-10 20:05:46,TRANSFER,IMPS,Punjab National Bank,IN,0,NORMAL_BANKING_FLOW
TX_PNB_109684,PNB_ACC_20245,PNB_ACC_20212,7683.52,2026-01-10 18:05:54,SETTLEMENT,NEFT,Punjab National Bank,IN,0,NORMAL_BANKING_FLOW
TX_PNB_109685,PNB_ACC_20110,PNB_ACC_20123,7648.1,2026-01-10 18:22:40,TRANSFER,IMPS,Punjab National Bank,IN,0,NORMAL_BANKING_FLOW
TX_PNB_109686,PNB_ACC_20119,PNB_ACC_20065,53697.35,2026-01-10 19:11:50,TRANSFER,IMPS,Punjab National Bank,IN,0,NORMAL_BANKING_FLOW
TX_PNB_109687,PNB_ACC_20027,PNB_ACC_20074,2272.69,2026-01-10 16:06:18,SETTLEMENT,NEFT,Punjab National Bank,IN,0,NORMAL_BANKING_FLOW
TX_PNB_109688,PNB_ACC_20150,PNB_ACC_20049,3374.63,2026-01-10 19:53:57,TRANSFER,IMPS,Punjab National Bank,IN,0,NORMAL_BANKING_FLOW
TX_PNB_109689,PNB_ACC_20085,PNB_ACC_20215,17677.58,2026-01-10 20:51:44,SETTLEMENT,NEFT,Punjab National Bank,IN,0,NORMAL_BANKING_FLOW
TX_PNB_109690,PNB_ACC_20044,PNB_ACC_20046,24899.75,2026-01-10 20:52:42,SETTLEMENT,NEFT,Punjab National Bank,IN,0,NORMAL_BANKING_FLOW
TX_PNB_109691,PNB_ACC_20099,PNB_ACC_20089,30736.56,2026-01-10 18:02:10,SETTLEMENT,NEFT,Punjab National Bank,IN,0,NORMAL_BANKING_FLOW
TX_PNB_109692,PNB_ACC_20135,PNB_ACC_20160,12939.26,2026-01-10 18:43:42,SETTLEMENT,NEFT,Punjab National Bank,IN,0,NORMAL_BANKING_FLOW
TX_PNB_109693,PNB_ACC_20013,PNB_ACC_20011,291678.26,2026-01-10 19:25:24,SETTLEMENT,NEFT,Punjab National Bank,IN,0,NORMAL_BANKING_FLOW
TX_PNB_109694,PNB_ACC_20050,PNB_ACC_20218,14035.12,2026-01-10 15:11:28,SETTLEMENT,NEFT,Punjab National Bank,IN,0,NORMAL_BANKING_FLOW
TX_PNB_109695,PNB_ACC_20148,PNB_ACC_20053,13990.52,2026-01-10 17:39:56,TRANSFER,IMPS,Punjab National Bank,IN,0,NORMAL_BANKING_FLOW
TX_PNB_109696,PNB_ACC_20045,YES_ACC_20146,7504.92,2026-01-10 19:11:15,SETTLEMENT,NEFT,Punjab National Bank,IN,0,NORMAL_BANKING_FLOW
TX_PNB_109697,PNB_ACC_20199,PNB_ACC_20072,20667.08,2026-01-10 21:16:00,SETTLEMENT,NEFT,Punjab National Bank,IN,0,NORMAL_BANKING_FLOW
TX_PNB_109698,PNB_ACC_20023,PNB_ACC_20173,35470.53,2026-01-10 15:53:57,SETTLEMENT,NEFT,Punjab National Bank,IN,0,NORMAL_BANKING_FLOW
TX_PNB_109699,PNB_ACC_20232,PNB_ACC_20030,67774.13,2026-01-10 20:03:18,SETTLEMENT,NEFT,Punjab National Bank,IN,0,NORMAL_BANKING_FLOW
TX_PNB_109700,PNB_ACC_20044,PNB_ACC_20077,3504.44,2026-01-10 16:02:58,SETTLEMENT,NEFT,Punjab National Bank,IN,0,NORMAL_BANKING_FLOW
TX_PNB_109701,PNB_ACC_20010,PNB_ACC_20028,13758.4,2026-01-10 18:41:40,TRANSFER,IMPS,Punjab National Bank,IN,0,NORMAL_BANKING_FLOW
TX_PNB_109702,PNB_ACC_20118,HDFC_ACC_20067,29477.25,2026-01-10 19:49:09,SETTLEMENT,NEFT,Punjab National Bank,IN,0,NORMAL_BANKING_FLOW
TX_PNB_109703,PNB_ACC_20151,PNB_ACC_20021,34398.33,2026-01-10 18:51:24,TRANSFER,IMPS,Punjab National Bank,IN,0,NORMAL_BANKING_FLOW
TX_PNB_109704,PNB_ACC_20207,PNB_ACC_20059,18164.12,2026-01-10 20:49:28,SETTLEMENT,NEFT,Punjab National Bank,IN,0,NORMAL_BANKING_FLOW
TX_PNB_109705,PNB_ACC_20191,INDUS_ACC_20154,32750.27,2026-01-10 20:08:24,TRANSFER,IMPS,Punjab National Bank,IN,0,NORMAL_BANKING_FLOW
TX_PNB_109706,PNB_ACC_20174,PNB_ACC_20148,7406.7,2026-01-10 18:28:15,TRANSFER,IMPS,Punjab National Bank,IN,0,NORMAL_BANKING_FLOW
TX_PNB_109707,PNB_ACC_20146,KOTAK_ACC_20211,100077.08,2026-01-10 17:21:26,SETTLEMENT,NEFT,Punjab National Bank,IN,0,NORMAL_BANKING_FLOW
TX_PNB_109708,PNB_ACC_20053,INDUS_ACC_20225,53738.82,2026-01-10 16:48:09,SETTLEMENT,NEFT,Punjab National Bank,IN,0,NORMAL_BANKING_FLOW
TX_PNB_109709,PNB_ACC_20073,BOB_ACC_20128,4107.54,2026-01-10 21:11:04,TRANSFER,IMPS,Punjab National Bank,IN,0,NORMAL_BANKING_FLOW
TX_PNB_109710,PNB_ACC_20121,AXIS_ACC_20078,5526.92,2026-01-10 17:48:26,SETTLEMENT,NEFT,Punjab National Bank,IN,0,NORMAL_BANKING_FLOW
TX_PNB_109711,PNB_ACC_20199,PNB_ACC_20188,5700.94,2026-01-10 20:47:30,SETTLEMENT,NEFT,Punjab National Bank,IN,0,NORMAL_BANKING_FLOW
TX_PNB_109712,PNB_ACC_20187,PNB_ACC_20114,38016.17,2026-01-10 17:15:30,SETTLEMENT,NEFT,Punjab National Bank,IN,0,NORMAL_BANKING_FLOW
TX_PNB_109713,PNB_ACC_20175,CANARA_ACC_20147,4388.75,2026-01-10 19:24:00,TRANSFER,IMPS,Punjab National Bank,IN,0,NORMAL_BANKING_FLOW
TX_PNB_109714,PNB_ACC_20102,PNB_ACC_20011,12529.9,2026-01-10 16:59:24,TRANSFER,IMPS,Punjab National Bank,IN,0,NORMAL_BANKING_FLOW
TX_PNB_109715,PNB_ACC_20040,PNB_ACC_20159,29737.82,2026-01-10 18:08:24,SETTLEMENT,NEFT,Punjab National Bank,IN,0,NORMAL_BANKING_FLOW
TX_PNB_109716,PNB_ACC_20220,KOTAK_ACC_20172,16767.83,2026-01-10 20:34:55,SETTLEMENT,NEFT,Punjab National Bank,IN,0,NORMAL_BANKING_FLOW
TX_PNB_109717,PNB_ACC_20176,PNB_ACC_20101,23975.22,2026-01-10 21:27:24,SETTLEMENT,NEFT,Punjab National Bank,IN,0,NORMAL_BANKING_FLOW
TX_PNB_109718,PNB_ACC_20195,AXIS_ACC_20187,5583.76,2026-01-10 20:10:50,TRANSFER,IMPS,Punjab National Bank,IN,0,NORMAL_BANKING_FLOW
TX_PNB_109719,PNB_ACC_20134,PNB_ACC_20068,34694.62,2026-01-10 19:45:46,TRANSFER,IMPS,Punjab National Bank,IN,0,NORMAL_BANKING_FLOW
TX_PNB_109720,PNB_ACC_20043,YES_ACC_20113,9186.29,2026-01-10 20:38:27,SETTLEMENT,NEFT,Punjab National Bank,IN,0,NORMAL_BANKING_FLOW
TX_PNB_109721,PNB_ACC_20122,PNB_ACC_20202,12618.49,2026-01-10 16:36:40,SETTLEMENT,NEFT,Punjab National Bank,IN,0,NORMAL_BANKING_FLOW
TX_PNB_109722,PNB_ACC_20157,PNB_ACC_20075,23423.73,2026-01-10 20:05:29,SETTLEMENT,NEFT,Punjab National Bank,IN,0,NORMAL_BANKING_FLOW
TX_PNB_109723,PNB_ACC_20180,ICICI_ACC_20152,20198.95,2026-01-10 15:19:12,SETTLEMENT,NEFT,Punjab National Bank,IN,0,NORMAL_BANKING_FLOW
TX_PNB_109724,PNB_ACC_20245,INDUS_ACC_20046,18515.77,2026-01-10 18:39:57,TRANSFER,IMPS,Punjab National Bank,IN,0,NORMAL_BANKING_FLOW
TX_PNB_109725,PNB_ACC_20081,PNB_ACC_20019,7897.57,2026-01-10 17:48:12,SETTLEMENT,NEFT,Punjab National Bank,IN,0,NORMAL_BANKING_FLOW
TX_PNB_109726,PNB_ACC_20036,PNB_ACC_20005,12971.31,2026-01-10 21:18:45,SETTLEMENT,NEFT,Punjab National Bank,IN,0,NORMAL_BANKING_FLOW
TX_PNB_109727,PNB_ACC_20229,PNB_ACC_20206,18077.11,2026-01-10 17:31:46,SETTLEMENT,NEFT,Punjab National Bank,IN,0,NORMAL_BANKING_FLOW
TX_PNB_109728,PNB_ACC_20034,PNB_ACC_20206,3973.51,2026-01-10 16:04:27,SETTLEMENT,NEFT,Punjab National Bank,IN,0,NORMAL_BANKING_FLOW
TX_PNB_109729,PNB_ACC_20176,PNB_ACC_20014,10842.34,2026-01-10 17:41:36,SETTLEMENT,NEFT,Punjab National Bank,IN,0,NORMAL_BANKING_FLOW
TX_PNB_109730,PNB_ACC_20112,PNB_ACC_20025,27624.21,2026-01-10 16:49:14,SETTLEMENT,NEFT,Punjab National Bank,IN,0,NORMAL_BANKING_FLOW
TX_PNB_109731,PNB_ACC_20056,INDUS_ACC_20007,4424.09,2026-01-10 17:51:30,SETTLEMENT,NEFT,Punjab National Bank,IN,0,NORMAL_BANKING_FLOW
TX_PNB_109732,PNB_ACC_20094,PNB_ACC_20016,64359.5,2026-01-10 15:57:00,SETTLEMENT,NEFT,Punjab National Bank,IN,0,NORMAL_BANKING_FLOW
TX_PNB_109733,PNB_ACC_20225,PNB_ACC_20082,72880.37,2026-01-10 21:25:24,SETTLEMENT,NEFT,Punjab National Bank,IN,0,NORMAL_BANKING_FLOW
TX_PNB_109734,PNB_ACC_20101,PNB_ACC_20057,4584.03,2026-01-10 19:57:31,SETTLEMENT,NEFT,Punjab National Bank,IN,0,NORMAL_BANKING_FLOW
TX_PNB_109735,PNB_ACC_20122,PNB_ACC_20011,80288.49,2026-01-10 15:58:00,TRANSFER,IMPS,Punjab National Bank,IN,0,NORMAL_BANKING_FLOW
TX_PNB_109736,PNB_ACC_20170,PNB_ACC_20070,15399.04,2026-01-10 21:46:05,TRANSFER,IMPS,Punjab National Bank,IN,0,NORMAL_BANKING_FLOW
TX_PNB_109737,PNB_ACC_20231,INDUS_ACC_20106,28577.24,2026-01-10 20:35:36,SETTLEMENT,NEFT,Punjab National Bank,IN,0,NORMAL_BANKING_FLOW
TX_PNB_109738,PNB_ACC_20059,PNB_ACC_20242,10442.97,2026-01-10 15:23:12,TRANSFER,IMPS,Punjab National Bank,IN,0,NORMAL_BANKING_FLOW
TX_PNB_109739,PNB_ACC_20179,CANARA_ACC_20054,49779.04,2026-01-10 16:08:18,TRANSFER,IMPS,Punjab National Bank,IN,0,NORMAL_BANKING_FLOW
TX_PNB_109740,PNB_ACC_20213,PNB_ACC_20207,28189.46,2026-01-10 19:35:16,SETTLEMENT,NEFT,Punjab National Bank,IN,0,NORMAL_BANKING_FLOW
TX_PNB_109741,PNB_ACC_20021,SBI_ACC_20025,7364.54,2026-01-10 21:15:00,SETTLEMENT,NEFT,Punjab National Bank,IN,0,NORMAL_BANKING_FLOW
TX_PNB_109742,PNB_ACC_20074,PNB_ACC_20106,5005.43,2026-01-10 21:33:57,TRANSFER,IMPS,Punjab National Bank,IN,0,NORMAL_BANKING_FLOW
TX_PNB_109743,PNB_ACC_20204,ICICI_ACC_20235,3617.97,2026-01-10 16:45:50,SETTLEMENT,NEFT,Punjab National Bank,IN,0,NORMAL_BANKING_FLOW
TX_PNB_109744,PNB_ACC_20173,SBI_ACC_20000,22175.34,2026-01-10 16:46:15,TRANSFER,IMPS,Punjab National Bank,IN,0,NORMAL_BANKING_FLOW
TX_PNB_109745,PNB_ACC_20134,PNB_ACC_20069,33850.82,2026-01-10 19:11:44,SETTLEMENT,NEFT,Punjab National Bank,IN,0,NORMAL_BANKING_FLOW
TX_PNB_109746,PNB_ACC_20237,PNB_ACC_20043,36903.52,2026-01-10 21:55:55,SETTLEMENT,NEFT,Punjab National Bank,IN,0,NORMAL_BANKING_FLOW
TX_PNB_109747,PNB_ACC_20021,KOTAK_ACC_20063,15838.85,2026-01-10 21:29:36,SETTLEMENT,NEFT,Punjab National Bank,IN,0,NORMAL_BANKING_FLOW
TX_PNB_109748,PNB_ACC_20010,CANARA_ACC_20021,5050.81,2026-01-10 18:28:12,SETTLEMENT,NEFT,Punjab National Bank,IN,0,NORMAL_BANKING_FLOW
TX_PNB_109749,PNB_ACC_20182,SBI_ACC_20244,8516.13,2026-01-10 15:53:32,TRANSFER,IMPS,Punjab National Bank,IN,0,NORMAL_BANKING_FLOW
TX_PNB_109750,PNB_ACC_20021,AXIS_ACC_20236,64060.52,2026-01-10 18:11:06,SETTLEMENT,NEFT,Punjab National Bank,IN,0,NORMAL_BANKING_FLOW
TX_PNB_109751,PNB_ACC_20146,YES_ACC_20014,10581.99,2026-01-10 15:54:10,TRANSFER,IMPS,Punjab National Bank,IN,0,NORMAL_BANKING_FLOW
TX_PNB_109752,PNB_ACC_20153,KOTAK_ACC_20203,21115.43,2026-01-10 16:40:24,SETTLEMENT,NEFT,Punjab National Bank,IN,0,NORMAL_BANKING_FLOW
TX_PNB_109753,PNB_ACC_20155,PNB_ACC_20012,5523.6,2026-01-10 20:03:12,TRANSFER,IMPS,Punjab National Bank,IN,0,NORMAL_BANKING_FLOW
TX_PNB_109754,PNB_ACC_20128,INDUS_ACC_20096,26114.38,2026-01-10 18:22:35,SETTLEMENT,NEFT,Punjab National Bank,IN,0,NORMAL_BANKING_FLOW
TX_PNB_109755,PNB_ACC_20089,PNB_ACC_20069,10900.32,2026-01-10 16:41:36,SETTLEMENT,NEFT,Punjab National Bank,IN,0,NORMAL_BANKING_FLOW
TX_PNB_109756,PNB_ACC_20102,SBI_ACC_20099,57032.92,2026-01-10 16:51:15,SETTLEMENT,NEFT,Punjab National Bank,IN,0,NORMAL_BANKING_FLOW
TX_PNB_109757,PNB_ACC_20169,BOB_ACC_20106,42231.15,2026-01-10 21:01:52,TRANSFER,IMPS,Punjab National Bank,IN,0,NORMAL_BANKING_FLOW
TX_PNB_109758,PNB_ACC_20194,PNB_ACC_20219,10453.83,2026-01-10 16:24:14,TRANSFER,IMPS,Punjab National Bank,IN,0,NORMAL_BANKING_FLOW
TX_PNB_109759,PNB_ACC_20189,PNB_ACC_20127,15688.29,2026-01-10 17:48:18,TRANSFER,IMPS,Punjab National Bank,IN,0,NORMAL_BANKING_FLOW
TX_PNB_109760,PNB_ACC_20029,PNB_ACC_20143,9835.68,2026-01-10 20:08:34,SETTLEMENT,NEFT,Punjab National Bank,IN,0,NORMAL_BANKING_FLOW
TX_PNB_109761,PNB_ACC_20094,SBI_ACC_20242,3784.33,2026-01-10 16:16:00,SETTLEMENT,NEFT,Punjab National Bank,IN,0,NORMAL_BANKING_FLOW
TX_PNB_109762,PNB_ACC_20171,INDUS_ACC_20090,7022.07,2026-01-10 15:57:39,SETTLEMENT,NEFT,Punjab National Bank,IN,0,NORMAL_BANKING_FLOW
TX_PNB_109763,PNB_ACC_20043,PNB_ACC_20189,22427.41,2026-01-10 20:10:52,SETTLEMENT,NEFT,Punjab National Bank,IN,0,NORMAL_BANKING_FLOW
TX_PNB_109764,PNB_ACC_20245,PNB_ACC_20011,25791.12,2026-01-10 20:49:10,SETTLEMENT,NEFT,Punjab National Bank,IN,0,NORMAL_BANKING_FLOW
TX_PNB_109765,PNB_ACC_20074,PNB_ACC_20077,21234.93,2026-01-10 17:51:24,SETTLEMENT,NEFT,Punjab National Bank,IN,0,NORMAL_BANKING_FLOW
TX_PNB_109766,PNB_ACC_20159,KOTAK_ACC_20196,12940.2,2026-01-10 18:01:20,TRANSFER,IMPS,Punjab National Bank,IN,0,NORMAL_BANKING_FLOW
TX_PNB_109767,PNB_ACC_20126,SBI_ACC_20135,50330.84,2026-01-10 16:46:24,TRANSFER,IMPS,Punjab National Bank,IN,0,NORMAL_BANKING_FLOW
TX_PNB_109768,PNB_ACC_20088,HDFC_ACC_20084,19339.33,2026-01-10 20:43:03,SETTLEMENT,NEFT,Punjab National Bank,IN,0,NORMAL_BANKING_FLOW
TX_PNB_109769,PNB_ACC_20171,PNB_ACC_20106,39088.33,2026-01-10 16:28:16,SETTLEMENT,NEFT,Punjab National Bank,IN,0,NORMAL_BANKING_FLOW
TX_PNB_109770,PNB_ACC_20064,CANARA_ACC_20011,2562.78,2026-01-10 17:06:34,SETTLEMENT,NEFT,Punjab National Bank,IN,0,NORMAL_BANKING_FLOW
TX_PNB_109771,PNB_ACC_20016,PNB_ACC_20145,241.14,2026-01-10 18:13:30,SETTLEMENT,NEFT,Punjab National Bank,IN,0,NORMAL_BANKING_FLOW
TX_PNB_109772,PNB_ACC_20075,PNB_ACC_20233,24641.0,2026-01-10 22:02:27,SETTLEMENT,NEFT,Punjab National Bank,IN,0,NORMAL_BANKING_FLOW
TX_PNB_109773,PNB_ACC_20097,PNB_ACC_20020,3762.19,2026-01-10 15:23:00,SETTLEMENT,NEFT,Punjab National Bank,IN,0,NORMAL_BANKING_FLOW
TX_PNB_109774,PNB_ACC_20011,PNB_ACC_20020,14275.54,2026-01-10 19:50:39,SETTLEMENT,NEFT,Punjab National Bank,IN,0,NORMAL_BANKING_FLOW
TX_PNB_109775,PNB_ACC_20092,PNB_ACC_20039,12935.02,2026-01-10 17:56:34,SETTLEMENT,NEFT,Punjab National Bank,IN,0,NORMAL_BANKING_FLOW
TX_PNB_109776,PNB_ACC_20152,CANARA_ACC_20100,103377.3,2026-01-10 22:06:15,TRANSFER,IMPS,Punjab National Bank,IN,0,NORMAL_BANKING_FLOW
TX_PNB_109777,PNB_ACC_20174,PNB_ACC_20064,28001.02,2026-01-10 19:33:36,TRANSFER,IMPS,Punjab National Bank,IN,0,NORMAL_BANKING_FLOW
TX_PNB_109778,PNB_ACC_20200,PNB_ACC_20009,21643.16,2026-01-10 16:31:34,TRANSFER,IMPS,Punjab National Bank,IN,0,NORMAL_BANKING_FLOW
TX_PNB_109779,PNB_ACC_20110,PNB_ACC_20177,45283.15,2026-01-10 15:34:08,TRANSFER,IMPS,Punjab National Bank,IN,0,NORMAL_BANKING_FLOW
TX_PNB_109780,PNB_ACC_20246,PNB_ACC_20190,27047.43,2026-01-10 20:04:36,SETTLEMENT,NEFT,Punjab National Bank,IN,0,NORMAL_BANKING_FLOW
TX_PNB_109781,PNB_ACC_20001,CANARA_ACC_20141,10900.41,2026-01-10 20:53:40,TRANSFER,IMPS,Punjab National Bank,IN,0,NORMAL_BANKING_FLOW
TX_PNB_109782,PNB_ACC_20072,INDUS_ACC_20116,58607.83,2026-01-10 18:00:11,SETTLEMENT,NEFT,Punjab National Bank,IN,0,NORMAL_BANKING_FLOW
TX_PNB_109783,PNB_ACC_20160,PNB_ACC_20123,5320.25,2026-01-10 19:47:24,SETTLEMENT,NEFT,Punjab National Bank,IN,0,NORMAL_BANKING_FLOW
TX_PNB_109784,PNB_ACC_20110,PNB_ACC_20033,25734.09,2026-01-10 20:17:15,TRANSFER,IMPS,Punjab National Bank,IN,0,NORMAL_BANKING_FLOW
TX_PNB_109785,PNB_ACC_20185,PNB_ACC_20212,3286.81,2026-01-10 22:34:16,SETTLEMENT,NEFT,Punjab National Bank,IN,0,NORMAL_BANKING_FLOW
TX_PNB_109786,PNB_ACC_20059,PNB_ACC_20222,22569.13,2026-01-10 17:13:30,SETTLEMENT,NEFT,Punjab National Bank,IN,0,NORMAL_BANKING_FLOW
TX_PNB_109787,PNB_ACC_20002,ICICI_ACC_20028,22298.81,2026-01-10 16:34:52,SETTLEMENT,NEFT,Punjab National Bank,IN,0,NORMAL_BANKING_FLOW
TX_PNB_109788,PNB_ACC_20243,PNB_ACC_20093,114016.73,2026-01-10 19:11:46,SETTLEMENT,NEFT,Punjab National Bank,IN,0,NORMAL_BANKING_FLOW
TX_PNB_109789,PNB_ACC_20056,PNB_ACC_20245,3224.49,2026-01-10 21:49:12,SETTLEMENT,NEFT,Punjab National Bank,IN,0,NORMAL_BANKING_FLOW
TX_PNB_109790,PNB_ACC_20071,SBI_ACC_20229,9311.67,2026-01-10 20:11:56,TRANSFER,IMPS,Punjab National Bank,IN,0,NORMAL_BANKING_FLOW
TX_PNB_109791,PNB_ACC_20026,PNB_ACC_20198,44575.99,2026-01-10 20:52:00,SETTLEMENT,NEFT,Punjab National Bank,IN,0,NORMAL_BANKING_FLOW
TX_PNB_109792,PNB_ACC_20149,KOTAK_ACC_20176,26078.04,2026-01-10 15:47:27,SETTLEMENT,NEFT,Punjab National Bank,IN,0,NORMAL_BANKING_FLOW
TX_PNB_109793,PNB_ACC_20197,PNB_ACC_20188,21989.83,2026-01-10 20:14:08,SETTLEMENT,NEFT,Punjab National Bank,IN,0,NORMAL_BANKING_FLOW
TX_PNB_109794,PNB_ACC_20138,PNB_ACC_20045,6299.66,2026-01-10 21:04:17,TRANSFER,IMPS,Punjab National Bank,IN,0,NORMAL_BANKING_FLOW
TX_PNB_109795,PNB_ACC_20087,ICICI_ACC_20015,9415.38,2026-01-10 22:24:18,TRANSFER,IMPS,Punjab National Bank,IN,0,NORMAL_BANKING_FLOW
TX_PNB_109796,PNB_ACC_20024,BOB_ACC_20138,70936.83,2026-01-10 21:05:55,SETTLEMENT,NEFT,Punjab National Bank,IN,0,NORMAL_BANKING_FLOW
TX_PNB_109797,PNB_ACC_20125,SBI_ACC_20202,17040.36,2026-01-10 15:48:52,SETTLEMENT,NEFT,Punjab National Bank,IN,0,NORMAL_BANKING_FLOW
TX_PNB_109798,PNB_ACC_20223,PNB_ACC_20183,27252.37,2026-01-10 16:09:03,TRANSFER,IMPS,Punjab National Bank,IN,0,NORMAL_BANKING_FLOW
TX_PNB_109799,PNB_ACC_20101,CANARA_ACC_20015,15887.58,2026-01-10 15:59:24,TRANSFER,IMPS,Punjab National Bank,IN,0,NORMAL_BANKING_FLOW
TX_PNB_109800,PNB_ACC_20237,PNB_ACC_20090,4907.92,2026-01-10 17:49:31,TRANSFER,IMPS,Punjab National Bank,IN,0,NORMAL_BANKING_FLOW
TX_PNB_109801,PNB_ACC_20031,PNB_ACC_20231,50372.04,2026-01-10 22:00:00,SETTLEMENT,NEFT,Punjab National Bank,IN,0,NORMAL_BANKING_FLOW
TX_PNB_109802,PNB_ACC_20111,ICICI_ACC_20146,31368.38,2026-01-10 19:30:39,TRANSFER,IMPS,Punjab National Bank,IN,0,NORMAL_BANKING_FLOW
TX_PNB_109803,PNB_ACC_20247,PNB_ACC_20220,227794.8,2026-01-10 19:41:20,TRANSFER,IMPS,Punjab National Bank,IN,0,NORMAL_BANKING_FLOW
TX_PNB_109804,PNB_ACC_20191,PNB_ACC_20220,5900.9,2026-01-10 19:42:00,TRANSFER,IMPS,Punjab National Bank,IN,0,NORMAL_BANKING_FLOW
TX_PNB_109805,PNB_ACC_20092,PNB_ACC_20221,44570.62,2026-01-10 16:01:12,SETTLEMENT,NEFT,Punjab National Bank,IN,0,NORMAL_BANKING_FLOW
TX_PNB_109806,PNB_ACC_20048,SBI_ACC_20158,4261.18,2026-01-10 19:33:15,SETTLEMENT,NEFT,Punjab National Bank,IN,0,NORMAL_BANKING_FLOW
TX_PNB_109807,PNB_ACC_20223,PNB_ACC_20011,21441.45,2026-01-10 17:02:24,SETTLEMENT,NEFT,Punjab National Bank,IN,0,NORMAL_BANKING_FLOW
TX_PNB_109808,PNB_ACC_20233,PNB_ACC_20157,52794.23,2026-01-10 21:25:50,TRANSFER,IMPS,Punjab National Bank,IN,0,NORMAL_BANKING_FLOW
TX_PNB_109809,PNB_ACC_20112,PNB_ACC_20239,1845.77,2026-01-10 18:24:16,SETTLEMENT,NEFT,Punjab National Bank,IN,0,NORMAL_BANKING_FLOW
TX_PNB_109810,PNB_ACC_20210,BOB_ACC_20127,14394.11,2026-01-10 20:26:36,TRANSFER,IMPS,Punjab National Bank,IN,0,NORMAL_BANKING_FLOW
TX_PNB_109811,PNB_ACC_20137,KOTAK_ACC_20228,9705.71,2026-01-10 16:33:30,TRANSFER,IMPS,Punjab National Bank,IN,0,NORMAL_BANKING_FLOW
TX_PNB_109812,PNB_ACC_20013,PNB_ACC_20112,8331.9,2026-01-10 16:44:02,TRANSFER,IMPS,Punjab National Bank,IN,0,NORMAL_BANKING_FLOW
TX_PNB_109813,PNB_ACC_20074,PNB_ACC_20246,27549.34,2026-01-10 19:37:48,SETTLEMENT,NEFT,Punjab National Bank,IN,0,NORMAL_BANKING_FLOW
TX_PNB_109814,PNB_ACC_20193,AXIS_ACC_20244,61867.75,2026-01-10 18:06:30,TRANSFER,IMPS,Punjab National Bank,IN,0,NORMAL_BANKING_FLOW
TX_PNB_109815,PNB_ACC_20070,PNB_ACC_20057,15574.55,2026-01-10 15:43:44,TRANSFER,IMPS,Punjab National Bank,IN,0,NORMAL_BANKING_FLOW
TX_PNB_109816,PNB_ACC_20214,PNB_ACC_20106,22607.46,2026-01-10 23:04:45,TRANSFER,IMPS,Punjab National Bank,IN,0,NORMAL_BANKING_FLOW
TX_PNB_109817,PNB_ACC_20155,PNB_ACC_20244,20450.03,2026-01-10 15:34:00,TRANSFER,IMPS,Punjab National Bank,IN,0,NORMAL_BANKING_FLOW
TX_PNB_109818,PNB_ACC_20009,PNB_ACC_20145,18069.56,2026-01-10 22:25:35,SETTLEMENT,NEFT,Punjab National Bank,IN,0,NORMAL_BANKING_FLOW
TX_PNB_109819,PNB_ACC_20095,PNB_ACC_20001,5441.03,2026-01-10 22:57:24,SETTLEMENT,NEFT,Punjab National Bank,IN,0,NORMAL_BANKING_FLOW
TX_PNB_109820,PNB_ACC_20226,PNB_ACC_20013,61040.27,2026-01-10 18:40:27,SETTLEMENT,NEFT,Punjab National Bank,IN,0,NORMAL_BANKING_FLOW
TX_PNB_109821,PNB_ACC_20080,AXIS_ACC_20014,24952.14,2026-01-10 22:28:20,TRANSFER,IMPS,Punjab National Bank,IN,0,NORMAL_BANKING_FLOW
TX_PNB_109822,PNB_ACC_20032,PNB_ACC_20136,27843.91,2026-01-10 18:20:51,SETTLEMENT,NEFT,Punjab National Bank,IN,0,NORMAL_BANKING_FLOW
TX_PNB_109823,PNB_ACC_20217,PNB_ACC_20067,7426.72,2026-01-10 21:48:42,SETTLEMENT,NEFT,Punjab National Bank,IN,0,NORMAL_BANKING_FLOW
TX_PNB_109824,PNB_ACC_20048,PNB_ACC_20242,10881.92,2026-01-10 19:34:34,SETTLEMENT,NEFT,Punjab National Bank,IN,0,NORMAL_BANKING_FLOW
TX_PNB_109825,PNB_ACC_20161,HDFC_ACC_20229,14857.39,2026-01-10 16:07:12,SETTLEMENT,NEFT,Punjab National Bank,IN,0,NORMAL_BANKING_FLOW
TX_PNB_109826,PNB_ACC_20243,PNB_ACC_20125,3335.78,2026-01-10 22:22:30,SETTLEMENT,NEFT,Punjab National Bank,IN,0,NORMAL_BANKING_FLOW
TX_PNB_109827,PNB_ACC_20053,BOB_ACC_20198,2816.25,2026-01-10 19:15:36,SETTLEMENT,NEFT,Punjab National Bank,IN,0,NORMAL_BANKING_FLOW
TX_PNB_109828,PNB_ACC_20046,PNB_ACC_20006,9313.1,2026-01-10 15:36:45,SETTLEMENT,NEFT,Punjab National Bank,IN,0,NORMAL_BANKING_FLOW
TX_PNB_109829,PNB_ACC_20042,PNB_ACC_20201,32041.04,2026-01-10 19:48:12,SETTLEMENT,NEFT,Punjab National Bank,IN,0,NORMAL_BANKING_FLOW
TX_PNB_109830,PNB_ACC_20088,PNB_ACC_20047,8791.57,2026-01-10 15:37:15,SETTLEMENT,NEFT,Punjab National Bank,IN,0,NORMAL_BANKING_FLOW
TX_PNB_109831,PNB_ACC_20035,INDUS_ACC_20018,5880.01,2026-01-10 15:37:30,SETTLEMENT,NEFT,Punjab National Bank,IN,0,NORMAL_BANKING_FLOW
TX_PNB_109832,PNB_ACC_20229,PNB_ACC_20048,7360.22,2026-01-10 19:08:05,TRANSFER,IMPS,Punjab National Bank,IN,0,NORMAL_BANKING_FLOW
TX_PNB_109833,PNB_ACC_20119,PNB_ACC_20206,10928.43,2026-01-10 19:19:12,SETTLEMENT,NEFT,Punjab National Bank,IN,0,NORMAL_BANKING_FLOW
TX_PNB_109834,PNB_ACC_20121,PNB_ACC_20199,12219.09,2026-01-10 20:33:39,SETTLEMENT,NEFT,Punjab National Bank,IN,0,NORMAL_BANKING_FLOW
TX_PNB_109835,PNB_ACC_20092,PNB_ACC_20222,195257.33,2026-01-10 19:30:58,SETTLEMENT,NEFT,Punjab National Bank,IN,0,NORMAL_BANKING_FLOW
TX_PNB_109836,PNB_ACC_20030,KOTAK_ACC_20022,57531.2,2026-01-10 22:31:30,TRANSFER,IMPS,Punjab National Bank,IN,0,NORMAL_BANKING_FLOW
TX_PNB_109837,PNB_ACC_20191,PNB_ACC_20074,55673.05,2026-01-10 21:18:12,SETTLEMENT,NEFT,Punjab National Bank,IN,0,NORMAL_BANKING_FLOW
TX_PNB_109838,PNB_ACC_20247,SBI_ACC_20126,65214.58,2026-01-10 16:42:57,SETTLEMENT,NEFT,Punjab National Bank,IN,0,NORMAL_BANKING_FLOW
TX_PNB_109839,PNB_ACC_20010,INDUS_ACC_20017,6010.7,2026-01-10 18:29:38,SETTLEMENT,NEFT,Punjab National Bank,IN,0,NORMAL_BANKING_FLOW
TX_PNB_109840,PNB_ACC_20154,AXIS_ACC_20055,4700.38,2026-01-10 19:23:24,SETTLEMENT,NEFT,Punjab National Bank,IN,0,NORMAL_BANKING_FLOW
TX_PNB_109841,PNB_ACC_20179,PNB_ACC_20201,5337.13,2026-01-10 17:16:00,SETTLEMENT,NEFT,Punjab National Bank,IN,0,NORMAL_BANKING_FLOW
TX_PNB_109842,PNB_ACC_20228,KOTAK_ACC_20114,78272.9,2026-01-10 19:56:39,SETTLEMENT,NEFT,Punjab National Bank,IN,0,NORMAL_BANKING_FLOW
TX_PNB_109843,PNB_ACC_20214,PNB_ACC_20010,9878.23,2026-01-10 18:10:18,SETTLEMENT,NEFT,Punjab National Bank,IN,0,NORMAL_BANKING_FLOW
TX_PNB_109844,PNB_ACC_20172,PNB_ACC_20218,4552.85,2026-01-10 22:06:33,TRANSFER,IMPS,Punjab National Bank,IN,0,NORMAL_BANKING_FLOW
TX_PNB_109845,PNB_ACC_20096,INDUS_ACC_20105,11225.06,2026-01-10 18:00:32,SETTLEMENT,NEFT,Punjab National Bank,IN,0,NORMAL_BANKING_FLOW
TX_PNB_109846,PNB_ACC_20011,PNB_ACC_20039,13870.7,2026-01-10 17:50:15,SETTLEMENT,NEFT,Punjab National Bank,IN,0,NORMAL_BANKING_FLOW
TX_PNB_109847,PNB_ACC_20216,PNB_ACC_20122,24227.77,2026-01-10 19:06:04,TRANSFER,IMPS,Punjab National Bank,IN,0,NORMAL_BANKING_FLOW
TX_PNB_109848,PNB_ACC_20076,PNB_ACC_20035,23766.83,2026-01-10 18:01:56,SETTLEMENT,NEFT,Punjab National Bank,IN,0,NORMAL_BANKING_FLOW
TX_PNB_109849,PNB_ACC_20208,PNB_ACC_20056,7251.77,2026-01-10 23:04:48,SETTLEMENT,NEFT,Punjab National Bank,IN,0,NORMAL_BANKING_FLOW
TX_PNB_109850,PNB_ACC_20073,YES_ACC_20076,38338.97,2026-01-10 20:34:18,SETTLEMENT,NEFT,Punjab National Bank,IN,0,NORMAL_BANKING_FLOW
TX_PNB_109851,PNB_ACC_20089,PNB_ACC_20049,8927.46,2026-01-10 18:03:20,TRANSFER,IMPS,Punjab National Bank,IN,0,NORMAL_BANKING_FLOW
TX_PNB_109852,PNB_ACC_20230,INDUS_ACC_20177,15185.5,2026-01-10 16:37:00,SETTLEMENT,NEFT,Punjab National Bank,IN,0,NORMAL_BANKING_FLOW
TX_PNB_109853,PNB_ACC_20071,PNB_ACC_20108,38386.13,2026-01-10 22:35:56,TRANSFER,IMPS,Punjab National Bank,IN,0,NORMAL_BANKING_FLOW
TX_PNB_109854,PNB_ACC_20094,PNB_ACC_20140,8901.69,2026-01-10 22:04:10,TRANSFER,IMPS,Punjab National Bank,IN,0,NORMAL_BANKING_FLOW
TX_PNB_109855,PNB_ACC_20027,YES_ACC_20179,9640.36,2026-01-10 22:26:48,SETTLEMENT,NEFT,Punjab National Bank,IN,0,NORMAL_BANKING_FLOW
TX_PNB_109856,PNB_ACC_20237,BOB_ACC_20114,34573.23,2026-01-10 18:16:35,TRANSFER,IMPS,Punjab National Bank,IN,0,NORMAL_BANKING_FLOW
TX_PNB_109857,PNB_ACC_20122,AXIS_ACC_20061,7019.82,2026-01-10 22:50:24,SETTLEMENT,NEFT,Punjab National Bank,IN,0,NORMAL_BANKING_FLOW
TX_PNB_109858,PNB_ACC_20032,PNB_ACC_20072,11810.32,2026-01-10 23:35:06,TRANSFER,IMPS,Punjab National Bank,IN,0,NORMAL_BANKING_FLOW
TX_PNB_109859,PNB_ACC_20053,PNB_ACC_20057,33233.59,2026-01-10 17:23:12,TRANSFER,IMPS,Punjab National Bank,IN,0,NORMAL_BANKING_FLOW
TX_PNB_109860,PNB_ACC_20161,HDFC_ACC_20169,172732.89,2026-01-10 23:48:01,SETTLEMENT,NEFT,Punjab National Bank,IN,0,NORMAL_BANKING_FLOW
TX_PNB_109861,PNB_ACC_20196,PNB_ACC_20006,35099.6,2026-01-10 22:21:00,SETTLEMENT,NEFT,Punjab National Bank,IN,0,NORMAL_BANKING_FLOW
TX_PNB_109862,PNB_ACC_20168,PNB_ACC_20004,30330.34,2026-01-10 22:54:54,TRANSFER,IMPS,Punjab National Bank,IN,0,NORMAL_BANKING_FLOW
TX_PNB_109863,PNB_ACC_20199,PNB_ACC_20198,32334.23,2026-01-10 18:42:02,SETTLEMENT,NEFT,Punjab National Bank,IN,0,NORMAL_BANKING_FLOW
TX_PNB_109864,PNB_ACC_20237,PNB_ACC_20131,5538.56,2026-01-10 22:01:27,TRANSFER,IMPS,Punjab National Bank,IN,0,NORMAL_BANKING_FLOW
TX_PNB_109865,PNB_ACC_20207,PNB_ACC_20039,20479.02,2026-01-10 19:16:16,SETTLEMENT,NEFT,Punjab National Bank,IN,0,NORMAL_BANKING_FLOW
TX_PNB_109866,PNB_ACC_20041,PNB_ACC_20123,17452.83,2026-01-10 20:12:15,SETTLEMENT,NEFT,Punjab National Bank,IN,0,NORMAL_BANKING_FLOW
TX_PNB_109867,PNB_ACC_20243,PNB_ACC_20105,25687.07,2026-01-10 21:41:42,SETTLEMENT,NEFT,Punjab National Bank,IN,0,NORMAL_BANKING_FLOW
TX_PNB_109868,PNB_ACC_20052,CANARA_ACC_20049,20499.56,2026-01-10 21:42:29,SETTLEMENT,NEFT,Punjab National Bank,IN,0,NORMAL_BANKING_FLOW
TX_PNB_109869,PNB_ACC_20142,ICICI_ACC_20051,27382.78,2026-01-10 21:54:24,SETTLEMENT,NEFT,Punjab National Bank,IN,0,NORMAL_BANKING_FLOW
TX_PNB_109870,PNB_ACC_20011,PNB_ACC_20007,12802.38,2026-01-10 18:01:03,TRANSFER,IMPS,Punjab National Bank,IN,0,NORMAL_BANKING_FLOW
TX_PNB_109871,PNB_ACC_20148,PNB_ACC_20075,19234.67,2026-01-10 16:43:20,SETTLEMENT,NEFT,Punjab National Bank,IN,0,NORMAL_BANKING_FLOW
TX_PNB_109872,PNB_ACC_20161,PNB_ACC_20092,4672.22,2026-01-10 21:12:04,SETTLEMENT,NEFT,Punjab National Bank,IN,0,NORMAL_BANKING_FLOW
TX_PNB_109873,PNB_ACC_20236,PNB_ACC_20026,12684.07,2026-01-10 16:55:12,SETTLEMENT,NEFT,Punjab National Bank,IN,0,NORMAL_BANKING_FLOW
TX_PNB_109874,PNB_ACC_20169,PNB_ACC_20204,83276.1,2026-01-10 15:48:15,SETTLEMENT,NEFT,Punjab National Bank,IN,0,NORMAL_BANKING_FLOW
TX_PNB_109875,PNB_ACC_20105,YES_ACC_20117,25608.74,2026-01-10 23:29:04,TRANSFER,IMPS,Punjab National Bank,IN,0,NORMAL_BANKING_FLOW
TX_PNB_109876,PNB_ACC_20175,PNB_ACC_20166,17623.47,2026-01-10 22:00:00,TRANSFER,IMPS,Punjab National Bank,IN,0,NORMAL_BANKING_FLOW
TX_PNB_109877,PNB_ACC_20108,PNB_ACC_20147,145180.87,2026-01-10 23:30:56,SETTLEMENT,NEFT,Punjab National Bank,IN,0,NORMAL_BANKING_FLOW
TX_PNB_109878,PNB_ACC_20096,YES_ACC_20218,4036.29,2026-01-10 20:20:03,SETTLEMENT,NEFT,Punjab National Bank,IN,0,NORMAL_BANKING_FLOW
TX_PNB_109879,PNB_ACC_20134,PNB_ACC_20233,5321.97,2026-01-10 21:51:06,SETTLEMENT,NEFT,Punjab National Bank,IN,0,NORMAL_BANKING_FLOW
TX_PNB_109880,PNB_ACC_20012,PNB_ACC_20222,118655.85,2026-01-10 17:42:55,SETTLEMENT,NEFT,Punjab National Bank,IN,0,NORMAL_BANKING_FLOW
TX_PNB_109881,PNB_ACC_20139,PNB_ACC_20096,18968.92,2026-01-10 17:43:20,SETTLEMENT,NEFT,Punjab National Bank,IN,0,NORMAL_BANKING_FLOW
TX_PNB_109882,PNB_ACC_20005,PNB_ACC_20199,13810.14,2026-01-10 19:37:15,SETTLEMENT,NEFT,Punjab National Bank,IN,0,NORMAL_BANKING_FLOW
TX_PNB_109883,PNB_ACC_20152,PNB_ACC_20162,4821.67,2026-01-10 16:35:58,SETTLEMENT,NEFT,Punjab National Bank,IN,0,NORMAL_BANKING_FLOW
TX_PNB_109884,PNB_ACC_20156,PNB_ACC_20116,29509.45,2026-01-10 19:15:39,SETTLEMENT,NEFT,Punjab National Bank,IN,0,NORMAL_BANKING_FLOW
TX_PNB_109885,PNB_ACC_20055,PNB_ACC_20143,32823.69,2026-01-10 23:04:12,SETTLEMENT,NEFT,Punjab National Bank,IN,0,NORMAL_BANKING_FLOW
TX_PNB_109886,PNB_ACC_20067,PNB_ACC_20001,5410.28,2026-01-10 16:25:30,SETTLEMENT,NEFT,Punjab National Bank,IN,0,NORMAL_BANKING_FLOW
TX_PNB_109887,PNB_ACC_20217,PNB_ACC_20185,15455.14,2026-01-10 23:17:24,SETTLEMENT,NEFT,Punjab National Bank,IN,0,NORMAL_BANKING_FLOW
TX_PNB_109888,PNB_ACC_20135,BOB_ACC_20146,12468.15,2026-01-10 18:54:57,SETTLEMENT,NEFT,Punjab National Bank,IN,0,NORMAL_BANKING_FLOW
TX_PNB_109889,PNB_ACC_20204,BOB_ACC_20063,23898.59,2026-01-10 16:14:56,TRANSFER,IMPS,Punjab National Bank,IN,0,NORMAL_BANKING_FLOW
TX_PNB_109890,PNB_ACC_20230,BOB_ACC_20096,5264.94,2026-01-10 18:10:03,SETTLEMENT,NEFT,Punjab National Bank,IN,0,NORMAL_BANKING_FLOW
TX_PNB_109891,PNB_ACC_20188,PNB_ACC_20099,71477.8,2026-01-11 00:18:30,SETTLEMENT,NEFT,Punjab National Bank,IN,0,NORMAL_BANKING_FLOW
TX_PNB_109892,PNB_ACC_20055,PNB_ACC_20130,49385.2,2026-01-10 16:27:18,SETTLEMENT,NEFT,Punjab National Bank,IN,0,NORMAL_BANKING_FLOW
TX_PNB_109893,PNB_ACC_20180,PNB_ACC_20187,12094.51,2026-01-11 00:20:28,SETTLEMENT,NEFT,Punjab National Bank,IN,0,NORMAL_BANKING_FLOW
TX_PNB_109894,PNB_ACC_20081,CANARA_ACC_20162,14213.39,2026-01-10 20:53:33,SETTLEMENT,NEFT,Punjab National Bank,IN,0,NORMAL_BANKING_FLOW
TX_PNB_109895,PNB_ACC_20163,PNB_ACC_20127,15520.79,2026-01-11 00:10:52,SETTLEMENT,NEFT,Punjab National Bank,IN,0,NORMAL_BANKING_FLOW
TX_PNB_109896,PNB_ACC_20179,PNB_ACC_20134,7660.71,2026-01-10 22:39:10,SETTLEMENT,NEFT,Punjab National Bank,IN,0,NORMAL_BANKING_FLOW
TX_PNB_109897,PNB_ACC_20164,AXIS_ACC_20112,11072.59,2026-01-10 18:01:36,TRANSFER,IMPS,Punjab National Bank,IN,0,NORMAL_BANKING_FLOW
TX_PNB_109898,PNB_ACC_20188,BOB_ACC_20135,13395.88,2026-01-10 17:03:57,SETTLEMENT,NEFT,Punjab National Bank,IN,0,NORMAL_BANKING_FLOW
TX_PNB_109899,PNB_ACC_20229,PNB_ACC_20201,106314.31,2026-01-10 21:55:08,SETTLEMENT,NEFT,Punjab National Bank,IN,0,NORMAL_BANKING_FLOW
TX_PNB_109900,PNB_ACC_20243,PNB_ACC_20060,51086.73,2026-01-10 19:47:45,SETTLEMENT,NEFT,Punjab National Bank,IN,0,NORMAL_BANKING_FLOW
TX_PNB_109901,PNB_ACC_20051,KOTAK_ACC_20209,50418.84,2026-01-10 23:41:40,TRANSFER,IMPS,Punjab National Bank,IN,0,NORMAL_BANKING_FLOW
TX_PNB_109902,PNB_ACC_20030,INDUS_ACC_20099,27089.95,2026-01-10 17:52:05,TRANSFER,IMPS,Punjab National Bank,IN,0,NORMAL_BANKING_FLOW
TX_PNB_109903,PNB_ACC_20152,PNB_ACC_20248,5276.09,2026-01-10 17:29:06,SETTLEMENT,NEFT,Punjab National Bank,IN,0,NORMAL_BANKING_FLOW
TX_PNB_109904,PNB_ACC_20213,PNB_ACC_20139,17229.18,2026-01-10 19:03:13,SETTLEMENT,NEFT,Punjab National Bank,IN,0,NORMAL_BANKING_FLOW
TX_PNB_109905,PNB_ACC_20184,INDUS_ACC_20166,52445.89,2026-01-10 17:53:20,SETTLEMENT,NEFT,Punjab National Bank,IN,0,NORMAL_BANKING_FLOW
TX_PNB_109906,PNB_ACC_20111,PNB_ACC_20136,4518.38,2026-01-10 23:34:30,SETTLEMENT,NEFT,Punjab National Bank,IN,0,NORMAL_BANKING_FLOW
TX_PNB_109907,PNB_ACC_20235,BOB_ACC_20070,36323.08,2026-01-10 19:40:04,TRANSFER,IMPS,Punjab National Bank,IN,0,NORMAL_BANKING_FLOW
TX_PNB_109908,PNB_ACC_20064,HDFC_ACC_20085,232087.6,2026-01-11 00:47:00,TRANSFER,IMPS,Punjab National Bank,IN,0,NORMAL_BANKING_FLOW
TX_PNB_109909,PNB_ACC_20104,ICICI_ACC_20029,57988.4,2026-01-10 21:27:24,SETTLEMENT,NEFT,Punjab National Bank,IN,0,NORMAL_BANKING_FLOW
TX_PNB_109910,PNB_ACC_20124,PNB_ACC_20081,85428.24,2026-01-10 23:26:17,SETTLEMENT,NEFT,Punjab National Bank,IN,0,NORMAL_BANKING_FLOW
TX_PNB_109911,PNB_ACC_20032,PNB_ACC_20088,22929.34,2026-01-10 21:17:00,SETTLEMENT,NEFT,Punjab National Bank,IN,0,NORMAL_BANKING_FLOW
TX_PNB_109912,PNB_ACC_20038,PNB_ACC_20144,52298.61,2026-01-11 00:15:27,TRANSFER,IMPS,Punjab National Bank,IN,0,NORMAL_BANKING_FLOW
TX_PNB_109913,PNB_ACC_20044,PNB_ACC_20147,8187.48,2026-01-10 21:18:24,SETTLEMENT,NEFT,Punjab National Bank,IN,0,NORMAL_BANKING_FLOW
TX_PNB_109914,PNB_ACC_20118,PNB_ACC_20184,43280.19,2026-01-10 23:29:49,SETTLEMENT,NEFT,Punjab National Bank,IN,0,NORMAL_BANKING_FLOW
TX_PNB_109915,PNB_ACC_20069,PNB_ACC_20171,37042.71,2026-01-10 21:07:54,SETTLEMENT,NEFT,Punjab National Bank,IN,0,NORMAL_BANKING_FLOW
TX_PNB_109916,PNB_ACC_20198,PNB_ACC_20058,24807.52,2026-01-10 16:10:40,SETTLEMENT,NEFT,Punjab National Bank,IN,0,NORMAL_BANKING_FLOW
TX_PNB_109917,PNB_ACC_20183,AXIS_ACC_20142,76696.26,2026-01-10 22:32:48,SETTLEMENT,NEFT,Punjab National Bank,IN,0,NORMAL_BANKING_FLOW
TX_PNB_109918,PNB_ACC_20134,PNB_ACC_20060,9970.01,2026-01-10 21:09:57,SETTLEMENT,NEFT,Punjab National Bank,IN,0,NORMAL_BANKING_FLOW
TX_PNB_109919,PNB_ACC_20051,BOB_ACC_20099,14679.93,2026-01-10 23:46:12,SETTLEMENT,NEFT,Punjab National Bank,IN,0,NORMAL_BANKING_FLOW
TX_PNB_109920,PNB_ACC_20165,YES_ACC_20166,20030.44,2026-01-10 17:35:37,SETTLEMENT,NEFT,Punjab National Bank,IN,0,NORMAL_BANKING_FLOW
TX_PNB_109921,PNB_ACC_20047,PNB_ACC_20229,5810.54,2026-01-10 22:24:00,TRANSFER,IMPS,Punjab National Bank,IN,0,NORMAL_BANKING_FLOW
TX_PNB_109922,PNB_ACC_20015,PNB_ACC_20103,23147.11,2026-01-10 21:24:42,TRANSFER,IMPS,Punjab National Bank,IN,0,NORMAL_BANKING_FLOW
TX_PNB_109923,PNB_ACC_20164,PNB_ACC_20143,2722.15,2026-01-10 20:37:16,SETTLEMENT,NEFT,Punjab National Bank,IN,0,NORMAL_BANKING_FLOW
TX_PNB_109924,PNB_ACC_20166,KOTAK_ACC_20213,57048.1,2026-01-10 19:49:42,SETTLEMENT,NEFT,Punjab National Bank,IN,0,NORMAL_BANKING_FLOW
TX_PNB_109925,PNB_ACC_20037,PNB_ACC_20161,18983.04,2026-01-10 23:27:28,SETTLEMENT,NEFT,Punjab National Bank,IN,0,NORMAL_BANKING_FLOW
TX_PNB_109926,PNB_ACC_20102,PNB_ACC_20187,10168.17,2026-01-10 20:39:10,SETTLEMENT,NEFT,Punjab National Bank,IN,0,NORMAL_BANKING_FLOW
TX_PNB_109927,PNB_ACC_20109,PNB_ACC_20073,7202.54,2026-01-10 16:49:54,SETTLEMENT,NEFT,Punjab National Bank,IN,0,NORMAL_BANKING_FLOW
TX_PNB_109928,PNB_ACC_20009,PNB_ACC_20112,13932.27,2026-01-10 20:52:33,SETTLEMENT,NEFT,Punjab National Bank,IN,0,NORMAL_BANKING_FLOW
TX_PNB_109929,PNB_ACC_20200,PNB_ACC_20233,38448.91,2026-01-10 16:50:32,SETTLEMENT,NEFT,Punjab National Bank,IN,0,NORMAL_BANKING_FLOW
TX_PNB_109930,PNB_ACC_20152,PNB_ACC_20100,32942.3,2026-01-10 17:03:00,SETTLEMENT,NEFT,Punjab National Bank,IN,0,NORMAL_BANKING_FLOW
TX_PNB_109931,PNB_ACC_20151,KOTAK_ACC_20086,8299.15,2026-01-10 20:30:10,TRANSFER,IMPS,Punjab National Bank,IN,0,NORMAL_BANKING_FLOW
TX_PNB_109932,PNB_ACC_20063,PNB_ACC_20024,7110.7,2026-01-10 19:54:14,TRANSFER,IMPS,Punjab National Bank,IN,0,NORMAL_BANKING_FLOW
TX_PNB_109933,PNB_ACC_20222,PNB_ACC_20102,37145.15,2026-01-10 22:09:00,TRANSFER,IMPS,Punjab National Bank,IN,0,NORMAL_BANKING_FLOW
TX_PNB_109934,PNB_ACC_20222,PNB_ACC_20076,8147.1,2026-01-10 17:40:59,SETTLEMENT,NEFT,Punjab National Bank,IN,0,NORMAL_BANKING_FLOW
TX_PNB_109935,PNB_ACC_20205,INDUS_ACC_20046,19262.22,2026-01-11 00:25:04,SETTLEMENT,NEFT,Punjab National Bank,IN,0,NORMAL_BANKING_FLOW
TX_PNB_109936,PNB_ACC_20170,PNB_ACC_20146,20663.62,2026-01-11 01:15:00,SETTLEMENT,NEFT,Punjab National Bank,IN,0,NORMAL_BANKING_FLOW
TX_PNB_109937,PNB_ACC_20117,PNB_ACC_20212,25419.41,2026-01-10 22:36:32,TRANSFER,IMPS,Punjab National Bank,IN,0,NORMAL_BANKING_FLOW
TX_PNB_109938,PNB_ACC_20198,ICICI_ACC_20027,46355.6,2026-01-10 18:31:39,SETTLEMENT,NEFT,Punjab National Bank,IN,0,NORMAL_BANKING_FLOW
TX_PNB_109939,PNB_ACC_20095,YES_ACC_20145,4495.09,2026-01-10 21:24:18,TRANSFER,IMPS,Punjab National Bank,IN,0,NORMAL_BANKING_FLOW
TX_PNB_109940,PNB_ACC_20114,PNB_ACC_20137,2203.33,2026-01-10 17:18:39,SETTLEMENT,NEFT,Punjab National Bank,IN,0,NORMAL_BANKING_FLOW
TX_PNB_109941,PNB_ACC_20192,HDFC_ACC_20208,9660.57,2026-01-11 00:55:20,SETTLEMENT,NEFT,Punjab National Bank,IN,0,NORMAL_BANKING_FLOW
TX_PNB_109942,PNB_ACC_20171,SBI_ACC_20163,130833.56,2026-01-10 22:28:06,SETTLEMENT,NEFT,Punjab National Bank,IN,0,NORMAL_BANKING_FLOW
TX_PNB_109943,PNB_ACC_20243,PNB_ACC_20069,166773.44,2026-01-10 17:56:48,SETTLEMENT,NEFT,Punjab National Bank,IN,0,NORMAL_BANKING_FLOW
TX_PNB_109944,PNB_ACC_20117,KOTAK_ACC_20062,135170.85,2026-01-10 18:21:58,SETTLEMENT,NEFT,Punjab National Bank,IN,0,NORMAL_BANKING_FLOW
TX_PNB_109945,PNB_ACC_20165,PNB_ACC_20172,14584.59,2026-01-10 20:01:36,TRANSFER,IMPS,Punjab National Bank,IN,0,NORMAL_BANKING_FLOW
TX_PNB_109946,PNB_ACC_20234,PNB_ACC_20175,2539.38,2026-01-10 21:29:05,SETTLEMENT,NEFT,Punjab National Bank,IN,0,NORMAL_BANKING_FLOW
TX_PNB_109947,PNB_ACC_20081,KOTAK_ACC_20127,1370.12,2026-01-10 20:40:02,SETTLEMENT,NEFT,Punjab National Bank,IN,0,NORMAL_BANKING_FLOW
TX_PNB_109948,PNB_ACC_20067,PNB_ACC_20106,9177.94,2026-01-10 22:32:42,SETTLEMENT,NEFT,Punjab National Bank,IN,0,NORMAL_BANKING_FLOW
TX_PNB_109949,PNB_ACC_20095,INDUS_ACC_20049,14503.12,2026-01-10 16:07:00,SETTLEMENT,NEFT,Punjab National Bank,IN,0,NORMAL_BANKING_FLOW
TX_PNB_109950,PNB_ACC_20231,BOB_ACC_20184,75409.45,2026-01-11 01:29:00,TRANSFER,IMPS,Punjab National Bank,IN,0,NORMAL_BANKING_FLOW
TX_PNB_109951,PNB_ACC_20153,PNB_ACC_20143,46844.37,2026-01-10 22:35:00,SETTLEMENT,NEFT,Punjab National Bank,IN,0,NORMAL_BANKING_FLOW
TX_PNB_109952,PNB_ACC_20144,ICICI_ACC_20015,23159.16,2026-01-10 22:35:46,TRANSFER,IMPS,Punjab National Bank,IN,0,NORMAL_BANKING_FLOW
TX_PNB_109953,PNB_ACC_20172,PNB_ACC_20082,6776.19,2026-01-10 19:28:32,TRANSFER,IMPS,Punjab National Bank,IN,0,NORMAL_BANKING_FLOW
TX_PNB_109954,PNB_ACC_20246,PNB_ACC_20200,6267.56,2026-01-10 18:13:45,TRANSFER,IMPS,Punjab National Bank,IN,0,NORMAL_BANKING_FLOW
TX_PNB_109955,PNB_ACC_20012,HDFC_ACC_20102,23850.02,2026-01-10 18:14:10,TRANSFER,IMPS,Punjab National Bank,IN,0,NORMAL_BANKING_FLOW
TX_PNB_109956,PNB_ACC_20005,AXIS_ACC_20160,38822.53,2026-01-10 19:42:40,TRANSFER,IMPS,Punjab National Bank,IN,0,NORMAL_BANKING_FLOW
TX_PNB_109957,PNB_ACC_20126,PNB_ACC_20071,27752.17,2026-01-10 17:49:48,SETTLEMENT,NEFT,Punjab National Bank,IN,0,NORMAL_BANKING_FLOW
TX_PNB_109958,PNB_ACC_20073,PNB_ACC_20199,5778.75,2026-01-10 19:56:21,SETTLEMENT,NEFT,Punjab National Bank,IN,0,NORMAL_BANKING_FLOW
TX_PNB_109959,PNB_ACC_20151,INDUS_ACC_20173,36891.42,2026-01-11 01:38:00,TRANSFER,IMPS,Punjab National Bank,IN,0,NORMAL_BANKING_FLOW
TX_PNB_109960,PNB_ACC_20242,CANARA_ACC_20177,28810.7,2026-01-10 22:16:36,SETTLEMENT,NEFT,Punjab National Bank,IN,0,NORMAL_BANKING_FLOW
TX_PNB_109961,PNB_ACC_20224,KOTAK_ACC_20219,5553.96,2026-01-11 00:49:20,TRANSFER,IMPS,Punjab National Bank,IN,0,NORMAL_BANKING_FLOW
TX_PNB_109962,PNB_ACC_20033,PNB_ACC_20163,7610.22,2026-01-10 22:30:45,TRANSFER,IMPS,Punjab National Bank,IN,0,NORMAL_BANKING_FLOW
TX_PNB_109963,PNB_ACC_20233,PNB_ACC_20038,38458.91,2026-01-10 21:28:00,TRANSFER,IMPS,Punjab National Bank,IN,0,NORMAL_BANKING_FLOW
TX_PNB_109964,PNB_ACC_20198,PNB_ACC_20144,13933.37,2026-01-10 22:57:41,SETTLEMENT,NEFT,Punjab National Bank,IN,0,NORMAL_BANKING_FLOW
TX_PNB_109965,PNB_ACC_20160,HDFC_ACC_20005,103576.11,2026-01-10 16:11:00,SETTLEMENT,NEFT,Punjab National Bank,IN,0,NORMAL_BANKING_FLOW
TX_PNB_109966,PNB_ACC_20113,PNB_ACC_20074,31295.89,2026-01-10 16:36:45,SETTLEMENT,NEFT,Punjab National Bank,IN,0,NORMAL_BANKING_FLOW
TX_PNB_109967,PNB_ACC_20042,PNB_ACC_20064,10558.7,2026-01-10 18:31:56,SETTLEMENT,NEFT,Punjab National Bank,IN,0,NORMAL_BANKING_FLOW
TX_PNB_109968,PNB_ACC_20066,PNB_ACC_20032,17832.43,2026-01-10 17:02:53,SETTLEMENT,NEFT,Punjab National Bank,IN,0,NORMAL_BANKING_FLOW
TX_PNB_109969,PNB_ACC_20091,PNB_ACC_20246,19335.96,2026-01-10 23:01:36,SETTLEMENT,NEFT,Punjab National Bank,IN,0,NORMAL_BANKING_FLOW
TX_PNB_109970,PNB_ACC_20198,PNB_ACC_20236,8093.13,2026-01-11 00:19:17,SETTLEMENT,NEFT,Punjab National Bank,IN,0,NORMAL_BANKING_FLOW
TX_PNB_109971,PNB_ACC_20151,PNB_ACC_20087,6608.77,2026-01-10 18:33:40,SETTLEMENT,NEFT,Punjab National Bank,IN,0,NORMAL_BANKING_FLOW
TX_PNB_109972,PNB_ACC_20144,PNB_ACC_20022,39008.27,2026-01-11 00:59:36,SETTLEMENT,NEFT,Punjab National Bank,IN,0,NORMAL_BANKING_FLOW
TX_PNB_109973,PNB_ACC_20212,PNB_ACC_20066,45697.58,2026-01-10 21:08:56,TRANSFER,IMPS,Punjab National Bank,IN,0,NORMAL_BANKING_FLOW
TX_PNB_109974,PNB_ACC_20089,INDUS_ACC_20246,35036.99,2026-01-10 19:13:37,SETTLEMENT,NEFT,Punjab National Bank,IN,0,NORMAL_BANKING_FLOW
TX_PNB_109975,PNB_ACC_20197,PNB_ACC_20052,95496.98,2026-01-10 17:43:48,SETTLEMENT,NEFT,Punjab National Bank,IN,0,NORMAL_BANKING_FLOW
TX_PNB_109976,PNB_ACC_20183,SBI_ACC_20131,9937.29,2026-01-10 19:40:25,SETTLEMENT,NEFT,Punjab National Bank,IN,0,NORMAL_BANKING_FLOW
TX_PNB_109977,PNB_ACC_20166,PNB_ACC_20241,113743.12,2026-01-10 16:26:56,SETTLEMENT,NEFT,Punjab National Bank,IN,0,NORMAL_BANKING_FLOW
TX_PNB_109978,PNB_ACC_20156,PNB_ACC_20061,6694.13,2026-01-10 19:28:30,SETTLEMENT,NEFT,Punjab National Bank,IN,0,NORMAL_BANKING_FLOW
TX_PNB_109979,PNB_ACC_20138,KOTAK_ACC_20219,5919.73,2026-01-10 20:33:50,TRANSFER,IMPS,Punjab National Bank,IN,0,NORMAL_BANKING_FLOW
TX_PNB_109980,PNB_ACC_20190,PNB_ACC_20176,2602.02,2026-01-10 20:34:25,SETTLEMENT,NEFT,Punjab National Bank,IN,0,NORMAL_BANKING_FLOW
TX_PNB_109981,PNB_ACC_20041,PNB_ACC_20025,11043.81,2026-01-10 17:46:00,SETTLEMENT,NEFT,Punjab National Bank,IN,0,NORMAL_BANKING_FLOW
TX_PNB_109982,PNB_ACC_20078,PNB_ACC_20024,10362.05,2026-01-10 17:07:19,SETTLEMENT,NEFT,Punjab National Bank,IN,0,NORMAL_BANKING_FLOW
TX_PNB_109983,PNB_ACC_20081,PNB_ACC_20197,32161.68,2026-01-11 01:22:54,SETTLEMENT,NEFT,Punjab National Bank,IN,0,NORMAL_BANKING_FLOW
TX_PNB_109984,PNB_ACC_20129,PNB_ACC_20197,23582.97,2026-01-10 23:00:18,TRANSFER,IMPS,Punjab National Bank,IN,0,NORMAL_BANKING_FLOW
TX_PNB_109985,PNB_ACC_20116,PNB_ACC_20014,4854.83,2026-01-10 22:34:56,SETTLEMENT,NEFT,Punjab National Bank,IN,0,NORMAL_BANKING_FLOW
TX_PNB_109986,PNB_ACC_20113,PNB_ACC_20094,11707.69,2026-01-10 21:17:10,TRANSFER,IMPS,Punjab National Bank,IN,0,NORMAL_BANKING_FLOW
TX_PNB_109987,PNB_ACC_20163,PNB_ACC_20033,11984.77,2026-01-11 01:13:36,TRANSFER,IMPS,Punjab National Bank,IN,0,NORMAL_BANKING_FLOW
TX_PNB_109988,PNB_ACC_20047,PNB_ACC_20045,2556.56,2026-01-10 21:31:33,SETTLEMENT,NEFT,Punjab National Bank,IN,0,NORMAL_BANKING_FLOW
TX_PNB_109989,PNB_ACC_20223,AXIS_ACC_20033,6130.05,2026-01-10 19:47:08,TRANSFER,IMPS,Punjab National Bank,IN,0,NORMAL_BANKING_FLOW
TX_PNB_109990,PNB_ACC_20039,PNB_ACC_20197,7724.13,2026-01-10 22:12:18,SETTLEMENT,NEFT,Punjab National Bank,IN,0,NORMAL_BANKING_FLOW
TX_PNB_109991,PNB_ACC_20013,PNB_ACC_20126,87289.68,2026-01-10 23:05:40,SETTLEMENT,NEFT,Punjab National Bank,IN,0,NORMAL_BANKING_FLOW
TX_PNB_109992,PNB_ACC_20159,AXIS_ACC_20112,22261.09,2026-01-10 16:44:07,SETTLEMENT,NEFT,Punjab National Bank,IN,0,NORMAL_BANKING_FLOW
TX_PNB_109993,PNB_ACC_20127,PNB_ACC_20084,37361.11,2026-01-11 00:39:36,TRANSFER,IMPS,Punjab National Bank,IN,0,NORMAL_BANKING_FLOW
TX_PNB_109994,PNB_ACC_20166,PNB_ACC_20150,3468.58,2026-01-10 18:30:25,TRANSFER,IMPS,Punjab National Bank,IN,0,NORMAL_BANKING_FLOW
TX_PNB_109995,PNB_ACC_20213,PNB_ACC_20144,67079.65,2026-01-11 00:54:36,SETTLEMENT,NEFT,Punjab National Bank,IN,0,NORMAL_BANKING_FLOW
TX_PNB_109996,PNB_ACC_20076,PNB_ACC_20068,75449.0,2026-01-10 17:38:15,TRANSFER,IMPS,Punjab National Bank,IN,0,NORMAL_BANKING_FLOW
TX_PNB_109997,PNB_ACC_20206,PNB_ACC_20172,2001.84,2026-01-10 17:38:36,TRANSFER,IMPS,Punjab National Bank,IN,0,NORMAL_BANKING_FLOW
TX_PNB_109998,PNB_ACC_20234,PNB_ACC_20183,8301.17,2026-01-10 19:25:13,TRANSFER,IMPS,Punjab National Bank,IN,0,NORMAL_BANKING_FLOW
TX_PNB_109999,PNB_ACC_20042,PNB_ACC_20037,31111.79,2026-01-11 00:18:18,SETTLEMENT,NEFT,Punjab National Bank,IN,0,NORMAL_BANKING_FLOW
TX_PNB_110000,PNB_ACC_20107,INDUS_ACC_20026,36637.49,2026-01-11 00:45:47,SETTLEMENT,NEFT,Punjab National Bank,IN,0,NORMAL_BANKING_FLOW
TX_PNB_110001,PNB_ACC_20147,PNB_ACC_20123,8549.74,2026-01-10 20:46:40,SETTLEMENT,NEFT,Punjab National Bank,IN,0,NORMAL_BANKING_FLOW
TX_PNB_110002,PNB_ACC_20205,PNB_ACC_20189,12886.69,2026-01-10 20:20:33,SETTLEMENT,NEFT,Punjab National Bank,IN,0,NORMAL_BANKING_FLOW
TX_PNB_110003,PNB_ACC_20092,PNB_ACC_20189,9347.66,2026-01-10 23:14:52,TRANSFER,IMPS,Punjab National Bank,IN,0,NORMAL_BANKING_FLOW
TX_PNB_110004,PNB_ACC_20052,PNB_ACC_20166,20362.7,2026-01-10 19:28:07,SETTLEMENT,NEFT,Punjab National Bank,IN,0,NORMAL_BANKING_FLOW
TX_PNB_110005,PNB_ACC_20198,PNB_ACC_20204,67298.71,2026-01-10 22:36:12,SETTLEMENT,NEFT,Punjab National Bank,IN,0,NORMAL_BANKING_FLOW
TX_PNB_110006,PNB_ACC_20076,INDUS_ACC_20229,7722.19,2026-01-11 01:44:45,SETTLEMENT,NEFT,Punjab National Bank,IN,0,NORMAL_BANKING_FLOW
TX_PNB_110007,PNB_ACC_20157,HDFC_ACC_20219,54225.28,2026-01-10 21:43:54,TRANSFER,IMPS,Punjab National Bank,IN,0,NORMAL_BANKING_FLOW
TX_PNB_110008,PNB_ACC_20161,PNB_ACC_20028,7632.42,2026-01-10 22:51:48,SETTLEMENT,NEFT,Punjab National Bank,IN,0,NORMAL_BANKING_FLOW
TX_PNB_110009,PNB_ACC_20201,PNB_ACC_20127,7098.3,2026-01-10 16:35:28,TRANSFER,IMPS,Punjab National Bank,IN,0,NORMAL_BANKING_FLOW
TX_PNB_110010,PNB_ACC_20169,PNB_ACC_20144,44376.0,2026-01-10 23:47:12,SETTLEMENT,NEFT,Punjab National Bank,IN,0,NORMAL_BANKING_FLOW
TX_PNB_110011,PNB_ACC_20210,PNB_ACC_20235,49718.38,2026-01-10 21:19:30,TRANSFER,IMPS,Punjab National Bank,IN,0,NORMAL_BANKING_FLOW
TX_PNB_110012,PNB_ACC_20001,PNB_ACC_20163,46007.1,2026-01-10 22:54:44,SETTLEMENT,NEFT,Punjab National Bank,IN,0,NORMAL_BANKING_FLOW
TX_PNB_110013,PNB_ACC_20058,PNB_ACC_20167,4241.29,2026-01-10 18:11:16,TRANSFER,IMPS,Punjab National Bank,IN,0,NORMAL_BANKING_FLOW
TX_PNB_110014,PNB_ACC_20201,PNB_ACC_20024,10801.65,2026-01-10 17:03:54,TRANSFER,IMPS,Punjab National Bank,IN,0,NORMAL_BANKING_FLOW
TX_PNB_110015,PNB_ACC_20084,CANARA_ACC_20213,44591.01,2026-01-11 01:12:36,TRANSFER,IMPS,Punjab National Bank,IN,0,NORMAL_BANKING_FLOW
TX_PNB_110016,PNB_ACC_20053,PNB_ACC_20143,18876.93,2026-01-10 21:49:45,TRANSFER,IMPS,Punjab National Bank,IN,0,NORMAL_BANKING_FLOW
TX_PNB_110017,PNB_ACC_20232,ICICI_ACC_20181,5535.5,2026-01-10 22:58:24,SETTLEMENT,NEFT,Punjab National Bank,IN,0,NORMAL_BANKING_FLOW
TX_PNB_110018,PNB_ACC_20215,ICICI_ACC_20045,29856.26,2026-01-10 23:26:22,SETTLEMENT,NEFT,Punjab National Bank,IN,0,NORMAL_BANKING_FLOW
TX_PNB_110019,PNB_ACC_20173,PNB_ACC_20081,8214.96,2026-01-10 22:05:20,TRANSFER,IMPS,Punjab National Bank,IN,0,NORMAL_BANKING_FLOW
TX_PNB_110020,PNB_ACC_20191,ICICI_ACC_20171,129829.5,2026-01-10 19:08:33,SETTLEMENT,NEFT,Punjab National Bank,IN,0,NORMAL_BANKING_FLOW
TX_PNB_110021,PNB_ACC_20052,PNB_ACC_20034,98649.22,2026-01-10 20:03:40,TRANSFER,IMPS,Punjab National Bank,IN,0,NORMAL_BANKING_FLOW
TX_PNB_110022,PNB_ACC_20083,PNB_ACC_20049,35049.17,2026-01-11 01:59:57,SETTLEMENT,NEFT,Punjab National Bank,IN,0,NORMAL_BANKING_FLOW
TX_PNB_110023,PNB_ACC_20166,PNB_ACC_20168,80588.19,2026-01-10 17:47:42,SETTLEMENT,NEFT,Punjab National Bank,IN,0,NORMAL_BANKING_FLOW
TX_PNB_110024,PNB_ACC_20200,YES_ACC_20168,19365.93,2026-01-11 01:06:59,SETTLEMENT,NEFT,Punjab National Bank,IN,0,NORMAL_BANKING_FLOW
TX_PNB_110025,PNB_ACC_20173,PNB_ACC_20249,41855.62,2026-01-10 20:19:28,SETTLEMENT,NEFT,Punjab National Bank,IN,0,NORMAL_BANKING_FLOW
TX_PNB_110026,PNB_ACC_20162,PNB_ACC_20051,91628.01,2026-01-11 01:50:00,SETTLEMENT,NEFT,Punjab National Bank,IN,0,NORMAL_BANKING_FLOW
TX_PNB_110027,PNB_ACC_20247,PNB_ACC_20238,23624.71,2026-01-11 00:28:20,SETTLEMENT,NEFT,Punjab National Bank,IN,0,NORMAL_BANKING_FLOW
TX_PNB_110028,PNB_ACC_20196,PNB_ACC_20241,13619.99,2026-01-11 02:47:00,TRANSFER,IMPS,Punjab National Bank,IN,0,NORMAL_BANKING_FLOW
TX_PNB_110029,PNB_ACC_20090,PNB_ACC_20237,2765.33,2026-01-11 02:06:36,SETTLEMENT,NEFT,Punjab National Bank,IN,0,NORMAL_BANKING_FLOW
TX_PNB_110030,PNB_ACC_20105,PNB_ACC_20001,16457.77,2026-01-10 19:40:41,SETTLEMENT,NEFT,Punjab National Bank,IN,0,NORMAL_BANKING_FLOW
TX_PNB_110031,PNB_ACC_20082,PNB_ACC_20230,44612.33,2026-01-11 01:54:40,SETTLEMENT,NEFT,Punjab National Bank,IN,0,NORMAL_BANKING_FLOW
TX_PNB_110032,PNB_ACC_20022,PNB_ACC_20031,51031.42,2026-01-11 00:18:39,SETTLEMENT,NEFT,Punjab National Bank,IN,0,NORMAL_BANKING_FLOW
TX_PNB_110033,PNB_ACC_20022,PNB_ACC_20112,31407.49,2026-01-10 16:41:52,TRANSFER,IMPS,Punjab National Bank,IN,0,NORMAL_BANKING_FLOW
TX_PNB_110034,PNB_ACC_20004,PNB_ACC_20149,9942.47,2026-01-10 22:56:59,SETTLEMENT,NEFT,Punjab National Bank,IN,0,NORMAL_BANKING_FLOW
TX_PNB_110035,PNB_ACC_20212,YES_ACC_20109,2049.8,2026-01-10 17:51:54,SETTLEMENT,NEFT,Punjab National Bank,IN,0,NORMAL_BANKING_FLOW
TX_PNB_110036,PNB_ACC_20206,PNB_ACC_20117,10459.47,2026-01-10 17:24:25,SETTLEMENT,NEFT,Punjab National Bank,IN,0,NORMAL_BANKING_FLOW
TX_PNB_110037,PNB_ACC_20002,INDUS_ACC_20013,12903.07,2026-01-11 02:28:08,SETTLEMENT,NEFT,Punjab National Bank,IN,0,NORMAL_BANKING_FLOW
TX_PNB_110038,PNB_ACC_20069,HDFC_ACC_20000,12781.81,2026-01-11 02:57:00,SETTLEMENT,NEFT,Punjab National Bank,IN,0,NORMAL_BANKING_FLOW
TX_PNB_110039,PNB_ACC_20095,PNB_ACC_20097,35611.08,2026-01-10 19:03:08,SETTLEMENT,NEFT,Punjab National Bank,IN,0,NORMAL_BANKING_FLOW
TX_PNB_110040,PNB_ACC_20094,PNB_ACC_20165,160210.53,2026-01-11 02:45:01,SETTLEMENT,NEFT,Punjab National Bank,IN,0,NORMAL_BANKING_FLOW
TX_PNB_110041,PNB_ACC_20117,ICICI_ACC_20150,20658.5,2026-01-10 22:20:00,SETTLEMENT,NEFT,Punjab National Bank,IN,0,NORMAL_BANKING_FLOW
TX_PNB_110042,PNB_ACC_20249,PNB_ACC_20195,14208.49,2026-01-11 02:04:56,SETTLEMENT,NEFT,Punjab National Bank,IN,0,NORMAL_BANKING_FLOW
TX_PNB_110043,PNB_ACC_20110,PNB_ACC_20158,13559.68,2026-01-10 17:12:36,SETTLEMENT,NEFT,Punjab National Bank,IN,0,NORMAL_BANKING_FLOW
TX_PNB_110044,PNB_ACC_20205,AXIS_ACC_20062,20677.95,2026-01-10 16:44:48,TRANSFER,IMPS,Punjab National Bank,IN,0,NORMAL_BANKING_FLOW
TX_PNB_110045,PNB_ACC_20076,YES_ACC_20194,7250.87,2026-01-10 17:13:12,SETTLEMENT,NEFT,Punjab National Bank,IN,0,NORMAL_BANKING_FLOW
TX_PNB_110046,PNB_ACC_20079,SBI_ACC_20221,20582.95,2026-01-11 02:50:55,SETTLEMENT,NEFT,Punjab National Bank,IN,0,NORMAL_BANKING_FLOW
TX_PNB_110047,PNB_ACC_20214,PNB_ACC_20213,29610.77,2026-01-10 22:38:06,TRANSFER,IMPS,Punjab National Bank,IN,0,NORMAL_BANKING_FLOW
TX_PNB_110048,PNB_ACC_20214,AXIS_ACC_20214,22712.14,2026-01-10 21:28:12,SETTLEMENT,NEFT,Punjab National Bank,IN,0,NORMAL_BANKING_FLOW
TX_PNB_110049,PNB_ACC_20198,KOTAK_ACC_20042,29830.78,2026-01-10 16:32:00,SETTLEMENT,NEFT,Punjab National Bank,IN,0,NORMAL_BANKING_FLOW
TX_PNB_110050,PNB_ACC_20243,PNB_ACC_20135,29060.13,2026-01-11 00:33:21,SETTLEMENT,NEFT,Punjab National Bank,IN,0,NORMAL_BANKING_FLOW
TX_PNB_110051,PNB_ACC_20213,PNB_ACC_20148,2568.08,2026-01-10 17:29:10,SETTLEMENT,NEFT,Punjab National Bank,IN,0,NORMAL_BANKING_FLOW
TX_PNB_110052,PNB_ACC_20147,YES_ACC_20028,36335.74,2026-01-10 19:22:57,SETTLEMENT,NEFT,Punjab National Bank,IN,0,NORMAL_BANKING_FLOW
TX_PNB_110053,PNB_ACC_20122,PNB_ACC_20216,8620.37,2026-01-10 21:45:24,TRANSFER,IMPS,Punjab National Bank,IN,0,NORMAL_BANKING_FLOW
TX_PNB_110054,PNB_ACC_20031,PNB_ACC_20013,5402.28,2026-01-10 17:15:54,SETTLEMENT,NEFT,Punjab National Bank,IN,0,NORMAL_BANKING_FLOW
TX_PNB_110055,PNB_ACC_20222,PNB_ACC_20084,5351.34,2026-01-10 19:52:46,SETTLEMENT,NEFT,Punjab National Bank,IN,0,NORMAL_BANKING_FLOW
TX_PNB_110056,PNB_ACC_20030,PNB_ACC_20169,29053.54,2026-01-11 01:06:45,SETTLEMENT,NEFT,Punjab National Bank,IN,0,NORMAL_BANKING_FLOW
TX_PNB_110057,PNB_ACC_20174,PNB_ACC_20155,14117.46,2026-01-11 01:07:36,SETTLEMENT,NEFT,Punjab National Bank,IN,0,NORMAL_BANKING_FLOW
TX_PNB_110058,PNB_ACC_20026,PNB_ACC_20073,2835.11,2026-01-10 22:59:54,SETTLEMENT,NEFT,Punjab National Bank,IN,0,NORMAL_BANKING_FLOW
TX_PNB_110059,PNB_ACC_20145,YES_ACC_20172,30510.97,2026-01-10 22:46:18,SETTLEMENT,NEFT,Punjab National Bank,IN,0,NORMAL_BANKING_FLOW
TX_PNB_110060,PNB_ACC_20069,PNB_ACC_20212,3701.27,2026-01-10 17:17:42,SETTLEMENT,NEFT,Punjab National Bank,IN,0,NORMAL_BANKING_FLOW
TX_PNB_110061,PNB_ACC_20038,PNB_ACC_20239,21032.07,2026-01-10 17:32:20,TRANSFER,IMPS,Punjab National Bank,IN,0,NORMAL_BANKING_FLOW
TX_PNB_110062,PNB_ACC_20131,PNB_ACC_20125,23443.51,2026-01-11 00:14:27,SETTLEMENT,NEFT,Punjab National Bank,IN,0,NORMAL_BANKING_FLOW
TX_PNB_110063,PNB_ACC_20182,PNB_ACC_20218,47769.13,2026-01-11 00:43:58,SETTLEMENT,NEFT,Punjab National Bank,IN,0,NORMAL_BANKING_FLOW
TX_PNB_110064,PNB_ACC_20232,PNB_ACC_20065,128008.67,2026-01-11 01:13:33,SETTLEMENT,NEFT,Punjab National Bank,IN,0,NORMAL_BANKING_FLOW
TX_PNB_110065,PNB_ACC_20159,PNB_ACC_20135,4019.27,2026-01-10 19:43:12,SETTLEMENT,NEFT,Punjab National Bank,IN,0,NORMAL_BANKING_FLOW
TX_PNB_110066,PNB_ACC_20110,CANARA_ACC_20064,17022.29,2026-01-10 22:36:40,SETTLEMENT,NEFT,Punjab National Bank,IN,0,NORMAL_BANKING_FLOW
TX_PNB_110067,PNB_ACC_20178,PNB_ACC_20224,13306.81,2026-01-11 00:18:22,SETTLEMENT,NEFT,Punjab National Bank,IN,0,NORMAL_BANKING_FLOW
TX_PNB_110068,PNB_ACC_20112,PNB_ACC_20083,29060.2,2026-01-10 17:05:39,SETTLEMENT,NEFT,Punjab National Bank,IN,0,NORMAL_BANKING_FLOW
TX_PNB_110069,PNB_ACC_20085,PNB_ACC_20091,22862.1,2026-01-10 20:28:28,SETTLEMENT,NEFT,Punjab National Bank,IN,0,NORMAL_BANKING_FLOW
TX_PNB_110070,PNB_ACC_20049,AXIS_ACC_20098,12236.75,2026-01-10 16:51:44,SETTLEMENT,NEFT,Punjab National Bank,IN,0,NORMAL_BANKING_FLOW
TX_PNB_110071,PNB_ACC_20186,PNB_ACC_20016,11103.41,2026-01-10 23:23:30,TRANSFER,IMPS,Punjab National Bank,IN,0,NORMAL_BANKING_FLOW
TX_PNB_110072,PNB_ACC_20195,HDFC_ACC_20070,5281.18,2026-01-10 21:28:05,SETTLEMENT,NEFT,Punjab National Bank,IN,0,NORMAL_BANKING_FLOW
TX_PNB_110073,PNB_ACC_20232,PNB_ACC_20243,53457.79,2026-01-10 16:52:32,SETTLEMENT,NEFT,Punjab National Bank,IN,0,NORMAL_BANKING_FLOW
TX_PNB_110074,PNB_ACC_20103,PNB_ACC_20156,29885.38,2026-01-10 21:00:09,TRANSFER,IMPS,Punjab National Bank,IN,0,NORMAL_BANKING_FLOW
TX_PNB_110075,PNB_ACC_20203,HDFC_ACC_20164,49490.95,2026-01-11 02:35:44,TRANSFER,IMPS,Punjab National Bank,IN,0,NORMAL_BANKING_FLOW
TX_PNB_110076,PNB_ACC_20107,SBI_ACC_20145,12817.47,2026-01-10 20:17:30,SETTLEMENT,NEFT,Punjab National Bank,IN,0,NORMAL_BANKING_FLOW
TX_PNB_110077,PNB_ACC_20042,PNB_ACC_20201,8755.88,2026-01-10 20:47:12,SETTLEMENT,NEFT,Punjab National Bank,IN,0,NORMAL_BANKING_FLOW
TX_PNB_110078,PNB_ACC_20095,YES_ACC_20163,5507.43,2026-01-10 19:49:16,SETTLEMENT,NEFT,Punjab National Bank,IN,0,NORMAL_BANKING_FLOW
TX_PNB_110079,PNB_ACC_20137,PNB_ACC_20057,26763.9,2026-01-10 20:19:00,SETTLEMENT,NEFT,Punjab National Bank,IN,0,NORMAL_BANKING_FLOW
TX_PNB_110080,PNB_ACC_20212,PNB_ACC_20093,5745.82,2026-01-10 18:22:18,TRANSFER,IMPS,Punjab National Bank,IN,0,NORMAL_BANKING_FLOW
TX_PNB_110081,PNB_ACC_20019,YES_ACC_20206,137795.97,2026-01-10 18:08:00,SETTLEMENT,NEFT,Punjab National Bank,IN,0,NORMAL_BANKING_FLOW
TX_PNB_110082,PNB_ACC_20006,PNB_ACC_20113,4279.51,2026-01-11 01:43:32,TRANSFER,IMPS,Punjab National Bank,IN,0,NORMAL_BANKING_FLOW
TX_PNB_110083,PNB_ACC_20110,KOTAK_ACC_20153,24368.0,2026-01-11 01:59:06,SETTLEMENT,NEFT,Punjab National Bank,IN,0,NORMAL_BANKING_FLOW
TX_PNB_110084,PNB_ACC_20088,PNB_ACC_20140,101067.12,2026-01-10 20:36:13,SETTLEMENT,NEFT,Punjab National Bank,IN,0,NORMAL_BANKING_FLOW
TX_PNB_110085,PNB_ACC_20154,KOTAK_ACC_20232,34856.63,2026-01-10 17:39:56,SETTLEMENT,NEFT,Punjab National Bank,IN,0,NORMAL_BANKING_FLOW
TX_PNB_110086,PNB_ACC_20144,HDFC_ACC_20159,21878.09,2026-01-10 18:54:00,SETTLEMENT,NEFT,Punjab National Bank,IN,0,NORMAL_BANKING_FLOW
TX_PNB_110087,PNB_ACC_20202,SBI_ACC_20005,6214.67,2026-01-11 03:16:28,SETTLEMENT,NEFT,Punjab National Bank,IN,0,NORMAL_BANKING_FLOW
TX_PNB_110088,PNB_ACC_20109,SBI_ACC_20163,3944.41,2026-01-11 02:18:18,SETTLEMENT,NEFT,Punjab National Bank,IN,0,NORMAL_BANKING_FLOW
TX_PNB_110089,PNB_ACC_20133,PNB_ACC_20247,42068.53,2026-01-10 23:21:36,TRANSFER,IMPS,Punjab National Bank,IN,0,NORMAL_BANKING_FLOW
TX_PNB_110090,PNB_ACC_20020,PNB_ACC_20164,94538.46,2026-01-10 21:08:57,SETTLEMENT,NEFT,Punjab National Bank,IN,0,NORMAL_BANKING_FLOW
TX_PNB_110091,PNB_ACC_20099,PNB_ACC_20123,11128.5,2026-01-10 23:23:00,TRANSFER,IMPS,Punjab National Bank,IN,0,NORMAL_BANKING_FLOW
TX_PNB_110092,PNB_ACC_20213,PNB_ACC_20041,5151.44,2026-01-10 23:53:24,SETTLEMENT,NEFT,Punjab National Bank,IN,0,NORMAL_BANKING_FLOW
TX_PNB_110093,PNB_ACC_20221,PNB_ACC_20142,1207.15,2026-01-10 16:43:00,SETTLEMENT,NEFT,Punjab National Bank,IN,0,NORMAL_BANKING_FLOW
TX_PNB_110094,PNB_ACC_20132,INDUS_ACC_20141,6131.28,2026-01-10 16:58:08,SETTLEMENT,NEFT,Punjab National Bank,IN,0,NORMAL_BANKING_FLOW
TX_PNB_110095,PNB_ACC_20173,PNB_ACC_20159,15914.37,2026-01-10 18:57:36,SETTLEMENT,NEFT,Punjab National Bank,IN,0,NORMAL_BANKING_FLOW
TX_PNB_110096,PNB_ACC_20182,PNB_ACC_20179,104718.97,2026-01-11 02:55:20,SETTLEMENT,NEFT,Punjab National Bank,IN,0,NORMAL_BANKING_FLOW
TX_PNB_110097,PNB_ACC_20045,PNB_ACC_20001,37814.47,2026-01-10 21:42:40,TRANSFER,IMPS,Punjab National Bank,IN,0,NORMAL_BANKING_FLOW
TX_PNB_110098,PNB_ACC_20050,PNB_ACC_20016,25225.08,2026-01-10 17:14:09,SETTLEMENT,NEFT,Punjab National Bank,IN,0,NORMAL_BANKING_FLOW
TX_PNB_110099,PNB_ACC_20023,PNB_ACC_20151,11612.86,2026-01-11 00:58:24,TRANSFER,IMPS,Punjab National Bank,IN,0,NORMAL_BANKING_FLOW
TX_PNB_110100,PNB_ACC_20045,KOTAK_ACC_20156,9494.97,2026-01-11 01:29:10,SETTLEMENT,NEFT,Punjab National Bank,IN,0,NORMAL_BANKING_FLOW
TX_PNB_110101,PNB_ACC_20119,PNB_ACC_20166,84644.24,2026-01-10 21:30:00,SETTLEMENT,NEFT,Punjab National Bank,IN,0,NORMAL_BANKING_FLOW
TX_PNB_110102,PNB_ACC_20150,INDUS_ACC_20221,22489.69,2026-01-10 18:15:21,SETTLEMENT,NEFT,Punjab National Bank,IN,0,NORMAL_BANKING_FLOW
TX_PNB_110103,PNB_ACC_20046,HDFC_ACC_20153,1784.94,2026-01-11 00:46:34,TRANSFER,IMPS,Punjab National Bank,IN,0,NORMAL_BANKING_FLOW
TX_PNB_110104,PNB_ACC_20002,PNB_ACC_20221,8596.47,2026-01-11 01:47:33,SETTLEMENT,NEFT,Punjab National Bank,IN,0,NORMAL_BANKING_FLOW
TX_PNB_110105,PNB_ACC_20067,ICICI_ACC_20037,7016.1,2026-01-10 23:02:40,SETTLEMENT,NEFT,Punjab National Bank,IN,0,NORMAL_BANKING_FLOW
TX_PNB_110106,PNB_ACC_20124,PNB_ACC_20121,9888.32,2026-01-10 23:48:35,TRANSFER,IMPS,Punjab National Bank,IN,0,NORMAL_BANKING_FLOW
TX_PNB_110107,PNB_ACC_20147,PNB_ACC_20174,33496.68,2026-01-10 17:31:48,SETTLEMENT,NEFT,Punjab National Bank,IN,0,NORMAL_BANKING_FLOW
TX_PNB_110108,PNB_ACC_20044,PNB_ACC_20169,16023.48,2026-01-10 19:17:55,SETTLEMENT,NEFT,Punjab National Bank,IN,0,NORMAL_BANKING_FLOW
TX_PNB_110109,PNB_ACC_20067,PNB_ACC_20072,16571.64,2026-01-10 22:35:04,TRANSFER,IMPS,Punjab National Bank,IN,0,NORMAL_BANKING_FLOW
TX_PNB_110110,PNB_ACC_20046,PNB_ACC_20134,76482.75,2026-01-10 20:49:39,SETTLEMENT,NEFT,Punjab National Bank,IN,0,NORMAL_BANKING_FLOW
TX_PNB_110111,PNB_ACC_20030,PNB_ACC_20220,8382.43,2026-01-11 02:54:10,SETTLEMENT,NEFT,Punjab National Bank,IN,0,NORMAL_BANKING_FLOW
TX_PNB_110112,PNB_ACC_20154,PNB_ACC_20025,140171.15,2026-01-10 22:06:36,SETTLEMENT,NEFT,Punjab National Bank,IN,0,NORMAL_BANKING_FLOW
TX_PNB_110113,PNB_ACC_20222,AXIS_ACC_20159,8617.6,2026-01-11 03:41:36,TRANSFER,IMPS,Punjab National Bank,IN,0,NORMAL_BANKING_FLOW
TX_PNB_110114,PNB_ACC_20092,AXIS_ACC_20040,19892.9,2026-01-11 01:25:37,TRANSFER,IMPS,Punjab National Bank,IN,0,NORMAL_BANKING_FLOW
TX_PNB_110115,PNB_ACC_20003,PNB_ACC_20056,13235.74,2026-01-10 20:06:32,SETTLEMENT,NEFT,Punjab National Bank,IN,0,NORMAL_BANKING_FLOW
TX_PNB_110116,PNB_ACC_20030,PNB_ACC_20230,20656.0,2026-01-11 02:43:30,SETTLEMENT,NEFT,Punjab National Bank,IN,0,NORMAL_BANKING_FLOW
TX_PNB_110117,PNB_ACC_20038,PNB_ACC_20184,29408.86,2026-01-10 19:21:40,TRANSFER,IMPS,Punjab National Bank,IN,0,NORMAL_BANKING_FLOW
TX_PNB_110118,PNB_ACC_20060,PNB_ACC_20037,29062.93,2026-01-10 20:23:13,SETTLEMENT,NEFT,Punjab National Bank,IN,0,NORMAL_BANKING_FLOW
TX_PNB_110119,PNB_ACC_20145,PNB_ACC_20190,7875.96,2026-01-10 18:21:18,TRANSFER,IMPS,Punjab National Bank,IN,0,NORMAL_BANKING_FLOW
TX_PNB_110120,PNB_ACC_20226,PNB_ACC_20242,5243.76,2026-01-11 00:29:15,TRANSFER,IMPS,Punjab National Bank,IN,0,NORMAL_BANKING_FLOW
TX_PNB_110121,PNB_ACC_20001,PNB_ACC_20227,283081.17,2026-01-10 23:44:00,SETTLEMENT,NEFT,Punjab National Bank,IN,0,NORMAL_BANKING_FLOW
TX_PNB_110122,PNB_ACC_20003,PNB_ACC_20067,10589.49,2026-01-10 20:25:09,SETTLEMENT,NEFT,Punjab National Bank,IN,0,NORMAL_BANKING_FLOW
TX_PNB_110123,PNB_ACC_20083,SBI_ACC_20228,38914.95,2026-01-11 04:06:38,SETTLEMENT,NEFT,Punjab National Bank,IN,0,NORMAL_BANKING_FLOW
TX_PNB_110124,PNB_ACC_20043,PNB_ACC_20075,3076.64,2026-01-10 21:43:02,TRANSFER,IMPS,Punjab National Bank,IN,0,NORMAL_BANKING_FLOW
TX_PNB_110125,PNB_ACC_20173,PNB_ACC_20132,13258.92,2026-01-10 17:21:48,SETTLEMENT,NEFT,Punjab National Bank,IN,0,NORMAL_BANKING_FLOW
TX_PNB_110126,PNB_ACC_20188,PNB_ACC_20112,15679.05,2026-01-10 23:01:15,SETTLEMENT,NEFT,Punjab National Bank,IN,0,NORMAL_BANKING_FLOW
TX_PNB_110127,PNB_ACC_20222,CANARA_ACC_20005,30336.19,2026-01-10 19:41:16,SETTLEMENT,NEFT,Punjab National Bank,IN,0,NORMAL_BANKING_FLOW
TX_PNB_110128,PNB_ACC_20040,PNB_ACC_20093,902.62,2026-01-10 23:48:54,TRANSFER,IMPS,Punjab National Bank,IN,0,NORMAL_BANKING_FLOW
TX_PNB_110129,PNB_ACC_20185,PNB_ACC_20004,21649.87,2026-01-11 01:06:56,TRANSFER,IMPS,Punjab National Bank,IN,0,NORMAL_BANKING_FLOW
TX_PNB_110130,PNB_ACC_20090,PNB_ACC_20212,5091.28,2026-01-11 01:23:12,SETTLEMENT,NEFT,Punjab National Bank,IN,0,NORMAL_BANKING_FLOW
TX_PNB_110131,PNB_ACC_20036,HDFC_ACC_20248,25765.21,2026-01-11 03:59:00,SETTLEMENT,NEFT,Punjab National Bank,IN,0,NORMAL_BANKING_FLOW
TX_PNB_110132,PNB_ACC_20095,HDFC_ACC_20021,5767.75,2026-01-10 23:36:11,TRANSFER,IMPS,Punjab National Bank,IN,0,NORMAL_BANKING_FLOW
TX_PNB_110133,PNB_ACC_20034,PNB_ACC_20116,7037.22,2026-01-10 22:50:16,SETTLEMENT,NEFT,Punjab National Bank,IN,0,NORMAL_BANKING_FLOW
TX_PNB_110134,PNB_ACC_20055,HDFC_ACC_20212,13346.5,2026-01-10 17:08:48,TRANSFER,IMPS,Punjab National Bank,IN,0,NORMAL_BANKING_FLOW
TX_PNB_110135,PNB_ACC_20113,PNB_ACC_20086,5667.13,2026-01-10 21:33:42,TRANSFER,IMPS,Punjab National Bank,IN,0,NORMAL_BANKING_FLOW
TX_PNB_110136,PNB_ACC_20139,PNB_ACC_20173,10688.38,2026-01-10 23:07:45,TRANSFER,IMPS,Punjab National Bank,IN,0,NORMAL_BANKING_FLOW
TX_PNB_110137,PNB_ACC_20124,PNB_ACC_20112,4852.68,2026-01-10 23:39:36,SETTLEMENT,NEFT,Punjab National Bank,IN,0,NORMAL_BANKING_FLOW
TX_PNB_110138,PNB_ACC_20120,PNB_ACC_20007,2400.69,2026-01-11 02:32:04,SETTLEMENT,NEFT,Punjab National Bank,IN,0,NORMAL_BANKING_FLOW
TX_PNB_110139,PNB_ACC_20085,PNB_ACC_20047,55257.14,2026-01-11 04:22:22,TRANSFER,IMPS,Punjab National Bank,IN,0,NORMAL_BANKING_FLOW
TX_PNB_110140,PNB_ACC_20140,HDFC_ACC_20204,4334.43,2026-01-11 01:46:51,TRANSFER,IMPS,Punjab National Bank,IN,0,NORMAL_BANKING_FLOW
TX_PNB_110141,PNB_ACC_20167,AXIS_ACC_20168,14815.82,2026-01-10 19:47:20,TRANSFER,IMPS,Punjab National Bank,IN,0,NORMAL_BANKING_FLOW
TX_PNB_110142,PNB_ACC_20211,PNB_ACC_20176,41281.93,2026-01-11 03:06:54,SETTLEMENT,NEFT,Punjab National Bank,IN,0,NORMAL_BANKING_FLOW
TX_PNB_110143,PNB_ACC_20194,PNB_ACC_20203,9168.8,2026-01-10 22:56:36,TRANSFER,IMPS,Punjab National Bank,IN,0,NORMAL_BANKING_FLOW
TX_PNB_110144,PNB_ACC_20073,PNB_ACC_20040,7275.86,2026-01-10 23:12:57,SETTLEMENT,NEFT,Punjab National Bank,IN,0,NORMAL_BANKING_FLOW
TX_PNB_110145,PNB_ACC_20098,PNB_ACC_20043,23129.45,2026-01-11 03:25:20,SETTLEMENT,NEFT,Punjab National Bank,IN,0,NORMAL_BANKING_FLOW
TX_PNB_110146,PNB_ACC_20246,AXIS_ACC_20200,61680.75,2026-01-10 19:18:00,SETTLEMENT,NEFT,Punjab National Bank,IN,0,NORMAL_BANKING_FLOW
TX_PNB_110147,PNB_ACC_20212,PNB_ACC_20068,4982.83,2026-01-10 21:24:32,TRANSFER,IMPS,Punjab National Bank,IN,0,NORMAL_BANKING_FLOW
TX_PNB_110148,PNB_ACC_20175,HDFC_ACC_20053,15288.21,2026-01-10 19:03:01,SETTLEMENT,NEFT,Punjab National Bank,IN,0,NORMAL_BANKING_FLOW
TX_PNB_110149,PNB_ACC_20019,PNB_ACC_20226,2681.83,2026-01-11 01:38:24,SETTLEMENT,NEFT,Punjab National Bank,IN,0,NORMAL_BANKING_FLOW
TX_PNB_110150,PNB_ACC_20186,PNB_ACC_20151,11701.58,2026-01-10 23:16:51,SETTLEMENT,NEFT,Punjab National Bank,IN,0,NORMAL_BANKING_FLOW
TX_PNB_110151,PNB_ACC_20153,PNB_ACC_20019,18725.19,2026-01-11 03:46:40,SETTLEMENT,NEFT,Punjab National Bank,IN,0,NORMAL_BANKING_FLOW
TX_PNB_110152,PNB_ACC_20168,AXIS_ACC_20132,7043.87,2026-01-10 17:29:27,TRANSFER,IMPS,Punjab National Bank,IN,0,NORMAL_BANKING_FLOW
TX_PNB_110153,PNB_ACC_20018,PNB_ACC_20150,10908.62,2026-01-10 19:20:48,SETTLEMENT,NEFT,Punjab National Bank,IN,0,NORMAL_BANKING_FLOW
TX_PNB_110154,PNB_ACC_20096,PNB_ACC_20178,3831.27,2026-01-11 01:42:24,TRANSFER,IMPS,Punjab National Bank,IN,0,NORMAL_BANKING_FLOW
TX_PNB_110155,PNB_ACC_20095,HDFC_ACC_20192,19629.45,2026-01-10 19:53:24,SETTLEMENT,NEFT,Punjab National Bank,IN,0,NORMAL_BANKING_FLOW
TX_PNB_110156,PNB_ACC_20166,PNB_ACC_20003,57599.18,2026-01-10 17:46:30,SETTLEMENT,NEFT,Punjab National Bank,IN,0,NORMAL_BANKING_FLOW
TX_PNB_110157,PNB_ACC_20085,PNB_ACC_20167,5394.54,2026-01-10 23:05:28,SETTLEMENT,NEFT,Punjab National Bank,IN,0,NORMAL_BANKING_FLOW
TX_PNB_110158,PNB_ACC_20080,PNB_ACC_20176,9091.19,2026-01-10 23:53:57,TRANSFER,IMPS,Punjab National Bank,IN,0,NORMAL_BANKING_FLOW
TX_PNB_110159,PNB_ACC_20076,PNB_ACC_20054,31344.71,2026-01-11 02:50:16,SETTLEMENT,NEFT,Punjab National Bank,IN,0,NORMAL_BANKING_FLOW
TX_PNB_110160,PNB_ACC_20135,PNB_ACC_20150,68411.74,2026-01-10 22:19:25,SETTLEMENT,NEFT,Punjab National Bank,IN,0,NORMAL_BANKING_FLOW
TX_PNB_110161,PNB_ACC_20000,PNB_ACC_20242,3489.42,2026-01-11 04:28:00,TRANSFER,IMPS,Punjab National Bank,IN,0,NORMAL_BANKING_FLOW
TX_PNB_110162,PNB_ACC_20194,YES_ACC_20195,14977.99,2026-01-11 02:20:50,TRANSFER,IMPS,Punjab National Bank,IN,0,NORMAL_BANKING_FLOW
TX_PNB_110163,PNB_ACC_20023,SBI_ACC_20117,24623.19,2026-01-10 17:16:32,SETTLEMENT,NEFT,Punjab National Bank,IN,0,NORMAL_BANKING_FLOW
TX_PNB_110164,PNB_ACC_20190,PNB_ACC_20246,16118.74,2026-01-10 18:37:03,SETTLEMENT,NEFT,Punjab National Bank,IN,0,NORMAL_BANKING_FLOW
TX_PNB_110165,PNB_ACC_20006,PNB_ACC_20106,1182.67,2026-01-10 20:29:52,TRANSFER,IMPS,Punjab National Bank,IN,0,NORMAL_BANKING_FLOW
TX_PNB_110166,PNB_ACC_20166,PNB_ACC_20142,31294.54,2026-01-11 01:35:55,SETTLEMENT,NEFT,Punjab National Bank,IN,0,NORMAL_BANKING_FLOW
TX_PNB_110167,PNB_ACC_20066,KOTAK_ACC_20053,95920.02,2026-01-11 04:17:42,SETTLEMENT,NEFT,Punjab National Bank,IN,0,NORMAL_BANKING_FLOW
TX_PNB_110168,PNB_ACC_20028,ICICI_ACC_20110,20503.03,2026-01-11 01:21:22,SETTLEMENT,NEFT,Punjab National Bank,IN,0,NORMAL_BANKING_FLOW
TX_PNB_110169,PNB_ACC_20126,AXIS_ACC_20221,5800.99,2026-01-11 05:08:00,TRANSFER,IMPS,Punjab National Bank,IN,0,NORMAL_BANKING_FLOW
TX_PNB_110170,PNB_ACC_20057,HDFC_ACC_20183,10255.4,2026-01-11 02:27:30,TRANSFER,IMPS,Punjab National Bank,IN,0,NORMAL_BANKING_FLOW
TX_PNB_110171,PNB_ACC_20236,PNB_ACC_20205,126361.78,2026-01-11 03:00:40,SETTLEMENT,NEFT,Punjab National Bank,IN,0,NORMAL_BANKING_FLOW
TX_PNB_110172,PNB_ACC_20228,PNB_ACC_20061,49067.82,2026-01-10 22:10:14,SETTLEMENT,NEFT,Punjab National Bank,IN,0,NORMAL_BANKING_FLOW
TX_PNB_110173,PNB_ACC_20120,PNB_ACC_20125,36462.12,2026-01-10 17:35:24,TRANSFER,IMPS,Punjab National Bank,IN,0,NORMAL_BANKING_FLOW
TX_PNB_110174,PNB_ACC_20096,PNB_ACC_20202,26690.26,2026-01-10 22:43:48,TRANSFER,IMPS,Punjab National Bank,IN,0,NORMAL_BANKING_FLOW
TX_PNB_110175,PNB_ACC_20142,PNB_ACC_20195,8714.55,2026-01-10 21:23:14,SETTLEMENT,NEFT,Punjab National Bank,IN,0,NORMAL_BANKING_FLOW
TX_PNB_110176,PNB_ACC_20134,CANARA_ACC_20071,14463.33,2026-01-10 17:36:15,SETTLEMENT,NEFT,Punjab National Bank,IN,0,NORMAL_BANKING_FLOW
TX_PNB_110177,PNB_ACC_20023,AXIS_ACC_20026,16552.38,2026-01-11 00:55:44,SETTLEMENT,NEFT,Punjab National Bank,IN,0,NORMAL_BANKING_FLOW
TX_PNB_110178,PNB_ACC_20098,PNB_ACC_20178,33008.88,2026-01-10 18:58:14,SETTLEMENT,NEFT,Punjab National Bank,IN,0,NORMAL_BANKING_FLOW
TX_PNB_110179,PNB_ACC_20001,PNB_ACC_20034,94827.13,2026-01-11 00:40:54,SETTLEMENT,NEFT,Punjab National Bank,IN,0,NORMAL_BANKING_FLOW
TX_PNB_110180,PNB_ACC_20034,PNB_ACC_20136,61708.19,2026-01-11 04:46:22,SETTLEMENT,NEFT,Punjab National Bank,IN,0,NORMAL_BANKING_FLOW
TX_PNB_110181,PNB_ACC_20192,PNB_ACC_20045,3784.53,2026-01-10 18:59:20,SETTLEMENT,NEFT,Punjab National Bank,IN,0,NORMAL_BANKING_FLOW
TX_PNB_110182,PNB_ACC_20035,PNB_ACC_20081,23072.45,2026-01-11 05:21:00,SETTLEMENT,NEFT,Punjab National Bank,IN,0,NORMAL_BANKING_FLOW
TX_PNB_110183,PNB_ACC_20023,BOB_ACC_20081,40556.03,2026-01-11 02:05:36,SETTLEMENT,NEFT,Punjab National Bank,IN,0,NORMAL_BANKING_FLOW
TX_PNB_110184,PNB_ACC_20006,PNB_ACC_20007,35622.99,2026-01-11 03:44:42,TRANSFER,IMPS,Punjab National Bank,IN,0,NORMAL_BANKING_FLOW
TX_PNB_110185,PNB_ACC_20088,PNB_ACC_20117,9025.8,2026-01-10 21:28:24,SETTLEMENT,NEFT,Punjab National Bank,IN,0,NORMAL_BANKING_FLOW
TX_PNB_110186,PNB_ACC_20022,PNB_ACC_20146,444862.33,2026-01-10 19:50:25,TRANSFER,IMPS,Punjab National Bank,IN,0,NORMAL_BANKING_FLOW
TX_PNB_110187,PNB_ACC_20088,PNB_ACC_20240,4425.8,2026-01-10 18:45:06,SETTLEMENT,NEFT,Punjab National Bank,IN,0,NORMAL_BANKING_FLOW
TX_PNB_110188,PNB_ACC_20230,CANARA_ACC_20154,5477.99,2026-01-10 17:39:39,SETTLEMENT,NEFT,Punjab National Bank,IN,0,NORMAL_BANKING_FLOW
TX_PNB_110189,PNB_ACC_20193,PNB_ACC_20057,23317.39,2026-01-11 04:38:36,TRANSFER,IMPS,Punjab National Bank,IN,0,NORMAL_BANKING_FLOW
TX_PNB_110190,PNB_ACC_20043,PNB_ACC_20140,185068.88,2026-01-10 23:59:20,TRANSFER,IMPS,Punjab National Bank,IN,0,NORMAL_BANKING_FLOW
TX_PNB_110191,PNB_ACC_20055,PNB_ACC_20245,7188.13,2026-01-11 04:24:00,SETTLEMENT,NEFT,Punjab National Bank,IN,0,NORMAL_BANKING_FLOW
TX_PNB_110192,PNB_ACC_20217,PNB_ACC_20228,13461.5,2026-01-10 17:40:47,SETTLEMENT,NEFT,Punjab National Bank,IN,0,NORMAL_BANKING_FLOW
TX_PNB_110193,PNB_ACC_20023,KOTAK_ACC_20001,58984.09,2026-01-11 02:46:40,TRANSFER,IMPS,Punjab National Bank,IN,0,NORMAL_BANKING_FLOW
TX_PNB_110194,PNB_ACC_20193,PNB_ACC_20157,17682.87,2026-01-10 18:14:27,TRANSFER,IMPS,Punjab National Bank,IN,0,NORMAL_BANKING_FLOW
TX_PNB_110195,PNB_ACC_20180,PNB_ACC_20103,12480.66,2026-01-10 23:46:06,SETTLEMENT,NEFT,Punjab National Bank,IN,0,NORMAL_BANKING_FLOW
TX_PNB_110196,PNB_ACC_20126,PNB_ACC_20125,33597.14,2026-01-10 17:41:55,TRANSFER,IMPS,Punjab National Bank,IN,0,NORMAL_BANKING_FLOW
TX_PNB_110197,PNB_ACC_20190,PNB_ACC_20012,24337.41,2026-01-10 19:55:00,SETTLEMENT,NEFT,Punjab National Bank,IN,0,NORMAL_BANKING_FLOW
TX_PNB_110198,PNB_ACC_20244,PNB_ACC_20111,56021.04,2026-01-11 05:20:23,TRANSFER,IMPS,Punjab National Bank,IN,0,NORMAL_BANKING_FLOW
TX_PNB_110199,PNB_ACC_20227,AXIS_ACC_20061,74653.73,2026-01-10 20:45:44,SETTLEMENT,NEFT,Punjab National Bank,IN,0,NORMAL_BANKING_FLOW
TX_PNB_110200,PNB_ACC_20028,ICICI_ACC_20107,25278.34,2026-01-10 20:46:12,SETTLEMENT,NEFT,Punjab National Bank,IN,0,NORMAL_BANKING_FLOW
TX_PNB_110201,PNB_ACC_20017,PNB_ACC_20216,24857.28,2026-01-10 19:23:20,SETTLEMENT,NEFT,Punjab National Bank,IN,0,NORMAL_BANKING_FLOW
TX_PNB_110202,PNB_ACC_20240,PNB_ACC_20062,22822.95,2026-01-11 03:10:51,SETTLEMENT,NEFT,Punjab National Bank,IN,0,NORMAL_BANKING_FLOW
TX_PNB_110203,PNB_ACC_20092,PNB_ACC_20208,30885.55,2026-01-10 17:43:54,TRANSFER,IMPS,Punjab National Bank,IN,0,NORMAL_BANKING_FLOW
TX_PNB_110204,PNB_ACC_20056,PNB_ACC_20007,19162.06,2026-01-10 23:01:48,SETTLEMENT,NEFT,Punjab National Bank,IN,0,NORMAL_BANKING_FLOW
TX_PNB_110205,PNB_ACC_20051,PNB_ACC_20222,18021.68,2026-01-11 03:30:08,SETTLEMENT,NEFT,Punjab National Bank,IN,0,NORMAL_BANKING_FLOW
TX_PNB_110206,PNB_ACC_20211,KOTAK_ACC_20249,67257.9,2026-01-11 03:31:00,TRANSFER,IMPS,Punjab National Bank,IN,0,NORMAL_BANKING_FLOW
TX_PNB_110207,PNB_ACC_20023,PNB_ACC_20052,95580.85,2026-01-10 17:11:30,SETTLEMENT,NEFT,Punjab National Bank,IN,0,NORMAL_BANKING_FLOW
TX_PNB_110208,PNB_ACC_20174,PNB_ACC_20086,3434.72,2026-01-10 23:04:12,SETTLEMENT,NEFT,Punjab National Bank,IN,0,NORMAL_BANKING_FLOW
TX_PNB_110209,PNB_ACC_20012,PNB_ACC_20099,18233.64,2026-01-10 21:24:00,SETTLEMENT,NEFT,Punjab National Bank,IN,0,NORMAL_BANKING_FLOW
TX_PNB_110210,PNB_ACC_20132,INDUS_ACC_20123,8454.35,2026-01-10 21:07:41,SETTLEMENT,NEFT,Punjab National Bank,IN,0,NORMAL_BANKING_FLOW
TX_PNB_110211,PNB_ACC_20154,PNB_ACC_20081,12809.36,2026-01-10 21:58:40,SETTLEMENT,NEFT,Punjab National Bank,IN,0,NORMAL_BANKING_FLOW
TX_PNB_110212,PNB_ACC_20002,PNB_ACC_20142,28078.74,2026-01-11 02:11:57,SETTLEMENT,NEFT,Punjab National Bank,IN,0,NORMAL_BANKING_FLOW
TX_PNB_110213,PNB_ACC_20036,PNB_ACC_20125,37661.07,2026-01-10 22:33:28,SETTLEMENT,NEFT,Punjab National Bank,IN,0,NORMAL_BANKING_FLOW
TX_PNB_110214,PNB_ACC_20182,PNB_ACC_20132,15941.18,2026-01-10 23:41:34,SETTLEMENT,NEFT,Punjab National Bank,IN,0,NORMAL_BANKING_FLOW
TX_PNB_110215,PNB_ACC_20068,PNB_ACC_20001,2198.05,2026-01-10 21:27:00,SETTLEMENT,NEFT,Punjab National Bank,IN,0,NORMAL_BANKING_FLOW
TX_PNB_110216,PNB_ACC_20065,INDUS_ACC_20222,6238.22,2026-01-10 17:30:40,SETTLEMENT,NEFT,Punjab National Bank,IN,0,NORMAL_BANKING_FLOW
TX_PNB_110217,PNB_ACC_20172,KOTAK_ACC_20099,48346.53,2026-01-10 23:43:28,SETTLEMENT,NEFT,Punjab National Bank,IN,0,NORMAL_BANKING_FLOW
TX_PNB_110218,PNB_ACC_20015,PNB_ACC_20028,884.95,2026-01-10 22:19:21,SETTLEMENT,NEFT,Punjab National Bank,IN,0,NORMAL_BANKING_FLOW
TX_PNB_110219,PNB_ACC_20005,PNB_ACC_20044,66580.69,2026-01-11 04:50:08,TRANSFER,IMPS,Punjab National Bank,IN,0,NORMAL_BANKING_FLOW
TX_PNB_110220,PNB_ACC_20089,PNB_ACC_20134,31995.58,2026-01-10 17:14:45,SETTLEMENT,NEFT,Punjab National Bank,IN,0,NORMAL_BANKING_FLOW
TX_PNB_110221,PNB_ACC_20001,PNB_ACC_20005,76710.49,2026-01-11 03:10:00,TRANSFER,IMPS,Punjab National Bank,IN,0,NORMAL_BANKING_FLOW
TX_PNB_110222,PNB_ACC_20124,SBI_ACC_20116,14495.22,2026-01-11 04:01:53,SETTLEMENT,NEFT,Punjab National Bank,IN,0,NORMAL_BANKING_FLOW
TX_PNB_110223,PNB_ACC_20190,PNB_ACC_20041,1867.68,2026-01-10 23:13:12,SETTLEMENT,NEFT,Punjab National Bank,IN,0,NORMAL_BANKING_FLOW
TX_PNB_110224,PNB_ACC_20118,PNB_ACC_20090,28952.13,2026-01-11 00:04:57,TRANSFER,IMPS,Punjab National Bank,IN,0,NORMAL_BANKING_FLOW
TX_PNB_110225,PNB_ACC_20024,ICICI_ACC_20169,73285.53,2026-01-10 17:33:04,SETTLEMENT,NEFT,Punjab National Bank,IN,0,NORMAL_BANKING_FLOW
TX_PNB_110226,PNB_ACC_20232,PNB_ACC_20243,49870.95,2026-01-10 19:50:00,SETTLEMENT,NEFT,Punjab National Bank,IN,0,NORMAL_BANKING_FLOW
TX_PNB_110227,PNB_ACC_20187,PNB_ACC_20110,8699.66,2026-01-10 22:24:18,TRANSFER,IMPS,Punjab National Bank,IN,0,NORMAL_BANKING_FLOW
TX_PNB_110228,PNB_ACC_20225,BOB_ACC_20212,19839.64,2026-01-10 23:33:19,SETTLEMENT,NEFT,Punjab National Bank,IN,0,NORMAL_BANKING_FLOW
TX_PNB_110229,PNB_ACC_20244,PNB_ACC_20036,10035.46,2026-01-11 04:42:20,SETTLEMENT,NEFT,Punjab National Bank,IN,0,NORMAL_BANKING_FLOW
TX_PNB_110230,PNB_ACC_20248,CANARA_ACC_20020,7323.23,2026-01-10 17:17:15,SETTLEMENT,NEFT,Punjab National Bank,IN,0,NORMAL_BANKING_FLOW
TX_PNB_110231,PNB_ACC_20098,INDUS_ACC_20058,51581.97,2026-01-10 17:34:40,TRANSFER,IMPS,Punjab National Bank,IN,0,NORMAL_BANKING_FLOW
TX_PNB_110232,PNB_ACC_20192,PNB_ACC_20064,4830.54,2026-01-10 22:27:03,SETTLEMENT,NEFT,Punjab National Bank,IN,0,NORMAL_BANKING_FLOW
TX_PNB_110233,PNB_ACC_20184,CANARA_ACC_20029,6746.65,2026-01-10 22:27:36,TRANSFER,IMPS,Punjab National Bank,IN,0,NORMAL_BANKING_FLOW
TX_PNB_110234,PNB_ACC_20239,PNB_ACC_20075,5353.85,2026-01-11 05:38:34,TRANSFER,IMPS,Punjab National Bank,IN,0,NORMAL_BANKING_FLOW
TX_PNB_110235,PNB_ACC_20221,PNB_ACC_20148,3500.73,2026-01-10 23:20:24,SETTLEMENT,NEFT,Punjab National Bank,IN,0,NORMAL_BANKING_FLOW
TX_PNB_110236,PNB_ACC_20245,PNB_ACC_20013,21185.15,2026-01-10 23:55:30,SETTLEMENT,NEFT,Punjab National Bank,IN,0,NORMAL_BANKING_FLOW
TX_PNB_110237,PNB_ACC_20158,YES_ACC_20184,64708.86,2026-01-10 18:10:48,SETTLEMENT,NEFT,Punjab National Bank,IN,0,NORMAL_BANKING_FLOW
TX_PNB_110238,PNB_ACC_20120,PNB_ACC_20080,14715.19,2026-01-11 03:58:44,SETTLEMENT,NEFT,Punjab National Bank,IN,0,NORMAL_BANKING_FLOW
TX_PNB_110239,PNB_ACC_20065,PNB_ACC_20115,3441.55,2026-01-11 01:06:36,TRANSFER,IMPS,Punjab National Bank,IN,0,NORMAL_BANKING_FLOW
TX_PNB_110240,PNB_ACC_20065,PNB_ACC_20162,45430.5,2026-01-11 06:01:41,SETTLEMENT,NEFT,Punjab National Bank,IN,0,NORMAL_BANKING_FLOW
TX_PNB_110241,PNB_ACC_20200,PNB_ACC_20144,115182.36,2026-01-10 18:46:40,SETTLEMENT,NEFT,Punjab National Bank,IN,0,NORMAL_BANKING_FLOW
TX_PNB_110242,PNB_ACC_20066,PNB_ACC_20166,8858.51,2026-01-11 02:52:48,TRANSFER,IMPS,Punjab National Bank,IN,0,NORMAL_BANKING_FLOW
TX_PNB_110243,PNB_ACC_20181,PNB_ACC_20076,10652.93,2026-01-11 02:53:36,SETTLEMENT,NEFT,Punjab National Bank,IN,0,NORMAL_BANKING_FLOW
TX_PNB_110244,PNB_ACC_20214,PNB_ACC_20001,31800.16,2026-01-11 01:27:29,SETTLEMENT,NEFT,Punjab National Bank,IN,0,NORMAL_BANKING_FLOW
TX_PNB_110245,PNB_ACC_20125,PNB_ACC_20109,107372.69,2026-01-11 01:28:12,SETTLEMENT,NEFT,Punjab National Bank,IN,0,NORMAL_BANKING_FLOW
TX_PNB_110246,PNB_ACC_20092,PNB_ACC_20082,10180.02,2026-01-10 17:21:15,SETTLEMENT,NEFT,Punjab National Bank,IN,0,NORMAL_BANKING_FLOW
TX_PNB_110247,PNB_ACC_20020,PNB_ACC_20191,4164.31,2026-01-10 20:50:42,SETTLEMENT,NEFT,Punjab National Bank,IN,0,NORMAL_BANKING_FLOW
TX_PNB_110248,PNB_ACC_20047,BOB_ACC_20007,36118.5,2026-01-10 18:49:00,SETTLEMENT,NEFT,Punjab National Bank,IN,0,NORMAL_BANKING_FLOW
TX_PNB_110249,PNB_ACC_20237,PNB_ACC_20094,43433.0,2026-01-11 03:50:48,SETTLEMENT,NEFT,Punjab National Bank,IN,0,NORMAL_BANKING_FLOW
TX_PNB_110250,PNB_ACC_20024,PNB_ACC_20115,18155.79,2026-01-10 22:19:28,SETTLEMENT,NEFT,Punjab National Bank,IN,0,NORMAL_BANKING_FLOW
TX_PNB_110251,PNB_ACC_20197,PNB_ACC_20141,9760.06,2026-01-11 04:45:00,SETTLEMENT,NEFT,Punjab National Bank,IN,0,NORMAL_BANKING_FLOW
TX_PNB_110252,PNB_ACC_20114,PNB_ACC_20052,53842.4,2026-01-10 20:17:55,SETTLEMENT,NEFT,Punjab National Bank,IN,0,NORMAL_BANKING_FLOW
TX_PNB_110253,PNB_ACC_20156,HDFC_ACC_20006,32236.02,2026-01-10 21:10:56,TRANSFER,IMPS,Punjab National Bank,IN,0,NORMAL_BANKING_FLOW
TX_PNB_110254,PNB_ACC_20149,PNB_ACC_20170,7744.37,2026-01-11 03:19:57,SETTLEMENT,NEFT,Punjab National Bank,IN,0,NORMAL_BANKING_FLOW
TX_PNB_110255,PNB_ACC_20027,PNB_ACC_20015,19034.42,2026-01-10 23:49:58,SETTLEMENT,NEFT,Punjab National Bank,IN,0,NORMAL_BANKING_FLOW
TX_PNB_110256,PNB_ACC_20071,CANARA_ACC_20096,4077.02,2026-01-11 00:25:45,SETTLEMENT,NEFT,Punjab National Bank,IN,0,NORMAL_BANKING_FLOW
TX_PNB_110257,PNB_ACC_20209,PNB_ACC_20043,38348.84,2026-01-10 22:05:36,SETTLEMENT,NEFT,Punjab National Bank,IN,0,NORMAL_BANKING_FLOW
TX_PNB_110258,PNB_ACC_20142,PNB_ACC_20090,13514.83,2026-01-10 23:34:12,TRANSFER,IMPS,Punjab National Bank,IN,0,NORMAL_BANKING_FLOW
TX_PNB_110259,PNB_ACC_20019,PNB_ACC_20227,11167.0,2026-01-10 18:17:24,TRANSFER,IMPS,Punjab National Bank,IN,0,NORMAL_BANKING_FLOW
TX_PNB_110260,PNB_ACC_20212,ICICI_ACC_20091,17393.26,2026-01-10 23:00:06,SETTLEMENT,NEFT,Punjab National Bank,IN,0,NORMAL_BANKING_FLOW
TX_PNB_110261,PNB_ACC_20225,PNB_ACC_20227,18851.32,2026-01-11 01:57:20,TRANSFER,IMPS,Punjab National Bank,IN,0,NORMAL_BANKING_FLOW
TX_PNB_110262,PNB_ACC_20030,PNB_ACC_20134,48263.12,2026-01-10 20:22:05,SETTLEMENT,NEFT,Punjab National Bank,IN,0,NORMAL_BANKING_FLOW
TX_PNB_110263,PNB_ACC_20195,KOTAK_ACC_20061,34551.27,2026-01-10 23:54:54,SETTLEMENT,NEFT,Punjab National Bank,IN,0,NORMAL_BANKING_FLOW
TX_PNB_110264,PNB_ACC_20039,PNB_ACC_20086,15183.28,2026-01-11 03:10:24,SETTLEMENT,NEFT,Punjab National Bank,IN,0,NORMAL_BANKING_FLOW
TX_PNB_110265,PNB_ACC_20047,BOB_ACC_20194,41774.23,2026-01-10 20:05:36,SETTLEMENT,NEFT,Punjab National Bank,IN,0,NORMAL_BANKING_FLOW
TX_PNB_110266,PNB_ACC_20144,PNB_ACC_20196,28023.84,2026-01-11 01:07:45,SETTLEMENT,NEFT,Punjab National Bank,IN,0,NORMAL_BANKING_FLOW
TX_PNB_110267,PNB_ACC_20144,BOB_ACC_20009,11279.48,2026-01-10 19:30:52,TRANSFER,IMPS,Punjab National Bank,IN,0,NORMAL_BANKING_FLOW
TX_PNB_110268,PNB_ACC_20219,PNB_ACC_20154,15721.9,2026-01-10 23:57:59,SETTLEMENT,NEFT,Punjab National Bank,IN,0,NORMAL_BANKING_FLOW
TX_PNB_110269,PNB_ACC_20086,PNB_ACC_20249,15320.62,2026-01-10 18:02:36,TRANSFER,IMPS,Punjab National Bank,IN,0,NORMAL_BANKING_FLOW
TX_PNB_110270,PNB_ACC_20227,PNB_ACC_20171,31438.47,2026-01-11 01:28:18,SETTLEMENT,NEFT,Punjab National Bank,IN,0,NORMAL_BANKING_FLOW
TX_PNB_110271,PNB_ACC_20013,PNB_ACC_20231,12043.44,2026-01-11 03:33:50,SETTLEMENT,NEFT,Punjab National Bank,IN,0,NORMAL_BANKING_FLOW
TX_PNB_110272,PNB_ACC_20026,CANARA_ACC_20118,11737.57,2026-01-11 03:16:48,SETTLEMENT,NEFT,Punjab National Bank,IN,0,NORMAL_BANKING_FLOW
TX_PNB_110273,PNB_ACC_20178,PNB_ACC_20016,157256.43,2026-01-11 00:54:40,SETTLEMENT,NEFT,Punjab National Bank,IN,0,NORMAL_BANKING_FLOW
TX_PNB_110274,PNB_ACC_20031,INDUS_ACC_20003,50701.41,2026-01-11 04:29:56,TRANSFER,IMPS,Punjab National Bank,IN,0,NORMAL_BANKING_FLOW
TX_PNB_110275,PNB_ACC_20148,PNB_ACC_20155,7811.4,2026-01-11 02:43:24,TRANSFER,IMPS,Punjab National Bank,IN,0,NORMAL_BANKING_FLOW
TX_PNB_110276,PNB_ACC_20075,KOTAK_ACC_20089,33793.88,2026-01-11 00:02:55,TRANSFER,IMPS,Punjab National Bank,IN,0,NORMAL_BANKING_FLOW
TX_PNB_110277,PNB_ACC_20217,PNB_ACC_20242,20541.14,2026-01-11 06:56:00,SETTLEMENT,NEFT,Punjab National Bank,IN,0,NORMAL_BANKING_FLOW
TX_PNB_110278,PNB_ACC_20063,PNB_ACC_20205,27742.1,2026-01-10 19:34:54,TRANSFER,IMPS,Punjab National Bank,IN,0,NORMAL_BANKING_FLOW
TX_PNB_110279,PNB_ACC_20141,PNB_ACC_20062,20974.77,2026-01-11 01:34:36,SETTLEMENT,NEFT,Punjab National Bank,IN,0,NORMAL_BANKING_FLOW
TX_PNB_110280,PNB_ACC_20236,PNB_ACC_20190,66743.15,2026-01-10 19:35:38,TRANSFER,IMPS,Punjab National Bank,IN,0,NORMAL_BANKING_FLOW
TX_PNB_110281,PNB_ACC_20108,PNB_ACC_20154,26375.28,2026-01-11 00:24:00,SETTLEMENT,NEFT,Punjab National Bank,IN,0,NORMAL_BANKING_FLOW
TX_PNB_110282,PNB_ACC_20144,PNB_ACC_20189,16843.2,2026-01-11 02:12:44,SETTLEMENT,NEFT,Punjab National Bank,IN,0,NORMAL_BANKING_FLOW
TX_PNB_110283,PNB_ACC_20183,PNB_ACC_20042,56749.93,2026-01-11 01:19:22,SETTLEMENT,NEFT,Punjab National Bank,IN,0,NORMAL_BANKING_FLOW
TX_PNB_110284,PNB_ACC_20125,AXIS_ACC_20173,23309.44,2026-01-10 22:19:33,TRANSFER,IMPS,Punjab National Bank,IN,0,NORMAL_BANKING_FLOW
TX_PNB_110285,PNB_ACC_20146,PNB_ACC_20010,20611.95,2026-01-11 05:33:40,SETTLEMENT,NEFT,Punjab National Bank,IN,0,NORMAL_BANKING_FLOW
TX_PNB_110286,PNB_ACC_20195,PNB_ACC_20207,25474.29,2026-01-10 23:32:55,SETTLEMENT,NEFT,Punjab National Bank,IN,0,NORMAL_BANKING_FLOW
TX_PNB_110287,PNB_ACC_20067,PNB_ACC_20059,16269.22,2026-01-10 19:20:06,TRANSFER,IMPS,Punjab National Bank,IN,0,NORMAL_BANKING_FLOW
TX_PNB_110288,PNB_ACC_20228,PNB_ACC_20132,18217.71,2026-01-10 23:15:58,SETTLEMENT,NEFT,Punjab National Bank,IN,0,NORMAL_BANKING_FLOW
TX_PNB_110289,PNB_ACC_20038,BOB_ACC_20113,9458.19,2026-01-11 05:55:28,TRANSFER,IMPS,Punjab National Bank,IN,0,NORMAL_BANKING_FLOW
TX_PNB_110290,PNB_ACC_20140,PNB_ACC_20163,7892.88,2026-01-11 00:47:51,TRANSFER,IMPS,Punjab National Bank,IN,0,NORMAL_BANKING_FLOW
TX_PNB_110291,PNB_ACC_20090,HDFC_ACC_20149,6012.36,2026-01-11 01:43:00,SETTLEMENT,NEFT,Punjab National Bank,IN,0,NORMAL_BANKING_FLOW
TX_PNB_110292,PNB_ACC_20001,PNB_ACC_20069,3900.34,2026-01-10 19:21:51,SETTLEMENT,NEFT,Punjab National Bank,IN,0,NORMAL_BANKING_FLOW
TX_PNB_110293,PNB_ACC_20109,CANARA_ACC_20064,6852.1,2026-01-10 20:53:12,TRANSFER,IMPS,Punjab National Bank,IN,0,NORMAL_BANKING_FLOW
TX_PNB_110294,PNB_ACC_20063,PNB_ACC_20017,14887.93,2026-01-11 06:18:21,SETTLEMENT,NEFT,Punjab National Bank,IN,0,NORMAL_BANKING_FLOW
TX_PNB_110295,PNB_ACC_20134,AXIS_ACC_20073,20199.83,2026-01-10 21:30:32,TRANSFER,IMPS,Punjab National Bank,IN,0,NORMAL_BANKING_FLOW
TX_PNB_110296,PNB_ACC_20220,PNB_ACC_20183,13380.77,2026-01-10 18:46:45,SETTLEMENT,NEFT,Punjab National Bank,IN,0,NORMAL_BANKING_FLOW
TX_PNB_110297,PNB_ACC_20191,PNB_ACC_20105,1351.17,2026-01-10 19:41:52,TRANSFER,IMPS,Punjab National Bank,IN,0,NORMAL_BANKING_FLOW
TX_PNB_110298,PNB_ACC_20189,CANARA_ACC_20097,101930.35,2026-01-10 19:42:14,SETTLEMENT,NEFT,Punjab National Bank,IN,0,NORMAL_BANKING_FLOW
TX_PNB_110299,PNB_ACC_20052,PNB_ACC_20138,59583.15,2026-01-10 20:37:30,SETTLEMENT,NEFT,Punjab National Bank,IN,0,NORMAL_BANKING_FLOW
TX_PNB_110300,PNB_ACC_20192,PNB_ACC_20088,29446.66,2026-01-11 02:44:15,TRANSFER,IMPS,Punjab National Bank,IN,0,NORMAL_BANKING_FLOW
TX_PNB_110301,PNB_ACC_20211,INDUS_ACC_20203,147007.63,2026-01-10 23:23:20,SETTLEMENT,NEFT,Punjab National Bank,IN,0,NORMAL_BANKING_FLOW
TX_PNB_110302,PNB_ACC_20115,AXIS_ACC_20016,6154.26,2026-01-11 01:32:21,TRANSFER,IMPS,Punjab National Bank,IN,0,NORMAL_BANKING_FLOW
TX_PNB_110303,PNB_ACC_20101,PNB_ACC_20083,143830.04,2026-01-11 06:08:32,SETTLEMENT,NEFT,Punjab National Bank,IN,0,NORMAL_BANKING_FLOW
TX_PNB_110304,PNB_ACC_20103,PNB_ACC_20164,6237.06,2026-01-11 04:55:56,SETTLEMENT,NEFT,Punjab National Bank,IN,0,NORMAL_BANKING_FLOW
TX_PNB_110305,PNB_ACC_20222,PNB_ACC_20228,23449.67,2026-01-10 17:54:24,SETTLEMENT,NEFT,Punjab National Bank,IN,0,NORMAL_BANKING_FLOW
TX_PNB_110306,PNB_ACC_20140,PNB_ACC_20031,4441.64,2026-01-11 05:16:05,SETTLEMENT,NEFT,Punjab National Bank,IN,0,NORMAL_BANKING_FLOW
TX_PNB_110307,PNB_ACC_20093,PNB_ACC_20189,18327.6,2026-01-10 23:26:44,SETTLEMENT,NEFT,Punjab National Bank,IN,0,NORMAL_BANKING_FLOW
TX_PNB_110308,PNB_ACC_20230,PNB_ACC_20132,27578.26,2026-01-10 19:27:27,SETTLEMENT,NEFT,Punjab National Bank,IN,0,NORMAL_BANKING_FLOW
TX_PNB_110309,PNB_ACC_20227,PNB_ACC_20242,15212.01,2026-01-11 03:46:24,TRANSFER,IMPS,Punjab National Bank,IN,0,NORMAL_BANKING_FLOW
TX_PNB_110310,PNB_ACC_20130,PNB_ACC_20009,39547.79,2026-01-10 22:32:59,TRANSFER,IMPS,Punjab National Bank,IN,0,NORMAL_BANKING_FLOW
TX_PNB_110311,PNB_ACC_20072,ICICI_ACC_20142,20108.86,2026-01-11 06:34:30,SETTLEMENT,NEFT,Punjab National Bank,IN,0,NORMAL_BANKING_FLOW
TX_PNB_110312,PNB_ACC_20110,PNB_ACC_20052,10151.17,2026-01-11 03:48:48,TRANSFER,IMPS,Punjab National Bank,IN,0,NORMAL_BANKING_FLOW
TX_PNB_110313,PNB_ACC_20008,BOB_ACC_20117,9667.31,2026-01-10 22:34:32,SETTLEMENT,NEFT,Punjab National Bank,IN,0,NORMAL_BANKING_FLOW
TX_PNB_110314,PNB_ACC_20111,HDFC_ACC_20067,44002.65,2026-01-10 21:39:24,TRANSFER,IMPS,Punjab National Bank,IN,0,NORMAL_BANKING_FLOW
TX_PNB_110315,PNB_ACC_20023,PNB_ACC_20049,8785.73,2026-01-11 04:46:54,SETTLEMENT,NEFT,Punjab National Bank,IN,0,NORMAL_BANKING_FLOW
TX_PNB_110316,PNB_ACC_20195,PNB_ACC_20188,49362.35,2026-01-11 02:19:05,TRANSFER,IMPS,Punjab National Bank,IN,0,NORMAL_BANKING_FLOW
TX_PNB_110317,PNB_ACC_20001,PNB_ACC_20002,69215.7,2026-01-10 21:22:12,SETTLEMENT,NEFT,Punjab National Bank,IN,0,NORMAL_BANKING_FLOW
TX_PNB_110318,PNB_ACC_20198,BOB_ACC_20201,2876.75,2026-01-11 06:22:32,SETTLEMENT,NEFT,Punjab National Bank,IN,0,NORMAL_BANKING_FLOW
TX_PNB_110319,PNB_ACC_20028,PNB_ACC_20103,62706.41,2026-01-10 22:00:22,SETTLEMENT,NEFT,Punjab National Bank,IN,0,NORMAL_BANKING_FLOW
TX_PNB_110320,PNB_ACC_20065,PNB_ACC_20186,173939.87,2026-01-10 23:15:27,SETTLEMENT,NEFT,Punjab National Bank,IN,0,NORMAL_BANKING_FLOW
TX_PNB_110321,PNB_ACC_20176,BOB_ACC_20207,23794.37,2026-01-11 03:00:00,SETTLEMENT,NEFT,Punjab National Bank,IN,0,NORMAL_BANKING_FLOW
TX_PNB_110322,PNB_ACC_20059,CANARA_ACC_20166,34856.42,2026-01-10 19:32:21,SETTLEMENT,NEFT,Punjab National Bank,IN,0,NORMAL_BANKING_FLOW
TX_PNB_110323,PNB_ACC_20041,PNB_ACC_20208,56427.16,2026-01-10 20:10:06,TRANSFER,IMPS,Punjab National Bank,IN,0,NORMAL_BANKING_FLOW
TX_PNB_110324,PNB_ACC_20026,PNB_ACC_20094,13319.3,2026-01-11 07:24:17,TRANSFER,IMPS,Punjab National Bank,IN,0,NORMAL_BANKING_FLOW
TX_PNB_110325,PNB_ACC_20168,PNB_ACC_20093,22037.66,2026-01-11 00:33:08,TRANSFER,IMPS,Punjab National Bank,IN,0,NORMAL_BANKING_FLOW
TX_PNB_110326,PNB_ACC_20063,PNB_ACC_20044,4248.75,2026-01-11 07:26:15,SETTLEMENT,NEFT,Punjab National Bank,IN,0,NORMAL_BANKING_FLOW
TX_PNB_110327,PNB_ACC_20124,PNB_ACC_20013,21004.64,2026-01-10 19:15:20,SETTLEMENT,NEFT,Punjab National Bank,IN,0,NORMAL_BANKING_FLOW
TX_PNB_110328,PNB_ACC_20128,PNB_ACC_20234,31192.2,2026-01-11 06:31:52,SETTLEMENT,NEFT,Punjab National Bank,IN,0,NORMAL_BANKING_FLOW
TX_PNB_110329,PNB_ACC_20116,PNB_ACC_20039,31817.74,2026-01-11 03:06:00,TRANSFER,IMPS,Punjab National Bank,IN,0,NORMAL_BANKING_FLOW
TX_PNB_110330,PNB_ACC_20153,CANARA_ACC_20040,58219.01,2026-01-11 03:44:23,SETTLEMENT,NEFT,Punjab National Bank,IN,0,NORMAL_BANKING_FLOW
TX_PNB_110331,PNB_ACC_20175,PNB_ACC_20130,7690.32,2026-01-11 01:52:10,TRANSFER,IMPS,Punjab National Bank,IN,0,NORMAL_BANKING_FLOW
TX_PNB_110332,PNB_ACC_20177,PNB_ACC_20150,10037.99,2026-01-10 18:58:09,SETTLEMENT,NEFT,Punjab National Bank,IN,0,NORMAL_BANKING_FLOW
TX_PNB_110333,PNB_ACC_20137,PNB_ACC_20135,145082.54,2026-01-10 19:17:20,SETTLEMENT,NEFT,Punjab National Bank,IN,0,NORMAL_BANKING_FLOW
TX_PNB_110334,PNB_ACC_20113,PNB_ACC_20056,15285.18,2026-01-11 03:47:31,SETTLEMENT,NEFT,Punjab National Bank,IN,0,NORMAL_BANKING_FLOW
TX_PNB_110335,PNB_ACC_20084,AXIS_ACC_20241,22472.27,2026-01-11 05:41:42,SETTLEMENT,NEFT,Punjab National Bank,IN,0,NORMAL_BANKING_FLOW
TX_PNB_110336,PNB_ACC_20228,PNB_ACC_20246,16752.27,2026-01-10 18:40:30,TRANSFER,IMPS,Punjab National Bank,IN,0,NORMAL_BANKING_FLOW
TX_PNB_110337,PNB_ACC_20165,HDFC_ACC_20070,7303.81,2026-01-10 21:12:16,TRANSFER,IMPS,Punjab National Bank,IN,0,NORMAL_BANKING_FLOW
TX_PNB_110338,PNB_ACC_20063,PNB_ACC_20062,107568.39,2026-01-11 02:15:54,SETTLEMENT,NEFT,Punjab National Bank,IN,0,NORMAL_BANKING_FLOW
TX_PNB_110339,PNB_ACC_20186,PNB_ACC_20243,10092.3,2026-01-11 01:57:38,SETTLEMENT,NEFT,Punjab National Bank,IN,0,NORMAL_BANKING_FLOW
TX_PNB_110340,PNB_ACC_20042,PNB_ACC_20209,5218.61,2026-01-10 21:13:34,SETTLEMENT,NEFT,Punjab National Bank,IN,0,NORMAL_BANKING_FLOW
TX_PNB_110341,PNB_ACC_20220,PNB_ACC_20087,10983.9,2026-01-11 03:53:00,SETTLEMENT,NEFT,Punjab National Bank,IN,0,NORMAL_BANKING_FLOW
TX_PNB_110342,PNB_ACC_20172,ICICI_ACC_20059,1994.45,2026-01-11 02:18:42,TRANSFER,IMPS,Punjab National Bank,IN,0,NORMAL_BANKING_FLOW
TX_PNB_110343,PNB_ACC_20099,PNB_ACC_20007,8809.48,2026-01-10 18:42:36,TRANSFER,IMPS,Punjab National Bank,IN,0,NORMAL_BANKING_FLOW
TX_PNB_110344,PNB_ACC_20071,PNB_ACC_20009,6217.1,2026-01-10 19:01:57,SETTLEMENT,NEFT,Punjab National Bank,IN,0,NORMAL_BANKING_FLOW
TX_PNB_110345,PNB_ACC_20019,BOB_ACC_20227,35566.93,2026-01-10 19:21:20,SETTLEMENT,NEFT,Punjab National Bank,IN,0,NORMAL_BANKING_FLOW
TX_PNB_110346,PNB_ACC_20112,PNB_ACC_20228,8597.65,2026-01-10 17:46:15,SETTLEMENT,NEFT,Punjab National Bank,IN,0,NORMAL_BANKING_FLOW
TX_PNB_110347,PNB_ACC_20143,PNB_ACC_20107,47886.28,2026-01-10 20:57:30,SETTLEMENT,NEFT,Punjab National Bank,IN,0,NORMAL_BANKING_FLOW
TX_PNB_110348,PNB_ACC_20114,PNB_ACC_20084,83979.87,2026-01-10 20:19:41,SETTLEMENT,NEFT,Punjab National Bank,IN,0,NORMAL_BANKING_FLOW
TX_PNB_110349,PNB_ACC_20208,PNB_ACC_20165,42586.51,2026-01-11 01:45:20,SETTLEMENT,NEFT,Punjab National Bank,IN,0,NORMAL_BANKING_FLOW
TX_PNB_110350,PNB_ACC_20017,PNB_ACC_20057,14229.5,2026-01-11 04:57:30,SETTLEMENT,NEFT,Punjab National Bank,IN,0,NORMAL_BANKING_FLOW
TX_PNB_110351,PNB_ACC_20117,SBI_ACC_20180,21062.0,2026-01-10 20:20:50,TRANSFER,IMPS,Punjab National Bank,IN,0,NORMAL_BANKING_FLOW
TX_PNB_110352,PNB_ACC_20048,PNB_ACC_20167,3369.49,2026-01-11 02:06:31,TRANSFER,IMPS,Punjab National Bank,IN,0,NORMAL_BANKING_FLOW
TX_PNB_110353,PNB_ACC_20016,YES_ACC_20142,15565.97,2026-01-11 07:33:36,SETTLEMENT,NEFT,Punjab National Bank,IN,0,NORMAL_BANKING_FLOW
TX_PNB_110354,PNB_ACC_20012,PNB_ACC_20198,6998.97,2026-01-11 05:20:03,TRANSFER,IMPS,Punjab National Bank,IN,0,NORMAL_BANKING_FLOW
TX_PNB_110355,PNB_ACC_20178,PNB_ACC_20140,38706.35,2026-01-11 03:25:30,SETTLEMENT,NEFT,Punjab National Bank,IN,0,NORMAL_BANKING_FLOW
TX_PNB_110356,PNB_ACC_20245,YES_ACC_20238,305598.56,2026-01-10 22:56:45,SETTLEMENT,NEFT,Punjab National Bank,IN,0,NORMAL_BANKING_FLOW
TX_PNB_110357,PNB_ACC_20063,PNB_ACC_20214,31250.91,2026-01-11 08:16:00,SETTLEMENT,NEFT,Punjab National Bank,IN,0,NORMAL_BANKING_FLOW
TX_PNB_110358,PNB_ACC_20021,BOB_ACC_20069,2017.77,2026-01-11 01:12:46,SETTLEMENT,NEFT,Punjab National Bank,IN,0,NORMAL_BANKING_FLOW
TX_PNB_110359,PNB_ACC_20123,PNB_ACC_20183,12120.42,2026-01-11 00:54:06,SETTLEMENT,NEFT,Punjab National Bank,IN,0,NORMAL_BANKING_FLOW
TX_PNB_110360,PNB_ACC_20092,PNB_ACC_20177,20634.92,2026-01-11 03:48:34,TRANSFER,IMPS,Punjab National Bank,IN,0,NORMAL_BANKING_FLOW
TX_PNB_110361,PNB_ACC_20086,PNB_ACC_20106,19852.66,2026-01-11 06:24:00,SETTLEMENT,NEFT,Punjab National Bank,IN,0,NORMAL_BANKING_FLOW
TX_PNB_110362,PNB_ACC_20174,BOB_ACC_20233,8071.59,2026-01-10 19:07:39,SETTLEMENT,NEFT,Punjab National Bank,IN,0,NORMAL_BANKING_FLOW
TX_PNB_110363,PNB_ACC_20074,PNB_ACC_20225,23619.33,2026-01-11 08:02:38,SETTLEMENT,NEFT,Punjab National Bank,IN,0,NORMAL_BANKING_FLOW
TX_PNB_110364,PNB_ACC_20048,YES_ACC_20009,4597.41,2026-01-11 05:28:33,TRANSFER,IMPS,Punjab National Bank,IN,0,NORMAL_BANKING_FLOW
TX_PNB_110365,PNB_ACC_20068,PNB_ACC_20046,6377.94,2026-01-10 23:40:12,SETTLEMENT,NEFT,Punjab National Bank,IN,0,NORMAL_BANKING_FLOW
TX_PNB_110366,PNB_ACC_20099,PNB_ACC_20015,36694.33,2026-01-11 00:58:25,TRANSFER,IMPS,Punjab National Bank,IN,0,NORMAL_BANKING_FLOW
TX_PNB_110367,PNB_ACC_20122,ICICI_ACC_20158,5900.37,2026-01-10 20:46:24,SETTLEMENT,NEFT,Punjab National Bank,IN,0,NORMAL_BANKING_FLOW
TX_PNB_110368,PNB_ACC_20150,PNB_ACC_20234,32598.87,2026-01-11 00:40:12,TRANSFER,IMPS,Punjab National Bank,IN,0,NORMAL_BANKING_FLOW
TX_PNB_110369,PNB_ACC_20194,PNB_ACC_20000,3998.16,2026-01-10 19:09:52,TRANSFER,IMPS,Punjab National Bank,IN,0,NORMAL_BANKING_FLOW
TX_PNB_110370,PNB_ACC_20105,PNB_ACC_20041,125656.65,2026-01-10 22:25:01,SETTLEMENT,NEFT,Punjab National Bank,IN,0,NORMAL_BANKING_FLOW
TX_PNB_110371,PNB_ACC_20057,BOB_ACC_20209,7694.82,2026-01-11 05:54:00,SETTLEMENT,NEFT,Punjab National Bank,IN,0,NORMAL_BANKING_FLOW
TX_PNB_110372,PNB_ACC_20125,PNB_ACC_20161,14100.52,2026-01-10 18:12:16,SETTLEMENT,NEFT,Punjab National Bank,IN,0,NORMAL_BANKING_FLOW
TX_PNB_110373,PNB_ACC_20228,SBI_ACC_20131,25943.45,2026-01-10 21:08:20,SETTLEMENT,NEFT,Punjab National Bank,IN,0,NORMAL_BANKING_FLOW
TX_PNB_110374,PNB_ACC_20219,PNB_ACC_20134,9682.88,2026-01-11 01:42:27,SETTLEMENT,NEFT,Punjab National Bank,IN,0,NORMAL_BANKING_FLOW
TX_PNB_110375,PNB_ACC_20026,PNB_ACC_20152,21115.16,2026-01-11 02:22:14,TRANSFER,IMPS,Punjab National Bank,IN,0,NORMAL_BANKING_FLOW
TX_PNB_110376,PNB_ACC_20000,BOB_ACC_20052,33958.43,2026-01-11 03:21:40,TRANSFER,IMPS,Punjab National Bank,IN,0,NORMAL_BANKING_FLOW
TX_PNB_110377,PNB_ACC_20173,PNB_ACC_20032,51879.27,2026-01-11 06:38:24,TRANSFER,IMPS,Punjab National Bank,IN,0,NORMAL_BANKING_FLOW
TX_PNB_110378,PNB_ACC_20042,PNB_ACC_20204,43072.81,2026-01-11 06:39:18,SETTLEMENT,NEFT,Punjab National Bank,IN,0,NORMAL_BANKING_FLOW
TX_PNB_110379,PNB_ACC_20046,PNB_ACC_20010,14928.22,2026-01-11 01:26:04,SETTLEMENT,NEFT,Punjab National Bank,IN,0,NORMAL_BANKING_FLOW
TX_PNB_110380,PNB_ACC_20103,PNB_ACC_20093,15347.46,2026-01-10 19:13:21,TRANSFER,IMPS,Punjab National Bank,IN,0,NORMAL_BANKING_FLOW
TX_PNB_110381,PNB_ACC_20077,PNB_ACC_20054,238952.34,2026-01-11 01:27:20,SETTLEMENT,NEFT,Punjab National Bank,IN,0,NORMAL_BANKING_FLOW
TX_PNB_110382,PNB_ACC_20018,CANARA_ACC_20171,51270.87,2026-01-11 07:02:35,SETTLEMENT,NEFT,Punjab National Bank,IN,0,NORMAL_BANKING_FLOW
TX_PNB_110383,PNB_ACC_20100,PNB_ACC_20228,6541.97,2026-01-10 17:55:30,TRANSFER,IMPS,Punjab National Bank,IN,0,NORMAL_BANKING_FLOW
TX_PNB_110384,PNB_ACC_20122,PNB_ACC_20184,20130.41,2026-01-11 00:49:48,TRANSFER,IMPS,Punjab National Bank,IN,0,NORMAL_BANKING_FLOW
TX_PNB_110385,PNB_ACC_20214,PNB_ACC_20013,12473.26,2026-01-11 07:05:20,TRANSFER,IMPS,Punjab National Bank,IN,0,NORMAL_BANKING_FLOW
TX_PNB_110386,PNB_ACC_20199,PNB_ACC_20110,15539.37,2026-01-11 05:47:15,SETTLEMENT,NEFT,Punjab National Bank,IN,0,NORMAL_BANKING_FLOW
TX_PNB_110387,PNB_ACC_20104,HDFC_ACC_20168,4663.66,2026-01-11 01:50:54,TRANSFER,IMPS,Punjab National Bank,IN,0,NORMAL_BANKING_FLOW
TX_PNB_110388,PNB_ACC_20020,PNB_ACC_20104,11463.05,2026-01-11 00:52:12,SETTLEMENT,NEFT,Punjab National Bank,IN,0,NORMAL_BANKING_FLOW
TX_PNB_110389,PNB_ACC_20042,PNB_ACC_20178,132284.65,2026-01-10 18:16:48,TRANSFER,IMPS,Punjab National Bank,IN,0,NORMAL_BANKING_FLOW
TX_PNB_110390,PNB_ACC_20118,HDFC_ACC_20130,34097.66,2026-01-11 01:33:02,SETTLEMENT,NEFT,Punjab National Bank,IN,0,NORMAL_BANKING_FLOW
TX_PNB_110391,PNB_ACC_20058,YES_ACC_20221,1164.12,2026-01-10 19:36:40,SETTLEMENT,NEFT,Punjab National Bank,IN,0,NORMAL_BANKING_FLOW
TX_PNB_110392,PNB_ACC_20084,PNB_ACC_20217,68761.26,2026-01-11 06:51:54,TRANSFER,IMPS,Punjab National Bank,IN,0,NORMAL_BANKING_FLOW
TX_PNB_110393,PNB_ACC_20201,PNB_ACC_20142,59789.93,2026-01-11 01:34:56,SETTLEMENT,NEFT,Punjab National Bank,IN,0,NORMAL_BANKING_FLOW
TX_PNB_110394,PNB_ACC_20046,PNB_ACC_20096,12146.38,2026-01-10 21:56:51,SETTLEMENT,NEFT,Punjab National Bank,IN,0,NORMAL_BANKING_FLOW
TX_PNB_110395,PNB_ACC_20134,PNB_ACC_20209,39695.37,2026-01-10 21:57:18,SETTLEMENT,NEFT,Punjab National Bank,IN,0,NORMAL_BANKING_FLOW
TX_PNB_110396,PNB_ACC_20180,PNB_ACC_20111,7006.97,2026-01-11 07:15:25,SETTLEMENT,NEFT,Punjab National Bank,IN,0,NORMAL_BANKING_FLOW
TX_PNB_110397,PNB_ACC_20185,PNB_ACC_20180,10750.62,2026-01-11 06:16:32,SETTLEMENT,NEFT,Punjab National Bank,IN,0,NORMAL_BANKING_FLOW
TX_PNB_110398,PNB_ACC_20119,BOB_ACC_20142,93751.32,2026-01-11 08:17:06,SETTLEMENT,NEFT,Punjab National Bank,IN,0,NORMAL_BANKING_FLOW
TX_PNB_110399,PNB_ACC_20074,PNB_ACC_20049,13374.39,2026-01-10 18:39:26,SETTLEMENT,NEFT,Punjab National Bank,IN,0,NORMAL_BANKING_FLOW
TX_PNB_110400,PNB_ACC_20240,PNB_ACC_20113,2306.06,2026-01-11 02:39:19,TRANSFER,IMPS,Punjab National Bank,IN,0,NORMAL_BANKING_FLOW
TX_PNB_110401,PNB_ACC_20035,YES_ACC_20030,16820.72,2026-01-10 23:20:00,SETTLEMENT,NEFT,Punjab National Bank,IN,0,NORMAL_BANKING_FLOW
TX_PNB_110402,PNB_ACC_20221,PNB_ACC_20014,16540.26,2026-01-11 06:00:51,TRANSFER,IMPS,Punjab National Bank,IN,0,NORMAL_BANKING_FLOW
TX_PNB_110403,PNB_ACC_20190,AXIS_ACC_20225,67386.87,2026-01-10 21:20:50,SETTLEMENT,NEFT,Punjab National Bank,IN,0,NORMAL_BANKING_FLOW
TX_PNB_110404,PNB_ACC_20176,PNB_ACC_20055,18320.39,2026-01-10 18:20:48,SETTLEMENT,NEFT,Punjab National Bank,IN,0,NORMAL_BANKING_FLOW
TX_PNB_110405,PNB_ACC_20021,KOTAK_ACC_20217,11341.9,2026-01-10 19:21:16,SETTLEMENT,NEFT,Punjab National Bank,IN,0,NORMAL_BANKING_FLOW
TX_PNB_110406,PNB_ACC_20212,PNB_ACC_20156,56929.09,2026-01-11 09:05:00,SETTLEMENT,NEFT,Punjab National Bank,IN,0,NORMAL_BANKING_FLOW
TX_PNB_110407,PNB_ACC_20010,PNB_ACC_20088,20596.35,2026-01-11 06:45:18,SETTLEMENT,NEFT,Punjab National Bank,IN,0,NORMAL_BANKING_FLOW
TX_PNB_110408,PNB_ACC_20218,BOB_ACC_20124,7902.82,2026-01-11 02:24:40,SETTLEMENT,NEFT,Punjab National Bank,IN,0,NORMAL_BANKING_FLOW
TX_PNB_110409,PNB_ACC_20014,PNB_ACC_20054,64247.45,2026-01-10 20:43:04,TRANSFER,IMPS,Punjab National Bank,IN,0,NORMAL_BANKING_FLOW
TX_PNB_110410,PNB_ACC_20221,PNB_ACC_20050,22315.3,2026-01-11 02:46:09,SETTLEMENT,NEFT,Punjab National Bank,IN,0,NORMAL_BANKING_FLOW
TX_PNB_110411,PNB_ACC_20165,PNB_ACC_20027,18091.88,2026-01-11 03:27:10,SETTLEMENT,NEFT,Punjab National Bank,IN,0,NORMAL_BANKING_FLOW
TX_PNB_110412,PNB_ACC_20060,PNB_ACC_20117,21931.94,2026-01-10 19:03:18,SETTLEMENT,NEFT,Punjab National Bank,IN,0,NORMAL_BANKING_FLOW
TX_PNB_110413,PNB_ACC_20124,PNB_ACC_20206,5553.95,2026-01-11 04:09:00,TRANSFER,IMPS,Punjab National Bank,IN,0,NORMAL_BANKING_FLOW
TX_PNB_110414,PNB_ACC_20164,PNB_ACC_20032,10092.83,2026-01-11 06:31:16,SETTLEMENT,NEFT,Punjab National Bank,IN,0,NORMAL_BANKING_FLOW
TX_PNB_110415,PNB_ACC_20153,PNB_ACC_20055,18104.95,2026-01-10 20:45:22,SETTLEMENT,NEFT,Punjab National Bank,IN,0,NORMAL_BANKING_FLOW
TX_PNB_110416,PNB_ACC_20107,PNB_ACC_20084,14557.62,2026-01-11 03:51:00,SETTLEMENT,NEFT,Punjab National Bank,IN,0,NORMAL_BANKING_FLOW
TX_PNB_110417,PNB_ACC_20030,SBI_ACC_20214,73106.4,2026-01-11 03:31:28,SETTLEMENT,NEFT,Punjab National Bank,IN,0,NORMAL_BANKING_FLOW
TX_PNB_110418,PNB_ACC_20067,PNB_ACC_20237,22905.82,2026-01-11 06:55:01,SETTLEMENT,NEFT,Punjab National Bank,IN,0,NORMAL_BANKING_FLOW
TX_PNB_110419,PNB_ACC_20159,KOTAK_ACC_20230,46184.26,2026-01-10 21:27:30,SETTLEMENT,NEFT,Punjab National Bank,IN,0,NORMAL_BANKING_FLOW
TX_PNB_110420,PNB_ACC_20236,ICICI_ACC_20096,18221.09,2026-01-11 00:30:46,SETTLEMENT,NEFT,Punjab National Bank,IN,0,NORMAL_BANKING_FLOW
TX_PNB_110421,PNB_ACC_20146,PNB_ACC_20030,57636.85,2026-01-11 06:37:20,SETTLEMENT,NEFT,Punjab National Bank,IN,0,NORMAL_BANKING_FLOW
TX_PNB_110422,PNB_ACC_20099,PNB_ACC_20197,27925.08,2026-01-10 23:10:30,SETTLEMENT,NEFT,Punjab National Bank,IN,0,NORMAL_BANKING_FLOW
TX_PNB_110423,PNB_ACC_20215,PNB_ACC_20149,18301.94,2026-01-11 05:37:58,SETTLEMENT,NEFT,Punjab National Bank,IN,0,NORMAL_BANKING_FLOW
TX_PNB_110424,PNB_ACC_20002,PNB_ACC_20123,17772.16,2026-01-11 02:35:20,SETTLEMENT,NEFT,Punjab National Bank,IN,0,NORMAL_BANKING_FLOW
TX_PNB_110425,PNB_ACC_20144,KOTAK_ACC_20031,6311.43,2026-01-11 05:19:12,SETTLEMENT,NEFT,Punjab National Bank,IN,0,NORMAL_BANKING_FLOW
TX_PNB_110426,PNB_ACC_20082,PNB_ACC_20191,31495.73,2026-01-11 05:40:25,SETTLEMENT,NEFT,Punjab National Bank,IN,0,NORMAL_BANKING_FLOW
TX_PNB_110427,PNB_ACC_20013,PNB_ACC_20203,17253.58,2026-01-11 07:23:24,SETTLEMENT,NEFT,Punjab National Bank,IN,0,NORMAL_BANKING_FLOW
TX_PNB_110428,PNB_ACC_20071,PNB_ACC_20013,10381.79,2026-01-11 00:14:51,SETTLEMENT,NEFT,Punjab National Bank,IN,0,NORMAL_BANKING_FLOW
TX_PNB_110429,PNB_ACC_20076,PNB_ACC_20186,60907.28,2026-01-11 03:40:04,SETTLEMENT,NEFT,Punjab National Bank,IN,0,NORMAL_BANKING_FLOW
TX_PNB_110430,PNB_ACC_20105,PNB_ACC_20155,4558.56,2026-01-10 21:11:36,SETTLEMENT,NEFT,Punjab National Bank,IN,0,NORMAL_BANKING_FLOW
TX_PNB_110431,PNB_ACC_20211,PNB_ACC_20140,11330.51,2026-01-11 01:18:00,SETTLEMENT,NEFT,Punjab National Bank,IN,0,NORMAL_BANKING_FLOW
TX_PNB_110432,PNB_ACC_20014,PNB_ACC_20024,55853.68,2026-01-11 04:23:15,SETTLEMENT,NEFT,Punjab National Bank,IN,0,NORMAL_BANKING_FLOW
TX_PNB_110433,PNB_ACC_20031,YES_ACC_20204,25516.36,2026-01-11 07:28:48,SETTLEMENT,NEFT,Punjab National Bank,IN,0,NORMAL_BANKING_FLOW
TX_PNB_110434,PNB_ACC_20139,PNB_ACC_20144,17108.92,2026-01-10 18:08:15,SETTLEMENT,NEFT,Punjab National Bank,IN,0,NORMAL_BANKING_FLOW
TX_PNB_110435,PNB_ACC_20105,PNB_ACC_20154,23768.2,2026-01-10 18:29:04,SETTLEMENT,NEFT,Punjab National Bank,IN,0,NORMAL_BANKING_FLOW
TX_PNB_110436,PNB_ACC_20173,BOB_ACC_20166,21968.3,2026-01-11 07:10:55,SETTLEMENT,NEFT,Punjab National Bank,IN,0,NORMAL_BANKING_FLOW
TX_PNB_110437,PNB_ACC_20126,PNB_ACC_20000,3400.48,2026-01-11 08:13:36,SETTLEMENT,NEFT,Punjab National Bank,IN,0,NORMAL_BANKING_FLOW
TX_PNB_110438,PNB_ACC_20027,PNB_ACC_20168,12281.04,2026-01-11 04:27:45,SETTLEMENT,NEFT,Punjab National Bank,IN,0,NORMAL_BANKING_FLOW
TX_PNB_110439,PNB_ACC_20214,ICICI_ACC_20082,106742.41,2026-01-11 08:56:44,SETTLEMENT,NEFT,Punjab National Bank,IN,0,NORMAL_BANKING_FLOW
TX_PNB_110440,PNB_ACC_20115,CANARA_ACC_20177,8731.95,2026-01-11 02:46:00,TRANSFER,IMPS,Punjab National Bank,IN,0,NORMAL_BANKING_FLOW
TX_PNB_110441,PNB_ACC_20207,PNB_ACC_20062,12706.5,2026-01-11 00:42:40,TRANSFER,IMPS,Punjab National Bank,IN,0,NORMAL_BANKING_FLOW
TX_PNB_110442,PNB_ACC_20122,HDFC_ACC_20132,9938.95,2026-01-10 19:53:40,TRANSFER,IMPS,Punjab National Bank,IN,0,NORMAL_BANKING_FLOW
TX_PNB_110443,PNB_ACC_20104,BOB_ACC_20105,16387.65,2026-01-11 02:48:00,SETTLEMENT,NEFT,Punjab National Bank,IN,0,NORMAL_BANKING_FLOW
TX_PNB_110444,PNB_ACC_20059,BOB_ACC_20100,9495.42,2026-01-10 19:33:37,SETTLEMENT,NEFT,Punjab National Bank,IN,0,NORMAL_BANKING_FLOW
TX_PNB_110445,PNB_ACC_20030,PNB_ACC_20241,30804.49,2026-01-10 22:40:32,TRANSFER,IMPS,Punjab National Bank,IN,0,NORMAL_BANKING_FLOW
TX_PNB_110446,PNB_ACC_20204,PNB_ACC_20077,22405.12,2026-01-10 22:20:15,SETTLEMENT,NEFT,Punjab National Bank,IN,0,NORMAL_BANKING_FLOW
TX_PNB_110447,PNB_ACC_20132,PNB_ACC_20006,42230.69,2026-01-11 09:04:28,TRANSFER,IMPS,Punjab National Bank,IN,0,NORMAL_BANKING_FLOW
TX_PNB_110448,PNB_ACC_20101,PNB_ACC_20212,5675.79,2026-01-11 07:42:18,SETTLEMENT,NEFT,Punjab National Bank,IN,0,NORMAL_BANKING_FLOW
TX_PNB_110449,PNB_ACC_20115,PNB_ACC_20080,12402.15,2026-01-11 00:05:36,SETTLEMENT,NEFT,Punjab National Bank,IN,0,NORMAL_BANKING_FLOW
TX_PNB_110450,PNB_ACC_20068,AXIS_ACC_20209,14068.66,2026-01-10 23:03:41,SETTLEMENT,NEFT,Punjab National Bank,IN,0,NORMAL_BANKING_FLOW
TX_PNB_110451,PNB_ACC_20166,PNB_ACC_20026,29768.66,2026-01-10 23:45:50,TRANSFER,IMPS,Punjab National Bank,IN,0,NORMAL_BANKING_FLOW
TX_PNB_110452,PNB_ACC_20119,PNB_ACC_20012,7536.07,2026-01-10 20:59:33,SETTLEMENT,NEFT,Punjab National Bank,IN,0,NORMAL_BANKING_FLOW
TX_PNB_110453,PNB_ACC_20217,PNB_ACC_20045,49375.97,2026-01-11 06:02:28,SETTLEMENT,NEFT,Punjab National Bank,IN,0,NORMAL_BANKING_FLOW
TX_PNB_110454,PNB_ACC_20229,PNB_ACC_20129,66506.65,2026-01-11 05:42:24,SETTLEMENT,NEFT,Punjab National Bank,IN,0,NORMAL_BANKING_FLOW
TX_PNB_110455,PNB_ACC_20234,PNB_ACC_20172,6076.84,2026-01-10 21:42:30,SETTLEMENT,NEFT,Punjab National Bank,IN,0,NORMAL_BANKING_FLOW
TX_PNB_110456,PNB_ACC_20004,PNB_ACC_20220,10509.55,2026-01-11 07:07:40,SETTLEMENT,NEFT,Punjab National Bank,IN,0,NORMAL_BANKING_FLOW
TX_PNB_110457,PNB_ACC_20073,PNB_ACC_20103,10045.45,2026-01-11 02:36:24,SETTLEMENT,NEFT,Punjab National Bank,IN,0,NORMAL_BANKING_FLOW
TX_PNB_110458,PNB_ACC_20107,PNB_ACC_20009,326317.08,2026-01-11 05:45:36,SETTLEMENT,NEFT,Punjab National Bank,IN,0,NORMAL_BANKING_FLOW
TX_PNB_110459,PNB_ACC_20224,PNB_ACC_20022,11238.6,2026-01-10 19:59:20,SETTLEMENT,NEFT,Punjab National Bank,IN,0,NORMAL_BANKING_FLOW
TX_PNB_110460,PNB_ACC_20076,PNB_ACC_20069,114163.62,2026-01-11 01:14:25,SETTLEMENT,NEFT,Punjab National Bank,IN,0,NORMAL_BANKING_FLOW
TX_PNB_110461,PNB_ACC_20163,PNB_ACC_20131,4476.98,2026-01-10 20:42:00,TRANSFER,IMPS,Punjab National Bank,IN,0,NORMAL_BANKING_FLOW
TX_PNB_110462,PNB_ACC_20205,PNB_ACC_20108,6071.64,2026-01-11 09:39:59,SETTLEMENT,NEFT,Punjab National Bank,IN,0,NORMAL_BANKING_FLOW
TX_PNB_110463,PNB_ACC_20216,PNB_ACC_20207,8473.81,2026-01-11 05:49:36,SETTLEMENT,NEFT,Punjab National Bank,IN,0,NORMAL_BANKING_FLOW
TX_PNB_110464,PNB_ACC_20208,AXIS_ACC_20205,7113.44,2026-01-10 22:07:18,SETTLEMENT,NEFT,Punjab National Bank,IN,0,NORMAL_BANKING_FLOW
TX_PNB_110465,PNB_ACC_20212,PNB_ACC_20241,13430.87,2026-01-10 23:32:00,SETTLEMENT,NEFT,Punjab National Bank,IN,0,NORMAL_BANKING_FLOW
TX_PNB_110466,PNB_ACC_20039,PNB_ACC_20142,8269.62,2026-01-11 07:58:30,SETTLEMENT,NEFT,Punjab National Bank,IN,0,NORMAL_BANKING_FLOW
TX_PNB_110467,PNB_ACC_20082,PNB_ACC_20247,7322.63,2026-01-11 00:15:12,SETTLEMENT,NEFT,Punjab National Bank,IN,0,NORMAL_BANKING_FLOW
TX_PNB_110468,PNB_ACC_20222,ICICI_ACC_20226,64493.47,2026-01-11 02:43:33,SETTLEMENT,NEFT,Punjab National Bank,IN,0,NORMAL_BANKING_FLOW
TX_PNB_110469,PNB_ACC_20233,INDUS_ACC_20013,69298.12,2026-01-11 06:57:48,TRANSFER,IMPS,Punjab National Bank,IN,0,NORMAL_BANKING_FLOW
TX_PNB_110470,PNB_ACC_20003,PNB_ACC_20137,51237.46,2026-01-11 03:27:09,SETTLEMENT,NEFT,Punjab National Bank,IN,0,NORMAL_BANKING_FLOW
TX_PNB_110471,PNB_ACC_20166,CANARA_ACC_20227,32093.18,2026-01-11 00:59:40,SETTLEMENT,NEFT,Punjab National Bank,IN,0,NORMAL_BANKING_FLOW
TX_PNB_110472,PNB_ACC_20163,PNB_ACC_20212,19970.62,2026-01-10 23:35:30,SETTLEMENT,NEFT,Punjab National Bank,IN,0,NORMAL_BANKING_FLOW
TX_PNB_110473,PNB_ACC_20162,INDUS_ACC_20179,10438.61,2026-01-10 21:07:36,SETTLEMENT,NEFT,Punjab National Bank,IN,0,NORMAL_BANKING_FLOW
TX_PNB_110474,PNB_ACC_20191,PNB_ACC_20210,6320.33,2026-01-11 02:26:14,SETTLEMENT,NEFT,Punjab National Bank,IN,0,NORMAL_BANKING_FLOW
TX_PNB_110475,PNB_ACC_20056,BOB_ACC_20071,26884.23,2026-01-11 09:10:18,TRANSFER,IMPS,Punjab National Bank,IN,0,NORMAL_BANKING_FLOW
TX_PNB_110476,PNB_ACC_20044,PNB_ACC_20078,4959.23,2026-01-11 03:31:15,SETTLEMENT,NEFT,Punjab National Bank,IN,0,NORMAL_BANKING_FLOW
TX_PNB_110477,PNB_ACC_20223,PNB_ACC_20210,6043.19,2026-01-11 09:33:28,SETTLEMENT,NEFT,Punjab National Bank,IN,0,NORMAL_BANKING_FLOW
TX_PNB_110478,PNB_ACC_20180,HDFC_ACC_20228,64100.32,2026-01-11 05:40:19,SETTLEMENT,NEFT,Punjab National Bank,IN,0,NORMAL_BANKING_FLOW
TX_PNB_110479,PNB_ACC_20211,PNB_ACC_20054,145905.43,2026-01-11 01:04:12,SETTLEMENT,NEFT,Punjab National Bank,IN,0,NORMAL_BANKING_FLOW
TX_PNB_110480,PNB_ACC_20163,PNB_ACC_20046,27795.37,2026-01-11 01:47:24,TRANSFER,IMPS,Punjab National Bank,IN,0,NORMAL_BANKING_FLOW
TX_PNB_110481,PNB_ACC_20246,ICICI_ACC_20212,60906.97,2026-01-11 01:48:00,SETTLEMENT,NEFT,Punjab National Bank,IN,0,NORMAL_BANKING_FLOW
TX_PNB_110482,PNB_ACC_20108,SBI_ACC_20127,13760.63,2026-01-11 06:26:09,SETTLEMENT,NEFT,Punjab National Bank,IN,0,NORMAL_BANKING_FLOW
TX_PNB_110483,PNB_ACC_20021,AXIS_ACC_20200,4140.44,2026-01-11 10:00:38,TRANSFER,IMPS,Punjab National Bank,IN,0,NORMAL_BANKING_FLOW
TX_PNB_110484,PNB_ACC_20182,PNB_ACC_20085,35361.85,2026-01-11 05:45:01,SETTLEMENT,NEFT,Punjab National Bank,IN,0,NORMAL_BANKING_FLOW
TX_PNB_110485,PNB_ACC_20195,PNB_ACC_20011,33732.54,2026-01-10 19:46:36,SETTLEMENT,NEFT,Punjab National Bank,IN,0,NORMAL_BANKING_FLOW
TX_PNB_110486,PNB_ACC_20158,PNB_ACC_20223,19512.98,2026-01-11 04:42:20,SETTLEMENT,NEFT,Punjab National Bank,IN,0,NORMAL_BANKING_FLOW
TX_PNB_110487,PNB_ACC_20178,ICICI_ACC_20171,13813.3,2026-01-11 01:30:10,SETTLEMENT,NEFT,Punjab National Bank,IN,0,NORMAL_BANKING_FLOW
TX_PNB_110488,PNB_ACC_20088,PNB_ACC_20080,51970.51,2026-01-11 00:04:57,SETTLEMENT,NEFT,Punjab National Bank,IN,0,NORMAL_BANKING_FLOW
TX_PNB_110489,PNB_ACC_20089,PNB_ACC_20015,6097.86,2026-01-11 00:26:56,SETTLEMENT,NEFT,Punjab National Bank,IN,0,NORMAL_BANKING_FLOW
TX_PNB_110490,PNB_ACC_20169,PNB_ACC_20110,7698.97,2026-01-11 03:19:20,SETTLEMENT,NEFT,Punjab National Bank,IN,0,NORMAL_BANKING_FLOW
TX_PNB_110491,PNB_ACC_20242,INDUS_ACC_20197,5949.62,2026-01-10 20:31:30,SETTLEMENT,NEFT,Punjab National Bank,IN,0,NORMAL_BANKING_FLOW
TX_PNB_110492,PNB_ACC_20163,PNB_ACC_20084,19800.65,2026-01-11 07:38:52,SETTLEMENT,NEFT,Punjab National Bank,IN,0,NORMAL_BANKING_FLOW
TX_PNB_110493,PNB_ACC_20059,PNB_ACC_20137,5449.71,2026-01-10 23:46:00,TRANSFER,IMPS,Punjab National Bank,IN,0,NORMAL_BANKING_FLOW
TX_PNB_110494,PNB_ACC_20058,KOTAK_ACC_20069,8495.85,2026-01-11 00:29:36,SETTLEMENT,NEFT,Punjab National Bank,IN,0,NORMAL_BANKING_FLOW
TX_PNB_110495,PNB_ACC_20176,PNB_ACC_20172,8297.16,2026-01-10 21:16:02,SETTLEMENT,NEFT,Punjab National Bank,IN,0,NORMAL_BANKING_FLOW
TX_PNB_110496,PNB_ACC_20042,AXIS_ACC_20027,13539.02,2026-01-10 18:45:20,SETTLEMENT,NEFT,Punjab National Bank,IN,0,NORMAL_BANKING_FLOW
TX_PNB_110497,PNB_ACC_20236,PNB_ACC_20120,3511.81,2026-01-11 07:21:36,SETTLEMENT,NEFT,Punjab National Bank,IN,0,NORMAL_BANKING_FLOW
TX_PNB_110498,PNB_ACC_20003,INDUS_ACC_20175,19849.33,2026-01-11 07:00:50,SETTLEMENT,NEFT,Punjab National Bank,IN,0,NORMAL_BANKING_FLOW
TX_PNB_110499,PNB_ACC_20217,PNB_ACC_20194,71113.61,2026-01-10 22:44:06,SETTLEMENT,NEFT,Punjab National Bank,IN,0,NORMAL_BANKING_FLOW
TX_PNB_110500,PNB_ACC_20195,PNB_ACC_20243,20932.13,2026-01-11 00:32:48,SETTLEMENT,NEFT,Punjab National Bank,IN,0,NORMAL_BANKING_FLOW
TX_PNB_110501,PNB_ACC_20040,ICICI_ACC_20006,98267.95,2026-01-10 22:23:20,TRANSFER,IMPS,Punjab National Bank,IN,0,NORMAL_BANKING_FLOW
TX_PNB_110502,PNB_ACC_20196,INDUS_ACC_20240,78229.18,2026-01-11 02:00:36,SETTLEMENT,NEFT,Punjab National Bank,IN,0,NORMAL_BANKING_FLOW
TX_PNB_110503,PNB_ACC_20227,PNB_ACC_20155,42425.66,2026-01-11 03:06:18,TRANSFER,IMPS,Punjab National Bank,IN,0,NORMAL_BANKING_FLOW
TX_PNB_110504,PNB_ACC_20203,PNB_ACC_20237,19577.86,2026-01-11 05:38:58,SETTLEMENT,NEFT,Punjab National Bank,IN,0,NORMAL_BANKING_FLOW
TX_PNB_110505,PNB_ACC_20056,AXIS_ACC_20152,18485.66,2026-01-11 04:34:32,SETTLEMENT,NEFT,Punjab National Bank,IN,0,NORMAL_BANKING_FLOW
TX_PNB_110506,PNB_ACC_20197,PNB_ACC_20018,41780.28,2026-01-10 23:52:30,SETTLEMENT,NEFT,Punjab National Bank,IN,0,NORMAL_BANKING_FLOW
TX_PNB_110507,PNB_ACC_20089,PNB_ACC_20139,11721.29,2026-01-10 18:48:16,SETTLEMENT,NEFT,Punjab National Bank,IN,0,NORMAL_BANKING_FLOW
TX_PNB_110508,PNB_ACC_20195,PNB_ACC_20112,2273.84,2026-01-11 06:03:49,SETTLEMENT,NEFT,Punjab National Bank,IN,0,NORMAL_BANKING_FLOW
TX_PNB_110509,PNB_ACC_20201,SBI_ACC_20173,30983.33,2026-01-11 06:26:24,TRANSFER,IMPS,Punjab National Bank,IN,0,NORMAL_BANKING_FLOW
TX_PNB_110510,PNB_ACC_20046,BOB_ACC_20062,5196.94,2026-01-11 07:32:39,SETTLEMENT,NEFT,Punjab National Bank,IN,0,NORMAL_BANKING_FLOW
TX_PNB_110511,PNB_ACC_20050,PNB_ACC_20219,6258.18,2026-01-11 08:17:10,SETTLEMENT,NEFT,Punjab National Bank,IN,0,NORMAL_BANKING_FLOW
TX_PNB_110512,PNB_ACC_20143,PNB_ACC_20092,18038.19,2026-01-10 19:55:09,SETTLEMENT,NEFT,Punjab National Bank,IN,0,NORMAL_BANKING_FLOW
TX_PNB_110513,PNB_ACC_20219,BOB_ACC_20074,16242.11,2026-01-11 09:02:40,SETTLEMENT,NEFT,Punjab National Bank,IN,0,NORMAL_BANKING_FLOW
TX_PNB_110514,PNB_ACC_20162,PNB_ACC_20004,3815.08,2026-01-11 03:35:20,TRANSFER,IMPS,Punjab National Bank,IN,0,NORMAL_BANKING_FLOW
TX_PNB_110515,PNB_ACC_20087,ICICI_ACC_20171,21634.42,2026-01-11 04:41:42,TRANSFER,IMPS,Punjab National Bank,IN,0,NORMAL_BANKING_FLOW
TX_PNB_110516,PNB_ACC_20096,PNB_ACC_20000,52195.61,2026-01-11 01:47:05,SETTLEMENT,NEFT,Punjab National Bank,IN,0,NORMAL_BANKING_FLOW
TX_PNB_110517,PNB_ACC_20114,PNB_ACC_20137,5212.55,2026-01-10 23:14:08,TRANSFER,IMPS,Punjab National Bank,IN,0,NORMAL_BANKING_FLOW
TX_PNB_110518,PNB_ACC_20091,PNB_ACC_20211,73110.82,2026-01-11 09:07:15,SETTLEMENT,NEFT,Punjab National Bank,IN,0,NORMAL_BANKING_FLOW
TX_PNB_110519,PNB_ACC_20148,PNB_ACC_20008,3241.57,2026-01-11 02:10:48,SETTLEMENT,NEFT,Punjab National Bank,IN,0,NORMAL_BANKING_FLOW
TX_PNB_110520,PNB_ACC_20124,PNB_ACC_20170,185174.99,2026-01-11 09:53:03,SETTLEMENT,NEFT,Punjab National Bank,IN,0,NORMAL_BANKING_FLOW
TX_PNB_110521,PNB_ACC_20102,SBI_ACC_20226,11471.41,2026-01-10 21:26:00,SETTLEMENT,NEFT,Punjab National Bank,IN,0,NORMAL_BANKING_FLOW
TX_PNB_110522,PNB_ACC_20053,PNB_ACC_20162,21166.58,2026-01-11 05:08:44,TRANSFER,IMPS,Punjab National Bank,IN,0,NORMAL_BANKING_FLOW
TX_PNB_110523,PNB_ACC_20235,PNB_ACC_20122,2250.17,2026-01-11 03:41:20,TRANSFER,IMPS,Punjab National Bank,IN,0,NORMAL_BANKING_FLOW
TX_PNB_110524,PNB_ACC_20042,PNB_ACC_20077,16842.32,2026-01-11 05:54:18,SETTLEMENT,NEFT,Punjab National Bank,IN,0,NORMAL_BANKING_FLOW
TX_PNB_110525,PNB_ACC_20211,KOTAK_ACC_20003,23186.61,2026-01-11 09:13:40,TRANSFER,IMPS,Punjab National Bank,IN,0,NORMAL_BANKING_FLOW
TX_PNB_110526,PNB_ACC_20162,PNB_ACC_20123,16403.04,2026-01-11 10:20:50,SETTLEMENT,NEFT,Punjab National Bank,IN,0,NORMAL_BANKING_FLOW
TX_PNB_110527,PNB_ACC_20167,PNB_ACC_20173,9707.08,2026-01-10 20:22:00,TRANSFER,IMPS,Punjab National Bank,IN,0,NORMAL_BANKING_FLOW
TX_PNB_110528,PNB_ACC_20046,PNB_ACC_20051,6366.33,2026-01-10 18:31:45,SETTLEMENT,NEFT,Punjab National Bank,IN,0,NORMAL_BANKING_FLOW
TX_PNB_110529,PNB_ACC_20046,PNB_ACC_20249,62541.1,2026-01-11 03:45:20,SETTLEMENT,NEFT,Punjab National Bank,IN,0,NORMAL_BANKING_FLOW
TX_PNB_110530,PNB_ACC_20101,PNB_ACC_20162,18655.34,2026-01-11 09:40:24,SETTLEMENT,NEFT,Punjab National Bank,IN,0,NORMAL_BANKING_FLOW
TX_PNB_110531,PNB_ACC_20228,PNB_ACC_20163,98206.49,2026-01-11 00:27:10,TRANSFER,IMPS,Punjab National Bank,IN,0,NORMAL_BANKING_FLOW
TX_PNB_110532,PNB_ACC_20107,PNB_ACC_20016,10105.85,2026-01-11 03:47:20,SETTLEMENT,NEFT,Punjab National Bank,IN,0,NORMAL_BANKING_FLOW
TX_PNB_110533,PNB_ACC_20146,PNB_ACC_20046,11178.26,2026-01-10 18:55:12,SETTLEMENT,NEFT,Punjab National Bank,IN,0,NORMAL_BANKING_FLOW
TX_PNB_110534,PNB_ACC_20093,PNB_ACC_20180,44229.78,2026-01-11 04:55:19,SETTLEMENT,NEFT,Punjab National Bank,IN,0,NORMAL_BANKING_FLOW
TX_PNB_110535,PNB_ACC_20063,PNB_ACC_20176,3025.19,2026-01-11 11:14:00,SETTLEMENT,NEFT,Punjab National Bank,IN,0,NORMAL_BANKING_FLOW
TX_PNB_110536,PNB_ACC_20001,PNB_ACC_20099,4746.63,2026-01-10 23:00:45,SETTLEMENT,NEFT,Punjab National Bank,IN,0,NORMAL_BANKING_FLOW
TX_PNB_110537,PNB_ACC_20134,PNB_ACC_20023,60308.81,2026-01-10 20:25:20,SETTLEMENT,NEFT,Punjab National Bank,IN,0,NORMAL_BANKING_FLOW
TX_PNB_110538,PNB_ACC_20145,SBI_ACC_20214,4968.5,2026-01-11 02:22:12,SETTLEMENT,NEFT,Punjab National Bank,IN,0,NORMAL_BANKING_FLOW
TX_PNB_110539,PNB_ACC_20206,YES_ACC_20182,2438.27,2026-01-11 06:05:48,SETTLEMENT,NEFT,Punjab National Bank,IN,0,NORMAL_BANKING_FLOW
TX_PNB_110540,PNB_ACC_20243,PNB_ACC_20096,140840.02,2026-01-11 10:56:41,SETTLEMENT,NEFT,Punjab National Bank,IN,0,NORMAL_BANKING_FLOW
TX_PNB_110541,PNB_ACC_20037,PNB_ACC_20170,3892.48,2026-01-10 18:57:20,TRANSFER,IMPS,Punjab National Bank,IN,0,NORMAL_BANKING_FLOW
TX_PNB_110542,PNB_ACC_20125,PNB_ACC_20033,22082.29,2026-01-11 00:10:30,SETTLEMENT,NEFT,Punjab National Bank,IN,0,NORMAL_BANKING_FLOW
TX_PNB_110543,PNB_ACC_20189,PNB_ACC_20071,19457.61,2026-01-11 01:40:28,SETTLEMENT,NEFT,Punjab National Bank,IN,0,NORMAL_BANKING_FLOW
TX_PNB_110544,PNB_ACC_20097,PNB_ACC_20101,819.18,2026-01-11 05:47:15,SETTLEMENT,NEFT,Punjab National Bank,IN,0,NORMAL_BANKING_FLOW
TX_PNB_110545,PNB_ACC_20245,PNB_ACC_20125,13439.47,2026-01-10 19:43:12,SETTLEMENT,NEFT,Punjab National Bank,IN,0,NORMAL_BANKING_FLOW
TX_PNB_110546,PNB_ACC_20226,PNB_ACC_20018,29532.73,2026-01-11 05:26:20,SETTLEMENT,NEFT,Punjab National Bank,IN,0,NORMAL_BANKING_FLOW
TX_PNB_110547,PNB_ACC_20030,PNB_ACC_20118,26628.58,2026-01-11 00:35:26,SETTLEMENT,NEFT,Punjab National Bank,IN,0,NORMAL_BANKING_FLOW
TX_PNB_110548,PNB_ACC_20006,PNB_ACC_20066,48721.36,2026-01-10 22:21:15,TRANSFER,IMPS,Punjab National Bank,IN,0,NORMAL_BANKING_FLOW
TX_PNB_110549,PNB_ACC_20241,SBI_ACC_20185,11775.3,2026-01-11 05:51:00,SETTLEMENT,NEFT,Punjab National Bank,IN,0,NORMAL_BANKING_FLOW
TX_PNB_110550,PNB_ACC_20116,PNB_ACC_20088,39488.11,2026-01-10 20:52:09,SETTLEMENT,NEFT,Punjab National Bank,IN,0,NORMAL_BANKING_FLOW
TX_PNB_110551,PNB_ACC_20163,YES_ACC_20189,8448.45,2026-01-11 04:00:00,SETTLEMENT,NEFT,Punjab National Bank,IN,0,NORMAL_BANKING_FLOW
TX_PNB_110552,PNB_ACC_20094,PNB_ACC_20093,3821.83,2026-01-11 02:30:36,SETTLEMENT,NEFT,Punjab National Bank,IN,0,NORMAL_BANKING_FLOW
TX_PNB_110553,PNB_ACC_20226,PNB_ACC_20187,4326.43,2026-01-11 05:08:56,SETTLEMENT,NEFT,Punjab National Bank,IN,0,NORMAL_BANKING_FLOW
TX_PNB_110554,PNB_ACC_20118,INDUS_ACC_20162,3610.78,2026-01-10 23:53:57,SETTLEMENT,NEFT,Punjab National Bank,IN,0,NORMAL_BANKING_FLOW
TX_PNB_110555,PNB_ACC_20235,PNB_ACC_20125,54750.65,2026-01-11 08:33:28,TRANSFER,IMPS,Punjab National Bank,IN,0,NORMAL_BANKING_FLOW
TX_PNB_110556,PNB_ACC_20213,AXIS_ACC_20190,3408.3,2026-01-11 08:56:55,TRANSFER,IMPS,Punjab National Bank,IN,0,NORMAL_BANKING_FLOW
TX_PNB_110557,PNB_ACC_20138,YES_ACC_20080,24378.16,2026-01-11 05:57:00,SETTLEMENT,NEFT,Punjab National Bank,IN,0,NORMAL_BANKING_FLOW
TX_PNB_110558,PNB_ACC_20011,PNB_ACC_20074,13460.08,2026-01-10 22:25:25,SETTLEMENT,NEFT,Punjab National Bank,IN,0,NORMAL_BANKING_FLOW
TX_PNB_110559,PNB_ACC_20049,PNB_ACC_20055,16108.25,2026-01-11 02:12:10,TRANSFER,IMPS,Punjab National Bank,IN,0,NORMAL_BANKING_FLOW
TX_PNB_110560,PNB_ACC_20209,PNB_ACC_20006,80819.05,2026-01-10 19:02:24,SETTLEMENT,NEFT,Punjab National Bank,IN,0,NORMAL_BANKING_FLOW
TX_PNB_110561,PNB_ACC_20000,PNB_ACC_20101,11133.68,2026-01-11 05:37:20,TRANSFER,IMPS,Punjab National Bank,IN,0,NORMAL_BANKING_FLOW
TX_PNB_110562,PNB_ACC_20067,PNB_ACC_20051,35339.68,2026-01-11 05:38:04,SETTLEMENT,NEFT,Punjab National Bank,IN,0,NORMAL_BANKING_FLOW
TX_PNB_110563,PNB_ACC_20111,HDFC_ACC_20242,18794.5,2026-01-11 11:42:00,TRANSFER,IMPS,Punjab National Bank,IN,0,NORMAL_BANKING_FLOW
TX_PNB_110564,PNB_ACC_20035,PNB_ACC_20026,15256.78,2026-01-11 04:54:06,SETTLEMENT,NEFT,Punjab National Bank,IN,0,NORMAL_BANKING_FLOW
TX_PNB_110565,PNB_ACC_20036,AXIS_ACC_20013,226379.04,2026-01-11 06:03:00,TRANSFER,IMPS,Punjab National Bank,IN,0,NORMAL_BANKING_FLOW
TX_PNB_110566,PNB_ACC_20089,PNB_ACC_20022,3694.22,2026-01-10 23:14:15,TRANSFER,IMPS,Punjab National Bank,IN,0,NORMAL_BANKING_FLOW
TX_PNB_110567,PNB_ACC_20044,AXIS_ACC_20175,74462.06,2026-01-11 06:04:30,TRANSFER,IMPS,Punjab National Bank,IN,0,NORMAL_BANKING_FLOW
TX_PNB_110568,PNB_ACC_20139,SBI_ACC_20200,37125.05,2026-01-11 00:23:30,TRANSFER,IMPS,Punjab National Bank,IN,0,NORMAL_BANKING_FLOW
TX_PNB_110569,PNB_ACC_20249,SBI_ACC_20137,10641.56,2026-01-11 00:46:48,SETTLEMENT,NEFT,Punjab National Bank,IN,0,NORMAL_BANKING_FLOW
TX_PNB_110570,PNB_ACC_20109,HDFC_ACC_20027,108255.6,2026-01-11 11:26:11,SETTLEMENT,NEFT,Punjab National Bank,IN,0,NORMAL_BANKING_FLOW
TX_PNB_110571,PNB_ACC_20128,PNB_ACC_20077,2361.56,2026-01-10 22:30:50,TRANSFER,IMPS,Punjab National Bank,IN,0,NORMAL_BANKING_FLOW
TX_PNB_110572,PNB_ACC_20015,PNB_ACC_20082,10158.4,2026-01-11 11:28:09,TRANSFER,IMPS,Punjab National Bank,IN,0,NORMAL_BANKING_FLOW
TX_PNB_110573,PNB_ACC_20118,ICICI_ACC_20023,4772.71,2026-01-11 11:06:16,TRANSFER,IMPS,Punjab National Bank,IN,0,NORMAL_BANKING_FLOW
TX_PNB_110574,PNB_ACC_20027,BOB_ACC_20027,28375.8,2026-01-10 21:00:33,SETTLEMENT,NEFT,Punjab National Bank,IN,0,NORMAL_BANKING_FLOW
TX_PNB_110575,PNB_ACC_20230,PNB_ACC_20217,5300.89,2026-01-10 18:43:30,SETTLEMENT,NEFT,Punjab National Bank,IN,0,NORMAL_BANKING_FLOW
TX_PNB_110576,PNB_ACC_20106,AXIS_ACC_20233,29038.28,2026-01-11 10:46:15,TRANSFER,IMPS,Punjab National Bank,IN,0,NORMAL_BANKING_FLOW
TX_PNB_110577,PNB_ACC_20085,PNB_ACC_20108,14689.97,2026-01-11 03:31:28,SETTLEMENT,NEFT,Punjab National Bank,IN,0,NORMAL_BANKING_FLOW
TX_PNB_110578,PNB_ACC_20167,PNB_ACC_20018,10643.56,2026-01-11 06:12:45,SETTLEMENT,NEFT,Punjab National Bank,IN,0,NORMAL_BANKING_FLOW
TX_PNB_110579,PNB_ACC_20001,BOB_ACC_20105,27653.62,2026-01-10 18:44:30,SETTLEMENT,NEFT,Punjab National Bank,IN,0,NORMAL_BANKING_FLOW
TX_PNB_110580,PNB_ACC_20070,PNB_ACC_20189,13420.2,2026-01-11 07:23:12,SETTLEMENT,NEFT,Punjab National Bank,IN,0,NORMAL_BANKING_FLOW
TX_PNB_110581,PNB_ACC_20121,INDUS_ACC_20223,5445.26,2026-01-11 02:02:00,SETTLEMENT,NEFT,Punjab National Bank,IN,0,NORMAL_BANKING_FLOW
TX_PNB_110582,PNB_ACC_20109,PNB_ACC_20085,392978.54,2026-01-11 09:19:53,TRANSFER,IMPS,Punjab National Bank,IN,0,NORMAL_BANKING_FLOW
TX_PNB_110583,PNB_ACC_20074,INDUS_ACC_20044,10552.48,2026-01-10 23:21:54,SETTLEMENT,NEFT,Punjab National Bank,IN,0,NORMAL_BANKING_FLOW
TX_PNB_110584,PNB_ACC_20236,PNB_ACC_20149,1572.83,2026-01-11 02:26:45,SETTLEMENT,NEFT,Punjab National Bank,IN,0,NORMAL_BANKING_FLOW
TX_PNB_110585,PNB_ACC_20125,AXIS_ACC_20174,7141.6,2026-01-11 08:36:24,SETTLEMENT,NEFT,Punjab National Bank,IN,0,NORMAL_BANKING_FLOW
TX_PNB_110586,PNB_ACC_20099,PNB_ACC_20098,4473.81,2026-01-11 08:37:15,SETTLEMENT,NEFT,Punjab National Bank,IN,0,NORMAL_BANKING_FLOW
TX_PNB_110587,PNB_ACC_20041,AXIS_ACC_20168,44746.13,2026-01-10 19:32:42,SETTLEMENT,NEFT,Punjab National Bank,IN,0,NORMAL_BANKING_FLOW
TX_PNB_110588,PNB_ACC_20007,PNB_ACC_20174,25688.99,2026-01-11 06:20:15,TRANSFER,IMPS,Punjab National Bank,IN,0,NORMAL_BANKING_FLOW
TX_PNB_110589,PNB_ACC_20090,SBI_ACC_20173,27961.51,2026-01-10 19:10:08,TRANSFER,IMPS,Punjab National Bank,IN,0,NORMAL_BANKING_FLOW
TX_PNB_110590,PNB_ACC_20207,PNB_ACC_20164,12003.76,2026-01-11 05:35:27,TRANSFER,IMPS,Punjab National Bank,IN,0,NORMAL_BANKING_FLOW
TX_PNB_110591,PNB_ACC_20242,PNB_ACC_20170,13262.75,2026-01-10 21:06:30,SETTLEMENT,NEFT,Punjab National Bank,IN,0,NORMAL_BANKING_FLOW
TX_PNB_110592,PNB_ACC_20036,PNB_ACC_20167,11991.77,2026-01-11 10:15:05,TRANSFER,IMPS,Punjab National Bank,IN,0,NORMAL_BANKING_FLOW
TX_PNB_110593,PNB_ACC_20125,PNB_ACC_20184,16492.94,2026-01-11 02:08:48,SETTLEMENT,NEFT,Punjab National Bank,IN,0,NORMAL_BANKING_FLOW
TX_PNB_110594,PNB_ACC_20179,PNB_ACC_20163,45200.65,2026-01-11 09:07:16,SETTLEMENT,NEFT,Punjab National Bank,IN,0,NORMAL_BANKING_FLOW
TX_PNB_110595,PNB_ACC_20180,PNB_ACC_20175,26099.8,2026-01-11 10:41:04,SETTLEMENT,NEFT,Punjab National Bank,IN,0,NORMAL_BANKING_FLOW
TX_PNB_110596,PNB_ACC_20058,BOB_ACC_20198,31260.92,2026-01-11 10:18:45,TRANSFER,IMPS,Punjab National Bank,IN,0,NORMAL_BANKING_FLOW
TX_PNB_110597,PNB_ACC_20032,SBI_ACC_20111,31241.88,2026-01-11 01:47:48,SETTLEMENT,NEFT,Punjab National Bank,IN,0,NORMAL_BANKING_FLOW
TX_PNB_110598,PNB_ACC_20195,PNB_ACC_20082,47709.54,2026-01-10 23:05:22,SETTLEMENT,NEFT,Punjab National Bank,IN,0,NORMAL_BANKING_FLOW
TX_PNB_110599,PNB_ACC_20101,PNB_ACC_20213,24759.51,2026-01-11 11:54:42,TRANSFER,IMPS,Punjab National Bank,IN,0,NORMAL_BANKING_FLOW
TX_PNB_110600,PNB_ACC_20238,PNB_ACC_20014,26761.86,2026-01-10 23:29:33,SETTLEMENT,NEFT,Punjab National Bank,IN,0,NORMAL_BANKING_FLOW
TX_PNB_110601,PNB_ACC_20163,PNB_ACC_20067,66681.77,2026-01-11 03:23:20,TRANSFER,IMPS,Punjab National Bank,IN,0,NORMAL_BANKING_FLOW
TX_PNB_110602,PNB_ACC_20145,PNB_ACC_20063,8677.16,2026-01-10 23:30:27,SETTLEMENT,NEFT,Punjab National Bank,IN,0,NORMAL_BANKING_FLOW
TX_PNB_110603,PNB_ACC_20015,PNB_ACC_20239,7035.21,2026-01-11 02:37:50,SETTLEMENT,NEFT,Punjab National Bank,IN,0,NORMAL_BANKING_FLOW
TX_PNB_110604,PNB_ACC_20157,PNB_ACC_20194,4892.63,2026-01-11 07:42:24,SETTLEMENT,NEFT,Punjab National Bank,IN,0,NORMAL_BANKING_FLOW
TX_PNB_110605,PNB_ACC_20037,PNB_ACC_20180,22053.05,2026-01-11 00:42:00,SETTLEMENT,NEFT,Punjab National Bank,IN,0,NORMAL_BANKING_FLOW
TX_PNB_110606,PNB_ACC_20108,PNB_ACC_20036,2347.0,2026-01-11 01:05:55,SETTLEMENT,NEFT,Punjab National Bank,IN,0,NORMAL_BANKING_FLOW
TX_PNB_110607,PNB_ACC_20125,AXIS_ACC_20005,29982.51,2026-01-10 21:12:06,TRANSFER,IMPS,Punjab National Bank,IN,0,NORMAL_BANKING_FLOW
TX_PNB_110608,PNB_ACC_20127,PNB_ACC_20155,15992.7,2026-01-11 10:06:18,SETTLEMENT,NEFT,Punjab National Bank,IN,0,NORMAL_BANKING_FLOW
TX_PNB_110609,PNB_ACC_20100,PNB_ACC_20187,62824.71,2026-01-11 10:30:40,SETTLEMENT,NEFT,Punjab National Bank,IN,0,NORMAL_BANKING_FLOW
TX_PNB_110610,PNB_ACC_20006,PNB_ACC_20244,8611.82,2026-01-11 02:18:26,SETTLEMENT,NEFT,Punjab National Bank,IN,0,NORMAL_BANKING_FLOW
TX_PNB_110611,PNB_ACC_20217,PNB_ACC_20107,14419.69,2026-01-11 10:32:30,SETTLEMENT,NEFT,Punjab National Bank,IN,0,NORMAL_BANKING_FLOW
TX_PNB_110612,PNB_ACC_20181,PNB_ACC_20142,61971.11,2026-01-11 11:43:58,SETTLEMENT,NEFT,Punjab National Bank,IN,0,NORMAL_BANKING_FLOW
TX_PNB_110613,PNB_ACC_20134,YES_ACC_20035,82573.92,2026-01-11 02:20:08,SETTLEMENT,NEFT,Punjab National Bank,IN,0,NORMAL_BANKING_FLOW
TX_PNB_110614,PNB_ACC_20052,PNB_ACC_20221,8534.16,2026-01-11 05:52:39,SETTLEMENT,NEFT,Punjab National Bank,IN,0,NORMAL_BANKING_FLOW
TX_PNB_110615,PNB_ACC_20024,PNB_ACC_20197,22025.57,2026-01-10 23:12:44,SETTLEMENT,NEFT,Punjab National Bank,IN,0,NORMAL_BANKING_FLOW
TX_PNB_110616,PNB_ACC_20100,AXIS_ACC_20068,24930.84,2026-01-11 08:39:10,TRANSFER,IMPS,Punjab National Bank,IN,0,NORMAL_BANKING_FLOW
TX_PNB_110617,PNB_ACC_20026,PNB_ACC_20222,27201.26,2026-01-10 18:54:00,SETTLEMENT,NEFT,Punjab National Bank,IN,0,NORMAL_BANKING_FLOW
TX_PNB_110618,PNB_ACC_20119,PNB_ACC_20184,13509.75,2026-01-11 01:12:07,SETTLEMENT,NEFT,Punjab National Bank,IN,0,NORMAL_BANKING_FLOW
TX_PNB_110619,PNB_ACC_20033,PNB_ACC_20217,73830.1,2026-01-10 23:14:28,TRANSFER,IMPS,Punjab National Bank,IN,0,NORMAL_BANKING_FLOW
TX_PNB_110620,PNB_ACC_20204,PNB_ACC_20195,2255.95,2026-01-11 10:17:06,SETTLEMENT,NEFT,Punjab National Bank,IN,0,NORMAL_BANKING_FLOW
TX_PNB_110621,PNB_ACC_20045,PNB_ACC_20095,11347.55,2026-01-10 21:40:40,SETTLEMENT,NEFT,Punjab National Bank,IN,0,NORMAL_BANKING_FLOW
TX_PNB_110622,PNB_ACC_20063,PNB_ACC_20169,29517.06,2026-01-10 20:29:59,SETTLEMENT,NEFT,Punjab National Bank,IN,0,NORMAL_BANKING_FLOW
TX_PNB_110623,PNB_ACC_20076,PNB_ACC_20165,29820.38,2026-01-10 22:28:48,SETTLEMENT,NEFT,Punjab National Bank,IN,0,NORMAL_BANKING_FLOW
TX_PNB_110624,PNB_ACC_20160,SBI_ACC_20160,79860.36,2026-01-11 06:23:32,SETTLEMENT,NEFT,Punjab National Bank,IN,0,NORMAL_BANKING_FLOW
TX_PNB_110625,PNB_ACC_20226,PNB_ACC_20174,67376.25,2026-01-10 19:19:44,SETTLEMENT,NEFT,Punjab National Bank,IN,0,NORMAL_BANKING_FLOW
TX_PNB_110626,PNB_ACC_20244,PNB_ACC_20106,13172.73,2026-01-11 03:15:00,TRANSFER,IMPS,Punjab National Bank,IN,0,NORMAL_BANKING_FLOW
TX_PNB_110627,PNB_ACC_20117,PNB_ACC_20029,75346.92,2026-01-11 05:14:26,SETTLEMENT,NEFT,Punjab National Bank,IN,0,NORMAL_BANKING_FLOW
TX_PNB_110628,PNB_ACC_20063,PNB_ACC_20117,8221.88,2026-01-11 00:29:43,SETTLEMENT,NEFT,Punjab National Bank,IN,0,NORMAL_BANKING_FLOW
TX_PNB_110629,PNB_ACC_20137,AXIS_ACC_20089,50210.33,2026-01-11 05:39:36,SETTLEMENT,NEFT,Punjab National Bank,IN,0,NORMAL_BANKING_FLOW
TX_PNB_110630,PNB_ACC_20045,PNB_ACC_20224,132134.38,2026-01-11 10:02:17,SETTLEMENT,NEFT,Punjab National Bank,IN,0,NORMAL_BANKING_FLOW
TX_PNB_110631,PNB_ACC_20092,PNB_ACC_20212,68626.81,2026-01-10 22:08:10,TRANSFER,IMPS,Punjab National Bank,IN,0,NORMAL_BANKING_FLOW
TX_PNB_110632,PNB_ACC_20099,AXIS_ACC_20225,20258.86,2026-01-11 08:28:39,SETTLEMENT,NEFT,Punjab National Bank,IN,0,NORMAL_BANKING_FLOW
TX_PNB_110633,PNB_ACC_20079,PNB_ACC_20109,12519.51,2026-01-11 04:06:56,TRANSFER,IMPS,Punjab National Bank,IN,0,NORMAL_BANKING_FLOW
TX_PNB_110634,PNB_ACC_20079,PNB_ACC_20207,3356.15,2026-01-11 12:29:07,TRANSFER,IMPS,Punjab National Bank,IN,0,NORMAL_BANKING_FLOW
TX_PNB_110635,PNB_ACC_20165,HDFC_ACC_20008,25376.87,2026-01-11 01:20:54,SETTLEMENT,NEFT,Punjab National Bank,IN,0,NORMAL_BANKING_FLOW
TX_PNB_110636,PNB_ACC_20172,AXIS_ACC_20145,5288.35,2026-01-11 11:19:20,SETTLEMENT,NEFT,Punjab National Bank,IN,0,NORMAL_BANKING_FLOW
TX_PNB_110637,PNB_ACC_20227,PNB_ACC_20043,7536.79,2026-01-11 11:20:16,SETTLEMENT,NEFT,Punjab National Bank,IN,0,NORMAL_BANKING_FLOW
TX_PNB_110638,PNB_ACC_20166,PNB_ACC_20207,4866.74,2026-01-11 09:21:27,SETTLEMENT,NEFT,Punjab National Bank,IN,0,NORMAL_BANKING_FLOW
TX_PNB_110639,PNB_ACC_20072,PNB_ACC_20230,10867.9,2026-01-11 02:58:50,SETTLEMENT,NEFT,Punjab National Bank,IN,0,NORMAL_BANKING_FLOW
TX_PNB_110640,PNB_ACC_20025,PNB_ACC_20122,17487.36,2026-01-11 12:59:00,SETTLEMENT,NEFT,Punjab National Bank,IN,0,NORMAL_BANKING_FLOW
TX_PNB_110641,PNB_ACC_20113,HDFC_ACC_20234,24366.78,2026-01-10 20:36:00,SETTLEMENT,NEFT,Punjab National Bank,IN,0,NORMAL_BANKING_FLOW
TX_PNB_110642,PNB_ACC_20128,AXIS_ACC_20211,9315.57,2026-01-11 03:00:35,SETTLEMENT,NEFT,Punjab National Bank,IN,0,NORMAL_BANKING_FLOW
TX_PNB_110643,PNB_ACC_20151,PNB_ACC_20115,58466.67,2026-01-11 10:13:46,SETTLEMENT,NEFT,Punjab National Bank,IN,0,NORMAL_BANKING_FLOW
TX_PNB_110644,PNB_ACC_20145,KOTAK_ACC_20003,14342.38,2026-01-11 02:13:39,SETTLEMENT,NEFT,Punjab National Bank,IN,0,NORMAL_BANKING_FLOW
TX_PNB_110645,PNB_ACC_20049,PNB_ACC_20206,7581.8,2026-01-11 08:15:12,SETTLEMENT,NEFT,Punjab National Bank,IN,0,NORMAL_BANKING_FLOW
TX_PNB_110646,PNB_ACC_20040,PNB_ACC_20163,23130.83,2026-01-11 08:40:05,SETTLEMENT,NEFT,Punjab National Bank,IN,0,NORMAL_BANKING_FLOW
TX_PNB_110647,PNB_ACC_20066,YES_ACC_20083,156358.72,2026-01-10 19:49:42,TRANSFER,IMPS,Punjab National Bank,IN,0,NORMAL_BANKING_FLOW
TX_PNB_110648,PNB_ACC_20008,PNB_ACC_20145,26073.55,2026-01-11 09:05:50,TRANSFER,IMPS,Punjab National Bank,IN,0,NORMAL_BANKING_FLOW
TX_PNB_110649,PNB_ACC_20064,PNB_ACC_20211,12098.77,2026-01-11 01:04:00,SETTLEMENT,NEFT,Punjab National Bank,IN,0,NORMAL_BANKING_FLOW
TX_PNB_110650,PNB_ACC_20142,PNB_ACC_20033,3360.32,2026-01-11 05:30:09,SETTLEMENT,NEFT,Punjab National Bank,IN,0,NORMAL_BANKING_FLOW
TX_PNB_110651,PNB_ACC_20043,PNB_ACC_20225,14166.66,2026-01-11 08:20:00,SETTLEMENT,NEFT,Punjab National Bank,IN,0,NORMAL_BANKING_FLOW
TX_PNB_110652,PNB_ACC_20045,SBI_ACC_20003,23351.6,2026-01-11 04:43:09,SETTLEMENT,NEFT,Punjab National Bank,IN,0,NORMAL_BANKING_FLOW
TX_PNB_110653,PNB_ACC_20148,PNB_ACC_20172,11774.14,2026-01-11 09:10:00,SETTLEMENT,NEFT,Punjab National Bank,IN,0,NORMAL_BANKING_FLOW
TX_PNB_110654,PNB_ACC_20196,PNB_ACC_20003,2887.3,2026-01-10 21:52:46,TRANSFER,IMPS,Punjab National Bank,IN,0,NORMAL_BANKING_FLOW
TX_PNB_110655,PNB_ACC_20000,PNB_ACC_20238,7075.39,2026-01-10 19:03:30,SETTLEMENT,NEFT,Punjab National Bank,IN,0,NORMAL_BANKING_FLOW
TX_PNB_110656,PNB_ACC_20039,PNB_ACC_20102,89321.04,2026-01-10 23:54:45,SETTLEMENT,NEFT,Punjab National Bank,IN,0,NORMAL_BANKING_FLOW
TX_PNB_110657,PNB_ACC_20161,PNB_ACC_20186,87325.79,2026-01-11 08:24:48,TRANSFER,IMPS,Punjab National Bank,IN,0,NORMAL_BANKING_FLOW
TX_PNB_110658,PNB_ACC_20039,PNB_ACC_20194,6800.13,2026-01-11 11:39:52,TRANSFER,IMPS,Punjab National Bank,IN,0,NORMAL_BANKING_FLOW
TX_PNB_110659,PNB_ACC_20018,PNB_ACC_20220,37798.79,2026-01-10 23:56:06,SETTLEMENT,NEFT,Punjab National Bank,IN,0,NORMAL_BANKING_FLOW
TX_PNB_110660,PNB_ACC_20195,PNB_ACC_20188,4932.35,2026-01-11 08:51:31,SETTLEMENT,NEFT,Punjab National Bank,IN,0,NORMAL_BANKING_FLOW
TX_PNB_110661,PNB_ACC_20052,CANARA_ACC_20096,84520.38,2026-01-10 23:08:20,TRANSFER,IMPS,Punjab National Bank,IN,0,NORMAL_BANKING_FLOW
TX_PNB_110662,PNB_ACC_20028,PNB_ACC_20017,23617.88,2026-01-11 11:43:36,SETTLEMENT,NEFT,Punjab National Bank,IN,0,NORMAL_BANKING_FLOW
TX_PNB_110663,PNB_ACC_20178,PNB_ACC_20148,51256.91,2026-01-11 04:01:34,TRANSFER,IMPS,Punjab National Bank,IN,0,NORMAL_BANKING_FLOW
TX_PNB_110664,PNB_ACC_20000,ICICI_ACC_20116,2733.66,2026-01-11 09:19:10,SETTLEMENT,NEFT,Punjab National Bank,IN,0,NORMAL_BANKING_FLOW
TX_PNB_110665,PNB_ACC_20042,KOTAK_ACC_20217,38002.26,2026-01-10 22:21:12,SETTLEMENT,NEFT,Punjab National Bank,IN,0,NORMAL_BANKING_FLOW
TX_PNB_110666,PNB_ACC_20104,PNB_ACC_20138,17882.15,2026-01-10 22:46:00,SETTLEMENT,NEFT,Punjab National Bank,IN,0,NORMAL_BANKING_FLOW
TX_PNB_110667,PNB_ACC_20042,YES_ACC_20051,46033.38,2026-01-11 01:13:00,SETTLEMENT,NEFT,Punjab National Bank,IN,0,NORMAL_BANKING_FLOW
TX_PNB_110668,PNB_ACC_20229,PNB_ACC_20138,49333.3,2026-01-11 09:22:30,SETTLEMENT,NEFT,Punjab National Bank,IN,0,NORMAL_BANKING_FLOW
TX_PNB_110669,PNB_ACC_20068,PNB_ACC_20090,19387.1,2026-01-11 07:45:28,SETTLEMENT,NEFT,Punjab National Bank,IN,0,NORMAL_BANKING_FLOW
TX_PNB_110670,PNB_ACC_20156,PNB_ACC_20199,9312.26,2026-01-11 10:37:37,SETTLEMENT,NEFT,Punjab National Bank,IN,0,NORMAL_BANKING_FLOW
TX_PNB_110671,PNB_ACC_20092,PNB_ACC_20135,42517.28,2026-01-11 00:50:30,TRANSFER,IMPS,Punjab National Bank,IN,0,NORMAL_BANKING_FLOW
TX_PNB_110672,PNB_ACC_20216,BOB_ACC_20166,16879.08,2026-01-11 08:12:17,SETTLEMENT,NEFT,Punjab National Bank,IN,0,NORMAL_BANKING_FLOW
TX_PNB_110673,PNB_ACC_20167,PNB_ACC_20132,6904.55,2026-01-11 00:51:28,SETTLEMENT,NEFT,Punjab National Bank,IN,0,NORMAL_BANKING_FLOW
TX_PNB_110674,PNB_ACC_20111,PNB_ACC_20154,6554.01,2026-01-11 10:41:09,SETTLEMENT,NEFT,Punjab National Bank,IN,0,NORMAL_BANKING_FLOW
TX_PNB_110675,PNB_ACC_20245,CANARA_ACC_20093,3551.48,2026-01-10 19:33:04,SETTLEMENT,NEFT,Punjab National Bank,IN,0,NORMAL_BANKING_FLOW
TX_PNB_110676,PNB_ACC_20162,PNB_ACC_20104,10287.45,2026-01-11 00:28:20,SETTLEMENT,NEFT,Punjab National Bank,IN,0,NORMAL_BANKING_FLOW
TX_PNB_110677,PNB_ACC_20149,PNB_ACC_20195,60655.24,2026-01-10 21:12:00,SETTLEMENT,NEFT,Punjab National Bank,IN,0,NORMAL_BANKING_FLOW
TX_PNB_110678,PNB_ACC_20224,PNB_ACC_20210,21930.04,2026-01-10 20:23:06,TRANSFER,IMPS,Punjab National Bank,IN,0,NORMAL_BANKING_FLOW
TX_PNB_110679,PNB_ACC_20109,PNB_ACC_20083,10069.39,2026-01-11 11:10:12,SETTLEMENT,NEFT,Punjab National Bank,IN,0,NORMAL_BANKING_FLOW
TX_PNB_110680,PNB_ACC_20166,PNB_ACC_20118,43710.41,2026-01-11 11:35:45,SETTLEMENT,NEFT,Punjab National Bank,IN,0,NORMAL_BANKING_FLOW
TX_PNB_110681,PNB_ACC_20130,PNB_ACC_20188,7217.59,2026-01-11 10:47:20,TRANSFER,IMPS,Punjab National Bank,IN,0,NORMAL_BANKING_FLOW
TX_PNB_110682,PNB_ACC_20084,BOB_ACC_20020,20027.97,2026-01-11 13:16:19,SETTLEMENT,NEFT,Punjab National Bank,IN,0,NORMAL_BANKING_FLOW
TX_PNB_110683,PNB_ACC_20157,CANARA_ACC_20160,14800.36,2026-01-10 20:49:18,SETTLEMENT,NEFT,Punjab National Bank,IN,0,NORMAL_BANKING_FLOW
TX_PNB_110684,PNB_ACC_20086,KOTAK_ACC_20137,42490.84,2026-01-10 23:17:55,SETTLEMENT,NEFT,Punjab National Bank,IN,0,NORMAL_BANKING_FLOW
TX_PNB_110685,PNB_ACC_20065,PNB_ACC_20011,3181.31,2026-01-11 07:33:00,SETTLEMENT,NEFT,Punjab National Bank,IN,0,NORMAL_BANKING_FLOW
TX_PNB_110686,PNB_ACC_20107,PNB_ACC_20234,7078.25,2026-01-11 10:02:15,TRANSFER,IMPS,Punjab National Bank,IN,0,NORMAL_BANKING_FLOW
TX_PNB_110687,PNB_ACC_20088,SBI_ACC_20226,2974.79,2026-01-11 08:48:48,TRANSFER,IMPS,Punjab National Bank,IN,0,NORMAL_BANKING_FLOW
TX_PNB_110688,PNB_ACC_20005,BOB_ACC_20163,13554.09,2026-01-11 08:00:02,SETTLEMENT,NEFT,Punjab National Bank,IN,0,NORMAL_BANKING_FLOW
TX_PNB_110689,PNB_ACC_20116,HDFC_ACC_20145,68361.85,2026-01-11 12:33:36,SETTLEMENT,NEFT,Punjab National Bank,IN,0,NORMAL_BANKING_FLOW
TX_PNB_110690,PNB_ACC_20053,INDUS_ACC_20114,10342.41,2026-01-11 08:01:34,SETTLEMENT,NEFT,Punjab National Bank,IN,0,NORMAL_BANKING_FLOW
TX_PNB_110691,PNB_ACC_20168,ICICI_ACC_20084,10283.0,2026-01-11 03:29:10,SETTLEMENT,NEFT,Punjab National Bank,IN,0,NORMAL_BANKING_FLOW
TX_PNB_110692,PNB_ACC_20231,PNB_ACC_20095,47046.74,2026-01-11 04:19:27,TRANSFER,IMPS,Punjab National Bank,IN,0,NORMAL_BANKING_FLOW
TX_PNB_110693,PNB_ACC_20006,BOB_ACC_20068,58419.47,2026-01-11 11:47:40,SETTLEMENT,NEFT,Punjab National Bank,IN,0,NORMAL_BANKING_FLOW
TX_PNB_110694,PNB_ACC_20186,PNB_ACC_20026,16359.63,2026-01-11 06:25:06,TRANSFER,IMPS,Punjab National Bank,IN,0,NORMAL_BANKING_FLOW
TX_PNB_110695,PNB_ACC_20143,PNB_ACC_20200,38299.28,2026-01-11 03:56:24,SETTLEMENT,NEFT,Punjab National Bank,IN,0,NORMAL_BANKING_FLOW
TX_PNB_110696,PNB_ACC_20039,PNB_ACC_20048,5515.68,2026-01-11 00:37:40,SETTLEMENT,NEFT,Punjab National Bank,IN,0,NORMAL_BANKING_FLOW
TX_PNB_110697,PNB_ACC_20174,PNB_ACC_20123,82106.44,2026-01-11 02:42:48,SETTLEMENT,NEFT,Punjab National Bank,IN,0,NORMAL_BANKING_FLOW
TX_PNB_110698,PNB_ACC_20034,INDUS_ACC_20029,191678.91,2026-01-11 13:07:06,SETTLEMENT,NEFT,Punjab National Bank,IN,0,NORMAL_BANKING_FLOW
TX_PNB_110699,PNB_ACC_20100,CANARA_ACC_20231,31995.08,2026-01-11 10:13:18,SETTLEMENT,NEFT,Punjab National Bank,IN,0,NORMAL_BANKING_FLOW
TX_PNB_110700,PNB_ACC_20068,SBI_ACC_20159,1821.17,2026-01-10 22:34:37,SETTLEMENT,NEFT,Punjab National Bank,IN,0,NORMAL_BANKING_FLOW
