transaction_id,sender_account,receiver_account,amount,timestamp,transaction_type,channel,bank,country,is_aml,pattern_type
TX_INDUS_110701,INDUS_ACC_20121,INDUS_ACC_20230,50519.95,2026-01-10 14:00:00,SETTLEMENT,WIRE,IndusInd Bank,IN,0,NORMAL_BANKING_FLOW
TX_INDUS_110702,INDUS_ACC_20136,INDUS_ACC_20073,205950.35,2026-01-10 14:00:25,SETTLEMENT,WIRE,IndusInd Bank,IN,0,NORMAL_BANKING_FLOW
TX_INDUS_110703,INDUS_ACC_20243,SBI_ACC_20241,59529.09,2026-01-10 14:01:28,SETTLEMENT,RTGS,IndusInd Bank,IN,0,NORMAL_BANKING_FLOW
TX_INDUS_110704,INDUS_ACC_20085,INDUS_ACC_20172,454356.89,2026-01-10 14:02:54,SETTLEMENT,WIRE,IndusInd Bank,IN,0,NORMAL_BANKING_FLOW
TX_INDUS_110705,INDUS_ACC_20241,INDUS_ACC_20219,199943.22,2026-01-10 14:03:16,SETTLEMENT,WIRE,IndusInd Bank,IN,0,NORMAL_BANKING_FLOW
TX_INDUS_110706,INDUS_ACC_20183,INDUS_ACC_20106,42286.76,2026-01-10 14:04:50,SETTLEMENT,RTGS,IndusInd Bank,IN,0,NORMAL_BANKING_FLOW
TX_INDUS_110707,INDUS_ACC_20117,INDUS_ACC_20198,102612.78,2026-01-10 14:03:00,SETTLEMENT,RTGS,IndusInd Bank,IN,0,NORMAL_BANKING_FLOW
TX_INDUS_110708,INDUS_ACC_20003,ICICI_ACC_20011,33772.43,2026-01-10 14:06:46,SETTLEMENT,RTGS,IndusInd Bank,IN,0,NORMAL_BANKING_FLOW
TX_INDUS_110709,INDUS_ACC_20049,INDUS_ACC_20200,79292.45,2026-01-10 14:07:44,SETTLEMENT,RTGS,IndusInd Bank,IN,0,NORMAL_BANKING_FLOW
TX_INDUS_110710,INDUS_ACC_20088,INDUS_ACC_20054,50740.93,2026-01-10 14:07:39,SETTLEMENT,RTGS,IndusInd Bank,IN,0,NORMAL_BANKING_FLOW
TX_INDUS_110711,INDUS_ACC_20198,INDUS_ACC_20047,404219.84,2026-01-10 14:07:00,SETTLEMENT,WIRE,IndusInd Bank,IN,0,NORMAL_BANKING_FLOW
TX_INDUS_110712,INDUS_ACC_20096,INDUS_ACC_20116,1250700.64,2026-01-10 14:08:37,SETTLEMENT,WIRE,IndusInd Bank,IN,0,NORMAL_BANKING_FLOW
TX_INDUS_110713,INDUS_ACC_20088,INDUS_ACC_20131,17722.21,2026-01-10 14:07:36,SETTLEMENT,WIRE,IndusInd Bank,IN,0,NORMAL_BANKING_FLOW
TX_INDUS_110714,INDUS_ACC_20240,INDUS_ACC_20138,9819.65,2026-01-10 14:08:53,SETTLEMENT,WIRE,IndusInd Bank,IN,0,NORMAL_BANKING_FLOW
TX_INDUS_110715,INDUS_ACC_20244,INDUS_ACC_20098,73555.32,2026-01-10 14:08:52,SETTLEMENT,RTGS,IndusInd Bank,IN,0,NORMAL_BANKING_FLOW
TX_INDUS_110716,INDUS_ACC_20128,INDUS_ACC_20042,15960.96,2026-01-10 14:08:00,SETTLEMENT,WIRE,IndusInd Bank,IN,0,NORMAL_BANKING_FLOW
TX_INDUS_110717,INDUS_ACC_20223,CANARA_ACC_20028,104344.58,2026-01-10 14:15:12,SETTLEMENT,RTGS,IndusInd Bank,IN,0,NORMAL_BANKING_FLOW
TX_INDUS_110718,INDUS_ACC_20013,INDUS_ACC_20091,242491.84,2026-01-10 14:08:13,SETTLEMENT,RTGS,IndusInd Bank,IN,0,NORMAL_BANKING_FLOW
TX_INDUS_110719,INDUS_ACC_20067,INDUS_ACC_20063,593012.22,2026-01-10 14:09:18,SETTLEMENT,RTGS,IndusInd Bank,IN,0,NORMAL_BANKING_FLOW
TX_INDUS_110720,INDUS_ACC_20159,INDUS_ACC_20034,125702.52,2026-01-10 14:09:30,SETTLEMENT,RTGS,IndusInd Bank,IN,0,NORMAL_BANKING_FLOW
TX_INDUS_110721,INDUS_ACC_20160,KOTAK_ACC_20073,78293.02,2026-01-10 14:17:20,SETTLEMENT,RTGS,IndusInd Bank,IN,0,NORMAL_BANKING_FLOW
TX_INDUS_110722,INDUS_ACC_20209,INDUS_ACC_20178,9190.61,2026-01-10 14:15:24,SETTLEMENT,RTGS,IndusInd Bank,IN,0,NORMAL_BANKING_FLOW
TX_INDUS_110723,INDUS_ACC_20084,INDUS_ACC_20099,101866.88,2026-01-10 14:12:28,SETTLEMENT,RTGS,IndusInd Bank,IN,0,NORMAL_BANKING_FLOW
TX_INDUS_110724,INDUS_ACC_20123,INDUS_ACC_20155,107532.1,2026-01-10 14:10:44,SETTLEMENT,WIRE,IndusInd Bank,IN,0,NORMAL_BANKING_FLOW
TX_INDUS_110725,INDUS_ACC_20218,INDUS_ACC_20026,212510.82,2026-01-10 14:14:24,SETTLEMENT,WIRE,IndusInd Bank,IN,0,NORMAL_BANKING_FLOW
TX_INDUS_110726,INDUS_ACC_20030,INDUS_ACC_20166,42184.76,2026-01-10 14:21:40,SETTLEMENT,RTGS,IndusInd Bank,IN,0,NORMAL_BANKING_FLOW
TX_INDUS_110727,INDUS_ACC_20093,INDUS_ACC_20089,58567.6,2026-01-10 14:18:38,SETTLEMENT,WIRE,IndusInd Bank,IN,0,NORMAL_BANKING_FLOW
TX_INDUS_110728,INDUS_ACC_20041,INDUS_ACC_20135,16754.08,2026-01-10 14:15:45,SETTLEMENT,WIRE,IndusInd Bank,IN,0,NORMAL_BANKING_FLOW
TX_INDUS_110729,INDUS_ACC_20063,ICICI_ACC_20073,6313.52,2026-01-10 14:09:48,SETTLEMENT,WIRE,IndusInd Bank,IN,0,NORMAL_BANKING_FLOW
TX_INDUS_110730,INDUS_ACC_20157,INDUS_ACC_20247,26102.95,2026-01-10 14:09:11,SETTLEMENT,WIRE,IndusInd Bank,IN,0,NORMAL_BANKING_FLOW
TX_INDUS_110731,INDUS_ACC_20020,INDUS_ACC_20221,14997.05,2026-01-10 14:22:00,SETTLEMENT,WIRE,IndusInd Bank,IN,0,NORMAL_BANKING_FLOW
TX_INDUS_110732,INDUS_ACC_20096,INDUS_ACC_20201,147864.97,2026-01-10 14:10:51,SETTLEMENT,WIRE,IndusInd Bank,IN,0,NORMAL_BANKING_FLOW
TX_INDUS_110733,INDUS_ACC_20209,INDUS_ACC_20013,53010.17,2026-01-10 14:23:28,SETTLEMENT,RTGS,IndusInd Bank,IN,0,NORMAL_BANKING_FLOW
TX_INDUS_110734,INDUS_ACC_20248,INDUS_ACC_20151,51746.67,2026-01-10 14:17:03,SETTLEMENT,WIRE,IndusInd Bank,IN,0,NORMAL_BANKING_FLOW
TX_INDUS_110735,INDUS_ACC_20039,INDUS_ACC_20067,30293.98,2026-01-10 14:27:12,SETTLEMENT,RTGS,IndusInd Bank,IN,0,NORMAL_BANKING_FLOW
TX_INDUS_110736,INDUS_ACC_20146,CANARA_ACC_20064,2040.44,2026-01-10 14:16:55,SETTLEMENT,WIRE,IndusInd Bank,IN,0,NORMAL_BANKING_FLOW
TX_INDUS_110737,INDUS_ACC_20162,INDUS_ACC_20122,603181.18,2026-01-10 14:31:48,SETTLEMENT,RTGS,IndusInd Bank,IN,0,NORMAL_BANKING_FLOW
TX_INDUS_110738,INDUS_ACC_20132,INDUS_ACC_20054,29722.97,2026-01-10 14:24:03,SETTLEMENT,WIRE,IndusInd Bank,IN,0,NORMAL_BANKING_FLOW
TX_INDUS_110739,INDUS_ACC_20020,INDUS_ACC_20189,60180.03,2026-01-10 14:38:00,SETTLEMENT,WIRE,IndusInd Bank,IN,0,NORMAL_BANKING_FLOW
TX_INDUS_110740,INDUS_ACC_20134,INDUS_ACC_20207,17225.21,2026-01-10 14:13:00,SETTLEMENT,WIRE,IndusInd Bank,IN,0,NORMAL_BANKING_FLOW
TX_INDUS_110741,INDUS_ACC_20247,BOB_ACC_20172,316892.04,2026-01-10 14:29:20,SETTLEMENT,RTGS,IndusInd Bank,IN,0,NORMAL_BANKING_FLOW
TX_INDUS_110742,INDUS_ACC_20048,INDUS_ACC_20159,117255.98,2026-01-10 14:12:18,SETTLEMENT,WIRE,IndusInd Bank,IN,0,NORMAL_BANKING_FLOW
TX_INDUS_110743,INDUS_ACC_20041,CANARA_ACC_20214,36620.43,2026-01-10 14:28:42,SETTLEMENT,WIRE,IndusInd Bank,IN,0,NORMAL_BANKING_FLOW
TX_INDUS_110744,INDUS_ACC_20163,PNB_ACC_20049,61655.92,2026-01-10 14:36:33,SETTLEMENT,WIRE,IndusInd Bank,IN,0,NORMAL_BANKING_FLOW
TX_INDUS_110745,INDUS_ACC_20107,INDUS_ACC_20081,739563.86,2026-01-10 14:41:48,SETTLEMENT,RTGS,IndusInd Bank,IN,0,NORMAL_BANKING_FLOW
TX_INDUS_110746,INDUS_ACC_20076,INDUS_ACC_20233,90439.53,2026-01-10 14:44:15,SETTLEMENT,WIRE,IndusInd Bank,IN,0,NORMAL_BANKING_FLOW
TX_INDUS_110747,INDUS_ACC_20136,KOTAK_ACC_20237,79373.49,2026-01-10 14:42:10,SETTLEMENT,WIRE,IndusInd Bank,IN,0,NORMAL_BANKING_FLOW
TX_INDUS_110748,INDUS_ACC_20137,CANARA_ACC_20108,31899.39,2026-01-10 14:28:12,SETTLEMENT,WIRE,IndusInd Bank,IN,0,NORMAL_BANKING_FLOW
TX_INDUS_110749,INDUS_ACC_20144,HDFC_ACC_20163,10162.94,2026-01-10 14:40:48,SETTLEMENT,RTGS,IndusInd Bank,IN,0,NORMAL_BANKING_FLOW
TX_INDUS_110750,INDUS_ACC_20023,INDUS_ACC_20127,81467.02,2026-01-10 14:20:25,SETTLEMENT,RTGS,IndusInd Bank,IN,0,NORMAL_BANKING_FLOW
TX_INDUS_110751,INDUS_ACC_20221,INDUS_ACC_20200,145886.2,2026-01-10 14:40:00,SETTLEMENT,RTGS,IndusInd Bank,IN,0,NORMAL_BANKING_FLOW
TX_INDUS_110752,INDUS_ACC_20061,INDUS_ACC_20236,369350.51,2026-01-10 14:40:48,SETTLEMENT,WIRE,IndusInd Bank,IN,0,NORMAL_BANKING_FLOW
TX_INDUS_110753,INDUS_ACC_20188,INDUS_ACC_20191,6646.22,2026-01-10 14:29:28,SETTLEMENT,RTGS,IndusInd Bank,IN,0,NORMAL_BANKING_FLOW
TX_INDUS_110754,INDUS_ACC_20183,INDUS_ACC_20045,25588.14,2026-01-10 14:27:23,SETTLEMENT,RTGS,IndusInd Bank,IN,0,NORMAL_BANKING_FLOW
TX_INDUS_110755,INDUS_ACC_20014,ICICI_ACC_20073,49173.53,2026-01-10 14:34:12,SETTLEMENT,WIRE,IndusInd Bank,IN,0,NORMAL_BANKING_FLOW
TX_INDUS_110756,INDUS_ACC_20127,INDUS_ACC_20026,98304.29,2026-01-10 14:33:55,SETTLEMENT,RTGS,IndusInd Bank,IN,0,NORMAL_BANKING_FLOW
TX_INDUS_110757,INDUS_ACC_20207,INDUS_ACC_20069,82947.2,2026-01-10 14:36:24,SETTLEMENT,WIRE,IndusInd Bank,IN,0,NORMAL_BANKING_FLOW
TX_INDUS_110758,INDUS_ACC_20233,ICICI_ACC_20131,85303.74,2026-01-10 14:26:36,SETTLEMENT,RTGS,IndusInd Bank,IN,0,NORMAL_BANKING_FLOW
TX_INDUS_110759,INDUS_ACC_20126,ICICI_ACC_20052,161089.48,2026-01-10 14:39:38,SETTLEMENT,RTGS,IndusInd Bank,IN,0,NORMAL_BANKING_FLOW
TX_INDUS_110760,INDUS_ACC_20162,SBI_ACC_20033,33391.22,2026-01-10 14:20:39,SETTLEMENT,RTGS,IndusInd Bank,IN,0,NORMAL_BANKING_FLOW
TX_INDUS_110761,INDUS_ACC_20011,SBI_ACC_20199,302842.98,2026-01-10 14:48:00,SETTLEMENT,WIRE,IndusInd Bank,IN,0,NORMAL_BANKING_FLOW
TX_INDUS_110762,INDUS_ACC_20099,INDUS_ACC_20075,166066.39,2026-01-10 14:55:55,SETTLEMENT,WIRE,IndusInd Bank,IN,0,NORMAL_BANKING_FLOW
TX_INDUS_110763,INDUS_ACC_20071,INDUS_ACC_20000,67251.95,2026-01-10 14:33:04,SETTLEMENT,RTGS,IndusInd Bank,IN,0,NORMAL_BANKING_FLOW
TX_INDUS_110764,INDUS_ACC_20247,YES_ACC_20248,674070.23,2026-01-10 14:27:18,SETTLEMENT,WIRE,IndusInd Bank,IN,0,NORMAL_BANKING_FLOW
TX_INDUS_110765,INDUS_ACC_20093,INDUS_ACC_20018,639025.25,2026-01-10 14:29:52,SETTLEMENT,RTGS,IndusInd Bank,IN,0,NORMAL_BANKING_FLOW
TX_INDUS_110766,INDUS_ACC_20045,INDUS_ACC_20141,302390.48,2026-01-10 15:05:00,SETTLEMENT,RTGS,IndusInd Bank,IN,0,NORMAL_BANKING_FLOW
TX_INDUS_110767,INDUS_ACC_20009,PNB_ACC_20038,2637.88,2026-01-10 15:02:42,SETTLEMENT,WIRE,IndusInd Bank,IN,0,NORMAL_BANKING_FLOW
TX_INDUS_110768,INDUS_ACC_20184,KOTAK_ACC_20173,656536.86,2026-01-10 14:23:27,SETTLEMENT,RTGS,IndusInd Bank,IN,0,NORMAL_BANKING_FLOW
TX_INDUS_110769,INDUS_ACC_20058,HDFC_ACC_20121,256199.12,2026-01-10 15:02:20,SETTLEMENT,WIRE,IndusInd Bank,IN,0,NORMAL_BANKING_FLOW
TX_INDUS_110770,INDUS_ACC_20171,INDUS_ACC_20129,1096561.97,2026-01-10 14:26:27,SETTLEMENT,WIRE,IndusInd Bank,IN,0,NORMAL_BANKING_FLOW
TX_INDUS_110771,INDUS_ACC_20186,KOTAK_ACC_20137,435808.2,2026-01-10 14:44:20,SETTLEMENT,RTGS,IndusInd Bank,IN,0,NORMAL_BANKING_FLOW
TX_INDUS_110772,INDUS_ACC_20013,INDUS_ACC_20193,656062.42,2026-01-10 14:44:58,SETTLEMENT,RTGS,IndusInd Bank,IN,0,NORMAL_BANKING_FLOW
TX_INDUS_110773,INDUS_ACC_20062,INDUS_ACC_20168,283335.17,2026-01-10 14:28:48,SETTLEMENT,WIRE,IndusInd Bank,IN,0,NORMAL_BANKING_FLOW
TX_INDUS_110774,INDUS_ACC_20043,INDUS_ACC_20229,498038.09,2026-01-10 14:54:45,SETTLEMENT,RTGS,IndusInd Bank,IN,0,NORMAL_BANKING_FLOW
TX_INDUS_110775,INDUS_ACC_20238,INDUS_ACC_20208,1080515.16,2026-01-10 14:43:10,SETTLEMENT,WIRE,IndusInd Bank,IN,0,NORMAL_BANKING_FLOW
TX_INDUS_110776,INDUS_ACC_20103,HDFC_ACC_20057,128010.26,2026-01-10 14:37:30,SETTLEMENT,RTGS,IndusInd Bank,IN,0,NORMAL_BANKING_FLOW
TX_INDUS_110777,INDUS_ACC_20068,INDUS_ACC_20136,14962.81,2026-01-10 15:08:24,SETTLEMENT,RTGS,IndusInd Bank,IN,0,NORMAL_BANKING_FLOW
TX_INDUS_110778,INDUS_ACC_20093,ICICI_ACC_20050,68257.8,2026-01-10 15:08:01,SETTLEMENT,RTGS,IndusInd Bank,IN,0,NORMAL_BANKING_FLOW
TX_INDUS_110779,INDUS_ACC_20125,INDUS_ACC_20095,157618.8,2026-01-10 14:41:36,SETTLEMENT,RTGS,IndusInd Bank,IN,0,NORMAL_BANKING_FLOW
TX_INDUS_110780,INDUS_ACC_20231,AXIS_ACC_20056,107997.69,2026-01-10 14:53:59,SETTLEMENT,WIRE,IndusInd Bank,IN,0,NORMAL_BANKING_FLOW
TX_INDUS_110781,INDUS_ACC_20091,INDUS_ACC_20131,22117.53,2026-01-10 14:48:00,SETTLEMENT,RTGS,IndusInd Bank,IN,0,NORMAL_BANKING_FLOW
TX_INDUS_110782,INDUS_ACC_20016,INDUS_ACC_20040,13942.8,2026-01-10 14:51:18,SETTLEMENT,WIRE,IndusInd Bank,IN,0,NORMAL_BANKING_FLOW
TX_INDUS_110783,INDUS_ACC_20053,INDUS_ACC_20200,40562.72,2026-01-10 15:08:20,SETTLEMENT,RTGS,IndusInd Bank,IN,0,NORMAL_BANKING_FLOW
TX_INDUS_110784,INDUS_ACC_20202,INDUS_ACC_20143,260221.24,2026-01-10 14:59:29,SETTLEMENT,RTGS,IndusInd Bank,IN,0,NORMAL_BANKING_FLOW
TX_INDUS_110785,INDUS_ACC_20088,CANARA_ACC_20182,657636.57,2026-01-10 14:23:48,SETTLEMENT,RTGS,IndusInd Bank,IN,0,NORMAL_BANKING_FLOW
TX_INDUS_110786,INDUS_ACC_20215,INDUS_ACC_20134,296523.32,2026-01-10 14:39:40,SETTLEMENT,WIRE,IndusInd Bank,IN,0,NORMAL_BANKING_FLOW
TX_INDUS_110787,INDUS_ACC_20249,ICICI_ACC_20103,351130.33,2026-01-10 14:21:30,SETTLEMENT,RTGS,IndusInd Bank,IN,0,NORMAL_BANKING_FLOW
TX_INDUS_110788,INDUS_ACC_20147,INDUS_ACC_20002,89592.0,2026-01-10 15:19:45,SETTLEMENT,RTGS,IndusInd Bank,IN,0,NORMAL_BANKING_FLOW
TX_INDUS_110789,INDUS_ACC_20226,SBI_ACC_20026,12203.78,2026-01-10 14:49:52,SETTLEMENT,RTGS,IndusInd Bank,IN,0,NORMAL_BANKING_FLOW
TX_INDUS_110790,INDUS_ACC_20003,INDUS_ACC_20174,57167.18,2026-01-10 15:05:16,SETTLEMENT,WIRE,IndusInd Bank,IN,0,NORMAL_BANKING_FLOW
TX_INDUS_110791,INDUS_ACC_20082,INDUS_ACC_20196,72365.34,2026-01-10 15:00:00,SETTLEMENT,RTGS,IndusInd Bank,IN,0,NORMAL_BANKING_FLOW
TX_INDUS_110792,INDUS_ACC_20191,INDUS_ACC_20101,54368.33,2026-01-10 15:21:54,SETTLEMENT,WIRE,IndusInd Bank,IN,0,NORMAL_BANKING_FLOW
TX_INDUS_110793,INDUS_ACC_20101,CANARA_ACC_20221,105412.22,2026-01-10 14:53:40,SETTLEMENT,WIRE,IndusInd Bank,IN,0,NORMAL_BANKING_FLOW
TX_INDUS_110794,INDUS_ACC_20041,INDUS_ACC_20075,167661.73,2026-01-10 15:33:00,SETTLEMENT,WIRE,IndusInd Bank,IN,0,NORMAL_BANKING_FLOW
TX_INDUS_110795,INDUS_ACC_20061,INDUS_ACC_20103,274750.37,2026-01-10 14:40:44,SETTLEMENT,RTGS,IndusInd Bank,IN,0,NORMAL_BANKING_FLOW
TX_INDUS_110796,INDUS_ACC_20146,INDUS_ACC_20009,70703.91,2026-01-10 14:47:30,SETTLEMENT,WIRE,IndusInd Bank,IN,0,NORMAL_BANKING_FLOW
TX_INDUS_110797,INDUS_ACC_20120,HDFC_ACC_20189,10051.62,2026-01-10 15:07:12,SETTLEMENT,WIRE,IndusInd Bank,IN,0,NORMAL_BANKING_FLOW
TX_INDUS_110798,INDUS_ACC_20061,INDUS_ACC_20020,55301.03,2026-01-10 14:48:30,SETTLEMENT,RTGS,IndusInd Bank,IN,0,NORMAL_BANKING_FLOW
TX_INDUS_110799,INDUS_ACC_20023,ICICI_ACC_20213,104031.86,2026-01-10 15:33:06,SETTLEMENT,WIRE,IndusInd Bank,IN,0,NORMAL_BANKING_FLOW
TX_INDUS_110800,INDUS_ACC_20039,INDUS_ACC_20027,428210.21,2026-01-10 14:29:42,SETTLEMENT,WIRE,IndusInd Bank,IN,0,NORMAL_BANKING_FLOW
TX_INDUS_110801,INDUS_ACC_20055,INDUS_ACC_20106,49942.65,2026-01-10 14:38:20,SETTLEMENT,WIRE,IndusInd Bank,IN,0,NORMAL_BANKING_FLOW
TX_INDUS_110802,INDUS_ACC_20248,KOTAK_ACC_20000,182599.84,2026-01-10 15:37:38,SETTLEMENT,WIRE,IndusInd Bank,IN,0,NORMAL_BANKING_FLOW
TX_INDUS_110803,INDUS_ACC_20162,INDUS_ACC_20084,139819.21,2026-01-10 15:42:00,SETTLEMENT,WIRE,IndusInd Bank,IN,0,NORMAL_BANKING_FLOW
TX_INDUS_110804,INDUS_ACC_20066,ICICI_ACC_20043,104055.6,2026-01-10 14:58:22,SETTLEMENT,RTGS,IndusInd Bank,IN,0,NORMAL_BANKING_FLOW
TX_INDUS_110805,INDUS_ACC_20038,INDUS_ACC_20033,301534.58,2026-01-10 14:57:12,SETTLEMENT,RTGS,IndusInd Bank,IN,0,NORMAL_BANKING_FLOW
TX_INDUS_110806,INDUS_ACC_20006,INDUS_ACC_20034,44667.01,2026-01-10 15:43:15,SETTLEMENT,RTGS,IndusInd Bank,IN,0,NORMAL_BANKING_FLOW
TX_INDUS_110807,INDUS_ACC_20154,INDUS_ACC_20169,49502.39,2026-01-10 15:15:58,SETTLEMENT,WIRE,IndusInd Bank,IN,0,NORMAL_BANKING_FLOW
TX_INDUS_110808,INDUS_ACC_20169,INDUS_ACC_20015,97316.03,2026-01-10 15:43:26,SETTLEMENT,RTGS,IndusInd Bank,IN,0,NORMAL_BANKING_FLOW
TX_INDUS_110809,INDUS_ACC_20125,INDUS_ACC_20183,45790.15,2026-01-10 15:40:48,SETTLEMENT,WIRE,IndusInd Bank,IN,0,NORMAL_BANKING_FLOW
TX_INDUS_110810,INDUS_ACC_20194,INDUS_ACC_20082,181609.63,2026-01-10 14:52:41,SETTLEMENT,RTGS,IndusInd Bank,IN,0,NORMAL_BANKING_FLOW
TX_INDUS_110811,INDUS_ACC_20240,INDUS_ACC_20105,41947.3,2026-01-10 15:11:30,SETTLEMENT,RTGS,IndusInd Bank,IN,0,NORMAL_BANKING_FLOW
TX_INDUS_110812,INDUS_ACC_20228,BOB_ACC_20070,129516.69,2026-01-10 14:48:06,SETTLEMENT,WIRE,IndusInd Bank,IN,0,NORMAL_BANKING_FLOW
TX_INDUS_110813,INDUS_ACC_20204,INDUS_ACC_20014,87534.88,2026-01-10 15:16:32,SETTLEMENT,WIRE,IndusInd Bank,IN,0,NORMAL_BANKING_FLOW
TX_INDUS_110814,INDUS_ACC_20229,CANARA_ACC_20117,127760.3,2026-01-10 15:32:17,SETTLEMENT,WIRE,IndusInd Bank,IN,0,NORMAL_BANKING_FLOW
TX_INDUS_110815,INDUS_ACC_20055,INDUS_ACC_20232,56857.89,2026-01-10 15:38:48,SETTLEMENT,WIRE,IndusInd Bank,IN,0,NORMAL_BANKING_FLOW
TX_INDUS_110816,INDUS_ACC_20048,INDUS_ACC_20120,65715.76,2026-01-10 15:01:20,SETTLEMENT,RTGS,IndusInd Bank,IN,0,NORMAL_BANKING_FLOW
TX_INDUS_110817,INDUS_ACC_20100,INDUS_ACC_20239,110769.98,2026-01-10 14:32:52,SETTLEMENT,WIRE,IndusInd Bank,IN,0,NORMAL_BANKING_FLOW
TX_INDUS_110818,INDUS_ACC_20032,INDUS_ACC_20049,125805.13,2026-01-10 14:58:30,SETTLEMENT,RTGS,IndusInd Bank,IN,0,NORMAL_BANKING_FLOW
TX_INDUS_110819,INDUS_ACC_20085,INDUS_ACC_20215,98219.27,2026-01-10 14:43:16,SETTLEMENT,WIRE,IndusInd Bank,IN,0,NORMAL_BANKING_FLOW
TX_INDUS_110820,INDUS_ACC_20125,AXIS_ACC_20109,764085.39,2026-01-10 14:49:35,SETTLEMENT,RTGS,IndusInd Bank,IN,0,NORMAL_BANKING_FLOW
TX_INDUS_110821,INDUS_ACC_20074,INDUS_ACC_20154,30064.96,2026-01-10 14:52:00,SETTLEMENT,WIRE,IndusInd Bank,IN,0,NORMAL_BANKING_FLOW
TX_INDUS_110822,INDUS_ACC_20120,CANARA_ACC_20050,91395.86,2026-01-10 15:54:57,SETTLEMENT,WIRE,IndusInd Bank,IN,0,NORMAL_BANKING_FLOW
TX_INDUS_110823,INDUS_ACC_20046,INDUS_ACC_20050,14937.73,2026-01-10 15:39:38,SETTLEMENT,WIRE,IndusInd Bank,IN,0,NORMAL_BANKING_FLOW
TX_INDUS_110824,INDUS_ACC_20071,INDUS_ACC_20153,154275.89,2026-01-10 15:36:21,SETTLEMENT,RTGS,IndusInd Bank,IN,0,NORMAL_BANKING_FLOW
TX_INDUS_110825,INDUS_ACC_20041,AXIS_ACC_20050,25892.38,2026-01-10 14:51:40,SETTLEMENT,RTGS,IndusInd Bank,IN,0,NORMAL_BANKING_FLOW
TX_INDUS_110826,INDUS_ACC_20021,INDUS_ACC_20241,70687.76,2026-01-10 15:40:00,SETTLEMENT,WIRE,IndusInd Bank,IN,0,NORMAL_BANKING_FLOW
TX_INDUS_110827,INDUS_ACC_20041,INDUS_ACC_20154,63166.09,2026-01-10 15:13:30,SETTLEMENT,RTGS,IndusInd Bank,IN,0,NORMAL_BANKING_FLOW
TX_INDUS_110828,INDUS_ACC_20124,INDUS_ACC_20198,138284.63,2026-01-10 14:33:52,SETTLEMENT,RTGS,IndusInd Bank,IN,0,NORMAL_BANKING_FLOW
TX_INDUS_110829,INDUS_ACC_20074,SBI_ACC_20224,50850.79,2026-01-10 15:50:56,SETTLEMENT,WIRE,IndusInd Bank,IN,0,NORMAL_BANKING_FLOW
TX_INDUS_110830,INDUS_ACC_20071,INDUS_ACC_20043,48321.56,2026-01-10 16:04:42,SETTLEMENT,RTGS,IndusInd Bank,IN,0,NORMAL_BANKING_FLOW
TX_INDUS_110831,INDUS_ACC_20041,INDUS_ACC_20039,552952.71,2026-01-10 15:13:40,SETTLEMENT,RTGS,IndusInd Bank,IN,0,NORMAL_BANKING_FLOW
TX_INDUS_110832,INDUS_ACC_20099,INDUS_ACC_20006,138895.92,2026-01-10 15:07:41,SETTLEMENT,WIRE,IndusInd Bank,IN,0,NORMAL_BANKING_FLOW
TX_INDUS_110833,INDUS_ACC_20165,INDUS_ACC_20147,50349.25,2026-01-10 15:45:36,SETTLEMENT,WIRE,IndusInd Bank,IN,0,NORMAL_BANKING_FLOW
TX_INDUS_110834,INDUS_ACC_20223,INDUS_ACC_20089,73057.32,2026-01-10 16:13:00,SETTLEMENT,RTGS,IndusInd Bank,IN,0,NORMAL_BANKING_FLOW
TX_INDUS_110835,INDUS_ACC_20232,INDUS_ACC_20248,710998.74,2026-01-10 14:37:58,SETTLEMENT,RTGS,IndusInd Bank,IN,0,NORMAL_BANKING_FLOW
TX_INDUS_110836,INDUS_ACC_20050,INDUS_ACC_20118,74443.98,2026-01-10 16:01:30,SETTLEMENT,WIRE,IndusInd Bank,IN,0,NORMAL_BANKING_FLOW
TX_INDUS_110837,INDUS_ACC_20236,INDUS_ACC_20087,43168.57,2026-01-10 15:12:32,SETTLEMENT,RTGS,IndusInd Bank,IN,0,NORMAL_BANKING_FLOW
TX_INDUS_110838,INDUS_ACC_20186,AXIS_ACC_20053,43390.88,2026-01-10 15:54:10,SETTLEMENT,WIRE,IndusInd Bank,IN,0,NORMAL_BANKING_FLOW
TX_INDUS_110839,INDUS_ACC_20130,INDUS_ACC_20150,51074.89,2026-01-10 16:18:00,SETTLEMENT,WIRE,IndusInd Bank,IN,0,NORMAL_BANKING_FLOW
TX_INDUS_110840,INDUS_ACC_20020,SBI_ACC_20087,48368.44,2026-01-10 15:28:02,SETTLEMENT,WIRE,IndusInd Bank,IN,0,NORMAL_BANKING_FLOW
TX_INDUS_110841,INDUS_ACC_20148,INDUS_ACC_20068,21256.6,2026-01-10 15:10:00,SETTLEMENT,WIRE,IndusInd Bank,IN,0,NORMAL_BANKING_FLOW
TX_INDUS_110842,INDUS_ACC_20092,INDUS_ACC_20015,25615.68,2026-01-10 15:24:36,SETTLEMENT,WIRE,IndusInd Bank,IN,0,NORMAL_BANKING_FLOW
TX_INDUS_110843,INDUS_ACC_20047,INDUS_ACC_20233,36490.8,2026-01-10 15:51:14,SETTLEMENT,WIRE,IndusInd Bank,IN,0,NORMAL_BANKING_FLOW
TX_INDUS_110844,INDUS_ACC_20046,AXIS_ACC_20003,200763.97,2026-01-10 15:47:15,SETTLEMENT,RTGS,IndusInd Bank,IN,0,NORMAL_BANKING_FLOW
TX_INDUS_110845,INDUS_ACC_20143,INDUS_ACC_20228,62474.59,2026-01-10 14:36:00,SETTLEMENT,RTGS,IndusInd Bank,IN,0,NORMAL_BANKING_FLOW
TX_INDUS_110846,INDUS_ACC_20154,BOB_ACC_20211,76988.09,2026-01-10 14:45:55,SETTLEMENT,WIRE,IndusInd Bank,IN,0,NORMAL_BANKING_FLOW
TX_INDUS_110847,INDUS_ACC_20116,INDUS_ACC_20185,453207.62,2026-01-10 15:22:44,SETTLEMENT,RTGS,IndusInd Bank,IN,0,NORMAL_BANKING_FLOW
TX_INDUS_110848,INDUS_ACC_20043,HDFC_ACC_20068,466964.53,2026-01-10 16:14:45,SETTLEMENT,WIRE,IndusInd Bank,IN,0,NORMAL_BANKING_FLOW
TX_INDUS_110849,INDUS_ACC_20093,YES_ACC_20222,70364.92,2026-01-10 16:03:20,SETTLEMENT,RTGS,IndusInd Bank,IN,0,NORMAL_BANKING_FLOW
TX_INDUS_110850,INDUS_ACC_20163,ICICI_ACC_20170,46303.08,2026-01-10 15:34:22,SETTLEMENT,RTGS,IndusInd Bank,IN,0,NORMAL_BANKING_FLOW
TX_INDUS_110851,INDUS_ACC_20240,SBI_ACC_20191,34985.31,2026-01-10 14:57:30,SETTLEMENT,RTGS,IndusInd Bank,IN,0,NORMAL_BANKING_FLOW
TX_INDUS_110852,INDUS_ACC_20033,INDUS_ACC_20095,226688.23,2026-01-10 15:05:26,SETTLEMENT,RTGS,IndusInd Bank,IN,0,NORMAL_BANKING_FLOW
TX_INDUS_110853,INDUS_ACC_20067,HDFC_ACC_20203,77215.18,2026-01-10 16:19:20,SETTLEMENT,WIRE,IndusInd Bank,IN,0,NORMAL_BANKING_FLOW
TX_INDUS_110854,INDUS_ACC_20015,PNB_ACC_20090,62081.67,2026-01-10 14:56:06,SETTLEMENT,WIRE,IndusInd Bank,IN,0,NORMAL_BANKING_FLOW
TX_INDUS_110855,INDUS_ACC_20077,ICICI_ACC_20108,37182.84,2026-01-10 15:45:14,SETTLEMENT,RTGS,IndusInd Bank,IN,0,NORMAL_BANKING_FLOW
TX_INDUS_110856,INDUS_ACC_20107,BOB_ACC_20006,39198.76,2026-01-10 16:27:15,SETTLEMENT,RTGS,IndusInd Bank,IN,0,NORMAL_BANKING_FLOW
TX_INDUS_110857,INDUS_ACC_20211,INDUS_ACC_20012,144939.23,2026-01-10 16:25:36,SETTLEMENT,WIRE,IndusInd Bank,IN,0,NORMAL_BANKING_FLOW
TX_INDUS_110858,INDUS_ACC_20077,INDUS_ACC_20063,20362.99,2026-01-10 15:31:35,SETTLEMENT,WIRE,IndusInd Bank,IN,0,NORMAL_BANKING_FLOW
TX_INDUS_110859,INDUS_ACC_20068,INDUS_ACC_20074,325735.97,2026-01-10 15:11:06,SETTLEMENT,RTGS,IndusInd Bank,IN,0,NORMAL_BANKING_FLOW
TX_INDUS_110860,INDUS_ACC_20183,INDUS_ACC_20110,52020.15,2026-01-10 15:32:45,SETTLEMENT,WIRE,IndusInd Bank,IN,0,NORMAL_BANKING_FLOW
TX_INDUS_110861,INDUS_ACC_20185,ICICI_ACC_20104,82490.37,2026-01-10 15:33:20,SETTLEMENT,RTGS,IndusInd Bank,IN,0,NORMAL_BANKING_FLOW
TX_INDUS_110862,INDUS_ACC_20056,INDUS_ACC_20015,19843.39,2026-01-10 16:27:35,SETTLEMENT,RTGS,IndusInd Bank,IN,0,NORMAL_BANKING_FLOW
TX_INDUS_110863,INDUS_ACC_20229,AXIS_ACC_20122,97261.73,2026-01-10 16:39:18,SETTLEMENT,WIRE,IndusInd Bank,IN,0,NORMAL_BANKING_FLOW
TX_INDUS_110864,INDUS_ACC_20227,KOTAK_ACC_20048,66570.37,2026-01-10 14:51:37,SETTLEMENT,RTGS,IndusInd Bank,IN,0,NORMAL_BANKING_FLOW
TX_INDUS_110865,INDUS_ACC_20016,INDUS_ACC_20216,92958.02,2026-01-10 15:00:08,SETTLEMENT,RTGS,IndusInd Bank,IN,0,NORMAL_BANKING_FLOW
TX_INDUS_110866,INDUS_ACC_20166,PNB_ACC_20061,577261.52,2026-01-10 15:52:45,SETTLEMENT,WIRE,IndusInd Bank,IN,0,NORMAL_BANKING_FLOW
TX_INDUS_110867,INDUS_ACC_20047,INDUS_ACC_20094,122178.41,2026-01-10 14:52:34,SETTLEMENT,WIRE,IndusInd Bank,IN,0,NORMAL_BANKING_FLOW
TX_INDUS_110868,INDUS_ACC_20197,INDUS_ACC_20150,38040.59,2026-01-10 15:09:35,SETTLEMENT,WIRE,IndusInd Bank,IN,0,NORMAL_BANKING_FLOW
TX_INDUS_110869,INDUS_ACC_20140,INDUS_ACC_20111,42041.65,2026-01-10 16:00:24,SETTLEMENT,RTGS,IndusInd Bank,IN,0,NORMAL_BANKING_FLOW
TX_INDUS_110870,INDUS_ACC_20171,INDUS_ACC_20072,201623.51,2026-01-10 16:01:07,SETTLEMENT,WIRE,IndusInd Bank,IN,0,NORMAL_BANKING_FLOW
TX_INDUS_110871,INDUS_ACC_20160,AXIS_ACC_20009,469034.66,2026-01-10 15:10:50,SETTLEMENT,WIRE,IndusInd Bank,IN,0,NORMAL_BANKING_FLOW
TX_INDUS_110872,INDUS_ACC_20188,INDUS_ACC_20134,138455.14,2026-01-10 16:05:24,SETTLEMENT,WIRE,IndusInd Bank,IN,0,NORMAL_BANKING_FLOW
TX_INDUS_110873,INDUS_ACC_20187,INDUS_ACC_20009,225585.67,2026-01-10 14:57:20,SETTLEMENT,WIRE,IndusInd Bank,IN,0,NORMAL_BANKING_FLOW
TX_INDUS_110874,INDUS_ACC_20214,BOB_ACC_20197,205188.69,2026-01-10 15:00:33,SETTLEMENT,RTGS,IndusInd Bank,IN,0,NORMAL_BANKING_FLOW
TX_INDUS_110875,INDUS_ACC_20155,INDUS_ACC_20242,541921.97,2026-01-10 14:43:30,SETTLEMENT,RTGS,IndusInd Bank,IN,0,NORMAL_BANKING_FLOW
TX_INDUS_110876,INDUS_ACC_20189,INDUS_ACC_20078,9513.73,2026-01-10 15:07:05,SETTLEMENT,RTGS,IndusInd Bank,IN,0,NORMAL_BANKING_FLOW
TX_INDUS_110877,INDUS_ACC_20005,INDUS_ACC_20066,219841.64,2026-01-10 16:56:00,SETTLEMENT,WIRE,IndusInd Bank,IN,0,NORMAL_BANKING_FLOW
TX_INDUS_110878,INDUS_ACC_20013,INDUS_ACC_20200,321413.34,2026-01-10 16:33:24,SETTLEMENT,RTGS,IndusInd Bank,IN,0,NORMAL_BANKING_FLOW
TX_INDUS_110879,INDUS_ACC_20178,INDUS_ACC_20018,19801.87,2026-01-10 14:53:24,SETTLEMENT,RTGS,IndusInd Bank,IN,0,NORMAL_BANKING_FLOW
TX_INDUS_110880,INDUS_ACC_20044,KOTAK_ACC_20145,34104.96,2026-01-10 15:38:27,SETTLEMENT,WIRE,IndusInd Bank,IN,0,NORMAL_BANKING_FLOW
TX_INDUS_110881,INDUS_ACC_20182,KOTAK_ACC_20014,35562.99,2026-01-10 16:39:00,SETTLEMENT,RTGS,IndusInd Bank,IN,0,NORMAL_BANKING_FLOW
TX_INDUS_110882,INDUS_ACC_20018,INDUS_ACC_20010,41169.45,2026-01-10 15:33:31,SETTLEMENT,RTGS,IndusInd Bank,IN,0,NORMAL_BANKING_FLOW
TX_INDUS_110883,INDUS_ACC_20175,HDFC_ACC_20007,55378.1,2026-01-10 16:52:54,SETTLEMENT,WIRE,IndusInd Bank,IN,0,NORMAL_BANKING_FLOW
TX_INDUS_110884,INDUS_ACC_20002,INDUS_ACC_20094,132074.76,2026-01-10 15:52:51,SETTLEMENT,RTGS,IndusInd Bank,IN,0,NORMAL_BANKING_FLOW
TX_INDUS_110885,INDUS_ACC_20140,INDUS_ACC_20099,278956.07,2026-01-10 16:27:12,SETTLEMENT,WIRE,IndusInd Bank,IN,0,NORMAL_BANKING_FLOW
TX_INDUS_110886,INDUS_ACC_20110,INDUS_ACC_20208,361342.07,2026-01-10 16:06:25,SETTLEMENT,RTGS,IndusInd Bank,IN,0,NORMAL_BANKING_FLOW
TX_INDUS_110887,INDUS_ACC_20068,INDUS_ACC_20134,36120.37,2026-01-10 15:54:42,SETTLEMENT,WIRE,IndusInd Bank,IN,0,NORMAL_BANKING_FLOW
TX_INDUS_110888,INDUS_ACC_20018,INDUS_ACC_20005,35823.39,2026-01-10 15:30:23,SETTLEMENT,RTGS,IndusInd Bank,IN,0,NORMAL_BANKING_FLOW
TX_INDUS_110889,INDUS_ACC_20068,CANARA_ACC_20121,478775.08,2026-01-10 16:39:48,SETTLEMENT,RTGS,IndusInd Bank,IN,0,NORMAL_BANKING_FLOW
TX_INDUS_110890,INDUS_ACC_20016,INDUS_ACC_20059,214505.94,2026-01-10 14:56:42,SETTLEMENT,WIRE,IndusInd Bank,IN,0,NORMAL_BANKING_FLOW
TX_INDUS_110891,INDUS_ACC_20026,HDFC_ACC_20030,109036.48,2026-01-10 16:35:10,SETTLEMENT,RTGS,IndusInd Bank,IN,0,NORMAL_BANKING_FLOW
TX_INDUS_110892,INDUS_ACC_20111,INDUS_ACC_20186,174207.78,2026-01-10 15:03:40,SETTLEMENT,WIRE,IndusInd Bank,IN,0,NORMAL_BANKING_FLOW
TX_INDUS_110893,INDUS_ACC_20065,INDUS_ACC_20095,95247.63,2026-01-10 16:24:00,SETTLEMENT,WIRE,IndusInd Bank,IN,0,NORMAL_BANKING_FLOW
TX_INDUS_110894,INDUS_ACC_20028,INDUS_ACC_20026,185257.42,2026-01-10 16:53:42,SETTLEMENT,RTGS,IndusInd Bank,IN,0,NORMAL_BANKING_FLOW
TX_INDUS_110895,INDUS_ACC_20246,INDUS_ACC_20161,65954.47,2026-01-10 17:01:04,SETTLEMENT,WIRE,IndusInd Bank,IN,0,NORMAL_BANKING_FLOW
TX_INDUS_110896,INDUS_ACC_20223,INDUS_ACC_20243,136293.5,2026-01-10 15:40:45,SETTLEMENT,WIRE,IndusInd Bank,IN,0,NORMAL_BANKING_FLOW
TX_INDUS_110897,INDUS_ACC_20031,SBI_ACC_20127,16112.4,2026-01-10 15:54:20,SETTLEMENT,RTGS,IndusInd Bank,IN,0,NORMAL_BANKING_FLOW
TX_INDUS_110898,INDUS_ACC_20019,INDUS_ACC_20001,43245.95,2026-01-10 15:28:39,SETTLEMENT,RTGS,IndusInd Bank,IN,0,NORMAL_BANKING_FLOW
TX_INDUS_110899,INDUS_ACC_20187,INDUS_ACC_20165,43808.65,2026-01-10 16:21:54,SETTLEMENT,RTGS,IndusInd Bank,IN,0,NORMAL_BANKING_FLOW
TX_INDUS_110900,INDUS_ACC_20185,KOTAK_ACC_20237,62990.04,2026-01-10 15:52:46,SETTLEMENT,RTGS,IndusInd Bank,IN,0,NORMAL_BANKING_FLOW
TX_INDUS_110901,INDUS_ACC_20111,SBI_ACC_20189,32473.64,2026-01-10 14:53:20,SETTLEMENT,WIRE,IndusInd Bank,IN,0,NORMAL_BANKING_FLOW
TX_INDUS_110902,INDUS_ACC_20151,INDUS_ACC_20197,52038.94,2026-01-10 17:00:54,SETTLEMENT,RTGS,IndusInd Bank,IN,0,NORMAL_BANKING_FLOW
TX_INDUS_110903,INDUS_ACC_20104,INDUS_ACC_20173,16037.79,2026-01-10 15:37:38,SETTLEMENT,WIRE,IndusInd Bank,IN,0,NORMAL_BANKING_FLOW
TX_INDUS_110904,INDUS_ACC_20149,AXIS_ACC_20200,190696.91,2026-01-10 14:50:45,SETTLEMENT,WIRE,IndusInd Bank,IN,0,NORMAL_BANKING_FLOW
TX_INDUS_110905,INDUS_ACC_20151,KOTAK_ACC_20197,89409.64,2026-01-10 15:04:36,SETTLEMENT,WIRE,IndusInd Bank,IN,0,NORMAL_BANKING_FLOW
TX_INDUS_110906,INDUS_ACC_20152,INDUS_ACC_20129,12755.92,2026-01-10 15:01:30,SETTLEMENT,RTGS,IndusInd Bank,IN,0,NORMAL_BANKING_FLOW
TX_INDUS_110907,INDUS_ACC_20184,CANARA_ACC_20241,36250.34,2026-01-10 15:15:32,SETTLEMENT,RTGS,IndusInd Bank,IN,0,NORMAL_BANKING_FLOW
TX_INDUS_110908,INDUS_ACC_20202,INDUS_ACC_20169,147845.3,2026-01-10 17:27:00,SETTLEMENT,RTGS,IndusInd Bank,IN,0,NORMAL_BANKING_FLOW
TX_INDUS_110909,INDUS_ACC_20164,INDUS_ACC_20133,51450.41,2026-01-10 17:24:32,SETTLEMENT,WIRE,IndusInd Bank,IN,0,NORMAL_BANKING_FLOW
TX_INDUS_110910,INDUS_ACC_20078,PNB_ACC_20181,42773.34,2026-01-10 16:29:47,SETTLEMENT,WIRE,IndusInd Bank,IN,0,NORMAL_BANKING_FLOW
TX_INDUS_110911,INDUS_ACC_20065,INDUS_ACC_20205,90263.53,2026-01-10 17:02:00,SETTLEMENT,WIRE,IndusInd Bank,IN,0,NORMAL_BANKING_FLOW
TX_INDUS_110912,INDUS_ACC_20049,INDUS_ACC_20085,149091.73,2026-01-10 16:10:07,SETTLEMENT,RTGS,IndusInd Bank,IN,0,NORMAL_BANKING_FLOW
TX_INDUS_110913,INDUS_ACC_20109,INDUS_ACC_20044,17612.73,2026-01-10 15:00:04,SETTLEMENT,RTGS,IndusInd Bank,IN,0,NORMAL_BANKING_FLOW
TX_INDUS_110914,INDUS_ACC_20239,YES_ACC_20215,191023.97,2026-01-10 16:39:45,SETTLEMENT,RTGS,IndusInd Bank,IN,0,NORMAL_BANKING_FLOW
TX_INDUS_110915,INDUS_ACC_20140,INDUS_ACC_20021,37784.27,2026-01-10 16:29:48,SETTLEMENT,WIRE,IndusInd Bank,IN,0,NORMAL_BANKING_FLOW
TX_INDUS_110916,INDUS_ACC_20243,ICICI_ACC_20178,96614.72,2026-01-10 15:00:55,SETTLEMENT,RTGS,IndusInd Bank,IN,0,NORMAL_BANKING_FLOW
TX_INDUS_110917,INDUS_ACC_20069,INDUS_ACC_20189,94607.86,2026-01-10 16:38:24,SETTLEMENT,RTGS,IndusInd Bank,IN,0,NORMAL_BANKING_FLOW
TX_INDUS_110918,INDUS_ACC_20127,INDUS_ACC_20059,52445.02,2026-01-10 16:31:54,SETTLEMENT,RTGS,IndusInd Bank,IN,0,NORMAL_BANKING_FLOW
TX_INDUS_110919,INDUS_ACC_20117,INDUS_ACC_20002,28900.33,2026-01-10 17:27:06,SETTLEMENT,RTGS,IndusInd Bank,IN,0,NORMAL_BANKING_FLOW
TX_INDUS_110920,INDUS_ACC_20176,KOTAK_ACC_20245,70064.82,2026-01-10 16:47:54,SETTLEMENT,RTGS,IndusInd Bank,IN,0,NORMAL_BANKING_FLOW
TX_INDUS_110921,INDUS_ACC_20202,INDUS_ACC_20091,694117.39,2026-01-10 15:06:00,SETTLEMENT,WIRE,IndusInd Bank,IN,0,NORMAL_BANKING_FLOW
TX_INDUS_110922,INDUS_ACC_20220,AXIS_ACC_20190,19263.93,2026-01-10 15:13:40,SETTLEMENT,WIRE,IndusInd Bank,IN,0,NORMAL_BANKING_FLOW
TX_INDUS_110923,INDUS_ACC_20116,INDUS_ACC_20014,752213.61,2026-01-10 15:17:42,SETTLEMENT,WIRE,IndusInd Bank,IN,0,NORMAL_BANKING_FLOW
TX_INDUS_110924,INDUS_ACC_20063,YES_ACC_20021,72282.3,2026-01-10 17:05:50,SETTLEMENT,RTGS,IndusInd Bank,IN,0,NORMAL_BANKING_FLOW
TX_INDUS_110925,INDUS_ACC_20041,INDUS_ACC_20115,102996.03,2026-01-10 17:44:00,SETTLEMENT,RTGS,IndusInd Bank,IN,0,NORMAL_BANKING_FLOW
TX_INDUS_110926,INDUS_ACC_20247,INDUS_ACC_20029,26794.37,2026-01-10 15:30:00,SETTLEMENT,WIRE,IndusInd Bank,IN,0,NORMAL_BANKING_FLOW
TX_INDUS_110927,INDUS_ACC_20164,YES_ACC_20014,39123.43,2026-01-10 17:38:28,SETTLEMENT,RTGS,IndusInd Bank,IN,0,NORMAL_BANKING_FLOW
TX_INDUS_110928,INDUS_ACC_20221,INDUS_ACC_20150,53987.53,2026-01-10 17:39:26,SETTLEMENT,WIRE,IndusInd Bank,IN,0,NORMAL_BANKING_FLOW
TX_INDUS_110929,INDUS_ACC_20022,SBI_ACC_20141,28146.16,2026-01-10 16:39:36,SETTLEMENT,WIRE,IndusInd Bank,IN,0,NORMAL_BANKING_FLOW
TX_INDUS_110930,INDUS_ACC_20061,INDUS_ACC_20191,76826.0,2026-01-10 16:02:08,SETTLEMENT,RTGS,IndusInd Bank,IN,0,NORMAL_BANKING_FLOW
TX_INDUS_110931,INDUS_ACC_20167,INDUS_ACC_20122,60571.57,2026-01-10 17:15:30,SETTLEMENT,RTGS,IndusInd Bank,IN,0,NORMAL_BANKING_FLOW
TX_INDUS_110932,INDUS_ACC_20055,SBI_ACC_20198,909761.15,2026-01-10 16:34:00,SETTLEMENT,WIRE,IndusInd Bank,IN,0,NORMAL_BANKING_FLOW
TX_INDUS_110933,INDUS_ACC_20227,AXIS_ACC_20208,24363.25,2026-01-10 17:05:36,SETTLEMENT,RTGS,IndusInd Bank,IN,0,NORMAL_BANKING_FLOW
TX_INDUS_110934,INDUS_ACC_20248,INDUS_ACC_20100,111661.65,2026-01-10 17:21:56,SETTLEMENT,WIRE,IndusInd Bank,IN,0,NORMAL_BANKING_FLOW
TX_INDUS_110935,INDUS_ACC_20164,YES_ACC_20002,132908.41,2026-01-10 16:36:00,SETTLEMENT,WIRE,IndusInd Bank,IN,0,NORMAL_BANKING_FLOW
TX_INDUS_110936,INDUS_ACC_20005,INDUS_ACC_20007,27326.59,2026-01-10 17:55:00,SETTLEMENT,RTGS,IndusInd Bank,IN,0,NORMAL_BANKING_FLOW
TX_INDUS_110937,INDUS_ACC_20212,SBI_ACC_20140,225075.91,2026-01-10 17:40:16,SETTLEMENT,RTGS,IndusInd Bank,IN,0,NORMAL_BANKING_FLOW
TX_INDUS_110938,INDUS_ACC_20160,INDUS_ACC_20092,61206.43,2026-01-10 15:50:36,SETTLEMENT,RTGS,IndusInd Bank,IN,0,NORMAL_BANKING_FLOW
TX_INDUS_110939,INDUS_ACC_20151,SBI_ACC_20089,4959.86,2026-01-10 15:11:24,SETTLEMENT,WIRE,IndusInd Bank,IN,0,NORMAL_BANKING_FLOW
TX_INDUS_110940,INDUS_ACC_20237,INDUS_ACC_20204,217906.1,2026-01-10 16:31:22,SETTLEMENT,WIRE,IndusInd Bank,IN,0,NORMAL_BANKING_FLOW
TX_INDUS_110941,INDUS_ACC_20191,INDUS_ACC_20017,25839.79,2026-01-10 15:16:00,SETTLEMENT,WIRE,IndusInd Bank,IN,0,NORMAL_BANKING_FLOW
TX_INDUS_110942,INDUS_ACC_20106,INDUS_ACC_20012,28075.99,2026-01-10 15:32:23,SETTLEMENT,RTGS,IndusInd Bank,IN,0,NORMAL_BANKING_FLOW
TX_INDUS_110943,INDUS_ACC_20046,INDUS_ACC_20193,225366.33,2026-01-10 16:33:16,SETTLEMENT,RTGS,IndusInd Bank,IN,0,NORMAL_BANKING_FLOW
TX_INDUS_110944,INDUS_ACC_20010,INDUS_ACC_20024,65082.19,2026-01-10 17:30:36,SETTLEMENT,WIRE,IndusInd Bank,IN,0,NORMAL_BANKING_FLOW
TX_INDUS_110945,INDUS_ACC_20161,INDUS_ACC_20190,296952.24,2026-01-10 17:31:28,SETTLEMENT,RTGS,IndusInd Bank,IN,0,NORMAL_BANKING_FLOW
TX_INDUS_110946,INDUS_ACC_20137,INDUS_ACC_20126,421763.21,2026-01-10 16:18:50,SETTLEMENT,WIRE,IndusInd Bank,IN,0,NORMAL_BANKING_FLOW
TX_INDUS_110947,INDUS_ACC_20003,INDUS_ACC_20215,45528.14,2026-01-10 17:16:48,SETTLEMENT,RTGS,IndusInd Bank,IN,0,NORMAL_BANKING_FLOW
TX_INDUS_110948,INDUS_ACC_20071,INDUS_ACC_20245,255739.59,2026-01-10 15:22:20,SETTLEMENT,RTGS,IndusInd Bank,IN,0,NORMAL_BANKING_FLOW
TX_INDUS_110949,INDUS_ACC_20030,YES_ACC_20112,39872.7,2026-01-10 18:03:52,SETTLEMENT,RTGS,IndusInd Bank,IN,0,NORMAL_BANKING_FLOW
TX_INDUS_110950,INDUS_ACC_20248,INDUS_ACC_20170,1439403.14,2026-01-10 16:29:24,SETTLEMENT,RTGS,IndusInd Bank,IN,0,NORMAL_BANKING_FLOW
TX_INDUS_110951,INDUS_ACC_20211,INDUS_ACC_20164,42978.34,2026-01-10 15:10:50,SETTLEMENT,RTGS,IndusInd Bank,IN,0,NORMAL_BANKING_FLOW
TX_INDUS_110952,INDUS_ACC_20026,INDUS_ACC_20115,338170.31,2026-01-10 15:52:57,SETTLEMENT,WIRE,IndusInd Bank,IN,0,NORMAL_BANKING_FLOW
TX_INDUS_110953,INDUS_ACC_20170,ICICI_ACC_20158,271725.61,2026-01-10 16:35:24,SETTLEMENT,WIRE,IndusInd Bank,IN,0,NORMAL_BANKING_FLOW
TX_INDUS_110954,INDUS_ACC_20137,INDUS_ACC_20144,144250.32,2026-01-10 16:27:35,SETTLEMENT,RTGS,IndusInd Bank,IN,0,NORMAL_BANKING_FLOW
TX_INDUS_110955,INDUS_ACC_20050,SBI_ACC_20054,44150.0,2026-01-10 16:49:20,SETTLEMENT,RTGS,IndusInd Bank,IN,0,NORMAL_BANKING_FLOW
TX_INDUS_110956,INDUS_ACC_20142,INDUS_ACC_20218,82316.18,2026-01-10 16:58:30,SETTLEMENT,RTGS,IndusInd Bank,IN,0,NORMAL_BANKING_FLOW
TX_INDUS_110957,INDUS_ACC_20120,AXIS_ACC_20197,7447.95,2026-01-10 16:42:08,SETTLEMENT,WIRE,IndusInd Bank,IN,0,NORMAL_BANKING_FLOW
TX_INDUS_110958,INDUS_ACC_20227,INDUS_ACC_20066,129224.19,2026-01-10 16:29:55,SETTLEMENT,WIRE,IndusInd Bank,IN,0,NORMAL_BANKING_FLOW
TX_INDUS_110959,INDUS_ACC_20126,INDUS_ACC_20154,150172.27,2026-01-10 18:05:06,SETTLEMENT,WIRE,IndusInd Bank,IN,0,NORMAL_BANKING_FLOW
TX_INDUS_110960,INDUS_ACC_20132,INDUS_ACC_20014,115867.12,2026-01-10 15:39:17,SETTLEMENT,RTGS,IndusInd Bank,IN,0,NORMAL_BANKING_FLOW
TX_INDUS_110961,INDUS_ACC_20195,SBI_ACC_20053,2785.08,2026-01-10 17:10:40,SETTLEMENT,WIRE,IndusInd Bank,IN,0,NORMAL_BANKING_FLOW
TX_INDUS_110962,INDUS_ACC_20219,INDUS_ACC_20000,21617.02,2026-01-10 17:20:06,SETTLEMENT,WIRE,IndusInd Bank,IN,0,NORMAL_BANKING_FLOW
TX_INDUS_110963,INDUS_ACC_20205,BOB_ACC_20038,40226.88,2026-01-10 16:11:00,SETTLEMENT,WIRE,IndusInd Bank,IN,0,NORMAL_BANKING_FLOW
TX_INDUS_110964,INDUS_ACC_20024,YES_ACC_20002,140083.05,2026-01-10 16:11:30,SETTLEMENT,RTGS,IndusInd Bank,IN,0,NORMAL_BANKING_FLOW
TX_INDUS_110965,INDUS_ACC_20006,INDUS_ACC_20089,139693.59,2026-01-10 17:53:12,SETTLEMENT,WIRE,IndusInd Bank,IN,0,NORMAL_BANKING_FLOW
TX_INDUS_110966,INDUS_ACC_20136,PNB_ACC_20029,80477.38,2026-01-10 17:23:10,SETTLEMENT,WIRE,IndusInd Bank,IN,0,NORMAL_BANKING_FLOW
TX_INDUS_110967,INDUS_ACC_20144,INDUS_ACC_20226,211566.5,2026-01-10 16:57:20,SETTLEMENT,RTGS,IndusInd Bank,IN,0,NORMAL_BANKING_FLOW
TX_INDUS_110968,INDUS_ACC_20068,SBI_ACC_20071,28810.9,2026-01-10 16:58:00,SETTLEMENT,RTGS,IndusInd Bank,IN,0,NORMAL_BANKING_FLOW
TX_INDUS_110969,INDUS_ACC_20073,YES_ACC_20183,205311.17,2026-01-10 16:09:32,SETTLEMENT,WIRE,IndusInd Bank,IN,0,NORMAL_BANKING_FLOW
TX_INDUS_110970,INDUS_ACC_20165,INDUS_ACC_20177,174501.83,2026-01-10 15:25:11,SETTLEMENT,RTGS,IndusInd Bank,IN,0,NORMAL_BANKING_FLOW
TX_INDUS_110971,INDUS_ACC_20176,CANARA_ACC_20033,155292.49,2026-01-10 15:52:30,SETTLEMENT,WIRE,IndusInd Bank,IN,0,NORMAL_BANKING_FLOW
TX_INDUS_110972,INDUS_ACC_20087,INDUS_ACC_20166,79344.27,2026-01-10 17:09:42,SETTLEMENT,RTGS,IndusInd Bank,IN,0,NORMAL_BANKING_FLOW
TX_INDUS_110973,INDUS_ACC_20097,INDUS_ACC_20218,888147.04,2026-01-10 15:17:04,SETTLEMENT,RTGS,IndusInd Bank,IN,0,NORMAL_BANKING_FLOW
TX_INDUS_110974,INDUS_ACC_20077,YES_ACC_20091,178409.16,2026-01-10 15:58:18,SETTLEMENT,WIRE,IndusInd Bank,IN,0,NORMAL_BANKING_FLOW
TX_INDUS_110975,INDUS_ACC_20231,INDUS_ACC_20135,30884.11,2026-01-10 16:44:24,SETTLEMENT,WIRE,IndusInd Bank,IN,0,NORMAL_BANKING_FLOW
TX_INDUS_110976,INDUS_ACC_20138,INDUS_ACC_20102,132981.67,2026-01-10 17:58:20,SETTLEMENT,RTGS,IndusInd Bank,IN,0,NORMAL_BANKING_FLOW
TX_INDUS_110977,INDUS_ACC_20159,INDUS_ACC_20055,243526.26,2026-01-10 16:22:36,SETTLEMENT,WIRE,IndusInd Bank,IN,0,NORMAL_BANKING_FLOW
TX_INDUS_110978,INDUS_ACC_20115,PNB_ACC_20048,48740.7,2026-01-10 16:04:39,SETTLEMENT,WIRE,IndusInd Bank,IN,0,NORMAL_BANKING_FLOW
TX_INDUS_110979,INDUS_ACC_20136,INDUS_ACC_20059,364808.08,2026-01-10 18:05:34,SETTLEMENT,WIRE,IndusInd Bank,IN,0,NORMAL_BANKING_FLOW
TX_INDUS_110980,INDUS_ACC_20112,INDUS_ACC_20201,156129.4,2026-01-10 17:47:51,SETTLEMENT,RTGS,IndusInd Bank,IN,0,NORMAL_BANKING_FLOW
TX_INDUS_110981,INDUS_ACC_20065,INDUS_ACC_20184,5937.4,2026-01-10 18:16:40,SETTLEMENT,RTGS,IndusInd Bank,IN,0,NORMAL_BANKING_FLOW
TX_INDUS_110982,INDUS_ACC_20196,INDUS_ACC_20059,141436.53,2026-01-10 16:15:49,SETTLEMENT,WIRE,IndusInd Bank,IN,0,NORMAL_BANKING_FLOW
TX_INDUS_110983,INDUS_ACC_20165,INDUS_ACC_20249,60643.33,2026-01-10 17:03:18,SETTLEMENT,WIRE,IndusInd Bank,IN,0,NORMAL_BANKING_FLOW
TX_INDUS_110984,INDUS_ACC_20112,INDUS_ACC_20200,188078.7,2026-01-10 15:24:54,SETTLEMENT,WIRE,IndusInd Bank,IN,0,NORMAL_BANKING_FLOW
TX_INDUS_110985,INDUS_ACC_20113,INDUS_ACC_20055,306525.98,2026-01-10 17:28:16,SETTLEMENT,WIRE,IndusInd Bank,IN,0,NORMAL_BANKING_FLOW
TX_INDUS_110986,INDUS_ACC_20055,INDUS_ACC_20046,124765.9,2026-01-10 15:39:45,SETTLEMENT,WIRE,IndusInd Bank,IN,0,NORMAL_BANKING_FLOW
TX_INDUS_110987,INDUS_ACC_20003,INDUS_ACC_20239,728179.37,2026-01-10 18:46:00,SETTLEMENT,WIRE,IndusInd Bank,IN,0,NORMAL_BANKING_FLOW
TX_INDUS_110988,INDUS_ACC_20124,INDUS_ACC_20204,79662.3,2026-01-10 18:08:44,SETTLEMENT,RTGS,IndusInd Bank,IN,0,NORMAL_BANKING_FLOW
TX_INDUS_110989,INDUS_ACC_20051,INDUS_ACC_20186,208935.61,2026-01-10 16:52:48,SETTLEMENT,RTGS,IndusInd Bank,IN,0,NORMAL_BANKING_FLOW
TX_INDUS_110990,INDUS_ACC_20017,ICICI_ACC_20028,259349.3,2026-01-10 18:34:33,SETTLEMENT,RTGS,IndusInd Bank,IN,0,NORMAL_BANKING_FLOW
TX_INDUS_110991,INDUS_ACC_20188,INDUS_ACC_20133,87832.32,2026-01-10 17:23:00,SETTLEMENT,RTGS,IndusInd Bank,IN,0,NORMAL_BANKING_FLOW
TX_INDUS_110992,INDUS_ACC_20022,INDUS_ACC_20243,251331.78,2026-01-10 18:17:03,SETTLEMENT,RTGS,IndusInd Bank,IN,0,NORMAL_BANKING_FLOW
TX_INDUS_110993,INDUS_ACC_20129,CANARA_ACC_20128,48358.26,2026-01-10 17:24:24,SETTLEMENT,WIRE,IndusInd Bank,IN,0,NORMAL_BANKING_FLOW
TX_INDUS_110994,INDUS_ACC_20079,INDUS_ACC_20095,59451.6,2026-01-10 18:43:14,SETTLEMENT,RTGS,IndusInd Bank,IN,0,NORMAL_BANKING_FLOW
TX_INDUS_110995,INDUS_ACC_20033,AXIS_ACC_20142,20435.19,2026-01-10 17:20:54,SETTLEMENT,RTGS,IndusInd Bank,IN,0,NORMAL_BANKING_FLOW
TX_INDUS_110996,INDUS_ACC_20163,KOTAK_ACC_20184,131885.7,2026-01-10 16:57:00,SETTLEMENT,RTGS,IndusInd Bank,IN,0,NORMAL_BANKING_FLOW
TX_INDUS_110997,INDUS_ACC_20004,INDUS_ACC_20226,145845.34,2026-01-10 16:42:48,SETTLEMENT,WIRE,IndusInd Bank,IN,0,NORMAL_BANKING_FLOW
TX_INDUS_110998,INDUS_ACC_20049,INDUS_ACC_20232,406409.19,2026-01-10 18:12:27,SETTLEMENT,WIRE,IndusInd Bank,IN,0,NORMAL_BANKING_FLOW
TX_INDUS_110999,INDUS_ACC_20096,YES_ACC_20154,255089.06,2026-01-10 16:14:06,SETTLEMENT,WIRE,IndusInd Bank,IN,0,NORMAL_BANKING_FLOW
TX_INDUS_111000,INDUS_ACC_20065,INDUS_ACC_20136,70139.78,2026-01-10 15:19:44,SETTLEMENT,WIRE,IndusInd Bank,IN,0,NORMAL_BANKING_FLOW
TX_INDUS_111001,INDUS_ACC_20035,INDUS_ACC_20104,24009.01,2026-01-10 17:20:00,SETTLEMENT,WIRE,IndusInd Bank,IN,0,NORMAL_BANKING_FLOW
TX_INDUS_111002,INDUS_ACC_20046,INDUS_ACC_20182,165946.46,2026-01-10 17:00:36,SETTLEMENT,WIRE,IndusInd Bank,IN,0,NORMAL_BANKING_FLOW
TX_INDUS_111003,INDUS_ACC_20088,INDUS_ACC_20051,374334.03,2026-01-10 16:25:58,SETTLEMENT,WIRE,IndusInd Bank,IN,0,NORMAL_BANKING_FLOW
TX_INDUS_111004,INDUS_ACC_20119,HDFC_ACC_20158,244317.03,2026-01-10 15:20:48,SETTLEMENT,RTGS,IndusInd Bank,IN,0,NORMAL_BANKING_FLOW
TX_INDUS_111005,INDUS_ACC_20180,INDUS_ACC_20127,362715.13,2026-01-10 15:26:08,SETTLEMENT,WIRE,IndusInd Bank,IN,0,NORMAL_BANKING_FLOW
TX_INDUS_111006,INDUS_ACC_20005,INDUS_ACC_20016,76552.54,2026-01-10 18:04:00,SETTLEMENT,RTGS,IndusInd Bank,IN,0,NORMAL_BANKING_FLOW
TX_INDUS_111007,INDUS_ACC_20163,AXIS_ACC_20238,56390.57,2026-01-10 17:59:42,SETTLEMENT,WIRE,IndusInd Bank,IN,0,NORMAL_BANKING_FLOW
TX_INDUS_111008,INDUS_ACC_20018,INDUS_ACC_20136,40770.68,2026-01-10 16:43:44,SETTLEMENT,WIRE,IndusInd Bank,IN,0,NORMAL_BANKING_FLOW
TX_INDUS_111009,INDUS_ACC_20165,PNB_ACC_20069,92311.52,2026-01-10 16:03:12,SETTLEMENT,WIRE,IndusInd Bank,IN,0,NORMAL_BANKING_FLOW
TX_INDUS_111010,INDUS_ACC_20051,BOB_ACC_20133,89831.51,2026-01-10 15:43:00,SETTLEMENT,WIRE,IndusInd Bank,IN,0,NORMAL_BANKING_FLOW
TX_INDUS_111011,INDUS_ACC_20125,KOTAK_ACC_20037,126501.97,2026-01-10 15:48:30,SETTLEMENT,RTGS,IndusInd Bank,IN,0,NORMAL_BANKING_FLOW
TX_INDUS_111012,INDUS_ACC_20205,AXIS_ACC_20134,84528.42,2026-01-10 17:11:47,SETTLEMENT,RTGS,IndusInd Bank,IN,0,NORMAL_BANKING_FLOW
TX_INDUS_111013,INDUS_ACC_20051,INDUS_ACC_20212,84090.32,2026-01-10 15:59:36,SETTLEMENT,RTGS,IndusInd Bank,IN,0,NORMAL_BANKING_FLOW
TX_INDUS_111014,INDUS_ACC_20182,CANARA_ACC_20130,38869.58,2026-01-10 19:02:34,SETTLEMENT,RTGS,IndusInd Bank,IN,0,NORMAL_BANKING_FLOW
TX_INDUS_111015,INDUS_ACC_20221,INDUS_ACC_20000,305572.64,2026-01-10 17:39:48,SETTLEMENT,RTGS,IndusInd Bank,IN,0,NORMAL_BANKING_FLOW
TX_INDUS_111016,INDUS_ACC_20048,PNB_ACC_20123,108209.2,2026-01-10 15:29:15,SETTLEMENT,WIRE,IndusInd Bank,IN,0,NORMAL_BANKING_FLOW
TX_INDUS_111017,INDUS_ACC_20209,INDUS_ACC_20015,80070.86,2026-01-10 18:49:40,SETTLEMENT,WIRE,IndusInd Bank,IN,0,NORMAL_BANKING_FLOW
TX_INDUS_111018,INDUS_ACC_20219,INDUS_ACC_20055,40258.84,2026-01-10 18:55:52,SETTLEMENT,RTGS,IndusInd Bank,IN,0,NORMAL_BANKING_FLOW
TX_INDUS_111019,INDUS_ACC_20046,CANARA_ACC_20071,19964.37,2026-01-10 17:26:42,SETTLEMENT,RTGS,IndusInd Bank,IN,0,NORMAL_BANKING_FLOW
TX_INDUS_111020,INDUS_ACC_20195,YES_ACC_20188,474281.84,2026-01-10 15:46:20,SETTLEMENT,WIRE,IndusInd Bank,IN,0,NORMAL_BANKING_FLOW
TX_INDUS_111021,INDUS_ACC_20080,INDUS_ACC_20182,192060.64,2026-01-10 16:34:40,SETTLEMENT,RTGS,IndusInd Bank,IN,0,NORMAL_BANKING_FLOW
TX_INDUS_111022,INDUS_ACC_20130,ICICI_ACC_20245,14062.94,2026-01-10 15:41:39,SETTLEMENT,WIRE,IndusInd Bank,IN,0,NORMAL_BANKING_FLOW
TX_INDUS_111023,INDUS_ACC_20061,INDUS_ACC_20140,246661.14,2026-01-10 19:16:38,SETTLEMENT,RTGS,IndusInd Bank,IN,0,NORMAL_BANKING_FLOW
TX_INDUS_111024,INDUS_ACC_20135,INDUS_ACC_20115,298635.01,2026-01-10 17:13:48,SETTLEMENT,RTGS,IndusInd Bank,IN,0,NORMAL_BANKING_FLOW
TX_INDUS_111025,INDUS_ACC_20126,INDUS_ACC_20015,114605.53,2026-01-10 19:13:12,SETTLEMENT,RTGS,IndusInd Bank,IN,0,NORMAL_BANKING_FLOW
TX_INDUS_111026,INDUS_ACC_20222,SBI_ACC_20020,671811.5,2026-01-10 17:31:15,SETTLEMENT,RTGS,IndusInd Bank,IN,0,NORMAL_BANKING_FLOW
TX_INDUS_111027,INDUS_ACC_20196,INDUS_ACC_20096,128035.59,2026-01-10 18:09:56,SETTLEMENT,WIRE,IndusInd Bank,IN,0,NORMAL_BANKING_FLOW
TX_INDUS_111028,INDUS_ACC_20185,INDUS_ACC_20212,18030.35,2026-01-10 17:05:18,SETTLEMENT,RTGS,IndusInd Bank,IN,0,NORMAL_BANKING_FLOW
TX_INDUS_111029,INDUS_ACC_20105,INDUS_ACC_20203,153001.47,2026-01-10 18:44:16,SETTLEMENT,RTGS,IndusInd Bank,IN,0,NORMAL_BANKING_FLOW
TX_INDUS_111030,INDUS_ACC_20173,INDUS_ACC_20153,132438.91,2026-01-10 16:28:03,SETTLEMENT,WIRE,IndusInd Bank,IN,0,NORMAL_BANKING_FLOW
TX_INDUS_111031,INDUS_ACC_20212,INDUS_ACC_20133,47860.4,2026-01-10 19:08:00,SETTLEMENT,WIRE,IndusInd Bank,IN,0,NORMAL_BANKING_FLOW
TX_INDUS_111032,INDUS_ACC_20246,INDUS_ACC_20122,196471.1,2026-01-10 16:45:30,SETTLEMENT,WIRE,IndusInd Bank,IN,0,NORMAL_BANKING_FLOW
TX_INDUS_111033,INDUS_ACC_20066,INDUS_ACC_20057,13343.73,2026-01-10 18:09:00,SETTLEMENT,RTGS,IndusInd Bank,IN,0,NORMAL_BANKING_FLOW
TX_INDUS_111034,INDUS_ACC_20120,KOTAK_ACC_20088,324058.78,2026-01-10 17:08:42,SETTLEMENT,WIRE,IndusInd Bank,IN,0,NORMAL_BANKING_FLOW
TX_INDUS_111035,INDUS_ACC_20115,INDUS_ACC_20225,34415.21,2026-01-10 16:02:28,SETTLEMENT,WIRE,IndusInd Bank,IN,0,NORMAL_BANKING_FLOW
TX_INDUS_111036,INDUS_ACC_20136,INDUS_ACC_20041,30274.61,2026-01-10 15:23:45,SETTLEMENT,WIRE,IndusInd Bank,IN,0,NORMAL_BANKING_FLOW
TX_INDUS_111037,INDUS_ACC_20204,YES_ACC_20246,86112.54,2026-01-10 17:49:36,SETTLEMENT,WIRE,IndusInd Bank,IN,0,NORMAL_BANKING_FLOW
TX_INDUS_111038,INDUS_ACC_20057,YES_ACC_20122,165970.86,2026-01-10 17:22:12,SETTLEMENT,RTGS,IndusInd Bank,IN,0,NORMAL_BANKING_FLOW
TX_INDUS_111039,INDUS_ACC_20116,INDUS_ACC_20064,120175.55,2026-01-10 17:34:04,SETTLEMENT,RTGS,IndusInd Bank,IN,0,NORMAL_BANKING_FLOW
TX_INDUS_111040,INDUS_ACC_20066,INDUS_ACC_20200,40489.95,2026-01-10 17:23:24,SETTLEMENT,WIRE,IndusInd Bank,IN,0,NORMAL_BANKING_FLOW
TX_INDUS_111041,INDUS_ACC_20247,INDUS_ACC_20249,53781.93,2026-01-10 17:12:40,SETTLEMENT,WIRE,IndusInd Bank,IN,0,NORMAL_BANKING_FLOW
TX_INDUS_111042,INDUS_ACC_20114,INDUS_ACC_20091,25345.32,2026-01-10 18:49:51,SETTLEMENT,RTGS,IndusInd Bank,IN,0,NORMAL_BANKING_FLOW
TX_INDUS_111043,INDUS_ACC_20168,INDUS_ACC_20241,75386.55,2026-01-10 17:25:12,SETTLEMENT,RTGS,IndusInd Bank,IN,0,NORMAL_BANKING_FLOW
TX_INDUS_111044,INDUS_ACC_20012,KOTAK_ACC_20112,358622.46,2026-01-10 16:22:55,SETTLEMENT,RTGS,IndusInd Bank,IN,0,NORMAL_BANKING_FLOW
TX_INDUS_111045,INDUS_ACC_20226,INDUS_ACC_20221,98212.08,2026-01-10 15:37:28,SETTLEMENT,RTGS,IndusInd Bank,IN,0,NORMAL_BANKING_FLOW
TX_INDUS_111046,INDUS_ACC_20224,AXIS_ACC_20156,276868.27,2026-01-10 17:50:00,SETTLEMENT,RTGS,IndusInd Bank,IN,0,NORMAL_BANKING_FLOW
TX_INDUS_111047,INDUS_ACC_20181,SBI_ACC_20017,566074.86,2026-01-10 19:28:42,SETTLEMENT,WIRE,IndusInd Bank,IN,0,NORMAL_BANKING_FLOW
TX_INDUS_111048,INDUS_ACC_20119,INDUS_ACC_20177,48745.97,2026-01-10 18:49:10,SETTLEMENT,WIRE,IndusInd Bank,IN,0,NORMAL_BANKING_FLOW
TX_INDUS_111049,INDUS_ACC_20114,INDUS_ACC_20220,78913.86,2026-01-10 19:07:24,SETTLEMENT,RTGS,IndusInd Bank,IN,0,NORMAL_BANKING_FLOW
TX_INDUS_111050,INDUS_ACC_20084,ICICI_ACC_20221,1336321.75,2026-01-10 16:54:30,SETTLEMENT,WIRE,IndusInd Bank,IN,0,NORMAL_BANKING_FLOW
TX_INDUS_111051,INDUS_ACC_20217,BOB_ACC_20059,558612.94,2026-01-10 18:40:00,SETTLEMENT,RTGS,IndusInd Bank,IN,0,NORMAL_BANKING_FLOW
TX_INDUS_111052,INDUS_ACC_20166,AXIS_ACC_20006,13268.06,2026-01-10 17:07:12,SETTLEMENT,WIRE,IndusInd Bank,IN,0,NORMAL_BANKING_FLOW
TX_INDUS_111053,INDUS_ACC_20158,INDUS_ACC_20119,157090.6,2026-01-10 16:14:56,SETTLEMENT,WIRE,IndusInd Bank,IN,0,NORMAL_BANKING_FLOW
TX_INDUS_111054,INDUS_ACC_20081,INDUS_ACC_20224,98782.13,2026-01-10 19:53:00,SETTLEMENT,RTGS,IndusInd Bank,IN,0,NORMAL_BANKING_FLOW
TX_INDUS_111055,INDUS_ACC_20015,INDUS_ACC_20230,266130.94,2026-01-10 16:33:24,SETTLEMENT,WIRE,IndusInd Bank,IN,0,NORMAL_BANKING_FLOW
TX_INDUS_111056,INDUS_ACC_20137,KOTAK_ACC_20178,40377.4,2026-01-10 17:03:25,SETTLEMENT,WIRE,IndusInd Bank,IN,0,NORMAL_BANKING_FLOW
TX_INDUS_111057,INDUS_ACC_20098,BOB_ACC_20162,36043.07,2026-01-10 18:09:12,SETTLEMENT,WIRE,IndusInd Bank,IN,0,NORMAL_BANKING_FLOW
TX_INDUS_111058,INDUS_ACC_20182,INDUS_ACC_20051,43858.12,2026-01-10 19:21:18,SETTLEMENT,RTGS,IndusInd Bank,IN,0,NORMAL_BANKING_FLOW
TX_INDUS_111059,INDUS_ACC_20044,INDUS_ACC_20079,49696.3,2026-01-10 17:04:58,SETTLEMENT,WIRE,IndusInd Bank,IN,0,NORMAL_BANKING_FLOW
TX_INDUS_111060,INDUS_ACC_20026,INDUS_ACC_20115,262600.46,2026-01-10 18:17:17,SETTLEMENT,WIRE,IndusInd Bank,IN,0,NORMAL_BANKING_FLOW
TX_INDUS_111061,INDUS_ACC_20122,BOB_ACC_20021,23922.11,2026-01-10 19:00:00,SETTLEMENT,RTGS,IndusInd Bank,IN,0,NORMAL_BANKING_FLOW
TX_INDUS_111062,INDUS_ACC_20031,YES_ACC_20040,46763.74,2026-01-10 17:36:36,SETTLEMENT,WIRE,IndusInd Bank,IN,0,NORMAL_BANKING_FLOW
TX_INDUS_111063,INDUS_ACC_20054,INDUS_ACC_20122,11535.51,2026-01-10 15:54:38,SETTLEMENT,WIRE,IndusInd Bank,IN,0,NORMAL_BANKING_FLOW
TX_INDUS_111064,INDUS_ACC_20135,AXIS_ACC_20016,330559.31,2026-01-10 16:01:00,SETTLEMENT,RTGS,IndusInd Bank,IN,0,NORMAL_BANKING_FLOW
TX_INDUS_111065,INDUS_ACC_20163,HDFC_ACC_20145,453720.26,2026-01-10 17:20:12,SETTLEMENT,RTGS,IndusInd Bank,IN,0,NORMAL_BANKING_FLOW
TX_INDUS_111066,INDUS_ACC_20101,INDUS_ACC_20222,66670.1,2026-01-10 19:58:55,SETTLEMENT,WIRE,IndusInd Bank,IN,0,NORMAL_BANKING_FLOW
TX_INDUS_111067,INDUS_ACC_20043,INDUS_ACC_20173,69041.34,2026-01-10 20:06:00,SETTLEMENT,RTGS,IndusInd Bank,IN,0,NORMAL_BANKING_FLOW
TX_INDUS_111068,INDUS_ACC_20185,INDUS_ACC_20186,170053.14,2026-01-10 19:48:39,SETTLEMENT,RTGS,IndusInd Bank,IN,0,NORMAL_BANKING_FLOW
TX_INDUS_111069,INDUS_ACC_20110,INDUS_ACC_20237,579185.69,2026-01-10 19:12:48,SETTLEMENT,WIRE,IndusInd Bank,IN,0,NORMAL_BANKING_FLOW
TX_INDUS_111070,INDUS_ACC_20188,INDUS_ACC_20035,161189.0,2026-01-10 18:06:00,SETTLEMENT,RTGS,IndusInd Bank,IN,0,NORMAL_BANKING_FLOW
TX_INDUS_111071,INDUS_ACC_20145,ICICI_ACC_20032,42742.53,2026-01-10 16:40:20,SETTLEMENT,RTGS,IndusInd Bank,IN,0,NORMAL_BANKING_FLOW
TX_INDUS_111072,INDUS_ACC_20166,BOB_ACC_20108,14149.19,2026-01-10 17:11:41,SETTLEMENT,RTGS,IndusInd Bank,IN,0,NORMAL_BANKING_FLOW
TX_INDUS_111073,INDUS_ACC_20175,INDUS_ACC_20100,25896.12,2026-01-10 18:26:36,SETTLEMENT,RTGS,IndusInd Bank,IN,0,NORMAL_BANKING_FLOW
TX_INDUS_111074,INDUS_ACC_20068,INDUS_ACC_20147,107781.72,2026-01-10 18:27:19,SETTLEMENT,RTGS,IndusInd Bank,IN,0,NORMAL_BANKING_FLOW
TX_INDUS_111075,INDUS_ACC_20036,INDUS_ACC_20138,44963.53,2026-01-10 17:50:38,SETTLEMENT,RTGS,IndusInd Bank,IN,0,NORMAL_BANKING_FLOW
TX_INDUS_111076,INDUS_ACC_20049,ICICI_ACC_20152,124736.81,2026-01-10 17:57:30,SETTLEMENT,WIRE,IndusInd Bank,IN,0,NORMAL_BANKING_FLOW
TX_INDUS_111077,INDUS_ACC_20006,AXIS_ACC_20074,50842.67,2026-01-10 18:54:32,SETTLEMENT,RTGS,IndusInd Bank,IN,0,NORMAL_BANKING_FLOW
TX_INDUS_111078,INDUS_ACC_20113,INDUS_ACC_20087,27728.73,2026-01-10 15:59:23,SETTLEMENT,RTGS,IndusInd Bank,IN,0,NORMAL_BANKING_FLOW
TX_INDUS_111079,INDUS_ACC_20073,INDUS_ACC_20224,24042.11,2026-01-10 17:21:36,SETTLEMENT,RTGS,IndusInd Bank,IN,0,NORMAL_BANKING_FLOW
TX_INDUS_111080,INDUS_ACC_20088,BOB_ACC_20047,643595.31,2026-01-10 16:12:39,SETTLEMENT,WIRE,IndusInd Bank,IN,0,NORMAL_BANKING_FLOW
TX_INDUS_111081,INDUS_ACC_20142,INDUS_ACC_20145,286870.25,2026-01-10 16:44:40,SETTLEMENT,WIRE,IndusInd Bank,IN,0,NORMAL_BANKING_FLOW
TX_INDUS_111082,INDUS_ACC_20023,SBI_ACC_20115,787502.28,2026-01-10 17:48:36,SETTLEMENT,RTGS,IndusInd Bank,IN,0,NORMAL_BANKING_FLOW
TX_INDUS_111083,INDUS_ACC_20120,INDUS_ACC_20171,188705.16,2026-01-10 15:41:52,SETTLEMENT,RTGS,IndusInd Bank,IN,0,NORMAL_BANKING_FLOW
TX_INDUS_111084,INDUS_ACC_20222,INDUS_ACC_20024,58924.39,2026-01-10 19:38:19,SETTLEMENT,RTGS,IndusInd Bank,IN,0,NORMAL_BANKING_FLOW
TX_INDUS_111085,INDUS_ACC_20076,INDUS_ACC_20142,483114.57,2026-01-10 18:16:00,SETTLEMENT,WIRE,IndusInd Bank,IN,0,NORMAL_BANKING_FLOW
TX_INDUS_111086,INDUS_ACC_20227,INDUS_ACC_20089,94875.27,2026-01-10 16:53:15,SETTLEMENT,RTGS,IndusInd Bank,IN,0,NORMAL_BANKING_FLOW
TX_INDUS_111087,INDUS_ACC_20218,INDUS_ACC_20092,128670.5,2026-01-10 17:45:10,SETTLEMENT,WIRE,IndusInd Bank,IN,0,NORMAL_BANKING_FLOW
TX_INDUS_111088,INDUS_ACC_20235,ICICI_ACC_20208,93770.98,2026-01-10 17:13:30,SETTLEMENT,RTGS,IndusInd Bank,IN,0,NORMAL_BANKING_FLOW
TX_INDUS_111089,INDUS_ACC_20041,INDUS_ACC_20077,2874.73,2026-01-10 16:09:20,SETTLEMENT,RTGS,IndusInd Bank,IN,0,NORMAL_BANKING_FLOW
TX_INDUS_111090,INDUS_ACC_20083,HDFC_ACC_20074,677172.97,2026-01-10 20:22:31,SETTLEMENT,RTGS,IndusInd Bank,IN,0,NORMAL_BANKING_FLOW
TX_INDUS_111091,INDUS_ACC_20154,INDUS_ACC_20146,177940.54,2026-01-10 19:38:00,SETTLEMENT,WIRE,IndusInd Bank,IN,0,NORMAL_BANKING_FLOW
TX_INDUS_111092,INDUS_ACC_20059,INDUS_ACC_20207,146647.59,2026-01-10 18:40:13,SETTLEMENT,RTGS,IndusInd Bank,IN,0,NORMAL_BANKING_FLOW
TX_INDUS_111093,INDUS_ACC_20109,INDUS_ACC_20186,91662.51,2026-01-10 18:54:00,SETTLEMENT,RTGS,IndusInd Bank,IN,0,NORMAL_BANKING_FLOW
TX_INDUS_111094,INDUS_ACC_20050,INDUS_ACC_20017,120104.01,2026-01-10 16:30:39,SETTLEMENT,RTGS,IndusInd Bank,IN,0,NORMAL_BANKING_FLOW
TX_INDUS_111095,INDUS_ACC_20055,INDUS_ACC_20095,48207.28,2026-01-10 17:30:08,SETTLEMENT,WIRE,IndusInd Bank,IN,0,NORMAL_BANKING_FLOW
TX_INDUS_111096,INDUS_ACC_20221,INDUS_ACC_20101,206880.21,2026-01-10 18:16:45,SETTLEMENT,WIRE,IndusInd Bank,IN,0,NORMAL_BANKING_FLOW
TX_INDUS_111097,INDUS_ACC_20131,INDUS_ACC_20058,20567.8,2026-01-10 18:57:00,SETTLEMENT,WIRE,IndusInd Bank,IN,0,NORMAL_BANKING_FLOW
TX_INDUS_111098,INDUS_ACC_20060,INDUS_ACC_20219,123411.81,2026-01-10 18:37:54,SETTLEMENT,WIRE,IndusInd Bank,IN,0,NORMAL_BANKING_FLOW
TX_INDUS_111099,INDUS_ACC_20079,BOB_ACC_20224,193665.59,2026-01-10 17:45:32,SETTLEMENT,WIRE,IndusInd Bank,IN,0,NORMAL_BANKING_FLOW
TX_INDUS_111100,INDUS_ACC_20103,AXIS_ACC_20192,77776.69,2026-01-10 16:26:18,SETTLEMENT,RTGS,IndusInd Bank,IN,0,NORMAL_BANKING_FLOW
TX_INDUS_111101,INDUS_ACC_20220,INDUS_ACC_20049,154051.36,2026-01-10 16:33:20,SETTLEMENT,WIRE,IndusInd Bank,IN,0,NORMAL_BANKING_FLOW
TX_INDUS_111102,INDUS_ACC_20006,INDUS_ACC_20182,30043.41,2026-01-10 19:40:51,SETTLEMENT,RTGS,IndusInd Bank,IN,0,NORMAL_BANKING_FLOW
TX_INDUS_111103,INDUS_ACC_20222,KOTAK_ACC_20037,30977.24,2026-01-10 15:47:12,SETTLEMENT,RTGS,IndusInd Bank,IN,0,NORMAL_BANKING_FLOW
TX_INDUS_111104,INDUS_ACC_20035,HDFC_ACC_20157,131145.22,2026-01-10 20:02:42,SETTLEMENT,WIRE,IndusInd Bank,IN,0,NORMAL_BANKING_FLOW
TX_INDUS_111105,INDUS_ACC_20067,PNB_ACC_20012,222851.2,2026-01-10 16:55:04,SETTLEMENT,RTGS,IndusInd Bank,IN,0,NORMAL_BANKING_FLOW
TX_INDUS_111106,INDUS_ACC_20123,INDUS_ACC_20043,10406.24,2026-01-10 18:43:30,SETTLEMENT,WIRE,IndusInd Bank,IN,0,NORMAL_BANKING_FLOW
TX_INDUS_111107,INDUS_ACC_20188,INDUS_ACC_20122,184688.29,2026-01-10 16:01:48,SETTLEMENT,WIRE,IndusInd Bank,IN,0,NORMAL_BANKING_FLOW
TX_INDUS_111108,INDUS_ACC_20024,INDUS_ACC_20004,51439.32,2026-01-10 16:36:01,SETTLEMENT,WIRE,IndusInd Bank,IN,0,NORMAL_BANKING_FLOW
TX_INDUS_111109,INDUS_ACC_20185,INDUS_ACC_20129,78325.83,2026-01-10 17:10:24,SETTLEMENT,WIRE,IndusInd Bank,IN,0,NORMAL_BANKING_FLOW
TX_INDUS_111110,INDUS_ACC_20210,SBI_ACC_20026,19783.0,2026-01-10 17:04:03,SETTLEMENT,WIRE,IndusInd Bank,IN,0,NORMAL_BANKING_FLOW
TX_INDUS_111111,INDUS_ACC_20199,INDUS_ACC_20200,35527.39,2026-01-10 18:19:40,SETTLEMENT,WIRE,IndusInd Bank,IN,0,NORMAL_BANKING_FLOW
TX_INDUS_111112,INDUS_ACC_20159,INDUS_ACC_20076,314692.23,2026-01-10 20:37:18,SETTLEMENT,WIRE,IndusInd Bank,IN,0,NORMAL_BANKING_FLOW
TX_INDUS_111113,INDUS_ACC_20020,INDUS_ACC_20193,102686.51,2026-01-10 19:15:52,SETTLEMENT,WIRE,IndusInd Bank,IN,0,NORMAL_BANKING_FLOW
TX_INDUS_111114,INDUS_ACC_20099,INDUS_ACC_20244,62359.16,2026-01-10 16:03:54,SETTLEMENT,WIRE,IndusInd Bank,IN,0,NORMAL_BANKING_FLOW
TX_INDUS_111115,INDUS_ACC_20186,SBI_ACC_20001,85837.73,2026-01-10 17:27:00,SETTLEMENT,RTGS,IndusInd Bank,IN,0,NORMAL_BANKING_FLOW
TX_INDUS_111116,INDUS_ACC_20178,INDUS_ACC_20107,177558.28,2026-01-10 18:02:05,SETTLEMENT,WIRE,IndusInd Bank,IN,0,NORMAL_BANKING_FLOW
TX_INDUS_111117,INDUS_ACC_20205,AXIS_ACC_20030,167475.67,2026-01-10 19:32:48,SETTLEMENT,RTGS,IndusInd Bank,IN,0,NORMAL_BANKING_FLOW
TX_INDUS_111118,INDUS_ACC_20061,INDUS_ACC_20235,90216.5,2026-01-10 17:42:24,SETTLEMENT,RTGS,IndusInd Bank,IN,0,NORMAL_BANKING_FLOW
TX_INDUS_111119,INDUS_ACC_20050,INDUS_ACC_20189,366425.66,2026-01-10 18:17:46,SETTLEMENT,RTGS,IndusInd Bank,IN,0,NORMAL_BANKING_FLOW
TX_INDUS_111120,INDUS_ACC_20088,INDUS_ACC_20085,316334.4,2026-01-10 16:26:39,SETTLEMENT,RTGS,IndusInd Bank,IN,0,NORMAL_BANKING_FLOW
TX_INDUS_111121,INDUS_ACC_20167,INDUS_ACC_20033,162112.6,2026-01-10 20:18:00,SETTLEMENT,WIRE,IndusInd Bank,IN,0,NORMAL_BANKING_FLOW
TX_INDUS_111122,INDUS_ACC_20174,INDUS_ACC_20189,105401.71,2026-01-10 19:57:51,SETTLEMENT,RTGS,IndusInd Bank,IN,0,NORMAL_BANKING_FLOW
TX_INDUS_111123,INDUS_ACC_20215,SBI_ACC_20154,217245.93,2026-01-10 16:27:42,SETTLEMENT,WIRE,IndusInd Bank,IN,0,NORMAL_BANKING_FLOW
TX_INDUS_111124,INDUS_ACC_20074,INDUS_ACC_20165,143935.55,2026-01-10 16:13:57,SETTLEMENT,RTGS,IndusInd Bank,IN,0,NORMAL_BANKING_FLOW
TX_INDUS_111125,INDUS_ACC_20179,INDUS_ACC_20004,352554.35,2026-01-10 18:49:44,SETTLEMENT,RTGS,IndusInd Bank,IN,0,NORMAL_BANKING_FLOW
TX_INDUS_111126,INDUS_ACC_20077,INDUS_ACC_20052,290533.35,2026-01-10 18:29:10,SETTLEMENT,WIRE,IndusInd Bank,IN,0,NORMAL_BANKING_FLOW
TX_INDUS_111127,INDUS_ACC_20145,HDFC_ACC_20107,29088.42,2026-01-10 18:44:00,SETTLEMENT,RTGS,IndusInd Bank,IN,0,NORMAL_BANKING_FLOW
TX_INDUS_111128,INDUS_ACC_20193,INDUS_ACC_20229,26818.42,2026-01-10 19:41:36,SETTLEMENT,RTGS,IndusInd Bank,IN,0,NORMAL_BANKING_FLOW
TX_INDUS_111129,INDUS_ACC_20189,INDUS_ACC_20159,42552.78,2026-01-10 20:46:36,SETTLEMENT,RTGS,IndusInd Bank,IN,0,NORMAL_BANKING_FLOW
TX_INDUS_111130,INDUS_ACC_20155,INDUS_ACC_20162,318496.39,2026-01-10 18:38:51,SETTLEMENT,RTGS,IndusInd Bank,IN,0,NORMAL_BANKING_FLOW
TX_INDUS_111131,INDUS_ACC_20229,INDUS_ACC_20053,14889.76,2026-01-10 17:13:30,SETTLEMENT,WIRE,IndusInd Bank,IN,0,NORMAL_BANKING_FLOW
TX_INDUS_111132,INDUS_ACC_20217,INDUS_ACC_20008,158531.54,2026-01-10 16:45:13,SETTLEMENT,RTGS,IndusInd Bank,IN,0,NORMAL_BANKING_FLOW
TX_INDUS_111133,INDUS_ACC_20085,INDUS_ACC_20162,152520.11,2026-01-10 16:38:24,SETTLEMENT,RTGS,IndusInd Bank,IN,0,NORMAL_BANKING_FLOW
TX_INDUS_111134,INDUS_ACC_20045,PNB_ACC_20247,398386.4,2026-01-10 15:55:28,SETTLEMENT,RTGS,IndusInd Bank,IN,0,NORMAL_BANKING_FLOW
TX_INDUS_111135,INDUS_ACC_20237,INDUS_ACC_20143,122566.18,2026-01-10 19:03:48,SETTLEMENT,WIRE,IndusInd Bank,IN,0,NORMAL_BANKING_FLOW
TX_INDUS_111136,INDUS_ACC_20143,INDUS_ACC_20177,19695.56,2026-01-10 19:55:15,SETTLEMENT,WIRE,IndusInd Bank,IN,0,NORMAL_BANKING_FLOW
TX_INDUS_111137,INDUS_ACC_20204,INDUS_ACC_20152,31218.75,2026-01-10 19:56:04,SETTLEMENT,RTGS,IndusInd Bank,IN,0,NORMAL_BANKING_FLOW
TX_INDUS_111138,INDUS_ACC_20105,INDUS_ACC_20227,23899.32,2026-01-10 19:35:02,SETTLEMENT,RTGS,IndusInd Bank,IN,0,NORMAL_BANKING_FLOW
TX_INDUS_111139,INDUS_ACC_20091,HDFC_ACC_20174,51764.88,2026-01-10 21:10:42,SETTLEMENT,RTGS,IndusInd Bank,IN,0,NORMAL_BANKING_FLOW
TX_INDUS_111140,INDUS_ACC_20053,INDUS_ACC_20073,79262.32,2026-01-10 18:52:40,SETTLEMENT,WIRE,IndusInd Bank,IN,0,NORMAL_BANKING_FLOW
TX_INDUS_111141,INDUS_ACC_20228,CANARA_ACC_20193,24378.82,2026-01-10 16:04:40,SETTLEMENT,WIRE,IndusInd Bank,IN,0,NORMAL_BANKING_FLOW
TX_INDUS_111142,INDUS_ACC_20074,INDUS_ACC_20234,576536.76,2026-01-10 21:06:18,SETTLEMENT,WIRE,IndusInd Bank,IN,0,NORMAL_BANKING_FLOW
TX_INDUS_111143,INDUS_ACC_20094,INDUS_ACC_20025,20123.88,2026-01-10 20:45:10,SETTLEMENT,WIRE,IndusInd Bank,IN,0,NORMAL_BANKING_FLOW
TX_INDUS_111144,INDUS_ACC_20131,INDUS_ACC_20149,496492.72,2026-01-10 20:46:05,SETTLEMENT,RTGS,IndusInd Bank,IN,0,NORMAL_BANKING_FLOW
TX_INDUS_111145,INDUS_ACC_20208,CANARA_ACC_20112,409296.72,2026-01-10 16:20:36,SETTLEMENT,WIRE,IndusInd Bank,IN,0,NORMAL_BANKING_FLOW
TX_INDUS_111146,INDUS_ACC_20222,INDUS_ACC_20092,290094.8,2026-01-10 21:10:10,SETTLEMENT,RTGS,IndusInd Bank,IN,0,NORMAL_BANKING_FLOW
TX_INDUS_111147,INDUS_ACC_20129,PNB_ACC_20173,42936.61,2026-01-10 16:58:24,SETTLEMENT,RTGS,IndusInd Bank,IN,0,NORMAL_BANKING_FLOW
TX_INDUS_111148,INDUS_ACC_20096,INDUS_ACC_20184,148886.72,2026-01-10 19:50:09,SETTLEMENT,WIRE,IndusInd Bank,IN,0,NORMAL_BANKING_FLOW
TX_INDUS_111149,INDUS_ACC_20048,INDUS_ACC_20036,21314.75,2026-01-10 16:06:56,SETTLEMENT,RTGS,IndusInd Bank,IN,0,NORMAL_BANKING_FLOW
TX_INDUS_111150,INDUS_ACC_20202,INDUS_ACC_20169,294515.95,2026-01-10 20:29:08,SETTLEMENT,RTGS,IndusInd Bank,IN,0,NORMAL_BANKING_FLOW
TX_INDUS_111151,INDUS_ACC_20036,INDUS_ACC_20234,90329.4,2026-01-10 20:00:00,SETTLEMENT,WIRE,IndusInd Bank,IN,0,NORMAL_BANKING_FLOW
TX_INDUS_111152,INDUS_ACC_20083,INDUS_ACC_20203,60404.31,2026-01-10 20:08:19,SETTLEMENT,WIRE,IndusInd Bank,IN,0,NORMAL_BANKING_FLOW
TX_INDUS_111153,INDUS_ACC_20209,SBI_ACC_20049,22731.48,2026-01-10 17:23:24,SETTLEMENT,WIRE,IndusInd Bank,IN,0,NORMAL_BANKING_FLOW
TX_INDUS_111154,INDUS_ACC_20115,INDUS_ACC_20193,5049.24,2026-01-10 19:39:45,SETTLEMENT,RTGS,IndusInd Bank,IN,0,NORMAL_BANKING_FLOW
TX_INDUS_111155,INDUS_ACC_20094,BOB_ACC_20104,28388.83,2026-01-10 16:31:20,SETTLEMENT,RTGS,IndusInd Bank,IN,0,NORMAL_BANKING_FLOW
TX_INDUS_111156,INDUS_ACC_20078,INDUS_ACC_20052,375253.78,2026-01-10 20:26:45,SETTLEMENT,WIRE,IndusInd Bank,IN,0,NORMAL_BANKING_FLOW
TX_INDUS_111157,INDUS_ACC_20064,INDUS_ACC_20243,60876.34,2026-01-10 21:28:24,SETTLEMENT,RTGS,IndusInd Bank,IN,0,NORMAL_BANKING_FLOW
TX_INDUS_111158,INDUS_ACC_20048,INDUS_ACC_20005,80563.85,2026-01-10 20:20:50,SETTLEMENT,RTGS,IndusInd Bank,IN,0,NORMAL_BANKING_FLOW
TX_INDUS_111159,INDUS_ACC_20167,INDUS_ACC_20070,216785.84,2026-01-10 20:36:56,SETTLEMENT,RTGS,IndusInd Bank,IN,0,NORMAL_BANKING_FLOW
TX_INDUS_111160,INDUS_ACC_20190,INDUS_ACC_20025,861820.81,2026-01-10 15:54:45,SETTLEMENT,RTGS,IndusInd Bank,IN,0,NORMAL_BANKING_FLOW
TX_INDUS_111161,INDUS_ACC_20181,INDUS_ACC_20126,484080.06,2026-01-10 17:50:00,SETTLEMENT,WIRE,IndusInd Bank,IN,0,NORMAL_BANKING_FLOW
TX_INDUS_111162,INDUS_ACC_20247,INDUS_ACC_20209,30736.25,2026-01-10 16:10:37,SETTLEMENT,RTGS,IndusInd Bank,IN,0,NORMAL_BANKING_FLOW
TX_INDUS_111163,INDUS_ACC_20168,INDUS_ACC_20218,9594.21,2026-01-10 18:44:54,SETTLEMENT,RTGS,IndusInd Bank,IN,0,NORMAL_BANKING_FLOW
TX_INDUS_111164,INDUS_ACC_20170,INDUS_ACC_20237,1675357.46,2026-01-10 16:57:29,SETTLEMENT,WIRE,IndusInd Bank,IN,0,NORMAL_BANKING_FLOW
TX_INDUS_111165,INDUS_ACC_20185,INDUS_ACC_20173,1502723.87,2026-01-10 16:42:24,SETTLEMENT,RTGS,IndusInd Bank,IN,0,NORMAL_BANKING_FLOW
TX_INDUS_111166,INDUS_ACC_20083,YES_ACC_20037,123765.55,2026-01-10 18:31:15,SETTLEMENT,RTGS,IndusInd Bank,IN,0,NORMAL_BANKING_FLOW
TX_INDUS_111167,INDUS_ACC_20110,INDUS_ACC_20068,21491.53,2026-01-10 18:31:50,SETTLEMENT,WIRE,IndusInd Bank,IN,0,NORMAL_BANKING_FLOW
TX_INDUS_111168,INDUS_ACC_20169,BOB_ACC_20114,313599.46,2026-01-10 16:43:27,SETTLEMENT,WIRE,IndusInd Bank,IN,0,NORMAL_BANKING_FLOW
TX_INDUS_111169,INDUS_ACC_20215,INDUS_ACC_20048,86718.24,2026-01-10 16:20:24,SETTLEMENT,RTGS,IndusInd Bank,IN,0,NORMAL_BANKING_FLOW
TX_INDUS_111170,INDUS_ACC_20085,INDUS_ACC_20065,86199.76,2026-01-10 21:25:33,SETTLEMENT,RTGS,IndusInd Bank,IN,0,NORMAL_BANKING_FLOW
TX_INDUS_111171,INDUS_ACC_20110,INDUS_ACC_20024,288759.84,2026-01-10 16:44:30,SETTLEMENT,RTGS,IndusInd Bank,IN,0,NORMAL_BANKING_FLOW
TX_INDUS_111172,INDUS_ACC_20059,INDUS_ACC_20193,147450.78,2026-01-10 18:26:54,SETTLEMENT,WIRE,IndusInd Bank,IN,0,NORMAL_BANKING_FLOW
TX_INDUS_111173,INDUS_ACC_20103,ICICI_ACC_20238,23790.04,2026-01-10 21:52:00,SETTLEMENT,RTGS,IndusInd Bank,IN,0,NORMAL_BANKING_FLOW
TX_INDUS_111174,INDUS_ACC_20019,INDUS_ACC_20100,66856.89,2026-01-10 21:37:14,SETTLEMENT,RTGS,IndusInd Bank,IN,0,NORMAL_BANKING_FLOW
TX_INDUS_111175,INDUS_ACC_20144,INDUS_ACC_20022,218247.17,2026-01-10 19:23:54,SETTLEMENT,WIRE,IndusInd Bank,IN,0,NORMAL_BANKING_FLOW
TX_INDUS_111176,INDUS_ACC_20015,INDUS_ACC_20017,182098.43,2026-01-10 21:47:05,SETTLEMENT,WIRE,IndusInd Bank,IN,0,NORMAL_BANKING_FLOW
TX_INDUS_111177,INDUS_ACC_20056,SBI_ACC_20031,135187.76,2026-01-10 17:18:20,SETTLEMENT,WIRE,IndusInd Bank,IN,0,NORMAL_BANKING_FLOW
TX_INDUS_111178,INDUS_ACC_20211,INDUS_ACC_20094,302581.99,2026-01-10 19:25:57,SETTLEMENT,RTGS,IndusInd Bank,IN,0,NORMAL_BANKING_FLOW
TX_INDUS_111179,INDUS_ACC_20166,INDUS_ACC_20062,63955.3,2026-01-10 21:18:10,SETTLEMENT,WIRE,IndusInd Bank,IN,0,NORMAL_BANKING_FLOW
TX_INDUS_111180,INDUS_ACC_20186,INDUS_ACC_20049,122320.97,2026-01-10 17:27:34,SETTLEMENT,RTGS,IndusInd Bank,IN,0,NORMAL_BANKING_FLOW
TX_INDUS_111181,INDUS_ACC_20025,INDUS_ACC_20079,1718.67,2026-01-10 19:12:00,SETTLEMENT,WIRE,IndusInd Bank,IN,0,NORMAL_BANKING_FLOW
TX_INDUS_111182,INDUS_ACC_20043,INDUS_ACC_20130,57550.6,2026-01-10 18:24:33,SETTLEMENT,RTGS,IndusInd Bank,IN,0,NORMAL_BANKING_FLOW
TX_INDUS_111183,INDUS_ACC_20067,INDUS_ACC_20165,246886.38,2026-01-10 16:08:32,SETTLEMENT,WIRE,IndusInd Bank,IN,0,NORMAL_BANKING_FLOW
TX_INDUS_111184,INDUS_ACC_20051,INDUS_ACC_20221,61791.84,2026-01-10 16:24:54,SETTLEMENT,RTGS,IndusInd Bank,IN,0,NORMAL_BANKING_FLOW
TX_INDUS_111185,INDUS_ACC_20003,INDUS_ACC_20158,56417.07,2026-01-10 20:51:24,SETTLEMENT,WIRE,IndusInd Bank,IN,0,NORMAL_BANKING_FLOW
TX_INDUS_111186,INDUS_ACC_20195,KOTAK_ACC_20041,28289.8,2026-01-10 19:07:10,SETTLEMENT,RTGS,IndusInd Bank,IN,0,NORMAL_BANKING_FLOW
TX_INDUS_111187,INDUS_ACC_20111,INDUS_ACC_20101,329074.38,2026-01-10 20:28:48,SETTLEMENT,WIRE,IndusInd Bank,IN,0,NORMAL_BANKING_FLOW
TX_INDUS_111188,INDUS_ACC_20114,INDUS_ACC_20021,190642.63,2026-01-10 17:14:48,SETTLEMENT,RTGS,IndusInd Bank,IN,0,NORMAL_BANKING_FLOW
TX_INDUS_111189,INDUS_ACC_20125,INDUS_ACC_20073,265799.49,2026-01-10 16:10:08,SETTLEMENT,WIRE,IndusInd Bank,IN,0,NORMAL_BANKING_FLOW
TX_INDUS_111190,INDUS_ACC_20213,HDFC_ACC_20234,12438.39,2026-01-10 16:59:18,SETTLEMENT,WIRE,IndusInd Bank,IN,0,NORMAL_BANKING_FLOW
TX_INDUS_111191,INDUS_ACC_20231,BOB_ACC_20191,81426.82,2026-01-10 19:02:10,SETTLEMENT,WIRE,IndusInd Bank,IN,0,NORMAL_BANKING_FLOW
TX_INDUS_111192,INDUS_ACC_20086,INDUS_ACC_20079,70535.17,2026-01-10 16:43:40,SETTLEMENT,RTGS,IndusInd Bank,IN,0,NORMAL_BANKING_FLOW
TX_INDUS_111193,INDUS_ACC_20249,ICICI_ACC_20159,70496.19,2026-01-10 21:06:24,SETTLEMENT,RTGS,IndusInd Bank,IN,0,NORMAL_BANKING_FLOW
TX_INDUS_111194,INDUS_ACC_20160,INDUS_ACC_20035,47134.8,2026-01-10 19:45:06,SETTLEMENT,RTGS,IndusInd Bank,IN,0,NORMAL_BANKING_FLOW
TX_INDUS_111195,INDUS_ACC_20032,INDUS_ACC_20037,65164.81,2026-01-10 16:52:54,SETTLEMENT,RTGS,IndusInd Bank,IN,0,NORMAL_BANKING_FLOW
TX_INDUS_111196,INDUS_ACC_20122,ICICI_ACC_20145,273641.39,2026-01-10 18:15:45,SETTLEMENT,WIRE,IndusInd Bank,IN,0,NORMAL_BANKING_FLOW
TX_INDUS_111197,INDUS_ACC_20041,INDUS_ACC_20039,9942.55,2026-01-10 20:45:04,SETTLEMENT,RTGS,IndusInd Bank,IN,0,NORMAL_BANKING_FLOW
TX_INDUS_111198,INDUS_ACC_20237,INDUS_ACC_20044,832970.68,2026-01-10 21:27:18,SETTLEMENT,RTGS,IndusInd Bank,IN,0,NORMAL_BANKING_FLOW
TX_INDUS_111199,INDUS_ACC_20027,INDUS_ACC_20063,176417.63,2026-01-10 19:23:42,SETTLEMENT,RTGS,IndusInd Bank,IN,0,NORMAL_BANKING_FLOW
TX_INDUS_111200,INDUS_ACC_20079,INDUS_ACC_20216,93826.42,2026-01-10 18:17:49,SETTLEMENT,RTGS,IndusInd Bank,IN,0,NORMAL_BANKING_FLOW
TX_INDUS_111201,INDUS_ACC_20028,AXIS_ACC_20027,293080.03,2026-01-10 20:23:20,SETTLEMENT,WIRE,IndusInd Bank,IN,0,NORMAL_BANKING_FLOW
TX_INDUS_111202,INDUS_ACC_20195,ICICI_ACC_20184,17288.53,2026-01-10 18:35:33,SETTLEMENT,RTGS,IndusInd Bank,IN,0,NORMAL_BANKING_FLOW
TX_INDUS_111203,INDUS_ACC_20055,INDUS_ACC_20035,44460.61,2026-01-10 19:17:56,SETTLEMENT,RTGS,IndusInd Bank,IN,0,NORMAL_BANKING_FLOW
TX_INDUS_111204,INDUS_ACC_20056,INDUS_ACC_20029,85366.54,2026-01-10 18:28:16,SETTLEMENT,WIRE,IndusInd Bank,IN,0,NORMAL_BANKING_FLOW
TX_INDUS_111205,INDUS_ACC_20072,INDUS_ACC_20214,508221.39,2026-01-10 17:04:48,SETTLEMENT,RTGS,IndusInd Bank,IN,0,NORMAL_BANKING_FLOW
TX_INDUS_111206,INDUS_ACC_20072,INDUS_ACC_20165,93358.68,2026-01-10 18:46:10,SETTLEMENT,RTGS,IndusInd Bank,IN,0,NORMAL_BANKING_FLOW
TX_INDUS_111207,INDUS_ACC_20223,INDUS_ACC_20247,169408.05,2026-01-10 20:19:30,SETTLEMENT,WIRE,IndusInd Bank,IN,0,NORMAL_BANKING_FLOW
TX_INDUS_111208,INDUS_ACC_20232,INDUS_ACC_20189,48654.77,2026-01-10 19:21:06,SETTLEMENT,RTGS,IndusInd Bank,IN,0,NORMAL_BANKING_FLOW
TX_INDUS_111209,INDUS_ACC_20247,INDUS_ACC_20241,177054.08,2026-01-10 17:14:44,SETTLEMENT,WIRE,IndusInd Bank,IN,0,NORMAL_BANKING_FLOW
TX_INDUS_111210,INDUS_ACC_20013,CANARA_ACC_20102,738729.81,2026-01-10 22:03:33,SETTLEMENT,RTGS,IndusInd Bank,IN,0,NORMAL_BANKING_FLOW
TX_INDUS_111211,INDUS_ACC_20121,INDUS_ACC_20189,325993.27,2026-01-10 21:39:00,SETTLEMENT,WIRE,IndusInd Bank,IN,0,NORMAL_BANKING_FLOW
TX_INDUS_111212,INDUS_ACC_20178,INDUS_ACC_20103,89523.18,2026-01-10 20:48:48,SETTLEMENT,WIRE,IndusInd Bank,IN,0,NORMAL_BANKING_FLOW
TX_INDUS_111213,INDUS_ACC_20165,HDFC_ACC_20016,222034.71,2026-01-10 22:06:24,SETTLEMENT,WIRE,IndusInd Bank,IN,0,NORMAL_BANKING_FLOW
TX_INDUS_111214,INDUS_ACC_20218,INDUS_ACC_20111,197406.5,2026-01-10 17:59:24,SETTLEMENT,RTGS,IndusInd Bank,IN,0,NORMAL_BANKING_FLOW
TX_INDUS_111215,INDUS_ACC_20097,INDUS_ACC_20180,181299.42,2026-01-10 18:42:42,SETTLEMENT,WIRE,IndusInd Bank,IN,0,NORMAL_BANKING_FLOW
TX_INDUS_111216,INDUS_ACC_20048,INDUS_ACC_20106,374873.54,2026-01-10 20:09:05,SETTLEMENT,WIRE,IndusInd Bank,IN,0,NORMAL_BANKING_FLOW
TX_INDUS_111217,INDUS_ACC_20010,INDUS_ACC_20234,371525.67,2026-01-10 20:44:12,SETTLEMENT,RTGS,IndusInd Bank,IN,0,NORMAL_BANKING_FLOW
TX_INDUS_111218,INDUS_ACC_20072,INDUS_ACC_20012,84745.65,2026-01-10 17:00:57,SETTLEMENT,WIRE,IndusInd Bank,IN,0,NORMAL_BANKING_FLOW
TX_INDUS_111219,INDUS_ACC_20091,INDUS_ACC_20032,213257.34,2026-01-10 22:12:06,SETTLEMENT,WIRE,IndusInd Bank,IN,0,NORMAL_BANKING_FLOW
TX_INDUS_111220,INDUS_ACC_20036,CANARA_ACC_20208,62335.48,2026-01-10 16:27:03,SETTLEMENT,RTGS,IndusInd Bank,IN,0,NORMAL_BANKING_FLOW
TX_INDUS_111221,INDUS_ACC_20036,INDUS_ACC_20180,32608.01,2026-01-10 16:10:00,SETTLEMENT,WIRE,IndusInd Bank,IN,0,NORMAL_BANKING_FLOW
TX_INDUS_111222,INDUS_ACC_20185,INDUS_ACC_20166,71439.59,2026-01-10 19:29:58,SETTLEMENT,WIRE,IndusInd Bank,IN,0,NORMAL_BANKING_FLOW
TX_INDUS_111223,INDUS_ACC_20053,HDFC_ACC_20206,90081.15,2026-01-10 22:42:00,SETTLEMENT,WIRE,IndusInd Bank,IN,0,NORMAL_BANKING_FLOW
TX_INDUS_111224,INDUS_ACC_20028,INDUS_ACC_20244,13441.51,2026-01-10 18:56:22,SETTLEMENT,RTGS,IndusInd Bank,IN,0,NORMAL_BANKING_FLOW
TX_INDUS_111225,INDUS_ACC_20103,CANARA_ACC_20078,277173.54,2026-01-10 16:45:56,SETTLEMENT,RTGS,IndusInd Bank,IN,0,NORMAL_BANKING_FLOW
TX_INDUS_111226,INDUS_ACC_20224,INDUS_ACC_20124,3566.03,2026-01-10 22:27:30,SETTLEMENT,RTGS,IndusInd Bank,IN,0,NORMAL_BANKING_FLOW
TX_INDUS_111227,INDUS_ACC_20028,INDUS_ACC_20135,2565798.59,2026-01-10 16:29:02,SETTLEMENT,RTGS,IndusInd Bank,IN,0,NORMAL_BANKING_FLOW
TX_INDUS_111228,INDUS_ACC_20229,INDUS_ACC_20028,598543.79,2026-01-10 22:47:00,SETTLEMENT,WIRE,IndusInd Bank,IN,0,NORMAL_BANKING_FLOW
TX_INDUS_111229,INDUS_ACC_20139,ICICI_ACC_20061,72170.71,2026-01-10 17:13:36,SETTLEMENT,RTGS,IndusInd Bank,IN,0,NORMAL_BANKING_FLOW
TX_INDUS_111230,INDUS_ACC_20050,INDUS_ACC_20083,99838.75,2026-01-10 21:38:28,SETTLEMENT,RTGS,IndusInd Bank,IN,0,NORMAL_BANKING_FLOW
TX_INDUS_111231,INDUS_ACC_20236,INDUS_ACC_20002,141997.72,2026-01-10 22:14:40,SETTLEMENT,RTGS,IndusInd Bank,IN,0,NORMAL_BANKING_FLOW
TX_INDUS_111232,INDUS_ACC_20033,INDUS_ACC_20223,48679.22,2026-01-10 17:50:06,SETTLEMENT,RTGS,IndusInd Bank,IN,0,NORMAL_BANKING_FLOW
TX_INDUS_111233,INDUS_ACC_20077,INDUS_ACC_20131,124385.76,2026-01-10 17:50:32,SETTLEMENT,WIRE,IndusInd Bank,IN,0,NORMAL_BANKING_FLOW
TX_INDUS_111234,INDUS_ACC_20073,AXIS_ACC_20114,83050.16,2026-01-10 21:15:17,SETTLEMENT,WIRE,IndusInd Bank,IN,0,NORMAL_BANKING_FLOW
TX_INDUS_111235,INDUS_ACC_20118,INDUS_ACC_20128,88156.84,2026-01-10 16:49:06,SETTLEMENT,WIRE,IndusInd Bank,IN,0,NORMAL_BANKING_FLOW
TX_INDUS_111236,INDUS_ACC_20132,INDUS_ACC_20091,122731.37,2026-01-10 19:29:55,SETTLEMENT,WIRE,IndusInd Bank,IN,0,NORMAL_BANKING_FLOW
TX_INDUS_111237,INDUS_ACC_20160,INDUS_ACC_20228,20409.72,2026-01-10 22:20:16,SETTLEMENT,WIRE,IndusInd Bank,IN,0,NORMAL_BANKING_FLOW
TX_INDUS_111238,INDUS_ACC_20161,INDUS_ACC_20012,103516.23,2026-01-10 20:51:42,SETTLEMENT,WIRE,IndusInd Bank,IN,0,NORMAL_BANKING_FLOW
TX_INDUS_111239,INDUS_ACC_20124,BOB_ACC_20154,120106.88,2026-01-10 16:41:24,SETTLEMENT,RTGS,IndusInd Bank,IN,0,NORMAL_BANKING_FLOW
TX_INDUS_111240,INDUS_ACC_20078,CANARA_ACC_20155,115222.41,2026-01-10 18:38:29,SETTLEMENT,RTGS,IndusInd Bank,IN,0,NORMAL_BANKING_FLOW
TX_INDUS_111241,INDUS_ACC_20109,KOTAK_ACC_20079,76191.34,2026-01-10 18:12:00,SETTLEMENT,RTGS,IndusInd Bank,IN,0,NORMAL_BANKING_FLOW
TX_INDUS_111242,INDUS_ACC_20201,CANARA_ACC_20029,386709.61,2026-01-10 21:21:49,SETTLEMENT,WIRE,IndusInd Bank,IN,0,NORMAL_BANKING_FLOW
TX_INDUS_111243,INDUS_ACC_20019,INDUS_ACC_20135,64577.22,2026-01-10 17:18:44,SETTLEMENT,WIRE,IndusInd Bank,IN,0,NORMAL_BANKING_FLOW
TX_INDUS_111244,INDUS_ACC_20183,INDUS_ACC_20056,129675.58,2026-01-10 17:46:15,SETTLEMENT,WIRE,IndusInd Bank,IN,0,NORMAL_BANKING_FLOW
TX_INDUS_111245,INDUS_ACC_20118,INDUS_ACC_20106,468249.73,2026-01-10 18:59:12,SETTLEMENT,WIRE,IndusInd Bank,IN,0,NORMAL_BANKING_FLOW
TX_INDUS_111246,INDUS_ACC_20189,INDUS_ACC_20179,89746.89,2026-01-10 20:30:35,SETTLEMENT,WIRE,IndusInd Bank,IN,0,NORMAL_BANKING_FLOW
TX_INDUS_111247,INDUS_ACC_20060,INDUS_ACC_20063,127689.39,2026-01-10 17:29:18,SETTLEMENT,RTGS,IndusInd Bank,IN,0,NORMAL_BANKING_FLOW
TX_INDUS_111248,INDUS_ACC_20026,INDUS_ACC_20213,87933.7,2026-01-10 22:30:32,SETTLEMENT,WIRE,IndusInd Bank,IN,0,NORMAL_BANKING_FLOW
TX_INDUS_111249,INDUS_ACC_20106,INDUS_ACC_20219,435758.62,2026-01-10 21:18:24,SETTLEMENT,RTGS,IndusInd Bank,IN,0,NORMAL_BANKING_FLOW
TX_INDUS_111250,INDUS_ACC_20054,KOTAK_ACC_20160,72455.69,2026-01-10 19:01:57,SETTLEMENT,RTGS,IndusInd Bank,IN,0,NORMAL_BANKING_FLOW
TX_INDUS_111251,INDUS_ACC_20169,INDUS_ACC_20116,460480.36,2026-01-10 22:24:10,SETTLEMENT,RTGS,IndusInd Bank,IN,0,NORMAL_BANKING_FLOW
TX_INDUS_111252,INDUS_ACC_20185,INDUS_ACC_20201,87176.89,2026-01-10 22:25:05,SETTLEMENT,WIRE,IndusInd Bank,IN,0,NORMAL_BANKING_FLOW
TX_INDUS_111253,INDUS_ACC_20113,INDUS_ACC_20214,35194.61,2026-01-10 16:45:36,SETTLEMENT,RTGS,IndusInd Bank,IN,0,NORMAL_BANKING_FLOW
TX_INDUS_111254,INDUS_ACC_20095,INDUS_ACC_20053,223071.54,2026-01-10 19:13:22,SETTLEMENT,WIRE,IndusInd Bank,IN,0,NORMAL_BANKING_FLOW
TX_INDUS_111255,INDUS_ACC_20018,INDUS_ACC_20027,68486.96,2026-01-10 16:27:44,SETTLEMENT,WIRE,IndusInd Bank,IN,0,NORMAL_BANKING_FLOW
TX_INDUS_111256,INDUS_ACC_20120,INDUS_ACC_20089,207856.06,2026-01-10 18:46:45,SETTLEMENT,RTGS,IndusInd Bank,IN,0,NORMAL_BANKING_FLOW
TX_INDUS_111257,INDUS_ACC_20163,INDUS_ACC_20160,3732.06,2026-01-10 22:01:52,SETTLEMENT,RTGS,IndusInd Bank,IN,0,NORMAL_BANKING_FLOW
TX_INDUS_111258,INDUS_ACC_20114,INDUS_ACC_20066,99334.31,2026-01-10 21:44:10,SETTLEMENT,RTGS,IndusInd Bank,IN,0,NORMAL_BANKING_FLOW
TX_INDUS_111259,INDUS_ACC_20087,ICICI_ACC_20083,56867.18,2026-01-10 16:47:24,SETTLEMENT,RTGS,IndusInd Bank,IN,0,NORMAL_BANKING_FLOW
TX_INDUS_111260,INDUS_ACC_20073,INDUS_ACC_20091,27559.14,2026-01-10 17:15:39,SETTLEMENT,RTGS,IndusInd Bank,IN,0,NORMAL_BANKING_FLOW
TX_INDUS_111261,INDUS_ACC_20236,INDUS_ACC_20078,50823.33,2026-01-10 20:32:00,SETTLEMENT,RTGS,IndusInd Bank,IN,0,NORMAL_BANKING_FLOW
TX_INDUS_111262,INDUS_ACC_20191,INDUS_ACC_20112,49590.58,2026-01-10 17:44:24,SETTLEMENT,WIRE,IndusInd Bank,IN,0,NORMAL_BANKING_FLOW
TX_INDUS_111263,INDUS_ACC_20190,INDUS_ACC_20039,93191.99,2026-01-10 19:18:28,SETTLEMENT,RTGS,IndusInd Bank,IN,0,NORMAL_BANKING_FLOW
TX_INDUS_111264,INDUS_ACC_20013,INDUS_ACC_20000,19133.73,2026-01-10 16:30:08,SETTLEMENT,RTGS,IndusInd Bank,IN,0,NORMAL_BANKING_FLOW
TX_INDUS_111265,INDUS_ACC_20146,INDUS_ACC_20117,144282.51,2026-01-10 20:25:24,SETTLEMENT,RTGS,IndusInd Bank,IN,0,NORMAL_BANKING_FLOW
TX_INDUS_111266,INDUS_ACC_20040,HDFC_ACC_20185,508620.65,2026-01-10 17:55:25,SETTLEMENT,RTGS,IndusInd Bank,IN,0,NORMAL_BANKING_FLOW
TX_INDUS_111267,INDUS_ACC_20107,INDUS_ACC_20105,138290.83,2026-01-10 19:01:52,SETTLEMENT,WIRE,IndusInd Bank,IN,0,NORMAL_BANKING_FLOW
TX_INDUS_111268,INDUS_ACC_20112,INDUS_ACC_20008,260611.57,2026-01-10 20:46:21,SETTLEMENT,WIRE,IndusInd Bank,IN,0,NORMAL_BANKING_FLOW
TX_INDUS_111269,INDUS_ACC_20041,PNB_ACC_20099,367131.34,2026-01-10 16:50:24,SETTLEMENT,WIRE,IndusInd Bank,IN,0,NORMAL_BANKING_FLOW
TX_INDUS_111270,INDUS_ACC_20045,INDUS_ACC_20188,435298.56,2026-01-10 22:32:06,SETTLEMENT,RTGS,IndusInd Bank,IN,0,NORMAL_BANKING_FLOW
TX_INDUS_111271,INDUS_ACC_20088,INDUS_ACC_20229,931141.41,2026-01-10 16:22:30,SETTLEMENT,RTGS,IndusInd Bank,IN,0,NORMAL_BANKING_FLOW
TX_INDUS_111272,INDUS_ACC_20160,INDUS_ACC_20185,54228.27,2026-01-10 22:05:21,SETTLEMENT,RTGS,IndusInd Bank,IN,0,NORMAL_BANKING_FLOW
TX_INDUS_111273,INDUS_ACC_20133,INDUS_ACC_20172,41681.77,2026-01-10 19:43:12,SETTLEMENT,WIRE,IndusInd Bank,IN,0,NORMAL_BANKING_FLOW
TX_INDUS_111274,INDUS_ACC_20101,INDUS_ACC_20233,252750.67,2026-01-10 19:53:21,SETTLEMENT,RTGS,IndusInd Bank,IN,0,NORMAL_BANKING_FLOW
TX_INDUS_111275,INDUS_ACC_20231,SBI_ACC_20203,230941.44,2026-01-10 18:56:34,SETTLEMENT,RTGS,IndusInd Bank,IN,0,NORMAL_BANKING_FLOW
TX_INDUS_111276,INDUS_ACC_20137,INDUS_ACC_20125,250398.86,2026-01-10 23:15:50,SETTLEMENT,RTGS,IndusInd Bank,IN,0,NORMAL_BANKING_FLOW
TX_INDUS_111277,INDUS_ACC_20076,INDUS_ACC_20203,952779.66,2026-01-10 20:24:00,SETTLEMENT,WIRE,IndusInd Bank,IN,0,NORMAL_BANKING_FLOW
TX_INDUS_111278,INDUS_ACC_20242,INDUS_ACC_20214,100071.87,2026-01-10 20:34:17,SETTLEMENT,RTGS,IndusInd Bank,IN,0,NORMAL_BANKING_FLOW
TX_INDUS_111279,INDUS_ACC_20246,PNB_ACC_20031,164618.82,2026-01-10 20:06:04,SETTLEMENT,RTGS,IndusInd Bank,IN,0,NORMAL_BANKING_FLOW
TX_INDUS_111280,INDUS_ACC_20151,YES_ACC_20007,30440.65,2026-01-10 22:31:27,SETTLEMENT,RTGS,IndusInd Bank,IN,0,NORMAL_BANKING_FLOW
TX_INDUS_111281,INDUS_ACC_20090,INDUS_ACC_20244,1280018.83,2026-01-10 19:48:00,SETTLEMENT,WIRE,IndusInd Bank,IN,0,NORMAL_BANKING_FLOW
TX_INDUS_111282,INDUS_ACC_20054,INDUS_ACC_20045,65916.63,2026-01-10 19:09:52,SETTLEMENT,WIRE,IndusInd Bank,IN,0,NORMAL_BANKING_FLOW
TX_INDUS_111283,INDUS_ACC_20211,INDUS_ACC_20073,68195.98,2026-01-10 18:12:12,SETTLEMENT,RTGS,IndusInd Bank,IN,0,NORMAL_BANKING_FLOW
TX_INDUS_111284,INDUS_ACC_20175,INDUS_ACC_20116,65114.34,2026-01-10 18:32:04,SETTLEMENT,RTGS,IndusInd Bank,IN,0,NORMAL_BANKING_FLOW
TX_INDUS_111285,INDUS_ACC_20036,INDUS_ACC_20065,45529.92,2026-01-10 21:08:16,SETTLEMENT,RTGS,IndusInd Bank,IN,0,NORMAL_BANKING_FLOW
TX_INDUS_111286,INDUS_ACC_20152,BOB_ACC_20145,41137.51,2026-01-10 22:46:30,SETTLEMENT,WIRE,IndusInd Bank,IN,0,NORMAL_BANKING_FLOW
TX_INDUS_111287,INDUS_ACC_20124,ICICI_ACC_20138,52657.02,2026-01-10 18:23:42,SETTLEMENT,WIRE,IndusInd Bank,IN,0,NORMAL_BANKING_FLOW
TX_INDUS_111288,INDUS_ACC_20124,CANARA_ACC_20170,19168.91,2026-01-10 20:31:20,SETTLEMENT,RTGS,IndusInd Bank,IN,0,NORMAL_BANKING_FLOW
TX_INDUS_111289,INDUS_ACC_20054,BOB_ACC_20014,38469.4,2026-01-10 21:50:24,SETTLEMENT,RTGS,IndusInd Bank,IN,0,NORMAL_BANKING_FLOW
TX_INDUS_111290,INDUS_ACC_20206,INDUS_ACC_20167,1023517.45,2026-01-10 17:35:58,SETTLEMENT,RTGS,IndusInd Bank,IN,0,NORMAL_BANKING_FLOW
TX_INDUS_111291,INDUS_ACC_20239,INDUS_ACC_20242,238657.84,2026-01-10 20:03:50,SETTLEMENT,RTGS,IndusInd Bank,IN,0,NORMAL_BANKING_FLOW
TX_INDUS_111292,INDUS_ACC_20093,ICICI_ACC_20037,299864.21,2026-01-10 18:35:48,SETTLEMENT,WIRE,IndusInd Bank,IN,0,NORMAL_BANKING_FLOW
TX_INDUS_111293,INDUS_ACC_20085,INDUS_ACC_20073,405408.53,2026-01-10 18:36:16,SETTLEMENT,RTGS,IndusInd Bank,IN,0,NORMAL_BANKING_FLOW
TX_INDUS_111294,INDUS_ACC_20101,INDUS_ACC_20162,891768.17,2026-01-10 21:54:24,SETTLEMENT,WIRE,IndusInd Bank,IN,0,NORMAL_BANKING_FLOW
TX_INDUS_111295,INDUS_ACC_20140,INDUS_ACC_20102,11781.58,2026-01-10 18:17:24,SETTLEMENT,RTGS,IndusInd Bank,IN,0,NORMAL_BANKING_FLOW
TX_INDUS_111296,INDUS_ACC_20008,INDUS_ACC_20029,22564.66,2026-01-10 22:15:50,SETTLEMENT,RTGS,IndusInd Bank,IN,0,NORMAL_BANKING_FLOW
TX_INDUS_111297,INDUS_ACC_20026,INDUS_ACC_20191,37629.05,2026-01-10 23:56:00,SETTLEMENT,RTGS,IndusInd Bank,IN,0,NORMAL_BANKING_FLOW
TX_INDUS_111298,INDUS_ACC_20079,INDUS_ACC_20150,56180.46,2026-01-10 20:18:06,SETTLEMENT,RTGS,IndusInd Bank,IN,0,NORMAL_BANKING_FLOW
TX_INDUS_111299,INDUS_ACC_20150,INDUS_ACC_20014,68824.61,2026-01-10 18:59:00,SETTLEMENT,RTGS,IndusInd Bank,IN,0,NORMAL_BANKING_FLOW
TX_INDUS_111300,INDUS_ACC_20226,INDUS_ACC_20097,57735.47,2026-01-10 17:49:37,SETTLEMENT,RTGS,IndusInd Bank,IN,0,NORMAL_BANKING_FLOW
TX_INDUS_111301,INDUS_ACC_20156,SBI_ACC_20079,128434.03,2026-01-10 17:10:00,SETTLEMENT,WIRE,IndusInd Bank,IN,0,NORMAL_BANKING_FLOW
TX_INDUS_111302,INDUS_ACC_20018,INDUS_ACC_20248,102986.63,2026-01-10 21:30:45,SETTLEMENT,WIRE,IndusInd Bank,IN,0,NORMAL_BANKING_FLOW
TX_INDUS_111303,INDUS_ACC_20169,PNB_ACC_20067,41464.72,2026-01-10 23:01:48,SETTLEMENT,WIRE,IndusInd Bank,IN,0,NORMAL_BANKING_FLOW
TX_INDUS_111304,INDUS_ACC_20191,INDUS_ACC_20204,7254.24,2026-01-10 19:31:39,SETTLEMENT,RTGS,IndusInd Bank,IN,0,NORMAL_BANKING_FLOW
TX_INDUS_111305,INDUS_ACC_20119,ICICI_ACC_20158,29988.15,2026-01-10 19:12:04,SETTLEMENT,RTGS,IndusInd Bank,IN,0,NORMAL_BANKING_FLOW
TX_INDUS_111306,INDUS_ACC_20236,PNB_ACC_20002,51068.01,2026-01-10 23:34:45,SETTLEMENT,RTGS,IndusInd Bank,IN,0,NORMAL_BANKING_FLOW
TX_INDUS_111307,INDUS_ACC_20199,ICICI_ACC_20060,73387.19,2026-01-10 18:42:48,SETTLEMENT,RTGS,IndusInd Bank,IN,0,NORMAL_BANKING_FLOW
TX_INDUS_111308,INDUS_ACC_20192,INDUS_ACC_20170,25448.17,2026-01-10 21:15:01,SETTLEMENT,WIRE,IndusInd Bank,IN,0,NORMAL_BANKING_FLOW
TX_INDUS_111309,INDUS_ACC_20206,INDUS_ACC_20075,54777.36,2026-01-10 19:24:16,SETTLEMENT,WIRE,IndusInd Bank,IN,0,NORMAL_BANKING_FLOW
TX_INDUS_111310,INDUS_ACC_20227,INDUS_ACC_20022,25407.89,2026-01-10 22:17:21,SETTLEMENT,WIRE,IndusInd Bank,IN,0,NORMAL_BANKING_FLOW
TX_INDUS_111311,INDUS_ACC_20008,PNB_ACC_20192,84881.95,2026-01-10 17:23:20,SETTLEMENT,WIRE,IndusInd Bank,IN,0,NORMAL_BANKING_FLOW
TX_INDUS_111312,INDUS_ACC_20045,YES_ACC_20124,27235.88,2026-01-10 20:47:20,SETTLEMENT,WIRE,IndusInd Bank,IN,0,NORMAL_BANKING_FLOW
TX_INDUS_111313,INDUS_ACC_20029,INDUS_ACC_20126,35643.23,2026-01-10 23:00:36,SETTLEMENT,RTGS,IndusInd Bank,IN,0,NORMAL_BANKING_FLOW
TX_INDUS_111314,INDUS_ACC_20046,INDUS_ACC_20183,20528.7,2026-01-10 22:00:11,SETTLEMENT,RTGS,IndusInd Bank,IN,0,NORMAL_BANKING_FLOW
TX_INDUS_111315,INDUS_ACC_20045,HDFC_ACC_20103,82108.69,2026-01-10 18:15:50,SETTLEMENT,WIRE,IndusInd Bank,IN,0,NORMAL_BANKING_FLOW
TX_INDUS_111316,INDUS_ACC_20035,ICICI_ACC_20225,34900.72,2026-01-10 23:03:15,SETTLEMENT,RTGS,IndusInd Bank,IN,0,NORMAL_BANKING_FLOW
TX_INDUS_111317,INDUS_ACC_20089,INDUS_ACC_20065,293062.48,2026-01-10 23:04:08,SETTLEMENT,RTGS,IndusInd Bank,IN,0,NORMAL_BANKING_FLOW
TX_INDUS_111318,INDUS_ACC_20084,CANARA_ACC_20247,160655.94,2026-01-10 17:15:23,SETTLEMENT,WIRE,IndusInd Bank,IN,0,NORMAL_BANKING_FLOW
TX_INDUS_111319,INDUS_ACC_20103,INDUS_ACC_20125,90778.5,2026-01-10 20:41:42,SETTLEMENT,RTGS,IndusInd Bank,IN,0,NORMAL_BANKING_FLOW
TX_INDUS_111320,INDUS_ACC_20066,PNB_ACC_20215,37911.79,2026-01-10 18:17:55,SETTLEMENT,RTGS,IndusInd Bank,IN,0,NORMAL_BANKING_FLOW
TX_INDUS_111321,INDUS_ACC_20133,AXIS_ACC_20111,155846.12,2026-01-10 22:16:00,SETTLEMENT,WIRE,IndusInd Bank,IN,0,NORMAL_BANKING_FLOW
TX_INDUS_111322,INDUS_ACC_20149,INDUS_ACC_20060,226124.51,2026-01-10 21:14:42,SETTLEMENT,RTGS,IndusInd Bank,IN,0,NORMAL_BANKING_FLOW
TX_INDUS_111323,INDUS_ACC_20131,INDUS_ACC_20209,117151.83,2026-01-10 23:50:54,SETTLEMENT,RTGS,IndusInd Bank,IN,0,NORMAL_BANKING_FLOW
TX_INDUS_111324,INDUS_ACC_20055,INDUS_ACC_20163,676333.94,2026-01-10 18:40:21,SETTLEMENT,RTGS,IndusInd Bank,IN,0,NORMAL_BANKING_FLOW
TX_INDUS_111325,INDUS_ACC_20162,INDUS_ACC_20219,171367.35,2026-01-10 17:48:48,SETTLEMENT,RTGS,IndusInd Bank,IN,0,NORMAL_BANKING_FLOW
TX_INDUS_111326,INDUS_ACC_20103,INDUS_ACC_20133,295471.79,2026-01-10 20:46:15,SETTLEMENT,RTGS,IndusInd Bank,IN,0,NORMAL_BANKING_FLOW
TX_INDUS_111327,INDUS_ACC_20005,INDUS_ACC_20095,115876.3,2026-01-10 16:46:56,SETTLEMENT,WIRE,IndusInd Bank,IN,0,NORMAL_BANKING_FLOW
TX_INDUS_111328,INDUS_ACC_20013,INDUS_ACC_20048,222080.97,2026-01-10 21:08:27,SETTLEMENT,RTGS,IndusInd Bank,IN,0,NORMAL_BANKING_FLOW
TX_INDUS_111329,INDUS_ACC_20093,INDUS_ACC_20051,37943.84,2026-01-10 18:11:12,SETTLEMENT,RTGS,IndusInd Bank,IN,0,NORMAL_BANKING_FLOW
TX_INDUS_111330,INDUS_ACC_20208,INDUS_ACC_20120,56949.6,2026-01-11 00:18:31,SETTLEMENT,RTGS,IndusInd Bank,IN,0,NORMAL_BANKING_FLOW
TX_INDUS_111331,INDUS_ACC_20143,INDUS_ACC_20230,150126.91,2026-01-10 16:37:30,SETTLEMENT,WIRE,IndusInd Bank,IN,0,NORMAL_BANKING_FLOW
TX_INDUS_111332,INDUS_ACC_20022,INDUS_ACC_20175,148823.96,2026-01-10 19:04:59,SETTLEMENT,RTGS,IndusInd Bank,IN,0,NORMAL_BANKING_FLOW
TX_INDUS_111333,INDUS_ACC_20120,INDUS_ACC_20211,181522.37,2026-01-10 17:51:44,SETTLEMENT,RTGS,IndusInd Bank,IN,0,NORMAL_BANKING_FLOW
TX_INDUS_111334,INDUS_ACC_20145,INDUS_ACC_20044,369708.99,2026-01-10 18:34:18,SETTLEMENT,RTGS,IndusInd Bank,IN,0,NORMAL_BANKING_FLOW
TX_INDUS_111335,INDUS_ACC_20104,BOB_ACC_20159,17854.92,2026-01-10 23:41:10,SETTLEMENT,RTGS,IndusInd Bank,IN,0,NORMAL_BANKING_FLOW
TX_INDUS_111336,INDUS_ACC_20083,INDUS_ACC_20128,30658.25,2026-01-10 19:38:40,SETTLEMENT,WIRE,IndusInd Bank,IN,0,NORMAL_BANKING_FLOW
TX_INDUS_111337,INDUS_ACC_20032,INDUS_ACC_20187,130025.67,2026-01-10 21:14:36,SETTLEMENT,WIRE,IndusInd Bank,IN,0,NORMAL_BANKING_FLOW
TX_INDUS_111338,INDUS_ACC_20187,INDUS_ACC_20248,41388.72,2026-01-10 19:18:30,SETTLEMENT,WIRE,IndusInd Bank,IN,0,NORMAL_BANKING_FLOW
TX_INDUS_111339,INDUS_ACC_20192,INDUS_ACC_20173,4500000.0,2026-01-10 22:19:46,SETTLEMENT,RTGS,IndusInd Bank,IN,0,NORMAL_BANKING_FLOW
TX_INDUS_111340,INDUS_ACC_20234,INDUS_ACC_20200,183297.09,2026-01-10 21:59:15,SETTLEMENT,RTGS,IndusInd Bank,IN,0,NORMAL_BANKING_FLOW
TX_INDUS_111341,INDUS_ACC_20156,INDUS_ACC_20162,89859.53,2026-01-10 23:36:00,SETTLEMENT,WIRE,IndusInd Bank,IN,0,NORMAL_BANKING_FLOW
TX_INDUS_111342,INDUS_ACC_20019,INDUS_ACC_20006,53179.96,2026-01-11 00:08:57,SETTLEMENT,RTGS,IndusInd Bank,IN,0,NORMAL_BANKING_FLOW
TX_INDUS_111343,INDUS_ACC_20209,BOB_ACC_20143,55481.52,2026-01-10 23:16:24,SETTLEMENT,WIRE,IndusInd Bank,IN,0,NORMAL_BANKING_FLOW
TX_INDUS_111344,INDUS_ACC_20159,INDUS_ACC_20100,102351.56,2026-01-10 17:12:54,SETTLEMENT,RTGS,IndusInd Bank,IN,0,NORMAL_BANKING_FLOW
TX_INDUS_111345,INDUS_ACC_20068,PNB_ACC_20212,112913.61,2026-01-10 18:39:04,SETTLEMENT,RTGS,IndusInd Bank,IN,0,NORMAL_BANKING_FLOW
TX_INDUS_111346,INDUS_ACC_20092,INDUS_ACC_20034,57065.84,2026-01-10 18:07:15,SETTLEMENT,RTGS,IndusInd Bank,IN,0,NORMAL_BANKING_FLOW
TX_INDUS_111347,INDUS_ACC_20204,INDUS_ACC_20180,71126.65,2026-01-10 20:59:54,SETTLEMENT,RTGS,IndusInd Bank,IN,0,NORMAL_BANKING_FLOW
TX_INDUS_111348,INDUS_ACC_20045,INDUS_ACC_20037,495410.25,2026-01-11 00:47:00,SETTLEMENT,WIRE,IndusInd Bank,IN,0,NORMAL_BANKING_FLOW
TX_INDUS_111349,INDUS_ACC_20089,INDUS_ACC_20081,519907.38,2026-01-10 17:46:48,SETTLEMENT,WIRE,IndusInd Bank,IN,0,NORMAL_BANKING_FLOW
TX_INDUS_111350,INDUS_ACC_20100,INDUS_ACC_20149,133577.99,2026-01-10 17:14:42,SETTLEMENT,WIRE,IndusInd Bank,IN,0,NORMAL_BANKING_FLOW
TX_INDUS_111351,INDUS_ACC_20047,INDUS_ACC_20233,19741.7,2026-01-10 18:52:30,SETTLEMENT,WIRE,IndusInd Bank,IN,0,NORMAL_BANKING_FLOW
TX_INDUS_111352,INDUS_ACC_20024,INDUS_ACC_20171,188377.61,2026-01-10 21:46:33,SETTLEMENT,RTGS,IndusInd Bank,IN,0,NORMAL_BANKING_FLOW
TX_INDUS_111353,INDUS_ACC_20179,HDFC_ACC_20108,637391.24,2026-01-10 21:14:40,SETTLEMENT,RTGS,IndusInd Bank,IN,0,NORMAL_BANKING_FLOW
TX_INDUS_111354,INDUS_ACC_20044,KOTAK_ACC_20213,510802.0,2026-01-10 16:43:15,SETTLEMENT,WIRE,IndusInd Bank,IN,0,NORMAL_BANKING_FLOW
TX_INDUS_111355,INDUS_ACC_20224,INDUS_ACC_20051,238306.04,2026-01-10 23:26:48,SETTLEMENT,WIRE,IndusInd Bank,IN,0,NORMAL_BANKING_FLOW
TX_INDUS_111356,INDUS_ACC_20208,PNB_ACC_20211,544110.45,2026-01-10 23:27:40,SETTLEMENT,RTGS,IndusInd Bank,IN,0,NORMAL_BANKING_FLOW
TX_INDUS_111357,INDUS_ACC_20038,INDUS_ACC_20104,105246.57,2026-01-10 22:01:04,SETTLEMENT,RTGS,IndusInd Bank,IN,0,NORMAL_BANKING_FLOW
TX_INDUS_111358,INDUS_ACC_20232,HDFC_ACC_20249,209760.89,2026-01-10 21:18:00,SETTLEMENT,WIRE,IndusInd Bank,IN,0,NORMAL_BANKING_FLOW
TX_INDUS_111359,INDUS_ACC_20021,INDUS_ACC_20230,43611.2,2026-01-11 00:36:04,SETTLEMENT,RTGS,IndusInd Bank,IN,0,NORMAL_BANKING_FLOW
TX_INDUS_111360,INDUS_ACC_20116,INDUS_ACC_20189,140185.04,2026-01-10 18:12:37,SETTLEMENT,WIRE,IndusInd Bank,IN,0,NORMAL_BANKING_FLOW
TX_INDUS_111361,INDUS_ACC_20181,INDUS_ACC_20067,486718.44,2026-01-10 23:21:00,SETTLEMENT,RTGS,IndusInd Bank,IN,0,NORMAL_BANKING_FLOW
TX_INDUS_111362,INDUS_ACC_20093,YES_ACC_20239,48663.86,2026-01-10 21:20:40,SETTLEMENT,RTGS,IndusInd Bank,IN,0,NORMAL_BANKING_FLOW
TX_INDUS_111363,INDUS_ACC_20177,INDUS_ACC_20130,35110.93,2026-01-10 19:08:56,SETTLEMENT,RTGS,IndusInd Bank,IN,0,NORMAL_BANKING_FLOW
TX_INDUS_111364,INDUS_ACC_20201,INDUS_ACC_20096,110966.84,2026-01-10 20:37:48,SETTLEMENT,WIRE,IndusInd Bank,IN,0,NORMAL_BANKING_FLOW
TX_INDUS_111365,INDUS_ACC_20222,INDUS_ACC_20224,75207.43,2026-01-10 22:06:56,SETTLEMENT,WIRE,IndusInd Bank,IN,0,NORMAL_BANKING_FLOW
TX_INDUS_111366,INDUS_ACC_20158,HDFC_ACC_20241,215125.59,2026-01-10 21:01:10,SETTLEMENT,RTGS,IndusInd Bank,IN,0,NORMAL_BANKING_FLOW
TX_INDUS_111367,INDUS_ACC_20211,INDUS_ACC_20113,57301.87,2026-01-10 23:48:18,SETTLEMENT,RTGS,IndusInd Bank,IN,0,NORMAL_BANKING_FLOW
TX_INDUS_111368,INDUS_ACC_20047,INDUS_ACC_20097,776170.54,2026-01-10 21:24:40,SETTLEMENT,RTGS,IndusInd Bank,IN,0,NORMAL_BANKING_FLOW
TX_INDUS_111369,INDUS_ACC_20146,PNB_ACC_20175,21002.33,2026-01-10 19:56:16,SETTLEMENT,WIRE,IndusInd Bank,IN,0,NORMAL_BANKING_FLOW
TX_INDUS_111370,INDUS_ACC_20060,INDUS_ACC_20001,444400.63,2026-01-10 17:54:09,SETTLEMENT,WIRE,IndusInd Bank,IN,0,NORMAL_BANKING_FLOW
TX_INDUS_111371,INDUS_ACC_20174,INDUS_ACC_20039,39426.01,2026-01-10 19:57:20,SETTLEMENT,RTGS,IndusInd Bank,IN,0,NORMAL_BANKING_FLOW
TX_INDUS_111372,INDUS_ACC_20218,INDUS_ACC_20110,11439.42,2026-01-10 20:09:03,SETTLEMENT,WIRE,IndusInd Bank,IN,0,NORMAL_BANKING_FLOW
TX_INDUS_111373,INDUS_ACC_20119,INDUS_ACC_20069,131327.59,2026-01-10 19:02:24,SETTLEMENT,RTGS,IndusInd Bank,IN,0,NORMAL_BANKING_FLOW
TX_INDUS_111374,INDUS_ACC_20037,INDUS_ACC_20025,72727.18,2026-01-11 01:13:00,SETTLEMENT,WIRE,IndusInd Bank,IN,0,NORMAL_BANKING_FLOW
TX_INDUS_111375,INDUS_ACC_20033,HDFC_ACC_20207,26068.13,2026-01-10 18:52:04,SETTLEMENT,WIRE,IndusInd Bank,IN,0,NORMAL_BANKING_FLOW
TX_INDUS_111376,INDUS_ACC_20215,INDUS_ACC_20131,13125.97,2026-01-11 01:15:00,SETTLEMENT,WIRE,IndusInd Bank,IN,0,NORMAL_BANKING_FLOW
TX_INDUS_111377,INDUS_ACC_20223,SBI_ACC_20234,97730.31,2026-01-10 17:45:20,SETTLEMENT,WIRE,IndusInd Bank,IN,0,NORMAL_BANKING_FLOW
TX_INDUS_111378,INDUS_ACC_20052,INDUS_ACC_20084,318381.07,2026-01-10 19:27:13,SETTLEMENT,RTGS,IndusInd Bank,IN,0,NORMAL_BANKING_FLOW
TX_INDUS_111379,INDUS_ACC_20045,INDUS_ACC_20094,199176.01,2026-01-10 17:57:18,SETTLEMENT,RTGS,IndusInd Bank,IN,0,NORMAL_BANKING_FLOW
TX_INDUS_111380,INDUS_ACC_20143,INDUS_ACC_20129,105667.01,2026-01-10 23:14:31,SETTLEMENT,RTGS,IndusInd Bank,IN,0,NORMAL_BANKING_FLOW
TX_INDUS_111381,INDUS_ACC_20121,INDUS_ACC_20076,175363.65,2026-01-10 19:17:20,SETTLEMENT,RTGS,IndusInd Bank,IN,0,NORMAL_BANKING_FLOW
TX_INDUS_111382,INDUS_ACC_20244,INDUS_ACC_20248,95544.08,2026-01-10 20:37:15,SETTLEMENT,RTGS,IndusInd Bank,IN,0,NORMAL_BANKING_FLOW
TX_INDUS_111383,INDUS_ACC_20109,KOTAK_ACC_20057,17753.37,2026-01-10 19:18:16,SETTLEMENT,RTGS,IndusInd Bank,IN,0,NORMAL_BANKING_FLOW
TX_INDUS_111384,INDUS_ACC_20246,INDUS_ACC_20172,17942.5,2026-01-10 17:36:17,SETTLEMENT,WIRE,IndusInd Bank,IN,0,NORMAL_BANKING_FLOW
TX_INDUS_111385,INDUS_ACC_20228,AXIS_ACC_20238,77357.88,2026-01-11 00:27:00,SETTLEMENT,WIRE,IndusInd Bank,IN,0,NORMAL_BANKING_FLOW
TX_INDUS_111386,INDUS_ACC_20066,INDUS_ACC_20021,81406.96,2026-01-10 19:08:15,SETTLEMENT,WIRE,IndusInd Bank,IN,0,NORMAL_BANKING_FLOW
TX_INDUS_111387,INDUS_ACC_20066,AXIS_ACC_20062,274081.07,2026-01-11 01:14:34,SETTLEMENT,RTGS,IndusInd Bank,IN,0,NORMAL_BANKING_FLOW
TX_INDUS_111388,INDUS_ACC_20241,PNB_ACC_20077,244939.14,2026-01-11 00:29:45,SETTLEMENT,WIRE,IndusInd Bank,IN,0,NORMAL_BANKING_FLOW
TX_INDUS_111389,INDUS_ACC_20105,INDUS_ACC_20247,204058.01,2026-01-10 18:00:48,SETTLEMENT,RTGS,IndusInd Bank,IN,0,NORMAL_BANKING_FLOW
TX_INDUS_111390,INDUS_ACC_20037,INDUS_ACC_20237,70520.64,2026-01-10 18:35:36,SETTLEMENT,WIRE,IndusInd Bank,IN,0,NORMAL_BANKING_FLOW
TX_INDUS_111391,INDUS_ACC_20242,INDUS_ACC_20230,18830.2,2026-01-10 23:23:30,SETTLEMENT,RTGS,IndusInd Bank,IN,0,NORMAL_BANKING_FLOW
TX_INDUS_111392,INDUS_ACC_20141,INDUS_ACC_20044,161859.73,2026-01-10 19:57:01,SETTLEMENT,RTGS,IndusInd Bank,IN,0,NORMAL_BANKING_FLOW
TX_INDUS_111393,INDUS_ACC_20088,INDUS_ACC_20173,185387.44,2026-01-10 23:02:04,SETTLEMENT,WIRE,IndusInd Bank,IN,0,NORMAL_BANKING_FLOW
TX_INDUS_111394,INDUS_ACC_20244,INDUS_ACC_20025,5618.18,2026-01-10 23:37:30,SETTLEMENT,RTGS,IndusInd Bank,IN,0,NORMAL_BANKING_FLOW
TX_INDUS_111395,INDUS_ACC_20131,YES_ACC_20190,36271.74,2026-01-10 23:49:54,SETTLEMENT,WIRE,IndusInd Bank,IN,0,NORMAL_BANKING_FLOW
TX_INDUS_111396,INDUS_ACC_20075,INDUS_ACC_20050,43076.58,2026-01-10 19:01:10,SETTLEMENT,RTGS,IndusInd Bank,IN,0,NORMAL_BANKING_FLOW
TX_INDUS_111397,INDUS_ACC_20082,INDUS_ACC_20108,113779.8,2026-01-10 18:03:36,SETTLEMENT,WIRE,IndusInd Bank,IN,0,NORMAL_BANKING_FLOW
TX_INDUS_111398,INDUS_ACC_20055,YES_ACC_20028,37645.45,2026-01-10 20:58:12,SETTLEMENT,RTGS,IndusInd Bank,IN,0,NORMAL_BANKING_FLOW
TX_INDUS_111399,INDUS_ACC_20177,INDUS_ACC_20098,94300.19,2026-01-10 19:37:22,SETTLEMENT,RTGS,IndusInd Bank,IN,0,NORMAL_BANKING_FLOW
TX_INDUS_111400,INDUS_ACC_20109,PNB_ACC_20069,76677.08,2026-01-10 17:53:00,SETTLEMENT,RTGS,IndusInd Bank,IN,0,NORMAL_BANKING_FLOW
TX_INDUS_111401,INDUS_ACC_20174,INDUS_ACC_20193,81554.0,2026-01-10 19:50:00,SETTLEMENT,RTGS,IndusInd Bank,IN,0,NORMAL_BANKING_FLOW
TX_INDUS_111402,INDUS_ACC_20212,INDUS_ACC_20120,41786.43,2026-01-11 01:05:57,SETTLEMENT,WIRE,IndusInd Bank,IN,0,NORMAL_BANKING_FLOW
TX_INDUS_111403,INDUS_ACC_20179,INDUS_ACC_20001,45854.01,2026-01-10 17:54:00,SETTLEMENT,RTGS,IndusInd Bank,IN,0,NORMAL_BANKING_FLOW
TX_INDUS_111404,INDUS_ACC_20234,AXIS_ACC_20205,27002.36,2026-01-10 22:00:23,SETTLEMENT,WIRE,IndusInd Bank,IN,0,NORMAL_BANKING_FLOW
TX_INDUS_111405,INDUS_ACC_20116,KOTAK_ACC_20219,155761.45,2026-01-10 17:42:56,SETTLEMENT,RTGS,IndusInd Bank,IN,0,NORMAL_BANKING_FLOW
TX_INDUS_111406,INDUS_ACC_20099,INDUS_ACC_20116,195892.86,2026-01-10 16:56:15,SETTLEMENT,WIRE,IndusInd Bank,IN,0,NORMAL_BANKING_FLOW
TX_INDUS_111407,INDUS_ACC_20109,INDUS_ACC_20036,39154.02,2026-01-10 18:30:38,SETTLEMENT,WIRE,IndusInd Bank,IN,0,NORMAL_BANKING_FLOW
TX_INDUS_111408,INDUS_ACC_20141,INDUS_ACC_20157,612171.72,2026-01-10 17:32:06,SETTLEMENT,RTGS,IndusInd Bank,IN,0,NORMAL_BANKING_FLOW
TX_INDUS_111409,INDUS_ACC_20193,YES_ACC_20227,67675.42,2026-01-10 19:18:36,SETTLEMENT,RTGS,IndusInd Bank,IN,0,NORMAL_BANKING_FLOW
TX_INDUS_111410,INDUS_ACC_20226,INDUS_ACC_20080,619224.24,2026-01-10 22:28:07,SETTLEMENT,WIRE,IndusInd Bank,IN,0,NORMAL_BANKING_FLOW
TX_INDUS_111411,INDUS_ACC_20098,INDUS_ACC_20126,45681.44,2026-01-11 01:38:10,SETTLEMENT,WIRE,IndusInd Bank,IN,0,NORMAL_BANKING_FLOW
TX_INDUS_111412,INDUS_ACC_20199,ICICI_ACC_20163,8674.19,2026-01-10 20:07:21,SETTLEMENT,RTGS,IndusInd Bank,IN,0,NORMAL_BANKING_FLOW
TX_INDUS_111413,INDUS_ACC_20224,INDUS_ACC_20085,159953.33,2026-01-10 21:30:56,SETTLEMENT,RTGS,IndusInd Bank,IN,0,NORMAL_BANKING_FLOW
TX_INDUS_111414,INDUS_ACC_20066,INDUS_ACC_20026,133019.91,2026-01-10 20:55:55,SETTLEMENT,WIRE,IndusInd Bank,IN,0,NORMAL_BANKING_FLOW
TX_INDUS_111415,INDUS_ACC_20180,INDUS_ACC_20217,102875.27,2026-01-10 22:19:48,SETTLEMENT,RTGS,IndusInd Bank,IN,0,NORMAL_BANKING_FLOW
TX_INDUS_111416,INDUS_ACC_20154,ICICI_ACC_20216,45675.67,2026-01-10 20:21:20,SETTLEMENT,RTGS,IndusInd Bank,IN,0,NORMAL_BANKING_FLOW
TX_INDUS_111417,INDUS_ACC_20072,INDUS_ACC_20108,94704.17,2026-01-10 21:45:24,SETTLEMENT,RTGS,IndusInd Bank,IN,0,NORMAL_BANKING_FLOW
TX_INDUS_111418,INDUS_ACC_20148,INDUS_ACC_20066,53449.29,2026-01-11 00:21:24,SETTLEMENT,WIRE,IndusInd Bank,IN,0,NORMAL_BANKING_FLOW
TX_INDUS_111419,INDUS_ACC_20168,PNB_ACC_20100,68677.75,2026-01-10 18:35:14,SETTLEMENT,RTGS,IndusInd Bank,IN,0,NORMAL_BANKING_FLOW
TX_INDUS_111420,INDUS_ACC_20187,INDUS_ACC_20130,271022.93,2026-01-10 19:23:33,SETTLEMENT,RTGS,IndusInd Bank,IN,0,NORMAL_BANKING_FLOW
TX_INDUS_111421,INDUS_ACC_20041,INDUS_ACC_20134,123137.97,2026-01-10 21:12:00,SETTLEMENT,WIRE,IndusInd Bank,IN,0,NORMAL_BANKING_FLOW
TX_INDUS_111422,INDUS_ACC_20240,INDUS_ACC_20158,205241.31,2026-01-10 19:12:26,SETTLEMENT,RTGS,IndusInd Bank,IN,0,NORMAL_BANKING_FLOW
TX_INDUS_111423,INDUS_ACC_20124,INDUS_ACC_20229,74739.04,2026-01-11 00:49:48,SETTLEMENT,WIRE,IndusInd Bank,IN,0,NORMAL_BANKING_FLOW
TX_INDUS_111424,INDUS_ACC_20091,INDUS_ACC_20175,65485.18,2026-01-10 20:49:42,SETTLEMENT,RTGS,IndusInd Bank,IN,0,NORMAL_BANKING_FLOW
TX_INDUS_111425,INDUS_ACC_20148,INDUS_ACC_20156,24731.2,2026-01-11 01:27:48,SETTLEMENT,RTGS,IndusInd Bank,IN,0,NORMAL_BANKING_FLOW
TX_INDUS_111426,INDUS_ACC_20119,INDUS_ACC_20132,63319.97,2026-01-10 22:51:40,SETTLEMENT,WIRE,IndusInd Bank,IN,0,NORMAL_BANKING_FLOW
TX_INDUS_111427,INDUS_ACC_20100,ICICI_ACC_20036,1834.75,2026-01-10 21:39:48,SETTLEMENT,WIRE,IndusInd Bank,IN,0,NORMAL_BANKING_FLOW
TX_INDUS_111428,INDUS_ACC_20178,AXIS_ACC_20124,48617.25,2026-01-10 21:16:12,SETTLEMENT,WIRE,IndusInd Bank,IN,0,NORMAL_BANKING_FLOW
TX_INDUS_111429,INDUS_ACC_20107,INDUS_ACC_20129,89478.26,2026-01-11 01:55:52,SETTLEMENT,RTGS,IndusInd Bank,IN,0,NORMAL_BANKING_FLOW
TX_INDUS_111430,INDUS_ACC_20118,YES_ACC_20094,194154.28,2026-01-10 23:18:54,SETTLEMENT,RTGS,IndusInd Bank,IN,0,NORMAL_BANKING_FLOW
TX_INDUS_111431,INDUS_ACC_20087,INDUS_ACC_20085,71509.57,2026-01-10 19:40:40,SETTLEMENT,WIRE,IndusInd Bank,IN,0,NORMAL_BANKING_FLOW
TX_INDUS_111432,INDUS_ACC_20155,INDUS_ACC_20094,149822.76,2026-01-10 21:30:47,SETTLEMENT,WIRE,IndusInd Bank,IN,0,NORMAL_BANKING_FLOW
TX_INDUS_111433,INDUS_ACC_20145,INDUS_ACC_20086,7217.43,2026-01-10 17:39:36,SETTLEMENT,RTGS,IndusInd Bank,IN,0,NORMAL_BANKING_FLOW
TX_INDUS_111434,INDUS_ACC_20032,INDUS_ACC_20138,92207.41,2026-01-10 23:34:11,SETTLEMENT,WIRE,IndusInd Bank,IN,0,NORMAL_BANKING_FLOW
TX_INDUS_111435,INDUS_ACC_20205,INDUS_ACC_20146,13155.52,2026-01-10 22:21:34,SETTLEMENT,RTGS,IndusInd Bank,IN,0,NORMAL_BANKING_FLOW
TX_INDUS_111436,INDUS_ACC_20133,INDUS_ACC_20178,23156.62,2026-01-10 22:59:00,SETTLEMENT,WIRE,IndusInd Bank,IN,0,NORMAL_BANKING_FLOW
TX_INDUS_111437,INDUS_ACC_20114,INDUS_ACC_20180,78857.79,2026-01-11 01:14:40,SETTLEMENT,RTGS,IndusInd Bank,IN,0,NORMAL_BANKING_FLOW
TX_INDUS_111438,INDUS_ACC_20056,INDUS_ACC_20230,456578.89,2026-01-11 01:03:18,SETTLEMENT,RTGS,IndusInd Bank,IN,0,NORMAL_BANKING_FLOW
TX_INDUS_111439,INDUS_ACC_20067,INDUS_ACC_20018,154114.04,2026-01-11 00:27:18,SETTLEMENT,WIRE,IndusInd Bank,IN,0,NORMAL_BANKING_FLOW
TX_INDUS_111440,INDUS_ACC_20184,SBI_ACC_20148,100899.19,2026-01-10 21:35:43,SETTLEMENT,RTGS,IndusInd Bank,IN,0,NORMAL_BANKING_FLOW
TX_INDUS_111441,INDUS_ACC_20099,INDUS_ACC_20233,96429.12,2026-01-10 22:13:20,SETTLEMENT,RTGS,IndusInd Bank,IN,0,NORMAL_BANKING_FLOW
TX_INDUS_111442,INDUS_ACC_20243,INDUS_ACC_20066,41925.32,2026-01-10 18:56:24,SETTLEMENT,WIRE,IndusInd Bank,IN,0,NORMAL_BANKING_FLOW
TX_INDUS_111443,INDUS_ACC_20242,ICICI_ACC_20190,51391.08,2026-01-10 17:30:14,SETTLEMENT,RTGS,IndusInd Bank,IN,0,NORMAL_BANKING_FLOW
TX_INDUS_111444,INDUS_ACC_20162,INDUS_ACC_20238,164859.89,2026-01-11 01:45:51,SETTLEMENT,WIRE,IndusInd Bank,IN,0,NORMAL_BANKING_FLOW
TX_INDUS_111445,INDUS_ACC_20064,YES_ACC_20097,18724.11,2026-01-10 17:18:24,SETTLEMENT,RTGS,IndusInd Bank,IN,0,NORMAL_BANKING_FLOW
TX_INDUS_111446,INDUS_ACC_20115,CANARA_ACC_20146,201121.58,2026-01-10 20:00:05,SETTLEMENT,RTGS,IndusInd Bank,IN,0,NORMAL_BANKING_FLOW
TX_INDUS_111447,INDUS_ACC_20019,INDUS_ACC_20000,61931.95,2026-01-11 00:58:58,SETTLEMENT,RTGS,IndusInd Bank,IN,0,NORMAL_BANKING_FLOW
TX_INDUS_111448,INDUS_ACC_20180,INDUS_ACC_20197,265844.94,2026-01-11 00:47:24,SETTLEMENT,RTGS,IndusInd Bank,IN,0,NORMAL_BANKING_FLOW
TX_INDUS_111449,INDUS_ACC_20072,INDUS_ACC_20043,312797.77,2026-01-10 18:21:48,SETTLEMENT,WIRE,IndusInd Bank,IN,0,NORMAL_BANKING_FLOW
TX_INDUS_111450,INDUS_ACC_20206,INDUS_ACC_20092,13257.24,2026-01-10 20:02:01,SETTLEMENT,RTGS,IndusInd Bank,IN,0,NORMAL_BANKING_FLOW
TX_INDUS_111451,INDUS_ACC_20182,CANARA_ACC_20012,49124.0,2026-01-10 17:32:30,SETTLEMENT,RTGS,IndusInd Bank,IN,0,NORMAL_BANKING_FLOW
TX_INDUS_111452,INDUS_ACC_20038,INDUS_ACC_20151,35361.07,2026-01-10 23:48:17,SETTLEMENT,RTGS,IndusInd Bank,IN,0,NORMAL_BANKING_FLOW
TX_INDUS_111453,INDUS_ACC_20022,AXIS_ACC_20158,11211.85,2026-01-10 19:00:48,SETTLEMENT,WIRE,IndusInd Bank,IN,0,NORMAL_BANKING_FLOW
TX_INDUS_111454,INDUS_ACC_20149,INDUS_ACC_20011,28594.23,2026-01-10 17:20:48,SETTLEMENT,RTGS,IndusInd Bank,IN,0,NORMAL_BANKING_FLOW
TX_INDUS_111455,INDUS_ACC_20023,INDUS_ACC_20066,1847801.32,2026-01-10 17:58:46,SETTLEMENT,WIRE,IndusInd Bank,IN,0,NORMAL_BANKING_FLOW
TX_INDUS_111456,INDUS_ACC_20114,INDUS_ACC_20147,205132.6,2026-01-11 02:09:50,SETTLEMENT,WIRE,IndusInd Bank,IN,0,NORMAL_BANKING_FLOW
TX_INDUS_111457,INDUS_ACC_20094,INDUS_ACC_20061,985343.47,2026-01-10 17:46:48,SETTLEMENT,WIRE,IndusInd Bank,IN,0,NORMAL_BANKING_FLOW
TX_INDUS_111458,INDUS_ACC_20177,INDUS_ACC_20064,266977.09,2026-01-10 23:27:45,SETTLEMENT,WIRE,IndusInd Bank,IN,0,NORMAL_BANKING_FLOW
TX_INDUS_111459,INDUS_ACC_20126,INDUS_ACC_20180,40529.61,2026-01-11 01:22:12,SETTLEMENT,WIRE,IndusInd Bank,IN,0,NORMAL_BANKING_FLOW
TX_INDUS_111460,INDUS_ACC_20237,INDUS_ACC_20072,62434.58,2026-01-10 20:57:27,SETTLEMENT,RTGS,IndusInd Bank,IN,0,NORMAL_BANKING_FLOW
TX_INDUS_111461,INDUS_ACC_20059,INDUS_ACC_20211,200010.15,2026-01-10 18:51:20,SETTLEMENT,WIRE,IndusInd Bank,IN,0,NORMAL_BANKING_FLOW
TX_INDUS_111462,INDUS_ACC_20217,INDUS_ACC_20139,166876.19,2026-01-10 20:20:30,SETTLEMENT,WIRE,IndusInd Bank,IN,0,NORMAL_BANKING_FLOW
TX_INDUS_111463,INDUS_ACC_20221,INDUS_ACC_20016,49374.51,2026-01-10 21:11:48,SETTLEMENT,WIRE,IndusInd Bank,IN,0,NORMAL_BANKING_FLOW
TX_INDUS_111464,INDUS_ACC_20053,BOB_ACC_20051,16123.1,2026-01-11 00:48:33,SETTLEMENT,WIRE,IndusInd Bank,IN,0,NORMAL_BANKING_FLOW
TX_INDUS_111465,INDUS_ACC_20075,INDUS_ACC_20010,4500000.0,2026-01-10 17:49:12,SETTLEMENT,WIRE,IndusInd Bank,IN,0,NORMAL_BANKING_FLOW
TX_INDUS_111466,INDUS_ACC_20012,INDUS_ACC_20198,83334.71,2026-01-10 18:40:30,SETTLEMENT,RTGS,IndusInd Bank,IN,0,NORMAL_BANKING_FLOW
TX_INDUS_111467,INDUS_ACC_20189,INDUS_ACC_20148,66776.96,2026-01-10 20:35:46,SETTLEMENT,WIRE,IndusInd Bank,IN,0,NORMAL_BANKING_FLOW
TX_INDUS_111468,INDUS_ACC_20163,AXIS_ACC_20223,113097.02,2026-01-10 17:37:19,SETTLEMENT,RTGS,IndusInd Bank,IN,0,NORMAL_BANKING_FLOW
TX_INDUS_111469,INDUS_ACC_20030,CANARA_ACC_20189,73771.35,2026-01-10 21:02:24,SETTLEMENT,WIRE,IndusInd Bank,IN,0,NORMAL_BANKING_FLOW
TX_INDUS_111470,INDUS_ACC_20052,INDUS_ACC_20176,114379.22,2026-01-11 01:44:55,SETTLEMENT,WIRE,IndusInd Bank,IN,0,NORMAL_BANKING_FLOW
TX_INDUS_111471,INDUS_ACC_20192,SBI_ACC_20245,462469.9,2026-01-11 01:58:40,SETTLEMENT,RTGS,IndusInd Bank,IN,0,NORMAL_BANKING_FLOW
TX_INDUS_111472,INDUS_ACC_20234,INDUS_ACC_20140,85011.5,2026-01-11 02:51:00,SETTLEMENT,WIRE,IndusInd Bank,IN,0,NORMAL_BANKING_FLOW
TX_INDUS_111473,INDUS_ACC_20025,INDUS_ACC_20137,24458.85,2026-01-10 19:08:48,SETTLEMENT,WIRE,IndusInd Bank,IN,0,NORMAL_BANKING_FLOW
TX_INDUS_111474,INDUS_ACC_20098,INDUS_ACC_20227,81310.26,2026-01-10 19:22:05,SETTLEMENT,RTGS,IndusInd Bank,IN,0,NORMAL_BANKING_FLOW
TX_INDUS_111475,INDUS_ACC_20145,INDUS_ACC_20056,56540.8,2026-01-10 23:01:48,SETTLEMENT,WIRE,IndusInd Bank,IN,0,NORMAL_BANKING_FLOW
TX_INDUS_111476,INDUS_ACC_20096,INDUS_ACC_20163,545075.02,2026-01-10 18:05:25,SETTLEMENT,WIRE,IndusInd Bank,IN,0,NORMAL_BANKING_FLOW
TX_INDUS_111477,INDUS_ACC_20172,INDUS_ACC_20207,402456.73,2026-01-11 02:17:12,SETTLEMENT,WIRE,IndusInd Bank,IN,0,NORMAL_BANKING_FLOW
TX_INDUS_111478,INDUS_ACC_20242,ICICI_ACC_20236,112311.33,2026-01-10 17:27:12,SETTLEMENT,WIRE,IndusInd Bank,IN,0,NORMAL_BANKING_FLOW
TX_INDUS_111479,INDUS_ACC_20142,INDUS_ACC_20102,21279.87,2026-01-10 20:29:00,SETTLEMENT,WIRE,IndusInd Bank,IN,0,NORMAL_BANKING_FLOW
TX_INDUS_111480,INDUS_ACC_20232,INDUS_ACC_20172,22672.98,2026-01-11 01:02:09,SETTLEMENT,WIRE,IndusInd Bank,IN,0,NORMAL_BANKING_FLOW
TX_INDUS_111481,INDUS_ACC_20171,CANARA_ACC_20155,100523.61,2026-01-10 18:59:00,SETTLEMENT,WIRE,IndusInd Bank,IN,0,NORMAL_BANKING_FLOW
TX_INDUS_111482,INDUS_ACC_20091,INDUS_ACC_20069,147795.9,2026-01-10 21:35:35,SETTLEMENT,RTGS,IndusInd Bank,IN,0,NORMAL_BANKING_FLOW
TX_INDUS_111483,INDUS_ACC_20017,INDUS_ACC_20175,62972.45,2026-01-11 02:22:54,SETTLEMENT,RTGS,IndusInd Bank,IN,0,NORMAL_BANKING_FLOW
TX_INDUS_111484,INDUS_ACC_20232,ICICI_ACC_20133,55481.03,2026-01-10 19:52:21,SETTLEMENT,RTGS,IndusInd Bank,IN,0,NORMAL_BANKING_FLOW
TX_INDUS_111485,INDUS_ACC_20144,ICICI_ACC_20078,48467.12,2026-01-10 22:42:40,SETTLEMENT,RTGS,IndusInd Bank,IN,0,NORMAL_BANKING_FLOW
TX_INDUS_111486,INDUS_ACC_20059,INDUS_ACC_20068,95983.08,2026-01-10 17:29:20,SETTLEMENT,WIRE,IndusInd Bank,IN,0,NORMAL_BANKING_FLOW
TX_INDUS_111487,INDUS_ACC_20057,INDUS_ACC_20163,5657.2,2026-01-11 01:47:24,SETTLEMENT,RTGS,IndusInd Bank,IN,0,NORMAL_BANKING_FLOW
TX_INDUS_111488,INDUS_ACC_20066,INDUS_ACC_20156,26328.52,2026-01-10 22:05:19,SETTLEMENT,WIRE,IndusInd Bank,IN,0,NORMAL_BANKING_FLOW
TX_INDUS_111489,INDUS_ACC_20006,INDUS_ACC_20160,46515.41,2026-01-10 17:43:16,SETTLEMENT,WIRE,IndusInd Bank,IN,0,NORMAL_BANKING_FLOW
TX_INDUS_111490,INDUS_ACC_20122,INDUS_ACC_20230,420417.62,2026-01-11 02:42:42,SETTLEMENT,RTGS,IndusInd Bank,IN,0,NORMAL_BANKING_FLOW
TX_INDUS_111491,INDUS_ACC_20157,INDUS_ACC_20147,37176.18,2026-01-10 22:33:30,SETTLEMENT,WIRE,IndusInd Bank,IN,0,NORMAL_BANKING_FLOW
TX_INDUS_111492,INDUS_ACC_20224,SBI_ACC_20098,122585.22,2026-01-11 02:05:05,SETTLEMENT,WIRE,IndusInd Bank,IN,0,NORMAL_BANKING_FLOW
TX_INDUS_111493,INDUS_ACC_20056,INDUS_ACC_20134,129553.77,2026-01-11 03:12:00,SETTLEMENT,RTGS,IndusInd Bank,IN,0,NORMAL_BANKING_FLOW
TX_INDUS_111494,INDUS_ACC_20248,AXIS_ACC_20242,468597.66,2026-01-10 19:43:38,SETTLEMENT,RTGS,IndusInd Bank,IN,0,NORMAL_BANKING_FLOW
TX_INDUS_111495,INDUS_ACC_20013,KOTAK_ACC_20147,449141.33,2026-01-10 21:16:42,SETTLEMENT,WIRE,IndusInd Bank,IN,0,NORMAL_BANKING_FLOW
TX_INDUS_111496,INDUS_ACC_20157,INDUS_ACC_20043,92133.73,2026-01-10 22:36:45,SETTLEMENT,RTGS,IndusInd Bank,IN,0,NORMAL_BANKING_FLOW
TX_INDUS_111497,INDUS_ACC_20092,INDUS_ACC_20186,55793.82,2026-01-10 20:38:00,SETTLEMENT,WIRE,IndusInd Bank,IN,0,NORMAL_BANKING_FLOW
TX_INDUS_111498,INDUS_ACC_20006,INDUS_ACC_20175,44506.93,2026-01-10 21:58:12,SETTLEMENT,WIRE,IndusInd Bank,IN,0,NORMAL_BANKING_FLOW
TX_INDUS_111499,INDUS_ACC_20179,PNB_ACC_20173,73918.92,2026-01-10 18:52:36,SETTLEMENT,WIRE,IndusInd Bank,IN,0,NORMAL_BANKING_FLOW
TX_INDUS_111500,INDUS_ACC_20078,INDUS_ACC_20080,58639.28,2026-01-10 21:32:46,SETTLEMENT,RTGS,IndusInd Bank,IN,0,NORMAL_BANKING_FLOW
TX_INDUS_111501,INDUS_ACC_20001,INDUS_ACC_20015,191827.71,2026-01-11 00:13:20,SETTLEMENT,WIRE,IndusInd Bank,IN,0,NORMAL_BANKING_FLOW
TX_INDUS_111502,INDUS_ACC_20186,BOB_ACC_20219,163467.88,2026-01-10 22:27:18,SETTLEMENT,RTGS,IndusInd Bank,IN,0,NORMAL_BANKING_FLOW
TX_INDUS_111503,INDUS_ACC_20048,INDUS_ACC_20043,200819.43,2026-01-10 23:48:08,SETTLEMENT,RTGS,IndusInd Bank,IN,0,NORMAL_BANKING_FLOW
TX_INDUS_111504,INDUS_ACC_20115,INDUS_ACC_20158,447369.63,2026-01-10 18:41:03,SETTLEMENT,WIRE,IndusInd Bank,IN,0,NORMAL_BANKING_FLOW
TX_INDUS_111505,INDUS_ACC_20088,BOB_ACC_20061,923053.93,2026-01-11 02:03:36,SETTLEMENT,RTGS,IndusInd Bank,IN,0,NORMAL_BANKING_FLOW
TX_INDUS_111506,INDUS_ACC_20246,ICICI_ACC_20001,114645.05,2026-01-11 01:24:15,SETTLEMENT,RTGS,IndusInd Bank,IN,0,NORMAL_BANKING_FLOW
TX_INDUS_111507,INDUS_ACC_20185,INDUS_ACC_20163,369297.02,2026-01-11 03:12:34,SETTLEMENT,RTGS,IndusInd Bank,IN,0,NORMAL_BANKING_FLOW
TX_INDUS_111508,INDUS_ACC_20195,INDUS_ACC_20038,64731.79,2026-01-11 00:18:42,SETTLEMENT,RTGS,IndusInd Bank,IN,0,NORMAL_BANKING_FLOW
TX_INDUS_111509,INDUS_ACC_20152,INDUS_ACC_20214,409220.08,2026-01-11 01:53:44,SETTLEMENT,RTGS,IndusInd Bank,IN,0,NORMAL_BANKING_FLOW
TX_INDUS_111510,INDUS_ACC_20091,HDFC_ACC_20039,352854.47,2026-01-10 23:39:47,SETTLEMENT,RTGS,IndusInd Bank,IN,0,NORMAL_BANKING_FLOW
TX_INDUS_111511,INDUS_ACC_20014,INDUS_ACC_20127,331074.65,2026-01-10 23:27:00,SETTLEMENT,RTGS,IndusInd Bank,IN,0,NORMAL_BANKING_FLOW
TX_INDUS_111512,INDUS_ACC_20237,AXIS_ACC_20053,110512.49,2026-01-11 01:56:23,SETTLEMENT,RTGS,IndusInd Bank,IN,0,NORMAL_BANKING_FLOW
TX_INDUS_111513,INDUS_ACC_20046,INDUS_ACC_20026,44265.91,2026-01-11 03:18:28,SETTLEMENT,RTGS,IndusInd Bank,IN,0,NORMAL_BANKING_FLOW
TX_INDUS_111514,INDUS_ACC_20111,ICICI_ACC_20030,18519.25,2026-01-10 23:56:12,SETTLEMENT,RTGS,IndusInd Bank,IN,0,NORMAL_BANKING_FLOW
TX_INDUS_111515,INDUS_ACC_20106,INDUS_ACC_20219,94085.14,2026-01-10 19:39:10,SETTLEMENT,RTGS,IndusInd Bank,IN,0,NORMAL_BANKING_FLOW
TX_INDUS_111516,INDUS_ACC_20093,INDUS_ACC_20184,621328.4,2026-01-10 20:20:20,SETTLEMENT,RTGS,IndusInd Bank,IN,0,NORMAL_BANKING_FLOW
TX_INDUS_111517,INDUS_ACC_20163,INDUS_ACC_20094,68062.8,2026-01-10 22:23:12,SETTLEMENT,WIRE,IndusInd Bank,IN,0,NORMAL_BANKING_FLOW
TX_INDUS_111518,INDUS_ACC_20101,INDUS_ACC_20149,253254.93,2026-01-10 23:04:40,SETTLEMENT,WIRE,IndusInd Bank,IN,0,NORMAL_BANKING_FLOW
TX_INDUS_111519,INDUS_ACC_20185,INDUS_ACC_20153,271778.23,2026-01-10 19:40:50,SETTLEMENT,WIRE,IndusInd Bank,IN,0,NORMAL_BANKING_FLOW
TX_INDUS_111520,INDUS_ACC_20187,INDUS_ACC_20224,70233.21,2026-01-10 17:52:03,SETTLEMENT,WIRE,IndusInd Bank,IN,0,NORMAL_BANKING_FLOW
TX_INDUS_111521,INDUS_ACC_20076,INDUS_ACC_20236,479075.65,2026-01-10 21:44:40,SETTLEMENT,RTGS,IndusInd Bank,IN,0,NORMAL_BANKING_FLOW
TX_INDUS_111522,INDUS_ACC_20109,CANARA_ACC_20194,3009.73,2026-01-10 20:23:08,SETTLEMENT,WIRE,IndusInd Bank,IN,0,NORMAL_BANKING_FLOW
TX_INDUS_111523,INDUS_ACC_20210,INDUS_ACC_20247,22758.63,2026-01-11 01:25:00,SETTLEMENT,WIRE,IndusInd Bank,IN,0,NORMAL_BANKING_FLOW
TX_INDUS_111524,INDUS_ACC_20197,INDUS_ACC_20139,32900.44,2026-01-10 23:22:23,SETTLEMENT,WIRE,IndusInd Bank,IN,0,NORMAL_BANKING_FLOW
TX_INDUS_111525,INDUS_ACC_20127,INDUS_ACC_20150,36913.85,2026-01-10 23:36:48,SETTLEMENT,WIRE,IndusInd Bank,IN,0,NORMAL_BANKING_FLOW
TX_INDUS_111526,INDUS_ACC_20082,INDUS_ACC_20125,147785.26,2026-01-10 22:28:45,SETTLEMENT,WIRE,IndusInd Bank,IN,0,NORMAL_BANKING_FLOW
TX_INDUS_111527,INDUS_ACC_20143,INDUS_ACC_20093,139810.8,2026-01-10 17:26:30,SETTLEMENT,RTGS,IndusInd Bank,IN,0,NORMAL_BANKING_FLOW
TX_INDUS_111528,INDUS_ACC_20153,YES_ACC_20236,158385.73,2026-01-10 18:08:06,SETTLEMENT,RTGS,IndusInd Bank,IN,0,NORMAL_BANKING_FLOW
TX_INDUS_111529,INDUS_ACC_20017,INDUS_ACC_20150,201853.57,2026-01-10 21:21:36,SETTLEMENT,WIRE,IndusInd Bank,IN,0,NORMAL_BANKING_FLOW
TX_INDUS_111530,INDUS_ACC_20157,INDUS_ACC_20216,31567.22,2026-01-11 02:53:44,SETTLEMENT,RTGS,IndusInd Bank,IN,0,NORMAL_BANKING_FLOW
TX_INDUS_111531,INDUS_ACC_20116,INDUS_ACC_20224,22883.9,2026-01-10 22:18:00,SETTLEMENT,RTGS,IndusInd Bank,IN,0,NORMAL_BANKING_FLOW
TX_INDUS_111532,INDUS_ACC_20096,CANARA_ACC_20158,158829.03,2026-01-10 19:46:15,SETTLEMENT,RTGS,IndusInd Bank,IN,0,NORMAL_BANKING_FLOW
TX_INDUS_111533,INDUS_ACC_20186,INDUS_ACC_20202,46338.18,2026-01-10 22:33:04,SETTLEMENT,RTGS,IndusInd Bank,IN,0,NORMAL_BANKING_FLOW
TX_INDUS_111534,INDUS_ACC_20104,YES_ACC_20056,14994.37,2026-01-10 21:52:02,SETTLEMENT,WIRE,IndusInd Bank,IN,0,NORMAL_BANKING_FLOW
TX_INDUS_111535,INDUS_ACC_20209,BOB_ACC_20095,316669.25,2026-01-11 00:53:18,SETTLEMENT,WIRE,IndusInd Bank,IN,0,NORMAL_BANKING_FLOW
TX_INDUS_111536,INDUS_ACC_20026,INDUS_ACC_20196,526560.91,2026-01-10 17:56:35,SETTLEMENT,WIRE,IndusInd Bank,IN,0,NORMAL_BANKING_FLOW
TX_INDUS_111537,INDUS_ACC_20219,ICICI_ACC_20007,639596.68,2026-01-11 00:13:04,SETTLEMENT,RTGS,IndusInd Bank,IN,0,NORMAL_BANKING_FLOW
TX_INDUS_111538,INDUS_ACC_20046,INDUS_ACC_20028,123551.0,2026-01-11 02:47:15,SETTLEMENT,WIRE,IndusInd Bank,IN,0,NORMAL_BANKING_FLOW
TX_INDUS_111539,INDUS_ACC_20208,INDUS_ACC_20003,209215.17,2026-01-10 20:03:08,SETTLEMENT,WIRE,IndusInd Bank,IN,0,NORMAL_BANKING_FLOW
TX_INDUS_111540,INDUS_ACC_20172,KOTAK_ACC_20179,510855.41,2026-01-10 20:03:34,SETTLEMENT,WIRE,IndusInd Bank,IN,0,NORMAL_BANKING_FLOW
TX_INDUS_111541,INDUS_ACC_20224,CANARA_ACC_20096,45720.45,2026-01-10 23:06:00,SETTLEMENT,WIRE,IndusInd Bank,IN,0,NORMAL_BANKING_FLOW
TX_INDUS_111542,INDUS_ACC_20184,INDUS_ACC_20224,374300.12,2026-01-10 21:00:30,SETTLEMENT,RTGS,IndusInd Bank,IN,0,NORMAL_BANKING_FLOW
TX_INDUS_111543,INDUS_ACC_20067,INDUS_ACC_20121,137375.8,2026-01-10 21:43:06,SETTLEMENT,WIRE,IndusInd Bank,IN,0,NORMAL_BANKING_FLOW
TX_INDUS_111544,INDUS_ACC_20171,INDUS_ACC_20173,295508.83,2026-01-11 02:52:45,SETTLEMENT,RTGS,IndusInd Bank,IN,0,NORMAL_BANKING_FLOW
TX_INDUS_111545,INDUS_ACC_20070,INDUS_ACC_20207,123415.45,2026-01-11 02:25:32,SETTLEMENT,WIRE,IndusInd Bank,IN,0,NORMAL_BANKING_FLOW
TX_INDUS_111546,INDUS_ACC_20186,PNB_ACC_20057,467665.25,2026-01-11 01:44:10,SETTLEMENT,WIRE,IndusInd Bank,IN,0,NORMAL_BANKING_FLOW
TX_INDUS_111547,INDUS_ACC_20058,INDUS_ACC_20222,129085.28,2026-01-11 02:55:30,SETTLEMENT,WIRE,IndusInd Bank,IN,0,NORMAL_BANKING_FLOW
TX_INDUS_111548,INDUS_ACC_20155,INDUS_ACC_20154,16634.35,2026-01-11 03:24:39,SETTLEMENT,RTGS,IndusInd Bank,IN,0,NORMAL_BANKING_FLOW
TX_INDUS_111549,INDUS_ACC_20192,INDUS_ACC_20151,563719.44,2026-01-11 03:39:44,SETTLEMENT,WIRE,IndusInd Bank,IN,0,NORMAL_BANKING_FLOW
TX_INDUS_111550,INDUS_ACC_20089,PNB_ACC_20036,31664.87,2026-01-10 22:43:33,SETTLEMENT,RTGS,IndusInd Bank,IN,0,NORMAL_BANKING_FLOW
TX_INDUS_111551,INDUS_ACC_20121,INDUS_ACC_20082,444039.97,2026-01-10 19:25:50,SETTLEMENT,WIRE,IndusInd Bank,IN,0,NORMAL_BANKING_FLOW
TX_INDUS_111552,INDUS_ACC_20001,INDUS_ACC_20012,88584.18,2026-01-10 18:43:40,SETTLEMENT,RTGS,IndusInd Bank,IN,0,NORMAL_BANKING_FLOW
TX_INDUS_111553,INDUS_ACC_20127,INDUS_ACC_20194,404826.23,2026-01-10 18:29:48,SETTLEMENT,WIRE,IndusInd Bank,IN,0,NORMAL_BANKING_FLOW
TX_INDUS_111554,INDUS_ACC_20196,INDUS_ACC_20020,385278.73,2026-01-11 02:05:03,SETTLEMENT,RTGS,IndusInd Bank,IN,0,NORMAL_BANKING_FLOW
TX_INDUS_111555,INDUS_ACC_20108,INDUS_ACC_20109,165408.19,2026-01-10 21:49:42,SETTLEMENT,WIRE,IndusInd Bank,IN,0,NORMAL_BANKING_FLOW
TX_INDUS_111556,INDUS_ACC_20156,SBI_ACC_20080,181723.65,2026-01-10 17:48:00,SETTLEMENT,WIRE,IndusInd Bank,IN,0,NORMAL_BANKING_FLOW
TX_INDUS_111557,INDUS_ACC_20172,PNB_ACC_20154,163923.37,2026-01-11 03:33:12,SETTLEMENT,RTGS,IndusInd Bank,IN,0,NORMAL_BANKING_FLOW
TX_INDUS_111558,INDUS_ACC_20026,INDUS_ACC_20116,8807.95,2026-01-10 23:17:03,SETTLEMENT,WIRE,IndusInd Bank,IN,0,NORMAL_BANKING_FLOW
TX_INDUS_111559,INDUS_ACC_20015,INDUS_ACC_20181,113777.07,2026-01-11 03:20:48,SETTLEMENT,WIRE,IndusInd Bank,IN,0,NORMAL_BANKING_FLOW
TX_INDUS_111560,INDUS_ACC_20093,AXIS_ACC_20067,25866.99,2026-01-10 23:04:02,SETTLEMENT,WIRE,IndusInd Bank,IN,0,NORMAL_BANKING_FLOW
TX_INDUS_111561,INDUS_ACC_20091,INDUS_ACC_20069,121227.54,2026-01-11 03:51:20,SETTLEMENT,WIRE,IndusInd Bank,IN,0,NORMAL_BANKING_FLOW
TX_INDUS_111562,INDUS_ACC_20183,INDUS_ACC_20004,25045.99,2026-01-10 19:58:45,SETTLEMENT,RTGS,IndusInd Bank,IN,0,NORMAL_BANKING_FLOW
TX_INDUS_111563,INDUS_ACC_20075,BOB_ACC_20047,23814.68,2026-01-11 03:53:16,SETTLEMENT,WIRE,IndusInd Bank,IN,0,NORMAL_BANKING_FLOW
TX_INDUS_111564,INDUS_ACC_20243,INDUS_ACC_20069,677335.1,2026-01-11 01:44:47,SETTLEMENT,WIRE,IndusInd Bank,IN,0,NORMAL_BANKING_FLOW
TX_INDUS_111565,INDUS_ACC_20119,INDUS_ACC_20044,356231.78,2026-01-11 02:14:24,SETTLEMENT,RTGS,IndusInd Bank,IN,0,NORMAL_BANKING_FLOW
TX_INDUS_111566,INDUS_ACC_20180,INDUS_ACC_20030,98226.26,2026-01-10 22:24:35,SETTLEMENT,RTGS,IndusInd Bank,IN,0,NORMAL_BANKING_FLOW
TX_INDUS_111567,INDUS_ACC_20030,INDUS_ACC_20147,123219.47,2026-01-10 22:39:36,SETTLEMENT,WIRE,IndusInd Bank,IN,0,NORMAL_BANKING_FLOW
TX_INDUS_111568,INDUS_ACC_20213,INDUS_ACC_20119,73313.55,2026-01-10 20:44:36,SETTLEMENT,RTGS,IndusInd Bank,IN,0,NORMAL_BANKING_FLOW
TX_INDUS_111569,INDUS_ACC_20218,INDUS_ACC_20200,195604.81,2026-01-10 17:37:00,SETTLEMENT,WIRE,IndusInd Bank,IN,0,NORMAL_BANKING_FLOW
TX_INDUS_111570,INDUS_ACC_20168,YES_ACC_20023,43858.98,2026-01-11 02:33:08,SETTLEMENT,WIRE,IndusInd Bank,IN,0,NORMAL_BANKING_FLOW
TX_INDUS_111571,INDUS_ACC_20070,INDUS_ACC_20195,325295.19,2026-01-11 03:46:30,SETTLEMENT,RTGS,IndusInd Bank,IN,0,NORMAL_BANKING_FLOW
TX_INDUS_111572,INDUS_ACC_20043,KOTAK_ACC_20201,72860.05,2026-01-10 23:11:38,SETTLEMENT,WIRE,IndusInd Bank,IN,0,NORMAL_BANKING_FLOW
TX_INDUS_111573,INDUS_ACC_20217,INDUS_ACC_20198,59646.07,2026-01-11 02:06:40,SETTLEMENT,RTGS,IndusInd Bank,IN,0,NORMAL_BANKING_FLOW
TX_INDUS_111574,INDUS_ACC_20093,INDUS_ACC_20040,101321.67,2026-01-10 23:12:54,SETTLEMENT,WIRE,IndusInd Bank,IN,0,NORMAL_BANKING_FLOW
TX_INDUS_111575,INDUS_ACC_20015,INDUS_ACC_20150,48563.32,2026-01-11 01:10:04,SETTLEMENT,RTGS,IndusInd Bank,IN,0,NORMAL_BANKING_FLOW
TX_INDUS_111576,INDUS_ACC_20226,INDUS_ACC_20153,146446.99,2026-01-11 03:07:30,SETTLEMENT,WIRE,IndusInd Bank,IN,0,NORMAL_BANKING_FLOW
TX_INDUS_111577,INDUS_ACC_20095,INDUS_ACC_20173,51801.01,2026-01-11 03:52:12,SETTLEMENT,RTGS,IndusInd Bank,IN,0,NORMAL_BANKING_FLOW
TX_INDUS_111578,INDUS_ACC_20153,INDUS_ACC_20227,173204.51,2026-01-11 03:53:09,SETTLEMENT,WIRE,IndusInd Bank,IN,0,NORMAL_BANKING_FLOW
TX_INDUS_111579,INDUS_ACC_20165,INDUS_ACC_20108,424729.53,2026-01-10 17:54:08,SETTLEMENT,WIRE,IndusInd Bank,IN,0,NORMAL_BANKING_FLOW
TX_INDUS_111580,INDUS_ACC_20043,PNB_ACC_20208,41639.89,2026-01-10 19:22:18,SETTLEMENT,RTGS,IndusInd Bank,IN,0,NORMAL_BANKING_FLOW
TX_INDUS_111581,INDUS_ACC_20006,KOTAK_ACC_20093,84398.88,2026-01-10 18:38:40,SETTLEMENT,WIRE,IndusInd Bank,IN,0,NORMAL_BANKING_FLOW
TX_INDUS_111582,INDUS_ACC_20098,INDUS_ACC_20085,171715.94,2026-01-11 02:43:32,SETTLEMENT,WIRE,IndusInd Bank,IN,0,NORMAL_BANKING_FLOW
TX_INDUS_111583,INDUS_ACC_20066,INDUS_ACC_20226,58511.07,2026-01-11 01:01:30,SETTLEMENT,RTGS,IndusInd Bank,IN,0,NORMAL_BANKING_FLOW
TX_INDUS_111584,INDUS_ACC_20237,INDUS_ACC_20108,172333.13,2026-01-10 20:37:21,SETTLEMENT,WIRE,IndusInd Bank,IN,0,NORMAL_BANKING_FLOW
TX_INDUS_111585,INDUS_ACC_20091,INDUS_ACC_20132,192235.92,2026-01-10 20:37:48,SETTLEMENT,RTGS,IndusInd Bank,IN,0,NORMAL_BANKING_FLOW
TX_INDUS_111586,INDUS_ACC_20151,INDUS_ACC_20062,362186.35,2026-01-11 04:30:15,SETTLEMENT,WIRE,IndusInd Bank,IN,0,NORMAL_BANKING_FLOW
TX_INDUS_111587,INDUS_ACC_20227,CANARA_ACC_20222,47705.98,2026-01-11 02:03:34,SETTLEMENT,WIRE,IndusInd Bank,IN,0,NORMAL_BANKING_FLOW
TX_INDUS_111588,INDUS_ACC_20132,INDUS_ACC_20201,31846.08,2026-01-10 17:41:45,SETTLEMENT,RTGS,IndusInd Bank,IN,0,NORMAL_BANKING_FLOW
TX_INDUS_111589,INDUS_ACC_20180,INDUS_ACC_20030,68248.25,2026-01-11 04:03:36,SETTLEMENT,WIRE,IndusInd Bank,IN,0,NORMAL_BANKING_FLOW
TX_INDUS_111590,INDUS_ACC_20121,INDUS_ACC_20225,30905.74,2026-01-10 21:09:41,SETTLEMENT,RTGS,IndusInd Bank,IN,0,NORMAL_BANKING_FLOW
TX_INDUS_111591,INDUS_ACC_20053,INDUS_ACC_20069,194346.48,2026-01-11 04:05:30,SETTLEMENT,WIRE,IndusInd Bank,IN,0,NORMAL_BANKING_FLOW
TX_INDUS_111592,INDUS_ACC_20020,INDUS_ACC_20114,24487.02,2026-01-10 21:25:30,SETTLEMENT,RTGS,IndusInd Bank,IN,0,NORMAL_BANKING_FLOW
TX_INDUS_111593,INDUS_ACC_20224,HDFC_ACC_20037,1622728.75,2026-01-10 17:43:00,SETTLEMENT,WIRE,IndusInd Bank,IN,0,NORMAL_BANKING_FLOW
TX_INDUS_111594,INDUS_ACC_20197,INDUS_ACC_20061,467480.74,2026-01-11 01:24:38,SETTLEMENT,WIRE,IndusInd Bank,IN,0,NORMAL_BANKING_FLOW
TX_INDUS_111595,INDUS_ACC_20124,SBI_ACC_20215,100216.78,2026-01-10 21:27:00,SETTLEMENT,WIRE,IndusInd Bank,IN,0,NORMAL_BANKING_FLOW
TX_INDUS_111596,INDUS_ACC_20049,INDUS_ACC_20044,279532.37,2026-01-11 01:41:05,SETTLEMENT,WIRE,IndusInd Bank,IN,0,NORMAL_BANKING_FLOW
TX_INDUS_111597,INDUS_ACC_20212,INDUS_ACC_20036,13847.19,2026-01-10 20:28:16,SETTLEMENT,WIRE,IndusInd Bank,IN,0,NORMAL_BANKING_FLOW
TX_INDUS_111598,INDUS_ACC_20078,INDUS_ACC_20075,2039158.94,2026-01-10 20:28:42,SETTLEMENT,WIRE,IndusInd Bank,IN,0,NORMAL_BANKING_FLOW
TX_INDUS_111599,INDUS_ACC_20061,HDFC_ACC_20154,48617.68,2026-01-11 04:13:06,SETTLEMENT,WIRE,IndusInd Bank,IN,0,NORMAL_BANKING_FLOW
TX_INDUS_111600,INDUS_ACC_20224,HDFC_ACC_20106,85425.77,2026-01-11 01:29:14,SETTLEMENT,WIRE,IndusInd Bank,IN,0,NORMAL_BANKING_FLOW
TX_INDUS_111601,INDUS_ACC_20121,INDUS_ACC_20195,10645.37,2026-01-10 21:45:00,SETTLEMENT,WIRE,IndusInd Bank,IN,0,NORMAL_BANKING_FLOW
TX_INDUS_111602,INDUS_ACC_20248,INDUS_ACC_20222,176936.25,2026-01-10 18:15:17,SETTLEMENT,WIRE,IndusInd Bank,IN,0,NORMAL_BANKING_FLOW
TX_INDUS_111603,INDUS_ACC_20151,INDUS_ACC_20181,26170.47,2026-01-10 23:01:12,SETTLEMENT,WIRE,IndusInd Bank,IN,0,NORMAL_BANKING_FLOW
TX_INDUS_111604,INDUS_ACC_20075,INDUS_ACC_20070,111523.09,2026-01-11 03:47:45,SETTLEMENT,RTGS,IndusInd Bank,IN,0,NORMAL_BANKING_FLOW
TX_INDUS_111605,INDUS_ACC_20180,INDUS_ACC_20205,51373.14,2026-01-10 19:16:24,SETTLEMENT,RTGS,IndusInd Bank,IN,0,NORMAL_BANKING_FLOW
TX_INDUS_111606,INDUS_ACC_20057,HDFC_ACC_20061,27084.24,2026-01-11 04:04:40,SETTLEMENT,WIRE,IndusInd Bank,IN,0,NORMAL_BANKING_FLOW
TX_INDUS_111607,INDUS_ACC_20070,INDUS_ACC_20008,37600.26,2026-01-11 01:34:36,SETTLEMENT,RTGS,IndusInd Bank,IN,0,NORMAL_BANKING_FLOW
TX_INDUS_111608,INDUS_ACC_20232,INDUS_ACC_20087,129436.49,2026-01-10 21:18:23,SETTLEMENT,WIRE,IndusInd Bank,IN,0,NORMAL_BANKING_FLOW
TX_INDUS_111609,INDUS_ACC_20043,INDUS_ACC_20207,21209.63,2026-01-11 04:22:36,SETTLEMENT,RTGS,IndusInd Bank,IN,0,NORMAL_BANKING_FLOW
TX_INDUS_111610,INDUS_ACC_20057,INDUS_ACC_20236,40192.11,2026-01-11 03:53:15,SETTLEMENT,RTGS,IndusInd Bank,IN,0,NORMAL_BANKING_FLOW
TX_INDUS_111611,INDUS_ACC_20059,INDUS_ACC_20041,218803.22,2026-01-10 23:21:10,SETTLEMENT,WIRE,IndusInd Bank,IN,0,NORMAL_BANKING_FLOW
TX_INDUS_111612,INDUS_ACC_20160,ICICI_ACC_20156,2242217.41,2026-01-10 20:19:35,SETTLEMENT,RTGS,IndusInd Bank,IN,0,NORMAL_BANKING_FLOW
TX_INDUS_111613,INDUS_ACC_20107,INDUS_ACC_20073,175098.96,2026-01-11 04:56:48,SETTLEMENT,RTGS,IndusInd Bank,IN,0,NORMAL_BANKING_FLOW
TX_INDUS_111614,INDUS_ACC_20023,INDUS_ACC_20116,32836.17,2026-01-11 00:08:40,SETTLEMENT,RTGS,IndusInd Bank,IN,0,NORMAL_BANKING_FLOW
TX_INDUS_111615,INDUS_ACC_20106,INDUS_ACC_20132,63542.42,2026-01-10 17:48:30,SETTLEMENT,WIRE,IndusInd Bank,IN,0,NORMAL_BANKING_FLOW
TX_INDUS_111616,INDUS_ACC_20210,INDUS_ACC_20002,102529.6,2026-01-10 19:50:45,SETTLEMENT,WIRE,IndusInd Bank,IN,0,NORMAL_BANKING_FLOW
TX_INDUS_111617,INDUS_ACC_20168,INDUS_ACC_20072,64905.66,2026-01-11 01:11:44,SETTLEMENT,WIRE,IndusInd Bank,IN,0,NORMAL_BANKING_FLOW
TX_INDUS_111618,INDUS_ACC_20170,YES_ACC_20039,291755.03,2026-01-11 04:00:35,SETTLEMENT,WIRE,IndusInd Bank,IN,0,NORMAL_BANKING_FLOW
TX_INDUS_111619,INDUS_ACC_20193,INDUS_ACC_20228,128151.47,2026-01-11 03:00:18,SETTLEMENT,RTGS,IndusInd Bank,IN,0,NORMAL_BANKING_FLOW
TX_INDUS_111620,INDUS_ACC_20218,INDUS_ACC_20061,293438.35,2026-01-10 23:11:24,SETTLEMENT,RTGS,IndusInd Bank,IN,0,NORMAL_BANKING_FLOW
TX_INDUS_111621,INDUS_ACC_20155,INDUS_ACC_20236,67688.22,2026-01-10 22:10:40,SETTLEMENT,RTGS,IndusInd Bank,IN,0,NORMAL_BANKING_FLOW
TX_INDUS_111622,INDUS_ACC_20225,PNB_ACC_20006,484368.02,2026-01-11 05:05:39,SETTLEMENT,WIRE,IndusInd Bank,IN,0,NORMAL_BANKING_FLOW
TX_INDUS_111623,INDUS_ACC_20144,INDUS_ACC_20212,80839.2,2026-01-11 03:19:04,SETTLEMENT,RTGS,IndusInd Bank,IN,0,NORMAL_BANKING_FLOW
TX_INDUS_111624,INDUS_ACC_20240,INDUS_ACC_20151,30778.51,2026-01-11 02:18:24,SETTLEMENT,RTGS,IndusInd Bank,IN,0,NORMAL_BANKING_FLOW
TX_INDUS_111625,INDUS_ACC_20171,KOTAK_ACC_20188,1346183.97,2026-01-10 21:57:24,SETTLEMENT,RTGS,IndusInd Bank,IN,0,NORMAL_BANKING_FLOW
TX_INDUS_111626,INDUS_ACC_20090,INDUS_ACC_20216,11048.24,2026-01-11 03:37:05,SETTLEMENT,RTGS,IndusInd Bank,IN,0,NORMAL_BANKING_FLOW
TX_INDUS_111627,INDUS_ACC_20195,INDUS_ACC_20125,40680.88,2026-01-10 20:10:24,SETTLEMENT,WIRE,IndusInd Bank,IN,0,NORMAL_BANKING_FLOW
TX_INDUS_111628,INDUS_ACC_20078,HDFC_ACC_20114,46516.7,2026-01-10 21:58:57,SETTLEMENT,WIRE,IndusInd Bank,IN,0,NORMAL_BANKING_FLOW
TX_INDUS_111629,INDUS_ACC_20145,INDUS_ACC_20000,2002621.29,2026-01-10 23:47:44,SETTLEMENT,RTGS,IndusInd Bank,IN,0,NORMAL_BANKING_FLOW
TX_INDUS_111630,INDUS_ACC_20083,INDUS_ACC_20072,863052.38,2026-01-10 21:59:59,SETTLEMENT,WIRE,IndusInd Bank,IN,0,NORMAL_BANKING_FLOW
TX_INDUS_111631,INDUS_ACC_20107,INDUS_ACC_20092,592860.12,2026-01-10 22:47:00,SETTLEMENT,RTGS,IndusInd Bank,IN,0,NORMAL_BANKING_FLOW
TX_INDUS_111632,INDUS_ACC_20017,PNB_ACC_20040,66383.88,2026-01-11 01:53:46,SETTLEMENT,RTGS,IndusInd Bank,IN,0,NORMAL_BANKING_FLOW
TX_INDUS_111633,INDUS_ACC_20227,INDUS_ACC_20130,1814668.94,2026-01-10 23:03:40,SETTLEMENT,RTGS,IndusInd Bank,IN,0,NORMAL_BANKING_FLOW
TX_INDUS_111634,INDUS_ACC_20100,INDUS_ACC_20081,153586.99,2026-01-11 02:41:57,SETTLEMENT,WIRE,IndusInd Bank,IN,0,NORMAL_BANKING_FLOW
TX_INDUS_111635,INDUS_ACC_20156,INDUS_ACC_20006,318926.53,2026-01-10 18:09:04,SETTLEMENT,WIRE,IndusInd Bank,IN,0,NORMAL_BANKING_FLOW
TX_INDUS_111636,INDUS_ACC_20021,INDUS_ACC_20143,122471.6,2026-01-10 22:03:05,SETTLEMENT,RTGS,IndusInd Bank,IN,0,NORMAL_BANKING_FLOW
TX_INDUS_111637,INDUS_ACC_20060,HDFC_ACC_20057,93026.54,2026-01-10 22:34:48,SETTLEMENT,RTGS,IndusInd Bank,IN,0,NORMAL_BANKING_FLOW
TX_INDUS_111638,INDUS_ACC_20158,PNB_ACC_20066,72974.52,2026-01-11 00:55:54,SETTLEMENT,WIRE,IndusInd Bank,IN,0,NORMAL_BANKING_FLOW
TX_INDUS_111639,INDUS_ACC_20054,INDUS_ACC_20124,76759.47,2026-01-11 02:30:24,SETTLEMENT,RTGS,IndusInd Bank,IN,0,NORMAL_BANKING_FLOW
TX_INDUS_111640,INDUS_ACC_20112,PNB_ACC_20064,204882.1,2026-01-10 19:59:57,SETTLEMENT,WIRE,IndusInd Bank,IN,0,NORMAL_BANKING_FLOW
TX_INDUS_111641,INDUS_ACC_20029,INDUS_ACC_20082,153374.78,2026-01-10 20:16:00,SETTLEMENT,RTGS,IndusInd Bank,IN,0,NORMAL_BANKING_FLOW
TX_INDUS_111642,INDUS_ACC_20218,INDUS_ACC_20053,95057.22,2026-01-10 17:55:15,SETTLEMENT,WIRE,IndusInd Bank,IN,0,NORMAL_BANKING_FLOW
TX_INDUS_111643,INDUS_ACC_20047,INDUS_ACC_20035,604059.99,2026-01-10 22:22:24,SETTLEMENT,WIRE,IndusInd Bank,IN,0,NORMAL_BANKING_FLOW
TX_INDUS_111644,INDUS_ACC_20221,ICICI_ACC_20011,2807.07,2026-01-10 20:48:38,SETTLEMENT,RTGS,IndusInd Bank,IN,0,NORMAL_BANKING_FLOW
TX_INDUS_111645,INDUS_ACC_20017,INDUS_ACC_20089,182018.7,2026-01-11 01:16:32,SETTLEMENT,RTGS,IndusInd Bank,IN,0,NORMAL_BANKING_FLOW
TX_INDUS_111646,INDUS_ACC_20012,SBI_ACC_20219,233581.53,2026-01-10 21:21:00,SETTLEMENT,WIRE,IndusInd Bank,IN,0,NORMAL_BANKING_FLOW
TX_INDUS_111647,INDUS_ACC_20060,INDUS_ACC_20237,390958.01,2026-01-11 01:02:12,SETTLEMENT,RTGS,IndusInd Bank,IN,0,NORMAL_BANKING_FLOW
TX_INDUS_111648,INDUS_ACC_20160,INDUS_ACC_20125,91322.66,2026-01-11 03:56:31,SETTLEMENT,WIRE,IndusInd Bank,IN,0,NORMAL_BANKING_FLOW
TX_INDUS_111649,INDUS_ACC_20244,INDUS_ACC_20024,126690.72,2026-01-11 01:35:12,SETTLEMENT,RTGS,IndusInd Bank,IN,0,NORMAL_BANKING_FLOW
TX_INDUS_111650,INDUS_ACC_20234,INDUS_ACC_20248,322267.77,2026-01-10 17:57:15,SETTLEMENT,WIRE,IndusInd Bank,IN,0,NORMAL_BANKING_FLOW
TX_INDUS_111651,INDUS_ACC_20091,INDUS_ACC_20140,590898.59,2026-01-11 04:30:50,SETTLEMENT,RTGS,IndusInd Bank,IN,0,NORMAL_BANKING_FLOW
TX_INDUS_111652,INDUS_ACC_20241,INDUS_ACC_20243,68827.37,2026-01-10 20:52:06,SETTLEMENT,WIRE,IndusInd Bank,IN,0,NORMAL_BANKING_FLOW
TX_INDUS_111653,INDUS_ACC_20071,PNB_ACC_20225,135994.67,2026-01-10 19:17:20,SETTLEMENT,WIRE,IndusInd Bank,IN,0,NORMAL_BANKING_FLOW
TX_INDUS_111654,INDUS_ACC_20142,INDUS_ACC_20196,739913.64,2026-01-10 19:33:33,SETTLEMENT,WIRE,IndusInd Bank,IN,0,NORMAL_BANKING_FLOW
TX_INDUS_111655,INDUS_ACC_20176,INDUS_ACC_20182,7716.9,2026-01-11 02:27:18,SETTLEMENT,WIRE,IndusInd Bank,IN,0,NORMAL_BANKING_FLOW
TX_INDUS_111656,INDUS_ACC_20031,KOTAK_ACC_20046,43130.47,2026-01-11 05:07:15,SETTLEMENT,RTGS,IndusInd Bank,IN,0,NORMAL_BANKING_FLOW
TX_INDUS_111657,INDUS_ACC_20209,BOB_ACC_20060,573207.57,2026-01-11 03:16:40,SETTLEMENT,RTGS,IndusInd Bank,IN,0,NORMAL_BANKING_FLOW
TX_INDUS_111658,INDUS_ACC_20164,INDUS_ACC_20065,366240.46,2026-01-10 22:46:21,SETTLEMENT,RTGS,IndusInd Bank,IN,0,NORMAL_BANKING_FLOW
TX_INDUS_111659,INDUS_ACC_20235,INDUS_ACC_20167,184782.41,2026-01-10 21:11:06,SETTLEMENT,RTGS,IndusInd Bank,IN,0,NORMAL_BANKING_FLOW
TX_INDUS_111660,INDUS_ACC_20207,INDUS_ACC_20048,57623.38,2026-01-10 23:19:25,SETTLEMENT,RTGS,IndusInd Bank,IN,0,NORMAL_BANKING_FLOW
TX_INDUS_111661,INDUS_ACC_20116,CANARA_ACC_20032,34262.88,2026-01-10 22:48:00,SETTLEMENT,WIRE,IndusInd Bank,IN,0,NORMAL_BANKING_FLOW
TX_INDUS_111662,INDUS_ACC_20012,AXIS_ACC_20047,48559.31,2026-01-11 04:40:55,SETTLEMENT,RTGS,IndusInd Bank,IN,0,NORMAL_BANKING_FLOW
TX_INDUS_111663,INDUS_ACC_20198,INDUS_ACC_20160,632610.3,2026-01-10 22:49:06,SETTLEMENT,RTGS,IndusInd Bank,IN,0,NORMAL_BANKING_FLOW
TX_INDUS_111664,INDUS_ACC_20156,INDUS_ACC_20175,46437.79,2026-01-10 18:32:51,SETTLEMENT,WIRE,IndusInd Bank,IN,0,NORMAL_BANKING_FLOW
TX_INDUS_111665,INDUS_ACC_20096,INDUS_ACC_20034,111491.94,2026-01-11 01:46:56,SETTLEMENT,RTGS,IndusInd Bank,IN,0,NORMAL_BANKING_FLOW
TX_INDUS_111666,INDUS_ACC_20000,INDUS_ACC_20168,39956.67,2026-01-10 22:50:45,SETTLEMENT,WIRE,IndusInd Bank,IN,0,NORMAL_BANKING_FLOW
TX_INDUS_111667,INDUS_ACC_20245,INDUS_ACC_20065,271394.52,2026-01-11 05:17:42,SETTLEMENT,RTGS,IndusInd Bank,IN,0,NORMAL_BANKING_FLOW
TX_INDUS_111668,INDUS_ACC_20214,INDUS_ACC_20007,51716.31,2026-01-11 02:05:15,SETTLEMENT,WIRE,IndusInd Bank,IN,0,NORMAL_BANKING_FLOW
TX_INDUS_111669,INDUS_ACC_20034,INDUS_ACC_20232,87806.19,2026-01-11 02:22:08,SETTLEMENT,RTGS,IndusInd Bank,IN,0,NORMAL_BANKING_FLOW
TX_INDUS_111670,INDUS_ACC_20158,YES_ACC_20239,13094.42,2026-01-10 20:43:45,SETTLEMENT,RTGS,IndusInd Bank,IN,0,NORMAL_BANKING_FLOW
TX_INDUS_111671,INDUS_ACC_20012,INDUS_ACC_20218,14242.11,2026-01-11 04:16:50,SETTLEMENT,WIRE,IndusInd Bank,IN,0,NORMAL_BANKING_FLOW
TX_INDUS_111672,INDUS_ACC_20128,ICICI_ACC_20120,99628.93,2026-01-10 19:56:02,SETTLEMENT,WIRE,IndusInd Bank,IN,0,NORMAL_BANKING_FLOW
TX_INDUS_111673,INDUS_ACC_20074,INDUS_ACC_20093,20126.88,2026-01-10 20:45:00,SETTLEMENT,WIRE,IndusInd Bank,IN,0,NORMAL_BANKING_FLOW
TX_INDUS_111674,INDUS_ACC_20112,INDUS_ACC_20150,1234410.35,2026-01-10 21:01:38,SETTLEMENT,WIRE,IndusInd Bank,IN,0,NORMAL_BANKING_FLOW
TX_INDUS_111675,INDUS_ACC_20091,INDUS_ACC_20232,8317.96,2026-01-11 04:52:50,SETTLEMENT,WIRE,IndusInd Bank,IN,0,NORMAL_BANKING_FLOW
TX_INDUS_111676,INDUS_ACC_20023,CANARA_ACC_20126,37789.62,2026-01-11 03:16:15,SETTLEMENT,RTGS,IndusInd Bank,IN,0,NORMAL_BANKING_FLOW
TX_INDUS_111677,INDUS_ACC_20027,INDUS_ACC_20092,100714.1,2026-01-11 02:44:32,SETTLEMENT,WIRE,IndusInd Bank,IN,0,NORMAL_BANKING_FLOW
TX_INDUS_111678,INDUS_ACC_20225,INDUS_ACC_20013,63693.67,2026-01-10 18:53:06,SETTLEMENT,WIRE,IndusInd Bank,IN,0,NORMAL_BANKING_FLOW
TX_INDUS_111679,INDUS_ACC_20249,INDUS_ACC_20036,26239.61,2026-01-11 00:19:24,SETTLEMENT,RTGS,IndusInd Bank,IN,0,NORMAL_BANKING_FLOW
TX_INDUS_111680,INDUS_ACC_20015,INDUS_ACC_20222,31272.26,2026-01-11 01:57:56,SETTLEMENT,RTGS,IndusInd Bank,IN,0,NORMAL_BANKING_FLOW
TX_INDUS_111681,INDUS_ACC_20099,INDUS_ACC_20216,30067.95,2026-01-10 20:15:40,SETTLEMENT,RTGS,IndusInd Bank,IN,0,NORMAL_BANKING_FLOW
TX_INDUS_111682,INDUS_ACC_20006,SBI_ACC_20055,69977.84,2026-01-11 02:15:45,SETTLEMENT,RTGS,IndusInd Bank,IN,0,NORMAL_BANKING_FLOW
TX_INDUS_111683,INDUS_ACC_20192,INDUS_ACC_20120,1027166.82,2026-01-11 00:38:18,SETTLEMENT,WIRE,IndusInd Bank,IN,0,NORMAL_BANKING_FLOW
TX_INDUS_111684,INDUS_ACC_20199,CANARA_ACC_20164,108393.65,2026-01-10 23:17:02,SETTLEMENT,RTGS,IndusInd Bank,IN,0,NORMAL_BANKING_FLOW
TX_INDUS_111685,INDUS_ACC_20219,HDFC_ACC_20190,408186.96,2026-01-10 22:12:00,SETTLEMENT,WIRE,IndusInd Bank,IN,0,NORMAL_BANKING_FLOW
TX_INDUS_111686,INDUS_ACC_20205,BOB_ACC_20019,181384.0,2026-01-11 06:08:35,SETTLEMENT,WIRE,IndusInd Bank,IN,0,NORMAL_BANKING_FLOW
TX_INDUS_111687,INDUS_ACC_20012,HDFC_ACC_20044,375733.31,2026-01-11 00:40:54,SETTLEMENT,RTGS,IndusInd Bank,IN,0,NORMAL_BANKING_FLOW
TX_INDUS_111688,INDUS_ACC_20137,INDUS_ACC_20104,3429.06,2026-01-11 04:15:24,SETTLEMENT,WIRE,IndusInd Bank,IN,0,NORMAL_BANKING_FLOW
TX_INDUS_111689,INDUS_ACC_20121,PNB_ACC_20211,68504.2,2026-01-10 21:24:36,SETTLEMENT,WIRE,IndusInd Bank,IN,0,NORMAL_BANKING_FLOW
TX_INDUS_111690,INDUS_ACC_20152,INDUS_ACC_20240,473810.39,2026-01-10 20:02:38,SETTLEMENT,RTGS,IndusInd Bank,IN,0,NORMAL_BANKING_FLOW
TX_INDUS_111691,INDUS_ACC_20052,HDFC_ACC_20013,49707.79,2026-01-10 18:40:30,SETTLEMENT,WIRE,IndusInd Bank,IN,0,NORMAL_BANKING_FLOW
TX_INDUS_111692,INDUS_ACC_20059,INDUS_ACC_20093,818286.5,2026-01-10 20:36:24,SETTLEMENT,RTGS,IndusInd Bank,IN,0,NORMAL_BANKING_FLOW
TX_INDUS_111693,INDUS_ACC_20116,INDUS_ACC_20143,585761.61,2026-01-10 18:41:04,SETTLEMENT,RTGS,IndusInd Bank,IN,0,NORMAL_BANKING_FLOW
TX_INDUS_111694,INDUS_ACC_20040,ICICI_ACC_20147,56220.86,2026-01-10 21:10:18,SETTLEMENT,WIRE,IndusInd Bank,IN,0,NORMAL_BANKING_FLOW
TX_INDUS_111695,INDUS_ACC_20217,YES_ACC_20086,53971.09,2026-01-10 20:54:10,SETTLEMENT,RTGS,IndusInd Bank,IN,0,NORMAL_BANKING_FLOW
TX_INDUS_111696,INDUS_ACC_20126,INDUS_ACC_20208,29251.12,2026-01-11 06:35:00,SETTLEMENT,WIRE,IndusInd Bank,IN,0,NORMAL_BANKING_FLOW
TX_INDUS_111697,INDUS_ACC_20023,INDUS_ACC_20091,46373.66,2026-01-10 19:15:24,SETTLEMENT,RTGS,IndusInd Bank,IN,0,NORMAL_BANKING_FLOW
TX_INDUS_111698,INDUS_ACC_20013,INDUS_ACC_20087,22491.51,2026-01-11 04:40:41,SETTLEMENT,WIRE,IndusInd Bank,IN,0,NORMAL_BANKING_FLOW
TX_INDUS_111699,INDUS_ACC_20191,KOTAK_ACC_20040,165144.05,2026-01-10 22:02:22,SETTLEMENT,RTGS,IndusInd Bank,IN,0,NORMAL_BANKING_FLOW
TX_INDUS_111700,INDUS_ACC_20065,INDUS_ACC_20116,17201.37,2026-01-10 21:46:12,SETTLEMENT,RTGS,IndusInd Bank,IN,0,NORMAL_BANKING_FLOW
TX_INDUS_111701,INDUS_ACC_20032,INDUS_ACC_20234,203715.49,2026-01-11 00:50:00,SETTLEMENT,WIRE,IndusInd Bank,IN,0,NORMAL_BANKING_FLOW
TX_INDUS_111702,INDUS_ACC_20018,INDUS_ACC_20165,209754.78,2026-01-11 06:24:19,SETTLEMENT,RTGS,IndusInd Bank,IN,0,NORMAL_BANKING_FLOW
TX_INDUS_111703,INDUS_ACC_20071,PNB_ACC_20240,13447.58,2026-01-11 01:58:06,SETTLEMENT,WIRE,IndusInd Bank,IN,0,NORMAL_BANKING_FLOW
TX_INDUS_111704,INDUS_ACC_20075,ICICI_ACC_20177,633986.11,2026-01-10 20:57:55,SETTLEMENT,WIRE,IndusInd Bank,IN,0,NORMAL_BANKING_FLOW
TX_INDUS_111705,INDUS_ACC_20200,INDUS_ACC_20249,182833.49,2026-01-10 18:44:28,SETTLEMENT,RTGS,IndusInd Bank,IN,0,NORMAL_BANKING_FLOW
TX_INDUS_111706,INDUS_ACC_20154,INDUS_ACC_20013,242713.65,2026-01-10 20:42:00,SETTLEMENT,RTGS,IndusInd Bank,IN,0,NORMAL_BANKING_FLOW
TX_INDUS_111707,INDUS_ACC_20123,INDUS_ACC_20216,39719.67,2026-01-11 00:53:54,SETTLEMENT,RTGS,IndusInd Bank,IN,0,NORMAL_BANKING_FLOW
TX_INDUS_111708,INDUS_ACC_20010,INDUS_ACC_20049,208325.06,2026-01-11 05:39:52,SETTLEMENT,WIRE,IndusInd Bank,IN,0,NORMAL_BANKING_FLOW
TX_INDUS_111709,INDUS_ACC_20205,INDUS_ACC_20124,381426.0,2026-01-10 23:14:24,SETTLEMENT,WIRE,IndusInd Bank,IN,0,NORMAL_BANKING_FLOW
TX_INDUS_111710,INDUS_ACC_20109,INDUS_ACC_20089,87699.36,2026-01-10 22:07:41,SETTLEMENT,RTGS,IndusInd Bank,IN,0,NORMAL_BANKING_FLOW
TX_INDUS_111711,INDUS_ACC_20060,PNB_ACC_20047,1090674.59,2026-01-11 00:56:30,SETTLEMENT,WIRE,IndusInd Bank,IN,0,NORMAL_BANKING_FLOW
TX_INDUS_111712,INDUS_ACC_20189,INDUS_ACC_20243,104076.09,2026-01-10 19:37:00,SETTLEMENT,RTGS,IndusInd Bank,IN,0,NORMAL_BANKING_FLOW
TX_INDUS_111713,INDUS_ACC_20207,INDUS_ACC_20001,388070.76,2026-01-11 06:18:16,SETTLEMENT,RTGS,IndusInd Bank,IN,0,NORMAL_BANKING_FLOW
TX_INDUS_111714,INDUS_ACC_20173,AXIS_ACC_20215,140310.14,2026-01-10 19:37:40,SETTLEMENT,RTGS,IndusInd Bank,IN,0,NORMAL_BANKING_FLOW
TX_INDUS_111715,INDUS_ACC_20249,BOB_ACC_20106,199311.83,2026-01-11 05:29:30,SETTLEMENT,RTGS,IndusInd Bank,IN,0,NORMAL_BANKING_FLOW
TX_INDUS_111716,INDUS_ACC_20205,INDUS_ACC_20086,13285.14,2026-01-11 04:05:50,SETTLEMENT,RTGS,IndusInd Bank,IN,0,NORMAL_BANKING_FLOW
TX_INDUS_111717,INDUS_ACC_20094,BOB_ACC_20165,154085.74,2026-01-11 03:32:48,SETTLEMENT,WIRE,IndusInd Bank,IN,0,NORMAL_BANKING_FLOW
TX_INDUS_111718,INDUS_ACC_20082,INDUS_ACC_20144,40865.03,2026-01-10 22:11:33,SETTLEMENT,RTGS,IndusInd Bank,IN,0,NORMAL_BANKING_FLOW
TX_INDUS_111719,INDUS_ACC_20156,INDUS_ACC_20144,35750.59,2026-01-11 02:09:34,SETTLEMENT,RTGS,IndusInd Bank,IN,0,NORMAL_BANKING_FLOW
TX_INDUS_111720,INDUS_ACC_20034,INDUS_ACC_20075,800445.58,2026-01-11 06:59:00,SETTLEMENT,RTGS,IndusInd Bank,IN,0,NORMAL_BANKING_FLOW
TX_INDUS_111721,INDUS_ACC_20165,KOTAK_ACC_20054,76379.96,2026-01-10 21:05:00,SETTLEMENT,WIRE,IndusInd Bank,IN,0,NORMAL_BANKING_FLOW
TX_INDUS_111722,INDUS_ACC_20204,INDUS_ACC_20103,29615.05,2026-01-11 01:03:39,SETTLEMENT,WIRE,IndusInd Bank,IN,0,NORMAL_BANKING_FLOW
TX_INDUS_111723,INDUS_ACC_20126,BOB_ACC_20083,64154.02,2026-01-11 03:20:34,SETTLEMENT,RTGS,IndusInd Bank,IN,0,NORMAL_BANKING_FLOW
TX_INDUS_111724,INDUS_ACC_20227,BOB_ACC_20220,20732.54,2026-01-10 19:06:54,SETTLEMENT,WIRE,IndusInd Bank,IN,0,NORMAL_BANKING_FLOW
TX_INDUS_111725,INDUS_ACC_20232,ICICI_ACC_20195,551645.75,2026-01-11 05:55:44,SETTLEMENT,WIRE,IndusInd Bank,IN,0,NORMAL_BANKING_FLOW
TX_INDUS_111726,INDUS_ACC_20194,INDUS_ACC_20085,42838.1,2026-01-10 23:57:55,SETTLEMENT,RTGS,IndusInd Bank,IN,0,NORMAL_BANKING_FLOW
TX_INDUS_111727,INDUS_ACC_20219,INDUS_ACC_20112,186308.64,2026-01-11 03:40:48,SETTLEMENT,RTGS,IndusInd Bank,IN,0,NORMAL_BANKING_FLOW
TX_INDUS_111728,INDUS_ACC_20236,KOTAK_ACC_20095,502488.51,2026-01-11 03:41:36,SETTLEMENT,WIRE,IndusInd Bank,IN,0,NORMAL_BANKING_FLOW
TX_INDUS_111729,INDUS_ACC_20244,AXIS_ACC_20173,54166.44,2026-01-10 19:59:48,SETTLEMENT,RTGS,IndusInd Bank,IN,0,NORMAL_BANKING_FLOW
TX_INDUS_111730,INDUS_ACC_20105,INDUS_ACC_20166,186918.3,2026-01-10 21:08:45,SETTLEMENT,WIRE,IndusInd Bank,IN,0,NORMAL_BANKING_FLOW
TX_INDUS_111731,INDUS_ACC_20157,INDUS_ACC_20118,28678.32,2026-01-11 07:10:00,SETTLEMENT,WIRE,IndusInd Bank,IN,0,NORMAL_BANKING_FLOW
TX_INDUS_111732,INDUS_ACC_20112,SBI_ACC_20224,1857837.03,2026-01-11 00:18:36,SETTLEMENT,RTGS,IndusInd Bank,IN,0,NORMAL_BANKING_FLOW
TX_INDUS_111733,INDUS_ACC_20186,PNB_ACC_20222,303657.64,2026-01-10 18:18:00,SETTLEMENT,WIRE,IndusInd Bank,IN,0,NORMAL_BANKING_FLOW
TX_INDUS_111734,INDUS_ACC_20048,INDUS_ACC_20206,78344.6,2026-01-11 05:29:42,SETTLEMENT,WIRE,IndusInd Bank,IN,0,NORMAL_BANKING_FLOW
TX_INDUS_111735,INDUS_ACC_20089,INDUS_ACC_20094,39050.05,2026-01-11 04:21:40,SETTLEMENT,WIRE,IndusInd Bank,IN,0,NORMAL_BANKING_FLOW
TX_INDUS_111736,INDUS_ACC_20010,INDUS_ACC_20063,86094.79,2026-01-10 22:03:00,SETTLEMENT,WIRE,IndusInd Bank,IN,0,NORMAL_BANKING_FLOW
TX_INDUS_111737,INDUS_ACC_20175,INDUS_ACC_20016,65645.18,2026-01-11 01:13:24,SETTLEMENT,RTGS,IndusInd Bank,IN,0,NORMAL_BANKING_FLOW
TX_INDUS_111738,INDUS_ACC_20104,INDUS_ACC_20248,1028419.24,2026-01-10 23:30:21,SETTLEMENT,RTGS,IndusInd Bank,IN,0,NORMAL_BANKING_FLOW
TX_INDUS_111739,INDUS_ACC_20123,INDUS_ACC_20145,22682.71,2026-01-10 20:03:18,SETTLEMENT,WIRE,IndusInd Bank,IN,0,NORMAL_BANKING_FLOW
TX_INDUS_111740,INDUS_ACC_20168,INDUS_ACC_20109,116048.29,2026-01-11 06:27:03,SETTLEMENT,RTGS,IndusInd Bank,IN,0,NORMAL_BANKING_FLOW
TX_INDUS_111741,INDUS_ACC_20243,INDUS_ACC_20145,96567.19,2026-01-11 03:17:20,SETTLEMENT,RTGS,IndusInd Bank,IN,0,NORMAL_BANKING_FLOW
TX_INDUS_111742,INDUS_ACC_20186,BOB_ACC_20228,85742.82,2026-01-10 22:23:09,SETTLEMENT,RTGS,IndusInd Bank,IN,0,NORMAL_BANKING_FLOW
TX_INDUS_111743,INDUS_ACC_20018,CANARA_ACC_20019,86652.4,2026-01-11 05:03:04,SETTLEMENT,RTGS,IndusInd Bank,IN,0,NORMAL_BANKING_FLOW
TX_INDUS_111744,INDUS_ACC_20192,INDUS_ACC_20180,85880.75,2026-01-10 21:49:21,SETTLEMENT,WIRE,IndusInd Bank,IN,0,NORMAL_BANKING_FLOW
TX_INDUS_111745,INDUS_ACC_20117,INDUS_ACC_20067,281441.33,2026-01-11 03:20:24,SETTLEMENT,RTGS,IndusInd Bank,IN,0,NORMAL_BANKING_FLOW
TX_INDUS_111746,INDUS_ACC_20151,INDUS_ACC_20119,205003.3,2026-01-11 01:54:05,SETTLEMENT,WIRE,IndusInd Bank,IN,0,NORMAL_BANKING_FLOW
TX_INDUS_111747,INDUS_ACC_20059,INDUS_ACC_20249,163193.83,2026-01-11 03:04:30,SETTLEMENT,WIRE,IndusInd Bank,IN,0,NORMAL_BANKING_FLOW
TX_INDUS_111748,INDUS_ACC_20106,ICICI_ACC_20114,2589.48,2026-01-11 05:59:45,SETTLEMENT,RTGS,IndusInd Bank,IN,0,NORMAL_BANKING_FLOW
TX_INDUS_111749,INDUS_ACC_20125,INDUS_ACC_20238,141457.39,2026-01-11 00:46:16,SETTLEMENT,WIRE,IndusInd Bank,IN,0,NORMAL_BANKING_FLOW
TX_INDUS_111750,INDUS_ACC_20004,CANARA_ACC_20120,13537.69,2026-01-10 19:14:42,SETTLEMENT,RTGS,IndusInd Bank,IN,0,NORMAL_BANKING_FLOW
TX_INDUS_111751,INDUS_ACC_20152,INDUS_ACC_20014,214396.89,2026-01-10 23:37:30,SETTLEMENT,RTGS,IndusInd Bank,IN,0,NORMAL_BANKING_FLOW
TX_INDUS_111752,INDUS_ACC_20033,INDUS_ACC_20173,579196.36,2026-01-10 19:32:49,SETTLEMENT,WIRE,IndusInd Bank,IN,0,NORMAL_BANKING_FLOW
TX_INDUS_111753,INDUS_ACC_20097,HDFC_ACC_20139,32484.33,2026-01-11 07:14:28,SETTLEMENT,WIRE,IndusInd Bank,IN,0,NORMAL_BANKING_FLOW
TX_INDUS_111754,INDUS_ACC_20000,INDUS_ACC_20087,72103.88,2026-01-10 18:23:15,SETTLEMENT,RTGS,IndusInd Bank,IN,0,NORMAL_BANKING_FLOW
TX_INDUS_111755,INDUS_ACC_20010,INDUS_ACC_20016,48087.29,2026-01-10 22:47:00,SETTLEMENT,WIRE,IndusInd Bank,IN,0,NORMAL_BANKING_FLOW
TX_INDUS_111756,INDUS_ACC_20235,INDUS_ACC_20035,434746.39,2026-01-10 18:41:20,SETTLEMENT,RTGS,IndusInd Bank,IN,0,NORMAL_BANKING_FLOW
TX_INDUS_111757,INDUS_ACC_20043,BOB_ACC_20212,110639.61,2026-01-10 20:44:48,SETTLEMENT,WIRE,IndusInd Bank,IN,0,NORMAL_BANKING_FLOW
TX_INDUS_111758,INDUS_ACC_20241,INDUS_ACC_20081,785436.79,2026-01-10 22:13:16,SETTLEMENT,WIRE,IndusInd Bank,IN,0,NORMAL_BANKING_FLOW
TX_INDUS_111759,INDUS_ACC_20009,INDUS_ACC_20248,162186.96,2026-01-10 20:10:18,SETTLEMENT,WIRE,IndusInd Bank,IN,0,NORMAL_BANKING_FLOW
TX_INDUS_111760,INDUS_ACC_20228,INDUS_ACC_20017,132050.57,2026-01-10 19:35:21,SETTLEMENT,WIRE,IndusInd Bank,IN,0,NORMAL_BANKING_FLOW
TX_INDUS_111761,INDUS_ACC_20202,INDUS_ACC_20150,107135.34,2026-01-11 01:29:00,SETTLEMENT,WIRE,IndusInd Bank,IN,0,NORMAL_BANKING_FLOW
TX_INDUS_111762,INDUS_ACC_20097,YES_ACC_20157,263442.53,2026-01-10 20:29:02,SETTLEMENT,RTGS,IndusInd Bank,IN,0,NORMAL_BANKING_FLOW
TX_INDUS_111763,INDUS_ACC_20215,INDUS_ACC_20214,12268.33,2026-01-11 04:09:36,SETTLEMENT,WIRE,IndusInd Bank,IN,0,NORMAL_BANKING_FLOW
TX_INDUS_111764,INDUS_ACC_20078,INDUS_ACC_20203,109361.34,2026-01-10 20:29:46,SETTLEMENT,RTGS,IndusInd Bank,IN,0,NORMAL_BANKING_FLOW
TX_INDUS_111765,INDUS_ACC_20045,INDUS_ACC_20191,90757.31,2026-01-11 02:24:48,SETTLEMENT,RTGS,IndusInd Bank,IN,0,NORMAL_BANKING_FLOW
TX_INDUS_111766,INDUS_ACC_20145,INDUS_ACC_20198,235744.2,2026-01-10 21:06:00,SETTLEMENT,RTGS,IndusInd Bank,IN,0,NORMAL_BANKING_FLOW
TX_INDUS_111767,INDUS_ACC_20234,INDUS_ACC_20084,78807.08,2026-01-10 20:48:38,SETTLEMENT,WIRE,IndusInd Bank,IN,0,NORMAL_BANKING_FLOW
TX_INDUS_111768,INDUS_ACC_20031,INDUS_ACC_20038,28382.23,2026-01-11 03:55:49,SETTLEMENT,WIRE,IndusInd Bank,IN,0,NORMAL_BANKING_FLOW
TX_INDUS_111769,INDUS_ACC_20223,INDUS_ACC_20222,99590.38,2026-01-10 20:13:48,SETTLEMENT,RTGS,IndusInd Bank,IN,0,NORMAL_BANKING_FLOW
TX_INDUS_111770,INDUS_ACC_20064,YES_ACC_20080,26919.1,2026-01-10 21:07:36,SETTLEMENT,WIRE,IndusInd Bank,IN,0,NORMAL_BANKING_FLOW
TX_INDUS_111771,INDUS_ACC_20040,ICICI_ACC_20230,9795.57,2026-01-11 00:24:10,SETTLEMENT,RTGS,IndusInd Bank,IN,0,NORMAL_BANKING_FLOW
TX_INDUS_111772,INDUS_ACC_20132,INDUS_ACC_20203,236226.64,2026-01-11 07:51:00,SETTLEMENT,RTGS,IndusInd Bank,IN,0,NORMAL_BANKING_FLOW
TX_INDUS_111773,INDUS_ACC_20213,BOB_ACC_20012,197772.74,2026-01-10 21:08:48,SETTLEMENT,WIRE,IndusInd Bank,IN,0,NORMAL_BANKING_FLOW
TX_INDUS_111774,INDUS_ACC_20242,INDUS_ACC_20214,172907.0,2026-01-11 00:43:48,SETTLEMENT,WIRE,IndusInd Bank,IN,0,NORMAL_BANKING_FLOW
TX_INDUS_111775,INDUS_ACC_20225,INDUS_ACC_20036,471424.44,2026-01-11 00:44:24,SETTLEMENT,RTGS,IndusInd Bank,IN,0,NORMAL_BANKING_FLOW
TX_INDUS_111776,INDUS_ACC_20035,INDUS_ACC_20063,44442.95,2026-01-10 23:15:25,SETTLEMENT,WIRE,IndusInd Bank,IN,0,NORMAL_BANKING_FLOW
TX_INDUS_111777,INDUS_ACC_20029,INDUS_ACC_20162,17723.79,2026-01-11 01:21:28,SETTLEMENT,RTGS,IndusInd Bank,IN,0,NORMAL_BANKING_FLOW
TX_INDUS_111778,INDUS_ACC_20113,INDUS_ACC_20031,90759.12,2026-01-11 00:28:15,SETTLEMENT,RTGS,IndusInd Bank,IN,0,NORMAL_BANKING_FLOW
TX_INDUS_111779,INDUS_ACC_20039,INDUS_ACC_20004,65055.73,2026-01-11 07:22:04,SETTLEMENT,WIRE,IndusInd Bank,IN,0,NORMAL_BANKING_FLOW
TX_INDUS_111780,INDUS_ACC_20052,INDUS_ACC_20164,35927.03,2026-01-11 01:59:20,SETTLEMENT,RTGS,IndusInd Bank,IN,0,NORMAL_BANKING_FLOW
TX_INDUS_111781,INDUS_ACC_20027,YES_ACC_20115,89695.96,2026-01-10 20:54:00,SETTLEMENT,RTGS,IndusInd Bank,IN,0,NORMAL_BANKING_FLOW
TX_INDUS_111782,INDUS_ACC_20201,KOTAK_ACC_20078,47385.61,2026-01-11 02:36:42,SETTLEMENT,WIRE,IndusInd Bank,IN,0,NORMAL_BANKING_FLOW
TX_INDUS_111783,INDUS_ACC_20045,INDUS_ACC_20126,10903.0,2026-01-11 04:25:36,SETTLEMENT,WIRE,IndusInd Bank,IN,0,NORMAL_BANKING_FLOW
TX_INDUS_111784,INDUS_ACC_20233,INDUS_ACC_20015,58138.77,2026-01-11 05:02:30,SETTLEMENT,RTGS,IndusInd Bank,IN,0,NORMAL_BANKING_FLOW
TX_INDUS_111785,INDUS_ACC_20230,INDUS_ACC_20110,25244.15,2026-01-10 19:07:08,SETTLEMENT,WIRE,IndusInd Bank,IN,0,NORMAL_BANKING_FLOW
TX_INDUS_111786,INDUS_ACC_20148,YES_ACC_20100,130349.9,2026-01-10 22:44:25,SETTLEMENT,RTGS,IndusInd Bank,IN,0,NORMAL_BANKING_FLOW
TX_INDUS_111787,INDUS_ACC_20111,INDUS_ACC_20096,44925.39,2026-01-11 02:58:18,SETTLEMENT,WIRE,IndusInd Bank,IN,0,NORMAL_BANKING_FLOW
TX_INDUS_111788,INDUS_ACC_20242,YES_ACC_20242,374728.77,2026-01-10 19:07:59,SETTLEMENT,WIRE,IndusInd Bank,IN,0,NORMAL_BANKING_FLOW
TX_INDUS_111789,INDUS_ACC_20156,INDUS_ACC_20233,676467.23,2026-01-11 06:55:28,SETTLEMENT,RTGS,IndusInd Bank,IN,0,NORMAL_BANKING_FLOW
TX_INDUS_111790,INDUS_ACC_20202,HDFC_ACC_20106,223073.74,2026-01-11 06:38:15,SETTLEMENT,RTGS,IndusInd Bank,IN,0,NORMAL_BANKING_FLOW
TX_INDUS_111791,INDUS_ACC_20152,INDUS_ACC_20065,15348.43,2026-01-11 00:17:40,SETTLEMENT,WIRE,IndusInd Bank,IN,0,NORMAL_BANKING_FLOW
TX_INDUS_111792,INDUS_ACC_20217,INDUS_ACC_20077,600930.88,2026-01-11 00:36:25,SETTLEMENT,WIRE,IndusInd Bank,IN,0,NORMAL_BANKING_FLOW
TX_INDUS_111793,INDUS_ACC_20118,HDFC_ACC_20062,654001.25,2026-01-11 02:26:12,SETTLEMENT,RTGS,IndusInd Bank,IN,0,NORMAL_BANKING_FLOW
TX_INDUS_111794,INDUS_ACC_20162,INDUS_ACC_20088,100966.96,2026-01-11 07:54:47,SETTLEMENT,WIRE,IndusInd Bank,IN,0,NORMAL_BANKING_FLOW
TX_INDUS_111795,INDUS_ACC_20119,INDUS_ACC_20149,482874.18,2026-01-10 22:12:18,SETTLEMENT,RTGS,IndusInd Bank,IN,0,NORMAL_BANKING_FLOW
TX_INDUS_111796,INDUS_ACC_20044,INDUS_ACC_20218,50918.92,2026-01-10 22:31:00,SETTLEMENT,WIRE,IndusInd Bank,IN,0,NORMAL_BANKING_FLOW
TX_INDUS_111797,INDUS_ACC_20037,ICICI_ACC_20206,10514.44,2026-01-11 03:23:44,SETTLEMENT,WIRE,IndusInd Bank,IN,0,NORMAL_BANKING_FLOW
TX_INDUS_111798,INDUS_ACC_20109,KOTAK_ACC_20193,39642.56,2026-01-11 03:24:28,SETTLEMENT,WIRE,IndusInd Bank,IN,0,NORMAL_BANKING_FLOW
TX_INDUS_111799,INDUS_ACC_20032,INDUS_ACC_20079,786352.97,2026-01-11 04:56:42,SETTLEMENT,WIRE,IndusInd Bank,IN,0,NORMAL_BANKING_FLOW
TX_INDUS_111800,INDUS_ACC_20074,KOTAK_ACC_20087,16493.21,2026-01-11 06:10:47,SETTLEMENT,WIRE,IndusInd Bank,IN,0,NORMAL_BANKING_FLOW
TX_INDUS_111801,INDUS_ACC_20015,INDUS_ACC_20187,98659.08,2026-01-11 06:48:20,SETTLEMENT,RTGS,IndusInd Bank,IN,0,NORMAL_BANKING_FLOW
TX_INDUS_111802,INDUS_ACC_20039,INDUS_ACC_20218,102844.42,2026-01-10 18:53:36,SETTLEMENT,WIRE,IndusInd Bank,IN,0,NORMAL_BANKING_FLOW
TX_INDUS_111803,INDUS_ACC_20106,INDUS_ACC_20218,53339.42,2026-01-11 00:24:28,SETTLEMENT,RTGS,IndusInd Bank,IN,0,NORMAL_BANKING_FLOW
TX_INDUS_111804,INDUS_ACC_20230,BOB_ACC_20141,57975.4,2026-01-11 05:37:33,SETTLEMENT,RTGS,IndusInd Bank,IN,0,NORMAL_BANKING_FLOW
TX_INDUS_111805,INDUS_ACC_20055,INDUS_ACC_20064,107656.29,2026-01-10 21:58:24,SETTLEMENT,WIRE,IndusInd Bank,IN,0,NORMAL_BANKING_FLOW
TX_INDUS_111806,INDUS_ACC_20085,AXIS_ACC_20089,50282.14,2026-01-11 00:26:10,SETTLEMENT,WIRE,IndusInd Bank,IN,0,NORMAL_BANKING_FLOW
TX_INDUS_111807,INDUS_ACC_20207,INDUS_ACC_20033,17917.44,2026-01-11 01:58:54,SETTLEMENT,RTGS,IndusInd Bank,IN,0,NORMAL_BANKING_FLOW
TX_INDUS_111808,INDUS_ACC_20187,PNB_ACC_20197,127776.55,2026-01-11 04:45:36,SETTLEMENT,WIRE,IndusInd Bank,IN,0,NORMAL_BANKING_FLOW
TX_INDUS_111809,INDUS_ACC_20077,INDUS_ACC_20163,357911.1,2026-01-11 03:51:00,SETTLEMENT,WIRE,IndusInd Bank,IN,0,NORMAL_BANKING_FLOW
TX_INDUS_111810,INDUS_ACC_20249,AXIS_ACC_20215,280263.92,2026-01-10 21:23:36,SETTLEMENT,WIRE,IndusInd Bank,IN,0,NORMAL_BANKING_FLOW
TX_INDUS_111811,INDUS_ACC_20000,INDUS_ACC_20060,37358.56,2026-01-11 08:11:30,SETTLEMENT,WIRE,IndusInd Bank,IN,0,NORMAL_BANKING_FLOW
TX_INDUS_111812,INDUS_ACC_20101,INDUS_ACC_20157,21994.03,2026-01-11 06:58:25,SETTLEMENT,RTGS,IndusInd Bank,IN,0,NORMAL_BANKING_FLOW
TX_INDUS_111813,INDUS_ACC_20172,INDUS_ACC_20249,70190.94,2026-01-10 19:52:08,SETTLEMENT,WIRE,IndusInd Bank,IN,0,NORMAL_BANKING_FLOW
TX_INDUS_111814,INDUS_ACC_20079,HDFC_ACC_20236,647808.11,2026-01-10 18:38:15,SETTLEMENT,RTGS,IndusInd Bank,IN,0,NORMAL_BANKING_FLOW
TX_INDUS_111815,INDUS_ACC_20197,INDUS_ACC_20162,214211.19,2026-01-10 20:11:20,SETTLEMENT,RTGS,IndusInd Bank,IN,0,NORMAL_BANKING_FLOW
TX_INDUS_111816,INDUS_ACC_20054,INDUS_ACC_20063,229752.43,2026-01-11 02:04:45,SETTLEMENT,WIRE,IndusInd Bank,IN,0,NORMAL_BANKING_FLOW
TX_INDUS_111817,INDUS_ACC_20140,INDUS_ACC_20091,287169.62,2026-01-11 06:44:24,SETTLEMENT,RTGS,IndusInd Bank,IN,0,NORMAL_BANKING_FLOW
TX_INDUS_111818,INDUS_ACC_20184,PNB_ACC_20009,163557.5,2026-01-11 05:12:13,SETTLEMENT,RTGS,IndusInd Bank,IN,0,NORMAL_BANKING_FLOW
TX_INDUS_111819,INDUS_ACC_20096,INDUS_ACC_20154,114088.56,2026-01-11 05:50:18,SETTLEMENT,WIRE,IndusInd Bank,IN,0,NORMAL_BANKING_FLOW
TX_INDUS_111820,INDUS_ACC_20093,INDUS_ACC_20228,218549.6,2026-01-11 03:21:57,SETTLEMENT,WIRE,IndusInd Bank,IN,0,NORMAL_BANKING_FLOW
TX_INDUS_111821,INDUS_ACC_20155,ICICI_ACC_20030,51256.65,2026-01-11 03:22:40,SETTLEMENT,WIRE,IndusInd Bank,IN,0,NORMAL_BANKING_FLOW
TX_INDUS_111822,INDUS_ACC_20167,BOB_ACC_20212,18081.5,2026-01-11 01:49:58,SETTLEMENT,RTGS,IndusInd Bank,IN,0,NORMAL_BANKING_FLOW
TX_INDUS_111823,INDUS_ACC_20164,INDUS_ACC_20067,235060.06,2026-01-10 20:14:00,SETTLEMENT,RTGS,IndusInd Bank,IN,0,NORMAL_BANKING_FLOW
TX_INDUS_111824,INDUS_ACC_20009,INDUS_ACC_20125,435951.26,2026-01-11 00:17:39,SETTLEMENT,RTGS,IndusInd Bank,IN,0,NORMAL_BANKING_FLOW
TX_INDUS_111825,INDUS_ACC_20003,INDUS_ACC_20086,25799.79,2026-01-10 23:03:16,SETTLEMENT,RTGS,IndusInd Bank,IN,0,NORMAL_BANKING_FLOW
TX_INDUS_111826,INDUS_ACC_20037,INDUS_ACC_20106,264687.66,2026-01-11 02:30:00,SETTLEMENT,WIRE,IndusInd Bank,IN,0,NORMAL_BANKING_FLOW
TX_INDUS_111827,INDUS_ACC_20002,BOB_ACC_20044,741862.25,2026-01-11 07:12:10,SETTLEMENT,RTGS,IndusInd Bank,IN,0,NORMAL_BANKING_FLOW
TX_INDUS_111828,INDUS_ACC_20239,INDUS_ACC_20100,98450.05,2026-01-11 02:12:33,SETTLEMENT,WIRE,IndusInd Bank,IN,0,NORMAL_BANKING_FLOW
TX_INDUS_111829,INDUS_ACC_20057,INDUS_ACC_20025,36989.8,2026-01-11 03:28:24,SETTLEMENT,RTGS,IndusInd Bank,IN,0,NORMAL_BANKING_FLOW
TX_INDUS_111830,INDUS_ACC_20020,CANARA_ACC_20086,114419.0,2026-01-10 20:16:20,SETTLEMENT,RTGS,IndusInd Bank,IN,0,NORMAL_BANKING_FLOW
TX_INDUS_111831,INDUS_ACC_20128,CANARA_ACC_20020,50988.7,2026-01-10 23:06:10,SETTLEMENT,WIRE,IndusInd Bank,IN,0,NORMAL_BANKING_FLOW
TX_INDUS_111832,INDUS_ACC_20217,ICICI_ACC_20110,47095.08,2026-01-11 00:03:12,SETTLEMENT,RTGS,IndusInd Bank,IN,0,NORMAL_BANKING_FLOW
TX_INDUS_111833,INDUS_ACC_20056,INDUS_ACC_20097,166012.92,2026-01-11 00:22:36,SETTLEMENT,RTGS,IndusInd Bank,IN,0,NORMAL_BANKING_FLOW
TX_INDUS_111834,INDUS_ACC_20065,HDFC_ACC_20072,14407.79,2026-01-11 07:56:21,SETTLEMENT,WIRE,IndusInd Bank,IN,0,NORMAL_BANKING_FLOW
TX_INDUS_111835,INDUS_ACC_20051,BOB_ACC_20223,17453.32,2026-01-10 22:30:18,SETTLEMENT,WIRE,IndusInd Bank,IN,0,NORMAL_BANKING_FLOW
TX_INDUS_111836,INDUS_ACC_20076,ICICI_ACC_20176,101027.6,2026-01-10 19:59:25,SETTLEMENT,RTGS,IndusInd Bank,IN,0,NORMAL_BANKING_FLOW
TX_INDUS_111837,INDUS_ACC_20213,INDUS_ACC_20079,96108.18,2026-01-11 05:27:44,SETTLEMENT,WIRE,IndusInd Bank,IN,0,NORMAL_BANKING_FLOW
TX_INDUS_111838,INDUS_ACC_20072,INDUS_ACC_20066,149084.05,2026-01-10 19:41:06,SETTLEMENT,RTGS,IndusInd Bank,IN,0,NORMAL_BANKING_FLOW
TX_INDUS_111839,INDUS_ACC_20149,INDUS_ACC_20225,936842.51,2026-01-10 23:29:00,SETTLEMENT,WIRE,IndusInd Bank,IN,0,NORMAL_BANKING_FLOW
TX_INDUS_111840,INDUS_ACC_20130,CANARA_ACC_20205,111906.26,2026-01-11 01:23:24,SETTLEMENT,RTGS,IndusInd Bank,IN,0,NORMAL_BANKING_FLOW
TX_INDUS_111841,INDUS_ACC_20085,CANARA_ACC_20233,202360.61,2026-01-10 21:55:00,SETTLEMENT,WIRE,IndusInd Bank,IN,0,NORMAL_BANKING_FLOW
TX_INDUS_111842,INDUS_ACC_20150,INDUS_ACC_20047,30618.52,2026-01-11 06:09:51,SETTLEMENT,WIRE,IndusInd Bank,IN,0,NORMAL_BANKING_FLOW
TX_INDUS_111843,INDUS_ACC_20177,INDUS_ACC_20187,248084.62,2026-01-11 00:28:06,SETTLEMENT,RTGS,IndusInd Bank,IN,0,NORMAL_BANKING_FLOW
TX_INDUS_111844,INDUS_ACC_20038,INDUS_ACC_20002,52487.53,2026-01-11 07:46:48,SETTLEMENT,WIRE,IndusInd Bank,IN,0,NORMAL_BANKING_FLOW
TX_INDUS_111845,INDUS_ACC_20151,INDUS_ACC_20030,107549.34,2026-01-10 20:59:28,SETTLEMENT,RTGS,IndusInd Bank,IN,0,NORMAL_BANKING_FLOW
TX_INDUS_111846,INDUS_ACC_20214,INDUS_ACC_20134,86628.28,2026-01-10 20:59:50,SETTLEMENT,WIRE,IndusInd Bank,IN,0,NORMAL_BANKING_FLOW
TX_INDUS_111847,INDUS_ACC_20095,INDUS_ACC_20190,340976.58,2026-01-11 01:08:30,SETTLEMENT,WIRE,IndusInd Bank,IN,0,NORMAL_BANKING_FLOW
TX_INDUS_111848,INDUS_ACC_20088,INDUS_ACC_20159,20496.88,2026-01-11 07:50:32,SETTLEMENT,RTGS,IndusInd Bank,IN,0,NORMAL_BANKING_FLOW
TX_INDUS_111849,INDUS_ACC_20238,INDUS_ACC_20190,6374.84,2026-01-11 05:37:32,SETTLEMENT,RTGS,IndusInd Bank,IN,0,NORMAL_BANKING_FLOW
TX_INDUS_111850,INDUS_ACC_20217,AXIS_ACC_20145,76410.91,2026-01-11 03:24:18,SETTLEMENT,WIRE,IndusInd Bank,IN,0,NORMAL_BANKING_FLOW
TX_INDUS_111851,INDUS_ACC_20237,SBI_ACC_20008,173206.1,2026-01-11 01:30:00,SETTLEMENT,WIRE,IndusInd Bank,IN,0,NORMAL_BANKING_FLOW
TX_INDUS_111852,INDUS_ACC_20032,INDUS_ACC_20189,118506.52,2026-01-11 08:13:27,SETTLEMENT,WIRE,IndusInd Bank,IN,0,NORMAL_BANKING_FLOW
TX_INDUS_111853,INDUS_ACC_20152,INDUS_ACC_20169,433065.85,2026-01-11 01:50:24,SETTLEMENT,WIRE,IndusInd Bank,IN,0,NORMAL_BANKING_FLOW
TX_INDUS_111854,INDUS_ACC_20094,INDUS_ACC_20052,166849.45,2026-01-10 22:19:38,SETTLEMENT,WIRE,IndusInd Bank,IN,0,NORMAL_BANKING_FLOW
TX_INDUS_111855,INDUS_ACC_20124,INDUS_ACC_20055,50180.51,2026-01-11 04:06:16,SETTLEMENT,WIRE,IndusInd Bank,IN,0,NORMAL_BANKING_FLOW
TX_INDUS_111856,INDUS_ACC_20091,INDUS_ACC_20093,6060.19,2026-01-10 20:44:15,SETTLEMENT,RTGS,IndusInd Bank,IN,0,NORMAL_BANKING_FLOW
TX_INDUS_111857,INDUS_ACC_20125,HDFC_ACC_20056,74252.4,2026-01-11 05:24:48,SETTLEMENT,WIRE,IndusInd Bank,IN,0,NORMAL_BANKING_FLOW
TX_INDUS_111858,INDUS_ACC_20029,INDUS_ACC_20090,338930.65,2026-01-10 20:44:57,SETTLEMENT,WIRE,IndusInd Bank,IN,0,NORMAL_BANKING_FLOW
TX_INDUS_111859,INDUS_ACC_20170,INDUS_ACC_20142,61669.37,2026-01-10 21:04:36,SETTLEMENT,RTGS,IndusInd Bank,IN,0,NORMAL_BANKING_FLOW
TX_INDUS_111860,INDUS_ACC_20228,INDUS_ACC_20144,102128.22,2026-01-10 22:41:33,SETTLEMENT,RTGS,IndusInd Bank,IN,0,NORMAL_BANKING_FLOW
TX_INDUS_111861,INDUS_ACC_20086,INDUS_ACC_20110,163674.06,2026-01-11 07:43:20,SETTLEMENT,RTGS,IndusInd Bank,IN,0,NORMAL_BANKING_FLOW
TX_INDUS_111862,INDUS_ACC_20056,INDUS_ACC_20227,29191.98,2026-01-11 06:46:12,SETTLEMENT,RTGS,IndusInd Bank,IN,0,NORMAL_BANKING_FLOW
TX_INDUS_111863,INDUS_ACC_20117,AXIS_ACC_20082,208539.36,2026-01-11 06:08:20,SETTLEMENT,RTGS,IndusInd Bank,IN,0,NORMAL_BANKING_FLOW
TX_INDUS_111864,INDUS_ACC_20055,INDUS_ACC_20179,704008.81,2026-01-11 08:44:14,SETTLEMENT,WIRE,IndusInd Bank,IN,0,NORMAL_BANKING_FLOW
TX_INDUS_111865,INDUS_ACC_20149,INDUS_ACC_20014,80227.69,2026-01-11 08:25:48,SETTLEMENT,WIRE,IndusInd Bank,IN,0,NORMAL_BANKING_FLOW
TX_INDUS_111866,INDUS_ACC_20071,INDUS_ACC_20198,25466.59,2026-01-11 01:58:25,SETTLEMENT,WIRE,IndusInd Bank,IN,0,NORMAL_BANKING_FLOW
TX_INDUS_111867,INDUS_ACC_20040,CANARA_ACC_20054,91133.32,2026-01-10 22:25:16,SETTLEMENT,RTGS,IndusInd Bank,IN,0,NORMAL_BANKING_FLOW
TX_INDUS_111868,INDUS_ACC_20071,INDUS_ACC_20200,6841.34,2026-01-11 07:30:18,SETTLEMENT,RTGS,IndusInd Bank,IN,0,NORMAL_BANKING_FLOW
TX_INDUS_111869,INDUS_ACC_20110,INDUS_ACC_20039,147898.86,2026-01-10 22:45:36,SETTLEMENT,WIRE,IndusInd Bank,IN,0,NORMAL_BANKING_FLOW
TX_INDUS_111870,INDUS_ACC_20157,INDUS_ACC_20140,169859.9,2026-01-10 18:52:15,SETTLEMENT,WIRE,IndusInd Bank,IN,0,NORMAL_BANKING_FLOW
TX_INDUS_111871,INDUS_ACC_20169,CANARA_ACC_20142,737309.89,2026-01-11 03:19:30,SETTLEMENT,WIRE,IndusInd Bank,IN,0,NORMAL_BANKING_FLOW
TX_INDUS_111872,INDUS_ACC_20177,INDUS_ACC_20084,78214.18,2026-01-11 00:44:03,SETTLEMENT,RTGS,IndusInd Bank,IN,0,NORMAL_BANKING_FLOW
TX_INDUS_111873,INDUS_ACC_20101,INDUS_ACC_20203,161164.75,2026-01-10 20:50:12,SETTLEMENT,RTGS,IndusInd Bank,IN,0,NORMAL_BANKING_FLOW
TX_INDUS_111874,INDUS_ACC_20151,INDUS_ACC_20242,35117.48,2026-01-10 21:29:39,SETTLEMENT,RTGS,IndusInd Bank,IN,0,NORMAL_BANKING_FLOW
TX_INDUS_111875,INDUS_ACC_20098,INDUS_ACC_20152,64362.57,2026-01-11 02:03:58,SETTLEMENT,RTGS,IndusInd Bank,IN,0,NORMAL_BANKING_FLOW
TX_INDUS_111876,INDUS_ACC_20164,INDUS_ACC_20188,15831.83,2026-01-10 20:51:15,SETTLEMENT,WIRE,IndusInd Bank,IN,0,NORMAL_BANKING_FLOW
TX_INDUS_111877,INDUS_ACC_20218,BOB_ACC_20084,78139.62,2026-01-11 06:00:24,SETTLEMENT,RTGS,IndusInd Bank,IN,0,NORMAL_BANKING_FLOW
TX_INDUS_111878,INDUS_ACC_20074,INDUS_ACC_20073,68434.27,2026-01-11 06:40:27,SETTLEMENT,WIRE,IndusInd Bank,IN,0,NORMAL_BANKING_FLOW
TX_INDUS_111879,INDUS_ACC_20025,HDFC_ACC_20022,141356.41,2026-01-11 06:41:18,SETTLEMENT,RTGS,IndusInd Bank,IN,0,NORMAL_BANKING_FLOW
TX_INDUS_111880,INDUS_ACC_20163,PNB_ACC_20079,46708.61,2026-01-11 01:27:45,SETTLEMENT,RTGS,IndusInd Bank,IN,0,NORMAL_BANKING_FLOW
TX_INDUS_111881,INDUS_ACC_20191,HDFC_ACC_20132,109099.37,2026-01-10 19:14:40,SETTLEMENT,RTGS,IndusInd Bank,IN,0,NORMAL_BANKING_FLOW
TX_INDUS_111882,INDUS_ACC_20177,INDUS_ACC_20002,66167.45,2026-01-10 19:34:37,SETTLEMENT,RTGS,IndusInd Bank,IN,0,NORMAL_BANKING_FLOW
TX_INDUS_111883,INDUS_ACC_20104,INDUS_ACC_20059,66316.95,2026-01-11 09:42:00,SETTLEMENT,RTGS,IndusInd Bank,IN,0,NORMAL_BANKING_FLOW
TX_INDUS_111884,INDUS_ACC_20031,INDUS_ACC_20222,108709.54,2026-01-11 09:03:34,SETTLEMENT,RTGS,IndusInd Bank,IN,0,NORMAL_BANKING_FLOW
TX_INDUS_111885,INDUS_ACC_20168,INDUS_ACC_20210,103634.7,2026-01-10 22:13:20,SETTLEMENT,RTGS,IndusInd Bank,IN,0,NORMAL_BANKING_FLOW
TX_INDUS_111886,INDUS_ACC_20051,INDUS_ACC_20015,246079.23,2026-01-11 02:10:45,SETTLEMENT,RTGS,IndusInd Bank,IN,0,NORMAL_BANKING_FLOW
TX_INDUS_111887,INDUS_ACC_20061,BOB_ACC_20244,85410.84,2026-01-11 04:09:58,SETTLEMENT,WIRE,IndusInd Bank,IN,0,NORMAL_BANKING_FLOW
TX_INDUS_111888,INDUS_ACC_20171,INDUS_ACC_20074,64869.81,2026-01-11 04:10:41,SETTLEMENT,RTGS,IndusInd Bank,IN,0,NORMAL_BANKING_FLOW
TX_INDUS_111889,INDUS_ACC_20069,INDUS_ACC_20223,79461.75,2026-01-11 09:08:24,SETTLEMENT,RTGS,IndusInd Bank,IN,0,NORMAL_BANKING_FLOW
TX_INDUS_111890,INDUS_ACC_20118,INDUS_ACC_20201,41873.27,2026-01-10 22:55:03,SETTLEMENT,RTGS,IndusInd Bank,IN,0,NORMAL_BANKING_FLOW
TX_INDUS_111891,INDUS_ACC_20195,CANARA_ACC_20188,64094.04,2026-01-11 01:54:00,SETTLEMENT,WIRE,IndusInd Bank,IN,0,NORMAL_BANKING_FLOW
TX_INDUS_111892,INDUS_ACC_20074,INDUS_ACC_20228,1129618.42,2026-01-11 05:13:06,SETTLEMENT,RTGS,IndusInd Bank,IN,0,NORMAL_BANKING_FLOW
TX_INDUS_111893,INDUS_ACC_20210,PNB_ACC_20222,33017.25,2026-01-11 00:55:36,SETTLEMENT,WIRE,IndusInd Bank,IN,0,NORMAL_BANKING_FLOW
TX_INDUS_111894,INDUS_ACC_20024,INDUS_ACC_20052,70658.41,2026-01-10 20:57:33,SETTLEMENT,WIRE,IndusInd Bank,IN,0,NORMAL_BANKING_FLOW
TX_INDUS_111895,INDUS_ACC_20056,AXIS_ACC_20180,62007.68,2026-01-10 22:37:24,SETTLEMENT,WIRE,IndusInd Bank,IN,0,NORMAL_BANKING_FLOW
TX_INDUS_111896,INDUS_ACC_20085,INDUS_ACC_20091,73379.07,2026-01-11 03:56:30,SETTLEMENT,RTGS,IndusInd Bank,IN,0,NORMAL_BANKING_FLOW
TX_INDUS_111897,INDUS_ACC_20208,INDUS_ACC_20224,66337.65,2026-01-11 04:37:04,SETTLEMENT,WIRE,IndusInd Bank,IN,0,NORMAL_BANKING_FLOW
TX_INDUS_111898,INDUS_ACC_20014,INDUS_ACC_20233,138010.92,2026-01-10 19:59:06,SETTLEMENT,RTGS,IndusInd Bank,IN,0,NORMAL_BANKING_FLOW
TX_INDUS_111899,INDUS_ACC_20184,YES_ACC_20109,12680.11,2026-01-11 01:58:48,SETTLEMENT,RTGS,IndusInd Bank,IN,0,NORMAL_BANKING_FLOW
TX_INDUS_111900,INDUS_ACC_20147,INDUS_ACC_20091,342698.31,2026-01-10 19:39:43,SETTLEMENT,WIRE,IndusInd Bank,IN,0,NORMAL_BANKING_FLOW
TX_INDUS_111901,INDUS_ACC_20092,YES_ACC_20020,210891.56,2026-01-10 19:20:00,SETTLEMENT,WIRE,IndusInd Bank,IN,0,NORMAL_BANKING_FLOW
TX_INDUS_111902,INDUS_ACC_20157,INDUS_ACC_20088,22215.69,2026-01-10 20:00:18,SETTLEMENT,RTGS,IndusInd Bank,IN,0,NORMAL_BANKING_FLOW
TX_INDUS_111903,INDUS_ACC_20195,CANARA_ACC_20069,6484.09,2026-01-10 23:20:56,SETTLEMENT,RTGS,IndusInd Bank,IN,0,NORMAL_BANKING_FLOW
TX_INDUS_111904,INDUS_ACC_20066,INDUS_ACC_20173,30562.02,2026-01-10 21:01:03,SETTLEMENT,WIRE,IndusInd Bank,IN,0,NORMAL_BANKING_FLOW
TX_INDUS_111905,INDUS_ACC_20192,AXIS_ACC_20145,73776.85,2026-01-11 00:42:08,SETTLEMENT,RTGS,IndusInd Bank,IN,0,NORMAL_BANKING_FLOW
TX_INDUS_111906,INDUS_ACC_20131,PNB_ACC_20149,2183304.86,2026-01-11 04:03:30,SETTLEMENT,WIRE,IndusInd Bank,IN,0,NORMAL_BANKING_FLOW
TX_INDUS_111907,INDUS_ACC_20001,BOB_ACC_20168,189455.29,2026-01-11 03:03:54,SETTLEMENT,RTGS,IndusInd Bank,IN,0,NORMAL_BANKING_FLOW
TX_INDUS_111908,INDUS_ACC_20230,INDUS_ACC_20027,11281.19,2026-01-11 09:26:46,SETTLEMENT,RTGS,IndusInd Bank,IN,0,NORMAL_BANKING_FLOW
TX_INDUS_111909,INDUS_ACC_20135,HDFC_ACC_20151,43148.95,2026-01-11 03:05:12,SETTLEMENT,WIRE,IndusInd Bank,IN,0,NORMAL_BANKING_FLOW
TX_INDUS_111910,INDUS_ACC_20148,INDUS_ACC_20037,92609.32,2026-01-10 23:24:12,SETTLEMENT,WIRE,IndusInd Bank,IN,0,NORMAL_BANKING_FLOW
TX_INDUS_111911,INDUS_ACC_20024,INDUS_ACC_20148,133842.67,2026-01-11 05:07:30,SETTLEMENT,RTGS,IndusInd Bank,IN,0,NORMAL_BANKING_FLOW
TX_INDUS_111912,INDUS_ACC_20219,INDUS_ACC_20156,20379.84,2026-01-10 23:45:19,SETTLEMENT,WIRE,IndusInd Bank,IN,0,NORMAL_BANKING_FLOW
TX_INDUS_111913,INDUS_ACC_20154,INDUS_ACC_20105,83952.94,2026-01-11 06:29:48,SETTLEMENT,RTGS,IndusInd Bank,IN,0,NORMAL_BANKING_FLOW
TX_INDUS_111914,INDUS_ACC_20217,INDUS_ACC_20018,41724.05,2026-01-11 02:07:48,SETTLEMENT,RTGS,IndusInd Bank,IN,0,NORMAL_BANKING_FLOW
TX_INDUS_111915,INDUS_ACC_20116,INDUS_ACC_20002,26251.8,2026-01-11 04:50:16,SETTLEMENT,WIRE,IndusInd Bank,IN,0,NORMAL_BANKING_FLOW
TX_INDUS_111916,INDUS_ACC_20247,INDUS_ACC_20182,134795.59,2026-01-10 21:05:15,SETTLEMENT,WIRE,IndusInd Bank,IN,0,NORMAL_BANKING_FLOW
TX_INDUS_111917,INDUS_ACC_20081,ICICI_ACC_20105,249859.14,2026-01-11 04:31:28,SETTLEMENT,WIRE,IndusInd Bank,IN,0,NORMAL_BANKING_FLOW
TX_INDUS_111918,INDUS_ACC_20200,INDUS_ACC_20032,270830.8,2026-01-10 21:46:31,SETTLEMENT,RTGS,IndusInd Bank,IN,0,NORMAL_BANKING_FLOW
TX_INDUS_111919,INDUS_ACC_20057,INDUS_ACC_20027,196666.29,2026-01-11 09:37:24,SETTLEMENT,WIRE,IndusInd Bank,IN,0,NORMAL_BANKING_FLOW
TX_INDUS_111920,INDUS_ACC_20086,HDFC_ACC_20124,54347.64,2026-01-11 03:32:40,SETTLEMENT,WIRE,IndusInd Bank,IN,0,NORMAL_BANKING_FLOW
TX_INDUS_111921,INDUS_ACC_20052,INDUS_ACC_20158,232689.38,2026-01-11 05:35:20,SETTLEMENT,RTGS,IndusInd Bank,IN,0,NORMAL_BANKING_FLOW
TX_INDUS_111922,INDUS_ACC_20145,INDUS_ACC_20061,143037.96,2026-01-11 04:55:24,SETTLEMENT,WIRE,IndusInd Bank,IN,0,NORMAL_BANKING_FLOW
TX_INDUS_111923,INDUS_ACC_20248,CANARA_ACC_20173,115928.66,2026-01-11 01:52:50,SETTLEMENT,RTGS,IndusInd Bank,IN,0,NORMAL_BANKING_FLOW
TX_INDUS_111924,INDUS_ACC_20200,PNB_ACC_20157,47380.61,2026-01-11 04:16:06,SETTLEMENT,WIRE,IndusInd Bank,IN,0,NORMAL_BANKING_FLOW
TX_INDUS_111925,INDUS_ACC_20108,INDUS_ACC_20016,54379.83,2026-01-11 00:12:00,SETTLEMENT,WIRE,IndusInd Bank,IN,0,NORMAL_BANKING_FLOW
TX_INDUS_111926,INDUS_ACC_20224,INDUS_ACC_20111,107868.08,2026-01-10 20:48:20,SETTLEMENT,WIRE,IndusInd Bank,IN,0,NORMAL_BANKING_FLOW
TX_INDUS_111927,INDUS_ACC_20086,INDUS_ACC_20054,1844740.84,2026-01-11 04:18:12,SETTLEMENT,WIRE,IndusInd Bank,IN,0,NORMAL_BANKING_FLOW
TX_INDUS_111928,INDUS_ACC_20043,INDUS_ACC_20197,141703.34,2026-01-11 08:03:51,SETTLEMENT,RTGS,IndusInd Bank,IN,0,NORMAL_BANKING_FLOW
TX_INDUS_111929,INDUS_ACC_20177,INDUS_ACC_20044,47409.31,2026-01-11 02:16:48,SETTLEMENT,RTGS,IndusInd Bank,IN,0,NORMAL_BANKING_FLOW
TX_INDUS_111930,INDUS_ACC_20188,AXIS_ACC_20073,36356.66,2026-01-11 06:43:41,SETTLEMENT,RTGS,IndusInd Bank,IN,0,NORMAL_BANKING_FLOW
TX_INDUS_111931,INDUS_ACC_20085,INDUS_ACC_20051,54714.28,2026-01-10 21:31:00,SETTLEMENT,RTGS,IndusInd Bank,IN,0,NORMAL_BANKING_FLOW
TX_INDUS_111932,INDUS_ACC_20182,INDUS_ACC_20151,1346140.46,2026-01-11 01:17:03,SETTLEMENT,RTGS,IndusInd Bank,IN,0,NORMAL_BANKING_FLOW
TX_INDUS_111933,INDUS_ACC_20246,INDUS_ACC_20083,61138.19,2026-01-11 04:01:52,SETTLEMENT,WIRE,IndusInd Bank,IN,0,NORMAL_BANKING_FLOW
TX_INDUS_111934,INDUS_ACC_20190,INDUS_ACC_20179,293092.82,2026-01-11 04:43:39,SETTLEMENT,RTGS,IndusInd Bank,IN,0,NORMAL_BANKING_FLOW
TX_INDUS_111935,INDUS_ACC_20064,INDUS_ACC_20029,62873.88,2026-01-11 01:59:50,SETTLEMENT,RTGS,IndusInd Bank,IN,0,NORMAL_BANKING_FLOW
TX_INDUS_111936,INDUS_ACC_20218,AXIS_ACC_20157,135052.85,2026-01-11 06:07:25,SETTLEMENT,WIRE,IndusInd Bank,IN,0,NORMAL_BANKING_FLOW
TX_INDUS_111937,INDUS_ACC_20027,PNB_ACC_20231,255274.4,2026-01-11 07:10:00,SETTLEMENT,WIRE,IndusInd Bank,IN,0,NORMAL_BANKING_FLOW
TX_INDUS_111938,INDUS_ACC_20240,INDUS_ACC_20120,49697.83,2026-01-11 02:01:35,SETTLEMENT,WIRE,IndusInd Bank,IN,0,NORMAL_BANKING_FLOW
TX_INDUS_111939,INDUS_ACC_20230,SBI_ACC_20055,45737.14,2026-01-11 01:00:16,SETTLEMENT,WIRE,IndusInd Bank,IN,0,NORMAL_BANKING_FLOW
TX_INDUS_111940,INDUS_ACC_20053,INDUS_ACC_20171,722623.51,2026-01-10 20:32:21,SETTLEMENT,RTGS,IndusInd Bank,IN,0,NORMAL_BANKING_FLOW
TX_INDUS_111941,INDUS_ACC_20139,YES_ACC_20082,321744.0,2026-01-11 03:26:00,SETTLEMENT,RTGS,IndusInd Bank,IN,0,NORMAL_BANKING_FLOW
TX_INDUS_111942,INDUS_ACC_20144,AXIS_ACC_20139,254945.94,2026-01-11 10:20:19,SETTLEMENT,RTGS,IndusInd Bank,IN,0,NORMAL_BANKING_FLOW
TX_INDUS_111943,INDUS_ACC_20075,INDUS_ACC_20126,253909.09,2026-01-11 05:52:12,SETTLEMENT,WIRE,IndusInd Bank,IN,0,NORMAL_BANKING_FLOW
TX_INDUS_111944,INDUS_ACC_20022,INDUS_ACC_20191,171354.64,2026-01-10 20:54:20,SETTLEMENT,RTGS,IndusInd Bank,IN,0,NORMAL_BANKING_FLOW
TX_INDUS_111945,INDUS_ACC_20132,AXIS_ACC_20067,1111622.23,2026-01-11 00:22:00,SETTLEMENT,WIRE,IndusInd Bank,IN,0,NORMAL_BANKING_FLOW
TX_INDUS_111946,INDUS_ACC_20094,ICICI_ACC_20156,104056.57,2026-01-10 20:55:00,SETTLEMENT,RTGS,IndusInd Bank,IN,0,NORMAL_BANKING_FLOW
TX_INDUS_111947,INDUS_ACC_20107,PNB_ACC_20107,197346.2,2026-01-11 08:41:24,SETTLEMENT,WIRE,IndusInd Bank,IN,0,NORMAL_BANKING_FLOW
TX_INDUS_111948,INDUS_ACC_20197,INDUS_ACC_20107,17307.66,2026-01-10 22:39:35,SETTLEMENT,WIRE,IndusInd Bank,IN,0,NORMAL_BANKING_FLOW
TX_INDUS_111949,INDUS_ACC_20221,INDUS_ACC_20155,36682.21,2026-01-11 05:56:48,SETTLEMENT,WIRE,IndusInd Bank,IN,0,NORMAL_BANKING_FLOW
TX_INDUS_111950,INDUS_ACC_20096,INDUS_ACC_20175,23365.53,2026-01-11 00:03:41,SETTLEMENT,RTGS,IndusInd Bank,IN,0,NORMAL_BANKING_FLOW
TX_INDUS_111951,INDUS_ACC_20079,SBI_ACC_20220,455374.89,2026-01-11 05:58:20,SETTLEMENT,RTGS,IndusInd Bank,IN,0,NORMAL_BANKING_FLOW
TX_INDUS_111952,INDUS_ACC_20051,INDUS_ACC_20231,4614.47,2026-01-11 10:09:18,SETTLEMENT,WIRE,IndusInd Bank,IN,0,NORMAL_BANKING_FLOW
TX_INDUS_111953,INDUS_ACC_20195,INDUS_ACC_20047,60914.59,2026-01-10 21:39:04,SETTLEMENT,WIRE,IndusInd Bank,IN,0,NORMAL_BANKING_FLOW
TX_INDUS_111954,INDUS_ACC_20003,INDUS_ACC_20235,2717.73,2026-01-11 10:53:00,SETTLEMENT,RTGS,IndusInd Bank,IN,0,NORMAL_BANKING_FLOW
TX_INDUS_111955,INDUS_ACC_20188,INDUS_ACC_20189,36404.75,2026-01-11 01:08:48,SETTLEMENT,RTGS,IndusInd Bank,IN,0,NORMAL_BANKING_FLOW
TX_INDUS_111956,INDUS_ACC_20188,INDUS_ACC_20236,54767.99,2026-01-11 06:23:05,SETTLEMENT,RTGS,IndusInd Bank,IN,0,NORMAL_BANKING_FLOW
TX_INDUS_111957,INDUS_ACC_20186,SBI_ACC_20054,520135.85,2026-01-11 06:02:56,SETTLEMENT,RTGS,IndusInd Bank,IN,0,NORMAL_BANKING_FLOW
TX_INDUS_111958,INDUS_ACC_20111,INDUS_ACC_20072,158887.79,2026-01-10 20:59:00,SETTLEMENT,WIRE,IndusInd Bank,IN,0,NORMAL_BANKING_FLOW
TX_INDUS_111959,INDUS_ACC_20024,BOB_ACC_20238,36323.86,2026-01-11 04:40:36,SETTLEMENT,WIRE,IndusInd Bank,IN,0,NORMAL_BANKING_FLOW
TX_INDUS_111960,INDUS_ACC_20202,INDUS_ACC_20183,354745.7,2026-01-11 01:11:28,SETTLEMENT,RTGS,IndusInd Bank,IN,0,NORMAL_BANKING_FLOW
TX_INDUS_111961,INDUS_ACC_20134,INDUS_ACC_20077,100850.92,2026-01-11 09:36:00,SETTLEMENT,WIRE,IndusInd Bank,IN,0,NORMAL_BANKING_FLOW
TX_INDUS_111962,INDUS_ACC_20160,CANARA_ACC_20158,103267.73,2026-01-11 02:57:37,SETTLEMENT,WIRE,IndusInd Bank,IN,0,NORMAL_BANKING_FLOW
TX_INDUS_111963,INDUS_ACC_20148,INDUS_ACC_20025,23313.65,2026-01-11 02:58:14,SETTLEMENT,RTGS,IndusInd Bank,IN,0,NORMAL_BANKING_FLOW
TX_INDUS_111964,INDUS_ACC_20022,INDUS_ACC_20247,30091.06,2026-01-11 01:34:39,SETTLEMENT,WIRE,IndusInd Bank,IN,0,NORMAL_BANKING_FLOW
TX_INDUS_111965,INDUS_ACC_20106,INDUS_ACC_20223,36676.2,2026-01-11 08:36:32,SETTLEMENT,WIRE,IndusInd Bank,IN,0,NORMAL_BANKING_FLOW
TX_INDUS_111966,INDUS_ACC_20096,INDUS_ACC_20233,104375.84,2026-01-11 08:58:30,SETTLEMENT,RTGS,IndusInd Bank,IN,0,NORMAL_BANKING_FLOW
TX_INDUS_111967,INDUS_ACC_20163,PNB_ACC_20024,108386.94,2026-01-10 23:08:36,SETTLEMENT,WIRE,IndusInd Bank,IN,0,NORMAL_BANKING_FLOW
TX_INDUS_111968,INDUS_ACC_20166,AXIS_ACC_20242,629644.84,2026-01-10 19:37:52,SETTLEMENT,WIRE,IndusInd Bank,IN,0,NORMAL_BANKING_FLOW
TX_INDUS_111969,INDUS_ACC_20171,INDUS_ACC_20101,156696.52,2026-01-10 22:06:04,SETTLEMENT,WIRE,IndusInd Bank,IN,0,NORMAL_BANKING_FLOW
TX_INDUS_111970,INDUS_ACC_20108,INDUS_ACC_20170,3831.15,2026-01-11 04:06:00,SETTLEMENT,WIRE,IndusInd Bank,IN,0,NORMAL_BANKING_FLOW
TX_INDUS_111971,INDUS_ACC_20077,INDUS_ACC_20005,135289.25,2026-01-11 08:41:50,SETTLEMENT,WIRE,IndusInd Bank,IN,0,NORMAL_BANKING_FLOW
TX_INDUS_111972,INDUS_ACC_20098,PNB_ACC_20015,17326.29,2026-01-11 00:14:19,SETTLEMENT,RTGS,IndusInd Bank,IN,0,NORMAL_BANKING_FLOW
TX_INDUS_111973,INDUS_ACC_20012,ICICI_ACC_20066,30971.88,2026-01-11 09:47:12,SETTLEMENT,RTGS,IndusInd Bank,IN,0,NORMAL_BANKING_FLOW
TX_INDUS_111974,INDUS_ACC_20193,INDUS_ACC_20187,37249.61,2026-01-10 21:25:33,SETTLEMENT,RTGS,IndusInd Bank,IN,0,NORMAL_BANKING_FLOW
TX_INDUS_111975,INDUS_ACC_20095,AXIS_ACC_20055,44533.37,2026-01-11 05:13:02,SETTLEMENT,WIRE,IndusInd Bank,IN,0,NORMAL_BANKING_FLOW
TX_INDUS_111976,INDUS_ACC_20144,INDUS_ACC_20095,18954.96,2026-01-11 02:45:00,SETTLEMENT,RTGS,IndusInd Bank,IN,0,NORMAL_BANKING_FLOW
TX_INDUS_111977,INDUS_ACC_20063,YES_ACC_20220,126017.79,2026-01-11 05:57:00,SETTLEMENT,RTGS,IndusInd Bank,IN,0,NORMAL_BANKING_FLOW
TX_INDUS_111978,INDUS_ACC_20007,INDUS_ACC_20202,18161.1,2026-01-11 10:55:43,SETTLEMENT,RTGS,IndusInd Bank,IN,0,NORMAL_BANKING_FLOW
TX_INDUS_111979,INDUS_ACC_20042,CANARA_ACC_20013,151448.53,2026-01-11 09:31:30,SETTLEMENT,WIRE,IndusInd Bank,IN,0,NORMAL_BANKING_FLOW
TX_INDUS_111980,INDUS_ACC_20052,INDUS_ACC_20109,1446077.52,2026-01-11 02:04:46,SETTLEMENT,WIRE,IndusInd Bank,IN,0,NORMAL_BANKING_FLOW
TX_INDUS_111981,INDUS_ACC_20017,INDUS_ACC_20193,20025.65,2026-01-11 07:25:20,SETTLEMENT,RTGS,IndusInd Bank,IN,0,NORMAL_BANKING_FLOW
TX_INDUS_111982,INDUS_ACC_20125,INDUS_ACC_20029,70163.79,2026-01-11 08:08:51,SETTLEMENT,RTGS,IndusInd Bank,IN,0,NORMAL_BANKING_FLOW
TX_INDUS_111983,INDUS_ACC_20050,INDUS_ACC_20162,4778.35,2026-01-11 09:35:10,SETTLEMENT,WIRE,IndusInd Bank,IN,0,NORMAL_BANKING_FLOW
TX_INDUS_111984,INDUS_ACC_20017,AXIS_ACC_20217,68794.4,2026-01-11 02:28:25,SETTLEMENT,RTGS,IndusInd Bank,IN,0,NORMAL_BANKING_FLOW
TX_INDUS_111985,INDUS_ACC_20050,BOB_ACC_20160,213471.92,2026-01-10 21:50:48,SETTLEMENT,RTGS,IndusInd Bank,IN,0,NORMAL_BANKING_FLOW
TX_INDUS_111986,INDUS_ACC_20077,INDUS_ACC_20214,234395.95,2026-01-10 23:38:15,SETTLEMENT,WIRE,IndusInd Bank,IN,0,NORMAL_BANKING_FLOW
TX_INDUS_111987,INDUS_ACC_20150,PNB_ACC_20062,108319.07,2026-01-11 10:00:16,SETTLEMENT,WIRE,IndusInd Bank,IN,0,NORMAL_BANKING_FLOW
TX_INDUS_111988,INDUS_ACC_20233,INDUS_ACC_20133,286965.16,2026-01-10 20:47:33,SETTLEMENT,RTGS,IndusInd Bank,IN,0,NORMAL_BANKING_FLOW
TX_INDUS_111989,INDUS_ACC_20010,INDUS_ACC_20249,2095421.83,2026-01-11 02:52:48,SETTLEMENT,WIRE,IndusInd Bank,IN,0,NORMAL_BANKING_FLOW
TX_INDUS_111990,INDUS_ACC_20071,INDUS_ACC_20174,770477.42,2026-01-10 19:43:44,SETTLEMENT,WIRE,IndusInd Bank,IN,0,NORMAL_BANKING_FLOW
TX_INDUS_111991,INDUS_ACC_20103,ICICI_ACC_20226,52731.85,2026-01-11 05:24:30,SETTLEMENT,RTGS,IndusInd Bank,IN,0,NORMAL_BANKING_FLOW
TX_INDUS_111992,INDUS_ACC_20185,INDUS_ACC_20019,17303.69,2026-01-11 00:45:30,SETTLEMENT,WIRE,IndusInd Bank,IN,0,NORMAL_BANKING_FLOW
TX_INDUS_111993,INDUS_ACC_20162,INDUS_ACC_20016,60634.44,2026-01-11 00:02:56,SETTLEMENT,RTGS,IndusInd Bank,IN,0,NORMAL_BANKING_FLOW
TX_INDUS_111994,INDUS_ACC_20112,INDUS_ACC_20132,31685.7,2026-01-11 01:51:09,SETTLEMENT,WIRE,IndusInd Bank,IN,0,NORMAL_BANKING_FLOW
TX_INDUS_111995,INDUS_ACC_20223,ICICI_ACC_20216,169671.09,2026-01-11 08:19:54,SETTLEMENT,WIRE,IndusInd Bank,IN,0,NORMAL_BANKING_FLOW
TX_INDUS_111996,INDUS_ACC_20200,KOTAK_ACC_20186,23922.33,2026-01-10 20:50:05,SETTLEMENT,WIRE,IndusInd Bank,IN,0,NORMAL_BANKING_FLOW
TX_INDUS_111997,INDUS_ACC_20164,INDUS_ACC_20025,90455.48,2026-01-10 22:38:24,SETTLEMENT,WIRE,IndusInd Bank,IN,0,NORMAL_BANKING_FLOW
TX_INDUS_111998,INDUS_ACC_20126,INDUS_ACC_20229,269848.74,2026-01-10 20:07:29,SETTLEMENT,WIRE,IndusInd Bank,IN,0,NORMAL_BANKING_FLOW
TX_INDUS_111999,INDUS_ACC_20034,INDUS_ACC_20088,87479.95,2026-01-11 01:32:16,SETTLEMENT,WIRE,IndusInd Bank,IN,0,NORMAL_BANKING_FLOW
TX_INDUS_112000,INDUS_ACC_20196,INDUS_ACC_20005,31711.14,2026-01-10 21:13:00,SETTLEMENT,WIRE,IndusInd Bank,IN,0,NORMAL_BANKING_FLOW
TX_INDUS_112001,INDUS_ACC_20107,INDUS_ACC_20057,404245.19,2026-01-11 06:36:40,SETTLEMENT,WIRE,IndusInd Bank,IN,0,NORMAL_BANKING_FLOW
TX_INDUS_112002,INDUS_ACC_20015,INDUS_ACC_20187,10354.98,2026-01-10 22:40:24,SETTLEMENT,RTGS,IndusInd Bank,IN,0,NORMAL_BANKING_FLOW
TX_INDUS_112003,INDUS_ACC_20209,INDUS_ACC_20231,66612.39,2026-01-11 01:34:24,SETTLEMENT,WIRE,IndusInd Bank,IN,0,NORMAL_BANKING_FLOW
TX_INDUS_112004,INDUS_ACC_20249,INDUS_ACC_20023,93902.09,2026-01-11 04:50:23,SETTLEMENT,WIRE,IndusInd Bank,IN,0,NORMAL_BANKING_FLOW
TX_INDUS_112005,INDUS_ACC_20043,INDUS_ACC_20071,100618.4,2026-01-11 09:33:36,SETTLEMENT,RTGS,IndusInd Bank,IN,0,NORMAL_BANKING_FLOW
TX_INDUS_112006,INDUS_ACC_20108,INDUS_ACC_20177,122589.33,2026-01-11 03:24:45,SETTLEMENT,RTGS,IndusInd Bank,IN,0,NORMAL_BANKING_FLOW
TX_INDUS_112007,INDUS_ACC_20110,YES_ACC_20041,205361.64,2026-01-11 07:46:34,SETTLEMENT,WIRE,IndusInd Bank,IN,0,NORMAL_BANKING_FLOW
TX_INDUS_112008,INDUS_ACC_20095,INDUS_ACC_20115,94609.3,2026-01-11 00:09:56,SETTLEMENT,RTGS,IndusInd Bank,IN,0,NORMAL_BANKING_FLOW
TX_INDUS_112009,INDUS_ACC_20226,HDFC_ACC_20045,63470.47,2026-01-11 05:59:12,SETTLEMENT,RTGS,IndusInd Bank,IN,0,NORMAL_BANKING_FLOW
TX_INDUS_112010,INDUS_ACC_20146,HDFC_ACC_20126,60529.9,2026-01-10 20:54:31,SETTLEMENT,WIRE,IndusInd Bank,IN,0,NORMAL_BANKING_FLOW
TX_INDUS_112011,INDUS_ACC_20122,INDUS_ACC_20221,47390.69,2026-01-11 04:11:30,SETTLEMENT,WIRE,IndusInd Bank,IN,0,NORMAL_BANKING_FLOW
TX_INDUS_112012,INDUS_ACC_20000,INDUS_ACC_20166,253990.46,2026-01-11 06:45:06,SETTLEMENT,WIRE,IndusInd Bank,IN,0,NORMAL_BANKING_FLOW
TX_INDUS_112013,INDUS_ACC_20108,KOTAK_ACC_20078,45440.81,2026-01-11 05:40:16,SETTLEMENT,WIRE,IndusInd Bank,IN,0,NORMAL_BANKING_FLOW
TX_INDUS_112014,INDUS_ACC_20129,KOTAK_ACC_20242,272699.39,2026-01-11 03:07:48,SETTLEMENT,RTGS,IndusInd Bank,IN,0,NORMAL_BANKING_FLOW
TX_INDUS_112015,INDUS_ACC_20248,INDUS_ACC_20155,100992.23,2026-01-10 23:51:18,SETTLEMENT,RTGS,IndusInd Bank,IN,0,NORMAL_BANKING_FLOW
TX_INDUS_112016,INDUS_ACC_20163,YES_ACC_20200,52812.03,2026-01-11 07:53:55,SETTLEMENT,RTGS,IndusInd Bank,IN,0,NORMAL_BANKING_FLOW
TX_INDUS_112017,INDUS_ACC_20243,INDUS_ACC_20144,207334.49,2026-01-11 02:03:48,SETTLEMENT,RTGS,IndusInd Bank,IN,0,NORMAL_BANKING_FLOW
TX_INDUS_112018,INDUS_ACC_20022,INDUS_ACC_20219,41235.52,2026-01-11 02:26:18,SETTLEMENT,WIRE,IndusInd Bank,IN,0,NORMAL_BANKING_FLOW
TX_INDUS_112019,INDUS_ACC_20165,KOTAK_ACC_20153,212313.84,2026-01-11 07:56:22,SETTLEMENT,RTGS,IndusInd Bank,IN,0,NORMAL_BANKING_FLOW
TX_INDUS_112020,INDUS_ACC_20178,INDUS_ACC_20182,127423.48,2026-01-11 10:31:04,SETTLEMENT,WIRE,IndusInd Bank,IN,0,NORMAL_BANKING_FLOW
TX_INDUS_112021,INDUS_ACC_20001,INDUS_ACC_20149,48262.51,2026-01-10 23:54:00,SETTLEMENT,WIRE,IndusInd Bank,IN,0,NORMAL_BANKING_FLOW
TX_INDUS_112022,INDUS_ACC_20141,YES_ACC_20128,186160.0,2026-01-10 22:48:24,SETTLEMENT,RTGS,IndusInd Bank,IN,0,NORMAL_BANKING_FLOW
TX_INDUS_112023,INDUS_ACC_20175,INDUS_ACC_20093,190214.5,2026-01-11 06:31:30,SETTLEMENT,RTGS,IndusInd Bank,IN,0,NORMAL_BANKING_FLOW
TX_INDUS_112024,INDUS_ACC_20188,BOB_ACC_20094,395942.2,2026-01-11 03:57:54,SETTLEMENT,WIRE,IndusInd Bank,IN,0,NORMAL_BANKING_FLOW
TX_INDUS_112025,INDUS_ACC_20180,INDUS_ACC_20098,314700.42,2026-01-11 02:08:12,SETTLEMENT,RTGS,IndusInd Bank,IN,0,NORMAL_BANKING_FLOW
TX_INDUS_112026,INDUS_ACC_20148,INDUS_ACC_20192,177998.22,2026-01-11 02:52:55,SETTLEMENT,RTGS,IndusInd Bank,IN,0,NORMAL_BANKING_FLOW
TX_INDUS_112027,INDUS_ACC_20004,HDFC_ACC_20056,25511.66,2026-01-11 05:06:06,SETTLEMENT,RTGS,IndusInd Bank,IN,0,NORMAL_BANKING_FLOW
TX_INDUS_112028,INDUS_ACC_20088,PNB_ACC_20004,1864128.83,2026-01-10 22:28:41,SETTLEMENT,RTGS,IndusInd Bank,IN,0,NORMAL_BANKING_FLOW
TX_INDUS_112029,INDUS_ACC_20041,INDUS_ACC_20079,18318.39,2026-01-11 01:26:08,SETTLEMENT,RTGS,IndusInd Bank,IN,0,NORMAL_BANKING_FLOW
TX_INDUS_112030,INDUS_ACC_20095,SBI_ACC_20146,308388.56,2026-01-11 01:04:30,SETTLEMENT,WIRE,IndusInd Bank,IN,0,NORMAL_BANKING_FLOW
TX_INDUS_112031,INDUS_ACC_20080,INDUS_ACC_20190,165634.79,2026-01-11 01:49:20,SETTLEMENT,WIRE,IndusInd Bank,IN,0,NORMAL_BANKING_FLOW
TX_INDUS_112032,INDUS_ACC_20059,INDUS_ACC_20198,24125.61,2026-01-11 10:42:16,SETTLEMENT,WIRE,IndusInd Bank,IN,0,NORMAL_BANKING_FLOW
TX_INDUS_112033,INDUS_ACC_20245,INDUS_ACC_20045,85036.76,2026-01-11 08:52:12,SETTLEMENT,RTGS,IndusInd Bank,IN,0,NORMAL_BANKING_FLOW
TX_INDUS_112034,INDUS_ACC_20064,INDUS_ACC_20110,89814.04,2026-01-10 22:53:12,SETTLEMENT,WIRE,IndusInd Bank,IN,0,NORMAL_BANKING_FLOW
TX_INDUS_112035,INDUS_ACC_20142,INDUS_ACC_20175,472928.39,2026-01-10 19:33:30,SETTLEMENT,RTGS,IndusInd Bank,IN,0,NORMAL_BANKING_FLOW
TX_INDUS_112036,INDUS_ACC_20246,INDUS_ACC_20012,41941.33,2026-01-11 07:25:45,SETTLEMENT,RTGS,IndusInd Bank,IN,0,NORMAL_BANKING_FLOW
TX_INDUS_112037,INDUS_ACC_20134,BOB_ACC_20173,72089.67,2026-01-10 22:54:24,SETTLEMENT,RTGS,IndusInd Bank,IN,0,NORMAL_BANKING_FLOW
TX_INDUS_112038,INDUS_ACC_20161,INDUS_ACC_20150,5983.23,2026-01-11 05:35:54,SETTLEMENT,RTGS,IndusInd Bank,IN,0,NORMAL_BANKING_FLOW
TX_INDUS_112039,INDUS_ACC_20214,INDUS_ACC_20122,791523.9,2026-01-11 01:09:00,SETTLEMENT,WIRE,IndusInd Bank,IN,0,NORMAL_BANKING_FLOW
TX_INDUS_112040,INDUS_ACC_20223,AXIS_ACC_20193,27321.74,2026-01-11 09:42:47,SETTLEMENT,RTGS,IndusInd Bank,IN,0,NORMAL_BANKING_FLOW
TX_INDUS_112041,INDUS_ACC_20062,INDUS_ACC_20186,146136.01,2026-01-11 10:06:00,SETTLEMENT,WIRE,IndusInd Bank,IN,0,NORMAL_BANKING_FLOW
TX_INDUS_112042,INDUS_ACC_20209,INDUS_ACC_20131,87405.25,2026-01-11 00:03:27,SETTLEMENT,WIRE,IndusInd Bank,IN,0,NORMAL_BANKING_FLOW
TX_INDUS_112043,INDUS_ACC_20203,INDUS_ACC_20148,87763.31,2026-01-11 00:26:16,SETTLEMENT,WIRE,IndusInd Bank,IN,0,NORMAL_BANKING_FLOW
TX_INDUS_112044,INDUS_ACC_20131,INDUS_ACC_20114,260884.84,2026-01-11 07:54:24,SETTLEMENT,RTGS,IndusInd Bank,IN,0,NORMAL_BANKING_FLOW
TX_INDUS_112045,INDUS_ACC_20184,INDUS_ACC_20137,733450.18,2026-01-11 00:27:12,SETTLEMENT,WIRE,IndusInd Bank,IN,0,NORMAL_BANKING_FLOW
TX_INDUS_112046,INDUS_ACC_20096,INDUS_ACC_20191,133491.41,2026-01-10 21:50:45,SETTLEMENT,WIRE,IndusInd Bank,IN,0,NORMAL_BANKING_FLOW
TX_INDUS_112047,INDUS_ACC_20009,INDUS_ACC_20212,216661.96,2026-01-10 22:58:24,SETTLEMENT,RTGS,IndusInd Bank,IN,0,NORMAL_BANKING_FLOW
TX_INDUS_112048,INDUS_ACC_20181,INDUS_ACC_20060,146483.76,2026-01-11 10:34:45,SETTLEMENT,WIRE,IndusInd Bank,IN,0,NORMAL_BANKING_FLOW
TX_INDUS_112049,INDUS_ACC_20125,INDUS_ACC_20162,334716.01,2026-01-11 06:51:00,SETTLEMENT,WIRE,IndusInd Bank,IN,0,NORMAL_BANKING_FLOW
TX_INDUS_112050,INDUS_ACC_20148,INDUS_ACC_20006,56641.68,2026-01-11 04:14:22,SETTLEMENT,RTGS,IndusInd Bank,IN,0,NORMAL_BANKING_FLOW
TX_INDUS_112051,INDUS_ACC_20065,YES_ACC_20007,358781.43,2026-01-11 04:37:30,SETTLEMENT,WIRE,IndusInd Bank,IN,0,NORMAL_BANKING_FLOW
TX_INDUS_112052,INDUS_ACC_20053,ICICI_ACC_20152,374220.26,2026-01-11 11:23:27,SETTLEMENT,RTGS,IndusInd Bank,IN,0,NORMAL_BANKING_FLOW
TX_INDUS_112053,INDUS_ACC_20014,INDUS_ACC_20119,361871.48,2026-01-11 10:16:48,SETTLEMENT,WIRE,IndusInd Bank,IN,0,NORMAL_BANKING_FLOW
TX_INDUS_112054,INDUS_ACC_20039,INDUS_ACC_20162,44704.19,2026-01-10 23:01:12,SETTLEMENT,WIRE,IndusInd Bank,IN,0,NORMAL_BANKING_FLOW
TX_INDUS_112055,INDUS_ACC_20022,CANARA_ACC_20103,80659.74,2026-01-11 05:47:48,SETTLEMENT,RTGS,IndusInd Bank,IN,0,NORMAL_BANKING_FLOW
TX_INDUS_112056,INDUS_ACC_20113,BOB_ACC_20218,131578.69,2026-01-11 06:11:05,SETTLEMENT,RTGS,IndusInd Bank,IN,0,NORMAL_BANKING_FLOW
TX_INDUS_112057,INDUS_ACC_20171,CANARA_ACC_20019,19053.18,2026-01-11 05:26:36,SETTLEMENT,WIRE,IndusInd Bank,IN,0,NORMAL_BANKING_FLOW
TX_INDUS_112058,INDUS_ACC_20155,INDUS_ACC_20167,669244.17,2026-01-11 08:28:13,SETTLEMENT,WIRE,IndusInd Bank,IN,0,NORMAL_BANKING_FLOW
TX_INDUS_112059,INDUS_ACC_20232,INDUS_ACC_20244,97272.17,2026-01-11 09:14:18,SETTLEMENT,RTGS,IndusInd Bank,IN,0,NORMAL_BANKING_FLOW
TX_INDUS_112060,INDUS_ACC_20058,INDUS_ACC_20093,138789.47,2026-01-11 09:15:09,SETTLEMENT,WIRE,IndusInd Bank,IN,0,NORMAL_BANKING_FLOW
TX_INDUS_112061,INDUS_ACC_20071,INDUS_ACC_20109,49394.52,2026-01-11 00:34:40,SETTLEMENT,WIRE,IndusInd Bank,IN,0,NORMAL_BANKING_FLOW
TX_INDUS_112062,INDUS_ACC_20035,INDUS_ACC_20014,20085.37,2026-01-10 23:27:05,SETTLEMENT,WIRE,IndusInd Bank,IN,0,NORMAL_BANKING_FLOW
TX_INDUS_112063,INDUS_ACC_20038,INDUS_ACC_20143,47818.32,2026-01-11 12:42:00,SETTLEMENT,RTGS,IndusInd Bank,IN,0,NORMAL_BANKING_FLOW
TX_INDUS_112064,INDUS_ACC_20048,INDUS_ACC_20027,128417.89,2026-01-11 12:20:17,SETTLEMENT,RTGS,IndusInd Bank,IN,0,NORMAL_BANKING_FLOW
TX_INDUS_112065,INDUS_ACC_20199,INDUS_ACC_20157,221485.98,2026-01-11 08:11:12,SETTLEMENT,WIRE,IndusInd Bank,IN,0,NORMAL_BANKING_FLOW
TX_INDUS_112066,INDUS_ACC_20193,INDUS_ACC_20054,119868.41,2026-01-11 08:34:45,SETTLEMENT,WIRE,IndusInd Bank,IN,0,NORMAL_BANKING_FLOW
TX_INDUS_112067,INDUS_ACC_20005,INDUS_ACC_20242,149652.14,2026-01-10 23:06:24,SETTLEMENT,WIRE,IndusInd Bank,IN,0,NORMAL_BANKING_FLOW
TX_INDUS_112068,INDUS_ACC_20046,INDUS_ACC_20104,65878.56,2026-01-11 04:25:46,SETTLEMENT,WIRE,IndusInd Bank,IN,0,NORMAL_BANKING_FLOW
TX_INDUS_112069,INDUS_ACC_20089,INDUS_ACC_20037,179063.95,2026-01-11 00:38:24,SETTLEMENT,WIRE,IndusInd Bank,IN,0,NORMAL_BANKING_FLOW
TX_INDUS_112070,INDUS_ACC_20133,INDUS_ACC_20002,585018.9,2026-01-11 05:12:40,SETTLEMENT,WIRE,IndusInd Bank,IN,0,NORMAL_BANKING_FLOW
TX_INDUS_112071,INDUS_ACC_20237,INDUS_ACC_20076,229979.93,2026-01-11 06:44:40,SETTLEMENT,RTGS,IndusInd Bank,IN,0,NORMAL_BANKING_FLOW
TX_INDUS_112072,INDUS_ACC_20182,INDUS_ACC_20134,260784.65,2026-01-11 01:02:39,SETTLEMENT,WIRE,IndusInd Bank,IN,0,NORMAL_BANKING_FLOW
TX_INDUS_112073,INDUS_ACC_20159,BOB_ACC_20109,140479.9,2026-01-10 19:43:00,SETTLEMENT,RTGS,IndusInd Bank,IN,0,NORMAL_BANKING_FLOW
TX_INDUS_112074,INDUS_ACC_20238,ICICI_ACC_20200,16255.94,2026-01-11 06:01:06,SETTLEMENT,WIRE,IndusInd Bank,IN,0,NORMAL_BANKING_FLOW
TX_INDUS_112075,INDUS_ACC_20165,PNB_ACC_20176,28180.91,2026-01-11 12:31:06,SETTLEMENT,WIRE,IndusInd Bank,IN,0,NORMAL_BANKING_FLOW
TX_INDUS_112076,INDUS_ACC_20016,SBI_ACC_20079,170390.98,2026-01-10 20:06:40,SETTLEMENT,WIRE,IndusInd Bank,IN,0,NORMAL_BANKING_FLOW
TX_INDUS_112077,INDUS_ACC_20191,INDUS_ACC_20184,97428.41,2026-01-11 07:57:52,SETTLEMENT,WIRE,IndusInd Bank,IN,0,NORMAL_BANKING_FLOW
TX_INDUS_112078,INDUS_ACC_20069,INDUS_ACC_20074,167344.77,2026-01-11 10:16:21,SETTLEMENT,RTGS,IndusInd Bank,IN,0,NORMAL_BANKING_FLOW
TX_INDUS_112079,INDUS_ACC_20097,YES_ACC_20025,738006.64,2026-01-11 03:23:50,SETTLEMENT,RTGS,IndusInd Bank,IN,0,NORMAL_BANKING_FLOW
TX_INDUS_112080,INDUS_ACC_20127,CANARA_ACC_20116,235918.86,2026-01-11 12:59:00,SETTLEMENT,RTGS,IndusInd Bank,IN,0,NORMAL_BANKING_FLOW
TX_INDUS_112081,INDUS_ACC_20036,INDUS_ACC_20079,447156.29,2026-01-10 23:12:00,SETTLEMENT,RTGS,IndusInd Bank,IN,0,NORMAL_BANKING_FLOW
TX_INDUS_112082,INDUS_ACC_20021,PNB_ACC_20239,110593.62,2026-01-11 04:57:39,SETTLEMENT,WIRE,IndusInd Bank,IN,0,NORMAL_BANKING_FLOW
TX_INDUS_112083,INDUS_ACC_20008,INDUS_ACC_20128,37471.7,2026-01-11 01:31:00,SETTLEMENT,RTGS,IndusInd Bank,IN,0,NORMAL_BANKING_FLOW
TX_INDUS_112084,INDUS_ACC_20198,INDUS_ACC_20015,92093.59,2026-01-10 19:45:45,SETTLEMENT,RTGS,IndusInd Bank,IN,0,NORMAL_BANKING_FLOW
TX_INDUS_112085,INDUS_ACC_20206,CANARA_ACC_20195,37582.65,2026-01-11 07:18:00,SETTLEMENT,WIRE,IndusInd Bank,IN,0,NORMAL_BANKING_FLOW
TX_INDUS_112086,INDUS_ACC_20144,INDUS_ACC_20137,640467.69,2026-01-11 12:41:55,SETTLEMENT,RTGS,IndusInd Bank,IN,0,NORMAL_BANKING_FLOW
TX_INDUS_112087,INDUS_ACC_20081,INDUS_ACC_20092,254859.91,2026-01-11 12:42:54,SETTLEMENT,RTGS,IndusInd Bank,IN,0,NORMAL_BANKING_FLOW
TX_INDUS_112088,INDUS_ACC_20096,INDUS_ACC_20174,184354.35,2026-01-11 01:33:30,SETTLEMENT,WIRE,IndusInd Bank,IN,0,NORMAL_BANKING_FLOW
TX_INDUS_112089,INDUS_ACC_20111,INDUS_ACC_20224,435013.28,2026-01-10 19:47:00,SETTLEMENT,RTGS,IndusInd Bank,IN,0,NORMAL_BANKING_FLOW
TX_INDUS_112090,INDUS_ACC_20244,CANARA_ACC_20087,8742.33,2026-01-10 21:19:51,SETTLEMENT,RTGS,IndusInd Bank,IN,0,NORMAL_BANKING_FLOW
TX_INDUS_112091,INDUS_ACC_20103,INDUS_ACC_20198,199938.59,2026-01-10 19:47:30,SETTLEMENT,RTGS,IndusInd Bank,IN,0,NORMAL_BANKING_FLOW
TX_INDUS_112092,INDUS_ACC_20243,INDUS_ACC_20135,20480.43,2026-01-11 10:51:54,SETTLEMENT,WIRE,IndusInd Bank,IN,0,NORMAL_BANKING_FLOW
TX_INDUS_112093,INDUS_ACC_20056,ICICI_ACC_20221,97860.0,2026-01-11 04:18:24,SETTLEMENT,WIRE,IndusInd Bank,IN,0,NORMAL_BANKING_FLOW
TX_INDUS_112094,INDUS_ACC_20065,INDUS_ACC_20242,67910.84,2026-01-10 23:17:12,SETTLEMENT,WIRE,IndusInd Bank,IN,0,NORMAL_BANKING_FLOW
TX_INDUS_112095,INDUS_ACC_20054,INDUS_ACC_20024,218400.09,2026-01-11 06:15:48,SETTLEMENT,RTGS,IndusInd Bank,IN,0,NORMAL_BANKING_FLOW
TX_INDUS_112096,INDUS_ACC_20137,KOTAK_ACC_20071,129809.69,2026-01-11 03:10:30,SETTLEMENT,WIRE,IndusInd Bank,IN,0,NORMAL_BANKING_FLOW
TX_INDUS_112097,INDUS_ACC_20205,PNB_ACC_20167,495905.47,2026-01-10 21:45:20,SETTLEMENT,RTGS,IndusInd Bank,IN,0,NORMAL_BANKING_FLOW
TX_INDUS_112098,INDUS_ACC_20102,INDUS_ACC_20050,47940.86,2026-01-10 21:45:40,SETTLEMENT,WIRE,IndusInd Bank,IN,0,NORMAL_BANKING_FLOW
TX_INDUS_112099,INDUS_ACC_20061,INDUS_ACC_20082,231176.62,2026-01-11 00:52:24,SETTLEMENT,WIRE,IndusInd Bank,IN,0,NORMAL_BANKING_FLOW
TX_INDUS_112100,INDUS_ACC_20150,CANARA_ACC_20003,119930.52,2026-01-11 06:19:18,SETTLEMENT,WIRE,IndusInd Bank,IN,0,NORMAL_BANKING_FLOW
