transaction_id,sender_account,receiver_account,amount,timestamp,transaction_type,channel,bank,country,is_aml,pattern_type
TX_YES_112101,YES_ACC_20172,PNB_ACC_20181,227.75,2026-01-10 15:00:00,TRANSFER,UPI,Yes Bank,IN,0,NORMAL_BANKING_FLOW
TX_YES_112102,YES_ACC_20110,AXIS_ACC_20105,434.09,2026-01-10 15:00:19,TRANSFER,UPI,Yes Bank,IN,0,NORMAL_BANKING_FLOW
TX_YES_112103,YES_ACC_20016,BOB_ACC_20218,867.06,2026-01-10 15:00:44,TRANSFER,UPI,Yes Bank,IN,0,NORMAL_BANKING_FLOW
TX_YES_112104,YES_ACC_20180,HDFC_ACC_20016,2700.15,2026-01-10 15:02:18,TRANSFER,UPI,Yes Bank,IN,0,NORMAL_BANKING_FLOW
TX_YES_112105,YES_ACC_20006,YES_ACC_20148,1506.21,2026-01-10 15:02:56,TRANSFER,IMPS,Yes Bank,IN,0,NORMAL_BANKING_FLOW
TX_YES_112106,YES_ACC_20135,YES_ACC_20070,346.97,2026-01-10 15:04:25,TRANSFER,UPI,Yes Bank,IN,0,NORMAL_BANKING_FLOW
TX_YES_112107,YES_ACC_20112,BOB_ACC_20149,874.56,2026-01-10 15:03:30,TRANSFER,UPI,Yes Bank,IN,0,NORMAL_BANKING_FLOW
TX_YES_112108,YES_ACC_20227,YES_ACC_20034,6099.89,2026-01-10 15:06:11,TRANSFER,IMPS,Yes Bank,IN,0,NORMAL_BANKING_FLOW
TX_YES_112109,YES_ACC_20240,YES_ACC_20199,1096.74,2026-01-10 15:06:16,TRANSFER,UPI,Yes Bank,IN,0,NORMAL_BANKING_FLOW
TX_YES_112110,YES_ACC_20073,YES_ACC_20036,739.08,2026-01-10 15:08:24,TRANSFER,UPI,Yes Bank,IN,0,NORMAL_BANKING_FLOW
TX_YES_112111,YES_ACC_20012,YES_ACC_20222,1544.67,2026-01-10 15:03:10,TRANSFER,UPI,Yes Bank,IN,0,NORMAL_BANKING_FLOW
TX_YES_112112,YES_ACC_20048,HDFC_ACC_20038,1972.49,2026-01-10 15:03:18,TRANSFER,UPI,Yes Bank,IN,0,NORMAL_BANKING_FLOW
TX_YES_112113,YES_ACC_20067,BOB_ACC_20090,658.16,2026-01-10 15:11:12,TRANSFER,UPI,Yes Bank,IN,0,NORMAL_BANKING_FLOW
TX_YES_112114,YES_ACC_20083,YES_ACC_20240,1559.81,2026-01-10 15:10:24,TRANSFER,UPI,Yes Bank,IN,0,NORMAL_BANKING_FLOW
TX_YES_112115,YES_ACC_20249,YES_ACC_20246,738.04,2026-01-10 15:11:40,TRANSFER,UPI,Yes Bank,IN,0,NORMAL_BANKING_FLOW
TX_YES_112116,YES_ACC_20061,YES_ACC_20241,1895.8,2026-01-10 15:03:45,TRANSFER,UPI,Yes Bank,IN,0,NORMAL_BANKING_FLOW
TX_YES_112117,YES_ACC_20078,YES_ACC_20160,1156.0,2026-01-10 15:11:12,TRANSFER,UPI,Yes Bank,IN,0,NORMAL_BANKING_FLOW
TX_YES_112118,YES_ACC_20164,SBI_ACC_20175,1531.14,2026-01-10 15:07:22,TRANSFER,IMPS,Yes Bank,IN,0,NORMAL_BANKING_FLOW
TX_YES_112119,YES_ACC_20117,YES_ACC_20121,501.06,2026-01-10 15:11:24,TRANSFER,UPI,Yes Bank,IN,0,NORMAL_BANKING_FLOW
TX_YES_112120,YES_ACC_20097,YES_ACC_20007,473.83,2026-01-10 15:05:23,TRANSFER,UPI,Yes Bank,IN,0,NORMAL_BANKING_FLOW
TX_YES_112121,YES_ACC_20100,KOTAK_ACC_20069,2323.77,2026-01-10 15:06:00,TRANSFER,IMPS,Yes Bank,IN,0,NORMAL_BANKING_FLOW
TX_YES_112122,YES_ACC_20027,YES_ACC_20220,923.84,2026-01-10 15:19:15,TRANSFER,UPI,Yes Bank,IN,0,NORMAL_BANKING_FLOW
TX_YES_112123,YES_ACC_20227,AXIS_ACC_20234,1282.45,2026-01-10 15:07:42,TRANSFER,UPI,Yes Bank,IN,0,NORMAL_BANKING_FLOW
TX_YES_112124,YES_ACC_20101,YES_ACC_20221,753.13,2026-01-10 15:13:48,TRANSFER,UPI,Yes Bank,IN,0,NORMAL_BANKING_FLOW
TX_YES_112125,YES_ACC_20014,PNB_ACC_20007,2227.99,2026-01-10 15:15:36,TRANSFER,UPI,Yes Bank,IN,0,NORMAL_BANKING_FLOW
TX_YES_112126,YES_ACC_20213,YES_ACC_20092,574.2,2026-01-10 15:15:25,TRANSFER,UPI,Yes Bank,IN,0,NORMAL_BANKING_FLOW
TX_YES_112127,YES_ACC_20117,YES_ACC_20125,878.27,2026-01-10 15:24:16,TRANSFER,UPI,Yes Bank,IN,0,NORMAL_BANKING_FLOW
TX_YES_112128,YES_ACC_20054,CANARA_ACC_20146,2013.02,2026-01-10 15:22:03,TRANSFER,IMPS,Yes Bank,IN,0,NORMAL_BANKING_FLOW
TX_YES_112129,YES_ACC_20149,YES_ACC_20155,2851.7,2026-01-10 15:27:32,TRANSFER,IMPS,Yes Bank,IN,0,NORMAL_BANKING_FLOW
TX_YES_112130,YES_ACC_20057,YES_ACC_20225,619.32,2026-01-10 15:16:26,TRANSFER,UPI,Yes Bank,IN,0,NORMAL_BANKING_FLOW
TX_YES_112131,YES_ACC_20010,PNB_ACC_20222,5789.0,2026-01-10 15:25:30,TRANSFER,IMPS,Yes Bank,IN,0,NORMAL_BANKING_FLOW
TX_YES_112132,YES_ACC_20202,INDUS_ACC_20206,1315.43,2026-01-10 15:12:24,TRANSFER,UPI,Yes Bank,IN,0,NORMAL_BANKING_FLOW
TX_YES_112133,YES_ACC_20006,YES_ACC_20109,388.14,2026-01-10 15:08:32,TRANSFER,UPI,Yes Bank,IN,0,NORMAL_BANKING_FLOW
TX_YES_112134,YES_ACC_20232,KOTAK_ACC_20047,1383.19,2026-01-10 15:17:36,TRANSFER,UPI,Yes Bank,IN,0,NORMAL_BANKING_FLOW
TX_YES_112135,YES_ACC_20058,YES_ACC_20025,702.96,2026-01-10 15:17:34,TRANSFER,UPI,Yes Bank,IN,0,NORMAL_BANKING_FLOW
TX_YES_112136,YES_ACC_20148,YES_ACC_20111,1466.54,2026-01-10 15:11:05,TRANSFER,IMPS,Yes Bank,IN,0,NORMAL_BANKING_FLOW
TX_YES_112137,YES_ACC_20172,YES_ACC_20124,954.73,2026-01-10 15:33:36,TRANSFER,UPI,Yes Bank,IN,0,NORMAL_BANKING_FLOW
TX_YES_112138,YES_ACC_20161,HDFC_ACC_20200,1060.87,2026-01-10 15:26:31,TRANSFER,UPI,Yes Bank,IN,0,NORMAL_BANKING_FLOW
TX_YES_112139,YES_ACC_20201,YES_ACC_20156,436.84,2026-01-10 15:18:22,TRANSFER,IMPS,Yes Bank,IN,0,NORMAL_BANKING_FLOW
TX_YES_112140,YES_ACC_20067,YES_ACC_20041,2418.87,2026-01-10 15:31:51,TRANSFER,UPI,Yes Bank,IN,0,NORMAL_BANKING_FLOW
TX_YES_112141,YES_ACC_20235,SBI_ACC_20053,350.54,2026-01-10 15:20:00,TRANSFER,UPI,Yes Bank,IN,0,NORMAL_BANKING_FLOW
TX_YES_112142,YES_ACC_20204,YES_ACC_20226,365.81,2026-01-10 15:23:14,TRANSFER,UPI,Yes Bank,IN,0,NORMAL_BANKING_FLOW
TX_YES_112143,YES_ACC_20067,YES_ACC_20206,1381.08,2026-01-10 15:18:12,TRANSFER,UPI,Yes Bank,IN,0,NORMAL_BANKING_FLOW
TX_YES_112144,YES_ACC_20103,BOB_ACC_20100,4198.82,2026-01-10 15:27:14,TRANSFER,UPI,Yes Bank,IN,0,NORMAL_BANKING_FLOW
TX_YES_112145,YES_ACC_20008,PNB_ACC_20235,722.46,2026-01-10 15:30:04,TRANSFER,IMPS,Yes Bank,IN,0,NORMAL_BANKING_FLOW
TX_YES_112146,YES_ACC_20012,BOB_ACC_20147,1864.74,2026-01-10 15:37:30,TRANSFER,UPI,Yes Bank,IN,0,NORMAL_BANKING_FLOW
TX_YES_112147,YES_ACC_20225,YES_ACC_20055,2607.13,2026-01-10 15:43:42,TRANSFER,UPI,Yes Bank,IN,0,NORMAL_BANKING_FLOW
TX_YES_112148,YES_ACC_20120,SBI_ACC_20233,2065.68,2026-01-10 15:38:23,TRANSFER,UPI,Yes Bank,IN,0,NORMAL_BANKING_FLOW
TX_YES_112149,YES_ACC_20069,YES_ACC_20140,749.88,2026-01-10 15:16:00,TRANSFER,IMPS,Yes Bank,IN,0,NORMAL_BANKING_FLOW
TX_YES_112150,YES_ACC_20248,YES_ACC_20138,371.69,2026-01-10 15:48:11,TRANSFER,UPI,Yes Bank,IN,0,NORMAL_BANKING_FLOW
TX_YES_112151,YES_ACC_20012,CANARA_ACC_20158,136.08,2026-01-10 15:17:30,TRANSFER,UPI,Yes Bank,IN,0,NORMAL_BANKING_FLOW
TX_YES_112152,YES_ACC_20158,HDFC_ACC_20204,783.24,2026-01-10 15:51:00,TRANSFER,IMPS,Yes Bank,IN,0,NORMAL_BANKING_FLOW
TX_YES_112153,YES_ACC_20133,HDFC_ACC_20088,2864.87,2026-01-10 15:28:36,TRANSFER,IMPS,Yes Bank,IN,0,NORMAL_BANKING_FLOW
TX_YES_112154,YES_ACC_20162,HDFC_ACC_20244,360.77,2026-01-10 15:50:21,TRANSFER,IMPS,Yes Bank,IN,0,NORMAL_BANKING_FLOW
TX_YES_112155,YES_ACC_20104,YES_ACC_20153,1863.46,2026-01-10 15:29:42,TRANSFER,UPI,Yes Bank,IN,0,NORMAL_BANKING_FLOW
TX_YES_112156,YES_ACC_20064,YES_ACC_20023,421.94,2026-01-10 15:52:15,TRANSFER,UPI,Yes Bank,IN,0,NORMAL_BANKING_FLOW
TX_YES_112157,YES_ACC_20213,YES_ACC_20093,1091.67,2026-01-10 15:15:52,TRANSFER,UPI,Yes Bank,IN,0,NORMAL_BANKING_FLOW
TX_YES_112158,YES_ACC_20233,YES_ACC_20109,1876.22,2026-01-10 15:38:57,TRANSFER,IMPS,Yes Bank,IN,0,NORMAL_BANKING_FLOW
TX_YES_112159,YES_ACC_20074,PNB_ACC_20170,548.1,2026-01-10 15:47:22,TRANSFER,UPI,Yes Bank,IN,0,NORMAL_BANKING_FLOW
TX_YES_112160,YES_ACC_20223,YES_ACC_20102,1156.83,2026-01-10 15:35:24,TRANSFER,UPI,Yes Bank,IN,0,NORMAL_BANKING_FLOW
TX_YES_112161,YES_ACC_20205,YES_ACC_20110,682.95,2026-01-10 15:29:00,TRANSFER,UPI,Yes Bank,IN,0,NORMAL_BANKING_FLOW
TX_YES_112162,YES_ACC_20227,YES_ACC_20153,1871.76,2026-01-10 15:38:38,TRANSFER,UPI,Yes Bank,IN,0,NORMAL_BANKING_FLOW
TX_YES_112163,YES_ACC_20058,YES_ACC_20237,1226.34,2026-01-10 15:17:34,TRANSFER,UPI,Yes Bank,IN,0,NORMAL_BANKING_FLOW
TX_YES_112164,YES_ACC_20205,YES_ACC_20214,1044.04,2026-01-10 15:24:09,TRANSFER,UPI,Yes Bank,IN,0,NORMAL_BANKING_FLOW
TX_YES_112165,YES_ACC_20097,YES_ACC_20068,4034.01,2026-01-10 15:44:48,TRANSFER,UPI,Yes Bank,IN,0,NORMAL_BANKING_FLOW
TX_YES_112166,YES_ACC_20157,YES_ACC_20134,1800.96,2026-01-10 15:50:55,TRANSFER,IMPS,Yes Bank,IN,0,NORMAL_BANKING_FLOW
TX_YES_112167,YES_ACC_20079,YES_ACC_20041,533.09,2026-01-10 16:01:36,TRANSFER,UPI,Yes Bank,IN,0,NORMAL_BANKING_FLOW
TX_YES_112168,YES_ACC_20103,YES_ACC_20085,918.48,2026-01-10 15:55:50,TRANSFER,UPI,Yes Bank,IN,0,NORMAL_BANKING_FLOW
TX_YES_112169,YES_ACC_20168,YES_ACC_20052,926.76,2026-01-10 15:55:32,TRANSFER,IMPS,Yes Bank,IN,0,NORMAL_BANKING_FLOW
TX_YES_112170,YES_ACC_20092,YES_ACC_20051,1066.66,2026-01-10 15:31:03,TRANSFER,UPI,Yes Bank,IN,0,NORMAL_BANKING_FLOW
TX_YES_112171,YES_ACC_20050,YES_ACC_20029,9624.41,2026-01-10 15:22:10,TRANSFER,UPI,Yes Bank,IN,0,NORMAL_BANKING_FLOW
TX_YES_112172,YES_ACC_20229,YES_ACC_20124,1385.43,2026-01-10 15:24:51,TRANSFER,IMPS,Yes Bank,IN,0,NORMAL_BANKING_FLOW
TX_YES_112173,YES_ACC_20048,YES_ACC_20117,158.81,2026-01-10 15:56:24,TRANSFER,UPI,Yes Bank,IN,0,NORMAL_BANKING_FLOW
TX_YES_112174,YES_ACC_20114,YES_ACC_20044,608.79,2026-01-10 16:02:03,TRANSFER,IMPS,Yes Bank,IN,0,NORMAL_BANKING_FLOW
TX_YES_112175,YES_ACC_20227,HDFC_ACC_20123,174.32,2026-01-10 15:35:46,TRANSFER,IMPS,Yes Bank,IN,0,NORMAL_BANKING_FLOW
TX_YES_112176,YES_ACC_20178,INDUS_ACC_20142,737.44,2026-01-10 15:48:45,TRANSFER,UPI,Yes Bank,IN,0,NORMAL_BANKING_FLOW
TX_YES_112177,YES_ACC_20088,YES_ACC_20087,165.91,2026-01-10 15:31:40,TRANSFER,IMPS,Yes Bank,IN,0,NORMAL_BANKING_FLOW
TX_YES_112178,YES_ACC_20242,KOTAK_ACC_20169,452.85,2026-01-10 16:13:09,TRANSFER,IMPS,Yes Bank,IN,0,NORMAL_BANKING_FLOW
TX_YES_112179,YES_ACC_20162,PNB_ACC_20178,252.48,2026-01-10 15:35:06,TRANSFER,UPI,Yes Bank,IN,0,NORMAL_BANKING_FLOW
TX_YES_112180,YES_ACC_20077,YES_ACC_20115,1402.12,2026-01-10 16:16:22,TRANSFER,UPI,Yes Bank,IN,0,NORMAL_BANKING_FLOW
TX_YES_112181,YES_ACC_20007,AXIS_ACC_20156,992.76,2026-01-10 15:45:20,TRANSFER,UPI,Yes Bank,IN,0,NORMAL_BANKING_FLOW
TX_YES_112182,YES_ACC_20160,YES_ACC_20191,1303.31,2026-01-10 16:00:45,TRANSFER,UPI,Yes Bank,IN,0,NORMAL_BANKING_FLOW
TX_YES_112183,YES_ACC_20087,YES_ACC_20151,903.16,2026-01-10 16:02:52,TRANSFER,UPI,Yes Bank,IN,0,NORMAL_BANKING_FLOW
TX_YES_112184,YES_ACC_20014,YES_ACC_20130,282.91,2026-01-10 16:10:33,TRANSFER,IMPS,Yes Bank,IN,0,NORMAL_BANKING_FLOW
TX_YES_112185,YES_ACC_20067,YES_ACC_20031,1575.25,2026-01-10 15:42:00,TRANSFER,UPI,Yes Bank,IN,0,NORMAL_BANKING_FLOW
TX_YES_112186,YES_ACC_20152,YES_ACC_20085,5597.09,2026-01-10 15:28:20,TRANSFER,UPI,Yes Bank,IN,0,NORMAL_BANKING_FLOW
TX_YES_112187,YES_ACC_20229,ICICI_ACC_20074,1434.1,2026-01-10 15:50:10,TRANSFER,UPI,Yes Bank,IN,0,NORMAL_BANKING_FLOW
TX_YES_112188,YES_ACC_20033,YES_ACC_20111,676.32,2026-01-10 15:30:27,TRANSFER,UPI,Yes Bank,IN,0,NORMAL_BANKING_FLOW
TX_YES_112189,YES_ACC_20064,YES_ACC_20247,274.44,2026-01-10 15:44:00,TRANSFER,UPI,Yes Bank,IN,0,NORMAL_BANKING_FLOW
TX_YES_112190,YES_ACC_20022,YES_ACC_20012,438.23,2026-01-10 16:02:18,TRANSFER,IMPS,Yes Bank,IN,0,NORMAL_BANKING_FLOW
TX_YES_112191,YES_ACC_20064,YES_ACC_20030,1491.8,2026-01-10 16:24:00,TRANSFER,UPI,Yes Bank,IN,0,NORMAL_BANKING_FLOW
TX_YES_112192,YES_ACC_20054,CANARA_ACC_20176,2606.61,2026-01-10 15:51:34,TRANSFER,UPI,Yes Bank,IN,0,NORMAL_BANKING_FLOW
TX_YES_112193,YES_ACC_20005,YES_ACC_20093,1254.86,2026-01-10 15:56:44,TRANSFER,IMPS,Yes Bank,IN,0,NORMAL_BANKING_FLOW
TX_YES_112194,YES_ACC_20070,YES_ACC_20173,2038.36,2026-01-10 16:00:27,TRANSFER,UPI,Yes Bank,IN,0,NORMAL_BANKING_FLOW
TX_YES_112195,YES_ACC_20241,YES_ACC_20019,1876.02,2026-01-10 15:32:54,TRANSFER,UPI,Yes Bank,IN,0,NORMAL_BANKING_FLOW
TX_YES_112196,YES_ACC_20058,YES_ACC_20109,1565.38,2026-01-10 15:58:35,TRANSFER,IMPS,Yes Bank,IN,0,NORMAL_BANKING_FLOW
TX_YES_112197,YES_ACC_20185,YES_ACC_20051,548.6,2026-01-10 16:16:48,TRANSFER,UPI,Yes Bank,IN,0,NORMAL_BANKING_FLOW
TX_YES_112198,YES_ACC_20125,YES_ACC_20003,1160.41,2026-01-10 15:51:44,TRANSFER,UPI,Yes Bank,IN,0,NORMAL_BANKING_FLOW
TX_YES_112199,YES_ACC_20028,YES_ACC_20124,462.41,2026-01-10 16:28:12,TRANSFER,UPI,Yes Bank,IN,0,NORMAL_BANKING_FLOW
TX_YES_112200,YES_ACC_20245,YES_ACC_20088,1007.96,2026-01-10 16:32:24,TRANSFER,UPI,Yes Bank,IN,0,NORMAL_BANKING_FLOW
TX_YES_112201,YES_ACC_20091,YES_ACC_20150,1336.46,2026-01-10 15:35:00,TRANSFER,UPI,Yes Bank,IN,0,NORMAL_BANKING_FLOW
TX_YES_112202,YES_ACC_20083,YES_ACC_20048,4495.83,2026-01-10 16:39:19,TRANSFER,UPI,Yes Bank,IN,0,NORMAL_BANKING_FLOW
TX_YES_112203,YES_ACC_20054,YES_ACC_20009,305.28,2026-01-10 16:23:18,TRANSFER,UPI,Yes Bank,IN,0,NORMAL_BANKING_FLOW
TX_YES_112204,YES_ACC_20100,YES_ACC_20019,1530.51,2026-01-10 16:15:32,TRANSFER,UPI,Yes Bank,IN,0,NORMAL_BANKING_FLOW
TX_YES_112205,YES_ACC_20065,YES_ACC_20134,3763.53,2026-01-10 16:23:12,TRANSFER,UPI,Yes Bank,IN,0,NORMAL_BANKING_FLOW
TX_YES_112206,YES_ACC_20097,KOTAK_ACC_20135,1964.44,2026-01-10 16:24:00,TRANSFER,IMPS,Yes Bank,IN,0,NORMAL_BANKING_FLOW
TX_YES_112207,YES_ACC_20182,YES_ACC_20050,2099.91,2026-01-10 15:40:38,TRANSFER,IMPS,Yes Bank,IN,0,NORMAL_BANKING_FLOW
TX_YES_112208,YES_ACC_20210,YES_ACC_20008,1684.0,2026-01-10 16:39:52,TRANSFER,IMPS,Yes Bank,IN,0,NORMAL_BANKING_FLOW
TX_YES_112209,YES_ACC_20201,YES_ACC_20240,3192.31,2026-01-10 16:19:12,TRANSFER,IMPS,Yes Bank,IN,0,NORMAL_BANKING_FLOW
TX_YES_112210,YES_ACC_20087,YES_ACC_20005,372.88,2026-01-10 16:10:51,TRANSFER,UPI,Yes Bank,IN,0,NORMAL_BANKING_FLOW
TX_YES_112211,YES_ACC_20171,YES_ACC_20091,285.05,2026-01-10 16:44:30,TRANSFER,UPI,Yes Bank,IN,0,NORMAL_BANKING_FLOW
TX_YES_112212,YES_ACC_20172,YES_ACC_20012,986.63,2026-01-10 16:51:00,TRANSFER,UPI,Yes Bank,IN,0,NORMAL_BANKING_FLOW
TX_YES_112213,YES_ACC_20131,YES_ACC_20054,141.88,2026-01-10 16:27:44,TRANSFER,UPI,Yes Bank,IN,0,NORMAL_BANKING_FLOW
TX_YES_112214,YES_ACC_20126,YES_ACC_20096,3003.64,2026-01-10 15:33:54,TRANSFER,UPI,Yes Bank,IN,0,NORMAL_BANKING_FLOW
TX_YES_112215,YES_ACC_20035,CANARA_ACC_20046,2976.92,2026-01-10 15:57:00,TRANSFER,UPI,Yes Bank,IN,0,NORMAL_BANKING_FLOW
TX_YES_112216,YES_ACC_20127,YES_ACC_20109,671.82,2026-01-10 15:47:55,TRANSFER,UPI,Yes Bank,IN,0,NORMAL_BANKING_FLOW
TX_YES_112217,YES_ACC_20015,YES_ACC_20054,710.74,2026-01-10 16:44:24,TRANSFER,IMPS,Yes Bank,IN,0,NORMAL_BANKING_FLOW
TX_YES_112218,YES_ACC_20098,PNB_ACC_20149,929.72,2026-01-10 15:46:48,TRANSFER,IMPS,Yes Bank,IN,0,NORMAL_BANKING_FLOW
TX_YES_112219,YES_ACC_20059,YES_ACC_20084,1039.84,2026-01-10 15:35:24,TRANSFER,UPI,Yes Bank,IN,0,NORMAL_BANKING_FLOW
TX_YES_112220,YES_ACC_20193,PNB_ACC_20066,1112.6,2026-01-10 15:47:36,TRANSFER,UPI,Yes Bank,IN,0,NORMAL_BANKING_FLOW
TX_YES_112221,YES_ACC_20247,PNB_ACC_20220,1639.93,2026-01-10 16:44:00,TRANSFER,UPI,Yes Bank,IN,0,NORMAL_BANKING_FLOW
TX_YES_112222,YES_ACC_20144,YES_ACC_20048,849.49,2026-01-10 15:56:28,TRANSFER,IMPS,Yes Bank,IN,0,NORMAL_BANKING_FLOW
TX_YES_112223,YES_ACC_20024,YES_ACC_20169,2318.96,2026-01-10 16:09:08,TRANSFER,IMPS,Yes Bank,IN,0,NORMAL_BANKING_FLOW
TX_YES_112224,YES_ACC_20150,YES_ACC_20037,1482.3,2026-01-10 16:15:51,TRANSFER,IMPS,Yes Bank,IN,0,NORMAL_BANKING_FLOW
TX_YES_112225,YES_ACC_20097,SBI_ACC_20156,574.63,2026-01-10 16:24:44,TRANSFER,UPI,Yes Bank,IN,0,NORMAL_BANKING_FLOW
TX_YES_112226,YES_ACC_20117,YES_ACC_20065,3299.75,2026-01-10 16:44:10,TRANSFER,UPI,Yes Bank,IN,0,NORMAL_BANKING_FLOW
TX_YES_112227,YES_ACC_20022,YES_ACC_20179,292.24,2026-01-10 15:31:30,TRANSFER,UPI,Yes Bank,IN,0,NORMAL_BANKING_FLOW
TX_YES_112228,YES_ACC_20218,YES_ACC_20023,913.29,2026-01-10 16:03:30,TRANSFER,UPI,Yes Bank,IN,0,NORMAL_BANKING_FLOW
TX_YES_112229,YES_ACC_20218,YES_ACC_20051,2369.01,2026-01-10 15:40:32,TRANSFER,UPI,Yes Bank,IN,0,NORMAL_BANKING_FLOW
TX_YES_112230,YES_ACC_20079,ICICI_ACC_20178,517.62,2026-01-10 16:30:18,TRANSFER,UPI,Yes Bank,IN,0,NORMAL_BANKING_FLOW
TX_YES_112231,YES_ACC_20226,INDUS_ACC_20010,1311.07,2026-01-10 16:22:20,TRANSFER,IMPS,Yes Bank,IN,0,NORMAL_BANKING_FLOW
TX_YES_112232,YES_ACC_20138,ICICI_ACC_20042,1618.1,2026-01-10 15:37:07,TRANSFER,UPI,Yes Bank,IN,0,NORMAL_BANKING_FLOW
TX_YES_112233,YES_ACC_20052,YES_ACC_20119,457.39,2026-01-10 15:59:24,TRANSFER,UPI,Yes Bank,IN,0,NORMAL_BANKING_FLOW
TX_YES_112234,YES_ACC_20048,YES_ACC_20153,929.61,2026-01-10 16:57:29,TRANSFER,IMPS,Yes Bank,IN,0,NORMAL_BANKING_FLOW
TX_YES_112235,YES_ACC_20076,YES_ACC_20232,861.91,2026-01-10 16:18:10,TRANSFER,IMPS,Yes Bank,IN,0,NORMAL_BANKING_FLOW
TX_YES_112236,YES_ACC_20039,YES_ACC_20165,603.92,2026-01-10 16:52:30,TRANSFER,UPI,Yes Bank,IN,0,NORMAL_BANKING_FLOW
TX_YES_112237,YES_ACC_20124,YES_ACC_20153,7875.46,2026-01-10 16:42:00,TRANSFER,UPI,Yes Bank,IN,0,NORMAL_BANKING_FLOW
TX_YES_112238,YES_ACC_20117,YES_ACC_20093,499.3,2026-01-10 16:13:04,TRANSFER,UPI,Yes Bank,IN,0,NORMAL_BANKING_FLOW
TX_YES_112239,YES_ACC_20131,BOB_ACC_20172,2451.46,2026-01-10 16:20:30,TRANSFER,UPI,Yes Bank,IN,0,NORMAL_BANKING_FLOW
TX_YES_112240,YES_ACC_20111,YES_ACC_20048,696.79,2026-01-10 17:05:06,TRANSFER,UPI,Yes Bank,IN,0,NORMAL_BANKING_FLOW
TX_YES_112241,YES_ACC_20108,YES_ACC_20117,373.17,2026-01-10 16:38:00,TRANSFER,UPI,Yes Bank,IN,0,NORMAL_BANKING_FLOW
TX_YES_112242,YES_ACC_20188,YES_ACC_20042,1088.47,2026-01-10 15:42:18,TRANSFER,UPI,Yes Bank,IN,0,NORMAL_BANKING_FLOW
TX_YES_112243,YES_ACC_20062,YES_ACC_20195,1779.67,2026-01-10 15:54:26,TRANSFER,UPI,Yes Bank,IN,0,NORMAL_BANKING_FLOW
TX_YES_112244,YES_ACC_20126,YES_ACC_20053,2272.1,2026-01-10 17:20:37,TRANSFER,IMPS,Yes Bank,IN,0,NORMAL_BANKING_FLOW
TX_YES_112245,YES_ACC_20201,YES_ACC_20018,4048.24,2026-01-10 17:14:24,TRANSFER,IMPS,Yes Bank,IN,0,NORMAL_BANKING_FLOW
TX_YES_112246,YES_ACC_20130,YES_ACC_20203,14054.83,2026-01-10 16:22:10,TRANSFER,UPI,Yes Bank,IN,0,NORMAL_BANKING_FLOW
TX_YES_112247,YES_ACC_20198,CANARA_ACC_20073,1243.22,2026-01-10 16:27:36,TRANSFER,UPI,Yes Bank,IN,0,NORMAL_BANKING_FLOW
TX_YES_112248,YES_ACC_20182,YES_ACC_20158,546.33,2026-01-10 17:04:57,TRANSFER,UPI,Yes Bank,IN,0,NORMAL_BANKING_FLOW
TX_YES_112249,YES_ACC_20248,YES_ACC_20177,1491.57,2026-01-10 16:43:36,TRANSFER,IMPS,Yes Bank,IN,0,NORMAL_BANKING_FLOW
TX_YES_112250,YES_ACC_20095,AXIS_ACC_20009,780.87,2026-01-10 15:57:07,TRANSFER,UPI,Yes Bank,IN,0,NORMAL_BANKING_FLOW
TX_YES_112251,YES_ACC_20240,YES_ACC_20063,2283.28,2026-01-10 17:15:00,TRANSFER,IMPS,Yes Bank,IN,0,NORMAL_BANKING_FLOW
TX_YES_112252,YES_ACC_20016,YES_ACC_20126,308.76,2026-01-10 16:30:36,TRANSFER,UPI,Yes Bank,IN,0,NORMAL_BANKING_FLOW
TX_YES_112253,YES_ACC_20073,INDUS_ACC_20242,8362.4,2026-01-10 16:08:24,TRANSFER,UPI,Yes Bank,IN,0,NORMAL_BANKING_FLOW
TX_YES_112254,YES_ACC_20110,ICICI_ACC_20248,2144.03,2026-01-10 15:40:48,TRANSFER,IMPS,Yes Bank,IN,0,NORMAL_BANKING_FLOW
TX_YES_112255,YES_ACC_20246,YES_ACC_20199,217.98,2026-01-10 16:19:34,TRANSFER,UPI,Yes Bank,IN,0,NORMAL_BANKING_FLOW
TX_YES_112256,YES_ACC_20026,YES_ACC_20011,524.2,2026-01-10 16:30:25,TRANSFER,UPI,Yes Bank,IN,0,NORMAL_BANKING_FLOW
TX_YES_112257,YES_ACC_20009,SBI_ACC_20041,2068.28,2026-01-10 17:28:12,TRANSFER,IMPS,Yes Bank,IN,0,NORMAL_BANKING_FLOW
TX_YES_112258,YES_ACC_20183,YES_ACC_20149,2860.38,2026-01-10 16:08:02,TRANSFER,IMPS,Yes Bank,IN,0,NORMAL_BANKING_FLOW
TX_YES_112259,YES_ACC_20027,YES_ACC_20221,315.76,2026-01-10 16:34:48,TRANSFER,IMPS,Yes Bank,IN,0,NORMAL_BANKING_FLOW
TX_YES_112260,YES_ACC_20057,YES_ACC_20039,1885.08,2026-01-10 16:48:39,TRANSFER,UPI,Yes Bank,IN,0,NORMAL_BANKING_FLOW
TX_YES_112261,YES_ACC_20066,YES_ACC_20032,171.98,2026-01-10 17:13:20,TRANSFER,UPI,Yes Bank,IN,0,NORMAL_BANKING_FLOW
TX_YES_112262,YES_ACC_20059,YES_ACC_20106,915.62,2026-01-10 16:07:05,TRANSFER,UPI,Yes Bank,IN,0,NORMAL_BANKING_FLOW
TX_YES_112263,YES_ACC_20067,YES_ACC_20233,2699.55,2026-01-10 16:02:06,TRANSFER,UPI,Yes Bank,IN,0,NORMAL_BANKING_FLOW
TX_YES_112264,YES_ACC_20165,YES_ACC_20082,604.04,2026-01-10 17:02:15,TRANSFER,UPI,Yes Bank,IN,0,NORMAL_BANKING_FLOW
TX_YES_112265,YES_ACC_20100,YES_ACC_20221,255.64,2026-01-10 16:00:08,TRANSFER,IMPS,Yes Bank,IN,0,NORMAL_BANKING_FLOW
TX_YES_112266,YES_ACC_20128,HDFC_ACC_20173,1131.83,2026-01-10 16:58:15,TRANSFER,UPI,Yes Bank,IN,0,NORMAL_BANKING_FLOW
TX_YES_112267,YES_ACC_20194,YES_ACC_20053,575.8,2026-01-10 16:00:52,TRANSFER,UPI,Yes Bank,IN,0,NORMAL_BANKING_FLOW
TX_YES_112268,YES_ACC_20076,YES_ACC_20233,1748.66,2026-01-10 16:12:22,TRANSFER,UPI,Yes Bank,IN,0,NORMAL_BANKING_FLOW
TX_YES_112269,YES_ACC_20100,YES_ACC_20090,447.29,2026-01-10 16:12:48,TRANSFER,UPI,Yes Bank,IN,0,NORMAL_BANKING_FLOW
TX_YES_112270,YES_ACC_20174,YES_ACC_20049,495.03,2026-01-10 16:30:08,TRANSFER,UPI,Yes Bank,IN,0,NORMAL_BANKING_FLOW
TX_YES_112271,YES_ACC_20188,YES_ACC_20048,160.95,2026-01-10 17:50:00,TRANSFER,UPI,Yes Bank,IN,0,NORMAL_BANKING_FLOW
TX_YES_112272,YES_ACC_20224,CANARA_ACC_20021,1156.26,2026-01-10 15:57:00,TRANSFER,UPI,Yes Bank,IN,0,NORMAL_BANKING_FLOW
TX_YES_112273,YES_ACC_20045,YES_ACC_20141,858.5,2026-01-10 17:26:12,TRANSFER,UPI,Yes Bank,IN,0,NORMAL_BANKING_FLOW
TX_YES_112274,YES_ACC_20087,YES_ACC_20117,340.51,2026-01-10 16:00:33,TRANSFER,UPI,Yes Bank,IN,0,NORMAL_BANKING_FLOW
TX_YES_112275,YES_ACC_20111,YES_ACC_20041,1181.36,2026-01-10 17:25:00,TRANSFER,UPI,Yes Bank,IN,0,NORMAL_BANKING_FLOW
TX_YES_112276,YES_ACC_20225,YES_ACC_20055,2500.79,2026-01-10 17:40:25,TRANSFER,UPI,Yes Bank,IN,0,NORMAL_BANKING_FLOW
TX_YES_112277,YES_ACC_20005,AXIS_ACC_20003,817.29,2026-01-10 16:45:36,TRANSFER,UPI,Yes Bank,IN,0,NORMAL_BANKING_FLOW
TX_YES_112278,YES_ACC_20157,YES_ACC_20130,1263.13,2026-01-10 17:39:18,TRANSFER,UPI,Yes Bank,IN,0,NORMAL_BANKING_FLOW
TX_YES_112279,YES_ACC_20153,SBI_ACC_20123,1268.99,2026-01-10 17:37:14,TRANSFER,IMPS,Yes Bank,IN,0,NORMAL_BANKING_FLOW
TX_YES_112280,YES_ACC_20126,INDUS_ACC_20145,335.66,2026-01-10 17:56:01,TRANSFER,UPI,Yes Bank,IN,0,NORMAL_BANKING_FLOW
TX_YES_112281,YES_ACC_20055,YES_ACC_20244,6316.54,2026-01-10 17:33:00,TRANSFER,UPI,Yes Bank,IN,0,NORMAL_BANKING_FLOW
TX_YES_112282,YES_ACC_20165,YES_ACC_20230,649.52,2026-01-10 16:03:21,TRANSFER,IMPS,Yes Bank,IN,0,NORMAL_BANKING_FLOW
TX_YES_112283,YES_ACC_20143,CANARA_ACC_20069,1790.96,2026-01-10 17:46:50,TRANSFER,UPI,Yes Bank,IN,0,NORMAL_BANKING_FLOW
TX_YES_112284,YES_ACC_20060,HDFC_ACC_20153,1982.86,2026-01-10 16:58:57,TRANSFER,UPI,Yes Bank,IN,0,NORMAL_BANKING_FLOW
TX_YES_112285,YES_ACC_20009,YES_ACC_20024,875.12,2026-01-10 18:00:56,TRANSFER,UPI,Yes Bank,IN,0,NORMAL_BANKING_FLOW
TX_YES_112286,YES_ACC_20126,PNB_ACC_20133,1713.2,2026-01-10 16:57:10,TRANSFER,UPI,Yes Bank,IN,0,NORMAL_BANKING_FLOW
TX_YES_112287,YES_ACC_20230,CANARA_ACC_20053,1237.98,2026-01-10 17:04:00,TRANSFER,IMPS,Yes Bank,IN,0,NORMAL_BANKING_FLOW
TX_YES_112288,YES_ACC_20042,SBI_ACC_20033,277.03,2026-01-10 16:52:12,TRANSFER,UPI,Yes Bank,IN,0,NORMAL_BANKING_FLOW
TX_YES_112289,YES_ACC_20151,YES_ACC_20104,735.8,2026-01-10 17:27:16,TRANSFER,IMPS,Yes Bank,IN,0,NORMAL_BANKING_FLOW
TX_YES_112290,YES_ACC_20207,BOB_ACC_20094,571.75,2026-01-10 17:12:18,TRANSFER,UPI,Yes Bank,IN,0,NORMAL_BANKING_FLOW
TX_YES_112291,YES_ACC_20068,YES_ACC_20022,654.87,2026-01-10 17:35:10,TRANSFER,IMPS,Yes Bank,IN,0,NORMAL_BANKING_FLOW
TX_YES_112292,YES_ACC_20017,YES_ACC_20172,306.86,2026-01-10 17:04:09,TRANSFER,UPI,Yes Bank,IN,0,NORMAL_BANKING_FLOW
TX_YES_112293,YES_ACC_20220,HDFC_ACC_20078,2734.74,2026-01-10 18:08:48,TRANSFER,UPI,Yes Bank,IN,0,NORMAL_BANKING_FLOW
TX_YES_112294,YES_ACC_20215,YES_ACC_20201,4195.61,2026-01-10 18:09:47,TRANSFER,UPI,Yes Bank,IN,0,NORMAL_BANKING_FLOW
TX_YES_112295,YES_ACC_20187,YES_ACC_20203,2392.76,2026-01-10 17:54:36,TRANSFER,IMPS,Yes Bank,IN,0,NORMAL_BANKING_FLOW
TX_YES_112296,YES_ACC_20020,YES_ACC_20091,3113.42,2026-01-10 16:47:15,TRANSFER,UPI,Yes Bank,IN,0,NORMAL_BANKING_FLOW
TX_YES_112297,YES_ACC_20169,YES_ACC_20052,727.66,2026-01-10 17:20:28,TRANSFER,UPI,Yes Bank,IN,0,NORMAL_BANKING_FLOW
TX_YES_112298,YES_ACC_20169,CANARA_ACC_20084,559.68,2026-01-10 18:10:26,TRANSFER,UPI,Yes Bank,IN,0,NORMAL_BANKING_FLOW
TX_YES_112299,YES_ACC_20142,BOB_ACC_20148,492.39,2026-01-10 17:48:18,TRANSFER,UPI,Yes Bank,IN,0,NORMAL_BANKING_FLOW
TX_YES_112300,YES_ACC_20156,YES_ACC_20048,1771.64,2026-01-10 16:59:24,TRANSFER,UPI,Yes Bank,IN,0,NORMAL_BANKING_FLOW
TX_YES_112301,YES_ACC_20076,YES_ACC_20231,1217.26,2026-01-10 17:00:00,TRANSFER,IMPS,Yes Bank,IN,0,NORMAL_BANKING_FLOW
TX_YES_112302,YES_ACC_20067,YES_ACC_20197,925.65,2026-01-10 16:23:45,TRANSFER,UPI,Yes Bank,IN,0,NORMAL_BANKING_FLOW
TX_YES_112303,YES_ACC_20025,YES_ACC_20182,3183.17,2026-01-10 17:01:12,TRANSFER,UPI,Yes Bank,IN,0,NORMAL_BANKING_FLOW
TX_YES_112304,YES_ACC_20108,YES_ACC_20249,1428.6,2026-01-10 17:49:10,TRANSFER,UPI,Yes Bank,IN,0,NORMAL_BANKING_FLOW
TX_YES_112305,YES_ACC_20229,YES_ACC_20141,466.48,2026-01-10 15:51:00,TRANSFER,IMPS,Yes Bank,IN,0,NORMAL_BANKING_FLOW
TX_YES_112306,YES_ACC_20012,YES_ACC_20224,537.64,2026-01-10 15:58:05,TRANSFER,UPI,Yes Bank,IN,0,NORMAL_BANKING_FLOW
TX_YES_112307,YES_ACC_20081,YES_ACC_20247,1833.16,2026-01-10 18:05:24,TRANSFER,UPI,Yes Bank,IN,0,NORMAL_BANKING_FLOW
TX_YES_112308,YES_ACC_20074,YES_ACC_20202,2534.01,2026-01-10 16:57:18,TRANSFER,UPI,Yes Bank,IN,0,NORMAL_BANKING_FLOW
TX_YES_112309,YES_ACC_20003,YES_ACC_20181,1630.29,2026-01-10 16:02:24,TRANSFER,UPI,Yes Bank,IN,0,NORMAL_BANKING_FLOW
TX_YES_112310,YES_ACC_20122,YES_ACC_20184,5470.91,2026-01-10 16:44:30,TRANSFER,UPI,Yes Bank,IN,0,NORMAL_BANKING_FLOW
TX_YES_112311,YES_ACC_20176,YES_ACC_20056,4322.14,2026-01-10 16:27:30,TRANSFER,IMPS,Yes Bank,IN,0,NORMAL_BANKING_FLOW
TX_YES_112312,YES_ACC_20227,YES_ACC_20205,1475.77,2026-01-10 17:24:11,TRANSFER,UPI,Yes Bank,IN,0,NORMAL_BANKING_FLOW
TX_YES_112313,YES_ACC_20034,YES_ACC_20069,466.51,2026-01-10 17:24:52,TRANSFER,UPI,Yes Bank,IN,0,NORMAL_BANKING_FLOW
TX_YES_112314,YES_ACC_20147,ICICI_ACC_20073,305.21,2026-01-10 18:29:27,TRANSFER,UPI,Yes Bank,IN,0,NORMAL_BANKING_FLOW
TX_YES_112315,YES_ACC_20237,SBI_ACC_20216,700.19,2026-01-10 17:08:24,TRANSFER,UPI,Yes Bank,IN,0,NORMAL_BANKING_FLOW
TX_YES_112316,YES_ACC_20006,YES_ACC_20022,1954.5,2026-01-10 16:58:15,TRANSFER,UPI,Yes Bank,IN,0,NORMAL_BANKING_FLOW
TX_YES_112317,YES_ACC_20161,YES_ACC_20094,5135.76,2026-01-10 17:38:24,TRANSFER,UPI,Yes Bank,IN,0,NORMAL_BANKING_FLOW
TX_YES_112318,YES_ACC_20146,YES_ACC_20211,1444.77,2026-01-10 18:29:46,TRANSFER,UPI,Yes Bank,IN,0,NORMAL_BANKING_FLOW
TX_YES_112319,YES_ACC_20086,ICICI_ACC_20115,2840.83,2026-01-10 17:25:20,TRANSFER,UPI,Yes Bank,IN,0,NORMAL_BANKING_FLOW
TX_YES_112320,YES_ACC_20045,YES_ACC_20025,795.7,2026-01-10 17:33:18,TRANSFER,UPI,Yes Bank,IN,0,NORMAL_BANKING_FLOW
TX_YES_112321,YES_ACC_20026,YES_ACC_20079,1738.0,2026-01-10 18:03:20,TRANSFER,UPI,Yes Bank,IN,0,NORMAL_BANKING_FLOW
TX_YES_112322,YES_ACC_20239,YES_ACC_20040,2081.87,2026-01-10 17:23:39,TRANSFER,UPI,Yes Bank,IN,0,NORMAL_BANKING_FLOW
TX_YES_112323,YES_ACC_20205,YES_ACC_20041,167.06,2026-01-10 18:01:18,TRANSFER,UPI,Yes Bank,IN,0,NORMAL_BANKING_FLOW
TX_YES_112324,YES_ACC_20215,YES_ACC_20180,683.96,2026-01-10 15:55:45,TRANSFER,UPI,Yes Bank,IN,0,NORMAL_BANKING_FLOW
TX_YES_112325,YES_ACC_20172,YES_ACC_20222,2332.58,2026-01-10 15:56:00,TRANSFER,UPI,Yes Bank,IN,0,NORMAL_BANKING_FLOW
TX_YES_112326,YES_ACC_20175,YES_ACC_20019,1270.32,2026-01-10 16:18:45,TRANSFER,IMPS,Yes Bank,IN,0,NORMAL_BANKING_FLOW
TX_YES_112327,YES_ACC_20166,YES_ACC_20030,338.03,2026-01-10 16:11:34,TRANSFER,UPI,Yes Bank,IN,0,NORMAL_BANKING_FLOW
TX_YES_112328,YES_ACC_20171,AXIS_ACC_20061,111.37,2026-01-10 17:42:41,TRANSFER,UPI,Yes Bank,IN,0,NORMAL_BANKING_FLOW
TX_YES_112329,YES_ACC_20000,YES_ACC_20014,713.94,2026-01-10 17:54:48,TRANSFER,UPI,Yes Bank,IN,0,NORMAL_BANKING_FLOW
TX_YES_112330,YES_ACC_20060,YES_ACC_20123,930.36,2026-01-10 17:09:46,TRANSFER,IMPS,Yes Bank,IN,0,NORMAL_BANKING_FLOW
TX_YES_112331,YES_ACC_20046,AXIS_ACC_20119,447.85,2026-01-10 17:21:50,TRANSFER,UPI,Yes Bank,IN,0,NORMAL_BANKING_FLOW
TX_YES_112332,YES_ACC_20009,YES_ACC_20083,1128.65,2026-01-10 16:17:00,TRANSFER,UPI,Yes Bank,IN,0,NORMAL_BANKING_FLOW
TX_YES_112333,YES_ACC_20006,YES_ACC_20237,1565.17,2026-01-10 16:52:08,TRANSFER,UPI,Yes Bank,IN,0,NORMAL_BANKING_FLOW
TX_YES_112334,YES_ACC_20097,YES_ACC_20207,1814.6,2026-01-10 16:40:58,TRANSFER,UPI,Yes Bank,IN,0,NORMAL_BANKING_FLOW
TX_YES_112335,YES_ACC_20195,YES_ACC_20231,119.07,2026-01-10 17:39:54,TRANSFER,UPI,Yes Bank,IN,0,NORMAL_BANKING_FLOW
TX_YES_112336,YES_ACC_20231,YES_ACC_20237,304.04,2026-01-10 16:14:25,TRANSFER,UPI,Yes Bank,IN,0,NORMAL_BANKING_FLOW
TX_YES_112337,YES_ACC_20152,YES_ACC_20058,754.34,2026-01-10 16:22:36,TRANSFER,UPI,Yes Bank,IN,0,NORMAL_BANKING_FLOW
TX_YES_112338,YES_ACC_20138,KOTAK_ACC_20040,1660.64,2026-01-10 18:33:18,TRANSFER,UPI,Yes Bank,IN,0,NORMAL_BANKING_FLOW
TX_YES_112339,YES_ACC_20110,YES_ACC_20094,1541.19,2026-01-10 16:35:12,TRANSFER,UPI,Yes Bank,IN,0,NORMAL_BANKING_FLOW
TX_YES_112340,YES_ACC_20004,YES_ACC_20214,1517.29,2026-01-10 17:15:26,TRANSFER,IMPS,Yes Bank,IN,0,NORMAL_BANKING_FLOW
TX_YES_112341,YES_ACC_20052,YES_ACC_20168,702.7,2026-01-10 18:36:00,TRANSFER,UPI,Yes Bank,IN,0,NORMAL_BANKING_FLOW
TX_YES_112342,YES_ACC_20030,YES_ACC_20092,738.88,2026-01-10 17:16:34,TRANSFER,UPI,Yes Bank,IN,0,NORMAL_BANKING_FLOW
TX_YES_112343,YES_ACC_20050,INDUS_ACC_20110,515.17,2026-01-10 17:37:18,TRANSFER,UPI,Yes Bank,IN,0,NORMAL_BANKING_FLOW
TX_YES_112344,YES_ACC_20102,YES_ACC_20226,1981.04,2026-01-10 18:06:18,TRANSFER,UPI,Yes Bank,IN,0,NORMAL_BANKING_FLOW
TX_YES_112345,YES_ACC_20021,KOTAK_ACC_20083,433.36,2026-01-10 19:04:00,TRANSFER,UPI,Yes Bank,IN,0,NORMAL_BANKING_FLOW
TX_YES_112346,YES_ACC_20193,YES_ACC_20054,2132.46,2026-01-10 16:42:05,TRANSFER,UPI,Yes Bank,IN,0,NORMAL_BANKING_FLOW
TX_YES_112347,YES_ACC_20175,YES_ACC_20079,1196.39,2026-01-10 16:34:18,TRANSFER,IMPS,Yes Bank,IN,0,NORMAL_BANKING_FLOW
TX_YES_112348,YES_ACC_20185,YES_ACC_20183,952.85,2026-01-10 18:13:29,TRANSFER,UPI,Yes Bank,IN,0,NORMAL_BANKING_FLOW
TX_YES_112349,YES_ACC_20156,YES_ACC_20183,549.47,2026-01-10 18:39:04,TRANSFER,UPI,Yes Bank,IN,0,NORMAL_BANKING_FLOW
TX_YES_112350,YES_ACC_20104,YES_ACC_20113,292.95,2026-01-10 17:08:39,TRANSFER,UPI,Yes Bank,IN,0,NORMAL_BANKING_FLOW
TX_YES_112351,YES_ACC_20061,AXIS_ACC_20088,553.97,2026-01-10 18:03:20,TRANSFER,UPI,Yes Bank,IN,0,NORMAL_BANKING_FLOW
TX_YES_112352,YES_ACC_20155,YES_ACC_20175,737.3,2026-01-10 16:48:46,TRANSFER,UPI,Yes Bank,IN,0,NORMAL_BANKING_FLOW
TX_YES_112353,YES_ACC_20244,YES_ACC_20022,117.67,2026-01-10 17:43:48,TRANSFER,UPI,Yes Bank,IN,0,NORMAL_BANKING_FLOW
TX_YES_112354,YES_ACC_20177,HDFC_ACC_20082,830.79,2026-01-10 16:41:12,TRANSFER,UPI,Yes Bank,IN,0,NORMAL_BANKING_FLOW
TX_YES_112355,YES_ACC_20078,YES_ACC_20118,2279.98,2026-01-10 17:15:28,TRANSFER,UPI,Yes Bank,IN,0,NORMAL_BANKING_FLOW
TX_YES_112356,YES_ACC_20226,PNB_ACC_20003,1653.25,2026-01-10 18:19:45,TRANSFER,UPI,Yes Bank,IN,0,NORMAL_BANKING_FLOW
TX_YES_112357,YES_ACC_20036,YES_ACC_20005,634.87,2026-01-10 16:29:36,TRANSFER,UPI,Yes Bank,IN,0,NORMAL_BANKING_FLOW
TX_YES_112358,YES_ACC_20146,YES_ACC_20026,1035.09,2026-01-10 16:55:39,TRANSFER,UPI,Yes Bank,IN,0,NORMAL_BANKING_FLOW
TX_YES_112359,YES_ACC_20032,YES_ACC_20155,601.52,2026-01-10 16:08:48,TRANSFER,UPI,Yes Bank,IN,0,NORMAL_BANKING_FLOW
TX_YES_112360,YES_ACC_20210,KOTAK_ACC_20042,1134.43,2026-01-10 18:57:25,TRANSFER,UPI,Yes Bank,IN,0,NORMAL_BANKING_FLOW
TX_YES_112361,YES_ACC_20186,YES_ACC_20234,3968.32,2026-01-10 18:10:40,TRANSFER,IMPS,Yes Bank,IN,0,NORMAL_BANKING_FLOW
TX_YES_112362,YES_ACC_20066,YES_ACC_20241,2372.38,2026-01-10 17:54:00,TRANSFER,IMPS,Yes Bank,IN,0,NORMAL_BANKING_FLOW
TX_YES_112363,YES_ACC_20124,YES_ACC_20166,1585.59,2026-01-10 17:24:06,TRANSFER,UPI,Yes Bank,IN,0,NORMAL_BANKING_FLOW
TX_YES_112364,YES_ACC_20110,YES_ACC_20078,636.77,2026-01-10 18:17:15,TRANSFER,UPI,Yes Bank,IN,0,NORMAL_BANKING_FLOW
TX_YES_112365,YES_ACC_20219,INDUS_ACC_20152,1948.75,2026-01-10 17:51:36,TRANSFER,UPI,Yes Bank,IN,0,NORMAL_BANKING_FLOW
TX_YES_112366,YES_ACC_20049,YES_ACC_20202,217.42,2026-01-10 18:27:35,TRANSFER,UPI,Yes Bank,IN,0,NORMAL_BANKING_FLOW
TX_YES_112367,YES_ACC_20052,YES_ACC_20125,790.67,2026-01-10 16:28:40,TRANSFER,UPI,Yes Bank,IN,0,NORMAL_BANKING_FLOW
TX_YES_112368,YES_ACC_20188,BOB_ACC_20242,1677.97,2026-01-10 19:00:18,TRANSFER,IMPS,Yes Bank,IN,0,NORMAL_BANKING_FLOW
TX_YES_112369,YES_ACC_20212,YES_ACC_20043,1932.13,2026-01-10 16:42:44,TRANSFER,IMPS,Yes Bank,IN,0,NORMAL_BANKING_FLOW
TX_YES_112370,YES_ACC_20170,HDFC_ACC_20154,1813.29,2026-01-10 19:11:04,TRANSFER,IMPS,Yes Bank,IN,0,NORMAL_BANKING_FLOW
TX_YES_112371,YES_ACC_20075,KOTAK_ACC_20159,1293.81,2026-01-10 18:49:30,TRANSFER,UPI,Yes Bank,IN,0,NORMAL_BANKING_FLOW
TX_YES_112372,YES_ACC_20090,YES_ACC_20189,832.01,2026-01-10 16:34:51,TRANSFER,IMPS,Yes Bank,IN,0,NORMAL_BANKING_FLOW
TX_YES_112373,YES_ACC_20243,YES_ACC_20106,1610.3,2026-01-10 18:19:28,TRANSFER,UPI,Yes Bank,IN,0,NORMAL_BANKING_FLOW
TX_YES_112374,YES_ACC_20139,YES_ACC_20243,420.91,2026-01-10 16:17:21,TRANSFER,IMPS,Yes Bank,IN,0,NORMAL_BANKING_FLOW
TX_YES_112375,YES_ACC_20038,YES_ACC_20210,463.96,2026-01-10 17:39:50,TRANSFER,IMPS,Yes Bank,IN,0,NORMAL_BANKING_FLOW
TX_YES_112376,YES_ACC_20047,BOB_ACC_20117,1048.97,2026-01-10 18:07:55,TRANSFER,UPI,Yes Bank,IN,0,NORMAL_BANKING_FLOW
TX_YES_112377,YES_ACC_20103,YES_ACC_20200,1159.66,2026-01-10 18:54:36,TRANSFER,UPI,Yes Bank,IN,0,NORMAL_BANKING_FLOW
TX_YES_112378,YES_ACC_20144,INDUS_ACC_20017,191.89,2026-01-10 16:32:20,TRANSFER,IMPS,Yes Bank,IN,0,NORMAL_BANKING_FLOW
TX_YES_112379,YES_ACC_20157,YES_ACC_20226,1494.63,2026-01-10 19:28:44,TRANSFER,IMPS,Yes Bank,IN,0,NORMAL_BANKING_FLOW
TX_YES_112380,YES_ACC_20086,CANARA_ACC_20135,1989.14,2026-01-10 17:05:33,TRANSFER,UPI,Yes Bank,IN,0,NORMAL_BANKING_FLOW
TX_YES_112381,YES_ACC_20140,YES_ACC_20204,925.6,2026-01-10 19:07:20,TRANSFER,UPI,Yes Bank,IN,0,NORMAL_BANKING_FLOW
TX_YES_112382,YES_ACC_20003,YES_ACC_20209,8408.68,2026-01-10 16:19:37,TRANSFER,UPI,Yes Bank,IN,0,NORMAL_BANKING_FLOW
TX_YES_112383,YES_ACC_20056,YES_ACC_20192,536.66,2026-01-10 19:42:00,TRANSFER,IMPS,Yes Bank,IN,0,NORMAL_BANKING_FLOW
TX_YES_112384,YES_ACC_20209,HDFC_ACC_20020,716.96,2026-01-10 18:32:15,TRANSFER,UPI,Yes Bank,IN,0,NORMAL_BANKING_FLOW
TX_YES_112385,YES_ACC_20120,YES_ACC_20213,695.37,2026-01-10 17:03:04,TRANSFER,UPI,Yes Bank,IN,0,NORMAL_BANKING_FLOW
TX_YES_112386,YES_ACC_20059,PNB_ACC_20163,926.52,2026-01-10 19:26:00,TRANSFER,UPI,Yes Bank,IN,0,NORMAL_BANKING_FLOW
TX_YES_112387,YES_ACC_20179,HDFC_ACC_20177,738.15,2026-01-10 19:03:06,TRANSFER,IMPS,Yes Bank,IN,0,NORMAL_BANKING_FLOW
TX_YES_112388,YES_ACC_20160,YES_ACC_20244,279.74,2026-01-10 19:37:26,TRANSFER,UPI,Yes Bank,IN,0,NORMAL_BANKING_FLOW
TX_YES_112389,YES_ACC_20037,YES_ACC_20203,606.74,2026-01-10 16:21:36,TRANSFER,UPI,Yes Bank,IN,0,NORMAL_BANKING_FLOW
TX_YES_112390,YES_ACC_20188,YES_ACC_20056,908.81,2026-01-10 17:14:52,TRANSFER,UPI,Yes Bank,IN,0,NORMAL_BANKING_FLOW
TX_YES_112391,YES_ACC_20158,YES_ACC_20017,2998.04,2026-01-10 17:20:10,TRANSFER,UPI,Yes Bank,IN,0,NORMAL_BANKING_FLOW
TX_YES_112392,YES_ACC_20245,YES_ACC_20195,7201.32,2026-01-10 16:41:51,TRANSFER,UPI,Yes Bank,IN,0,NORMAL_BANKING_FLOW
TX_YES_112393,YES_ACC_20195,AXIS_ACC_20138,3300.82,2026-01-10 19:22:48,TRANSFER,UPI,Yes Bank,IN,0,NORMAL_BANKING_FLOW
TX_YES_112394,YES_ACC_20040,YES_ACC_20120,493.81,2026-01-10 19:38:21,TRANSFER,UPI,Yes Bank,IN,0,NORMAL_BANKING_FLOW
TX_YES_112395,YES_ACC_20241,YES_ACC_20040,530.47,2026-01-10 18:11:06,TRANSFER,IMPS,Yes Bank,IN,0,NORMAL_BANKING_FLOW
TX_YES_112396,YES_ACC_20162,YES_ACC_20075,859.72,2026-01-10 17:27:30,TRANSFER,UPI,Yes Bank,IN,0,NORMAL_BANKING_FLOW
TX_YES_112397,YES_ACC_20197,YES_ACC_20224,4944.86,2026-01-10 17:08:16,TRANSFER,UPI,Yes Bank,IN,0,NORMAL_BANKING_FLOW
TX_YES_112398,YES_ACC_20077,YES_ACC_20066,855.01,2026-01-10 18:22:57,TRANSFER,UPI,Yes Bank,IN,0,NORMAL_BANKING_FLOW
TX_YES_112399,YES_ACC_20117,YES_ACC_20006,300.44,2026-01-10 18:53:26,TRANSFER,UPI,Yes Bank,IN,0,NORMAL_BANKING_FLOW
TX_YES_112400,YES_ACC_20005,YES_ACC_20017,632.03,2026-01-10 18:19:20,TRANSFER,UPI,Yes Bank,IN,0,NORMAL_BANKING_FLOW
TX_YES_112401,YES_ACC_20249,KOTAK_ACC_20207,1961.28,2026-01-10 17:50:00,TRANSFER,UPI,Yes Bank,IN,0,NORMAL_BANKING_FLOW
TX_YES_112402,YES_ACC_20031,YES_ACC_20180,1846.31,2026-01-10 19:15:51,TRANSFER,UPI,Yes Bank,IN,0,NORMAL_BANKING_FLOW
TX_YES_112403,YES_ACC_20044,BOB_ACC_20020,828.66,2026-01-10 18:36:26,TRANSFER,UPI,Yes Bank,IN,0,NORMAL_BANKING_FLOW
TX_YES_112404,YES_ACC_20194,YES_ACC_20069,1835.5,2026-01-10 16:35:57,TRANSFER,UPI,Yes Bank,IN,0,NORMAL_BANKING_FLOW
TX_YES_112405,YES_ACC_20055,YES_ACC_20075,128.27,2026-01-10 17:32:00,TRANSFER,IMPS,Yes Bank,IN,0,NORMAL_BANKING_FLOW
TX_YES_112406,YES_ACC_20140,YES_ACC_20019,1089.47,2026-01-10 16:41:40,TRANSFER,UPI,Yes Bank,IN,0,NORMAL_BANKING_FLOW
TX_YES_112407,YES_ACC_20112,YES_ACC_20063,2153.0,2026-01-10 20:00:54,TRANSFER,IMPS,Yes Bank,IN,0,NORMAL_BANKING_FLOW
TX_YES_112408,YES_ACC_20086,CANARA_ACC_20192,468.92,2026-01-10 17:18:09,TRANSFER,UPI,Yes Bank,IN,0,NORMAL_BANKING_FLOW
TX_YES_112409,YES_ACC_20086,YES_ACC_20072,467.45,2026-01-10 17:44:16,TRANSFER,UPI,Yes Bank,IN,0,NORMAL_BANKING_FLOW
TX_YES_112410,YES_ACC_20223,YES_ACC_20024,184.97,2026-01-10 17:49:57,TRANSFER,UPI,Yes Bank,IN,0,NORMAL_BANKING_FLOW
TX_YES_112411,YES_ACC_20142,SBI_ACC_20036,4150.18,2026-01-10 19:28:40,TRANSFER,UPI,Yes Bank,IN,0,NORMAL_BANKING_FLOW
TX_YES_112412,YES_ACC_20249,KOTAK_ACC_20195,518.98,2026-01-10 20:11:00,TRANSFER,UPI,Yes Bank,IN,0,NORMAL_BANKING_FLOW
TX_YES_112413,YES_ACC_20104,YES_ACC_20096,1232.67,2026-01-10 16:54:24,TRANSFER,IMPS,Yes Bank,IN,0,NORMAL_BANKING_FLOW
TX_YES_112414,YES_ACC_20175,ICICI_ACC_20069,1708.76,2026-01-10 19:31:16,TRANSFER,UPI,Yes Bank,IN,0,NORMAL_BANKING_FLOW
TX_YES_112415,YES_ACC_20134,HDFC_ACC_20241,3869.42,2026-01-10 16:34:12,TRANSFER,UPI,Yes Bank,IN,0,NORMAL_BANKING_FLOW
TX_YES_112416,YES_ACC_20059,YES_ACC_20130,863.93,2026-01-10 19:54:00,TRANSFER,UPI,Yes Bank,IN,0,NORMAL_BANKING_FLOW
TX_YES_112417,YES_ACC_20003,PNB_ACC_20123,610.64,2026-01-10 16:50:36,TRANSFER,UPI,Yes Bank,IN,0,NORMAL_BANKING_FLOW
TX_YES_112418,YES_ACC_20019,YES_ACC_20122,1159.52,2026-01-10 20:17:00,TRANSFER,UPI,Yes Bank,IN,0,NORMAL_BANKING_FLOW
TX_YES_112419,YES_ACC_20044,YES_ACC_20187,3151.62,2026-01-10 18:37:18,TRANSFER,IMPS,Yes Bank,IN,0,NORMAL_BANKING_FLOW
TX_YES_112420,YES_ACC_20031,ICICI_ACC_20092,851.37,2026-01-10 18:11:24,TRANSFER,UPI,Yes Bank,IN,0,NORMAL_BANKING_FLOW
TX_YES_112421,YES_ACC_20089,YES_ACC_20111,420.15,2026-01-10 19:21:20,TRANSFER,UPI,Yes Bank,IN,0,NORMAL_BANKING_FLOW
TX_YES_112422,YES_ACC_20132,YES_ACC_20205,247.97,2026-01-10 17:35:09,TRANSFER,UPI,Yes Bank,IN,0,NORMAL_BANKING_FLOW
TX_YES_112423,YES_ACC_20201,INDUS_ACC_20105,330.57,2026-01-10 16:58:04,TRANSFER,UPI,Yes Bank,IN,0,NORMAL_BANKING_FLOW
TX_YES_112424,YES_ACC_20122,YES_ACC_20048,2160.19,2026-01-10 19:13:01,TRANSFER,UPI,Yes Bank,IN,0,NORMAL_BANKING_FLOW
TX_YES_112425,YES_ACC_20158,YES_ACC_20231,743.55,2026-01-10 17:15:00,TRANSFER,UPI,Yes Bank,IN,0,NORMAL_BANKING_FLOW
TX_YES_112426,YES_ACC_20227,YES_ACC_20154,574.35,2026-01-10 16:53:45,TRANSFER,IMPS,Yes Bank,IN,0,NORMAL_BANKING_FLOW
TX_YES_112427,YES_ACC_20086,YES_ACC_20220,520.94,2026-01-10 20:04:16,TRANSFER,UPI,Yes Bank,IN,0,NORMAL_BANKING_FLOW
TX_YES_112428,YES_ACC_20175,YES_ACC_20025,1071.21,2026-01-10 20:16:06,TRANSFER,IMPS,Yes Bank,IN,0,NORMAL_BANKING_FLOW
TX_YES_112429,YES_ACC_20020,SBI_ACC_20024,799.9,2026-01-10 19:33:20,TRANSFER,UPI,Yes Bank,IN,0,NORMAL_BANKING_FLOW
TX_YES_112430,YES_ACC_20033,YES_ACC_20191,776.02,2026-01-10 18:00:57,TRANSFER,UPI,Yes Bank,IN,0,NORMAL_BANKING_FLOW
TX_YES_112431,YES_ACC_20086,YES_ACC_20152,3342.22,2026-01-10 18:29:00,TRANSFER,UPI,Yes Bank,IN,0,NORMAL_BANKING_FLOW
TX_YES_112432,YES_ACC_20130,YES_ACC_20024,3960.85,2026-01-10 18:40:40,TRANSFER,UPI,Yes Bank,IN,0,NORMAL_BANKING_FLOW
TX_YES_112433,YES_ACC_20137,YES_ACC_20035,232.99,2026-01-10 17:57:04,TRANSFER,IMPS,Yes Bank,IN,0,NORMAL_BANKING_FLOW
TX_YES_112434,YES_ACC_20109,YES_ACC_20020,1332.53,2026-01-10 20:27:27,TRANSFER,UPI,Yes Bank,IN,0,NORMAL_BANKING_FLOW
TX_YES_112435,YES_ACC_20097,YES_ACC_20036,493.16,2026-01-10 18:42:40,TRANSFER,UPI,Yes Bank,IN,0,NORMAL_BANKING_FLOW
TX_YES_112436,YES_ACC_20143,YES_ACC_20118,793.6,2026-01-10 19:00:05,TRANSFER,UPI,Yes Bank,IN,0,NORMAL_BANKING_FLOW
TX_YES_112437,YES_ACC_20142,YES_ACC_20223,1310.74,2026-01-10 19:28:48,TRANSFER,IMPS,Yes Bank,IN,0,NORMAL_BANKING_FLOW
TX_YES_112438,YES_ACC_20175,HDFC_ACC_20139,819.38,2026-01-10 19:07:08,TRANSFER,UPI,Yes Bank,IN,0,NORMAL_BANKING_FLOW
TX_YES_112439,YES_ACC_20050,BOB_ACC_20058,1220.99,2026-01-10 16:47:02,TRANSFER,IMPS,Yes Bank,IN,0,NORMAL_BANKING_FLOW
TX_YES_112440,YES_ACC_20229,YES_ACC_20011,1818.33,2026-01-10 18:12:06,TRANSFER,UPI,Yes Bank,IN,0,NORMAL_BANKING_FLOW
TX_YES_112441,YES_ACC_20003,YES_ACC_20196,1293.52,2026-01-10 18:29:40,TRANSFER,IMPS,Yes Bank,IN,0,NORMAL_BANKING_FLOW
TX_YES_112442,YES_ACC_20059,BOB_ACC_20007,554.38,2026-01-10 20:41:00,TRANSFER,UPI,Yes Bank,IN,0,NORMAL_BANKING_FLOW
TX_YES_112443,YES_ACC_20042,AXIS_ACC_20029,563.25,2026-01-10 17:28:12,TRANSFER,IMPS,Yes Bank,IN,0,NORMAL_BANKING_FLOW
TX_YES_112444,YES_ACC_20076,ICICI_ACC_20079,271.58,2026-01-10 20:43:00,TRANSFER,UPI,Yes Bank,IN,0,NORMAL_BANKING_FLOW
TX_YES_112445,YES_ACC_20023,KOTAK_ACC_20188,460.11,2026-01-10 20:15:20,TRANSFER,IMPS,Yes Bank,IN,0,NORMAL_BANKING_FLOW
TX_YES_112446,YES_ACC_20194,YES_ACC_20097,5801.44,2026-01-10 17:46:45,TRANSFER,UPI,Yes Bank,IN,0,NORMAL_BANKING_FLOW
TX_YES_112447,YES_ACC_20160,YES_ACC_20037,486.48,2026-01-10 19:54:06,TRANSFER,UPI,Yes Bank,IN,0,NORMAL_BANKING_FLOW
TX_YES_112448,YES_ACC_20056,YES_ACC_20239,338.99,2026-01-10 18:22:25,TRANSFER,UPI,Yes Bank,IN,0,NORMAL_BANKING_FLOW
TX_YES_112449,YES_ACC_20238,YES_ACC_20115,1323.37,2026-01-10 16:32:48,TRANSFER,IMPS,Yes Bank,IN,0,NORMAL_BANKING_FLOW
TX_YES_112450,YES_ACC_20186,YES_ACC_20063,898.45,2026-01-10 18:58:29,TRANSFER,UPI,Yes Bank,IN,0,NORMAL_BANKING_FLOW
TX_YES_112451,YES_ACC_20015,YES_ACC_20159,832.11,2026-01-10 18:06:40,TRANSFER,UPI,Yes Bank,IN,0,NORMAL_BANKING_FLOW
TX_YES_112452,YES_ACC_20022,YES_ACC_20011,3526.78,2026-01-10 18:42:18,TRANSFER,UPI,Yes Bank,IN,0,NORMAL_BANKING_FLOW
TX_YES_112453,YES_ACC_20198,YES_ACC_20099,1626.55,2026-01-10 17:44:16,TRANSFER,UPI,Yes Bank,IN,0,NORMAL_BANKING_FLOW
TX_YES_112454,YES_ACC_20099,HDFC_ACC_20099,615.85,2026-01-10 16:51:47,TRANSFER,UPI,Yes Bank,IN,0,NORMAL_BANKING_FLOW
TX_YES_112455,YES_ACC_20142,INDUS_ACC_20079,677.2,2026-01-10 20:42:12,TRANSFER,UPI,Yes Bank,IN,0,NORMAL_BANKING_FLOW
TX_YES_112456,YES_ACC_20233,YES_ACC_20164,631.23,2026-01-10 20:49:05,TRANSFER,UPI,Yes Bank,IN,0,NORMAL_BANKING_FLOW
TX_YES_112457,YES_ACC_20133,YES_ACC_20136,2180.4,2026-01-10 16:34:56,TRANSFER,IMPS,Yes Bank,IN,0,NORMAL_BANKING_FLOW
TX_YES_112458,YES_ACC_20235,HDFC_ACC_20131,751.95,2026-01-10 18:22:18,TRANSFER,IMPS,Yes Bank,IN,0,NORMAL_BANKING_FLOW
TX_YES_112459,YES_ACC_20146,YES_ACC_20035,197.58,2026-01-10 17:05:18,TRANSFER,UPI,Yes Bank,IN,0,NORMAL_BANKING_FLOW
TX_YES_112460,YES_ACC_20065,SBI_ACC_20083,950.05,2026-01-10 17:53:31,TRANSFER,IMPS,Yes Bank,IN,0,NORMAL_BANKING_FLOW
TX_YES_112461,YES_ACC_20217,CANARA_ACC_20193,248.81,2026-01-10 18:48:00,TRANSFER,UPI,Yes Bank,IN,0,NORMAL_BANKING_FLOW
TX_YES_112462,YES_ACC_20202,YES_ACC_20146,7085.51,2026-01-10 19:24:44,TRANSFER,UPI,Yes Bank,IN,0,NORMAL_BANKING_FLOW
TX_YES_112463,YES_ACC_20166,ICICI_ACC_20006,416.09,2026-01-10 19:07:22,TRANSFER,IMPS,Yes Bank,IN,0,NORMAL_BANKING_FLOW
TX_YES_112464,YES_ACC_20019,YES_ACC_20244,857.76,2026-01-10 21:03:00,TRANSFER,IMPS,Yes Bank,IN,0,NORMAL_BANKING_FLOW
TX_YES_112465,YES_ACC_20149,YES_ACC_20075,1251.86,2026-01-10 20:45:48,TRANSFER,IMPS,Yes Bank,IN,0,NORMAL_BANKING_FLOW
TX_YES_112466,YES_ACC_20179,YES_ACC_20049,765.25,2026-01-10 17:13:50,TRANSFER,UPI,Yes Bank,IN,0,NORMAL_BANKING_FLOW
TX_YES_112467,YES_ACC_20007,YES_ACC_20015,764.31,2026-01-10 16:55:54,TRANSFER,IMPS,Yes Bank,IN,0,NORMAL_BANKING_FLOW
TX_YES_112468,YES_ACC_20108,BOB_ACC_20235,1450.47,2026-01-10 21:00:53,TRANSFER,IMPS,Yes Bank,IN,0,NORMAL_BANKING_FLOW
TX_YES_112469,YES_ACC_20112,YES_ACC_20179,3919.01,2026-01-10 18:59:12,TRANSFER,UPI,Yes Bank,IN,0,NORMAL_BANKING_FLOW
TX_YES_112470,YES_ACC_20201,YES_ACC_20055,1979.81,2026-01-10 20:01:21,TRANSFER,IMPS,Yes Bank,IN,0,NORMAL_BANKING_FLOW
TX_YES_112471,YES_ACC_20064,SBI_ACC_20206,3754.32,2026-01-10 18:48:10,TRANSFER,UPI,Yes Bank,IN,0,NORMAL_BANKING_FLOW
TX_YES_112472,YES_ACC_20199,PNB_ACC_20177,386.85,2026-01-10 18:30:14,TRANSFER,UPI,Yes Bank,IN,0,NORMAL_BANKING_FLOW
TX_YES_112473,YES_ACC_20229,INDUS_ACC_20081,1320.32,2026-01-10 19:32:48,TRANSFER,UPI,Yes Bank,IN,0,NORMAL_BANKING_FLOW
TX_YES_112474,YES_ACC_20098,KOTAK_ACC_20025,1141.07,2026-01-10 19:02:27,TRANSFER,IMPS,Yes Bank,IN,0,NORMAL_BANKING_FLOW
TX_YES_112475,YES_ACC_20101,YES_ACC_20118,1361.01,2026-01-10 21:01:32,TRANSFER,UPI,Yes Bank,IN,0,NORMAL_BANKING_FLOW
TX_YES_112476,YES_ACC_20197,HDFC_ACC_20248,3424.15,2026-01-10 17:11:15,TRANSFER,UPI,Yes Bank,IN,0,NORMAL_BANKING_FLOW
TX_YES_112477,YES_ACC_20035,YES_ACC_20127,813.45,2026-01-10 17:05:20,TRANSFER,IMPS,Yes Bank,IN,0,NORMAL_BANKING_FLOW
TX_YES_112478,YES_ACC_20176,YES_ACC_20178,688.87,2026-01-10 16:40:32,TRANSFER,UPI,Yes Bank,IN,0,NORMAL_BANKING_FLOW
TX_YES_112479,YES_ACC_20196,YES_ACC_20195,1604.52,2026-01-10 18:46:48,TRANSFER,UPI,Yes Bank,IN,0,NORMAL_BANKING_FLOW
TX_YES_112480,YES_ACC_20125,YES_ACC_20207,200.26,2026-01-10 19:00:02,TRANSFER,UPI,Yes Bank,IN,0,NORMAL_BANKING_FLOW
TX_YES_112481,YES_ACC_20226,YES_ACC_20092,801.78,2026-01-10 17:44:40,TRANSFER,IMPS,Yes Bank,IN,0,NORMAL_BANKING_FLOW
TX_YES_112482,YES_ACC_20117,YES_ACC_20089,879.38,2026-01-10 18:48:36,TRANSFER,UPI,Yes Bank,IN,0,NORMAL_BANKING_FLOW
TX_YES_112483,YES_ACC_20234,AXIS_ACC_20048,433.41,2026-01-10 16:41:52,TRANSFER,UPI,Yes Bank,IN,0,NORMAL_BANKING_FLOW
TX_YES_112484,YES_ACC_20155,BOB_ACC_20165,2569.21,2026-01-10 18:56:11,TRANSFER,IMPS,Yes Bank,IN,0,NORMAL_BANKING_FLOW
TX_YES_112485,YES_ACC_20215,YES_ACC_20016,381.45,2026-01-10 18:18:24,TRANSFER,UPI,Yes Bank,IN,0,NORMAL_BANKING_FLOW
TX_YES_112486,YES_ACC_20194,YES_ACC_20162,878.06,2026-01-10 20:01:35,TRANSFER,UPI,Yes Bank,IN,0,NORMAL_BANKING_FLOW
TX_YES_112487,YES_ACC_20048,KOTAK_ACC_20052,1291.86,2026-01-10 20:08:48,TRANSFER,UPI,Yes Bank,IN,0,NORMAL_BANKING_FLOW
TX_YES_112488,YES_ACC_20041,YES_ACC_20224,3354.66,2026-01-10 18:26:24,TRANSFER,IMPS,Yes Bank,IN,0,NORMAL_BANKING_FLOW
TX_YES_112489,YES_ACC_20138,YES_ACC_20033,982.89,2026-01-10 21:08:36,TRANSFER,IMPS,Yes Bank,IN,0,NORMAL_BANKING_FLOW
TX_YES_112490,YES_ACC_20000,YES_ACC_20062,2304.31,2026-01-10 17:22:38,TRANSFER,UPI,Yes Bank,IN,0,NORMAL_BANKING_FLOW
TX_YES_112491,YES_ACC_20139,YES_ACC_20055,1864.1,2026-01-10 18:08:30,TRANSFER,IMPS,Yes Bank,IN,0,NORMAL_BANKING_FLOW
TX_YES_112492,YES_ACC_20071,YES_ACC_20063,1108.89,2026-01-10 16:37:45,TRANSFER,UPI,Yes Bank,IN,0,NORMAL_BANKING_FLOW
TX_YES_112493,YES_ACC_20223,YES_ACC_20141,372.2,2026-01-10 20:00:32,TRANSFER,IMPS,Yes Bank,IN,0,NORMAL_BANKING_FLOW
TX_YES_112494,YES_ACC_20235,SBI_ACC_20027,272.84,2026-01-10 18:42:42,TRANSFER,IMPS,Yes Bank,IN,0,NORMAL_BANKING_FLOW
TX_YES_112495,YES_ACC_20086,YES_ACC_20189,1092.1,2026-01-10 18:43:16,TRANSFER,UPI,Yes Bank,IN,0,NORMAL_BANKING_FLOW
TX_YES_112496,YES_ACC_20090,YES_ACC_20126,608.85,2026-01-10 16:38:45,TRANSFER,UPI,Yes Bank,IN,0,NORMAL_BANKING_FLOW
TX_YES_112497,YES_ACC_20209,SBI_ACC_20156,2269.55,2026-01-10 16:52:12,TRANSFER,UPI,Yes Bank,IN,0,NORMAL_BANKING_FLOW
TX_YES_112498,YES_ACC_20036,YES_ACC_20119,1941.61,2026-01-10 18:51:35,TRANSFER,UPI,Yes Bank,IN,0,NORMAL_BANKING_FLOW
TX_YES_112499,YES_ACC_20069,YES_ACC_20102,840.38,2026-01-10 20:51:34,TRANSFER,UPI,Yes Bank,IN,0,NORMAL_BANKING_FLOW
TX_YES_112500,YES_ACC_20199,YES_ACC_20147,350.04,2026-01-10 20:52:27,TRANSFER,IMPS,Yes Bank,IN,0,NORMAL_BANKING_FLOW
TX_YES_112501,YES_ACC_20049,INDUS_ACC_20225,1571.31,2026-01-10 17:26:40,TRANSFER,UPI,Yes Bank,IN,0,NORMAL_BANKING_FLOW
TX_YES_112502,YES_ACC_20138,YES_ACC_20034,396.96,2026-01-10 18:33:52,TRANSFER,UPI,Yes Bank,IN,0,NORMAL_BANKING_FLOW
TX_YES_112503,YES_ACC_20242,YES_ACC_20105,501.39,2026-01-10 19:34:42,TRANSFER,UPI,Yes Bank,IN,0,NORMAL_BANKING_FLOW
TX_YES_112504,YES_ACC_20244,YES_ACC_20248,410.97,2026-01-10 21:36:17,TRANSFER,UPI,Yes Bank,IN,0,NORMAL_BANKING_FLOW
TX_YES_112505,YES_ACC_20116,CANARA_ACC_20081,875.99,2026-01-10 20:03:00,TRANSFER,IMPS,Yes Bank,IN,0,NORMAL_BANKING_FLOW
TX_YES_112506,YES_ACC_20183,KOTAK_ACC_20238,2844.59,2026-01-10 17:55:30,TRANSFER,UPI,Yes Bank,IN,0,NORMAL_BANKING_FLOW
TX_YES_112507,YES_ACC_20176,YES_ACC_20025,987.78,2026-01-10 21:32:28,TRANSFER,IMPS,Yes Bank,IN,0,NORMAL_BANKING_FLOW
TX_YES_112508,YES_ACC_20181,YES_ACC_20157,665.88,2026-01-10 19:10:59,TRANSFER,IMPS,Yes Bank,IN,0,NORMAL_BANKING_FLOW
TX_YES_112509,YES_ACC_20139,KOTAK_ACC_20024,251.38,2026-01-10 19:59:12,TRANSFER,IMPS,Yes Bank,IN,0,NORMAL_BANKING_FLOW
TX_YES_112510,YES_ACC_20083,CANARA_ACC_20192,1630.94,2026-01-10 21:42:11,TRANSFER,UPI,Yes Bank,IN,0,NORMAL_BANKING_FLOW
TX_YES_112511,YES_ACC_20009,CANARA_ACC_20086,491.59,2026-01-10 20:07:30,TRANSFER,UPI,Yes Bank,IN,0,NORMAL_BANKING_FLOW
TX_YES_112512,YES_ACC_20110,YES_ACC_20075,1102.97,2026-01-10 19:06:36,TRANSFER,UPI,Yes Bank,IN,0,NORMAL_BANKING_FLOW
TX_YES_112513,YES_ACC_20190,BOB_ACC_20136,721.41,2026-01-10 20:36:28,TRANSFER,UPI,Yes Bank,IN,0,NORMAL_BANKING_FLOW
TX_YES_112514,YES_ACC_20098,YES_ACC_20246,2109.82,2026-01-10 21:32:21,TRANSFER,IMPS,Yes Bank,IN,0,NORMAL_BANKING_FLOW
TX_YES_112515,YES_ACC_20221,YES_ACC_20057,861.34,2026-01-10 20:58:48,TRANSFER,UPI,Yes Bank,IN,0,NORMAL_BANKING_FLOW
TX_YES_112516,YES_ACC_20147,YES_ACC_20118,941.02,2026-01-10 20:52:45,TRANSFER,UPI,Yes Bank,IN,0,NORMAL_BANKING_FLOW
TX_YES_112517,YES_ACC_20071,HDFC_ACC_20076,1536.36,2026-01-10 17:04:48,TRANSFER,UPI,Yes Bank,IN,0,NORMAL_BANKING_FLOW
TX_YES_112518,YES_ACC_20061,YES_ACC_20160,6609.39,2026-01-10 17:53:45,TRANSFER,UPI,Yes Bank,IN,0,NORMAL_BANKING_FLOW
TX_YES_112519,YES_ACC_20219,YES_ACC_20141,2207.47,2026-01-10 21:37:06,TRANSFER,IMPS,Yes Bank,IN,0,NORMAL_BANKING_FLOW
TX_YES_112520,YES_ACC_20195,KOTAK_ACC_20004,916.22,2026-01-10 18:01:34,TRANSFER,UPI,Yes Bank,IN,0,NORMAL_BANKING_FLOW
TX_YES_112521,YES_ACC_20079,YES_ACC_20112,995.13,2026-01-10 18:51:00,TRANSFER,UPI,Yes Bank,IN,0,NORMAL_BANKING_FLOW
TX_YES_112522,YES_ACC_20203,YES_ACC_20112,618.7,2026-01-10 21:46:58,TRANSFER,UPI,Yes Bank,IN,0,NORMAL_BANKING_FLOW
TX_YES_112523,YES_ACC_20169,YES_ACC_20235,422.0,2026-01-10 18:02:52,TRANSFER,UPI,Yes Bank,IN,0,NORMAL_BANKING_FLOW
TX_YES_112524,YES_ACC_20128,YES_ACC_20002,603.37,2026-01-10 18:24:27,TRANSFER,UPI,Yes Bank,IN,0,NORMAL_BANKING_FLOW
TX_YES_112525,YES_ACC_20198,YES_ACC_20101,495.25,2026-01-10 18:32:00,TRANSFER,UPI,Yes Bank,IN,0,NORMAL_BANKING_FLOW
TX_YES_112526,YES_ACC_20205,ICICI_ACC_20213,1786.53,2026-01-10 21:36:40,TRANSFER,UPI,Yes Bank,IN,0,NORMAL_BANKING_FLOW
TX_YES_112527,YES_ACC_20241,PNB_ACC_20075,378.39,2026-01-10 17:14:54,TRANSFER,IMPS,Yes Bank,IN,0,NORMAL_BANKING_FLOW
TX_YES_112528,YES_ACC_20107,YES_ACC_20118,3294.1,2026-01-10 21:17:11,TRANSFER,UPI,Yes Bank,IN,0,NORMAL_BANKING_FLOW
TX_YES_112529,YES_ACC_20014,CANARA_ACC_20144,1952.45,2026-01-10 22:08:00,TRANSFER,UPI,Yes Bank,IN,0,NORMAL_BANKING_FLOW
TX_YES_112530,YES_ACC_20019,YES_ACC_20185,1010.75,2026-01-10 16:47:15,TRANSFER,UPI,Yes Bank,IN,0,NORMAL_BANKING_FLOW
TX_YES_112531,YES_ACC_20237,BOB_ACC_20216,992.56,2026-01-10 21:05:30,TRANSFER,UPI,Yes Bank,IN,0,NORMAL_BANKING_FLOW
TX_YES_112532,YES_ACC_20107,YES_ACC_20004,600.91,2026-01-10 18:49:52,TRANSFER,UPI,Yes Bank,IN,0,NORMAL_BANKING_FLOW
TX_YES_112533,YES_ACC_20030,YES_ACC_20010,1265.31,2026-01-10 21:21:36,TRANSFER,UPI,Yes Bank,IN,0,NORMAL_BANKING_FLOW
TX_YES_112534,YES_ACC_20089,YES_ACC_20249,2641.98,2026-01-10 18:22:04,TRANSFER,UPI,Yes Bank,IN,0,NORMAL_BANKING_FLOW
TX_YES_112535,YES_ACC_20177,YES_ACC_20017,526.98,2026-01-10 18:00:50,TRANSFER,UPI,Yes Bank,IN,0,NORMAL_BANKING_FLOW
TX_YES_112536,YES_ACC_20185,YES_ACC_20008,249.62,2026-01-10 17:10:30,TRANSFER,IMPS,Yes Bank,IN,0,NORMAL_BANKING_FLOW
TX_YES_112537,YES_ACC_20088,YES_ACC_20235,1868.51,2026-01-10 17:54:24,TRANSFER,UPI,Yes Bank,IN,0,NORMAL_BANKING_FLOW
TX_YES_112538,YES_ACC_20087,YES_ACC_20006,1328.66,2026-01-10 21:18:44,TRANSFER,IMPS,Yes Bank,IN,0,NORMAL_BANKING_FLOW
TX_YES_112539,YES_ACC_20076,YES_ACC_20089,362.06,2026-01-10 17:11:24,TRANSFER,IMPS,Yes Bank,IN,0,NORMAL_BANKING_FLOW
TX_YES_112540,YES_ACC_20213,AXIS_ACC_20010,512.83,2026-01-10 20:07:18,TRANSFER,IMPS,Yes Bank,IN,0,NORMAL_BANKING_FLOW
TX_YES_112541,YES_ACC_20229,YES_ACC_20095,457.97,2026-01-10 19:38:40,TRANSFER,UPI,Yes Bank,IN,0,NORMAL_BANKING_FLOW
TX_YES_112542,YES_ACC_20226,ICICI_ACC_20005,516.94,2026-01-10 20:08:42,TRANSFER,UPI,Yes Bank,IN,0,NORMAL_BANKING_FLOW
TX_YES_112543,YES_ACC_20081,YES_ACC_20045,741.51,2026-01-10 18:04:10,TRANSFER,UPI,Yes Bank,IN,0,NORMAL_BANKING_FLOW
TX_YES_112544,YES_ACC_20179,YES_ACC_20049,780.63,2026-01-10 21:09:10,TRANSFER,UPI,Yes Bank,IN,0,NORMAL_BANKING_FLOW
TX_YES_112545,YES_ACC_20190,YES_ACC_20122,552.41,2026-01-10 20:25:36,TRANSFER,UPI,Yes Bank,IN,0,NORMAL_BANKING_FLOW
TX_YES_112546,YES_ACC_20189,YES_ACC_20242,501.52,2026-01-10 22:25:00,TRANSFER,UPI,Yes Bank,IN,0,NORMAL_BANKING_FLOW
TX_YES_112547,YES_ACC_20001,YES_ACC_20056,807.62,2026-01-10 22:03:42,TRANSFER,UPI,Yes Bank,IN,0,NORMAL_BANKING_FLOW
TX_YES_112548,YES_ACC_20071,YES_ACC_20156,1153.92,2026-01-10 17:58:48,TRANSFER,IMPS,Yes Bank,IN,0,NORMAL_BANKING_FLOW
TX_YES_112549,YES_ACC_20036,YES_ACC_20120,746.45,2026-01-10 18:21:36,TRANSFER,IMPS,Yes Bank,IN,0,NORMAL_BANKING_FLOW
TX_YES_112550,YES_ACC_20107,YES_ACC_20157,2815.23,2026-01-10 20:36:45,TRANSFER,IMPS,Yes Bank,IN,0,NORMAL_BANKING_FLOW
TX_YES_112551,YES_ACC_20099,PNB_ACC_20052,1567.57,2026-01-10 19:00:00,TRANSFER,IMPS,Yes Bank,IN,0,NORMAL_BANKING_FLOW
TX_YES_112552,YES_ACC_20247,BOB_ACC_20072,237.04,2026-01-10 18:15:26,TRANSFER,UPI,Yes Bank,IN,0,NORMAL_BANKING_FLOW
TX_YES_112553,YES_ACC_20143,YES_ACC_20249,1589.79,2026-01-10 18:00:48,TRANSFER,UPI,Yes Bank,IN,0,NORMAL_BANKING_FLOW
TX_YES_112554,YES_ACC_20227,YES_ACC_20091,1711.27,2026-01-10 21:17:30,TRANSFER,UPI,Yes Bank,IN,0,NORMAL_BANKING_FLOW
TX_YES_112555,YES_ACC_20239,YES_ACC_20203,670.98,2026-01-10 20:40:30,TRANSFER,IMPS,Yes Bank,IN,0,NORMAL_BANKING_FLOW
TX_YES_112556,YES_ACC_20173,BOB_ACC_20095,258.35,2026-01-10 19:40:35,TRANSFER,UPI,Yes Bank,IN,0,NORMAL_BANKING_FLOW
TX_YES_112557,YES_ACC_20093,YES_ACC_20179,999.5,2026-01-10 20:04:00,TRANSFER,IMPS,Yes Bank,IN,0,NORMAL_BANKING_FLOW
TX_YES_112558,YES_ACC_20035,YES_ACC_20062,985.41,2026-01-10 21:36:04,TRANSFER,UPI,Yes Bank,IN,0,NORMAL_BANKING_FLOW
TX_YES_112559,YES_ACC_20174,YES_ACC_20167,361.59,2026-01-10 18:56:38,TRANSFER,UPI,Yes Bank,IN,0,NORMAL_BANKING_FLOW
TX_YES_112560,YES_ACC_20243,YES_ACC_20102,268.78,2026-01-10 21:53:06,TRANSFER,UPI,Yes Bank,IN,0,NORMAL_BANKING_FLOW
TX_YES_112561,YES_ACC_20170,YES_ACC_20227,917.09,2026-01-10 19:43:40,TRANSFER,UPI,Yes Bank,IN,0,NORMAL_BANKING_FLOW
TX_YES_112562,YES_ACC_20022,YES_ACC_20124,804.51,2026-01-10 18:35:08,TRANSFER,UPI,Yes Bank,IN,0,NORMAL_BANKING_FLOW
TX_YES_112563,YES_ACC_20066,HDFC_ACC_20070,681.61,2026-01-10 21:09:36,TRANSFER,UPI,Yes Bank,IN,0,NORMAL_BANKING_FLOW
TX_YES_112564,YES_ACC_20122,YES_ACC_20112,920.51,2026-01-10 19:14:39,TRANSFER,UPI,Yes Bank,IN,0,NORMAL_BANKING_FLOW
TX_YES_112565,YES_ACC_20104,CANARA_ACC_20168,367.79,2026-01-10 19:22:56,TRANSFER,UPI,Yes Bank,IN,0,NORMAL_BANKING_FLOW
TX_YES_112566,YES_ACC_20004,YES_ACC_20135,670.93,2026-01-10 17:27:15,TRANSFER,IMPS,Yes Bank,IN,0,NORMAL_BANKING_FLOW
TX_YES_112567,YES_ACC_20198,ICICI_ACC_20127,1603.58,2026-01-10 21:20:34,TRANSFER,UPI,Yes Bank,IN,0,NORMAL_BANKING_FLOW
TX_YES_112568,YES_ACC_20242,YES_ACC_20014,724.17,2026-01-10 20:58:02,TRANSFER,IMPS,Yes Bank,IN,0,NORMAL_BANKING_FLOW
TX_YES_112569,YES_ACC_20129,INDUS_ACC_20112,220.35,2026-01-10 20:19:48,TRANSFER,UPI,Yes Bank,IN,0,NORMAL_BANKING_FLOW
TX_YES_112570,YES_ACC_20072,ICICI_ACC_20243,648.44,2026-01-10 22:25:33,TRANSFER,UPI,Yes Bank,IN,0,NORMAL_BANKING_FLOW
TX_YES_112571,YES_ACC_20179,YES_ACC_20211,378.74,2026-01-10 16:57:30,TRANSFER,UPI,Yes Bank,IN,0,NORMAL_BANKING_FLOW
TX_YES_112572,YES_ACC_20247,YES_ACC_20044,1261.96,2026-01-10 19:34:45,TRANSFER,UPI,Yes Bank,IN,0,NORMAL_BANKING_FLOW
TX_YES_112573,YES_ACC_20103,YES_ACC_20198,1322.07,2026-01-10 18:08:48,TRANSFER,IMPS,Yes Bank,IN,0,NORMAL_BANKING_FLOW
TX_YES_112574,YES_ACC_20136,PNB_ACC_20197,222.98,2026-01-10 20:23:13,TRANSFER,UPI,Yes Bank,IN,0,NORMAL_BANKING_FLOW
TX_YES_112575,YES_ACC_20021,YES_ACC_20076,1964.73,2026-01-10 17:53:48,TRANSFER,UPI,Yes Bank,IN,0,NORMAL_BANKING_FLOW
TX_YES_112576,YES_ACC_20059,ICICI_ACC_20160,364.68,2026-01-10 17:30:25,TRANSFER,UPI,Yes Bank,IN,0,NORMAL_BANKING_FLOW
TX_YES_112577,YES_ACC_20215,YES_ACC_20012,4037.03,2026-01-10 22:08:24,TRANSFER,UPI,Yes Bank,IN,0,NORMAL_BANKING_FLOW
TX_YES_112578,YES_ACC_20187,YES_ACC_20130,949.66,2026-01-10 21:29:33,TRANSFER,UPI,Yes Bank,IN,0,NORMAL_BANKING_FLOW
TX_YES_112579,YES_ACC_20027,KOTAK_ACC_20111,323.19,2026-01-10 20:34:36,TRANSFER,UPI,Yes Bank,IN,0,NORMAL_BANKING_FLOW
TX_YES_112580,YES_ACC_20200,CANARA_ACC_20003,355.03,2026-01-10 20:27:19,TRANSFER,IMPS,Yes Bank,IN,0,NORMAL_BANKING_FLOW
TX_YES_112581,YES_ACC_20157,YES_ACC_20009,1357.34,2026-01-10 19:56:00,TRANSFER,UPI,Yes Bank,IN,0,NORMAL_BANKING_FLOW
TX_YES_112582,YES_ACC_20208,YES_ACC_20094,697.73,2026-01-10 17:48:21,TRANSFER,IMPS,Yes Bank,IN,0,NORMAL_BANKING_FLOW
TX_YES_112583,YES_ACC_20047,YES_ACC_20019,909.61,2026-01-10 22:53:58,TRANSFER,IMPS,Yes Bank,IN,0,NORMAL_BANKING_FLOW
TX_YES_112584,YES_ACC_20098,PNB_ACC_20085,4236.54,2026-01-10 18:05:09,TRANSFER,UPI,Yes Bank,IN,0,NORMAL_BANKING_FLOW
TX_YES_112585,YES_ACC_20239,PNB_ACC_20183,528.84,2026-01-10 18:13:36,TRANSFER,UPI,Yes Bank,IN,0,NORMAL_BANKING_FLOW
TX_YES_112586,YES_ACC_20247,AXIS_ACC_20235,1047.3,2026-01-10 21:11:50,TRANSFER,UPI,Yes Bank,IN,0,NORMAL_BANKING_FLOW
TX_YES_112587,YES_ACC_20139,YES_ACC_20001,3561.23,2026-01-10 19:43:30,TRANSFER,UPI,Yes Bank,IN,0,NORMAL_BANKING_FLOW
TX_YES_112588,YES_ACC_20226,YES_ACC_20031,1265.8,2026-01-10 18:31:02,TRANSFER,UPI,Yes Bank,IN,0,NORMAL_BANKING_FLOW
TX_YES_112589,YES_ACC_20020,YES_ACC_20015,233.7,2026-01-10 17:42:40,TRANSFER,UPI,Yes Bank,IN,0,NORMAL_BANKING_FLOW
TX_YES_112590,YES_ACC_20071,YES_ACC_20013,1563.76,2026-01-10 18:15:36,TRANSFER,UPI,Yes Bank,IN,0,NORMAL_BANKING_FLOW
TX_YES_112591,YES_ACC_20249,YES_ACC_20113,348.38,2026-01-10 17:18:50,TRANSFER,UPI,Yes Bank,IN,0,NORMAL_BANKING_FLOW
TX_YES_112592,YES_ACC_20218,YES_ACC_20114,3519.68,2026-01-10 22:54:38,TRANSFER,UPI,Yes Bank,IN,0,NORMAL_BANKING_FLOW
TX_YES_112593,YES_ACC_20074,YES_ACC_20055,473.15,2026-01-10 22:55:36,TRANSFER,UPI,Yes Bank,IN,0,NORMAL_BANKING_FLOW
TX_YES_112594,YES_ACC_20058,HDFC_ACC_20048,14365.12,2026-01-10 18:17:12,TRANSFER,UPI,Yes Bank,IN,0,NORMAL_BANKING_FLOW
TX_YES_112595,YES_ACC_20180,BOB_ACC_20202,3716.87,2026-01-10 18:09:22,TRANSFER,IMPS,Yes Bank,IN,0,NORMAL_BANKING_FLOW
TX_YES_112596,YES_ACC_20099,YES_ACC_20186,484.47,2026-01-10 22:33:45,TRANSFER,UPI,Yes Bank,IN,0,NORMAL_BANKING_FLOW
TX_YES_112597,YES_ACC_20063,YES_ACC_20132,1010.31,2026-01-10 19:16:16,TRANSFER,UPI,Yes Bank,IN,0,NORMAL_BANKING_FLOW
TX_YES_112598,YES_ACC_20069,YES_ACC_20133,1955.26,2026-01-10 22:43:52,TRANSFER,UPI,Yes Bank,IN,0,NORMAL_BANKING_FLOW
TX_YES_112599,YES_ACC_20147,CANARA_ACC_20228,2008.8,2026-01-10 21:21:48,TRANSFER,UPI,Yes Bank,IN,0,NORMAL_BANKING_FLOW
TX_YES_112600,YES_ACC_20193,YES_ACC_20036,1477.49,2026-01-10 19:51:05,TRANSFER,UPI,Yes Bank,IN,0,NORMAL_BANKING_FLOW
TX_YES_112601,YES_ACC_20165,YES_ACC_20013,3062.37,2026-01-10 21:15:00,TRANSFER,UPI,Yes Bank,IN,0,NORMAL_BANKING_FLOW
TX_YES_112602,YES_ACC_20234,YES_ACC_20217,888.32,2026-01-10 22:39:15,TRANSFER,UPI,Yes Bank,IN,0,NORMAL_BANKING_FLOW
TX_YES_112603,YES_ACC_20089,YES_ACC_20158,713.34,2026-01-10 22:31:48,TRANSFER,UPI,Yes Bank,IN,0,NORMAL_BANKING_FLOW
TX_YES_112604,YES_ACC_20097,YES_ACC_20209,726.2,2026-01-10 17:14:08,TRANSFER,UPI,Yes Bank,IN,0,NORMAL_BANKING_FLOW
TX_YES_112605,YES_ACC_20119,YES_ACC_20013,2148.52,2026-01-10 17:14:24,TRANSFER,UPI,Yes Bank,IN,0,NORMAL_BANKING_FLOW
TX_YES_112606,YES_ACC_20216,YES_ACC_20103,1378.38,2026-01-10 20:45:05,TRANSFER,UPI,Yes Bank,IN,0,NORMAL_BANKING_FLOW
TX_YES_112607,YES_ACC_20136,BOB_ACC_20127,1289.69,2026-01-10 20:03:36,TRANSFER,UPI,Yes Bank,IN,0,NORMAL_BANKING_FLOW
TX_YES_112608,YES_ACC_20068,INDUS_ACC_20232,2029.84,2026-01-10 18:39:42,TRANSFER,IMPS,Yes Bank,IN,0,NORMAL_BANKING_FLOW
TX_YES_112609,YES_ACC_20186,YES_ACC_20071,156.66,2026-01-10 19:14:00,TRANSFER,UPI,Yes Bank,IN,0,NORMAL_BANKING_FLOW
TX_YES_112610,YES_ACC_20010,YES_ACC_20045,1311.68,2026-01-10 18:15:07,TRANSFER,UPI,Yes Bank,IN,0,NORMAL_BANKING_FLOW
TX_YES_112611,YES_ACC_20062,YES_ACC_20212,1207.99,2026-01-10 21:14:00,TRANSFER,UPI,Yes Bank,IN,0,NORMAL_BANKING_FLOW
TX_YES_112612,YES_ACC_20023,YES_ACC_20037,4455.65,2026-01-10 17:24:47,TRANSFER,UPI,Yes Bank,IN,0,NORMAL_BANKING_FLOW
TX_YES_112613,YES_ACC_20245,PNB_ACC_20167,250.7,2026-01-10 18:16:16,TRANSFER,UPI,Yes Bank,IN,0,NORMAL_BANKING_FLOW
TX_YES_112614,YES_ACC_20165,YES_ACC_20090,4029.78,2026-01-10 17:59:33,TRANSFER,IMPS,Yes Bank,IN,0,NORMAL_BANKING_FLOW
TX_YES_112615,YES_ACC_20130,YES_ACC_20083,1061.96,2026-01-10 17:51:20,TRANSFER,UPI,Yes Bank,IN,0,NORMAL_BANKING_FLOW
TX_YES_112616,YES_ACC_20183,YES_ACC_20084,1540.85,2026-01-10 19:43:15,TRANSFER,IMPS,Yes Bank,IN,0,NORMAL_BANKING_FLOW
TX_YES_112617,YES_ACC_20125,YES_ACC_20197,4484.25,2026-01-10 18:35:00,TRANSFER,IMPS,Yes Bank,IN,0,NORMAL_BANKING_FLOW
TX_YES_112618,YES_ACC_20115,YES_ACC_20095,1643.67,2026-01-10 22:02:13,TRANSFER,IMPS,Yes Bank,IN,0,NORMAL_BANKING_FLOW
TX_YES_112619,YES_ACC_20192,YES_ACC_20045,1422.73,2026-01-10 17:44:02,TRANSFER,UPI,Yes Bank,IN,0,NORMAL_BANKING_FLOW
TX_YES_112620,YES_ACC_20110,YES_ACC_20061,1234.06,2026-01-10 18:36:15,TRANSFER,IMPS,Yes Bank,IN,0,NORMAL_BANKING_FLOW
TX_YES_112621,YES_ACC_20118,YES_ACC_20073,642.18,2026-01-10 19:46:00,TRANSFER,IMPS,Yes Bank,IN,0,NORMAL_BANKING_FLOW
TX_YES_112622,YES_ACC_20119,BOB_ACC_20079,967.16,2026-01-10 19:20:30,TRANSFER,UPI,Yes Bank,IN,0,NORMAL_BANKING_FLOW
TX_YES_112623,YES_ACC_20162,YES_ACC_20199,521.15,2026-01-10 21:05:24,TRANSFER,UPI,Yes Bank,IN,0,NORMAL_BANKING_FLOW
TX_YES_112624,YES_ACC_20053,YES_ACC_20060,953.26,2026-01-10 17:36:54,TRANSFER,IMPS,Yes Bank,IN,0,NORMAL_BANKING_FLOW
TX_YES_112625,YES_ACC_20206,YES_ACC_20065,121.23,2026-01-10 22:07:56,TRANSFER,IMPS,Yes Bank,IN,0,NORMAL_BANKING_FLOW
TX_YES_112626,YES_ACC_20111,CANARA_ACC_20060,1459.92,2026-01-10 19:22:30,TRANSFER,UPI,Yes Bank,IN,0,NORMAL_BANKING_FLOW
TX_YES_112627,YES_ACC_20140,YES_ACC_20044,889.3,2026-01-10 17:37:48,TRANSFER,UPI,Yes Bank,IN,0,NORMAL_BANKING_FLOW
TX_YES_112628,YES_ACC_20226,PNB_ACC_20154,733.2,2026-01-10 17:46:53,TRANSFER,UPI,Yes Bank,IN,0,NORMAL_BANKING_FLOW
TX_YES_112629,YES_ACC_20038,YES_ACC_20053,1209.28,2026-01-10 22:55:12,TRANSFER,UPI,Yes Bank,IN,0,NORMAL_BANKING_FLOW
TX_YES_112630,YES_ACC_20174,YES_ACC_20020,273.09,2026-01-10 17:56:20,TRANSFER,IMPS,Yes Bank,IN,0,NORMAL_BANKING_FLOW
TX_YES_112631,YES_ACC_20093,BOB_ACC_20157,5632.69,2026-01-10 18:32:00,TRANSFER,UPI,Yes Bank,IN,0,NORMAL_BANKING_FLOW
TX_YES_112632,YES_ACC_20157,YES_ACC_20052,904.61,2026-01-10 22:04:48,TRANSFER,UPI,Yes Bank,IN,0,NORMAL_BANKING_FLOW
TX_YES_112633,YES_ACC_20030,YES_ACC_20033,870.21,2026-01-10 17:21:52,TRANSFER,UPI,Yes Bank,IN,0,NORMAL_BANKING_FLOW
TX_YES_112634,YES_ACC_20169,YES_ACC_20232,416.19,2026-01-10 20:19:48,TRANSFER,UPI,Yes Bank,IN,0,NORMAL_BANKING_FLOW
TX_YES_112635,YES_ACC_20212,YES_ACC_20172,1013.89,2026-01-10 17:40:12,TRANSFER,UPI,Yes Bank,IN,0,NORMAL_BANKING_FLOW
TX_YES_112636,YES_ACC_20047,KOTAK_ACC_20064,3457.37,2026-01-10 23:19:20,TRANSFER,IMPS,Yes Bank,IN,0,NORMAL_BANKING_FLOW
TX_YES_112637,YES_ACC_20076,CANARA_ACC_20083,2520.78,2026-01-10 23:56:00,TRANSFER,IMPS,Yes Bank,IN,0,NORMAL_BANKING_FLOW
TX_YES_112638,YES_ACC_20112,YES_ACC_20059,2140.93,2026-01-10 23:21:12,TRANSFER,UPI,Yes Bank,IN,0,NORMAL_BANKING_FLOW
TX_YES_112639,YES_ACC_20193,YES_ACC_20106,1622.56,2026-01-10 18:17:16,TRANSFER,UPI,Yes Bank,IN,0,NORMAL_BANKING_FLOW
TX_YES_112640,YES_ACC_20053,YES_ACC_20010,718.6,2026-01-10 22:11:12,TRANSFER,IMPS,Yes Bank,IN,0,NORMAL_BANKING_FLOW
TX_YES_112641,YES_ACC_20099,PNB_ACC_20153,269.04,2026-01-10 18:27:00,TRANSFER,UPI,Yes Bank,IN,0,NORMAL_BANKING_FLOW
TX_YES_112642,YES_ACC_20146,INDUS_ACC_20135,828.04,2026-01-10 21:18:42,TRANSFER,IMPS,Yes Bank,IN,0,NORMAL_BANKING_FLOW
TX_YES_112643,YES_ACC_20054,SBI_ACC_20204,802.49,2026-01-10 19:58:06,TRANSFER,UPI,Yes Bank,IN,0,NORMAL_BANKING_FLOW
TX_YES_112644,YES_ACC_20219,YES_ACC_20173,2550.17,2026-01-10 22:41:33,TRANSFER,UPI,Yes Bank,IN,0,NORMAL_BANKING_FLOW
TX_YES_112645,YES_ACC_20121,YES_ACC_20048,1310.88,2026-01-10 20:35:28,TRANSFER,UPI,Yes Bank,IN,0,NORMAL_BANKING_FLOW
TX_YES_112646,YES_ACC_20205,YES_ACC_20008,4234.75,2026-01-10 23:46:50,TRANSFER,UPI,Yes Bank,IN,0,NORMAL_BANKING_FLOW
TX_YES_112647,YES_ACC_20018,YES_ACC_20100,2915.33,2026-01-10 18:56:36,TRANSFER,UPI,Yes Bank,IN,0,NORMAL_BANKING_FLOW
TX_YES_112648,YES_ACC_20190,YES_ACC_20060,657.97,2026-01-10 20:09:58,TRANSFER,UPI,Yes Bank,IN,0,NORMAL_BANKING_FLOW
TX_YES_112649,YES_ACC_20208,YES_ACC_20219,197.23,2026-01-10 22:36:40,TRANSFER,IMPS,Yes Bank,IN,0,NORMAL_BANKING_FLOW
TX_YES_112650,YES_ACC_20140,YES_ACC_20063,3453.07,2026-01-10 22:19:12,TRANSFER,IMPS,Yes Bank,IN,0,NORMAL_BANKING_FLOW
TX_YES_112651,YES_ACC_20239,KOTAK_ACC_20145,3372.63,2026-01-10 21:25:00,TRANSFER,IMPS,Yes Bank,IN,0,NORMAL_BANKING_FLOW
TX_YES_112652,YES_ACC_20166,YES_ACC_20080,290.15,2026-01-10 22:02:26,TRANSFER,UPI,Yes Bank,IN,0,NORMAL_BANKING_FLOW
TX_YES_112653,YES_ACC_20000,HDFC_ACC_20144,3859.59,2026-01-10 22:58:24,TRANSFER,UPI,Yes Bank,IN,0,NORMAL_BANKING_FLOW
TX_YES_112654,YES_ACC_20209,YES_ACC_20190,1399.55,2026-01-10 21:08:40,TRANSFER,UPI,Yes Bank,IN,0,NORMAL_BANKING_FLOW
TX_YES_112655,YES_ACC_20061,YES_ACC_20036,1146.67,2026-01-10 23:46:18,TRANSFER,IMPS,Yes Bank,IN,0,NORMAL_BANKING_FLOW
TX_YES_112656,YES_ACC_20201,YES_ACC_20018,4244.18,2026-01-10 19:09:45,TRANSFER,UPI,Yes Bank,IN,0,NORMAL_BANKING_FLOW
TX_YES_112657,YES_ACC_20225,BOB_ACC_20120,3328.3,2026-01-10 17:56:04,TRANSFER,IMPS,Yes Bank,IN,0,NORMAL_BANKING_FLOW
TX_YES_112658,YES_ACC_20245,YES_ACC_20137,1783.26,2026-01-10 17:19:15,TRANSFER,UPI,Yes Bank,IN,0,NORMAL_BANKING_FLOW
TX_YES_112659,YES_ACC_20014,YES_ACC_20034,1519.13,2026-01-10 18:33:54,TRANSFER,UPI,Yes Bank,IN,0,NORMAL_BANKING_FLOW
TX_YES_112660,YES_ACC_20150,YES_ACC_20184,1728.06,2026-01-10 18:52:55,TRANSFER,UPI,Yes Bank,IN,0,NORMAL_BANKING_FLOW
TX_YES_112661,YES_ACC_20196,YES_ACC_20146,692.25,2026-01-10 20:45:20,TRANSFER,UPI,Yes Bank,IN,0,NORMAL_BANKING_FLOW
TX_YES_112662,YES_ACC_20108,YES_ACC_20218,944.27,2026-01-10 22:28:48,TRANSFER,UPI,Yes Bank,IN,0,NORMAL_BANKING_FLOW
TX_YES_112663,YES_ACC_20217,YES_ACC_20023,440.5,2026-01-10 21:42:46,TRANSFER,UPI,Yes Bank,IN,0,NORMAL_BANKING_FLOW
TX_YES_112664,YES_ACC_20137,YES_ACC_20208,735.29,2026-01-10 20:09:39,TRANSFER,UPI,Yes Bank,IN,0,NORMAL_BANKING_FLOW
TX_YES_112665,YES_ACC_20229,YES_ACC_20184,713.39,2026-01-10 21:53:36,TRANSFER,IMPS,Yes Bank,IN,0,NORMAL_BANKING_FLOW
TX_YES_112666,YES_ACC_20231,YES_ACC_20145,560.16,2026-01-10 18:17:45,TRANSFER,IMPS,Yes Bank,IN,0,NORMAL_BANKING_FLOW
TX_YES_112667,YES_ACC_20107,YES_ACC_20189,1122.23,2026-01-10 17:40:22,TRANSFER,IMPS,Yes Bank,IN,0,NORMAL_BANKING_FLOW
TX_YES_112668,YES_ACC_20161,PNB_ACC_20118,741.31,2026-01-10 21:18:00,TRANSFER,UPI,Yes Bank,IN,0,NORMAL_BANKING_FLOW
TX_YES_112669,YES_ACC_20009,YES_ACC_20243,1559.33,2026-01-11 00:28:00,TRANSFER,UPI,Yes Bank,IN,0,NORMAL_BANKING_FLOW
TX_YES_112670,YES_ACC_20005,YES_ACC_20090,230.42,2026-01-10 19:16:03,TRANSFER,UPI,Yes Bank,IN,0,NORMAL_BANKING_FLOW
TX_YES_112671,YES_ACC_20078,PNB_ACC_20003,896.04,2026-01-10 17:51:00,TRANSFER,UPI,Yes Bank,IN,0,NORMAL_BANKING_FLOW
TX_YES_112672,YES_ACC_20243,YES_ACC_20189,1116.99,2026-01-10 21:20:40,TRANSFER,IMPS,Yes Bank,IN,0,NORMAL_BANKING_FLOW
TX_YES_112673,YES_ACC_20243,YES_ACC_20176,750.27,2026-01-10 21:59:28,TRANSFER,IMPS,Yes Bank,IN,0,NORMAL_BANKING_FLOW
TX_YES_112674,YES_ACC_20039,KOTAK_ACC_20234,849.67,2026-01-11 00:23:27,TRANSFER,UPI,Yes Bank,IN,0,NORMAL_BANKING_FLOW
TX_YES_112675,YES_ACC_20241,YES_ACC_20208,238.24,2026-01-10 18:11:20,TRANSFER,UPI,Yes Bank,IN,0,NORMAL_BANKING_FLOW
TX_YES_112676,YES_ACC_20162,INDUS_ACC_20229,1367.62,2026-01-10 19:57:05,TRANSFER,IMPS,Yes Bank,IN,0,NORMAL_BANKING_FLOW
TX_YES_112677,YES_ACC_20106,YES_ACC_20101,1777.29,2026-01-10 20:26:24,TRANSFER,UPI,Yes Bank,IN,0,NORMAL_BANKING_FLOW
TX_YES_112678,YES_ACC_20187,INDUS_ACC_20157,1547.17,2026-01-10 23:48:55,TRANSFER,IMPS,Yes Bank,IN,0,NORMAL_BANKING_FLOW
TX_YES_112679,YES_ACC_20182,YES_ACC_20002,2527.17,2026-01-10 18:31:56,TRANSFER,UPI,Yes Bank,IN,0,NORMAL_BANKING_FLOW
TX_YES_112680,YES_ACC_20231,HDFC_ACC_20054,1189.61,2026-01-10 17:34:24,TRANSFER,UPI,Yes Bank,IN,0,NORMAL_BANKING_FLOW
TX_YES_112681,YES_ACC_20114,YES_ACC_20126,1526.62,2026-01-10 21:55:40,TRANSFER,UPI,Yes Bank,IN,0,NORMAL_BANKING_FLOW
TX_YES_112682,YES_ACC_20121,YES_ACC_20208,1141.94,2026-01-10 18:23:21,TRANSFER,UPI,Yes Bank,IN,0,NORMAL_BANKING_FLOW
TX_YES_112683,YES_ACC_20046,YES_ACC_20217,1842.35,2026-01-10 19:12:12,TRANSFER,UPI,Yes Bank,IN,0,NORMAL_BANKING_FLOW
TX_YES_112684,YES_ACC_20176,YES_ACC_20123,239.97,2026-01-11 00:13:51,TRANSFER,UPI,Yes Bank,IN,0,NORMAL_BANKING_FLOW
TX_YES_112685,YES_ACC_20231,YES_ACC_20186,443.98,2026-01-10 21:48:48,TRANSFER,IMPS,Yes Bank,IN,0,NORMAL_BANKING_FLOW
TX_YES_112686,YES_ACC_20053,KOTAK_ACC_20084,4139.0,2026-01-10 18:54:00,TRANSFER,IMPS,Yes Bank,IN,0,NORMAL_BANKING_FLOW
TX_YES_112687,YES_ACC_20070,YES_ACC_20127,108.38,2026-01-10 17:46:02,TRANSFER,UPI,Yes Bank,IN,0,NORMAL_BANKING_FLOW
TX_YES_112688,YES_ACC_20137,INDUS_ACC_20020,874.66,2026-01-10 21:31:20,TRANSFER,UPI,Yes Bank,IN,0,NORMAL_BANKING_FLOW
TX_YES_112689,YES_ACC_20012,YES_ACC_20228,2849.92,2026-01-10 17:46:36,TRANSFER,UPI,Yes Bank,IN,0,NORMAL_BANKING_FLOW
TX_YES_112690,YES_ACC_20218,BOB_ACC_20229,912.39,2026-01-10 21:03:13,TRANSFER,UPI,Yes Bank,IN,0,NORMAL_BANKING_FLOW
TX_YES_112691,YES_ACC_20187,YES_ACC_20155,689.17,2026-01-10 21:23:30,TRANSFER,UPI,Yes Bank,IN,0,NORMAL_BANKING_FLOW
TX_YES_112692,YES_ACC_20160,KOTAK_ACC_20130,1114.85,2026-01-10 19:55:30,TRANSFER,UPI,Yes Bank,IN,0,NORMAL_BANKING_FLOW
TX_YES_112693,YES_ACC_20073,YES_ACC_20102,722.12,2026-01-11 00:22:24,TRANSFER,UPI,Yes Bank,IN,0,NORMAL_BANKING_FLOW
TX_YES_112694,YES_ACC_20099,AXIS_ACC_20022,1020.21,2026-01-10 23:33:56,TRANSFER,UPI,Yes Bank,IN,0,NORMAL_BANKING_FLOW
TX_YES_112695,YES_ACC_20088,YES_ACC_20174,536.44,2026-01-10 20:46:30,TRANSFER,IMPS,Yes Bank,IN,0,NORMAL_BANKING_FLOW
TX_YES_112696,YES_ACC_20004,YES_ACC_20095,2691.37,2026-01-10 22:56:00,TRANSFER,UPI,Yes Bank,IN,0,NORMAL_BANKING_FLOW
TX_YES_112697,YES_ACC_20117,YES_ACC_20243,3572.21,2026-01-10 22:36:56,TRANSFER,IMPS,Yes Bank,IN,0,NORMAL_BANKING_FLOW
TX_YES_112698,YES_ACC_20130,AXIS_ACC_20188,880.02,2026-01-11 00:47:03,TRANSFER,UPI,Yes Bank,IN,0,NORMAL_BANKING_FLOW
TX_YES_112699,YES_ACC_20049,YES_ACC_20171,284.91,2026-01-10 23:18:20,TRANSFER,UPI,Yes Bank,IN,0,NORMAL_BANKING_FLOW
TX_YES_112700,YES_ACC_20065,YES_ACC_20239,619.27,2026-01-10 23:09:11,TRANSFER,UPI,Yes Bank,IN,0,NORMAL_BANKING_FLOW
TX_YES_112701,YES_ACC_20026,YES_ACC_20162,840.85,2026-01-11 00:10:00,TRANSFER,UPI,Yes Bank,IN,0,NORMAL_BANKING_FLOW
TX_YES_112702,YES_ACC_20129,YES_ACC_20232,1563.97,2026-01-10 23:10:49,TRANSFER,UPI,Yes Bank,IN,0,NORMAL_BANKING_FLOW
TX_YES_112703,YES_ACC_20027,YES_ACC_20080,400.53,2026-01-11 00:41:56,TRANSFER,UPI,Yes Bank,IN,0,NORMAL_BANKING_FLOW
TX_YES_112704,YES_ACC_20041,KOTAK_ACC_20082,496.58,2026-01-10 19:21:18,TRANSFER,UPI,Yes Bank,IN,0,NORMAL_BANKING_FLOW
TX_YES_112705,YES_ACC_20120,CANARA_ACC_20063,1571.22,2026-01-10 22:22:56,TRANSFER,UPI,Yes Bank,IN,0,NORMAL_BANKING_FLOW
TX_YES_112706,YES_ACC_20124,YES_ACC_20017,2310.03,2026-01-10 19:52:25,TRANSFER,IMPS,Yes Bank,IN,0,NORMAL_BANKING_FLOW
TX_YES_112707,YES_ACC_20049,YES_ACC_20089,567.12,2026-01-10 18:01:48,TRANSFER,UPI,Yes Bank,IN,0,NORMAL_BANKING_FLOW
TX_YES_112708,YES_ACC_20211,YES_ACC_20021,298.9,2026-01-10 20:33:51,TRANSFER,IMPS,Yes Bank,IN,0,NORMAL_BANKING_FLOW
TX_YES_112709,YES_ACC_20059,YES_ACC_20009,19066.85,2026-01-10 19:23:28,TRANSFER,UPI,Yes Bank,IN,0,NORMAL_BANKING_FLOW
TX_YES_112710,YES_ACC_20099,YES_ACC_20166,2008.16,2026-01-10 23:17:21,TRANSFER,UPI,Yes Bank,IN,0,NORMAL_BANKING_FLOW
TX_YES_112711,YES_ACC_20107,SBI_ACC_20111,780.31,2026-01-10 22:37:30,TRANSFER,UPI,Yes Bank,IN,0,NORMAL_BANKING_FLOW
TX_YES_112712,YES_ACC_20029,YES_ACC_20158,2169.23,2026-01-11 01:00:49,TRANSFER,UPI,Yes Bank,IN,0,NORMAL_BANKING_FLOW
TX_YES_112713,YES_ACC_20248,YES_ACC_20103,887.13,2026-01-10 21:37:48,TRANSFER,UPI,Yes Bank,IN,0,NORMAL_BANKING_FLOW
TX_YES_112714,YES_ACC_20188,ICICI_ACC_20140,2165.58,2026-01-10 18:34:33,TRANSFER,UPI,Yes Bank,IN,0,NORMAL_BANKING_FLOW
TX_YES_112715,YES_ACC_20022,CANARA_ACC_20080,1145.34,2026-01-10 23:41:54,TRANSFER,UPI,Yes Bank,IN,0,NORMAL_BANKING_FLOW
TX_YES_112716,YES_ACC_20056,YES_ACC_20208,1077.23,2026-01-10 23:01:45,TRANSFER,UPI,Yes Bank,IN,0,NORMAL_BANKING_FLOW
TX_YES_112717,YES_ACC_20126,YES_ACC_20050,895.85,2026-01-10 20:08:00,TRANSFER,UPI,Yes Bank,IN,0,NORMAL_BANKING_FLOW
TX_YES_112718,YES_ACC_20028,ICICI_ACC_20128,269.71,2026-01-11 01:06:43,TRANSFER,UPI,Yes Bank,IN,0,NORMAL_BANKING_FLOW
TX_YES_112719,YES_ACC_20148,YES_ACC_20176,5677.61,2026-01-11 00:26:30,TRANSFER,UPI,Yes Bank,IN,0,NORMAL_BANKING_FLOW
TX_YES_112720,YES_ACC_20121,YES_ACC_20101,425.23,2026-01-10 21:52:40,TRANSFER,UPI,Yes Bank,IN,0,NORMAL_BANKING_FLOW
TX_YES_112721,YES_ACC_20064,KOTAK_ACC_20204,291.77,2026-01-10 23:26:20,TRANSFER,UPI,Yes Bank,IN,0,NORMAL_BANKING_FLOW
TX_YES_112722,YES_ACC_20239,YES_ACC_20175,819.28,2026-01-10 23:58:12,TRANSFER,IMPS,Yes Bank,IN,0,NORMAL_BANKING_FLOW
TX_YES_112723,YES_ACC_20106,ICICI_ACC_20086,417.66,2026-01-10 19:19:10,TRANSFER,UPI,Yes Bank,IN,0,NORMAL_BANKING_FLOW
TX_YES_112724,YES_ACC_20061,YES_ACC_20050,947.15,2026-01-10 21:13:48,TRANSFER,UPI,Yes Bank,IN,0,NORMAL_BANKING_FLOW
TX_YES_112725,YES_ACC_20169,BOB_ACC_20198,1842.7,2026-01-10 21:24:48,TRANSFER,UPI,Yes Bank,IN,0,NORMAL_BANKING_FLOW
TX_YES_112726,YES_ACC_20160,AXIS_ACC_20065,2430.31,2026-01-10 22:38:20,TRANSFER,UPI,Yes Bank,IN,0,NORMAL_BANKING_FLOW
TX_YES_112727,YES_ACC_20184,SBI_ACC_20129,2065.77,2026-01-10 20:44:18,TRANSFER,UPI,Yes Bank,IN,0,NORMAL_BANKING_FLOW
TX_YES_112728,YES_ACC_20059,YES_ACC_20143,753.65,2026-01-10 23:21:36,TRANSFER,UPI,Yes Bank,IN,0,NORMAL_BANKING_FLOW
TX_YES_112729,YES_ACC_20021,ICICI_ACC_20112,1037.57,2026-01-10 23:32:52,TRANSFER,UPI,Yes Bank,IN,0,NORMAL_BANKING_FLOW
TX_YES_112730,YES_ACC_20216,CANARA_ACC_20129,1432.38,2026-01-10 19:22:05,TRANSFER,IMPS,Yes Bank,IN,0,NORMAL_BANKING_FLOW
TX_YES_112731,YES_ACC_20127,YES_ACC_20176,203.97,2026-01-10 19:54:00,TRANSFER,UPI,Yes Bank,IN,0,NORMAL_BANKING_FLOW
TX_YES_112732,YES_ACC_20035,BOB_ACC_20020,1658.26,2026-01-11 00:38:25,TRANSFER,IMPS,Yes Bank,IN,0,NORMAL_BANKING_FLOW
TX_YES_112733,YES_ACC_20169,YES_ACC_20231,267.32,2026-01-10 23:46:40,TRANSFER,UPI,Yes Bank,IN,0,NORMAL_BANKING_FLOW
TX_YES_112734,YES_ACC_20024,YES_ACC_20058,6224.9,2026-01-10 23:05:18,TRANSFER,UPI,Yes Bank,IN,0,NORMAL_BANKING_FLOW
TX_YES_112735,YES_ACC_20013,CANARA_ACC_20223,689.48,2026-01-10 20:48:42,TRANSFER,UPI,Yes Bank,IN,0,NORMAL_BANKING_FLOW
TX_YES_112736,YES_ACC_20127,YES_ACC_20116,840.18,2026-01-10 20:06:55,TRANSFER,UPI,Yes Bank,IN,0,NORMAL_BANKING_FLOW
TX_YES_112737,YES_ACC_20160,YES_ACC_20128,496.34,2026-01-10 20:28:36,TRANSFER,UPI,Yes Bank,IN,0,NORMAL_BANKING_FLOW
TX_YES_112738,YES_ACC_20001,YES_ACC_20016,562.86,2026-01-10 20:39:44,TRANSFER,UPI,Yes Bank,IN,0,NORMAL_BANKING_FLOW
TX_YES_112739,YES_ACC_20224,AXIS_ACC_20061,7682.38,2026-01-10 17:50:08,TRANSFER,IMPS,Yes Bank,IN,0,NORMAL_BANKING_FLOW
TX_YES_112740,YES_ACC_20175,YES_ACC_20185,2313.07,2026-01-10 18:11:42,TRANSFER,IMPS,Yes Bank,IN,0,NORMAL_BANKING_FLOW
TX_YES_112741,YES_ACC_20140,YES_ACC_20065,246.1,2026-01-10 18:54:40,TRANSFER,UPI,Yes Bank,IN,0,NORMAL_BANKING_FLOW
TX_YES_112742,YES_ACC_20186,AXIS_ACC_20213,3842.17,2026-01-10 17:40:15,TRANSFER,UPI,Yes Bank,IN,0,NORMAL_BANKING_FLOW
TX_YES_112743,YES_ACC_20027,YES_ACC_20163,2904.21,2026-01-11 00:59:12,TRANSFER,UPI,Yes Bank,IN,0,NORMAL_BANKING_FLOW
TX_YES_112744,YES_ACC_20225,YES_ACC_20038,770.4,2026-01-10 23:55:50,TRANSFER,IMPS,Yes Bank,IN,0,NORMAL_BANKING_FLOW
TX_YES_112745,YES_ACC_20240,YES_ACC_20073,1307.7,2026-01-10 22:52:16,TRANSFER,IMPS,Yes Bank,IN,0,NORMAL_BANKING_FLOW
TX_YES_112746,YES_ACC_20181,YES_ACC_20073,979.02,2026-01-10 20:22:30,TRANSFER,UPI,Yes Bank,IN,0,NORMAL_BANKING_FLOW
TX_YES_112747,YES_ACC_20132,KOTAK_ACC_20109,5856.58,2026-01-10 21:16:50,TRANSFER,UPI,Yes Bank,IN,0,NORMAL_BANKING_FLOW
TX_YES_112748,YES_ACC_20025,YES_ACC_20177,484.61,2026-01-10 23:59:10,TRANSFER,UPI,Yes Bank,IN,0,NORMAL_BANKING_FLOW
TX_YES_112749,YES_ACC_20212,YES_ACC_20234,1131.62,2026-01-11 00:54:00,TRANSFER,UPI,Yes Bank,IN,0,NORMAL_BANKING_FLOW
TX_YES_112750,YES_ACC_20158,KOTAK_ACC_20124,674.97,2026-01-10 22:12:40,TRANSFER,IMPS,Yes Bank,IN,0,NORMAL_BANKING_FLOW
TX_YES_112751,YES_ACC_20161,HDFC_ACC_20074,273.22,2026-01-10 18:04:10,TRANSFER,IMPS,Yes Bank,IN,0,NORMAL_BANKING_FLOW
TX_YES_112752,YES_ACC_20176,YES_ACC_20047,7132.91,2026-01-10 23:29:57,TRANSFER,UPI,Yes Bank,IN,0,NORMAL_BANKING_FLOW
TX_YES_112753,YES_ACC_20192,YES_ACC_20130,342.61,2026-01-11 01:41:08,TRANSFER,UPI,Yes Bank,IN,0,NORMAL_BANKING_FLOW
TX_YES_112754,YES_ACC_20133,INDUS_ACC_20088,1209.69,2026-01-10 20:15:37,TRANSFER,UPI,Yes Bank,IN,0,NORMAL_BANKING_FLOW
TX_YES_112755,YES_ACC_20120,YES_ACC_20206,207.13,2026-01-10 22:37:48,TRANSFER,UPI,Yes Bank,IN,0,NORMAL_BANKING_FLOW
TX_YES_112756,YES_ACC_20227,YES_ACC_20096,692.87,2026-01-11 00:27:40,TRANSFER,UPI,Yes Bank,IN,0,NORMAL_BANKING_FLOW
TX_YES_112757,YES_ACC_20157,YES_ACC_20098,1450.66,2026-01-10 22:17:20,TRANSFER,UPI,Yes Bank,IN,0,NORMAL_BANKING_FLOW
TX_YES_112758,YES_ACC_20223,YES_ACC_20183,472.36,2026-01-11 00:18:27,TRANSFER,IMPS,Yes Bank,IN,0,NORMAL_BANKING_FLOW
TX_YES_112759,YES_ACC_20172,YES_ACC_20215,1682.64,2026-01-10 23:02:32,TRANSFER,IMPS,Yes Bank,IN,0,NORMAL_BANKING_FLOW
TX_YES_112760,YES_ACC_20108,YES_ACC_20096,778.88,2026-01-10 23:36:13,TRANSFER,IMPS,Yes Bank,IN,0,NORMAL_BANKING_FLOW
TX_YES_112761,YES_ACC_20231,BOB_ACC_20187,2818.82,2026-01-10 21:47:00,TRANSFER,UPI,Yes Bank,IN,0,NORMAL_BANKING_FLOW
TX_YES_112762,YES_ACC_20152,YES_ACC_20170,3379.84,2026-01-10 22:42:42,TRANSFER,UPI,Yes Bank,IN,0,NORMAL_BANKING_FLOW
TX_YES_112763,YES_ACC_20232,YES_ACC_20111,585.19,2026-01-10 21:26:10,TRANSFER,UPI,Yes Bank,IN,0,NORMAL_BANKING_FLOW
TX_YES_112764,YES_ACC_20170,BOB_ACC_20004,1063.22,2026-01-10 23:17:15,TRANSFER,UPI,Yes Bank,IN,0,NORMAL_BANKING_FLOW
TX_YES_112765,YES_ACC_20081,YES_ACC_20209,1170.41,2026-01-10 18:08:08,TRANSFER,IMPS,Yes Bank,IN,0,NORMAL_BANKING_FLOW
TX_YES_112766,YES_ACC_20049,YES_ACC_20064,1732.66,2026-01-10 22:34:25,TRANSFER,UPI,Yes Bank,IN,0,NORMAL_BANKING_FLOW
TX_YES_112767,YES_ACC_20230,YES_ACC_20061,1005.2,2026-01-10 23:19:30,TRANSFER,UPI,Yes Bank,IN,0,NORMAL_BANKING_FLOW
TX_YES_112768,YES_ACC_20072,YES_ACC_20238,1177.55,2026-01-10 20:55:44,TRANSFER,UPI,Yes Bank,IN,0,NORMAL_BANKING_FLOW
TX_YES_112769,YES_ACC_20111,YES_ACC_20129,797.06,2026-01-11 01:34:36,TRANSFER,UPI,Yes Bank,IN,0,NORMAL_BANKING_FLOW
TX_YES_112770,YES_ACC_20114,YES_ACC_20062,1100.72,2026-01-10 22:26:00,TRANSFER,IMPS,Yes Bank,IN,0,NORMAL_BANKING_FLOW
TX_YES_112771,YES_ACC_20231,KOTAK_ACC_20215,3191.18,2026-01-11 01:25:20,TRANSFER,IMPS,Yes Bank,IN,0,NORMAL_BANKING_FLOW
TX_YES_112772,YES_ACC_20190,ICICI_ACC_20020,1774.86,2026-01-10 22:27:20,TRANSFER,UPI,Yes Bank,IN,0,NORMAL_BANKING_FLOW
TX_YES_112773,YES_ACC_20240,YES_ACC_20017,1865.21,2026-01-10 23:12:48,TRANSFER,IMPS,Yes Bank,IN,0,NORMAL_BANKING_FLOW
TX_YES_112774,YES_ACC_20163,YES_ACC_20205,1902.19,2026-01-10 20:36:30,TRANSFER,UPI,Yes Bank,IN,0,NORMAL_BANKING_FLOW
TX_YES_112775,YES_ACC_20149,YES_ACC_20161,864.0,2026-01-10 23:03:02,TRANSFER,UPI,Yes Bank,IN,0,NORMAL_BANKING_FLOW
TX_YES_112776,YES_ACC_20003,ICICI_ACC_20150,1322.06,2026-01-10 23:48:45,TRANSFER,UPI,Yes Bank,IN,0,NORMAL_BANKING_FLOW
TX_YES_112777,YES_ACC_20085,CANARA_ACC_20101,373.66,2026-01-11 01:42:12,TRANSFER,IMPS,Yes Bank,IN,0,NORMAL_BANKING_FLOW
TX_YES_112778,YES_ACC_20014,YES_ACC_20138,3108.6,2026-01-11 01:09:18,TRANSFER,IMPS,Yes Bank,IN,0,NORMAL_BANKING_FLOW
TX_YES_112779,YES_ACC_20175,YES_ACC_20153,81.07,2026-01-10 20:16:24,TRANSFER,UPI,Yes Bank,IN,0,NORMAL_BANKING_FLOW
TX_YES_112780,YES_ACC_20213,YES_ACC_20153,917.42,2026-01-11 00:48:28,TRANSFER,UPI,Yes Bank,IN,0,NORMAL_BANKING_FLOW
TX_YES_112781,YES_ACC_20048,YES_ACC_20167,2770.56,2026-01-10 17:50:00,TRANSFER,UPI,Yes Bank,IN,0,NORMAL_BANKING_FLOW
TX_YES_112782,YES_ACC_20072,YES_ACC_20079,290.77,2026-01-10 18:47:00,TRANSFER,UPI,Yes Bank,IN,0,NORMAL_BANKING_FLOW
TX_YES_112783,YES_ACC_20144,KOTAK_ACC_20228,1421.97,2026-01-10 21:15:06,TRANSFER,UPI,Yes Bank,IN,0,NORMAL_BANKING_FLOW
TX_YES_112784,YES_ACC_20139,KOTAK_ACC_20138,537.71,2026-01-10 23:20:52,TRANSFER,UPI,Yes Bank,IN,0,NORMAL_BANKING_FLOW
TX_YES_112785,YES_ACC_20028,ICICI_ACC_20075,712.0,2026-01-10 22:36:00,TRANSFER,UPI,Yes Bank,IN,0,NORMAL_BANKING_FLOW
TX_YES_112786,YES_ACC_20080,INDUS_ACC_20061,2324.7,2026-01-11 01:16:30,TRANSFER,UPI,Yes Bank,IN,0,NORMAL_BANKING_FLOW
TX_YES_112787,YES_ACC_20095,SBI_ACC_20248,1185.89,2026-01-10 20:54:26,TRANSFER,UPI,Yes Bank,IN,0,NORMAL_BANKING_FLOW
TX_YES_112788,YES_ACC_20106,INDUS_ACC_20246,159.03,2026-01-11 01:18:18,TRANSFER,UPI,Yes Bank,IN,0,NORMAL_BANKING_FLOW
TX_YES_112789,YES_ACC_20002,YES_ACC_20098,412.08,2026-01-10 23:24:32,TRANSFER,UPI,Yes Bank,IN,0,NORMAL_BANKING_FLOW
TX_YES_112790,YES_ACC_20126,YES_ACC_20228,2387.02,2026-01-10 19:47:05,TRANSFER,UPI,Yes Bank,IN,0,NORMAL_BANKING_FLOW
TX_YES_112791,YES_ACC_20216,YES_ACC_20224,1486.3,2026-01-11 02:30:00,TRANSFER,UPI,Yes Bank,IN,0,NORMAL_BANKING_FLOW
TX_YES_112792,YES_ACC_20015,YES_ACC_20222,4785.39,2026-01-10 22:40:40,TRANSFER,UPI,Yes Bank,IN,0,NORMAL_BANKING_FLOW
TX_YES_112793,YES_ACC_20119,YES_ACC_20028,4511.49,2026-01-11 01:22:48,TRANSFER,UPI,Yes Bank,IN,0,NORMAL_BANKING_FLOW
TX_YES_112794,YES_ACC_20085,ICICI_ACC_20183,729.22,2026-01-10 17:53:15,TRANSFER,UPI,Yes Bank,IN,0,NORMAL_BANKING_FLOW
TX_YES_112795,YES_ACC_20020,BOB_ACC_20239,9441.91,2026-01-10 18:16:38,TRANSFER,UPI,Yes Bank,IN,0,NORMAL_BANKING_FLOW
TX_YES_112796,YES_ACC_20038,YES_ACC_20063,1014.38,2026-01-11 02:00:15,TRANSFER,IMPS,Yes Bank,IN,0,NORMAL_BANKING_FLOW
TX_YES_112797,YES_ACC_20149,YES_ACC_20008,417.21,2026-01-10 19:03:36,TRANSFER,IMPS,Yes Bank,IN,0,NORMAL_BANKING_FLOW
TX_YES_112798,YES_ACC_20235,YES_ACC_20027,561.0,2026-01-10 21:46:35,TRANSFER,UPI,Yes Bank,IN,0,NORMAL_BANKING_FLOW
TX_YES_112799,YES_ACC_20060,YES_ACC_20241,130.18,2026-01-11 01:39:50,TRANSFER,UPI,Yes Bank,IN,0,NORMAL_BANKING_FLOW
TX_YES_112800,YES_ACC_20065,KOTAK_ACC_20104,4214.63,2026-01-10 23:44:15,TRANSFER,IMPS,Yes Bank,IN,0,NORMAL_BANKING_FLOW
TX_YES_112801,YES_ACC_20083,YES_ACC_20046,4168.39,2026-01-10 22:11:40,TRANSFER,UPI,Yes Bank,IN,0,NORMAL_BANKING_FLOW
TX_YES_112802,YES_ACC_20239,PNB_ACC_20150,397.84,2026-01-10 20:50:30,TRANSFER,IMPS,Yes Bank,IN,0,NORMAL_BANKING_FLOW
TX_YES_112803,YES_ACC_20193,YES_ACC_20158,808.28,2026-01-10 18:42:18,TRANSFER,UPI,Yes Bank,IN,0,NORMAL_BANKING_FLOW
TX_YES_112804,YES_ACC_20105,YES_ACC_20006,1081.44,2026-01-10 18:54:20,TRANSFER,UPI,Yes Bank,IN,0,NORMAL_BANKING_FLOW
TX_YES_112805,YES_ACC_20051,YES_ACC_20106,418.08,2026-01-11 02:32:16,TRANSFER,UPI,Yes Bank,IN,0,NORMAL_BANKING_FLOW
TX_YES_112806,YES_ACC_20102,YES_ACC_20013,204.47,2026-01-11 02:45:00,TRANSFER,UPI,Yes Bank,IN,0,NORMAL_BANKING_FLOW
TX_YES_112807,YES_ACC_20067,YES_ACC_20045,821.13,2026-01-10 23:25:58,TRANSFER,IMPS,Yes Bank,IN,0,NORMAL_BANKING_FLOW
TX_YES_112808,YES_ACC_20000,YES_ACC_20146,743.25,2026-01-10 21:52:25,TRANSFER,IMPS,Yes Bank,IN,0,NORMAL_BANKING_FLOW
TX_YES_112809,YES_ACC_20059,YES_ACC_20119,699.54,2026-01-10 18:56:00,TRANSFER,UPI,Yes Bank,IN,0,NORMAL_BANKING_FLOW
TX_YES_112810,YES_ACC_20166,YES_ACC_20109,1212.51,2026-01-10 18:09:04,TRANSFER,IMPS,Yes Bank,IN,0,NORMAL_BANKING_FLOW
TX_YES_112811,YES_ACC_20122,YES_ACC_20161,3592.37,2026-01-11 01:50:50,TRANSFER,IMPS,Yes Bank,IN,0,NORMAL_BANKING_FLOW
TX_YES_112812,YES_ACC_20053,YES_ACC_20080,755.38,2026-01-10 19:08:51,TRANSFER,IMPS,Yes Bank,IN,0,NORMAL_BANKING_FLOW
TX_YES_112813,YES_ACC_20242,BOB_ACC_20239,1156.78,2026-01-10 22:07:12,TRANSFER,UPI,Yes Bank,IN,0,NORMAL_BANKING_FLOW
TX_YES_112814,YES_ACC_20149,YES_ACC_20211,1908.71,2026-01-10 23:19:06,TRANSFER,UPI,Yes Bank,IN,0,NORMAL_BANKING_FLOW
TX_YES_112815,YES_ACC_20234,YES_ACC_20004,1633.91,2026-01-10 21:56:30,TRANSFER,UPI,Yes Bank,IN,0,NORMAL_BANKING_FLOW
TX_YES_112816,YES_ACC_20246,YES_ACC_20193,570.79,2026-01-11 02:19:15,TRANSFER,UPI,Yes Bank,IN,0,NORMAL_BANKING_FLOW
TX_YES_112817,YES_ACC_20070,YES_ACC_20228,1082.19,2026-01-10 18:46:44,TRANSFER,IMPS,Yes Bank,IN,0,NORMAL_BANKING_FLOW
TX_YES_112818,YES_ACC_20153,YES_ACC_20183,1624.22,2026-01-10 22:46:03,TRANSFER,IMPS,Yes Bank,IN,0,NORMAL_BANKING_FLOW
TX_YES_112819,YES_ACC_20103,YES_ACC_20200,359.42,2026-01-10 21:10:58,TRANSFER,UPI,Yes Bank,IN,0,NORMAL_BANKING_FLOW
TX_YES_112820,YES_ACC_20116,YES_ACC_20008,3093.89,2026-01-10 20:35:32,TRANSFER,UPI,Yes Bank,IN,0,NORMAL_BANKING_FLOW
TX_YES_112821,YES_ACC_20149,YES_ACC_20044,3599.07,2026-01-10 21:48:00,TRANSFER,UPI,Yes Bank,IN,0,NORMAL_BANKING_FLOW
TX_YES_112822,YES_ACC_20231,AXIS_ACC_20247,517.75,2026-01-10 23:24:42,TRANSFER,IMPS,Yes Bank,IN,0,NORMAL_BANKING_FLOW
TX_YES_112823,YES_ACC_20120,BOB_ACC_20025,1181.22,2026-01-11 00:37:36,TRANSFER,UPI,Yes Bank,IN,0,NORMAL_BANKING_FLOW
TX_YES_112824,YES_ACC_20165,YES_ACC_20012,1768.79,2026-01-11 01:14:33,TRANSFER,IMPS,Yes Bank,IN,0,NORMAL_BANKING_FLOW
TX_YES_112825,YES_ACC_20098,AXIS_ACC_20145,607.25,2026-01-11 01:39:32,TRANSFER,UPI,Yes Bank,IN,0,NORMAL_BANKING_FLOW
TX_YES_112826,YES_ACC_20038,YES_ACC_20210,1530.66,2026-01-11 02:40:50,TRANSFER,UPI,Yes Bank,IN,0,NORMAL_BANKING_FLOW
TX_YES_112827,YES_ACC_20149,ICICI_ACC_20223,1149.32,2026-01-10 23:04:00,TRANSFER,UPI,Yes Bank,IN,0,NORMAL_BANKING_FLOW
TX_YES_112828,YES_ACC_20125,HDFC_ACC_20028,264.77,2026-01-11 01:05:50,TRANSFER,UPI,Yes Bank,IN,0,NORMAL_BANKING_FLOW
TX_YES_112829,YES_ACC_20155,YES_ACC_20075,1500.04,2026-01-11 02:55:52,TRANSFER,IMPS,Yes Bank,IN,0,NORMAL_BANKING_FLOW
TX_YES_112830,YES_ACC_20035,YES_ACC_20191,368.66,2026-01-11 01:19:39,TRANSFER,UPI,Yes Bank,IN,0,NORMAL_BANKING_FLOW
TX_YES_112831,YES_ACC_20006,YES_ACC_20223,2310.65,2026-01-10 20:40:40,TRANSFER,UPI,Yes Bank,IN,0,NORMAL_BANKING_FLOW
TX_YES_112832,YES_ACC_20028,YES_ACC_20234,542.35,2026-01-10 21:05:30,TRANSFER,IMPS,Yes Bank,IN,0,NORMAL_BANKING_FLOW
TX_YES_112833,YES_ACC_20068,YES_ACC_20107,858.21,2026-01-11 02:23:12,TRANSFER,UPI,Yes Bank,IN,0,NORMAL_BANKING_FLOW
TX_YES_112834,YES_ACC_20126,YES_ACC_20031,3411.99,2026-01-11 00:21:58,TRANSFER,UPI,Yes Bank,IN,0,NORMAL_BANKING_FLOW
TX_YES_112835,YES_ACC_20111,YES_ACC_20159,1551.14,2026-01-11 02:49:32,TRANSFER,UPI,Yes Bank,IN,0,NORMAL_BANKING_FLOW
TX_YES_112836,YES_ACC_20036,YES_ACC_20235,375.58,2026-01-10 19:05:00,TRANSFER,UPI,Yes Bank,IN,0,NORMAL_BANKING_FLOW
TX_YES_112837,YES_ACC_20242,PNB_ACC_20144,398.05,2026-01-10 19:54:24,TRANSFER,UPI,Yes Bank,IN,0,NORMAL_BANKING_FLOW
TX_YES_112838,YES_ACC_20053,YES_ACC_20021,578.61,2026-01-10 19:30:14,TRANSFER,UPI,Yes Bank,IN,0,NORMAL_BANKING_FLOW
TX_YES_112839,YES_ACC_20110,YES_ACC_20194,1415.42,2026-01-10 22:47:24,TRANSFER,UPI,Yes Bank,IN,0,NORMAL_BANKING_FLOW
TX_YES_112840,YES_ACC_20184,YES_ACC_20079,1369.87,2026-01-11 01:03:31,TRANSFER,IMPS,Yes Bank,IN,0,NORMAL_BANKING_FLOW
TX_YES_112841,YES_ACC_20162,YES_ACC_20069,464.61,2026-01-10 22:36:20,TRANSFER,UPI,Yes Bank,IN,0,NORMAL_BANKING_FLOW
TX_YES_112842,YES_ACC_20233,YES_ACC_20147,347.06,2026-01-11 03:21:00,TRANSFER,IMPS,Yes Bank,IN,0,NORMAL_BANKING_FLOW
TX_YES_112843,YES_ACC_20203,YES_ACC_20127,1278.48,2026-01-10 21:23:22,TRANSFER,UPI,Yes Bank,IN,0,NORMAL_BANKING_FLOW
TX_YES_112844,YES_ACC_20109,YES_ACC_20137,842.46,2026-01-10 19:07:40,TRANSFER,IMPS,Yes Bank,IN,0,NORMAL_BANKING_FLOW
TX_YES_112845,YES_ACC_20044,YES_ACC_20167,6915.32,2026-01-11 02:46:48,TRANSFER,UPI,Yes Bank,IN,0,NORMAL_BANKING_FLOW
TX_YES_112846,YES_ACC_20098,YES_ACC_20209,1025.51,2026-01-10 19:45:35,TRANSFER,UPI,Yes Bank,IN,0,NORMAL_BANKING_FLOW
TX_YES_112847,YES_ACC_20096,YES_ACC_20125,5078.79,2026-01-10 19:21:06,TRANSFER,UPI,Yes Bank,IN,0,NORMAL_BANKING_FLOW
TX_YES_112848,YES_ACC_20110,KOTAK_ACC_20164,346.07,2026-01-10 18:06:45,TRANSFER,UPI,Yes Bank,IN,0,NORMAL_BANKING_FLOW
TX_YES_112849,YES_ACC_20228,YES_ACC_20164,240.83,2026-01-11 03:15:32,TRANSFER,IMPS,Yes Bank,IN,0,NORMAL_BANKING_FLOW
TX_YES_112850,YES_ACC_20036,ICICI_ACC_20055,362.1,2026-01-10 23:56:47,TRANSFER,IMPS,Yes Bank,IN,0,NORMAL_BANKING_FLOW
TX_YES_112851,YES_ACC_20064,YES_ACC_20111,2893.48,2026-01-10 19:47:30,TRANSFER,IMPS,Yes Bank,IN,0,NORMAL_BANKING_FLOW
TX_YES_112852,YES_ACC_20222,YES_ACC_20054,4819.82,2026-01-10 20:37:57,TRANSFER,UPI,Yes Bank,IN,0,NORMAL_BANKING_FLOW
TX_YES_112853,YES_ACC_20020,YES_ACC_20065,490.8,2026-01-10 23:21:20,TRANSFER,UPI,Yes Bank,IN,0,NORMAL_BANKING_FLOW
TX_YES_112854,YES_ACC_20034,CANARA_ACC_20240,655.56,2026-01-10 19:23:33,TRANSFER,UPI,Yes Bank,IN,0,NORMAL_BANKING_FLOW
TX_YES_112855,YES_ACC_20088,YES_ACC_20071,346.51,2026-01-11 01:15:46,TRANSFER,UPI,Yes Bank,IN,0,NORMAL_BANKING_FLOW
TX_YES_112856,YES_ACC_20178,YES_ACC_20108,194.32,2026-01-10 21:30:05,TRANSFER,UPI,Yes Bank,IN,0,NORMAL_BANKING_FLOW
TX_YES_112857,YES_ACC_20068,YES_ACC_20089,1894.24,2026-01-10 22:08:24,TRANSFER,UPI,Yes Bank,IN,0,NORMAL_BANKING_FLOW
TX_YES_112858,YES_ACC_20170,INDUS_ACC_20176,1212.84,2026-01-11 00:15:08,TRANSFER,UPI,Yes Bank,IN,0,NORMAL_BANKING_FLOW
TX_YES_112859,YES_ACC_20089,YES_ACC_20149,1001.69,2026-01-10 22:22:10,TRANSFER,UPI,Yes Bank,IN,0,NORMAL_BANKING_FLOW
TX_YES_112860,YES_ACC_20068,YES_ACC_20069,281.45,2026-01-10 21:19:30,TRANSFER,UPI,Yes Bank,IN,0,NORMAL_BANKING_FLOW
TX_YES_112861,YES_ACC_20059,YES_ACC_20096,4341.44,2026-01-11 03:02:00,TRANSFER,UPI,Yes Bank,IN,0,NORMAL_BANKING_FLOW
TX_YES_112862,YES_ACC_20150,YES_ACC_20236,630.79,2026-01-10 19:39:02,TRANSFER,UPI,Yes Bank,IN,0,NORMAL_BANKING_FLOW
TX_YES_112863,YES_ACC_20166,YES_ACC_20115,1604.01,2026-01-10 18:10:30,TRANSFER,IMPS,Yes Bank,IN,0,NORMAL_BANKING_FLOW
TX_YES_112864,YES_ACC_20207,YES_ACC_20034,267.98,2026-01-11 00:32:15,TRANSFER,UPI,Yes Bank,IN,0,NORMAL_BANKING_FLOW
TX_YES_112865,YES_ACC_20030,CANARA_ACC_20007,835.92,2026-01-11 03:44:00,TRANSFER,UPI,Yes Bank,IN,0,NORMAL_BANKING_FLOW
TX_YES_112866,YES_ACC_20088,SBI_ACC_20026,1289.79,2026-01-10 23:55:30,TRANSFER,UPI,Yes Bank,IN,0,NORMAL_BANKING_FLOW
TX_YES_112867,YES_ACC_20044,YES_ACC_20077,1331.91,2026-01-11 03:46:00,TRANSFER,UPI,Yes Bank,IN,0,NORMAL_BANKING_FLOW
TX_YES_112868,YES_ACC_20114,YES_ACC_20031,1140.46,2026-01-10 20:45:09,TRANSFER,UPI,Yes Bank,IN,0,NORMAL_BANKING_FLOW
TX_YES_112869,YES_ACC_20073,YES_ACC_20122,1548.54,2026-01-10 21:36:48,TRANSFER,UPI,Yes Bank,IN,0,NORMAL_BANKING_FLOW
TX_YES_112870,YES_ACC_20064,YES_ACC_20033,358.72,2026-01-10 20:20:25,TRANSFER,UPI,Yes Bank,IN,0,NORMAL_BANKING_FLOW
TX_YES_112871,YES_ACC_20044,AXIS_ACC_20001,1185.16,2026-01-10 23:59:00,TRANSFER,UPI,Yes Bank,IN,0,NORMAL_BANKING_FLOW
TX_YES_112872,YES_ACC_20140,YES_ACC_20013,1099.25,2026-01-10 22:29:45,TRANSFER,IMPS,Yes Bank,IN,0,NORMAL_BANKING_FLOW
TX_YES_112873,YES_ACC_20130,YES_ACC_20186,1222.32,2026-01-11 01:43:20,TRANSFER,IMPS,Yes Bank,IN,0,NORMAL_BANKING_FLOW
TX_YES_112874,YES_ACC_20218,YES_ACC_20128,1059.03,2026-01-11 00:39:45,TRANSFER,UPI,Yes Bank,IN,0,NORMAL_BANKING_FLOW
TX_YES_112875,YES_ACC_20043,ICICI_ACC_20091,315.48,2026-01-11 01:06:18,TRANSFER,IMPS,Yes Bank,IN,0,NORMAL_BANKING_FLOW
TX_YES_112876,YES_ACC_20001,YES_ACC_20206,303.07,2026-01-10 20:35:50,TRANSFER,UPI,Yes Bank,IN,0,NORMAL_BANKING_FLOW
TX_YES_112877,YES_ACC_20036,YES_ACC_20089,135.25,2026-01-11 02:12:32,TRANSFER,UPI,Yes Bank,IN,0,NORMAL_BANKING_FLOW
TX_YES_112878,YES_ACC_20144,YES_ACC_20012,2070.99,2026-01-11 03:31:06,TRANSFER,UPI,Yes Bank,IN,0,NORMAL_BANKING_FLOW
TX_YES_112879,YES_ACC_20199,YES_ACC_20150,2089.94,2026-01-10 20:24:10,TRANSFER,UPI,Yes Bank,IN,0,NORMAL_BANKING_FLOW
TX_YES_112880,YES_ACC_20080,YES_ACC_20003,2120.05,2026-01-11 02:15:08,TRANSFER,UPI,Yes Bank,IN,0,NORMAL_BANKING_FLOW
TX_YES_112881,YES_ACC_20043,YES_ACC_20144,1307.81,2026-01-11 03:34:00,TRANSFER,IMPS,Yes Bank,IN,0,NORMAL_BANKING_FLOW
TX_YES_112882,YES_ACC_20214,YES_ACC_20202,145.5,2026-01-10 19:59:23,TRANSFER,IMPS,Yes Bank,IN,0,NORMAL_BANKING_FLOW
TX_YES_112883,YES_ACC_20230,YES_ACC_20085,393.85,2026-01-11 02:04:42,TRANSFER,IMPS,Yes Bank,IN,0,NORMAL_BANKING_FLOW
TX_YES_112884,YES_ACC_20189,YES_ACC_20238,1156.75,2026-01-11 02:44:42,TRANSFER,UPI,Yes Bank,IN,0,NORMAL_BANKING_FLOW
TX_YES_112885,YES_ACC_20202,YES_ACC_20045,1120.99,2026-01-10 21:05:52,TRANSFER,UPI,Yes Bank,IN,0,NORMAL_BANKING_FLOW
TX_YES_112886,YES_ACC_20141,YES_ACC_20167,812.02,2026-01-10 20:27:05,TRANSFER,UPI,Yes Bank,IN,0,NORMAL_BANKING_FLOW
TX_YES_112887,YES_ACC_20008,YES_ACC_20124,1383.02,2026-01-11 00:36:24,TRANSFER,UPI,Yes Bank,IN,0,NORMAL_BANKING_FLOW
TX_YES_112888,YES_ACC_20027,SBI_ACC_20229,1002.73,2026-01-11 01:42:43,TRANSFER,UPI,Yes Bank,IN,0,NORMAL_BANKING_FLOW
TX_YES_112889,YES_ACC_20037,YES_ACC_20003,1106.21,2026-01-10 23:32:12,TRANSFER,UPI,Yes Bank,IN,0,NORMAL_BANKING_FLOW
TX_YES_112890,YES_ACC_20143,PNB_ACC_20210,558.27,2026-01-11 01:18:03,TRANSFER,UPI,Yes Bank,IN,0,NORMAL_BANKING_FLOW
TX_YES_112891,YES_ACC_20172,YES_ACC_20083,2401.41,2026-01-11 02:11:30,TRANSFER,UPI,Yes Bank,IN,0,NORMAL_BANKING_FLOW
TX_YES_112892,YES_ACC_20021,ICICI_ACC_20165,673.38,2026-01-10 19:50:02,TRANSFER,IMPS,Yes Bank,IN,0,NORMAL_BANKING_FLOW
TX_YES_112893,YES_ACC_20098,SBI_ACC_20246,299.59,2026-01-11 01:20:24,TRANSFER,UPI,Yes Bank,IN,0,NORMAL_BANKING_FLOW
TX_YES_112894,YES_ACC_20183,YES_ACC_20176,495.76,2026-01-11 02:14:03,TRANSFER,UPI,Yes Bank,IN,0,NORMAL_BANKING_FLOW
TX_YES_112895,YES_ACC_20235,YES_ACC_20199,725.15,2026-01-10 22:16:42,TRANSFER,UPI,Yes Bank,IN,0,NORMAL_BANKING_FLOW
TX_YES_112896,YES_ACC_20149,AXIS_ACC_20103,2427.46,2026-01-11 00:29:45,TRANSFER,UPI,Yes Bank,IN,0,NORMAL_BANKING_FLOW
TX_YES_112897,YES_ACC_20128,AXIS_ACC_20120,955.24,2026-01-10 22:17:48,TRANSFER,IMPS,Yes Bank,IN,0,NORMAL_BANKING_FLOW
TX_YES_112898,YES_ACC_20157,YES_ACC_20170,839.21,2026-01-10 20:05:31,TRANSFER,UPI,Yes Bank,IN,0,NORMAL_BANKING_FLOW
TX_YES_112899,YES_ACC_20037,YES_ACC_20148,322.53,2026-01-10 18:32:48,TRANSFER,IMPS,Yes Bank,IN,0,NORMAL_BANKING_FLOW
TX_YES_112900,YES_ACC_20133,YES_ACC_20068,2012.1,2026-01-11 00:19:18,TRANSFER,UPI,Yes Bank,IN,0,NORMAL_BANKING_FLOW
TX_YES_112901,YES_ACC_20144,CANARA_ACC_20138,551.83,2026-01-10 21:26:40,TRANSFER,UPI,Yes Bank,IN,0,NORMAL_BANKING_FLOW
TX_YES_112902,YES_ACC_20125,YES_ACC_20079,906.85,2026-01-11 03:40:57,TRANSFER,UPI,Yes Bank,IN,0,NORMAL_BANKING_FLOW
TX_YES_112903,YES_ACC_20207,PNB_ACC_20172,3759.96,2026-01-11 03:41:54,TRANSFER,IMPS,Yes Bank,IN,0,NORMAL_BANKING_FLOW
TX_YES_112904,YES_ACC_20152,PNB_ACC_20205,1568.52,2026-01-11 03:02:42,TRANSFER,IMPS,Yes Bank,IN,0,NORMAL_BANKING_FLOW
TX_YES_112905,YES_ACC_20148,YES_ACC_20172,229.19,2026-01-11 01:16:24,TRANSFER,UPI,Yes Bank,IN,0,NORMAL_BANKING_FLOW
TX_YES_112906,YES_ACC_20011,YES_ACC_20023,201.83,2026-01-11 03:31:20,TRANSFER,UPI,Yes Bank,IN,0,NORMAL_BANKING_FLOW
TX_YES_112907,YES_ACC_20189,YES_ACC_20191,936.47,2026-01-11 02:51:58,TRANSFER,IMPS,Yes Bank,IN,0,NORMAL_BANKING_FLOW
TX_YES_112908,YES_ACC_20048,YES_ACC_20209,333.13,2026-01-10 19:02:06,TRANSFER,UPI,Yes Bank,IN,0,NORMAL_BANKING_FLOW
TX_YES_112909,YES_ACC_20159,YES_ACC_20161,1778.8,2026-01-10 21:30:32,TRANSFER,IMPS,Yes Bank,IN,0,NORMAL_BANKING_FLOW
TX_YES_112910,YES_ACC_20068,YES_ACC_20087,1030.74,2026-01-11 01:06:45,TRANSFER,UPI,Yes Bank,IN,0,NORMAL_BANKING_FLOW
TX_YES_112911,YES_ACC_20082,YES_ACC_20185,1151.53,2026-01-11 03:22:30,TRANSFER,UPI,Yes Bank,IN,0,NORMAL_BANKING_FLOW
TX_YES_112912,YES_ACC_20111,YES_ACC_20210,525.28,2026-01-11 02:02:19,TRANSFER,UPI,Yes Bank,IN,0,NORMAL_BANKING_FLOW
TX_YES_112913,YES_ACC_20166,YES_ACC_20056,4756.39,2026-01-10 19:57:44,TRANSFER,IMPS,Yes Bank,IN,0,NORMAL_BANKING_FLOW
TX_YES_112914,YES_ACC_20096,YES_ACC_20087,12814.52,2026-01-11 02:03:57,TRANSFER,UPI,Yes Bank,IN,0,NORMAL_BANKING_FLOW
TX_YES_112915,YES_ACC_20230,HDFC_ACC_20216,772.22,2026-01-10 22:41:16,TRANSFER,UPI,Yes Bank,IN,0,NORMAL_BANKING_FLOW
TX_YES_112916,YES_ACC_20128,YES_ACC_20086,1363.4,2026-01-11 04:21:25,TRANSFER,UPI,Yes Bank,IN,0,NORMAL_BANKING_FLOW
TX_YES_112917,YES_ACC_20181,ICICI_ACC_20185,1083.2,2026-01-11 03:14:24,TRANSFER,UPI,Yes Bank,IN,0,NORMAL_BANKING_FLOW
TX_YES_112918,YES_ACC_20171,YES_ACC_20030,785.47,2026-01-11 04:37:00,TRANSFER,UPI,Yes Bank,IN,0,NORMAL_BANKING_FLOW
TX_YES_112919,YES_ACC_20100,YES_ACC_20109,469.25,2026-01-11 01:13:30,TRANSFER,UPI,Yes Bank,IN,0,NORMAL_BANKING_FLOW
TX_YES_112920,YES_ACC_20071,YES_ACC_20055,373.73,2026-01-10 22:44:06,TRANSFER,UPI,Yes Bank,IN,0,NORMAL_BANKING_FLOW
TX_YES_112921,YES_ACC_20005,SBI_ACC_20179,357.08,2026-01-11 00:47:40,TRANSFER,IMPS,Yes Bank,IN,0,NORMAL_BANKING_FLOW
TX_YES_112922,YES_ACC_20014,HDFC_ACC_20001,1428.98,2026-01-10 19:33:40,TRANSFER,UPI,Yes Bank,IN,0,NORMAL_BANKING_FLOW
TX_YES_112923,YES_ACC_20042,YES_ACC_20215,621.6,2026-01-11 00:21:42,TRANSFER,UPI,Yes Bank,IN,0,NORMAL_BANKING_FLOW
TX_YES_112924,YES_ACC_20098,YES_ACC_20067,97.47,2026-01-10 22:18:56,TRANSFER,UPI,Yes Bank,IN,0,NORMAL_BANKING_FLOW
TX_YES_112925,YES_ACC_20080,YES_ACC_20132,1480.85,2026-01-11 02:40:24,TRANSFER,IMPS,Yes Bank,IN,0,NORMAL_BANKING_FLOW
TX_YES_112926,YES_ACC_20128,YES_ACC_20149,958.69,2026-01-11 03:08:45,TRANSFER,UPI,Yes Bank,IN,0,NORMAL_BANKING_FLOW
TX_YES_112927,YES_ACC_20169,YES_ACC_20083,3334.26,2026-01-11 01:33:16,TRANSFER,UPI,Yes Bank,IN,0,NORMAL_BANKING_FLOW
TX_YES_112928,YES_ACC_20153,YES_ACC_20072,1388.27,2026-01-10 19:21:53,TRANSFER,IMPS,Yes Bank,IN,0,NORMAL_BANKING_FLOW
TX_YES_112929,YES_ACC_20142,SBI_ACC_20228,262.22,2026-01-10 21:54:00,TRANSFER,UPI,Yes Bank,IN,0,NORMAL_BANKING_FLOW
TX_YES_112930,YES_ACC_20069,YES_ACC_20183,133.39,2026-01-11 03:53:44,TRANSFER,IMPS,Yes Bank,IN,0,NORMAL_BANKING_FLOW
TX_YES_112931,YES_ACC_20152,YES_ACC_20072,519.3,2026-01-10 22:08:50,TRANSFER,UPI,Yes Bank,IN,0,NORMAL_BANKING_FLOW
TX_YES_112932,YES_ACC_20134,YES_ACC_20225,565.33,2026-01-11 03:27:54,TRANSFER,UPI,Yes Bank,IN,0,NORMAL_BANKING_FLOW
TX_YES_112933,YES_ACC_20001,YES_ACC_20084,2318.89,2026-01-10 19:23:28,TRANSFER,UPI,Yes Bank,IN,0,NORMAL_BANKING_FLOW
TX_YES_112934,YES_ACC_20023,YES_ACC_20180,984.38,2026-01-11 00:15:20,TRANSFER,UPI,Yes Bank,IN,0,NORMAL_BANKING_FLOW
TX_YES_112935,YES_ACC_20248,AXIS_ACC_20021,2752.65,2026-01-10 21:29:12,TRANSFER,UPI,Yes Bank,IN,0,NORMAL_BANKING_FLOW
TX_YES_112936,YES_ACC_20245,INDUS_ACC_20204,301.16,2026-01-11 00:16:40,TRANSFER,UPI,Yes Bank,IN,0,NORMAL_BANKING_FLOW
TX_YES_112937,YES_ACC_20195,AXIS_ACC_20181,2365.48,2026-01-11 00:03:24,TRANSFER,UPI,Yes Bank,IN,0,NORMAL_BANKING_FLOW
TX_YES_112938,YES_ACC_20000,YES_ACC_20210,1898.63,2026-01-10 19:11:06,TRANSFER,UPI,Yes Bank,IN,0,NORMAL_BANKING_FLOW
TX_YES_112939,YES_ACC_20167,KOTAK_ACC_20005,161.35,2026-01-11 02:52:18,TRANSFER,UPI,Yes Bank,IN,0,NORMAL_BANKING_FLOW
TX_YES_112940,YES_ACC_20096,YES_ACC_20014,3262.85,2026-01-11 02:11:12,TRANSFER,UPI,Yes Bank,IN,0,NORMAL_BANKING_FLOW
TX_YES_112941,YES_ACC_20159,YES_ACC_20025,1079.35,2026-01-11 02:54:00,TRANSFER,UPI,Yes Bank,IN,0,NORMAL_BANKING_FLOW
TX_YES_112942,YES_ACC_20083,YES_ACC_20213,1412.11,2026-01-10 18:44:16,TRANSFER,IMPS,Yes Bank,IN,0,NORMAL_BANKING_FLOW
TX_YES_112943,YES_ACC_20084,YES_ACC_20128,455.59,2026-01-10 18:44:32,TRANSFER,UPI,Yes Bank,IN,0,NORMAL_BANKING_FLOW
TX_YES_112944,YES_ACC_20090,YES_ACC_20183,3126.67,2026-01-10 22:43:39,TRANSFER,UPI,Yes Bank,IN,0,NORMAL_BANKING_FLOW
TX_YES_112945,YES_ACC_20048,YES_ACC_20094,341.29,2026-01-11 02:29:16,TRANSFER,UPI,Yes Bank,IN,0,NORMAL_BANKING_FLOW
TX_YES_112946,YES_ACC_20183,YES_ACC_20227,2098.3,2026-01-11 00:51:30,TRANSFER,UPI,Yes Bank,IN,0,NORMAL_BANKING_FLOW
TX_YES_112947,YES_ACC_20065,BOB_ACC_20027,2076.72,2026-01-11 02:59:06,TRANSFER,IMPS,Yes Bank,IN,0,NORMAL_BANKING_FLOW
TX_YES_112948,YES_ACC_20105,YES_ACC_20132,412.92,2026-01-10 20:38:48,TRANSFER,IMPS,Yes Bank,IN,0,NORMAL_BANKING_FLOW
TX_YES_112949,YES_ACC_20160,BOB_ACC_20223,5913.75,2026-01-10 20:10:56,TRANSFER,UPI,Yes Bank,IN,0,NORMAL_BANKING_FLOW
TX_YES_112950,YES_ACC_20180,YES_ACC_20061,1222.16,2026-01-11 00:11:51,TRANSFER,IMPS,Yes Bank,IN,0,NORMAL_BANKING_FLOW
TX_YES_112951,YES_ACC_20153,YES_ACC_20161,1787.38,2026-01-10 21:08:20,TRANSFER,UPI,Yes Bank,IN,0,NORMAL_BANKING_FLOW
TX_YES_112952,YES_ACC_20160,HDFC_ACC_20118,251.03,2026-01-10 21:37:08,TRANSFER,UPI,Yes Bank,IN,0,NORMAL_BANKING_FLOW
TX_YES_112953,YES_ACC_20246,PNB_ACC_20085,6673.88,2026-01-11 00:56:24,TRANSFER,UPI,Yes Bank,IN,0,NORMAL_BANKING_FLOW
TX_YES_112954,YES_ACC_20021,YES_ACC_20184,329.61,2026-01-11 02:22:24,TRANSFER,UPI,Yes Bank,IN,0,NORMAL_BANKING_FLOW
TX_YES_112955,YES_ACC_20042,CANARA_ACC_20107,2495.88,2026-01-11 03:48:36,TRANSFER,UPI,Yes Bank,IN,0,NORMAL_BANKING_FLOW
TX_YES_112956,YES_ACC_20217,YES_ACC_20007,405.33,2026-01-10 19:59:15,TRANSFER,IMPS,Yes Bank,IN,0,NORMAL_BANKING_FLOW
TX_YES_112957,YES_ACC_20220,YES_ACC_20032,568.45,2026-01-11 01:13:28,TRANSFER,IMPS,Yes Bank,IN,0,NORMAL_BANKING_FLOW
TX_YES_112958,YES_ACC_20111,SBI_ACC_20015,2018.03,2026-01-10 22:22:47,TRANSFER,UPI,Yes Bank,IN,0,NORMAL_BANKING_FLOW
TX_YES_112959,YES_ACC_20241,YES_ACC_20088,2501.88,2026-01-10 22:23:18,TRANSFER,IMPS,Yes Bank,IN,0,NORMAL_BANKING_FLOW
TX_YES_112960,YES_ACC_20105,YES_ACC_20023,316.03,2026-01-11 03:38:47,TRANSFER,UPI,Yes Bank,IN,0,NORMAL_BANKING_FLOW
TX_YES_112961,YES_ACC_20076,BOB_ACC_20077,2647.64,2026-01-10 21:12:40,TRANSFER,UPI,Yes Bank,IN,0,NORMAL_BANKING_FLOW
TX_YES_112962,YES_ACC_20204,YES_ACC_20152,2541.43,2026-01-11 01:17:03,TRANSFER,UPI,Yes Bank,IN,0,NORMAL_BANKING_FLOW
TX_YES_112963,YES_ACC_20146,SBI_ACC_20248,426.6,2026-01-11 00:34:40,TRANSFER,UPI,Yes Bank,IN,0,NORMAL_BANKING_FLOW
TX_YES_112964,YES_ACC_20168,SBI_ACC_20177,4183.0,2026-01-10 19:33:17,TRANSFER,IMPS,Yes Bank,IN,0,NORMAL_BANKING_FLOW
TX_YES_112965,YES_ACC_20085,YES_ACC_20166,267.42,2026-01-11 03:28:48,TRANSFER,IMPS,Yes Bank,IN,0,NORMAL_BANKING_FLOW
TX_YES_112966,YES_ACC_20146,YES_ACC_20167,565.5,2026-01-10 23:10:10,TRANSFER,UPI,Yes Bank,IN,0,NORMAL_BANKING_FLOW
TX_YES_112967,YES_ACC_20028,YES_ACC_20064,1527.06,2026-01-11 00:08:28,TRANSFER,UPI,Yes Bank,IN,0,NORMAL_BANKING_FLOW
TX_YES_112968,YES_ACC_20157,YES_ACC_20199,460.26,2026-01-11 03:02:30,TRANSFER,IMPS,Yes Bank,IN,0,NORMAL_BANKING_FLOW
TX_YES_112969,YES_ACC_20249,SBI_ACC_20117,1258.2,2026-01-10 21:45:04,TRANSFER,IMPS,Yes Bank,IN,0,NORMAL_BANKING_FLOW
TX_YES_112970,YES_ACC_20102,YES_ACC_20180,1232.71,2026-01-11 00:39:20,TRANSFER,UPI,Yes Bank,IN,0,NORMAL_BANKING_FLOW
TX_YES_112971,YES_ACC_20164,YES_ACC_20003,838.52,2026-01-10 20:48:00,TRANSFER,IMPS,Yes Bank,IN,0,NORMAL_BANKING_FLOW
TX_YES_112972,YES_ACC_20196,YES_ACC_20150,2098.88,2026-01-10 22:15:30,TRANSFER,UPI,Yes Bank,IN,0,NORMAL_BANKING_FLOW
TX_YES_112973,YES_ACC_20103,PNB_ACC_20200,807.93,2026-01-11 03:35:44,TRANSFER,UPI,Yes Bank,IN,0,NORMAL_BANKING_FLOW
TX_YES_112974,YES_ACC_20033,YES_ACC_20194,1222.17,2026-01-11 03:07:30,TRANSFER,UPI,Yes Bank,IN,0,NORMAL_BANKING_FLOW
TX_YES_112975,YES_ACC_20112,YES_ACC_20111,2784.5,2026-01-10 19:22:12,TRANSFER,IMPS,Yes Bank,IN,0,NORMAL_BANKING_FLOW
TX_YES_112976,YES_ACC_20172,INDUS_ACC_20188,2021.55,2026-01-10 22:02:55,TRANSFER,UPI,Yes Bank,IN,0,NORMAL_BANKING_FLOW
TX_YES_112977,YES_ACC_20026,YES_ACC_20038,2013.07,2026-01-11 02:26:12,TRANSFER,UPI,Yes Bank,IN,0,NORMAL_BANKING_FLOW
TX_YES_112978,YES_ACC_20198,YES_ACC_20043,352.74,2026-01-11 01:43:08,TRANSFER,UPI,Yes Bank,IN,0,NORMAL_BANKING_FLOW
TX_YES_112979,YES_ACC_20155,YES_ACC_20091,1591.31,2026-01-10 21:49:44,TRANSFER,IMPS,Yes Bank,IN,0,NORMAL_BANKING_FLOW
TX_YES_112980,YES_ACC_20000,YES_ACC_20162,450.05,2026-01-10 21:20:54,TRANSFER,IMPS,Yes Bank,IN,0,NORMAL_BANKING_FLOW
TX_YES_112981,YES_ACC_20106,YES_ACC_20130,313.16,2026-01-11 01:30:40,TRANSFER,UPI,Yes Bank,IN,0,NORMAL_BANKING_FLOW
TX_YES_112982,YES_ACC_20052,YES_ACC_20249,930.26,2026-01-10 19:38:59,TRANSFER,IMPS,Yes Bank,IN,0,NORMAL_BANKING_FLOW
TX_YES_112983,YES_ACC_20085,YES_ACC_20066,439.72,2026-01-11 01:17:24,TRANSFER,UPI,Yes Bank,IN,0,NORMAL_BANKING_FLOW
TX_YES_112984,YES_ACC_20235,SBI_ACC_20021,2021.42,2026-01-10 20:38:29,TRANSFER,IMPS,Yes Bank,IN,0,NORMAL_BANKING_FLOW
TX_YES_112985,YES_ACC_20248,ICICI_ACC_20054,2065.41,2026-01-11 04:59:48,TRANSFER,IMPS,Yes Bank,IN,0,NORMAL_BANKING_FLOW
TX_YES_112986,YES_ACC_20217,YES_ACC_20160,179.04,2026-01-10 21:38:15,TRANSFER,UPI,Yes Bank,IN,0,NORMAL_BANKING_FLOW
TX_YES_112987,YES_ACC_20083,AXIS_ACC_20011,470.84,2026-01-10 19:25:48,TRANSFER,UPI,Yes Bank,IN,0,NORMAL_BANKING_FLOW
TX_YES_112988,YES_ACC_20222,CANARA_ACC_20187,266.72,2026-01-10 22:53:04,TRANSFER,IMPS,Yes Bank,IN,0,NORMAL_BANKING_FLOW
TX_YES_112989,YES_ACC_20116,YES_ACC_20237,654.34,2026-01-10 23:23:12,TRANSFER,UPI,Yes Bank,IN,0,NORMAL_BANKING_FLOW
TX_YES_112990,YES_ACC_20056,YES_ACC_20195,1494.67,2026-01-11 05:49:00,TRANSFER,IMPS,Yes Bank,IN,0,NORMAL_BANKING_FLOW
TX_YES_112991,YES_ACC_20075,YES_ACC_20056,797.87,2026-01-10 19:41:50,TRANSFER,UPI,Yes Bank,IN,0,NORMAL_BANKING_FLOW
TX_YES_112992,YES_ACC_20045,BOB_ACC_20225,583.6,2026-01-10 23:39:45,TRANSFER,IMPS,Yes Bank,IN,0,NORMAL_BANKING_FLOW
TX_YES_112993,YES_ACC_20175,YES_ACC_20130,3197.61,2026-01-11 01:54:08,TRANSFER,UPI,Yes Bank,IN,0,NORMAL_BANKING_FLOW
TX_YES_112994,YES_ACC_20238,AXIS_ACC_20096,124.66,2026-01-10 22:41:23,TRANSFER,UPI,Yes Bank,IN,0,NORMAL_BANKING_FLOW
TX_YES_112995,YES_ACC_20028,YES_ACC_20211,3020.52,2026-01-10 23:11:42,TRANSFER,UPI,Yes Bank,IN,0,NORMAL_BANKING_FLOW
TX_YES_112996,YES_ACC_20150,YES_ACC_20093,607.98,2026-01-11 05:55:00,TRANSFER,IMPS,Yes Bank,IN,0,NORMAL_BANKING_FLOW
TX_YES_112997,YES_ACC_20016,YES_ACC_20050,924.92,2026-01-11 02:56:48,TRANSFER,UPI,Yes Bank,IN,0,NORMAL_BANKING_FLOW
TX_YES_112998,YES_ACC_20183,YES_ACC_20033,617.31,2026-01-11 04:57:12,TRANSFER,UPI,Yes Bank,IN,0,NORMAL_BANKING_FLOW
TX_YES_112999,YES_ACC_20194,BOB_ACC_20011,3978.26,2026-01-10 21:14:10,TRANSFER,UPI,Yes Bank,IN,0,NORMAL_BANKING_FLOW
TX_YES_113000,YES_ACC_20131,YES_ACC_20021,327.71,2026-01-11 01:59:16,TRANSFER,UPI,Yes Bank,IN,0,NORMAL_BANKING_FLOW
TX_YES_113001,YES_ACC_20224,PNB_ACC_20125,1002.81,2026-01-11 05:45:00,TRANSFER,IMPS,Yes Bank,IN,0,NORMAL_BANKING_FLOW
TX_YES_113002,YES_ACC_20210,YES_ACC_20230,1595.1,2026-01-10 22:45:31,TRANSFER,IMPS,Yes Bank,IN,0,NORMAL_BANKING_FLOW
TX_YES_113003,YES_ACC_20192,YES_ACC_20045,232.78,2026-01-10 20:45:46,TRANSFER,IMPS,Yes Bank,IN,0,NORMAL_BANKING_FLOW
TX_YES_113004,YES_ACC_20048,AXIS_ACC_20074,433.59,2026-01-10 20:16:03,TRANSFER,UPI,Yes Bank,IN,0,NORMAL_BANKING_FLOW
TX_YES_113005,YES_ACC_20019,YES_ACC_20183,868.39,2026-01-10 18:46:00,TRANSFER,IMPS,Yes Bank,IN,0,NORMAL_BANKING_FLOW
TX_YES_113006,YES_ACC_20077,YES_ACC_20179,446.75,2026-01-10 19:46:35,TRANSFER,UPI,Yes Bank,IN,0,NORMAL_BANKING_FLOW
TX_YES_113007,YES_ACC_20093,INDUS_ACC_20188,476.26,2026-01-11 06:06:00,TRANSFER,UPI,Yes Bank,IN,0,NORMAL_BANKING_FLOW
TX_YES_113008,YES_ACC_20193,ICICI_ACC_20088,724.24,2026-01-11 00:49:33,TRANSFER,IMPS,Yes Bank,IN,0,NORMAL_BANKING_FLOW
TX_YES_113009,YES_ACC_20213,YES_ACC_20124,1780.45,2026-01-10 21:48:36,TRANSFER,UPI,Yes Bank,IN,0,NORMAL_BANKING_FLOW
TX_YES_113010,YES_ACC_20011,YES_ACC_20094,728.91,2026-01-10 20:33:18,TRANSFER,UPI,Yes Bank,IN,0,NORMAL_BANKING_FLOW
TX_YES_113011,YES_ACC_20177,YES_ACC_20161,2619.09,2026-01-11 05:54:50,TRANSFER,IMPS,Yes Bank,IN,0,NORMAL_BANKING_FLOW
TX_YES_113012,YES_ACC_20088,ICICI_ACC_20053,404.24,2026-01-11 01:52:53,TRANSFER,UPI,Yes Bank,IN,0,NORMAL_BANKING_FLOW
TX_YES_113013,YES_ACC_20033,YES_ACC_20046,321.59,2026-01-10 18:48:00,TRANSFER,UPI,Yes Bank,IN,0,NORMAL_BANKING_FLOW
TX_YES_113014,YES_ACC_20245,YES_ACC_20103,5617.89,2026-01-10 20:49:59,TRANSFER,UPI,Yes Bank,IN,0,NORMAL_BANKING_FLOW
TX_YES_113015,YES_ACC_20055,YES_ACC_20049,548.86,2026-01-11 00:54:06,TRANSFER,UPI,Yes Bank,IN,0,NORMAL_BANKING_FLOW
TX_YES_113016,YES_ACC_20021,CANARA_ACC_20160,304.96,2026-01-11 05:59:45,TRANSFER,UPI,Yes Bank,IN,0,NORMAL_BANKING_FLOW
TX_YES_113017,YES_ACC_20016,YES_ACC_20035,206.88,2026-01-10 21:21:40,TRANSFER,IMPS,Yes Bank,IN,0,NORMAL_BANKING_FLOW
TX_YES_113018,YES_ACC_20192,AXIS_ACC_20185,2611.27,2026-01-11 04:45:18,TRANSFER,UPI,Yes Bank,IN,0,NORMAL_BANKING_FLOW
TX_YES_113019,YES_ACC_20120,YES_ACC_20065,729.84,2026-01-10 19:35:24,TRANSFER,UPI,Yes Bank,IN,0,NORMAL_BANKING_FLOW
TX_YES_113020,YES_ACC_20243,HDFC_ACC_20186,789.71,2026-01-10 20:52:17,TRANSFER,UPI,Yes Bank,IN,0,NORMAL_BANKING_FLOW
TX_YES_113021,YES_ACC_20194,AXIS_ACC_20019,859.82,2026-01-10 20:06:40,TRANSFER,UPI,Yes Bank,IN,0,NORMAL_BANKING_FLOW
TX_YES_113022,YES_ACC_20156,SBI_ACC_20244,2469.2,2026-01-10 19:20:57,TRANSFER,UPI,Yes Bank,IN,0,NORMAL_BANKING_FLOW
TX_YES_113023,YES_ACC_20100,YES_ACC_20211,844.23,2026-01-11 05:51:16,TRANSFER,IMPS,Yes Bank,IN,0,NORMAL_BANKING_FLOW
TX_YES_113024,YES_ACC_20236,YES_ACC_20149,8181.64,2026-01-11 00:13:48,TRANSFER,UPI,Yes Bank,IN,0,NORMAL_BANKING_FLOW
TX_YES_113025,YES_ACC_20230,YES_ACC_20207,1119.22,2026-01-11 00:14:24,TRANSFER,IMPS,Yes Bank,IN,0,NORMAL_BANKING_FLOW
TX_YES_113026,YES_ACC_20022,YES_ACC_20141,2580.16,2026-01-11 01:16:40,TRANSFER,UPI,Yes Bank,IN,0,NORMAL_BANKING_FLOW
TX_YES_113027,YES_ACC_20120,YES_ACC_20046,2048.2,2026-01-11 04:37:58,TRANSFER,UPI,Yes Bank,IN,0,NORMAL_BANKING_FLOW
TX_YES_113028,YES_ACC_20180,AXIS_ACC_20211,960.25,2026-01-10 20:55:21,TRANSFER,UPI,Yes Bank,IN,0,NORMAL_BANKING_FLOW
TX_YES_113029,YES_ACC_20188,YES_ACC_20042,585.07,2026-01-11 04:08:48,TRANSFER,IMPS,Yes Bank,IN,0,NORMAL_BANKING_FLOW
TX_YES_113030,YES_ACC_20046,YES_ACC_20136,1337.78,2026-01-11 00:17:24,TRANSFER,IMPS,Yes Bank,IN,0,NORMAL_BANKING_FLOW
TX_YES_113031,YES_ACC_20237,YES_ACC_20197,1570.41,2026-01-11 03:39:30,TRANSFER,UPI,Yes Bank,IN,0,NORMAL_BANKING_FLOW
TX_YES_113032,YES_ACC_20185,PNB_ACC_20118,592.69,2026-01-11 01:36:11,TRANSFER,UPI,Yes Bank,IN,0,NORMAL_BANKING_FLOW
TX_YES_113033,YES_ACC_20080,YES_ACC_20147,1152.52,2026-01-11 02:39:00,TRANSFER,IMPS,Yes Bank,IN,0,NORMAL_BANKING_FLOW
TX_YES_113034,YES_ACC_20244,YES_ACC_20145,3018.71,2026-01-11 00:35:21,TRANSFER,IMPS,Yes Bank,IN,0,NORMAL_BANKING_FLOW
TX_YES_113035,YES_ACC_20060,ICICI_ACC_20223,6392.96,2026-01-10 20:26:54,TRANSFER,UPI,Yes Bank,IN,0,NORMAL_BANKING_FLOW
TX_YES_113036,YES_ACC_20087,YES_ACC_20066,2140.79,2026-01-11 05:32:40,TRANSFER,IMPS,Yes Bank,IN,0,NORMAL_BANKING_FLOW
TX_YES_113037,YES_ACC_20180,YES_ACC_20224,5305.42,2026-01-11 02:26:24,TRANSFER,UPI,Yes Bank,IN,0,NORMAL_BANKING_FLOW
TX_YES_113038,YES_ACC_20103,YES_ACC_20131,563.16,2026-01-10 19:56:43,TRANSFER,IMPS,Yes Bank,IN,0,NORMAL_BANKING_FLOW
TX_YES_113039,YES_ACC_20119,YES_ACC_20243,1866.26,2026-01-10 23:04:38,TRANSFER,UPI,Yes Bank,IN,0,NORMAL_BANKING_FLOW
TX_YES_113040,YES_ACC_20037,YES_ACC_20165,3309.88,2026-01-10 20:44:18,TRANSFER,UPI,Yes Bank,IN,0,NORMAL_BANKING_FLOW
TX_YES_113041,YES_ACC_20069,YES_ACC_20205,442.88,2026-01-11 06:40:00,TRANSFER,UPI,Yes Bank,IN,0,NORMAL_BANKING_FLOW
TX_YES_113042,YES_ACC_20201,KOTAK_ACC_20137,640.96,2026-01-10 23:37:33,TRANSFER,UPI,Yes Bank,IN,0,NORMAL_BANKING_FLOW
TX_YES_113043,YES_ACC_20201,YES_ACC_20199,4741.53,2026-01-10 23:53:48,TRANSFER,UPI,Yes Bank,IN,0,NORMAL_BANKING_FLOW
TX_YES_113044,YES_ACC_20188,YES_ACC_20249,412.57,2026-01-11 05:08:42,TRANSFER,IMPS,Yes Bank,IN,0,NORMAL_BANKING_FLOW
TX_YES_113045,YES_ACC_20067,YES_ACC_20162,296.78,2026-01-11 00:26:24,TRANSFER,UPI,Yes Bank,IN,0,NORMAL_BANKING_FLOW
TX_YES_113046,YES_ACC_20158,HDFC_ACC_20065,3925.24,2026-01-11 00:58:30,TRANSFER,UPI,Yes Bank,IN,0,NORMAL_BANKING_FLOW
TX_YES_113047,YES_ACC_20014,YES_ACC_20057,2913.43,2026-01-10 21:02:38,TRANSFER,UPI,Yes Bank,IN,0,NORMAL_BANKING_FLOW
TX_YES_113048,YES_ACC_20021,YES_ACC_20232,1463.97,2026-01-10 22:06:09,TRANSFER,IMPS,Yes Bank,IN,0,NORMAL_BANKING_FLOW
TX_YES_113049,YES_ACC_20103,INDUS_ACC_20029,952.28,2026-01-11 03:54:12,TRANSFER,UPI,Yes Bank,IN,0,NORMAL_BANKING_FLOW
TX_YES_113050,YES_ACC_20153,YES_ACC_20067,668.69,2026-01-10 21:03:47,TRANSFER,UPI,Yes Bank,IN,0,NORMAL_BANKING_FLOW
TX_YES_113051,YES_ACC_20243,YES_ACC_20037,1278.9,2026-01-11 01:01:40,TRANSFER,UPI,Yes Bank,IN,0,NORMAL_BANKING_FLOW
TX_YES_113052,YES_ACC_20199,YES_ACC_20053,4112.66,2026-01-11 00:30:36,TRANSFER,UPI,Yes Bank,IN,0,NORMAL_BANKING_FLOW
TX_YES_113053,YES_ACC_20246,YES_ACC_20105,1229.93,2026-01-11 02:22:16,TRANSFER,UPI,Yes Bank,IN,0,NORMAL_BANKING_FLOW
TX_YES_113054,YES_ACC_20220,YES_ACC_20015,6976.23,2026-01-11 02:38:52,TRANSFER,UPI,Yes Bank,IN,0,NORMAL_BANKING_FLOW
TX_YES_113055,YES_ACC_20117,YES_ACC_20061,442.24,2026-01-11 05:18:36,TRANSFER,IMPS,Yes Bank,IN,0,NORMAL_BANKING_FLOW
TX_YES_113056,YES_ACC_20054,YES_ACC_20144,974.85,2026-01-11 05:19:30,TRANSFER,UPI,Yes Bank,IN,0,NORMAL_BANKING_FLOW
TX_YES_113057,YES_ACC_20182,YES_ACC_20248,709.28,2026-01-11 01:37:20,TRANSFER,UPI,Yes Bank,IN,0,NORMAL_BANKING_FLOW
TX_YES_113058,YES_ACC_20209,YES_ACC_20194,373.67,2026-01-10 22:26:36,TRANSFER,UPI,Yes Bank,IN,0,NORMAL_BANKING_FLOW
TX_YES_113059,YES_ACC_20149,BOB_ACC_20238,864.56,2026-01-11 06:10:06,TRANSFER,IMPS,Yes Bank,IN,0,NORMAL_BANKING_FLOW
TX_YES_113060,YES_ACC_20175,YES_ACC_20021,1444.61,2026-01-10 21:39:35,TRANSFER,UPI,Yes Bank,IN,0,NORMAL_BANKING_FLOW
TX_YES_113061,YES_ACC_20053,PNB_ACC_20003,1590.51,2026-01-11 03:32:00,TRANSFER,IMPS,Yes Bank,IN,0,NORMAL_BANKING_FLOW
TX_YES_113062,YES_ACC_20128,YES_ACC_20164,6998.19,2026-01-11 02:28:43,TRANSFER,UPI,Yes Bank,IN,0,NORMAL_BANKING_FLOW
TX_YES_113063,YES_ACC_20092,YES_ACC_20131,1507.22,2026-01-11 00:21:10,TRANSFER,UPI,Yes Bank,IN,0,NORMAL_BANKING_FLOW
TX_YES_113064,YES_ACC_20175,YES_ACC_20106,2793.7,2026-01-10 20:53:06,TRANSFER,UPI,Yes Bank,IN,0,NORMAL_BANKING_FLOW
TX_YES_113065,YES_ACC_20128,YES_ACC_20198,1053.09,2026-01-10 21:09:32,TRANSFER,UPI,Yes Bank,IN,0,NORMAL_BANKING_FLOW
TX_YES_113066,YES_ACC_20018,YES_ACC_20241,4492.88,2026-01-11 05:44:35,TRANSFER,UPI,Yes Bank,IN,0,NORMAL_BANKING_FLOW
TX_YES_113067,YES_ACC_20237,YES_ACC_20118,8592.15,2026-01-11 07:06:00,TRANSFER,IMPS,Yes Bank,IN,0,NORMAL_BANKING_FLOW
TX_YES_113068,YES_ACC_20058,HDFC_ACC_20245,1600.35,2026-01-11 07:07:00,TRANSFER,UPI,Yes Bank,IN,0,NORMAL_BANKING_FLOW
TX_YES_113069,YES_ACC_20092,YES_ACC_20212,406.1,2026-01-11 00:08:32,TRANSFER,UPI,Yes Bank,IN,0,NORMAL_BANKING_FLOW
TX_YES_113070,YES_ACC_20216,CANARA_ACC_20087,605.51,2026-01-11 00:57:33,TRANSFER,UPI,Yes Bank,IN,0,NORMAL_BANKING_FLOW
TX_YES_113071,YES_ACC_20017,YES_ACC_20099,1278.88,2026-01-10 22:32:40,TRANSFER,UPI,Yes Bank,IN,0,NORMAL_BANKING_FLOW
TX_YES_113072,YES_ACC_20066,YES_ACC_20073,1496.45,2026-01-10 22:33:08,TRANSFER,UPI,Yes Bank,IN,0,NORMAL_BANKING_FLOW
TX_YES_113073,YES_ACC_20022,YES_ACC_20037,1860.47,2026-01-11 00:43:12,TRANSFER,IMPS,Yes Bank,IN,0,NORMAL_BANKING_FLOW
TX_YES_113074,YES_ACC_20157,BOB_ACC_20165,1501.44,2026-01-10 21:12:59,TRANSFER,UPI,Yes Bank,IN,0,NORMAL_BANKING_FLOW
TX_YES_113075,YES_ACC_20025,YES_ACC_20033,998.53,2026-01-11 03:42:58,TRANSFER,UPI,Yes Bank,IN,0,NORMAL_BANKING_FLOW
TX_YES_113076,YES_ACC_20224,YES_ACC_20014,559.71,2026-01-10 19:52:30,TRANSFER,IMPS,Yes Bank,IN,0,NORMAL_BANKING_FLOW
TX_YES_113077,YES_ACC_20158,SBI_ACC_20144,1423.71,2026-01-11 04:33:20,TRANSFER,UPI,Yes Bank,IN,0,NORMAL_BANKING_FLOW
TX_YES_113078,YES_ACC_20236,YES_ACC_20182,5268.43,2026-01-11 07:00:43,TRANSFER,UPI,Yes Bank,IN,0,NORMAL_BANKING_FLOW
TX_YES_113079,YES_ACC_20244,HDFC_ACC_20207,2484.77,2026-01-10 19:37:06,TRANSFER,UPI,Yes Bank,IN,0,NORMAL_BANKING_FLOW
TX_YES_113080,YES_ACC_20234,CANARA_ACC_20011,1605.57,2026-01-11 03:30:34,TRANSFER,UPI,Yes Bank,IN,0,NORMAL_BANKING_FLOW
TX_YES_113081,YES_ACC_20135,YES_ACC_20141,2506.42,2026-01-11 06:47:20,TRANSFER,UPI,Yes Bank,IN,0,NORMAL_BANKING_FLOW
TX_YES_113082,YES_ACC_20096,CANARA_ACC_20074,710.55,2026-01-10 21:48:45,TRANSFER,UPI,Yes Bank,IN,0,NORMAL_BANKING_FLOW
TX_YES_113083,YES_ACC_20004,YES_ACC_20154,628.01,2026-01-10 19:54:36,TRANSFER,UPI,Yes Bank,IN,0,NORMAL_BANKING_FLOW
TX_YES_113084,YES_ACC_20056,YES_ACC_20219,506.23,2026-01-11 06:33:51,TRANSFER,UPI,Yes Bank,IN,0,NORMAL_BANKING_FLOW
TX_YES_113085,YES_ACC_20104,YES_ACC_20171,886.47,2026-01-11 00:01:12,TRANSFER,UPI,Yes Bank,IN,0,NORMAL_BANKING_FLOW
TX_YES_113086,YES_ACC_20004,ICICI_ACC_20023,678.71,2026-01-11 05:30:05,TRANSFER,UPI,Yes Bank,IN,0,NORMAL_BANKING_FLOW
TX_YES_113087,YES_ACC_20234,YES_ACC_20030,2943.77,2026-01-10 22:40:08,TRANSFER,UPI,Yes Bank,IN,0,NORMAL_BANKING_FLOW
TX_YES_113088,YES_ACC_20064,YES_ACC_20050,646.91,2026-01-10 21:51:15,TRANSFER,UPI,Yes Bank,IN,0,NORMAL_BANKING_FLOW
TX_YES_113089,YES_ACC_20099,YES_ACC_20056,481.81,2026-01-11 02:31:36,TRANSFER,UPI,Yes Bank,IN,0,NORMAL_BANKING_FLOW
TX_YES_113090,YES_ACC_20121,YES_ACC_20235,5700.56,2026-01-11 03:05:16,TRANSFER,UPI,Yes Bank,IN,0,NORMAL_BANKING_FLOW
TX_YES_113091,YES_ACC_20005,YES_ACC_20023,661.01,2026-01-11 02:33:00,TRANSFER,UPI,Yes Bank,IN,0,NORMAL_BANKING_FLOW
TX_YES_113092,YES_ACC_20046,YES_ACC_20159,1139.31,2026-01-10 23:48:32,TRANSFER,UPI,Yes Bank,IN,0,NORMAL_BANKING_FLOW
TX_YES_113093,YES_ACC_20084,CANARA_ACC_20046,1489.49,2026-01-10 23:32:32,TRANSFER,IMPS,Yes Bank,IN,0,NORMAL_BANKING_FLOW
TX_YES_113094,YES_ACC_20088,YES_ACC_20058,356.73,2026-01-10 19:24:48,TRANSFER,IMPS,Yes Bank,IN,0,NORMAL_BANKING_FLOW
TX_YES_113095,YES_ACC_20207,BOB_ACC_20214,3016.75,2026-01-10 21:54:10,TRANSFER,UPI,Yes Bank,IN,0,NORMAL_BANKING_FLOW
TX_YES_113096,YES_ACC_20090,YES_ACC_20039,1760.6,2026-01-11 00:40:25,TRANSFER,IMPS,Yes Bank,IN,0,NORMAL_BANKING_FLOW
TX_YES_113097,YES_ACC_20152,YES_ACC_20094,4034.13,2026-01-11 01:47:24,TRANSFER,IMPS,Yes Bank,IN,0,NORMAL_BANKING_FLOW
TX_YES_113098,YES_ACC_20133,INDUS_ACC_20013,538.45,2026-01-10 19:09:15,TRANSFER,UPI,Yes Bank,IN,0,NORMAL_BANKING_FLOW
TX_YES_113099,YES_ACC_20143,YES_ACC_20201,1084.87,2026-01-11 03:11:52,TRANSFER,UPI,Yes Bank,IN,0,NORMAL_BANKING_FLOW
TX_YES_113100,YES_ACC_20245,ICICI_ACC_20203,1028.05,2026-01-11 05:25:48,TRANSFER,UPI,Yes Bank,IN,0,NORMAL_BANKING_FLOW
TX_YES_113101,YES_ACC_20143,INDUS_ACC_20224,1258.28,2026-01-11 04:36:40,TRANSFER,UPI,Yes Bank,IN,0,NORMAL_BANKING_FLOW
TX_YES_113102,YES_ACC_20135,YES_ACC_20007,267.96,2026-01-11 01:50:39,TRANSFER,UPI,Yes Bank,IN,0,NORMAL_BANKING_FLOW
TX_YES_113103,YES_ACC_20087,ICICI_ACC_20135,1096.36,2026-01-11 02:08:00,TRANSFER,UPI,Yes Bank,IN,0,NORMAL_BANKING_FLOW
TX_YES_113104,YES_ACC_20079,SBI_ACC_20080,274.84,2026-01-11 01:18:31,TRANSFER,UPI,Yes Bank,IN,0,NORMAL_BANKING_FLOW
TX_YES_113105,YES_ACC_20191,HDFC_ACC_20242,1369.91,2026-01-10 22:15:04,TRANSFER,UPI,Yes Bank,IN,0,NORMAL_BANKING_FLOW
TX_YES_113106,YES_ACC_20195,YES_ACC_20213,146.09,2026-01-10 23:39:15,TRANSFER,IMPS,Yes Bank,IN,0,NORMAL_BANKING_FLOW
TX_YES_113107,YES_ACC_20004,YES_ACC_20042,187.46,2026-01-10 23:06:14,TRANSFER,UPI,Yes Bank,IN,0,NORMAL_BANKING_FLOW
TX_YES_113108,YES_ACC_20180,YES_ACC_20007,2072.88,2026-01-11 03:52:02,TRANSFER,IMPS,Yes Bank,IN,0,NORMAL_BANKING_FLOW
TX_YES_113109,YES_ACC_20168,PNB_ACC_20013,606.59,2026-01-10 19:45:36,TRANSFER,IMPS,Yes Bank,IN,0,NORMAL_BANKING_FLOW
TX_YES_113110,YES_ACC_20075,SBI_ACC_20226,407.86,2026-01-10 22:17:14,TRANSFER,UPI,Yes Bank,IN,0,NORMAL_BANKING_FLOW
TX_YES_113111,YES_ACC_20058,YES_ACC_20114,3114.3,2026-01-11 03:03:50,TRANSFER,UPI,Yes Bank,IN,0,NORMAL_BANKING_FLOW
TX_YES_113112,YES_ACC_20131,SBI_ACC_20238,1332.57,2026-01-11 03:38:15,TRANSFER,UPI,Yes Bank,IN,0,NORMAL_BANKING_FLOW
TX_YES_113113,YES_ACC_20149,YES_ACC_20089,2175.21,2026-01-10 23:42:52,TRANSFER,UPI,Yes Bank,IN,0,NORMAL_BANKING_FLOW
TX_YES_113114,YES_ACC_20091,ICICI_ACC_20225,854.39,2026-01-11 05:54:49,TRANSFER,UPI,Yes Bank,IN,0,NORMAL_BANKING_FLOW
TX_YES_113115,YES_ACC_20114,YES_ACC_20163,11066.37,2026-01-11 00:17:42,TRANSFER,UPI,Yes Bank,IN,0,NORMAL_BANKING_FLOW
TX_YES_113116,YES_ACC_20196,YES_ACC_20248,575.9,2026-01-10 19:47:35,TRANSFER,UPI,Yes Bank,IN,0,NORMAL_BANKING_FLOW
TX_YES_113117,YES_ACC_20174,YES_ACC_20194,4769.73,2026-01-10 20:55:36,TRANSFER,UPI,Yes Bank,IN,0,NORMAL_BANKING_FLOW
TX_YES_113118,YES_ACC_20208,YES_ACC_20089,938.96,2026-01-11 04:33:36,TRANSFER,UPI,Yes Bank,IN,0,NORMAL_BANKING_FLOW
TX_YES_113119,YES_ACC_20240,YES_ACC_20150,223.84,2026-01-10 20:22:22,TRANSFER,UPI,Yes Bank,IN,0,NORMAL_BANKING_FLOW
TX_YES_113120,YES_ACC_20029,AXIS_ACC_20116,1532.36,2026-01-10 22:04:35,TRANSFER,UPI,Yes Bank,IN,0,NORMAL_BANKING_FLOW
TX_YES_113121,YES_ACC_20008,YES_ACC_20102,1317.23,2026-01-11 06:35:00,TRANSFER,IMPS,Yes Bank,IN,0,NORMAL_BANKING_FLOW
TX_YES_113122,YES_ACC_20172,YES_ACC_20179,385.22,2026-01-11 05:10:50,TRANSFER,UPI,Yes Bank,IN,0,NORMAL_BANKING_FLOW
TX_YES_113123,YES_ACC_20176,YES_ACC_20002,432.68,2026-01-11 03:46:30,TRANSFER,IMPS,Yes Bank,IN,0,NORMAL_BANKING_FLOW
TX_YES_113124,YES_ACC_20238,YES_ACC_20120,970.46,2026-01-11 06:20:42,TRANSFER,UPI,Yes Bank,IN,0,NORMAL_BANKING_FLOW
TX_YES_113125,YES_ACC_20078,YES_ACC_20081,1359.37,2026-01-11 06:55:44,TRANSFER,UPI,Yes Bank,IN,0,NORMAL_BANKING_FLOW
TX_YES_113126,YES_ACC_20147,YES_ACC_20245,107.38,2026-01-11 06:56:40,TRANSFER,IMPS,Yes Bank,IN,0,NORMAL_BANKING_FLOW
TX_YES_113127,YES_ACC_20119,INDUS_ACC_20125,2560.12,2026-01-11 04:23:42,TRANSFER,UPI,Yes Bank,IN,0,NORMAL_BANKING_FLOW
TX_YES_113128,YES_ACC_20110,YES_ACC_20200,635.84,2026-01-11 03:33:08,TRANSFER,UPI,Yes Bank,IN,0,NORMAL_BANKING_FLOW
TX_YES_113129,YES_ACC_20104,CANARA_ACC_20142,299.29,2026-01-11 03:16:44,TRANSFER,UPI,Yes Bank,IN,0,NORMAL_BANKING_FLOW
TX_YES_113130,YES_ACC_20052,YES_ACC_20025,2314.53,2026-01-11 01:17:24,TRANSFER,IMPS,Yes Bank,IN,0,NORMAL_BANKING_FLOW
TX_YES_113131,YES_ACC_20101,YES_ACC_20181,971.41,2026-01-11 02:09:30,TRANSFER,UPI,Yes Bank,IN,0,NORMAL_BANKING_FLOW
TX_YES_113132,YES_ACC_20103,PNB_ACC_20150,2964.75,2026-01-10 21:18:02,TRANSFER,UPI,Yes Bank,IN,0,NORMAL_BANKING_FLOW
TX_YES_113133,YES_ACC_20035,YES_ACC_20232,1471.68,2026-01-11 01:53:36,TRANSFER,IMPS,Yes Bank,IN,0,NORMAL_BANKING_FLOW
TX_YES_113134,YES_ACC_20133,YES_ACC_20125,990.92,2026-01-11 04:11:58,TRANSFER,UPI,Yes Bank,IN,0,NORMAL_BANKING_FLOW
TX_YES_113135,YES_ACC_20104,YES_ACC_20069,864.84,2026-01-11 05:21:40,TRANSFER,UPI,Yes Bank,IN,0,NORMAL_BANKING_FLOW
TX_YES_113136,YES_ACC_20022,YES_ACC_20219,1532.17,2026-01-10 23:03:00,TRANSFER,UPI,Yes Bank,IN,0,NORMAL_BANKING_FLOW
TX_YES_113137,YES_ACC_20168,BOB_ACC_20133,683.91,2026-01-10 20:45:20,TRANSFER,UPI,Yes Bank,IN,0,NORMAL_BANKING_FLOW
TX_YES_113138,YES_ACC_20200,YES_ACC_20170,460.67,2026-01-10 22:46:39,TRANSFER,UPI,Yes Bank,IN,0,NORMAL_BANKING_FLOW
TX_YES_113139,YES_ACC_20013,YES_ACC_20190,1718.0,2026-01-10 20:28:42,TRANSFER,UPI,Yes Bank,IN,0,NORMAL_BANKING_FLOW
TX_YES_113140,YES_ACC_20020,YES_ACC_20208,871.28,2026-01-10 21:38:17,TRANSFER,UPI,Yes Bank,IN,0,NORMAL_BANKING_FLOW
TX_YES_113141,YES_ACC_20179,YES_ACC_20080,1022.71,2026-01-11 00:49:20,TRANSFER,UPI,Yes Bank,IN,0,NORMAL_BANKING_FLOW
TX_YES_113142,YES_ACC_20111,YES_ACC_20151,2645.04,2026-01-11 07:46:18,TRANSFER,UPI,Yes Bank,IN,0,NORMAL_BANKING_FLOW
TX_YES_113143,YES_ACC_20048,SBI_ACC_20047,895.62,2026-01-11 00:15:44,TRANSFER,IMPS,Yes Bank,IN,0,NORMAL_BANKING_FLOW
TX_YES_113144,YES_ACC_20082,BOB_ACC_20039,1005.79,2026-01-10 20:30:17,TRANSFER,UPI,Yes Bank,IN,0,NORMAL_BANKING_FLOW
TX_YES_113145,YES_ACC_20122,BOB_ACC_20247,578.43,2026-01-10 23:59:24,TRANSFER,IMPS,Yes Bank,IN,0,NORMAL_BANKING_FLOW
TX_YES_113146,YES_ACC_20011,YES_ACC_20119,1462.15,2026-01-10 19:38:40,TRANSFER,UPI,Yes Bank,IN,0,NORMAL_BANKING_FLOW
TX_YES_113147,YES_ACC_20092,YES_ACC_20188,1359.46,2026-01-11 04:56:48,TRANSFER,UPI,Yes Bank,IN,0,NORMAL_BANKING_FLOW
TX_YES_113148,YES_ACC_20073,YES_ACC_20070,2232.1,2026-01-10 22:51:09,TRANSFER,UPI,Yes Bank,IN,0,NORMAL_BANKING_FLOW
TX_YES_113149,YES_ACC_20173,YES_ACC_20243,589.21,2026-01-10 22:34:08,TRANSFER,UPI,Yes Bank,IN,0,NORMAL_BANKING_FLOW
TX_YES_113150,YES_ACC_20224,YES_ACC_20081,657.18,2026-01-10 22:34:34,TRANSFER,UPI,Yes Bank,IN,0,NORMAL_BANKING_FLOW
TX_YES_113151,YES_ACC_20103,YES_ACC_20161,2024.19,2026-01-11 07:37:30,TRANSFER,UPI,Yes Bank,IN,0,NORMAL_BANKING_FLOW
TX_YES_113152,YES_ACC_20000,YES_ACC_20179,1245.13,2026-01-10 21:42:53,TRANSFER,IMPS,Yes Bank,IN,0,NORMAL_BANKING_FLOW
TX_YES_113153,YES_ACC_20038,YES_ACC_20193,438.96,2026-01-10 22:35:52,TRANSFER,UPI,Yes Bank,IN,0,NORMAL_BANKING_FLOW
TX_YES_113154,YES_ACC_20184,CANARA_ACC_20249,3216.02,2026-01-10 23:46:30,TRANSFER,UPI,Yes Bank,IN,0,NORMAL_BANKING_FLOW
TX_YES_113155,YES_ACC_20105,AXIS_ACC_20053,215.16,2026-01-10 19:41:04,TRANSFER,UPI,Yes Bank,IN,0,NORMAL_BANKING_FLOW
TX_YES_113156,YES_ACC_20070,YES_ACC_20150,2009.93,2026-01-11 00:57:50,TRANSFER,IMPS,Yes Bank,IN,0,NORMAL_BANKING_FLOW
TX_YES_113157,YES_ACC_20223,BOB_ACC_20044,317.76,2026-01-11 03:36:48,TRANSFER,IMPS,Yes Bank,IN,0,NORMAL_BANKING_FLOW
TX_YES_113158,YES_ACC_20005,YES_ACC_20245,5416.52,2026-01-11 05:58:27,TRANSFER,IMPS,Yes Bank,IN,0,NORMAL_BANKING_FLOW
TX_YES_113159,YES_ACC_20082,YES_ACC_20220,247.12,2026-01-11 04:48:46,TRANSFER,UPI,Yes Bank,IN,0,NORMAL_BANKING_FLOW
TX_YES_113160,YES_ACC_20244,YES_ACC_20077,2799.02,2026-01-11 06:35:27,TRANSFER,UPI,Yes Bank,IN,0,NORMAL_BANKING_FLOW
TX_YES_113161,YES_ACC_20236,YES_ACC_20132,921.99,2026-01-11 00:25:20,TRANSFER,UPI,Yes Bank,IN,0,NORMAL_BANKING_FLOW
TX_YES_113162,YES_ACC_20033,YES_ACC_20142,713.41,2026-01-10 22:57:27,TRANSFER,UPI,Yes Bank,IN,0,NORMAL_BANKING_FLOW
TX_YES_113163,YES_ACC_20158,HDFC_ACC_20175,1172.46,2026-01-11 08:42:00,TRANSFER,IMPS,Yes Bank,IN,0,NORMAL_BANKING_FLOW
TX_YES_113164,YES_ACC_20206,SBI_ACC_20067,1752.35,2026-01-11 08:07:34,TRANSFER,IMPS,Yes Bank,IN,0,NORMAL_BANKING_FLOW
TX_YES_113165,YES_ACC_20020,YES_ACC_20230,439.68,2026-01-11 00:45:12,TRANSFER,UPI,Yes Bank,IN,0,NORMAL_BANKING_FLOW
TX_YES_113166,YES_ACC_20042,YES_ACC_20164,476.18,2026-01-11 04:36:30,TRANSFER,UPI,Yes Bank,IN,0,NORMAL_BANKING_FLOW
TX_YES_113167,YES_ACC_20110,YES_ACC_20139,1780.49,2026-01-10 19:44:16,TRANSFER,IMPS,Yes Bank,IN,0,NORMAL_BANKING_FLOW
TX_YES_113168,YES_ACC_20132,YES_ACC_20246,213.45,2026-01-10 21:49:01,TRANSFER,UPI,Yes Bank,IN,0,NORMAL_BANKING_FLOW
TX_YES_113169,YES_ACC_20174,YES_ACC_20152,586.51,2026-01-11 08:12:24,TRANSFER,UPI,Yes Bank,IN,0,NORMAL_BANKING_FLOW
TX_YES_113170,YES_ACC_20107,YES_ACC_20188,15315.46,2026-01-11 04:21:45,TRANSFER,UPI,Yes Bank,IN,0,NORMAL_BANKING_FLOW
TX_YES_113171,YES_ACC_20068,YES_ACC_20162,415.21,2026-01-11 05:51:40,TRANSFER,UPI,Yes Bank,IN,0,NORMAL_BANKING_FLOW
TX_YES_113172,YES_ACC_20156,YES_ACC_20046,2787.84,2026-01-11 01:24:45,TRANSFER,UPI,Yes Bank,IN,0,NORMAL_BANKING_FLOW
TX_YES_113173,YES_ACC_20131,YES_ACC_20102,585.6,2026-01-10 22:26:40,TRANSFER,UPI,Yes Bank,IN,0,NORMAL_BANKING_FLOW
TX_YES_113174,YES_ACC_20203,BOB_ACC_20209,1568.92,2026-01-11 07:05:42,TRANSFER,UPI,Yes Bank,IN,0,NORMAL_BANKING_FLOW
TX_YES_113175,YES_ACC_20231,YES_ACC_20229,1788.12,2026-01-10 23:21:12,TRANSFER,IMPS,Yes Bank,IN,0,NORMAL_BANKING_FLOW
TX_YES_113176,YES_ACC_20126,YES_ACC_20078,2740.95,2026-01-10 22:10:00,TRANSFER,UPI,Yes Bank,IN,0,NORMAL_BANKING_FLOW
TX_YES_113177,YES_ACC_20018,INDUS_ACC_20217,828.63,2026-01-11 00:15:56,TRANSFER,UPI,Yes Bank,IN,0,NORMAL_BANKING_FLOW
TX_YES_113178,YES_ACC_20142,YES_ACC_20165,5943.16,2026-01-10 20:23:06,TRANSFER,UPI,Yes Bank,IN,0,NORMAL_BANKING_FLOW
TX_YES_113179,YES_ACC_20193,YES_ACC_20165,583.82,2026-01-11 08:04:06,TRANSFER,UPI,Yes Bank,IN,0,NORMAL_BANKING_FLOW
TX_YES_113180,YES_ACC_20240,YES_ACC_20171,1225.13,2026-01-11 06:53:07,TRANSFER,UPI,Yes Bank,IN,0,NORMAL_BANKING_FLOW
TX_YES_113181,YES_ACC_20244,YES_ACC_20045,1237.38,2026-01-10 22:30:00,TRANSFER,UPI,Yes Bank,IN,0,NORMAL_BANKING_FLOW
TX_YES_113182,YES_ACC_20077,YES_ACC_20220,361.49,2026-01-11 05:06:47,TRANSFER,IMPS,Yes Bank,IN,0,NORMAL_BANKING_FLOW
TX_YES_113183,YES_ACC_20149,YES_ACC_20020,767.18,2026-01-11 03:01:20,TRANSFER,UPI,Yes Bank,IN,0,NORMAL_BANKING_FLOW
TX_YES_113184,YES_ACC_20024,INDUS_ACC_20050,1147.52,2026-01-10 20:06:51,TRANSFER,UPI,Yes Bank,IN,0,NORMAL_BANKING_FLOW
TX_YES_113185,YES_ACC_20232,YES_ACC_20164,672.56,2026-01-10 22:13:36,TRANSFER,IMPS,Yes Bank,IN,0,NORMAL_BANKING_FLOW
TX_YES_113186,YES_ACC_20192,YES_ACC_20183,8926.96,2026-01-10 23:44:25,TRANSFER,UPI,Yes Bank,IN,0,NORMAL_BANKING_FLOW
TX_YES_113187,YES_ACC_20020,PNB_ACC_20169,466.49,2026-01-11 08:29:48,TRANSFER,IMPS,Yes Bank,IN,0,NORMAL_BANKING_FLOW
TX_YES_113188,YES_ACC_20065,YES_ACC_20039,2868.32,2026-01-11 02:10:19,TRANSFER,IMPS,Yes Bank,IN,0,NORMAL_BANKING_FLOW
TX_YES_113189,YES_ACC_20013,BOB_ACC_20232,2144.83,2026-01-11 04:36:00,TRANSFER,UPI,Yes Bank,IN,0,NORMAL_BANKING_FLOW
TX_YES_113190,YES_ACC_20163,YES_ACC_20126,979.97,2026-01-11 07:20:06,TRANSFER,IMPS,Yes Bank,IN,0,NORMAL_BANKING_FLOW
TX_YES_113191,YES_ACC_20042,PNB_ACC_20157,455.46,2026-01-11 00:23:10,TRANSFER,IMPS,Yes Bank,IN,0,NORMAL_BANKING_FLOW
TX_YES_113192,YES_ACC_20051,YES_ACC_20126,496.99,2026-01-11 08:34:38,TRANSFER,IMPS,Yes Bank,IN,0,NORMAL_BANKING_FLOW
TX_YES_113193,YES_ACC_20206,YES_ACC_20013,622.55,2026-01-11 00:24:12,TRANSFER,UPI,Yes Bank,IN,0,NORMAL_BANKING_FLOW
TX_YES_113194,YES_ACC_20112,AXIS_ACC_20037,198.91,2026-01-11 05:34:24,TRANSFER,UPI,Yes Bank,IN,0,NORMAL_BANKING_FLOW
TX_YES_113195,YES_ACC_20227,SBI_ACC_20102,402.17,2026-01-10 20:28:12,TRANSFER,IMPS,Yes Bank,IN,0,NORMAL_BANKING_FLOW
TX_YES_113196,YES_ACC_20165,AXIS_ACC_20000,261.33,2026-01-11 08:20:15,TRANSFER,UPI,Yes Bank,IN,0,NORMAL_BANKING_FLOW
TX_YES_113197,YES_ACC_20124,YES_ACC_20111,3331.87,2026-01-11 07:44:40,TRANSFER,IMPS,Yes Bank,IN,0,NORMAL_BANKING_FLOW
TX_YES_113198,YES_ACC_20194,YES_ACC_20129,1731.28,2026-01-11 08:22:09,TRANSFER,UPI,Yes Bank,IN,0,NORMAL_BANKING_FLOW
TX_YES_113199,YES_ACC_20113,HDFC_ACC_20186,2012.99,2026-01-11 02:17:06,TRANSFER,UPI,Yes Bank,IN,0,NORMAL_BANKING_FLOW
TX_YES_113200,YES_ACC_20059,YES_ACC_20086,1685.72,2026-01-11 01:41:05,TRANSFER,UPI,Yes Bank,IN,0,NORMAL_BANKING_FLOW
TX_YES_113201,YES_ACC_20127,SBI_ACC_20047,1153.17,2026-01-10 23:51:40,TRANSFER,UPI,Yes Bank,IN,0,NORMAL_BANKING_FLOW
TX_YES_113202,YES_ACC_20238,KOTAK_ACC_20200,3694.54,2026-01-11 00:10:30,TRANSFER,UPI,Yes Bank,IN,0,NORMAL_BANKING_FLOW
TX_YES_113203,YES_ACC_20111,YES_ACC_20074,572.67,2026-01-11 08:45:16,TRANSFER,UPI,Yes Bank,IN,0,NORMAL_BANKING_FLOW
TX_YES_113204,YES_ACC_20097,ICICI_ACC_20118,1092.26,2026-01-11 08:46:14,TRANSFER,IMPS,Yes Bank,IN,0,NORMAL_BANKING_FLOW
TX_YES_113205,YES_ACC_20190,YES_ACC_20011,1943.71,2026-01-11 05:43:12,TRANSFER,UPI,Yes Bank,IN,0,NORMAL_BANKING_FLOW
TX_YES_113206,YES_ACC_20102,YES_ACC_20139,302.15,2026-01-11 04:30:20,TRANSFER,UPI,Yes Bank,IN,0,NORMAL_BANKING_FLOW
TX_YES_113207,YES_ACC_20204,YES_ACC_20040,16105.72,2026-01-10 20:13:22,TRANSFER,IMPS,Yes Bank,IN,0,NORMAL_BANKING_FLOW
TX_YES_113208,YES_ACC_20034,PNB_ACC_20109,1018.12,2026-01-10 22:41:15,TRANSFER,UPI,Yes Bank,IN,0,NORMAL_BANKING_FLOW
TX_YES_113209,YES_ACC_20183,YES_ACC_20114,1127.54,2026-01-10 21:46:16,TRANSFER,IMPS,Yes Bank,IN,0,NORMAL_BANKING_FLOW
TX_YES_113210,YES_ACC_20121,SBI_ACC_20016,3075.4,2026-01-10 22:23:36,TRANSFER,UPI,Yes Bank,IN,0,NORMAL_BANKING_FLOW
TX_YES_113211,YES_ACC_20163,YES_ACC_20178,2260.77,2026-01-10 21:47:00,TRANSFER,UPI,Yes Bank,IN,0,NORMAL_BANKING_FLOW
TX_YES_113212,YES_ACC_20223,YES_ACC_20063,1026.87,2026-01-11 03:20:40,TRANSFER,UPI,Yes Bank,IN,0,NORMAL_BANKING_FLOW
TX_YES_113213,YES_ACC_20227,YES_ACC_20183,1115.57,2026-01-11 02:44:16,TRANSFER,UPI,Yes Bank,IN,0,NORMAL_BANKING_FLOW
TX_YES_113214,YES_ACC_20066,YES_ACC_20203,256.28,2026-01-11 01:30:42,TRANSFER,IMPS,Yes Bank,IN,0,NORMAL_BANKING_FLOW
TX_YES_113215,YES_ACC_20144,CANARA_ACC_20242,601.35,2026-01-11 07:24:02,TRANSFER,IMPS,Yes Bank,IN,0,NORMAL_BANKING_FLOW
TX_YES_113216,YES_ACC_20124,YES_ACC_20133,1580.49,2026-01-10 21:48:50,TRANSFER,UPI,Yes Bank,IN,0,NORMAL_BANKING_FLOW
TX_YES_113217,YES_ACC_20060,YES_ACC_20042,1479.57,2026-01-11 09:36:00,TRANSFER,UPI,Yes Bank,IN,0,NORMAL_BANKING_FLOW
TX_YES_113218,YES_ACC_20147,AXIS_ACC_20172,2978.12,2026-01-11 01:14:21,TRANSFER,IMPS,Yes Bank,IN,0,NORMAL_BANKING_FLOW
TX_YES_113219,YES_ACC_20235,YES_ACC_20054,890.29,2026-01-11 09:00:44,TRANSFER,UPI,Yes Bank,IN,0,NORMAL_BANKING_FLOW
TX_YES_113220,YES_ACC_20229,YES_ACC_20206,284.7,2026-01-11 00:00:51,TRANSFER,UPI,Yes Bank,IN,0,NORMAL_BANKING_FLOW
TX_YES_113221,YES_ACC_20180,YES_ACC_20175,2568.45,2026-01-10 21:50:40,TRANSFER,IMPS,Yes Bank,IN,0,NORMAL_BANKING_FLOW
TX_YES_113222,YES_ACC_20050,YES_ACC_20049,3613.67,2026-01-10 19:58:56,TRANSFER,IMPS,Yes Bank,IN,0,NORMAL_BANKING_FLOW
TX_YES_113223,YES_ACC_20058,YES_ACC_20220,2227.02,2026-01-10 20:36:36,TRANSFER,IMPS,Yes Bank,IN,0,NORMAL_BANKING_FLOW
TX_YES_113224,YES_ACC_20094,YES_ACC_20026,856.39,2026-01-10 19:40:45,TRANSFER,UPI,Yes Bank,IN,0,NORMAL_BANKING_FLOW
TX_YES_113225,YES_ACC_20056,YES_ACC_20239,2540.07,2026-01-11 00:22:00,TRANSFER,UPI,Yes Bank,IN,0,NORMAL_BANKING_FLOW
TX_YES_113226,YES_ACC_20203,YES_ACC_20204,21720.67,2026-01-11 09:45:00,TRANSFER,UPI,Yes Bank,IN,0,NORMAL_BANKING_FLOW
TX_YES_113227,YES_ACC_20131,YES_ACC_20233,1100.63,2026-01-11 01:00:32,TRANSFER,UPI,Yes Bank,IN,0,NORMAL_BANKING_FLOW
TX_YES_113228,YES_ACC_20157,YES_ACC_20180,304.73,2026-01-11 06:20:23,TRANSFER,UPI,Yes Bank,IN,0,NORMAL_BANKING_FLOW
TX_YES_113229,YES_ACC_20144,YES_ACC_20035,585.43,2026-01-11 02:54:24,TRANSFER,UPI,Yes Bank,IN,0,NORMAL_BANKING_FLOW
TX_YES_113230,YES_ACC_20149,YES_ACC_20214,1742.24,2026-01-11 09:30:11,TRANSFER,UPI,Yes Bank,IN,0,NORMAL_BANKING_FLOW
TX_YES_113231,YES_ACC_20159,YES_ACC_20233,234.08,2026-01-11 05:07:30,TRANSFER,UPI,Yes Bank,IN,0,NORMAL_BANKING_FLOW
TX_YES_113232,YES_ACC_20205,BOB_ACC_20101,1155.7,2026-01-11 06:04:48,TRANSFER,UPI,Yes Bank,IN,0,NORMAL_BANKING_FLOW
TX_YES_113233,YES_ACC_20024,YES_ACC_20108,1397.31,2026-01-10 23:48:16,TRANSFER,IMPS,Yes Bank,IN,0,NORMAL_BANKING_FLOW
TX_YES_113234,YES_ACC_20243,YES_ACC_20117,3950.55,2026-01-10 23:10:58,TRANSFER,UPI,Yes Bank,IN,0,NORMAL_BANKING_FLOW
TX_YES_113235,YES_ACC_20050,AXIS_ACC_20138,3226.57,2026-01-11 06:45:00,TRANSFER,UPI,Yes Bank,IN,0,NORMAL_BANKING_FLOW
TX_YES_113236,YES_ACC_20148,YES_ACC_20146,2160.57,2026-01-10 20:59:25,TRANSFER,IMPS,Yes Bank,IN,0,NORMAL_BANKING_FLOW
TX_YES_113237,YES_ACC_20122,YES_ACC_20167,141.68,2026-01-11 00:46:56,TRANSFER,UPI,Yes Bank,IN,0,NORMAL_BANKING_FLOW
TX_YES_113238,YES_ACC_20242,YES_ACC_20104,2273.21,2026-01-11 03:19:03,TRANSFER,UPI,Yes Bank,IN,0,NORMAL_BANKING_FLOW
TX_YES_113239,YES_ACC_20070,YES_ACC_20030,1872.37,2026-01-11 00:47:58,TRANSFER,UPI,Yes Bank,IN,0,NORMAL_BANKING_FLOW
TX_YES_113240,YES_ACC_20010,YES_ACC_20068,1249.31,2026-01-11 06:30:11,TRANSFER,UPI,Yes Bank,IN,0,NORMAL_BANKING_FLOW
TX_YES_113241,YES_ACC_20199,PNB_ACC_20085,209.1,2026-01-11 09:03:00,TRANSFER,UPI,Yes Bank,IN,0,NORMAL_BANKING_FLOW
TX_YES_113242,YES_ACC_20188,YES_ACC_20129,493.19,2026-01-11 04:56:44,TRANSFER,UPI,Yes Bank,IN,0,NORMAL_BANKING_FLOW
TX_YES_113243,YES_ACC_20034,YES_ACC_20078,347.19,2026-01-10 20:23:34,TRANSFER,UPI,Yes Bank,IN,0,NORMAL_BANKING_FLOW
TX_YES_113244,YES_ACC_20004,YES_ACC_20165,161.82,2026-01-10 23:15:18,TRANSFER,IMPS,Yes Bank,IN,0,NORMAL_BANKING_FLOW
TX_YES_113245,YES_ACC_20236,CANARA_ACC_20176,989.67,2026-01-11 05:18:00,TRANSFER,IMPS,Yes Bank,IN,0,NORMAL_BANKING_FLOW
TX_YES_113246,YES_ACC_20175,YES_ACC_20244,483.94,2026-01-11 03:05:10,TRANSFER,UPI,Yes Bank,IN,0,NORMAL_BANKING_FLOW
TX_YES_113247,YES_ACC_20245,ICICI_ACC_20061,10538.34,2026-01-10 22:57:30,TRANSFER,UPI,Yes Bank,IN,0,NORMAL_BANKING_FLOW
TX_YES_113248,YES_ACC_20179,YES_ACC_20073,852.44,2026-01-10 21:03:13,TRANSFER,IMPS,Yes Bank,IN,0,NORMAL_BANKING_FLOW
TX_YES_113249,YES_ACC_20098,AXIS_ACC_20138,3179.18,2026-01-10 21:03:32,TRANSFER,UPI,Yes Bank,IN,0,NORMAL_BANKING_FLOW
TX_YES_113250,YES_ACC_20112,CANARA_ACC_20033,241.73,2026-01-10 22:58:45,TRANSFER,UPI,Yes Bank,IN,0,NORMAL_BANKING_FLOW
TX_YES_113251,YES_ACC_20028,YES_ACC_20131,615.8,2026-01-11 05:03:20,TRANSFER,UPI,Yes Bank,IN,0,NORMAL_BANKING_FLOW
TX_YES_113252,YES_ACC_20006,YES_ACC_20180,1082.69,2026-01-11 09:51:49,TRANSFER,UPI,Yes Bank,IN,0,NORMAL_BANKING_FLOW
TX_YES_113253,YES_ACC_20235,CANARA_ACC_20073,438.19,2026-01-11 01:52:48,TRANSFER,IMPS,Yes Bank,IN,0,NORMAL_BANKING_FLOW
TX_YES_113254,YES_ACC_20202,YES_ACC_20066,678.59,2026-01-10 20:45:54,TRANSFER,UPI,Yes Bank,IN,0,NORMAL_BANKING_FLOW
TX_YES_113255,YES_ACC_20244,YES_ACC_20160,815.53,2026-01-11 09:54:46,TRANSFER,UPI,Yes Bank,IN,0,NORMAL_BANKING_FLOW
TX_YES_113256,YES_ACC_20024,YES_ACC_20075,803.91,2026-01-11 08:00:15,TRANSFER,UPI,Yes Bank,IN,0,NORMAL_BANKING_FLOW
TX_YES_113257,YES_ACC_20157,YES_ACC_20023,5269.06,2026-01-11 03:50:40,TRANSFER,IMPS,Yes Bank,IN,0,NORMAL_BANKING_FLOW
TX_YES_113258,YES_ACC_20049,YES_ACC_20004,1394.66,2026-01-11 05:47:02,TRANSFER,UPI,Yes Bank,IN,0,NORMAL_BANKING_FLOW
TX_YES_113259,YES_ACC_20211,YES_ACC_20235,1527.76,2026-01-11 02:15:30,TRANSFER,UPI,Yes Bank,IN,0,NORMAL_BANKING_FLOW
TX_YES_113260,YES_ACC_20021,SBI_ACC_20008,1612.74,2026-01-11 06:46:31,TRANSFER,IMPS,Yes Bank,IN,0,NORMAL_BANKING_FLOW
TX_YES_113261,YES_ACC_20120,YES_ACC_20225,1722.21,2026-01-11 05:30:00,TRANSFER,IMPS,Yes Bank,IN,0,NORMAL_BANKING_FLOW
TX_YES_113262,YES_ACC_20132,ICICI_ACC_20187,920.95,2026-01-10 22:05:42,TRANSFER,IMPS,Yes Bank,IN,0,NORMAL_BANKING_FLOW
TX_YES_113263,YES_ACC_20163,YES_ACC_20150,743.47,2026-01-11 04:14:02,TRANSFER,UPI,Yes Bank,IN,0,NORMAL_BANKING_FLOW
TX_YES_113264,YES_ACC_20190,YES_ACC_20234,1153.01,2026-01-11 06:49:47,TRANSFER,UPI,Yes Bank,IN,0,NORMAL_BANKING_FLOW
TX_YES_113265,YES_ACC_20014,HDFC_ACC_20159,2810.52,2026-01-10 23:24:24,TRANSFER,UPI,Yes Bank,IN,0,NORMAL_BANKING_FLOW
TX_YES_113266,YES_ACC_20172,YES_ACC_20121,2734.26,2026-01-10 23:44:15,TRANSFER,UPI,Yes Bank,IN,0,NORMAL_BANKING_FLOW
TX_YES_113267,YES_ACC_20223,YES_ACC_20168,799.22,2026-01-11 01:02:26,TRANSFER,UPI,Yes Bank,IN,0,NORMAL_BANKING_FLOW
TX_YES_113268,YES_ACC_20247,YES_ACC_20072,1980.41,2026-01-11 10:07:33,TRANSFER,UPI,Yes Bank,IN,0,NORMAL_BANKING_FLOW
TX_YES_113269,YES_ACC_20113,YES_ACC_20127,832.87,2026-01-11 05:36:00,TRANSFER,IMPS,Yes Bank,IN,0,NORMAL_BANKING_FLOW
TX_YES_113270,YES_ACC_20044,YES_ACC_20205,1022.99,2026-01-11 10:29:00,TRANSFER,UPI,Yes Bank,IN,0,NORMAL_BANKING_FLOW
TX_YES_113271,YES_ACC_20186,YES_ACC_20237,647.96,2026-01-11 04:58:30,TRANSFER,IMPS,Yes Bank,IN,0,NORMAL_BANKING_FLOW
TX_YES_113272,YES_ACC_20006,YES_ACC_20101,842.62,2026-01-10 21:10:49,TRANSFER,UPI,Yes Bank,IN,0,NORMAL_BANKING_FLOW
TX_YES_113273,YES_ACC_20145,KOTAK_ACC_20032,3318.26,2026-01-11 07:16:40,TRANSFER,UPI,Yes Bank,IN,0,NORMAL_BANKING_FLOW
TX_YES_113274,YES_ACC_20096,YES_ACC_20121,1078.34,2026-01-10 19:53:15,TRANSFER,UPI,Yes Bank,IN,0,NORMAL_BANKING_FLOW
TX_YES_113275,YES_ACC_20136,AXIS_ACC_20115,1120.75,2026-01-11 04:41:48,TRANSFER,UPI,Yes Bank,IN,0,NORMAL_BANKING_FLOW
TX_YES_113276,YES_ACC_20143,YES_ACC_20185,269.75,2026-01-11 03:43:45,TRANSFER,UPI,Yes Bank,IN,0,NORMAL_BANKING_FLOW
TX_YES_113277,YES_ACC_20214,SBI_ACC_20139,751.21,2026-01-11 08:18:48,TRANSFER,IMPS,Yes Bank,IN,0,NORMAL_BANKING_FLOW
TX_YES_113278,YES_ACC_20197,YES_ACC_20007,798.57,2026-01-11 06:02:22,TRANSFER,UPI,Yes Bank,IN,0,NORMAL_BANKING_FLOW
TX_YES_113279,YES_ACC_20128,ICICI_ACC_20242,470.49,2026-01-11 08:20:34,TRANSFER,UPI,Yes Bank,IN,0,NORMAL_BANKING_FLOW
TX_YES_113280,YES_ACC_20229,YES_ACC_20080,1011.81,2026-01-10 21:33:00,TRANSFER,IMPS,Yes Bank,IN,0,NORMAL_BANKING_FLOW
TX_YES_113281,YES_ACC_20028,YES_ACC_20123,674.34,2026-01-11 10:40:00,TRANSFER,IMPS,Yes Bank,IN,0,NORMAL_BANKING_FLOW
TX_YES_113282,YES_ACC_20245,ICICI_ACC_20043,1066.35,2026-01-10 21:13:59,TRANSFER,UPI,Yes Bank,IN,0,NORMAL_BANKING_FLOW
TX_YES_113283,YES_ACC_20214,AXIS_ACC_20049,1106.94,2026-01-11 10:42:00,TRANSFER,UPI,Yes Bank,IN,0,NORMAL_BANKING_FLOW
TX_YES_113284,YES_ACC_20204,BOB_ACC_20221,419.82,2026-01-11 02:30:05,TRANSFER,UPI,Yes Bank,IN,0,NORMAL_BANKING_FLOW
TX_YES_113285,YES_ACC_20124,YES_ACC_20205,693.1,2026-01-11 01:51:12,TRANSFER,UPI,Yes Bank,IN,0,NORMAL_BANKING_FLOW
TX_YES_113286,YES_ACC_20233,YES_ACC_20007,1063.84,2026-01-11 07:07:45,TRANSFER,UPI,Yes Bank,IN,0,NORMAL_BANKING_FLOW
TX_YES_113287,YES_ACC_20090,ICICI_ACC_20014,2880.93,2026-01-10 21:55:06,TRANSFER,IMPS,Yes Bank,IN,0,NORMAL_BANKING_FLOW
TX_YES_113288,YES_ACC_20047,YES_ACC_20017,1250.19,2026-01-10 20:36:19,TRANSFER,UPI,Yes Bank,IN,0,NORMAL_BANKING_FLOW
TX_YES_113289,YES_ACC_20195,YES_ACC_20039,546.9,2026-01-11 07:10:12,TRANSFER,UPI,Yes Bank,IN,0,NORMAL_BANKING_FLOW
TX_YES_113290,YES_ACC_20158,YES_ACC_20107,1420.98,2026-01-11 01:53:57,TRANSFER,UPI,Yes Bank,IN,0,NORMAL_BANKING_FLOW
TX_YES_113291,YES_ACC_20169,YES_ACC_20052,4613.74,2026-01-11 04:53:00,TRANSFER,IMPS,Yes Bank,IN,0,NORMAL_BANKING_FLOW
TX_YES_113292,YES_ACC_20024,YES_ACC_20153,2264.33,2026-01-10 20:17:36,TRANSFER,UPI,Yes Bank,IN,0,NORMAL_BANKING_FLOW
TX_YES_113293,YES_ACC_20156,YES_ACC_20121,1624.21,2026-01-11 01:35:44,TRANSFER,UPI,Yes Bank,IN,0,NORMAL_BANKING_FLOW
TX_YES_113294,YES_ACC_20124,YES_ACC_20228,1906.51,2026-01-11 03:15:41,TRANSFER,UPI,Yes Bank,IN,0,NORMAL_BANKING_FLOW
TX_YES_113295,YES_ACC_20205,YES_ACC_20028,3626.27,2026-01-11 10:14:12,TRANSFER,UPI,Yes Bank,IN,0,NORMAL_BANKING_FLOW
TX_YES_113296,YES_ACC_20026,INDUS_ACC_20126,2612.5,2026-01-11 02:17:10,TRANSFER,UPI,Yes Bank,IN,0,NORMAL_BANKING_FLOW
TX_YES_113297,YES_ACC_20248,YES_ACC_20074,1652.57,2026-01-11 07:56:36,TRANSFER,UPI,Yes Bank,IN,0,NORMAL_BANKING_FLOW
TX_YES_113298,YES_ACC_20039,YES_ACC_20185,2596.13,2026-01-11 02:38:15,TRANSFER,UPI,Yes Bank,IN,0,NORMAL_BANKING_FLOW
TX_YES_113299,YES_ACC_20191,YES_ACC_20063,374.85,2026-01-11 01:38:56,TRANSFER,IMPS,Yes Bank,IN,0,NORMAL_BANKING_FLOW
TX_YES_113300,YES_ACC_20232,YES_ACC_20010,256.71,2026-01-11 06:39:13,TRANSFER,UPI,Yes Bank,IN,0,NORMAL_BANKING_FLOW
TX_YES_113301,YES_ACC_20138,YES_ACC_20175,1142.97,2026-01-11 03:40:00,TRANSFER,IMPS,Yes Bank,IN,0,NORMAL_BANKING_FLOW
TX_YES_113302,YES_ACC_20233,YES_ACC_20054,1055.55,2026-01-11 03:20:37,TRANSFER,UPI,Yes Bank,IN,0,NORMAL_BANKING_FLOW
TX_YES_113303,YES_ACC_20239,SBI_ACC_20213,608.19,2026-01-11 10:41:58,TRANSFER,UPI,Yes Bank,IN,0,NORMAL_BANKING_FLOW
TX_YES_113304,YES_ACC_20044,YES_ACC_20182,2086.55,2026-01-11 05:42:12,TRANSFER,UPI,Yes Bank,IN,0,NORMAL_BANKING_FLOW
TX_YES_113305,YES_ACC_20042,YES_ACC_20248,185.57,2026-01-11 08:43:32,TRANSFER,UPI,Yes Bank,IN,0,NORMAL_BANKING_FLOW
TX_YES_113306,YES_ACC_20186,YES_ACC_20082,613.21,2026-01-11 03:03:00,TRANSFER,UPI,Yes Bank,IN,0,NORMAL_BANKING_FLOW
TX_YES_113307,YES_ACC_20044,YES_ACC_20064,641.33,2026-01-10 21:01:48,TRANSFER,UPI,Yes Bank,IN,0,NORMAL_BANKING_FLOW
TX_YES_113308,YES_ACC_20169,YES_ACC_20196,227.54,2026-01-11 11:07:00,TRANSFER,IMPS,Yes Bank,IN,0,NORMAL_BANKING_FLOW
TX_YES_113309,YES_ACC_20043,YES_ACC_20226,3809.52,2026-01-10 23:43:28,TRANSFER,IMPS,Yes Bank,IN,0,NORMAL_BANKING_FLOW
TX_YES_113310,YES_ACC_20145,PNB_ACC_20160,291.99,2026-01-11 02:04:57,TRANSFER,UPI,Yes Bank,IN,0,NORMAL_BANKING_FLOW
TX_YES_113311,YES_ACC_20003,YES_ACC_20082,584.35,2026-01-10 20:02:30,TRANSFER,UPI,Yes Bank,IN,0,NORMAL_BANKING_FLOW
TX_YES_113312,YES_ACC_20064,CANARA_ACC_20247,2246.62,2026-01-11 07:28:59,TRANSFER,UPI,Yes Bank,IN,0,NORMAL_BANKING_FLOW
TX_YES_113313,YES_ACC_20158,YES_ACC_20171,1774.8,2026-01-11 05:28:36,TRANSFER,UPI,Yes Bank,IN,0,NORMAL_BANKING_FLOW
TX_YES_113314,YES_ACC_20144,YES_ACC_20113,366.0,2026-01-11 06:29:58,TRANSFER,UPI,Yes Bank,IN,0,NORMAL_BANKING_FLOW
TX_YES_113315,YES_ACC_20104,YES_ACC_20001,1833.97,2026-01-11 02:48:10,TRANSFER,IMPS,Yes Bank,IN,0,NORMAL_BANKING_FLOW
TX_YES_113316,YES_ACC_20103,KOTAK_ACC_20003,1287.95,2026-01-11 04:30:00,TRANSFER,UPI,Yes Bank,IN,0,NORMAL_BANKING_FLOW
TX_YES_113317,YES_ACC_20214,SBI_ACC_20117,8100.91,2026-01-11 08:54:08,TRANSFER,UPI,Yes Bank,IN,0,NORMAL_BANKING_FLOW
TX_YES_113318,YES_ACC_20034,YES_ACC_20247,1427.31,2026-01-11 00:27:56,TRANSFER,UPI,Yes Bank,IN,0,NORMAL_BANKING_FLOW
TX_YES_113319,YES_ACC_20070,YES_ACC_20055,873.83,2026-01-10 22:26:36,TRANSFER,UPI,Yes Bank,IN,0,NORMAL_BANKING_FLOW
TX_YES_113320,YES_ACC_20162,YES_ACC_20091,459.04,2026-01-11 04:32:40,TRANSFER,UPI,Yes Bank,IN,0,NORMAL_BANKING_FLOW
TX_YES_113321,YES_ACC_20173,HDFC_ACC_20233,507.85,2026-01-11 02:31:20,TRANSFER,UPI,Yes Bank,IN,0,NORMAL_BANKING_FLOW
TX_YES_113322,YES_ACC_20085,YES_ACC_20213,471.92,2026-01-11 09:18:54,TRANSFER,UPI,Yes Bank,IN,0,NORMAL_BANKING_FLOW
TX_YES_113323,YES_ACC_20071,YES_ACC_20018,3408.37,2026-01-11 02:52:50,TRANSFER,UPI,Yes Bank,IN,0,NORMAL_BANKING_FLOW
TX_YES_113324,YES_ACC_20045,BOB_ACC_20057,1008.45,2026-01-11 09:41:05,TRANSFER,UPI,Yes Bank,IN,0,NORMAL_BANKING_FLOW
TX_YES_113325,YES_ACC_20008,ICICI_ACC_20214,1650.32,2026-01-11 02:54:00,TRANSFER,UPI,Yes Bank,IN,0,NORMAL_BANKING_FLOW
TX_YES_113326,YES_ACC_20091,HDFC_ACC_20169,3877.02,2026-01-11 08:41:40,TRANSFER,UPI,Yes Bank,IN,0,NORMAL_BANKING_FLOW
TX_YES_113327,YES_ACC_20224,BOB_ACC_20162,118.79,2026-01-11 06:39:56,TRANSFER,IMPS,Yes Bank,IN,0,NORMAL_BANKING_FLOW
TX_YES_113328,YES_ACC_20159,YES_ACC_20138,3136.89,2026-01-11 04:38:00,TRANSFER,UPI,Yes Bank,IN,0,NORMAL_BANKING_FLOW
TX_YES_113329,YES_ACC_20064,YES_ACC_20008,1043.0,2026-01-10 20:47:56,TRANSFER,UPI,Yes Bank,IN,0,NORMAL_BANKING_FLOW
TX_YES_113330,YES_ACC_20242,KOTAK_ACC_20058,1467.83,2026-01-11 06:21:45,TRANSFER,UPI,Yes Bank,IN,0,NORMAL_BANKING_FLOW
TX_YES_113331,YES_ACC_20026,YES_ACC_20156,470.8,2026-01-11 03:18:00,TRANSFER,UPI,Yes Bank,IN,0,NORMAL_BANKING_FLOW
TX_YES_113332,YES_ACC_20041,YES_ACC_20223,502.9,2026-01-11 00:13:57,TRANSFER,UPI,Yes Bank,IN,0,NORMAL_BANKING_FLOW
TX_YES_113333,YES_ACC_20008,YES_ACC_20211,1540.65,2026-01-10 21:30:08,TRANSFER,IMPS,Yes Bank,IN,0,NORMAL_BANKING_FLOW
TX_YES_113334,YES_ACC_20051,HDFC_ACC_20193,8485.7,2026-01-11 01:37:03,TRANSFER,UPI,Yes Bank,IN,0,NORMAL_BANKING_FLOW
TX_YES_113335,YES_ACC_20151,HDFC_ACC_20196,2447.89,2026-01-11 01:37:34,TRANSFER,UPI,Yes Bank,IN,0,NORMAL_BANKING_FLOW
TX_YES_113336,YES_ACC_20012,YES_ACC_20183,3099.42,2026-01-10 23:55:10,TRANSFER,UPI,Yes Bank,IN,0,NORMAL_BANKING_FLOW
TX_YES_113337,YES_ACC_20092,BOB_ACC_20208,834.81,2026-01-11 09:11:48,TRANSFER,UPI,Yes Bank,IN,0,NORMAL_BANKING_FLOW
TX_YES_113338,YES_ACC_20121,YES_ACC_20171,578.14,2026-01-11 03:01:35,TRANSFER,UPI,Yes Bank,IN,0,NORMAL_BANKING_FLOW
TX_YES_113339,YES_ACC_20238,YES_ACC_20020,491.41,2026-01-11 06:28:30,TRANSFER,IMPS,Yes Bank,IN,0,NORMAL_BANKING_FLOW
TX_YES_113340,YES_ACC_20131,YES_ACC_20160,639.41,2026-01-11 05:27:18,TRANSFER,UPI,Yes Bank,IN,0,NORMAL_BANKING_FLOW
TX_YES_113341,YES_ACC_20026,YES_ACC_20246,156.41,2026-01-11 04:46:40,TRANSFER,UPI,Yes Bank,IN,0,NORMAL_BANKING_FLOW
TX_YES_113342,YES_ACC_20073,YES_ACC_20181,516.76,2026-01-11 07:12:07,TRANSFER,UPI,Yes Bank,IN,0,NORMAL_BANKING_FLOW
TX_YES_113343,YES_ACC_20046,YES_ACC_20164,599.25,2026-01-11 06:31:30,TRANSFER,UPI,Yes Bank,IN,0,NORMAL_BANKING_FLOW
TX_YES_113344,YES_ACC_20195,YES_ACC_20081,847.4,2026-01-11 05:50:49,TRANSFER,IMPS,Yes Bank,IN,0,NORMAL_BANKING_FLOW
TX_YES_113345,YES_ACC_20122,CANARA_ACC_20005,1117.19,2026-01-11 06:12:16,TRANSFER,UPI,Yes Bank,IN,0,NORMAL_BANKING_FLOW
TX_YES_113346,YES_ACC_20197,YES_ACC_20087,1375.0,2026-01-11 04:50:00,TRANSFER,UPI,Yes Bank,IN,0,NORMAL_BANKING_FLOW
TX_YES_113347,YES_ACC_20129,YES_ACC_20079,979.03,2026-01-11 03:27:36,TRANSFER,UPI,Yes Bank,IN,0,NORMAL_BANKING_FLOW
TX_YES_113348,YES_ACC_20220,YES_ACC_20192,587.98,2026-01-11 07:58:23,TRANSFER,IMPS,Yes Bank,IN,0,NORMAL_BANKING_FLOW
TX_YES_113349,YES_ACC_20218,YES_ACC_20093,169.52,2026-01-11 01:03:12,TRANSFER,IMPS,Yes Bank,IN,0,NORMAL_BANKING_FLOW
TX_YES_113350,YES_ACC_20245,YES_ACC_20211,591.24,2026-01-11 02:47:46,TRANSFER,UPI,Yes Bank,IN,0,NORMAL_BANKING_FLOW
TX_YES_113351,YES_ACC_20038,YES_ACC_20013,413.56,2026-01-11 03:09:10,TRANSFER,UPI,Yes Bank,IN,0,NORMAL_BANKING_FLOW
TX_YES_113352,YES_ACC_20088,INDUS_ACC_20041,1509.39,2026-01-10 21:57:00,TRANSFER,IMPS,Yes Bank,IN,0,NORMAL_BANKING_FLOW
TX_YES_113353,YES_ACC_20193,YES_ACC_20137,2249.26,2026-01-11 04:33:48,TRANSFER,UPI,Yes Bank,IN,0,NORMAL_BANKING_FLOW
TX_YES_113354,YES_ACC_20210,YES_ACC_20115,2309.33,2026-01-10 21:57:40,TRANSFER,UPI,Yes Bank,IN,0,NORMAL_BANKING_FLOW
TX_YES_113355,YES_ACC_20011,YES_ACC_20066,1961.09,2026-01-11 09:06:48,TRANSFER,UPI,Yes Bank,IN,0,NORMAL_BANKING_FLOW
TX_YES_113356,YES_ACC_20026,YES_ACC_20195,879.92,2026-01-11 04:56:40,TRANSFER,UPI,Yes Bank,IN,0,NORMAL_BANKING_FLOW
TX_YES_113357,YES_ACC_20237,YES_ACC_20102,620.32,2026-01-11 02:09:52,TRANSFER,IMPS,Yes Bank,IN,0,NORMAL_BANKING_FLOW
TX_YES_113358,YES_ACC_20079,YES_ACC_20051,506.54,2026-01-11 11:15:06,TRANSFER,UPI,Yes Bank,IN,0,NORMAL_BANKING_FLOW
TX_YES_113359,YES_ACC_20085,YES_ACC_20211,255.51,2026-01-10 23:44:10,TRANSFER,UPI,Yes Bank,IN,0,NORMAL_BANKING_FLOW
TX_YES_113360,YES_ACC_20133,YES_ACC_20206,2422.77,2026-01-11 08:08:11,TRANSFER,UPI,Yes Bank,IN,0,NORMAL_BANKING_FLOW
TX_YES_113361,YES_ACC_20022,YES_ACC_20064,847.9,2026-01-11 01:09:00,TRANSFER,UPI,Yes Bank,IN,0,NORMAL_BANKING_FLOW
TX_YES_113362,YES_ACC_20217,YES_ACC_20083,323.21,2026-01-11 10:36:56,TRANSFER,UPI,Yes Bank,IN,0,NORMAL_BANKING_FLOW
TX_YES_113363,YES_ACC_20128,ICICI_ACC_20190,471.61,2026-01-11 08:52:42,TRANSFER,UPI,Yes Bank,IN,0,NORMAL_BANKING_FLOW
TX_YES_113364,YES_ACC_20206,YES_ACC_20111,454.74,2026-01-10 20:15:45,TRANSFER,IMPS,Yes Bank,IN,0,NORMAL_BANKING_FLOW
TX_YES_113365,YES_ACC_20127,YES_ACC_20235,1031.45,2026-01-11 03:17:20,TRANSFER,UPI,Yes Bank,IN,0,NORMAL_BANKING_FLOW
TX_YES_113366,YES_ACC_20008,YES_ACC_20005,2593.39,2026-01-11 11:43:55,TRANSFER,IMPS,Yes Bank,IN,0,NORMAL_BANKING_FLOW
TX_YES_113367,YES_ACC_20238,YES_ACC_20010,725.46,2026-01-10 23:26:24,TRANSFER,IMPS,Yes Bank,IN,0,NORMAL_BANKING_FLOW
TX_YES_113368,YES_ACC_20042,INDUS_ACC_20104,130.68,2026-01-10 20:37:52,TRANSFER,UPI,Yes Bank,IN,0,NORMAL_BANKING_FLOW
TX_YES_113369,YES_ACC_20003,YES_ACC_20131,836.93,2026-01-10 22:02:40,TRANSFER,UPI,Yes Bank,IN,0,NORMAL_BANKING_FLOW
TX_YES_113370,YES_ACC_20078,YES_ACC_20236,862.15,2026-01-11 05:06:00,TRANSFER,IMPS,Yes Bank,IN,0,NORMAL_BANKING_FLOW
TX_YES_113371,YES_ACC_20017,YES_ACC_20037,810.44,2026-01-11 12:10:00,TRANSFER,UPI,Yes Bank,IN,0,NORMAL_BANKING_FLOW
TX_YES_113372,YES_ACC_20199,YES_ACC_20000,564.13,2026-01-11 07:14:26,TRANSFER,UPI,Yes Bank,IN,0,NORMAL_BANKING_FLOW
TX_YES_113373,YES_ACC_20155,ICICI_ACC_20090,1206.76,2026-01-10 23:28:48,TRANSFER,IMPS,Yes Bank,IN,0,NORMAL_BANKING_FLOW
TX_YES_113374,YES_ACC_20039,YES_ACC_20225,1053.14,2026-01-10 21:21:54,TRANSFER,IMPS,Yes Bank,IN,0,NORMAL_BANKING_FLOW
TX_YES_113375,YES_ACC_20244,YES_ACC_20051,970.35,2026-01-11 09:02:54,TRANSFER,UPI,Yes Bank,IN,0,NORMAL_BANKING_FLOW
TX_YES_113376,YES_ACC_20149,ICICI_ACC_20249,1438.53,2026-01-11 06:35:00,TRANSFER,UPI,Yes Bank,IN,0,NORMAL_BANKING_FLOW
TX_YES_113377,YES_ACC_20151,YES_ACC_20101,673.95,2026-01-11 06:57:00,TRANSFER,UPI,Yes Bank,IN,0,NORMAL_BANKING_FLOW
TX_YES_113378,YES_ACC_20096,YES_ACC_20034,640.39,2026-01-11 05:11:20,TRANSFER,IMPS,Yes Bank,IN,0,NORMAL_BANKING_FLOW
TX_YES_113379,YES_ACC_20048,YES_ACC_20006,3436.16,2026-01-11 09:48:54,TRANSFER,IMPS,Yes Bank,IN,0,NORMAL_BANKING_FLOW
TX_YES_113380,YES_ACC_20012,CANARA_ACC_20225,1641.59,2026-01-10 22:48:58,TRANSFER,IMPS,Yes Bank,IN,0,NORMAL_BANKING_FLOW
TX_YES_113381,YES_ACC_20112,YES_ACC_20235,2088.6,2026-01-11 11:37:20,TRANSFER,UPI,Yes Bank,IN,0,NORMAL_BANKING_FLOW
TX_YES_113382,YES_ACC_20005,YES_ACC_20076,2991.39,2026-01-11 02:44:33,TRANSFER,UPI,Yes Bank,IN,0,NORMAL_BANKING_FLOW
TX_YES_113383,YES_ACC_20067,YES_ACC_20125,1592.96,2026-01-11 08:48:20,TRANSFER,IMPS,Yes Bank,IN,0,NORMAL_BANKING_FLOW
TX_YES_113384,YES_ACC_20140,AXIS_ACC_20024,2288.27,2026-01-11 03:28:25,TRANSFER,UPI,Yes Bank,IN,0,NORMAL_BANKING_FLOW
TX_YES_113385,YES_ACC_20056,YES_ACC_20082,239.51,2026-01-10 23:12:12,TRANSFER,IMPS,Yes Bank,IN,0,NORMAL_BANKING_FLOW
TX_YES_113386,YES_ACC_20153,YES_ACC_20044,1192.42,2026-01-11 11:42:10,TRANSFER,UPI,Yes Bank,IN,0,NORMAL_BANKING_FLOW
TX_YES_113387,YES_ACC_20073,YES_ACC_20007,841.81,2026-01-10 22:30:06,TRANSFER,IMPS,Yes Bank,IN,0,NORMAL_BANKING_FLOW
TX_YES_113388,YES_ACC_20089,YES_ACC_20027,4491.38,2026-01-11 10:39:45,TRANSFER,UPI,Yes Bank,IN,0,NORMAL_BANKING_FLOW
TX_YES_113389,YES_ACC_20187,INDUS_ACC_20135,2286.74,2026-01-11 04:57:12,TRANSFER,UPI,Yes Bank,IN,0,NORMAL_BANKING_FLOW
TX_YES_113390,YES_ACC_20047,AXIS_ACC_20156,562.62,2026-01-11 11:46:02,TRANSFER,UPI,Yes Bank,IN,0,NORMAL_BANKING_FLOW
TX_YES_113391,YES_ACC_20223,ICICI_ACC_20113,1387.86,2026-01-11 12:30:00,TRANSFER,UPI,Yes Bank,IN,0,NORMAL_BANKING_FLOW
TX_YES_113392,YES_ACC_20040,KOTAK_ACC_20178,1153.91,2026-01-11 08:12:48,TRANSFER,UPI,Yes Bank,IN,0,NORMAL_BANKING_FLOW
TX_YES_113393,YES_ACC_20199,AXIS_ACC_20227,1493.53,2026-01-11 10:22:48,TRANSFER,IMPS,Yes Bank,IN,0,NORMAL_BANKING_FLOW
TX_YES_113394,YES_ACC_20091,YES_ACC_20004,396.65,2026-01-11 04:38:54,TRANSFER,UPI,Yes Bank,IN,0,NORMAL_BANKING_FLOW
TX_YES_113395,YES_ACC_20168,YES_ACC_20206,1371.99,2026-01-10 21:49:46,TRANSFER,UPI,Yes Bank,IN,0,NORMAL_BANKING_FLOW
TX_YES_113396,YES_ACC_20067,PNB_ACC_20033,808.08,2026-01-11 09:20:45,TRANSFER,IMPS,Yes Bank,IN,0,NORMAL_BANKING_FLOW
TX_YES_113397,YES_ACC_20230,YES_ACC_20093,1279.47,2026-01-11 03:36:00,TRANSFER,UPI,Yes Bank,IN,0,NORMAL_BANKING_FLOW
TX_YES_113398,YES_ACC_20021,INDUS_ACC_20093,517.01,2026-01-11 01:48:30,TRANSFER,IMPS,Yes Bank,IN,0,NORMAL_BANKING_FLOW
TX_YES_113399,YES_ACC_20124,YES_ACC_20203,586.07,2026-01-11 02:32:16,TRANSFER,UPI,Yes Bank,IN,0,NORMAL_BANKING_FLOW
TX_YES_113400,YES_ACC_20248,YES_ACC_20173,2853.95,2026-01-11 10:29:06,TRANSFER,IMPS,Yes Bank,IN,0,NORMAL_BANKING_FLOW
TX_YES_113401,YES_ACC_20025,YES_ACC_20038,385.14,2026-01-11 11:35:00,TRANSFER,UPI,Yes Bank,IN,0,NORMAL_BANKING_FLOW
TX_YES_113402,YES_ACC_20009,YES_ACC_20053,411.59,2026-01-10 21:51:59,TRANSFER,UPI,Yes Bank,IN,0,NORMAL_BANKING_FLOW
TX_YES_113403,YES_ACC_20121,YES_ACC_20115,947.26,2026-01-11 07:59:54,TRANSFER,UPI,Yes Bank,IN,0,NORMAL_BANKING_FLOW
TX_YES_113404,YES_ACC_20190,YES_ACC_20005,495.37,2026-01-10 21:52:37,TRANSFER,UPI,Yes Bank,IN,0,NORMAL_BANKING_FLOW
TX_YES_113405,YES_ACC_20017,YES_ACC_20235,447.41,2026-01-11 02:57:12,TRANSFER,IMPS,Yes Bank,IN,0,NORMAL_BANKING_FLOW
TX_YES_113406,YES_ACC_20001,YES_ACC_20105,1090.69,2026-01-10 22:36:45,TRANSFER,IMPS,Yes Bank,IN,0,NORMAL_BANKING_FLOW
TX_YES_113407,YES_ACC_20120,YES_ACC_20020,256.07,2026-01-11 08:46:34,TRANSFER,UPI,Yes Bank,IN,0,NORMAL_BANKING_FLOW
TX_YES_113408,YES_ACC_20134,YES_ACC_20110,400.55,2026-01-10 21:10:19,TRANSFER,IMPS,Yes Bank,IN,0,NORMAL_BANKING_FLOW
TX_YES_113409,YES_ACC_20088,YES_ACC_20084,6302.4,2026-01-11 03:43:00,TRANSFER,UPI,Yes Bank,IN,0,NORMAL_BANKING_FLOW
TX_YES_113410,YES_ACC_20180,YES_ACC_20209,1500.46,2026-01-11 12:49:00,TRANSFER,UPI,Yes Bank,IN,0,NORMAL_BANKING_FLOW
TX_YES_113411,YES_ACC_20158,YES_ACC_20192,506.79,2026-01-10 23:44:00,TRANSFER,UPI,Yes Bank,IN,0,NORMAL_BANKING_FLOW
TX_YES_113412,YES_ACC_20068,YES_ACC_20024,1445.76,2026-01-11 11:23:36,TRANSFER,UPI,Yes Bank,IN,0,NORMAL_BANKING_FLOW
TX_YES_113413,YES_ACC_20088,INDUS_ACC_20127,1653.41,2026-01-11 07:02:08,TRANSFER,UPI,Yes Bank,IN,0,NORMAL_BANKING_FLOW
TX_YES_113414,YES_ACC_20036,YES_ACC_20179,2428.36,2026-01-11 01:12:44,TRANSFER,UPI,Yes Bank,IN,0,NORMAL_BANKING_FLOW
TX_YES_113415,YES_ACC_20146,CANARA_ACC_20002,884.98,2026-01-11 11:26:24,TRANSFER,UPI,Yes Bank,IN,0,NORMAL_BANKING_FLOW
TX_YES_113416,YES_ACC_20132,YES_ACC_20036,2389.52,2026-01-11 05:14:45,TRANSFER,UPI,Yes Bank,IN,0,NORMAL_BANKING_FLOW
TX_YES_113417,YES_ACC_20194,YES_ACC_20200,158.44,2026-01-11 12:56:00,TRANSFER,UPI,Yes Bank,IN,0,NORMAL_BANKING_FLOW
TX_YES_113418,YES_ACC_20161,PNB_ACC_20021,383.49,2026-01-11 00:52:39,TRANSFER,IMPS,Yes Bank,IN,0,NORMAL_BANKING_FLOW
TX_YES_113419,YES_ACC_20162,YES_ACC_20077,1149.96,2026-01-11 07:06:32,TRANSFER,IMPS,Yes Bank,IN,0,NORMAL_BANKING_FLOW
TX_YES_113420,YES_ACC_20010,YES_ACC_20051,1334.98,2026-01-11 07:07:16,TRANSFER,UPI,Yes Bank,IN,0,NORMAL_BANKING_FLOW
TX_YES_113421,YES_ACC_20242,YES_ACC_20033,436.77,2026-01-11 12:38:00,TRANSFER,UPI,Yes Bank,IN,0,NORMAL_BANKING_FLOW
TX_YES_113422,YES_ACC_20224,YES_ACC_20087,1253.23,2026-01-11 07:08:44,TRANSFER,IMPS,Yes Bank,IN,0,NORMAL_BANKING_FLOW
TX_YES_113423,YES_ACC_20117,KOTAK_ACC_20055,565.97,2026-01-11 01:16:56,TRANSFER,UPI,Yes Bank,IN,0,NORMAL_BANKING_FLOW
TX_YES_113424,YES_ACC_20178,ICICI_ACC_20221,773.35,2026-01-11 09:22:30,TRANSFER,UPI,Yes Bank,IN,0,NORMAL_BANKING_FLOW
TX_YES_113425,YES_ACC_20108,AXIS_ACC_20077,2495.63,2026-01-10 23:27:32,TRANSFER,UPI,Yes Bank,IN,0,NORMAL_BANKING_FLOW
TX_YES_113426,YES_ACC_20060,ICICI_ACC_20229,2248.56,2026-01-11 08:40:00,TRANSFER,UPI,Yes Bank,IN,0,NORMAL_BANKING_FLOW
TX_YES_113427,YES_ACC_20018,YES_ACC_20243,404.5,2026-01-11 01:40:54,TRANSFER,IMPS,Yes Bank,IN,0,NORMAL_BANKING_FLOW
TX_YES_113428,YES_ACC_20123,YES_ACC_20200,383.17,2026-01-11 06:06:47,TRANSFER,UPI,Yes Bank,IN,0,NORMAL_BANKING_FLOW
TX_YES_113429,YES_ACC_20014,PNB_ACC_20189,685.36,2026-01-10 20:54:08,TRANSFER,UPI,Yes Bank,IN,0,NORMAL_BANKING_FLOW
TX_YES_113430,YES_ACC_20021,YES_ACC_20178,968.67,2026-01-11 03:10:57,TRANSFER,IMPS,Yes Bank,IN,0,NORMAL_BANKING_FLOW
TX_YES_113431,YES_ACC_20149,YES_ACC_20217,548.89,2026-01-11 00:14:10,TRANSFER,UPI,Yes Bank,IN,0,NORMAL_BANKING_FLOW
TX_YES_113432,YES_ACC_20030,YES_ACC_20005,2531.53,2026-01-10 21:17:07,TRANSFER,IMPS,Yes Bank,IN,0,NORMAL_BANKING_FLOW
TX_YES_113433,YES_ACC_20055,YES_ACC_20094,1356.48,2026-01-11 02:50:24,TRANSFER,IMPS,Yes Bank,IN,0,NORMAL_BANKING_FLOW
TX_YES_113434,YES_ACC_20013,AXIS_ACC_20209,1430.07,2026-01-10 21:17:41,TRANSFER,UPI,Yes Bank,IN,0,NORMAL_BANKING_FLOW
TX_YES_113435,YES_ACC_20148,SBI_ACC_20014,317.38,2026-01-11 02:29:14,TRANSFER,UPI,Yes Bank,IN,0,NORMAL_BANKING_FLOW
TX_YES_113436,YES_ACC_20224,BOB_ACC_20074,2837.17,2026-01-11 08:48:00,TRANSFER,IMPS,Yes Bank,IN,0,NORMAL_BANKING_FLOW
TX_YES_113437,YES_ACC_20095,YES_ACC_20172,78.4,2026-01-11 12:09:12,TRANSFER,UPI,Yes Bank,IN,0,NORMAL_BANKING_FLOW
TX_YES_113438,YES_ACC_20089,YES_ACC_20119,2102.01,2026-01-11 03:37:38,TRANSFER,UPI,Yes Bank,IN,0,NORMAL_BANKING_FLOW
TX_YES_113439,YES_ACC_20090,YES_ACC_20094,2300.5,2026-01-11 06:58:54,TRANSFER,UPI,Yes Bank,IN,0,NORMAL_BANKING_FLOW
TX_YES_113440,YES_ACC_20196,KOTAK_ACC_20248,672.39,2026-01-11 12:56:41,TRANSFER,UPI,Yes Bank,IN,0,NORMAL_BANKING_FLOW
TX_YES_113441,YES_ACC_20126,YES_ACC_20005,3120.1,2026-01-10 23:56:00,TRANSFER,UPI,Yes Bank,IN,0,NORMAL_BANKING_FLOW
TX_YES_113442,YES_ACC_20037,ICICI_ACC_20181,937.5,2026-01-10 22:27:00,TRANSFER,UPI,Yes Bank,IN,0,NORMAL_BANKING_FLOW
TX_YES_113443,YES_ACC_20079,YES_ACC_20035,1049.63,2026-01-11 06:17:02,TRANSFER,IMPS,Yes Bank,IN,0,NORMAL_BANKING_FLOW
TX_YES_113444,YES_ACC_20044,YES_ACC_20099,1346.92,2026-01-11 00:41:58,TRANSFER,IMPS,Yes Bank,IN,0,NORMAL_BANKING_FLOW
TX_YES_113445,YES_ACC_20228,YES_ACC_20048,17464.36,2026-01-10 21:43:12,TRANSFER,UPI,Yes Bank,IN,0,NORMAL_BANKING_FLOW
TX_YES_113446,YES_ACC_20249,YES_ACC_20140,3327.55,2026-01-11 08:33:35,TRANSFER,IMPS,Yes Bank,IN,0,NORMAL_BANKING_FLOW
TX_YES_113447,YES_ACC_20073,YES_ACC_20005,1865.0,2026-01-11 07:04:38,TRANSFER,UPI,Yes Bank,IN,0,NORMAL_BANKING_FLOW
TX_YES_113448,YES_ACC_20081,YES_ACC_20128,436.36,2026-01-11 13:04:33,TRANSFER,UPI,Yes Bank,IN,0,NORMAL_BANKING_FLOW
TX_YES_113449,YES_ACC_20030,YES_ACC_20012,1129.16,2026-01-11 07:06:04,TRANSFER,UPI,Yes Bank,IN,0,NORMAL_BANKING_FLOW
TX_YES_113450,YES_ACC_20132,YES_ACC_20248,477.32,2026-01-11 03:21:57,TRANSFER,UPI,Yes Bank,IN,0,NORMAL_BANKING_FLOW
TX_YES_113451,YES_ACC_20193,YES_ACC_20017,2079.54,2026-01-11 01:30:00,TRANSFER,UPI,Yes Bank,IN,0,NORMAL_BANKING_FLOW
TX_YES_113452,YES_ACC_20089,YES_ACC_20188,1125.99,2026-01-11 08:15:46,TRANSFER,UPI,Yes Bank,IN,0,NORMAL_BANKING_FLOW
TX_YES_113453,YES_ACC_20076,CANARA_ACC_20166,360.66,2026-01-11 07:31:28,TRANSFER,UPI,Yes Bank,IN,0,NORMAL_BANKING_FLOW
TX_YES_113454,YES_ACC_20223,INDUS_ACC_20081,1067.43,2026-01-11 06:47:06,TRANSFER,UPI,Yes Bank,IN,0,NORMAL_BANKING_FLOW
TX_YES_113455,YES_ACC_20036,YES_ACC_20206,461.98,2026-01-11 09:25:46,TRANSFER,UPI,Yes Bank,IN,0,NORMAL_BANKING_FLOW
TX_YES_113456,YES_ACC_20076,INDUS_ACC_20219,1136.94,2026-01-11 06:48:30,TRANSFER,IMPS,Yes Bank,IN,0,NORMAL_BANKING_FLOW
TX_YES_113457,YES_ACC_20017,YES_ACC_20164,457.98,2026-01-11 11:20:24,TRANSFER,UPI,Yes Bank,IN,0,NORMAL_BANKING_FLOW
TX_YES_113458,YES_ACC_20056,YES_ACC_20164,1017.13,2026-01-11 09:50:50,TRANSFER,UPI,Yes Bank,IN,0,NORMAL_BANKING_FLOW
TX_YES_113459,YES_ACC_20192,YES_ACC_20082,1949.68,2026-01-11 02:19:00,TRANSFER,UPI,Yes Bank,IN,0,NORMAL_BANKING_FLOW
TX_YES_113460,YES_ACC_20235,YES_ACC_20198,946.01,2026-01-11 09:07:12,TRANSFER,IMPS,Yes Bank,IN,0,NORMAL_BANKING_FLOW
TX_YES_113461,YES_ACC_20164,YES_ACC_20222,697.99,2026-01-11 12:54:40,TRANSFER,UPI,Yes Bank,IN,0,NORMAL_BANKING_FLOW
TX_YES_113462,YES_ACC_20134,AXIS_ACC_20104,1191.48,2026-01-10 23:41:43,TRANSFER,IMPS,Yes Bank,IN,0,NORMAL_BANKING_FLOW
TX_YES_113463,YES_ACC_20029,YES_ACC_20118,1858.39,2026-01-11 09:32:18,TRANSFER,UPI,Yes Bank,IN,0,NORMAL_BANKING_FLOW
TX_YES_113464,YES_ACC_20101,YES_ACC_20239,366.33,2026-01-11 04:15:05,TRANSFER,UPI,Yes Bank,IN,0,NORMAL_BANKING_FLOW
TX_YES_113465,YES_ACC_20197,YES_ACC_20206,1254.62,2026-01-11 13:44:00,TRANSFER,UPI,Yes Bank,IN,0,NORMAL_BANKING_FLOW
TX_YES_113466,YES_ACC_20238,YES_ACC_20152,3247.97,2026-01-10 22:57:45,TRANSFER,UPI,Yes Bank,IN,0,NORMAL_BANKING_FLOW
TX_YES_113467,YES_ACC_20143,YES_ACC_20204,1662.85,2026-01-11 11:52:10,TRANSFER,UPI,Yes Bank,IN,0,NORMAL_BANKING_FLOW
TX_YES_113468,YES_ACC_20226,YES_ACC_20095,1045.22,2026-01-11 11:07:31,TRANSFER,IMPS,Yes Bank,IN,0,NORMAL_BANKING_FLOW
TX_YES_113469,YES_ACC_20007,YES_ACC_20019,1764.75,2026-01-11 10:00:00,TRANSFER,UPI,Yes Bank,IN,0,NORMAL_BANKING_FLOW
TX_YES_113470,YES_ACC_20032,YES_ACC_20232,1491.07,2026-01-11 08:52:23,TRANSFER,UPI,Yes Bank,IN,0,NORMAL_BANKING_FLOW
TX_YES_113471,YES_ACC_20186,YES_ACC_20106,1955.19,2026-01-10 20:42:30,TRANSFER,IMPS,Yes Bank,IN,0,NORMAL_BANKING_FLOW
TX_YES_113472,YES_ACC_20029,YES_ACC_20104,160.53,2026-01-11 08:53:57,TRANSFER,UPI,Yes Bank,IN,0,NORMAL_BANKING_FLOW
TX_YES_113473,YES_ACC_20066,YES_ACC_20100,245.15,2026-01-11 00:31:40,TRANSFER,UPI,Yes Bank,IN,0,NORMAL_BANKING_FLOW
TX_YES_113474,YES_ACC_20224,HDFC_ACC_20103,2451.23,2026-01-10 21:51:54,TRANSFER,UPI,Yes Bank,IN,0,NORMAL_BANKING_FLOW
TX_YES_113475,YES_ACC_20123,YES_ACC_20002,256.02,2026-01-11 11:36:36,TRANSFER,IMPS,Yes Bank,IN,0,NORMAL_BANKING_FLOW
TX_YES_113476,YES_ACC_20085,INDUS_ACC_20224,1424.23,2026-01-11 04:45:00,TRANSFER,UPI,Yes Bank,IN,0,NORMAL_BANKING_FLOW
TX_YES_113477,YES_ACC_20188,HDFC_ACC_20154,722.82,2026-01-11 10:06:40,TRANSFER,IMPS,Yes Bank,IN,0,NORMAL_BANKING_FLOW
TX_YES_113478,YES_ACC_20021,YES_ACC_20000,404.81,2026-01-11 04:00:18,TRANSFER,UPI,Yes Bank,IN,0,NORMAL_BANKING_FLOW
TX_YES_113479,YES_ACC_20063,YES_ACC_20181,1359.25,2026-01-11 13:35:02,TRANSFER,UPI,Yes Bank,IN,0,NORMAL_BANKING_FLOW
TX_YES_113480,YES_ACC_20208,YES_ACC_20200,1189.07,2026-01-10 23:02:39,TRANSFER,UPI,Yes Bank,IN,0,NORMAL_BANKING_FLOW
TX_YES_113481,YES_ACC_20243,YES_ACC_20159,6629.66,2026-01-11 02:30:00,TRANSFER,UPI,Yes Bank,IN,0,NORMAL_BANKING_FLOW
TX_YES_113482,YES_ACC_20046,YES_ACC_20009,565.48,2026-01-10 23:49:23,TRANSFER,UPI,Yes Bank,IN,0,NORMAL_BANKING_FLOW
TX_YES_113483,YES_ACC_20130,YES_ACC_20196,3626.78,2026-01-11 01:21:54,TRANSFER,IMPS,Yes Bank,IN,0,NORMAL_BANKING_FLOW
TX_YES_113484,YES_ACC_20104,AXIS_ACC_20248,1362.64,2026-01-11 12:07:45,TRANSFER,UPI,Yes Bank,IN,0,NORMAL_BANKING_FLOW
TX_YES_113485,YES_ACC_20198,SBI_ACC_20165,547.35,2026-01-10 22:41:20,TRANSFER,UPI,Yes Bank,IN,0,NORMAL_BANKING_FLOW
TX_YES_113486,YES_ACC_20101,YES_ACC_20209,2037.18,2026-01-11 12:32:40,TRANSFER,UPI,Yes Bank,IN,0,NORMAL_BANKING_FLOW
TX_YES_113487,YES_ACC_20134,YES_ACC_20196,1651.05,2026-01-10 22:18:54,TRANSFER,IMPS,Yes Bank,IN,0,NORMAL_BANKING_FLOW
TX_YES_113488,YES_ACC_20166,YES_ACC_20137,1024.81,2026-01-11 07:57:08,TRANSFER,IMPS,Yes Bank,IN,0,NORMAL_BANKING_FLOW
TX_YES_113489,YES_ACC_20217,YES_ACC_20005,1261.01,2026-01-11 08:44:08,TRANSFER,UPI,Yes Bank,IN,0,NORMAL_BANKING_FLOW
TX_YES_113490,YES_ACC_20236,YES_ACC_20158,579.82,2026-01-11 13:22:42,TRANSFER,UPI,Yes Bank,IN,0,NORMAL_BANKING_FLOW
TX_YES_113491,YES_ACC_20027,YES_ACC_20024,471.91,2026-01-11 01:25:30,TRANSFER,UPI,Yes Bank,IN,0,NORMAL_BANKING_FLOW
TX_YES_113492,YES_ACC_20230,YES_ACC_20246,1965.49,2026-01-11 00:16:24,TRANSFER,UPI,Yes Bank,IN,0,NORMAL_BANKING_FLOW
TX_YES_113493,YES_ACC_20049,YES_ACC_20026,811.15,2026-01-11 10:43:12,TRANSFER,UPI,Yes Bank,IN,0,NORMAL_BANKING_FLOW
TX_YES_113494,YES_ACC_20216,PNB_ACC_20071,923.27,2026-01-11 02:36:30,TRANSFER,UPI,Yes Bank,IN,0,NORMAL_BANKING_FLOW
TX_YES_113495,YES_ACC_20229,KOTAK_ACC_20192,1276.45,2026-01-11 13:50:46,TRANSFER,UPI,Yes Bank,IN,0,NORMAL_BANKING_FLOW
TX_YES_113496,YES_ACC_20142,INDUS_ACC_20177,1259.86,2026-01-11 08:26:15,TRANSFER,UPI,Yes Bank,IN,0,NORMAL_BANKING_FLOW
TX_YES_113497,YES_ACC_20069,YES_ACC_20141,274.13,2026-01-10 23:55:08,TRANSFER,UPI,Yes Bank,IN,0,NORMAL_BANKING_FLOW
TX_YES_113498,YES_ACC_20022,YES_ACC_20086,3157.79,2026-01-11 13:53:43,TRANSFER,UPI,Yes Bank,IN,0,NORMAL_BANKING_FLOW
TX_YES_113499,YES_ACC_20072,YES_ACC_20002,1106.62,2026-01-11 02:15:42,TRANSFER,IMPS,Yes Bank,IN,0,NORMAL_BANKING_FLOW
TX_YES_113500,YES_ACC_20199,YES_ACC_20212,826.84,2026-01-11 08:05:56,TRANSFER,IMPS,Yes Bank,IN,0,NORMAL_BANKING_FLOW
TX_YES_113501,YES_ACC_20217,YES_ACC_20227,1462.29,2026-01-11 07:43:20,TRANSFER,IMPS,Yes Bank,IN,0,NORMAL_BANKING_FLOW
TX_YES_113502,YES_ACC_20132,YES_ACC_20138,1227.69,2026-01-11 05:23:57,TRANSFER,UPI,Yes Bank,IN,0,NORMAL_BANKING_FLOW
TX_YES_113503,YES_ACC_20033,YES_ACC_20185,1979.02,2026-01-11 04:14:28,TRANSFER,UPI,Yes Bank,IN,0,NORMAL_BANKING_FLOW
TX_YES_113504,YES_ACC_20175,YES_ACC_20024,1610.32,2026-01-11 08:32:15,TRANSFER,IMPS,Yes Bank,IN,0,NORMAL_BANKING_FLOW
TX_YES_113505,YES_ACC_20108,CANARA_ACC_20032,1893.27,2026-01-11 10:30:00,TRANSFER,IMPS,Yes Bank,IN,0,NORMAL_BANKING_FLOW
TX_YES_113506,YES_ACC_20151,YES_ACC_20187,3347.25,2026-01-11 05:03:00,TRANSFER,UPI,Yes Bank,IN,0,NORMAL_BANKING_FLOW
TX_YES_113507,YES_ACC_20069,YES_ACC_20241,2197.91,2026-01-11 03:53:18,TRANSFER,UPI,Yes Bank,IN,0,NORMAL_BANKING_FLOW
TX_YES_113508,YES_ACC_20150,YES_ACC_20112,858.82,2026-01-10 23:35:54,TRANSFER,UPI,Yes Bank,IN,0,NORMAL_BANKING_FLOW
TX_YES_113509,YES_ACC_20036,YES_ACC_20214,361.18,2026-01-11 08:59:28,TRANSFER,UPI,Yes Bank,IN,0,NORMAL_BANKING_FLOW
TX_YES_113510,YES_ACC_20247,YES_ACC_20003,4451.6,2026-01-10 20:52:15,TRANSFER,IMPS,Yes Bank,IN,0,NORMAL_BANKING_FLOW
TX_YES_113511,YES_ACC_20070,YES_ACC_20214,801.15,2026-01-11 07:03:30,TRANSFER,UPI,Yes Bank,IN,0,NORMAL_BANKING_FLOW
TX_YES_113512,YES_ACC_20174,YES_ACC_20065,648.2,2026-01-11 09:01:46,TRANSFER,UPI,Yes Bank,IN,0,NORMAL_BANKING_FLOW
TX_YES_113513,YES_ACC_20224,PNB_ACC_20069,207.88,2026-01-11 00:48:20,TRANSFER,UPI,Yes Bank,IN,0,NORMAL_BANKING_FLOW
TX_YES_113514,YES_ACC_20117,PNB_ACC_20053,1345.64,2026-01-11 01:12:18,TRANSFER,IMPS,Yes Bank,IN,0,NORMAL_BANKING_FLOW
TX_YES_113515,YES_ACC_20218,YES_ACC_20079,1134.56,2026-01-11 14:10:26,TRANSFER,UPI,Yes Bank,IN,0,NORMAL_BANKING_FLOW
TX_YES_113516,YES_ACC_20158,AXIS_ACC_20042,253.76,2026-01-11 09:52:00,TRANSFER,UPI,Yes Bank,IN,0,NORMAL_BANKING_FLOW
TX_YES_113517,YES_ACC_20217,AXIS_ACC_20086,1492.11,2026-01-11 00:50:00,TRANSFER,IMPS,Yes Bank,IN,0,NORMAL_BANKING_FLOW
TX_YES_113518,YES_ACC_20249,YES_ACC_20239,633.73,2026-01-10 21:17:52,TRANSFER,UPI,Yes Bank,IN,0,NORMAL_BANKING_FLOW
TX_YES_113519,YES_ACC_20101,YES_ACC_20001,11173.31,2026-01-11 07:56:14,TRANSFER,UPI,Yes Bank,IN,0,NORMAL_BANKING_FLOW
TX_YES_113520,YES_ACC_20065,YES_ACC_20028,594.41,2026-01-11 01:38:33,TRANSFER,UPI,Yes Bank,IN,0,NORMAL_BANKING_FLOW
TX_YES_113521,YES_ACC_20227,YES_ACC_20135,670.7,2026-01-11 02:26:20,TRANSFER,IMPS,Yes Bank,IN,0,NORMAL_BANKING_FLOW
TX_YES_113522,YES_ACC_20182,YES_ACC_20085,451.56,2026-01-11 09:09:26,TRANSFER,IMPS,Yes Bank,IN,0,NORMAL_BANKING_FLOW
TX_YES_113523,YES_ACC_20201,YES_ACC_20174,3134.07,2026-01-11 00:05:06,TRANSFER,UPI,Yes Bank,IN,0,NORMAL_BANKING_FLOW
TX_YES_113524,YES_ACC_20185,SBI_ACC_20187,709.46,2026-01-11 12:44:25,TRANSFER,UPI,Yes Bank,IN,0,NORMAL_BANKING_FLOW
TX_YES_113525,YES_ACC_20038,YES_ACC_20249,516.76,2026-01-11 04:26:56,TRANSFER,UPI,Yes Bank,IN,0,NORMAL_BANKING_FLOW
TX_YES_113526,YES_ACC_20237,AXIS_ACC_20057,1874.8,2026-01-11 03:40:00,TRANSFER,UPI,Yes Bank,IN,0,NORMAL_BANKING_FLOW
TX_YES_113527,YES_ACC_20122,YES_ACC_20142,286.48,2026-01-11 13:58:28,TRANSFER,IMPS,Yes Bank,IN,0,NORMAL_BANKING_FLOW
TX_YES_113528,YES_ACC_20196,PNB_ACC_20213,1741.67,2026-01-11 04:28:38,TRANSFER,UPI,Yes Bank,IN,0,NORMAL_BANKING_FLOW
TX_YES_113529,YES_ACC_20032,YES_ACC_20170,4930.82,2026-01-10 21:44:36,TRANSFER,IMPS,Yes Bank,IN,0,NORMAL_BANKING_FLOW
TX_YES_113530,YES_ACC_20050,YES_ACC_20107,1652.34,2026-01-11 07:16:29,TRANSFER,UPI,Yes Bank,IN,0,NORMAL_BANKING_FLOW
TX_YES_113531,YES_ACC_20193,YES_ACC_20224,1761.83,2026-01-11 11:15:30,TRANSFER,UPI,Yes Bank,IN,0,NORMAL_BANKING_FLOW
TX_YES_113532,YES_ACC_20187,YES_ACC_20077,2171.24,2026-01-11 05:18:36,TRANSFER,UPI,Yes Bank,IN,0,NORMAL_BANKING_FLOW
TX_YES_113533,YES_ACC_20147,YES_ACC_20178,4622.71,2026-01-11 12:28:48,TRANSFER,UPI,Yes Bank,IN,0,NORMAL_BANKING_FLOW
TX_YES_113534,YES_ACC_20029,KOTAK_ACC_20075,2948.07,2026-01-11 04:55:55,TRANSFER,IMPS,Yes Bank,IN,0,NORMAL_BANKING_FLOW
TX_YES_113535,YES_ACC_20063,YES_ACC_20153,1473.95,2026-01-11 04:56:30,TRANSFER,UPI,Yes Bank,IN,0,NORMAL_BANKING_FLOW
TX_YES_113536,YES_ACC_20048,YES_ACC_20081,2238.37,2026-01-11 06:32:45,TRANSFER,UPI,Yes Bank,IN,0,NORMAL_BANKING_FLOW
TX_YES_113537,YES_ACC_20227,YES_ACC_20053,447.04,2026-01-11 11:44:32,TRANSFER,UPI,Yes Bank,IN,0,NORMAL_BANKING_FLOW
TX_YES_113538,YES_ACC_20139,YES_ACC_20100,1995.53,2026-01-10 22:59:00,TRANSFER,UPI,Yes Bank,IN,0,NORMAL_BANKING_FLOW
TX_YES_113539,YES_ACC_20107,YES_ACC_20062,401.42,2026-01-10 23:23:18,TRANSFER,UPI,Yes Bank,IN,0,NORMAL_BANKING_FLOW
TX_YES_113540,YES_ACC_20131,HDFC_ACC_20024,713.14,2026-01-11 04:35:26,TRANSFER,UPI,Yes Bank,IN,0,NORMAL_BANKING_FLOW
TX_YES_113541,YES_ACC_20028,YES_ACC_20045,61.91,2026-01-11 05:24:00,TRANSFER,UPI,Yes Bank,IN,0,NORMAL_BANKING_FLOW
TX_YES_113542,YES_ACC_20118,YES_ACC_20194,1424.09,2026-01-11 04:12:33,TRANSFER,UPI,Yes Bank,IN,0,NORMAL_BANKING_FLOW
TX_YES_113543,YES_ACC_20066,YES_ACC_20029,555.86,2026-01-11 05:49:14,TRANSFER,UPI,Yes Bank,IN,0,NORMAL_BANKING_FLOW
TX_YES_113544,YES_ACC_20238,YES_ACC_20226,2697.37,2026-01-10 22:36:57,TRANSFER,IMPS,Yes Bank,IN,0,NORMAL_BANKING_FLOW
TX_YES_113545,YES_ACC_20109,YES_ACC_20069,1409.76,2026-01-10 21:49:08,TRANSFER,IMPS,Yes Bank,IN,0,NORMAL_BANKING_FLOW
TX_YES_113546,YES_ACC_20024,INDUS_ACC_20123,2728.99,2026-01-11 09:27:50,TRANSFER,UPI,Yes Bank,IN,0,NORMAL_BANKING_FLOW
TX_YES_113547,YES_ACC_20166,SBI_ACC_20117,374.19,2026-01-11 14:17:48,TRANSFER,UPI,Yes Bank,IN,0,NORMAL_BANKING_FLOW
TX_YES_113548,YES_ACC_20089,YES_ACC_20132,2526.39,2026-01-11 05:52:19,TRANSFER,IMPS,Yes Bank,IN,0,NORMAL_BANKING_FLOW
TX_YES_113549,YES_ACC_20093,YES_ACC_20211,6602.94,2026-01-11 03:04:00,TRANSFER,UPI,Yes Bank,IN,0,NORMAL_BANKING_FLOW
TX_YES_113550,YES_ACC_20077,YES_ACC_20084,1973.85,2026-01-11 11:31:39,TRANSFER,UPI,Yes Bank,IN,0,NORMAL_BANKING_FLOW
TX_YES_113551,YES_ACC_20027,YES_ACC_20137,2020.93,2026-01-11 07:55:00,TRANSFER,IMPS,Yes Bank,IN,0,NORMAL_BANKING_FLOW
TX_YES_113552,YES_ACC_20243,SBI_ACC_20152,1155.9,2026-01-11 00:40:24,TRANSFER,UPI,Yes Bank,IN,0,NORMAL_BANKING_FLOW
TX_YES_113553,YES_ACC_20009,YES_ACC_20110,618.81,2026-01-11 04:42:48,TRANSFER,UPI,Yes Bank,IN,0,NORMAL_BANKING_FLOW
TX_YES_113554,YES_ACC_20189,INDUS_ACC_20021,1968.59,2026-01-11 08:21:19,TRANSFER,UPI,Yes Bank,IN,0,NORMAL_BANKING_FLOW
TX_YES_113555,YES_ACC_20234,YES_ACC_20055,255.83,2026-01-11 01:05:50,TRANSFER,UPI,Yes Bank,IN,0,NORMAL_BANKING_FLOW
TX_YES_113556,YES_ACC_20076,YES_ACC_20080,681.31,2026-01-11 02:43:15,TRANSFER,IMPS,Yes Bank,IN,0,NORMAL_BANKING_FLOW
TX_YES_113557,YES_ACC_20148,AXIS_ACC_20130,201.55,2026-01-11 06:46:24,TRANSFER,UPI,Yes Bank,IN,0,NORMAL_BANKING_FLOW
TX_YES_113558,YES_ACC_20172,YES_ACC_20157,526.74,2026-01-11 12:02:44,TRANSFER,UPI,Yes Bank,IN,0,NORMAL_BANKING_FLOW
TX_YES_113559,YES_ACC_20164,YES_ACC_20237,1768.42,2026-01-10 23:30:18,TRANSFER,IMPS,Yes Bank,IN,0,NORMAL_BANKING_FLOW
TX_YES_113560,YES_ACC_20192,YES_ACC_20166,1563.77,2026-01-11 09:14:15,TRANSFER,IMPS,Yes Bank,IN,0,NORMAL_BANKING_FLOW
TX_YES_113561,YES_ACC_20012,YES_ACC_20058,1038.8,2026-01-11 14:07:00,TRANSFER,UPI,Yes Bank,IN,0,NORMAL_BANKING_FLOW
TX_YES_113562,YES_ACC_20020,BOB_ACC_20107,1156.74,2026-01-10 23:07:00,TRANSFER,IMPS,Yes Bank,IN,0,NORMAL_BANKING_FLOW
TX_YES_113563,YES_ACC_20226,CANARA_ACC_20134,181.77,2026-01-11 08:27:46,TRANSFER,UPI,Yes Bank,IN,0,NORMAL_BANKING_FLOW
TX_YES_113564,YES_ACC_20234,YES_ACC_20033,709.59,2026-01-11 08:04:06,TRANSFER,IMPS,Yes Bank,IN,0,NORMAL_BANKING_FLOW
TX_YES_113565,YES_ACC_20136,YES_ACC_20024,537.42,2026-01-10 21:06:00,TRANSFER,UPI,Yes Bank,IN,0,NORMAL_BANKING_FLOW
TX_YES_113566,YES_ACC_20064,BOB_ACC_20036,548.31,2026-01-11 07:16:40,TRANSFER,UPI,Yes Bank,IN,0,NORMAL_BANKING_FLOW
TX_YES_113567,YES_ACC_20127,HDFC_ACC_20129,1702.1,2026-01-11 07:17:20,TRANSFER,IMPS,Yes Bank,IN,0,NORMAL_BANKING_FLOW
TX_YES_113568,YES_ACC_20175,YES_ACC_20029,457.39,2026-01-11 15:27:00,TRANSFER,IMPS,Yes Bank,IN,0,NORMAL_BANKING_FLOW
TX_YES_113569,YES_ACC_20146,YES_ACC_20118,575.82,2026-01-11 05:40:48,TRANSFER,UPI,Yes Bank,IN,0,NORMAL_BANKING_FLOW
TX_YES_113570,YES_ACC_20005,YES_ACC_20070,151.66,2026-01-11 04:03:28,TRANSFER,IMPS,Yes Bank,IN,0,NORMAL_BANKING_FLOW
TX_YES_113571,YES_ACC_20149,KOTAK_ACC_20183,761.5,2026-01-10 22:45:30,TRANSFER,UPI,Yes Bank,IN,0,NORMAL_BANKING_FLOW
TX_YES_113572,YES_ACC_20162,YES_ACC_20202,372.76,2026-01-11 15:06:29,TRANSFER,UPI,Yes Bank,IN,0,NORMAL_BANKING_FLOW
TX_YES_113573,YES_ACC_20234,YES_ACC_20043,1065.59,2026-01-10 23:59:44,TRANSFER,IMPS,Yes Bank,IN,0,NORMAL_BANKING_FLOW
TX_YES_113574,YES_ACC_20033,YES_ACC_20114,421.58,2026-01-11 06:57:27,TRANSFER,UPI,Yes Bank,IN,0,NORMAL_BANKING_FLOW
TX_YES_113575,YES_ACC_20091,YES_ACC_20042,1090.17,2026-01-11 04:55:16,TRANSFER,UPI,Yes Bank,IN,0,NORMAL_BANKING_FLOW
TX_YES_113576,YES_ACC_20084,BOB_ACC_20144,871.12,2026-01-11 01:14:35,TRANSFER,UPI,Yes Bank,IN,0,NORMAL_BANKING_FLOW
TX_YES_113577,YES_ACC_20055,YES_ACC_20007,4468.63,2026-01-11 13:57:36,TRANSFER,IMPS,Yes Bank,IN,0,NORMAL_BANKING_FLOW
TX_YES_113578,YES_ACC_20190,YES_ACC_20115,1552.3,2026-01-11 11:30:50,TRANSFER,UPI,Yes Bank,IN,0,NORMAL_BANKING_FLOW
TX_YES_113579,YES_ACC_20232,YES_ACC_20145,189.49,2026-01-11 14:48:44,TRANSFER,UPI,Yes Bank,IN,0,NORMAL_BANKING_FLOW
TX_YES_113580,YES_ACC_20079,YES_ACC_20150,317.86,2026-01-11 00:02:18,TRANSFER,UPI,Yes Bank,IN,0,NORMAL_BANKING_FLOW
TX_YES_113581,YES_ACC_20009,HDFC_ACC_20227,1042.82,2026-01-11 01:41:20,TRANSFER,UPI,Yes Bank,IN,0,NORMAL_BANKING_FLOW
TX_YES_113582,YES_ACC_20091,YES_ACC_20168,429.72,2026-01-11 00:52:24,TRANSFER,UPI,Yes Bank,IN,0,NORMAL_BANKING_FLOW
TX_YES_113583,YES_ACC_20204,CANARA_ACC_20230,68.61,2026-01-11 11:59:42,TRANSFER,UPI,Yes Bank,IN,0,NORMAL_BANKING_FLOW
TX_YES_113584,YES_ACC_20223,YES_ACC_20166,3342.89,2026-01-11 01:42:38,TRANSFER,UPI,Yes Bank,IN,0,NORMAL_BANKING_FLOW
TX_YES_113585,YES_ACC_20018,YES_ACC_20112,1897.33,2026-01-11 05:50:24,TRANSFER,UPI,Yes Bank,IN,0,NORMAL_BANKING_FLOW
TX_YES_113586,YES_ACC_20013,YES_ACC_20174,1585.86,2026-01-11 08:19:30,TRANSFER,UPI,Yes Bank,IN,0,NORMAL_BANKING_FLOW
TX_YES_113587,YES_ACC_20091,CANARA_ACC_20153,574.45,2026-01-11 00:29:38,TRANSFER,UPI,Yes Bank,IN,0,NORMAL_BANKING_FLOW
TX_YES_113588,YES_ACC_20082,YES_ACC_20011,1458.13,2026-01-10 21:36:32,TRANSFER,IMPS,Yes Bank,IN,0,NORMAL_BANKING_FLOW
TX_YES_113589,YES_ACC_20190,YES_ACC_20040,526.41,2026-01-11 07:07:12,TRANSFER,UPI,Yes Bank,IN,0,NORMAL_BANKING_FLOW
TX_YES_113590,YES_ACC_20145,KOTAK_ACC_20206,1193.17,2026-01-11 02:59:41,TRANSFER,IMPS,Yes Bank,IN,0,NORMAL_BANKING_FLOW
TX_YES_113591,YES_ACC_20124,YES_ACC_20160,433.32,2026-01-11 11:16:50,TRANSFER,UPI,Yes Bank,IN,0,NORMAL_BANKING_FLOW
TX_YES_113592,YES_ACC_20183,KOTAK_ACC_20247,3884.15,2026-01-11 14:36:27,TRANSFER,UPI,Yes Bank,IN,0,NORMAL_BANKING_FLOW
TX_YES_113593,YES_ACC_20072,YES_ACC_20044,241.48,2026-01-11 10:53:36,TRANSFER,UPI,Yes Bank,IN,0,NORMAL_BANKING_FLOW
TX_YES_113594,YES_ACC_20072,YES_ACC_20008,3008.07,2026-01-10 23:17:40,TRANSFER,UPI,Yes Bank,IN,0,NORMAL_BANKING_FLOW
TX_YES_113595,YES_ACC_20164,YES_ACC_20127,1027.64,2026-01-11 06:21:18,TRANSFER,UPI,Yes Bank,IN,0,NORMAL_BANKING_FLOW
TX_YES_113596,YES_ACC_20037,YES_ACC_20058,638.73,2026-01-10 22:03:35,TRANSFER,UPI,Yes Bank,IN,0,NORMAL_BANKING_FLOW
TX_YES_113597,YES_ACC_20069,AXIS_ACC_20097,1153.21,2026-01-11 05:57:36,TRANSFER,UPI,Yes Bank,IN,0,NORMAL_BANKING_FLOW
TX_YES_113598,YES_ACC_20216,BOB_ACC_20203,1919.87,2026-01-10 23:19:00,TRANSFER,UPI,Yes Bank,IN,0,NORMAL_BANKING_FLOW
TX_YES_113599,YES_ACC_20181,YES_ACC_20026,3395.04,2026-01-11 11:23:22,TRANSFER,UPI,Yes Bank,IN,0,NORMAL_BANKING_FLOW
TX_YES_113600,YES_ACC_20158,YES_ACC_20127,1315.31,2026-01-11 08:29:18,TRANSFER,UPI,Yes Bank,IN,0,NORMAL_BANKING_FLOW
