transaction_id,sender_account,receiver_account,amount,timestamp,transaction_type,channel,bank,country,is_aml,pattern_type
TX_CANARA_113601,CANARA_ACC_20128,CANARA_ACC_20011,66789.68,2026-01-10 16:00:00,SETTLEMENT,RTGS,Canara Bank,IN,0,NORMAL_BANKING_FLOW
TX_CANARA_113602,CANARA_ACC_20065,CANARA_ACC_20069,172065.44,2026-01-10 16:00:18,SETTLEMENT,RTGS,Canara Bank,IN,0,NORMAL_BANKING_FLOW
TX_CANARA_113603,CANARA_ACC_20071,CANARA_ACC_20207,1001283.5,2026-01-10 16:01:18,SETTLEMENT,RTGS,Canara Bank,IN,0,NORMAL_BANKING_FLOW
TX_CANARA_113604,CANARA_ACC_20161,CANARA_ACC_20185,626358.45,2026-01-10 16:02:21,SETTLEMENT,RTGS,Canara Bank,IN,0,NORMAL_BANKING_FLOW
TX_CANARA_113605,CANARA_ACC_20206,CANARA_ACC_20086,403835.74,2026-01-10 16:01:08,SETTLEMENT,NEFT,Canara Bank,IN,0,NORMAL_BANKING_FLOW
TX_CANARA_113606,CANARA_ACC_20105,CANARA_ACC_20201,360658.58,2026-01-10 16:04:10,SETTLEMENT,RTGS,Canara Bank,IN,0,NORMAL_BANKING_FLOW
TX_CANARA_113607,CANARA_ACC_20085,CANARA_ACC_20035,327567.72,2026-01-10 16:04:18,SETTLEMENT,RTGS,Canara Bank,IN,0,NORMAL_BANKING_FLOW
TX_CANARA_113608,CANARA_ACC_20196,CANARA_ACC_20055,518530.87,2026-01-10 16:03:58,SETTLEMENT,RTGS,Canara Bank,IN,0,NORMAL_BANKING_FLOW
TX_CANARA_113609,CANARA_ACC_20058,CANARA_ACC_20239,103091.4,2026-01-10 16:07:12,SETTLEMENT,NEFT,Canara Bank,IN,0,NORMAL_BANKING_FLOW
TX_CANARA_113610,CANARA_ACC_20146,CANARA_ACC_20032,41978.55,2026-01-10 16:02:51,SETTLEMENT,RTGS,Canara Bank,IN,0,NORMAL_BANKING_FLOW
TX_CANARA_113611,CANARA_ACC_20063,INDUS_ACC_20028,174381.99,2026-01-10 16:06:30,SETTLEMENT,RTGS,Canara Bank,IN,0,NORMAL_BANKING_FLOW
TX_CANARA_113612,CANARA_ACC_20112,KOTAK_ACC_20033,71855.93,2026-01-10 16:10:05,SETTLEMENT,NEFT,Canara Bank,IN,0,NORMAL_BANKING_FLOW
TX_CANARA_113613,CANARA_ACC_20136,CANARA_ACC_20189,56668.81,2026-01-10 16:05:24,SETTLEMENT,RTGS,Canara Bank,IN,0,NORMAL_BANKING_FLOW
TX_CANARA_113614,CANARA_ACC_20055,CANARA_ACC_20120,79199.2,2026-01-10 16:10:24,SETTLEMENT,NEFT,Canara Bank,IN,0,NORMAL_BANKING_FLOW
TX_CANARA_113615,CANARA_ACC_20082,CANARA_ACC_20140,1953853.09,2026-01-10 16:04:26,SETTLEMENT,RTGS,Canara Bank,IN,0,NORMAL_BANKING_FLOW
TX_CANARA_113616,CANARA_ACC_20244,CANARA_ACC_20029,186488.46,2026-01-10 16:04:00,SETTLEMENT,RTGS,Canara Bank,IN,0,NORMAL_BANKING_FLOW
TX_CANARA_113617,CANARA_ACC_20064,PNB_ACC_20077,233726.72,2026-01-10 16:15:44,SETTLEMENT,NEFT,Canara Bank,IN,0,NORMAL_BANKING_FLOW
TX_CANARA_113618,CANARA_ACC_20111,CANARA_ACC_20177,47936.73,2026-01-10 16:09:55,SETTLEMENT,NEFT,Canara Bank,IN,0,NORMAL_BANKING_FLOW
TX_CANARA_113619,CANARA_ACC_20053,CANARA_ACC_20181,25751.47,2026-01-10 16:11:42,SETTLEMENT,RTGS,Canara Bank,IN,0,NORMAL_BANKING_FLOW
TX_CANARA_113620,CANARA_ACC_20029,CANARA_ACC_20159,71750.3,2026-01-10 16:15:50,SETTLEMENT,RTGS,Canara Bank,IN,0,NORMAL_BANKING_FLOW
TX_CANARA_113621,CANARA_ACC_20207,CANARA_ACC_20045,685700.06,2026-01-10 16:08:00,SETTLEMENT,RTGS,Canara Bank,IN,0,NORMAL_BANKING_FLOW
TX_CANARA_113622,CANARA_ACC_20231,CANARA_ACC_20193,227356.71,2026-01-10 16:09:48,SETTLEMENT,RTGS,Canara Bank,IN,0,NORMAL_BANKING_FLOW
TX_CANARA_113623,CANARA_ACC_20059,CANARA_ACC_20192,296142.22,2026-01-10 16:09:32,SETTLEMENT,NEFT,Canara Bank,IN,0,NORMAL_BANKING_FLOW
TX_CANARA_113624,CANARA_ACC_20047,KOTAK_ACC_20164,340634.74,2026-01-10 16:19:33,SETTLEMENT,RTGS,Canara Bank,IN,0,NORMAL_BANKING_FLOW
TX_CANARA_113625,CANARA_ACC_20240,AXIS_ACC_20127,90097.76,2026-01-10 16:19:36,SETTLEMENT,NEFT,Canara Bank,IN,0,NORMAL_BANKING_FLOW
TX_CANARA_113626,CANARA_ACC_20023,CANARA_ACC_20052,652108.07,2026-01-10 16:07:05,SETTLEMENT,RTGS,Canara Bank,IN,0,NORMAL_BANKING_FLOW
TX_CANARA_113627,CANARA_ACC_20213,AXIS_ACC_20189,86438.84,2026-01-10 16:15:36,SETTLEMENT,RTGS,Canara Bank,IN,0,NORMAL_BANKING_FLOW
TX_CANARA_113628,CANARA_ACC_20181,SBI_ACC_20020,664129.45,2026-01-10 16:20:42,SETTLEMENT,RTGS,Canara Bank,IN,0,NORMAL_BANKING_FLOW
TX_CANARA_113629,CANARA_ACC_20150,ICICI_ACC_20158,253292.99,2026-01-10 16:12:08,SETTLEMENT,RTGS,Canara Bank,IN,0,NORMAL_BANKING_FLOW
TX_CANARA_113630,CANARA_ACC_20017,CANARA_ACC_20114,27199.53,2026-01-10 16:11:36,SETTLEMENT,RTGS,Canara Bank,IN,0,NORMAL_BANKING_FLOW
TX_CANARA_113631,CANARA_ACC_20082,KOTAK_ACC_20182,77033.1,2026-01-10 16:07:30,SETTLEMENT,RTGS,Canara Bank,IN,0,NORMAL_BANKING_FLOW
TX_CANARA_113632,CANARA_ACC_20227,CANARA_ACC_20237,27311.45,2026-01-10 16:07:45,SETTLEMENT,RTGS,Canara Bank,IN,0,NORMAL_BANKING_FLOW
TX_CANARA_113633,CANARA_ACC_20154,CANARA_ACC_20237,520883.73,2026-01-10 16:24:00,SETTLEMENT,RTGS,Canara Bank,IN,0,NORMAL_BANKING_FLOW
TX_CANARA_113634,CANARA_ACC_20154,CANARA_ACC_20034,158778.37,2026-01-10 16:11:00,SETTLEMENT,RTGS,Canara Bank,IN,0,NORMAL_BANKING_FLOW
TX_CANARA_113635,CANARA_ACC_20105,CANARA_ACC_20192,17529.8,2026-01-10 16:15:18,SETTLEMENT,RTGS,Canara Bank,IN,0,NORMAL_BANKING_FLOW
TX_CANARA_113636,CANARA_ACC_20139,INDUS_ACC_20143,236983.76,2026-01-10 16:19:50,SETTLEMENT,RTGS,Canara Bank,IN,0,NORMAL_BANKING_FLOW
TX_CANARA_113637,CANARA_ACC_20140,CANARA_ACC_20004,95114.41,2026-01-10 16:17:24,SETTLEMENT,NEFT,Canara Bank,IN,0,NORMAL_BANKING_FLOW
TX_CANARA_113638,CANARA_ACC_20240,CANARA_ACC_20050,36908.39,2026-01-10 16:37:00,SETTLEMENT,RTGS,Canara Bank,IN,0,NORMAL_BANKING_FLOW
TX_CANARA_113639,CANARA_ACC_20191,CANARA_ACC_20197,871495.37,2026-01-10 16:19:00,SETTLEMENT,RTGS,Canara Bank,IN,0,NORMAL_BANKING_FLOW
TX_CANARA_113640,CANARA_ACC_20103,CANARA_ACC_20185,181187.17,2026-01-10 16:17:33,SETTLEMENT,RTGS,Canara Bank,IN,0,NORMAL_BANKING_FLOW
TX_CANARA_113641,CANARA_ACC_20172,CANARA_ACC_20155,121366.31,2026-01-10 16:12:00,SETTLEMENT,NEFT,Canara Bank,IN,0,NORMAL_BANKING_FLOW
TX_CANARA_113642,CANARA_ACC_20227,HDFC_ACC_20231,109160.57,2026-01-10 16:22:33,SETTLEMENT,RTGS,Canara Bank,IN,0,NORMAL_BANKING_FLOW
TX_CANARA_113643,CANARA_ACC_20137,CANARA_ACC_20028,35836.44,2026-01-10 16:39:54,SETTLEMENT,RTGS,Canara Bank,IN,0,NORMAL_BANKING_FLOW
TX_CANARA_113644,CANARA_ACC_20101,CANARA_ACC_20157,44154.54,2026-01-10 16:40:08,SETTLEMENT,NEFT,Canara Bank,IN,0,NORMAL_BANKING_FLOW
TX_CANARA_113645,CANARA_ACC_20229,CANARA_ACC_20244,588255.58,2026-01-10 16:38:52,SETTLEMENT,NEFT,Canara Bank,IN,0,NORMAL_BANKING_FLOW
TX_CANARA_113646,CANARA_ACC_20238,CANARA_ACC_20190,101327.91,2026-01-10 16:39:00,SETTLEMENT,NEFT,Canara Bank,IN,0,NORMAL_BANKING_FLOW
TX_CANARA_113647,CANARA_ACC_20129,CANARA_ACC_20234,166386.34,2026-01-10 16:41:24,SETTLEMENT,RTGS,Canara Bank,IN,0,NORMAL_BANKING_FLOW
TX_CANARA_113648,CANARA_ACC_20133,AXIS_ACC_20164,21071.35,2026-01-10 16:28:12,SETTLEMENT,RTGS,Canara Bank,IN,0,NORMAL_BANKING_FLOW
TX_CANARA_113649,CANARA_ACC_20016,SBI_ACC_20174,43560.58,2026-01-10 16:44:48,SETTLEMENT,NEFT,Canara Bank,IN,0,NORMAL_BANKING_FLOW
TX_CANARA_113650,CANARA_ACC_20132,CANARA_ACC_20236,299482.88,2026-01-10 16:40:50,SETTLEMENT,RTGS,Canara Bank,IN,0,NORMAL_BANKING_FLOW
TX_CANARA_113651,CANARA_ACC_20058,CANARA_ACC_20205,237449.86,2026-01-10 16:12:30,SETTLEMENT,RTGS,Canara Bank,IN,0,NORMAL_BANKING_FLOW
TX_CANARA_113652,CANARA_ACC_20225,YES_ACC_20076,939755.67,2026-01-10 16:20:24,SETTLEMENT,RTGS,Canara Bank,IN,0,NORMAL_BANKING_FLOW
TX_CANARA_113653,CANARA_ACC_20205,CANARA_ACC_20159,623407.91,2026-01-10 16:37:16,SETTLEMENT,RTGS,Canara Bank,IN,0,NORMAL_BANKING_FLOW
TX_CANARA_113654,CANARA_ACC_20001,CANARA_ACC_20138,129222.24,2026-01-10 16:30:02,SETTLEMENT,NEFT,Canara Bank,IN,0,NORMAL_BANKING_FLOW
TX_CANARA_113655,CANARA_ACC_20240,CANARA_ACC_20038,261176.99,2026-01-10 16:25:12,SETTLEMENT,NEFT,Canara Bank,IN,0,NORMAL_BANKING_FLOW
TX_CANARA_113656,CANARA_ACC_20074,CANARA_ACC_20154,118586.34,2026-01-10 16:33:00,SETTLEMENT,NEFT,Canara Bank,IN,0,NORMAL_BANKING_FLOW
TX_CANARA_113657,CANARA_ACC_20126,CANARA_ACC_20141,1270358.65,2026-01-10 16:31:44,SETTLEMENT,NEFT,Canara Bank,IN,0,NORMAL_BANKING_FLOW
TX_CANARA_113658,CANARA_ACC_20127,CANARA_ACC_20055,513504.82,2026-01-10 16:29:27,SETTLEMENT,RTGS,Canara Bank,IN,0,NORMAL_BANKING_FLOW
TX_CANARA_113659,CANARA_ACC_20171,CANARA_ACC_20020,192853.3,2026-01-10 16:50:16,SETTLEMENT,NEFT,Canara Bank,IN,0,NORMAL_BANKING_FLOW
TX_CANARA_113660,CANARA_ACC_20095,CANARA_ACC_20017,198867.65,2026-01-10 16:17:42,SETTLEMENT,RTGS,Canara Bank,IN,0,NORMAL_BANKING_FLOW
TX_CANARA_113661,CANARA_ACC_20002,CANARA_ACC_20062,690278.41,2026-01-10 16:53:00,SETTLEMENT,RTGS,Canara Bank,IN,0,NORMAL_BANKING_FLOW
TX_CANARA_113662,CANARA_ACC_20147,ICICI_ACC_20237,290563.62,2026-01-10 16:52:52,SETTLEMENT,NEFT,Canara Bank,IN,0,NORMAL_BANKING_FLOW
TX_CANARA_113663,CANARA_ACC_20230,CANARA_ACC_20171,773459.06,2026-01-10 16:31:00,SETTLEMENT,RTGS,Canara Bank,IN,0,NORMAL_BANKING_FLOW
TX_CANARA_113664,CANARA_ACC_20077,CANARA_ACC_20011,18148.66,2026-01-10 16:25:12,SETTLEMENT,RTGS,Canara Bank,IN,0,NORMAL_BANKING_FLOW
TX_CANARA_113665,CANARA_ACC_20099,CANARA_ACC_20014,258132.49,2026-01-10 16:37:20,SETTLEMENT,RTGS,Canara Bank,IN,0,NORMAL_BANKING_FLOW
TX_CANARA_113666,CANARA_ACC_20108,KOTAK_ACC_20072,97203.8,2026-01-10 16:42:15,SETTLEMENT,RTGS,Canara Bank,IN,0,NORMAL_BANKING_FLOW
TX_CANARA_113667,CANARA_ACC_20119,YES_ACC_20201,942581.8,2026-01-10 16:20:54,SETTLEMENT,RTGS,Canara Bank,IN,0,NORMAL_BANKING_FLOW
TX_CANARA_113668,CANARA_ACC_20235,CANARA_ACC_20106,764057.78,2026-01-10 16:46:54,SETTLEMENT,RTGS,Canara Bank,IN,0,NORMAL_BANKING_FLOW
TX_CANARA_113669,CANARA_ACC_20237,CANARA_ACC_20136,168187.69,2026-01-10 16:22:40,SETTLEMENT,RTGS,Canara Bank,IN,0,NORMAL_BANKING_FLOW
TX_CANARA_113670,CANARA_ACC_20144,ICICI_ACC_20185,755874.76,2026-01-10 16:49:27,SETTLEMENT,RTGS,Canara Bank,IN,0,NORMAL_BANKING_FLOW
TX_CANARA_113671,CANARA_ACC_20196,CANARA_ACC_20093,968123.09,2026-01-10 16:18:40,SETTLEMENT,NEFT,Canara Bank,IN,0,NORMAL_BANKING_FLOW
TX_CANARA_113672,CANARA_ACC_20022,CANARA_ACC_20024,175326.75,2026-01-10 17:11:00,SETTLEMENT,RTGS,Canara Bank,IN,0,NORMAL_BANKING_FLOW
TX_CANARA_113673,CANARA_ACC_20079,CANARA_ACC_20185,1927884.36,2026-01-10 17:10:48,SETTLEMENT,RTGS,Canara Bank,IN,0,NORMAL_BANKING_FLOW
TX_CANARA_113674,CANARA_ACC_20242,CANARA_ACC_20235,157732.97,2026-01-10 16:19:28,SETTLEMENT,RTGS,Canara Bank,IN,0,NORMAL_BANKING_FLOW
TX_CANARA_113675,CANARA_ACC_20054,CANARA_ACC_20089,131331.38,2026-01-10 17:04:08,SETTLEMENT,RTGS,Canara Bank,IN,0,NORMAL_BANKING_FLOW
TX_CANARA_113676,CANARA_ACC_20105,CANARA_ACC_20217,386881.06,2026-01-10 16:26:15,SETTLEMENT,NEFT,Canara Bank,IN,0,NORMAL_BANKING_FLOW
TX_CANARA_113677,CANARA_ACC_20081,BOB_ACC_20131,114257.42,2026-01-10 16:44:20,SETTLEMENT,RTGS,Canara Bank,IN,0,NORMAL_BANKING_FLOW
TX_CANARA_113678,CANARA_ACC_20079,CANARA_ACC_20107,177254.14,2026-01-10 16:20:32,SETTLEMENT,RTGS,Canara Bank,IN,0,NORMAL_BANKING_FLOW
TX_CANARA_113679,CANARA_ACC_20070,CANARA_ACC_20006,666259.44,2026-01-10 16:20:48,SETTLEMENT,RTGS,Canara Bank,IN,0,NORMAL_BANKING_FLOW
TX_CANARA_113680,CANARA_ACC_20129,CANARA_ACC_20165,165913.0,2026-01-10 16:50:02,SETTLEMENT,RTGS,Canara Bank,IN,0,NORMAL_BANKING_FLOW
TX_CANARA_113681,CANARA_ACC_20168,YES_ACC_20191,29881.12,2026-01-10 17:09:20,SETTLEMENT,RTGS,Canara Bank,IN,0,NORMAL_BANKING_FLOW
TX_CANARA_113682,CANARA_ACC_20032,KOTAK_ACC_20122,234994.97,2026-01-10 16:20:15,SETTLEMENT,RTGS,Canara Bank,IN,0,NORMAL_BANKING_FLOW
TX_CANARA_113683,CANARA_ACC_20227,CANARA_ACC_20112,81121.75,2026-01-10 16:38:16,SETTLEMENT,RTGS,Canara Bank,IN,0,NORMAL_BANKING_FLOW
TX_CANARA_113684,CANARA_ACC_20112,CANARA_ACC_20032,386648.45,2026-01-10 17:09:10,SETTLEMENT,RTGS,Canara Bank,IN,0,NORMAL_BANKING_FLOW
TX_CANARA_113685,CANARA_ACC_20042,BOB_ACC_20223,326501.47,2026-01-10 16:54:36,SETTLEMENT,NEFT,Canara Bank,IN,0,NORMAL_BANKING_FLOW
TX_CANARA_113686,CANARA_ACC_20059,CANARA_ACC_20049,708850.8,2026-01-10 16:43:55,SETTLEMENT,NEFT,Canara Bank,IN,0,NORMAL_BANKING_FLOW
TX_CANARA_113687,CANARA_ACC_20013,HDFC_ACC_20015,403338.85,2026-01-10 16:50:10,SETTLEMENT,RTGS,Canara Bank,IN,0,NORMAL_BANKING_FLOW
TX_CANARA_113688,CANARA_ACC_20122,CANARA_ACC_20036,484195.62,2026-01-10 16:40:36,SETTLEMENT,RTGS,Canara Bank,IN,0,NORMAL_BANKING_FLOW
TX_CANARA_113689,CANARA_ACC_20081,CANARA_ACC_20050,83358.28,2026-01-10 16:44:00,SETTLEMENT,RTGS,Canara Bank,IN,0,NORMAL_BANKING_FLOW
TX_CANARA_113690,CANARA_ACC_20220,CANARA_ACC_20044,363664.31,2026-01-10 16:53:24,SETTLEMENT,RTGS,Canara Bank,IN,0,NORMAL_BANKING_FLOW
TX_CANARA_113691,CANARA_ACC_20021,PNB_ACC_20121,1165255.91,2026-01-10 17:06:00,SETTLEMENT,NEFT,Canara Bank,IN,0,NORMAL_BANKING_FLOW
TX_CANARA_113692,CANARA_ACC_20240,BOB_ACC_20051,81744.2,2026-01-10 16:27:18,SETTLEMENT,RTGS,Canara Bank,IN,0,NORMAL_BANKING_FLOW
TX_CANARA_113693,CANARA_ACC_20100,KOTAK_ACC_20024,984351.46,2026-01-10 16:38:20,SETTLEMENT,RTGS,Canara Bank,IN,0,NORMAL_BANKING_FLOW
TX_CANARA_113694,CANARA_ACC_20057,CANARA_ACC_20072,93962.39,2026-01-10 17:00:27,SETTLEMENT,NEFT,Canara Bank,IN,0,NORMAL_BANKING_FLOW
TX_CANARA_113695,CANARA_ACC_20077,CANARA_ACC_20028,69426.84,2026-01-10 16:45:26,SETTLEMENT,RTGS,Canara Bank,IN,0,NORMAL_BANKING_FLOW
TX_CANARA_113696,CANARA_ACC_20180,CANARA_ACC_20038,218862.83,2026-01-10 17:35:00,SETTLEMENT,RTGS,Canara Bank,IN,0,NORMAL_BANKING_FLOW
TX_CANARA_113697,CANARA_ACC_20170,CANARA_ACC_20187,333004.21,2026-01-10 16:54:24,SETTLEMENT,RTGS,Canara Bank,IN,0,NORMAL_BANKING_FLOW
TX_CANARA_113698,CANARA_ACC_20160,CANARA_ACC_20059,405043.65,2026-01-10 16:53:21,SETTLEMENT,RTGS,Canara Bank,IN,0,NORMAL_BANKING_FLOW
TX_CANARA_113699,CANARA_ACC_20014,CANARA_ACC_20004,62207.92,2026-01-10 16:44:06,SETTLEMENT,RTGS,Canara Bank,IN,0,NORMAL_BANKING_FLOW
TX_CANARA_113700,CANARA_ACC_20011,CANARA_ACC_20216,251334.52,2026-01-10 16:46:12,SETTLEMENT,RTGS,Canara Bank,IN,0,NORMAL_BANKING_FLOW
TX_CANARA_113701,CANARA_ACC_20199,CANARA_ACC_20030,81997.61,2026-01-10 17:38:20,SETTLEMENT,NEFT,Canara Bank,IN,0,NORMAL_BANKING_FLOW
TX_CANARA_113702,CANARA_ACC_20089,CANARA_ACC_20000,36720.03,2026-01-10 17:03:58,SETTLEMENT,RTGS,Canara Bank,IN,0,NORMAL_BANKING_FLOW
TX_CANARA_113703,CANARA_ACC_20038,CANARA_ACC_20215,64296.71,2026-01-10 17:11:24,SETTLEMENT,NEFT,Canara Bank,IN,0,NORMAL_BANKING_FLOW
TX_CANARA_113704,CANARA_ACC_20187,KOTAK_ACC_20156,76810.73,2026-01-10 17:24:07,SETTLEMENT,RTGS,Canara Bank,IN,0,NORMAL_BANKING_FLOW
TX_CANARA_113705,CANARA_ACC_20167,KOTAK_ACC_20198,274195.1,2026-01-10 16:32:56,SETTLEMENT,RTGS,Canara Bank,IN,0,NORMAL_BANKING_FLOW
TX_CANARA_113706,CANARA_ACC_20050,CANARA_ACC_20017,515150.14,2026-01-10 16:52:30,SETTLEMENT,NEFT,Canara Bank,IN,0,NORMAL_BANKING_FLOW
TX_CANARA_113707,CANARA_ACC_20213,CANARA_ACC_20052,37301.67,2026-01-10 16:45:56,SETTLEMENT,RTGS,Canara Bank,IN,0,NORMAL_BANKING_FLOW
TX_CANARA_113708,CANARA_ACC_20189,PNB_ACC_20086,231413.42,2026-01-10 17:45:13,SETTLEMENT,RTGS,Canara Bank,IN,0,NORMAL_BANKING_FLOW
TX_CANARA_113709,CANARA_ACC_20087,SBI_ACC_20219,50176.49,2026-01-10 17:12:00,SETTLEMENT,RTGS,Canara Bank,IN,0,NORMAL_BANKING_FLOW
TX_CANARA_113710,CANARA_ACC_20002,CANARA_ACC_20005,305310.76,2026-01-10 16:45:25,SETTLEMENT,RTGS,Canara Bank,IN,0,NORMAL_BANKING_FLOW
TX_CANARA_113711,CANARA_ACC_20180,CANARA_ACC_20126,87314.29,2026-01-10 17:09:40,SETTLEMENT,NEFT,Canara Bank,IN,0,NORMAL_BANKING_FLOW
TX_CANARA_113712,CANARA_ACC_20224,CANARA_ACC_20115,56878.4,2026-01-10 17:47:18,SETTLEMENT,RTGS,Canara Bank,IN,0,NORMAL_BANKING_FLOW
TX_CANARA_113713,CANARA_ACC_20054,KOTAK_ACC_20101,362095.95,2026-01-10 17:38:56,SETTLEMENT,NEFT,Canara Bank,IN,0,NORMAL_BANKING_FLOW
TX_CANARA_113714,CANARA_ACC_20048,CANARA_ACC_20225,90497.49,2026-01-10 17:05:55,SETTLEMENT,NEFT,Canara Bank,IN,0,NORMAL_BANKING_FLOW
TX_CANARA_113715,CANARA_ACC_20111,CANARA_ACC_20042,118662.2,2026-01-10 17:40:42,SETTLEMENT,NEFT,Canara Bank,IN,0,NORMAL_BANKING_FLOW
TX_CANARA_113716,CANARA_ACC_20067,CANARA_ACC_20117,17676.85,2026-01-10 16:32:35,SETTLEMENT,NEFT,Canara Bank,IN,0,NORMAL_BANKING_FLOW
TX_CANARA_113717,CANARA_ACC_20237,CANARA_ACC_20004,419387.82,2026-01-10 17:40:32,SETTLEMENT,RTGS,Canara Bank,IN,0,NORMAL_BANKING_FLOW
TX_CANARA_113718,CANARA_ACC_20113,INDUS_ACC_20161,369870.61,2026-01-10 16:29:15,SETTLEMENT,NEFT,Canara Bank,IN,0,NORMAL_BANKING_FLOW
TX_CANARA_113719,CANARA_ACC_20007,CANARA_ACC_20206,163645.51,2026-01-10 16:35:24,SETTLEMENT,NEFT,Canara Bank,IN,0,NORMAL_BANKING_FLOW
TX_CANARA_113720,CANARA_ACC_20218,AXIS_ACC_20079,35327.57,2026-01-10 16:57:31,SETTLEMENT,RTGS,Canara Bank,IN,0,NORMAL_BANKING_FLOW
TX_CANARA_113721,CANARA_ACC_20110,CANARA_ACC_20024,545451.5,2026-01-10 17:46:00,SETTLEMENT,RTGS,Canara Bank,IN,0,NORMAL_BANKING_FLOW
TX_CANARA_113722,CANARA_ACC_20166,YES_ACC_20221,83594.8,2026-01-10 17:16:38,SETTLEMENT,NEFT,Canara Bank,IN,0,NORMAL_BANKING_FLOW
TX_CANARA_113723,CANARA_ACC_20126,ICICI_ACC_20209,103429.61,2026-01-10 17:11:10,SETTLEMENT,NEFT,Canara Bank,IN,0,NORMAL_BANKING_FLOW
TX_CANARA_113724,CANARA_ACC_20203,CANARA_ACC_20169,1643015.87,2026-01-10 17:40:27,SETTLEMENT,NEFT,Canara Bank,IN,0,NORMAL_BANKING_FLOW
TX_CANARA_113725,CANARA_ACC_20005,SBI_ACC_20008,80528.27,2026-01-10 16:51:40,SETTLEMENT,NEFT,Canara Bank,IN,0,NORMAL_BANKING_FLOW
TX_CANARA_113726,CANARA_ACC_20050,CANARA_ACC_20182,341878.25,2026-01-10 16:47:55,SETTLEMENT,NEFT,Canara Bank,IN,0,NORMAL_BANKING_FLOW
TX_CANARA_113727,CANARA_ACC_20021,CANARA_ACC_20088,285527.11,2026-01-10 17:15:36,SETTLEMENT,RTGS,Canara Bank,IN,0,NORMAL_BANKING_FLOW
TX_CANARA_113728,CANARA_ACC_20047,CANARA_ACC_20122,240427.1,2026-01-10 16:35:59,SETTLEMENT,RTGS,Canara Bank,IN,0,NORMAL_BANKING_FLOW
TX_CANARA_113729,CANARA_ACC_20171,CANARA_ACC_20125,215776.96,2026-01-10 17:08:16,SETTLEMENT,NEFT,Canara Bank,IN,0,NORMAL_BANKING_FLOW
TX_CANARA_113730,CANARA_ACC_20124,BOB_ACC_20184,237135.87,2026-01-10 17:21:42,SETTLEMENT,RTGS,Canara Bank,IN,0,NORMAL_BANKING_FLOW
TX_CANARA_113731,CANARA_ACC_20234,CANARA_ACC_20020,213617.13,2026-01-10 17:07:10,SETTLEMENT,RTGS,Canara Bank,IN,0,NORMAL_BANKING_FLOW
TX_CANARA_113732,CANARA_ACC_20172,CANARA_ACC_20214,154520.44,2026-01-10 18:00:05,SETTLEMENT,RTGS,Canara Bank,IN,0,NORMAL_BANKING_FLOW
TX_CANARA_113733,CANARA_ACC_20079,CANARA_ACC_20163,737693.07,2026-01-10 16:55:00,SETTLEMENT,RTGS,Canara Bank,IN,0,NORMAL_BANKING_FLOW
TX_CANARA_113734,CANARA_ACC_20223,CANARA_ACC_20130,43797.83,2026-01-10 17:15:22,SETTLEMENT,RTGS,Canara Bank,IN,0,NORMAL_BANKING_FLOW
TX_CANARA_113735,CANARA_ACC_20184,CANARA_ACC_20229,452009.33,2026-01-10 17:15:56,SETTLEMENT,NEFT,Canara Bank,IN,0,NORMAL_BANKING_FLOW
TX_CANARA_113736,CANARA_ACC_20073,CANARA_ACC_20167,370401.3,2026-01-10 18:15:00,SETTLEMENT,NEFT,Canara Bank,IN,0,NORMAL_BANKING_FLOW
TX_CANARA_113737,CANARA_ACC_20124,CANARA_ACC_20106,327223.64,2026-01-10 17:57:52,SETTLEMENT,RTGS,Canara Bank,IN,0,NORMAL_BANKING_FLOW
TX_CANARA_113738,CANARA_ACC_20208,AXIS_ACC_20158,497315.26,2026-01-10 18:03:18,SETTLEMENT,RTGS,Canara Bank,IN,0,NORMAL_BANKING_FLOW
TX_CANARA_113739,CANARA_ACC_20038,CANARA_ACC_20095,148360.53,2026-01-10 18:11:06,SETTLEMENT,RTGS,Canara Bank,IN,0,NORMAL_BANKING_FLOW
TX_CANARA_113740,CANARA_ACC_20204,CANARA_ACC_20166,25110.11,2026-01-10 16:46:20,SETTLEMENT,RTGS,Canara Bank,IN,0,NORMAL_BANKING_FLOW
TX_CANARA_113741,CANARA_ACC_20064,AXIS_ACC_20188,151404.05,2026-01-10 17:42:40,SETTLEMENT,NEFT,Canara Bank,IN,0,NORMAL_BANKING_FLOW
TX_CANARA_113742,CANARA_ACC_20056,CANARA_ACC_20070,60403.71,2026-01-10 17:08:09,SETTLEMENT,NEFT,Canara Bank,IN,0,NORMAL_BANKING_FLOW
TX_CANARA_113743,CANARA_ACC_20231,CANARA_ACC_20235,78287.31,2026-01-10 17:58:20,SETTLEMENT,NEFT,Canara Bank,IN,0,NORMAL_BANKING_FLOW
TX_CANARA_113744,CANARA_ACC_20176,CANARA_ACC_20120,46984.84,2026-01-10 17:52:01,SETTLEMENT,RTGS,Canara Bank,IN,0,NORMAL_BANKING_FLOW
TX_CANARA_113745,CANARA_ACC_20061,CANARA_ACC_20233,100977.72,2026-01-10 17:19:12,SETTLEMENT,NEFT,Canara Bank,IN,0,NORMAL_BANKING_FLOW
TX_CANARA_113746,CANARA_ACC_20067,CANARA_ACC_20002,89623.81,2026-01-10 17:07:40,SETTLEMENT,NEFT,Canara Bank,IN,0,NORMAL_BANKING_FLOW
TX_CANARA_113747,CANARA_ACC_20058,SBI_ACC_20139,15099.7,2026-01-10 16:58:24,SETTLEMENT,RTGS,Canara Bank,IN,0,NORMAL_BANKING_FLOW
TX_CANARA_113748,CANARA_ACC_20203,CANARA_ACC_20155,327820.64,2026-01-10 16:51:27,SETTLEMENT,RTGS,Canara Bank,IN,0,NORMAL_BANKING_FLOW
TX_CANARA_113749,CANARA_ACC_20164,CANARA_ACC_20125,1499019.61,2026-01-10 16:49:20,SETTLEMENT,NEFT,Canara Bank,IN,0,NORMAL_BANKING_FLOW
TX_CANARA_113750,CANARA_ACC_20146,CANARA_ACC_20203,298414.04,2026-01-10 17:31:53,SETTLEMENT,NEFT,Canara Bank,IN,0,NORMAL_BANKING_FLOW
TX_CANARA_113751,CANARA_ACC_20218,CANARA_ACC_20055,132863.3,2026-01-10 17:45:00,SETTLEMENT,NEFT,Canara Bank,IN,0,NORMAL_BANKING_FLOW
TX_CANARA_113752,CANARA_ACC_20189,KOTAK_ACC_20059,154084.06,2026-01-10 17:18:01,SETTLEMENT,RTGS,Canara Bank,IN,0,NORMAL_BANKING_FLOW
TX_CANARA_113753,CANARA_ACC_20077,YES_ACC_20248,106832.14,2026-01-10 16:45:36,SETTLEMENT,NEFT,Canara Bank,IN,0,NORMAL_BANKING_FLOW
TX_CANARA_113754,CANARA_ACC_20005,ICICI_ACC_20229,178089.51,2026-01-10 17:31:48,SETTLEMENT,RTGS,Canara Bank,IN,0,NORMAL_BANKING_FLOW
TX_CANARA_113755,CANARA_ACC_20135,CANARA_ACC_20143,156841.64,2026-01-10 17:14:26,SETTLEMENT,RTGS,Canara Bank,IN,0,NORMAL_BANKING_FLOW
TX_CANARA_113756,CANARA_ACC_20020,CANARA_ACC_20118,70189.33,2026-01-10 16:54:15,SETTLEMENT,RTGS,Canara Bank,IN,0,NORMAL_BANKING_FLOW
TX_CANARA_113757,CANARA_ACC_20226,CANARA_ACC_20131,875795.93,2026-01-10 18:25:36,SETTLEMENT,NEFT,Canara Bank,IN,0,NORMAL_BANKING_FLOW
TX_CANARA_113758,CANARA_ACC_20007,CANARA_ACC_20203,36785.01,2026-01-10 18:08:13,SETTLEMENT,RTGS,Canara Bank,IN,0,NORMAL_BANKING_FLOW
TX_CANARA_113759,CANARA_ACC_20031,CANARA_ACC_20058,333811.43,2026-01-10 17:03:12,SETTLEMENT,RTGS,Canara Bank,IN,0,NORMAL_BANKING_FLOW
TX_CANARA_113760,CANARA_ACC_20036,CANARA_ACC_20112,147090.36,2026-01-10 17:38:03,SETTLEMENT,NEFT,Canara Bank,IN,0,NORMAL_BANKING_FLOW
TX_CANARA_113761,CANARA_ACC_20054,BOB_ACC_20113,1089066.88,2026-01-10 18:08:00,SETTLEMENT,RTGS,Canara Bank,IN,0,NORMAL_BANKING_FLOW
TX_CANARA_113762,CANARA_ACC_20245,AXIS_ACC_20134,228859.74,2026-01-10 17:09:46,SETTLEMENT,NEFT,Canara Bank,IN,0,NORMAL_BANKING_FLOW
TX_CANARA_113763,CANARA_ACC_20192,CANARA_ACC_20015,113560.89,2026-01-10 17:18:18,SETTLEMENT,RTGS,Canara Bank,IN,0,NORMAL_BANKING_FLOW
TX_CANARA_113764,CANARA_ACC_20061,ICICI_ACC_20122,127044.51,2026-01-10 17:32:22,SETTLEMENT,RTGS,Canara Bank,IN,0,NORMAL_BANKING_FLOW
TX_CANARA_113765,CANARA_ACC_20040,CANARA_ACC_20088,169381.14,2026-01-10 18:41:16,SETTLEMENT,NEFT,Canara Bank,IN,0,NORMAL_BANKING_FLOW
TX_CANARA_113766,CANARA_ACC_20046,CANARA_ACC_20144,51907.02,2026-01-10 18:17:30,SETTLEMENT,NEFT,Canara Bank,IN,0,NORMAL_BANKING_FLOW
TX_CANARA_113767,CANARA_ACC_20184,HDFC_ACC_20007,75593.87,2026-01-10 16:49:48,SETTLEMENT,NEFT,Canara Bank,IN,0,NORMAL_BANKING_FLOW
TX_CANARA_113768,CANARA_ACC_20090,CANARA_ACC_20185,27311.31,2026-01-10 18:10:49,SETTLEMENT,NEFT,Canara Bank,IN,0,NORMAL_BANKING_FLOW
TX_CANARA_113769,CANARA_ACC_20209,CANARA_ACC_20174,64668.09,2026-01-10 18:17:12,SETTLEMENT,RTGS,Canara Bank,IN,0,NORMAL_BANKING_FLOW
TX_CANARA_113770,CANARA_ACC_20168,CANARA_ACC_20182,178779.14,2026-01-10 16:56:20,SETTLEMENT,NEFT,Canara Bank,IN,0,NORMAL_BANKING_FLOW
TX_CANARA_113771,CANARA_ACC_20124,CANARA_ACC_20215,219734.45,2026-01-10 17:13:40,SETTLEMENT,RTGS,Canara Bank,IN,0,NORMAL_BANKING_FLOW
TX_CANARA_113772,CANARA_ACC_20011,CANARA_ACC_20067,22486.5,2026-01-10 17:31:12,SETTLEMENT,RTGS,Canara Bank,IN,0,NORMAL_BANKING_FLOW
TX_CANARA_113773,CANARA_ACC_20023,CANARA_ACC_20242,141887.29,2026-01-10 18:43:24,SETTLEMENT,NEFT,Canara Bank,IN,0,NORMAL_BANKING_FLOW
TX_CANARA_113774,CANARA_ACC_20242,AXIS_ACC_20211,285903.59,2026-01-10 18:41:28,SETTLEMENT,RTGS,Canara Bank,IN,0,NORMAL_BANKING_FLOW
TX_CANARA_113775,CANARA_ACC_20009,CANARA_ACC_20227,138287.18,2026-01-10 17:09:36,SETTLEMENT,NEFT,Canara Bank,IN,0,NORMAL_BANKING_FLOW
TX_CANARA_113776,CANARA_ACC_20248,CANARA_ACC_20059,86354.08,2026-01-10 16:55:25,SETTLEMENT,RTGS,Canara Bank,IN,0,NORMAL_BANKING_FLOW
TX_CANARA_113777,CANARA_ACC_20112,CANARA_ACC_20186,107779.08,2026-01-10 17:22:08,SETTLEMENT,NEFT,Canara Bank,IN,0,NORMAL_BANKING_FLOW
TX_CANARA_113778,CANARA_ACC_20043,PNB_ACC_20082,94772.7,2026-01-10 17:28:30,SETTLEMENT,RTGS,Canara Bank,IN,0,NORMAL_BANKING_FLOW
TX_CANARA_113779,CANARA_ACC_20192,CANARA_ACC_20048,86100.41,2026-01-10 17:49:46,SETTLEMENT,RTGS,Canara Bank,IN,0,NORMAL_BANKING_FLOW
TX_CANARA_113780,CANARA_ACC_20030,HDFC_ACC_20218,193653.07,2026-01-10 17:38:27,SETTLEMENT,RTGS,Canara Bank,IN,0,NORMAL_BANKING_FLOW
TX_CANARA_113781,CANARA_ACC_20116,CANARA_ACC_20143,1635874.74,2026-01-10 18:48:00,SETTLEMENT,NEFT,Canara Bank,IN,0,NORMAL_BANKING_FLOW
TX_CANARA_113782,CANARA_ACC_20234,CANARA_ACC_20034,77365.8,2026-01-10 16:54:18,SETTLEMENT,RTGS,Canara Bank,IN,0,NORMAL_BANKING_FLOW
TX_CANARA_113783,CANARA_ACC_20165,AXIS_ACC_20158,118403.95,2026-01-10 17:12:48,SETTLEMENT,RTGS,Canara Bank,IN,0,NORMAL_BANKING_FLOW
TX_CANARA_113784,CANARA_ACC_20034,CANARA_ACC_20094,154554.5,2026-01-10 18:08:06,SETTLEMENT,NEFT,Canara Bank,IN,0,NORMAL_BANKING_FLOW
TX_CANARA_113785,CANARA_ACC_20066,CANARA_ACC_20000,81850.16,2026-01-10 19:00:56,SETTLEMENT,NEFT,Canara Bank,IN,0,NORMAL_BANKING_FLOW
TX_CANARA_113786,CANARA_ACC_20235,CANARA_ACC_20114,488080.58,2026-01-10 18:24:55,SETTLEMENT,RTGS,Canara Bank,IN,0,NORMAL_BANKING_FLOW
TX_CANARA_113787,CANARA_ACC_20115,CANARA_ACC_20105,15200.97,2026-01-10 17:39:12,SETTLEMENT,NEFT,Canara Bank,IN,0,NORMAL_BANKING_FLOW
TX_CANARA_113788,CANARA_ACC_20148,CANARA_ACC_20155,95696.87,2026-01-10 17:55:19,SETTLEMENT,RTGS,Canara Bank,IN,0,NORMAL_BANKING_FLOW
TX_CANARA_113789,CANARA_ACC_20004,CANARA_ACC_20223,368912.12,2026-01-10 17:15:12,SETTLEMENT,RTGS,Canara Bank,IN,0,NORMAL_BANKING_FLOW
TX_CANARA_113790,CANARA_ACC_20121,AXIS_ACC_20106,121285.88,2026-01-10 17:25:03,SETTLEMENT,RTGS,Canara Bank,IN,0,NORMAL_BANKING_FLOW
TX_CANARA_113791,CANARA_ACC_20051,CANARA_ACC_20243,71622.25,2026-01-10 17:44:30,SETTLEMENT,RTGS,Canara Bank,IN,0,NORMAL_BANKING_FLOW
TX_CANARA_113792,CANARA_ACC_20046,CANARA_ACC_20101,252901.85,2026-01-10 17:32:19,SETTLEMENT,RTGS,Canara Bank,IN,0,NORMAL_BANKING_FLOW
TX_CANARA_113793,CANARA_ACC_20015,CANARA_ACC_20014,402859.54,2026-01-10 17:36:00,SETTLEMENT,NEFT,Canara Bank,IN,0,NORMAL_BANKING_FLOW
TX_CANARA_113794,CANARA_ACC_20135,CANARA_ACC_20005,200914.65,2026-01-10 18:50:29,SETTLEMENT,RTGS,Canara Bank,IN,0,NORMAL_BANKING_FLOW
TX_CANARA_113795,CANARA_ACC_20192,INDUS_ACC_20055,73041.25,2026-01-10 17:40:14,SETTLEMENT,NEFT,Canara Bank,IN,0,NORMAL_BANKING_FLOW
TX_CANARA_113796,CANARA_ACC_20012,CANARA_ACC_20092,256838.64,2026-01-10 17:18:00,SETTLEMENT,NEFT,Canara Bank,IN,0,NORMAL_BANKING_FLOW
TX_CANARA_113797,CANARA_ACC_20127,CANARA_ACC_20067,108874.45,2026-01-10 19:12:44,SETTLEMENT,NEFT,Canara Bank,IN,0,NORMAL_BANKING_FLOW
TX_CANARA_113798,CANARA_ACC_20051,CANARA_ACC_20126,342897.51,2026-01-10 19:10:26,SETTLEMENT,NEFT,Canara Bank,IN,0,NORMAL_BANKING_FLOW
TX_CANARA_113799,CANARA_ACC_20036,CANARA_ACC_20004,717306.77,2026-01-10 17:35:42,SETTLEMENT,NEFT,Canara Bank,IN,0,NORMAL_BANKING_FLOW
TX_CANARA_113800,CANARA_ACC_20011,CANARA_ACC_20214,12021.15,2026-01-10 18:39:12,SETTLEMENT,NEFT,Canara Bank,IN,0,NORMAL_BANKING_FLOW
TX_CANARA_113801,CANARA_ACC_20206,CANARA_ACC_20000,181873.65,2026-01-10 18:36:40,SETTLEMENT,RTGS,Canara Bank,IN,0,NORMAL_BANKING_FLOW
TX_CANARA_113802,CANARA_ACC_20214,CANARA_ACC_20052,28688.91,2026-01-10 19:00:54,SETTLEMENT,NEFT,Canara Bank,IN,0,NORMAL_BANKING_FLOW
TX_CANARA_113803,CANARA_ACC_20156,CANARA_ACC_20177,1870635.15,2026-01-10 17:47:44,SETTLEMENT,RTGS,Canara Bank,IN,0,NORMAL_BANKING_FLOW
TX_CANARA_113804,CANARA_ACC_20206,AXIS_ACC_20093,101913.07,2026-01-10 18:15:20,SETTLEMENT,NEFT,Canara Bank,IN,0,NORMAL_BANKING_FLOW
TX_CANARA_113805,CANARA_ACC_20207,INDUS_ACC_20041,343304.55,2026-01-10 17:38:36,SETTLEMENT,RTGS,Canara Bank,IN,0,NORMAL_BANKING_FLOW
TX_CANARA_113806,CANARA_ACC_20074,CANARA_ACC_20206,157107.12,2026-01-10 17:11:45,SETTLEMENT,RTGS,Canara Bank,IN,0,NORMAL_BANKING_FLOW
TX_CANARA_113807,CANARA_ACC_20105,CANARA_ACC_20020,72905.21,2026-01-10 18:20:46,SETTLEMENT,NEFT,Canara Bank,IN,0,NORMAL_BANKING_FLOW
TX_CANARA_113808,CANARA_ACC_20211,CANARA_ACC_20040,64727.86,2026-01-10 18:45:36,SETTLEMENT,RTGS,Canara Bank,IN,0,NORMAL_BANKING_FLOW
TX_CANARA_113809,CANARA_ACC_20015,CANARA_ACC_20111,794667.58,2026-01-10 18:22:08,SETTLEMENT,RTGS,Canara Bank,IN,0,NORMAL_BANKING_FLOW
TX_CANARA_113810,CANARA_ACC_20105,CANARA_ACC_20056,423343.02,2026-01-10 17:06:11,SETTLEMENT,RTGS,Canara Bank,IN,0,NORMAL_BANKING_FLOW
TX_CANARA_113811,CANARA_ACC_20030,YES_ACC_20166,1136636.58,2026-01-10 17:31:00,SETTLEMENT,RTGS,Canara Bank,IN,0,NORMAL_BANKING_FLOW
TX_CANARA_113812,CANARA_ACC_20150,CANARA_ACC_20017,172035.02,2026-01-10 18:31:13,SETTLEMENT,RTGS,Canara Bank,IN,0,NORMAL_BANKING_FLOW
TX_CANARA_113813,CANARA_ACC_20122,SBI_ACC_20196,217057.94,2026-01-10 18:00:08,SETTLEMENT,NEFT,Canara Bank,IN,0,NORMAL_BANKING_FLOW
TX_CANARA_113814,CANARA_ACC_20228,CANARA_ACC_20246,124593.09,2026-01-10 17:53:36,SETTLEMENT,NEFT,Canara Bank,IN,0,NORMAL_BANKING_FLOW
TX_CANARA_113815,CANARA_ACC_20099,CANARA_ACC_20243,122139.34,2026-01-10 18:33:22,SETTLEMENT,RTGS,Canara Bank,IN,0,NORMAL_BANKING_FLOW
TX_CANARA_113816,CANARA_ACC_20178,CANARA_ACC_20117,57418.0,2026-01-10 18:37:40,SETTLEMENT,RTGS,Canara Bank,IN,0,NORMAL_BANKING_FLOW
TX_CANARA_113817,CANARA_ACC_20208,CANARA_ACC_20147,177018.62,2026-01-10 18:24:00,SETTLEMENT,NEFT,Canara Bank,IN,0,NORMAL_BANKING_FLOW
TX_CANARA_113818,CANARA_ACC_20012,AXIS_ACC_20009,73921.09,2026-01-10 18:28:17,SETTLEMENT,RTGS,Canara Bank,IN,0,NORMAL_BANKING_FLOW
TX_CANARA_113819,CANARA_ACC_20150,CANARA_ACC_20243,253193.4,2026-01-10 17:01:46,SETTLEMENT,RTGS,Canara Bank,IN,0,NORMAL_BANKING_FLOW
TX_CANARA_113820,CANARA_ACC_20055,CANARA_ACC_20211,192916.02,2026-01-10 17:34:54,SETTLEMENT,NEFT,Canara Bank,IN,0,NORMAL_BANKING_FLOW
TX_CANARA_113821,CANARA_ACC_20019,CANARA_ACC_20126,217006.38,2026-01-10 19:03:20,SETTLEMENT,RTGS,Canara Bank,IN,0,NORMAL_BANKING_FLOW
TX_CANARA_113822,CANARA_ACC_20093,AXIS_ACC_20159,869027.4,2026-01-10 17:43:08,SETTLEMENT,RTGS,Canara Bank,IN,0,NORMAL_BANKING_FLOW
TX_CANARA_113823,CANARA_ACC_20128,BOB_ACC_20229,156730.34,2026-01-10 17:36:12,SETTLEMENT,NEFT,Canara Bank,IN,0,NORMAL_BANKING_FLOW
TX_CANARA_113824,CANARA_ACC_20036,CANARA_ACC_20248,346877.51,2026-01-10 17:18:03,SETTLEMENT,RTGS,Canara Bank,IN,0,NORMAL_BANKING_FLOW
TX_CANARA_113825,CANARA_ACC_20112,CANARA_ACC_20190,1266172.93,2026-01-10 19:10:24,SETTLEMENT,RTGS,Canara Bank,IN,0,NORMAL_BANKING_FLOW
TX_CANARA_113826,CANARA_ACC_20012,CANARA_ACC_20176,601160.4,2026-01-10 19:37:30,SETTLEMENT,NEFT,Canara Bank,IN,0,NORMAL_BANKING_FLOW
TX_CANARA_113827,CANARA_ACC_20054,CANARA_ACC_20200,515642.87,2026-01-10 19:27:10,SETTLEMENT,RTGS,Canara Bank,IN,0,NORMAL_BANKING_FLOW
TX_CANARA_113828,CANARA_ACC_20206,SBI_ACC_20158,119768.0,2026-01-10 18:35:07,SETTLEMENT,RTGS,Canara Bank,IN,0,NORMAL_BANKING_FLOW
TX_CANARA_113829,CANARA_ACC_20173,CANARA_ACC_20194,204770.08,2026-01-10 18:05:24,SETTLEMENT,NEFT,Canara Bank,IN,0,NORMAL_BANKING_FLOW
TX_CANARA_113830,CANARA_ACC_20151,CANARA_ACC_20059,43552.56,2026-01-10 19:37:33,SETTLEMENT,RTGS,Canara Bank,IN,0,NORMAL_BANKING_FLOW
TX_CANARA_113831,CANARA_ACC_20239,HDFC_ACC_20099,268046.14,2026-01-10 19:34:40,SETTLEMENT,NEFT,Canara Bank,IN,0,NORMAL_BANKING_FLOW
TX_CANARA_113832,CANARA_ACC_20232,SBI_ACC_20139,214156.04,2026-01-10 18:37:51,SETTLEMENT,RTGS,Canara Bank,IN,0,NORMAL_BANKING_FLOW
TX_CANARA_113833,CANARA_ACC_20225,CANARA_ACC_20100,166605.68,2026-01-10 18:46:16,SETTLEMENT,RTGS,Canara Bank,IN,0,NORMAL_BANKING_FLOW
TX_CANARA_113834,CANARA_ACC_20098,CANARA_ACC_20207,454609.82,2026-01-10 19:10:17,SETTLEMENT,RTGS,Canara Bank,IN,0,NORMAL_BANKING_FLOW
TX_CANARA_113835,CANARA_ACC_20125,CANARA_ACC_20109,48641.15,2026-01-10 18:43:48,SETTLEMENT,RTGS,Canara Bank,IN,0,NORMAL_BANKING_FLOW
TX_CANARA_113836,CANARA_ACC_20098,CANARA_ACC_20095,834729.38,2026-01-10 17:53:35,SETTLEMENT,RTGS,Canara Bank,IN,0,NORMAL_BANKING_FLOW
TX_CANARA_113837,CANARA_ACC_20103,CANARA_ACC_20203,401019.24,2026-01-10 17:30:28,SETTLEMENT,RTGS,Canara Bank,IN,0,NORMAL_BANKING_FLOW
TX_CANARA_113838,CANARA_ACC_20002,CANARA_ACC_20167,151655.38,2026-01-10 18:49:51,SETTLEMENT,NEFT,Canara Bank,IN,0,NORMAL_BANKING_FLOW
TX_CANARA_113839,CANARA_ACC_20181,CANARA_ACC_20130,140262.43,2026-01-10 19:18:20,SETTLEMENT,NEFT,Canara Bank,IN,0,NORMAL_BANKING_FLOW
TX_CANARA_113840,CANARA_ACC_20146,CANARA_ACC_20016,263184.67,2026-01-10 17:55:31,SETTLEMENT,RTGS,Canara Bank,IN,0,NORMAL_BANKING_FLOW
TX_CANARA_113841,CANARA_ACC_20038,ICICI_ACC_20001,744785.27,2026-01-10 18:56:00,SETTLEMENT,NEFT,Canara Bank,IN,0,NORMAL_BANKING_FLOW
TX_CANARA_113842,CANARA_ACC_20003,YES_ACC_20218,180161.28,2026-01-10 19:44:56,SETTLEMENT,RTGS,Canara Bank,IN,0,NORMAL_BANKING_FLOW
TX_CANARA_113843,CANARA_ACC_20168,CANARA_ACC_20186,187968.73,2026-01-10 19:45:52,SETTLEMENT,RTGS,Canara Bank,IN,0,NORMAL_BANKING_FLOW
TX_CANARA_113844,CANARA_ACC_20031,ICICI_ACC_20095,165730.54,2026-01-10 19:18:27,SETTLEMENT,RTGS,Canara Bank,IN,0,NORMAL_BANKING_FLOW
TX_CANARA_113845,CANARA_ACC_20106,CANARA_ACC_20010,967068.02,2026-01-10 18:46:44,SETTLEMENT,RTGS,Canara Bank,IN,0,NORMAL_BANKING_FLOW
TX_CANARA_113846,CANARA_ACC_20000,CANARA_ACC_20237,112545.95,2026-01-10 17:42:05,SETTLEMENT,RTGS,Canara Bank,IN,0,NORMAL_BANKING_FLOW
TX_CANARA_113847,CANARA_ACC_20043,ICICI_ACC_20173,158022.45,2026-01-10 19:25:00,SETTLEMENT,NEFT,Canara Bank,IN,0,NORMAL_BANKING_FLOW
TX_CANARA_113848,CANARA_ACC_20099,CANARA_ACC_20249,703227.45,2026-01-10 18:19:58,SETTLEMENT,NEFT,Canara Bank,IN,0,NORMAL_BANKING_FLOW
TX_CANARA_113849,CANARA_ACC_20023,CANARA_ACC_20212,188529.7,2026-01-10 20:03:52,SETTLEMENT,NEFT,Canara Bank,IN,0,NORMAL_BANKING_FLOW
TX_CANARA_113850,CANARA_ACC_20101,CANARA_ACC_20046,507402.0,2026-01-10 18:37:42,SETTLEMENT,RTGS,Canara Bank,IN,0,NORMAL_BANKING_FLOW
TX_CANARA_113851,CANARA_ACC_20127,KOTAK_ACC_20232,65428.94,2026-01-10 18:46:40,SETTLEMENT,NEFT,Canara Bank,IN,0,NORMAL_BANKING_FLOW
TX_CANARA_113852,CANARA_ACC_20135,CANARA_ACC_20194,132548.97,2026-01-10 17:57:08,SETTLEMENT,RTGS,Canara Bank,IN,0,NORMAL_BANKING_FLOW
TX_CANARA_113853,CANARA_ACC_20248,CANARA_ACC_20133,718150.21,2026-01-10 19:34:12,SETTLEMENT,NEFT,Canara Bank,IN,0,NORMAL_BANKING_FLOW
TX_CANARA_113854,CANARA_ACC_20147,ICICI_ACC_20198,82756.7,2026-01-10 18:10:43,SETTLEMENT,NEFT,Canara Bank,IN,0,NORMAL_BANKING_FLOW
TX_CANARA_113855,CANARA_ACC_20019,CANARA_ACC_20197,139902.49,2026-01-10 18:49:20,SETTLEMENT,RTGS,Canara Bank,IN,0,NORMAL_BANKING_FLOW
TX_CANARA_113856,CANARA_ACC_20093,CANARA_ACC_20226,210383.06,2026-01-10 18:11:45,SETTLEMENT,RTGS,Canara Bank,IN,0,NORMAL_BANKING_FLOW
TX_CANARA_113857,CANARA_ACC_20053,BOB_ACC_20244,60527.04,2026-01-10 18:20:48,SETTLEMENT,NEFT,Canara Bank,IN,0,NORMAL_BANKING_FLOW
TX_CANARA_113858,CANARA_ACC_20173,CANARA_ACC_20228,107601.5,2026-01-10 18:12:47,SETTLEMENT,RTGS,Canara Bank,IN,0,NORMAL_BANKING_FLOW
TX_CANARA_113859,CANARA_ACC_20208,KOTAK_ACC_20119,182159.27,2026-01-10 19:09:12,SETTLEMENT,NEFT,Canara Bank,IN,0,NORMAL_BANKING_FLOW
TX_CANARA_113860,CANARA_ACC_20158,CANARA_ACC_20068,170532.6,2026-01-10 17:43:36,SETTLEMENT,NEFT,Canara Bank,IN,0,NORMAL_BANKING_FLOW
TX_CANARA_113861,CANARA_ACC_20206,CANARA_ACC_20244,585576.45,2026-01-10 18:49:00,SETTLEMENT,RTGS,Canara Bank,IN,0,NORMAL_BANKING_FLOW
TX_CANARA_113862,CANARA_ACC_20152,YES_ACC_20028,760291.5,2026-01-10 18:58:21,SETTLEMENT,RTGS,Canara Bank,IN,0,NORMAL_BANKING_FLOW
TX_CANARA_113863,CANARA_ACC_20239,CANARA_ACC_20109,69141.83,2026-01-10 19:25:14,SETTLEMENT,RTGS,Canara Bank,IN,0,NORMAL_BANKING_FLOW
TX_CANARA_113864,CANARA_ACC_20125,CANARA_ACC_20183,181910.21,2026-01-10 18:59:43,SETTLEMENT,RTGS,Canara Bank,IN,0,NORMAL_BANKING_FLOW
TX_CANARA_113865,CANARA_ACC_20011,CANARA_ACC_20021,319415.59,2026-01-10 17:36:48,SETTLEMENT,RTGS,Canara Bank,IN,0,NORMAL_BANKING_FLOW
TX_CANARA_113866,CANARA_ACC_20120,CANARA_ACC_20242,741438.48,2026-01-10 19:09:55,SETTLEMENT,RTGS,Canara Bank,IN,0,NORMAL_BANKING_FLOW
TX_CANARA_113867,CANARA_ACC_20045,CANARA_ACC_20006,333864.43,2026-01-10 20:12:42,SETTLEMENT,NEFT,Canara Bank,IN,0,NORMAL_BANKING_FLOW
TX_CANARA_113868,CANARA_ACC_20176,KOTAK_ACC_20197,217708.74,2026-01-10 20:09:12,SETTLEMENT,RTGS,Canara Bank,IN,0,NORMAL_BANKING_FLOW
TX_CANARA_113869,CANARA_ACC_20042,CANARA_ACC_20088,316963.7,2026-01-10 17:42:44,SETTLEMENT,NEFT,Canara Bank,IN,0,NORMAL_BANKING_FLOW
TX_CANARA_113870,CANARA_ACC_20007,CANARA_ACC_20026,319262.47,2026-01-10 18:36:55,SETTLEMENT,NEFT,Canara Bank,IN,0,NORMAL_BANKING_FLOW
TX_CANARA_113871,CANARA_ACC_20248,CANARA_ACC_20180,64362.45,2026-01-10 17:52:30,SETTLEMENT,RTGS,Canara Bank,IN,0,NORMAL_BANKING_FLOW
TX_CANARA_113872,CANARA_ACC_20160,CANARA_ACC_20190,197362.77,2026-01-10 19:00:40,SETTLEMENT,NEFT,Canara Bank,IN,0,NORMAL_BANKING_FLOW
TX_CANARA_113873,CANARA_ACC_20066,SBI_ACC_20147,700227.8,2026-01-10 17:12:32,SETTLEMENT,NEFT,Canara Bank,IN,0,NORMAL_BANKING_FLOW
TX_CANARA_113874,CANARA_ACC_20226,CANARA_ACC_20201,132275.64,2026-01-10 18:21:03,SETTLEMENT,NEFT,Canara Bank,IN,0,NORMAL_BANKING_FLOW
TX_CANARA_113875,CANARA_ACC_20089,CANARA_ACC_20178,185247.24,2026-01-10 19:02:40,SETTLEMENT,NEFT,Canara Bank,IN,0,NORMAL_BANKING_FLOW
TX_CANARA_113876,CANARA_ACC_20198,CANARA_ACC_20106,127705.68,2026-01-10 18:40:25,SETTLEMENT,NEFT,Canara Bank,IN,0,NORMAL_BANKING_FLOW
TX_CANARA_113877,CANARA_ACC_20056,CANARA_ACC_20218,16093.01,2026-01-10 20:36:00,SETTLEMENT,RTGS,Canara Bank,IN,0,NORMAL_BANKING_FLOW
TX_CANARA_113878,CANARA_ACC_20006,ICICI_ACC_20104,166140.68,2026-01-10 20:04:41,SETTLEMENT,RTGS,Canara Bank,IN,0,NORMAL_BANKING_FLOW
TX_CANARA_113879,CANARA_ACC_20157,PNB_ACC_20173,220090.02,2026-01-10 17:51:12,SETTLEMENT,RTGS,Canara Bank,IN,0,NORMAL_BANKING_FLOW
TX_CANARA_113880,CANARA_ACC_20247,AXIS_ACC_20182,97490.15,2026-01-10 19:33:54,SETTLEMENT,NEFT,Canara Bank,IN,0,NORMAL_BANKING_FLOW
TX_CANARA_113881,CANARA_ACC_20050,INDUS_ACC_20025,51295.74,2026-01-10 17:38:00,SETTLEMENT,NEFT,Canara Bank,IN,0,NORMAL_BANKING_FLOW
TX_CANARA_113882,CANARA_ACC_20045,CANARA_ACC_20243,67466.98,2026-01-10 18:39:14,SETTLEMENT,NEFT,Canara Bank,IN,0,NORMAL_BANKING_FLOW
TX_CANARA_113883,CANARA_ACC_20147,CANARA_ACC_20115,349475.11,2026-01-10 18:58:36,SETTLEMENT,RTGS,Canara Bank,IN,0,NORMAL_BANKING_FLOW
TX_CANARA_113884,CANARA_ACC_20149,SBI_ACC_20106,1170012.25,2026-01-10 17:20:11,SETTLEMENT,RTGS,Canara Bank,IN,0,NORMAL_BANKING_FLOW
TX_CANARA_113885,CANARA_ACC_20189,CANARA_ACC_20141,648510.41,2026-01-10 20:10:52,SETTLEMENT,RTGS,Canara Bank,IN,0,NORMAL_BANKING_FLOW
TX_CANARA_113886,CANARA_ACC_20201,HDFC_ACC_20015,42431.83,2026-01-10 20:02:15,SETTLEMENT,NEFT,Canara Bank,IN,0,NORMAL_BANKING_FLOW
TX_CANARA_113887,CANARA_ACC_20015,CANARA_ACC_20169,382554.85,2026-01-10 18:27:46,SETTLEMENT,NEFT,Canara Bank,IN,0,NORMAL_BANKING_FLOW
TX_CANARA_113888,CANARA_ACC_20108,CANARA_ACC_20139,83854.43,2026-01-10 17:40:27,SETTLEMENT,NEFT,Canara Bank,IN,0,NORMAL_BANKING_FLOW
TX_CANARA_113889,CANARA_ACC_20245,CANARA_ACC_20136,90919.79,2026-01-10 20:19:12,SETTLEMENT,NEFT,Canara Bank,IN,0,NORMAL_BANKING_FLOW
TX_CANARA_113890,CANARA_ACC_20080,CANARA_ACC_20006,102541.66,2026-01-10 19:51:12,SETTLEMENT,RTGS,Canara Bank,IN,0,NORMAL_BANKING_FLOW
TX_CANARA_113891,CANARA_ACC_20036,CANARA_ACC_20118,329742.38,2026-01-10 18:10:30,SETTLEMENT,RTGS,Canara Bank,IN,0,NORMAL_BANKING_FLOW
TX_CANARA_113892,CANARA_ACC_20009,CANARA_ACC_20247,424748.87,2026-01-10 19:38:15,SETTLEMENT,RTGS,Canara Bank,IN,0,NORMAL_BANKING_FLOW
TX_CANARA_113893,CANARA_ACC_20127,CANARA_ACC_20185,147556.87,2026-01-10 20:37:24,SETTLEMENT,RTGS,Canara Bank,IN,0,NORMAL_BANKING_FLOW
TX_CANARA_113894,CANARA_ACC_20213,CANARA_ACC_20054,150080.82,2026-01-10 20:48:07,SETTLEMENT,RTGS,Canara Bank,IN,0,NORMAL_BANKING_FLOW
TX_CANARA_113895,CANARA_ACC_20214,CANARA_ACC_20164,258917.24,2026-01-10 18:31:54,SETTLEMENT,RTGS,Canara Bank,IN,0,NORMAL_BANKING_FLOW
TX_CANARA_113896,CANARA_ACC_20190,YES_ACC_20051,287217.35,2026-01-10 17:28:30,SETTLEMENT,NEFT,Canara Bank,IN,0,NORMAL_BANKING_FLOW
TX_CANARA_113897,CANARA_ACC_20000,KOTAK_ACC_20231,527669.65,2026-01-10 18:23:04,SETTLEMENT,RTGS,Canara Bank,IN,0,NORMAL_BANKING_FLOW
TX_CANARA_113898,CANARA_ACC_20244,ICICI_ACC_20167,45054.49,2026-01-10 17:39:00,SETTLEMENT,NEFT,Canara Bank,IN,0,NORMAL_BANKING_FLOW
TX_CANARA_113899,CANARA_ACC_20175,CANARA_ACC_20156,166047.2,2026-01-10 20:53:02,SETTLEMENT,NEFT,Canara Bank,IN,0,NORMAL_BANKING_FLOW
TX_CANARA_113900,CANARA_ACC_20031,KOTAK_ACC_20196,55936.68,2026-01-10 18:49:26,SETTLEMENT,RTGS,Canara Bank,IN,0,NORMAL_BANKING_FLOW
TX_CANARA_113901,CANARA_ACC_20208,CANARA_ACC_20003,154671.33,2026-01-10 17:55:00,SETTLEMENT,RTGS,Canara Bank,IN,0,NORMAL_BANKING_FLOW
TX_CANARA_113902,CANARA_ACC_20178,BOB_ACC_20099,129809.69,2026-01-10 17:25:17,SETTLEMENT,RTGS,Canara Bank,IN,0,NORMAL_BANKING_FLOW
TX_CANARA_113903,CANARA_ACC_20044,CANARA_ACC_20178,155321.21,2026-01-10 19:11:16,SETTLEMENT,RTGS,Canara Bank,IN,0,NORMAL_BANKING_FLOW
TX_CANARA_113904,CANARA_ACC_20066,CANARA_ACC_20135,73149.25,2026-01-10 18:16:21,SETTLEMENT,RTGS,Canara Bank,IN,0,NORMAL_BANKING_FLOW
TX_CANARA_113905,CANARA_ACC_20076,HDFC_ACC_20016,36780.03,2026-01-10 17:36:16,SETTLEMENT,RTGS,Canara Bank,IN,0,NORMAL_BANKING_FLOW
TX_CANARA_113906,CANARA_ACC_20072,CANARA_ACC_20081,20041.54,2026-01-10 18:47:45,SETTLEMENT,NEFT,Canara Bank,IN,0,NORMAL_BANKING_FLOW
TX_CANARA_113907,CANARA_ACC_20179,CANARA_ACC_20182,142745.68,2026-01-10 19:54:36,SETTLEMENT,NEFT,Canara Bank,IN,0,NORMAL_BANKING_FLOW
TX_CANARA_113908,CANARA_ACC_20085,HDFC_ACC_20116,105767.53,2026-01-10 20:41:25,SETTLEMENT,NEFT,Canara Bank,IN,0,NORMAL_BANKING_FLOW
TX_CANARA_113909,CANARA_ACC_20045,CANARA_ACC_20038,82789.98,2026-01-10 18:18:36,SETTLEMENT,RTGS,Canara Bank,IN,0,NORMAL_BANKING_FLOW
TX_CANARA_113910,CANARA_ACC_20117,CANARA_ACC_20039,610814.42,2026-01-10 17:53:18,SETTLEMENT,RTGS,Canara Bank,IN,0,NORMAL_BANKING_FLOW
TX_CANARA_113911,CANARA_ACC_20207,CANARA_ACC_20102,68910.36,2026-01-10 18:40:10,SETTLEMENT,RTGS,Canara Bank,IN,0,NORMAL_BANKING_FLOW
TX_CANARA_113912,CANARA_ACC_20012,CANARA_ACC_20163,671207.82,2026-01-10 17:54:02,SETTLEMENT,RTGS,Canara Bank,IN,0,NORMAL_BANKING_FLOW
TX_CANARA_113913,CANARA_ACC_20009,CANARA_ACC_20086,825581.9,2026-01-10 21:12:00,SETTLEMENT,NEFT,Canara Bank,IN,0,NORMAL_BANKING_FLOW
TX_CANARA_113914,CANARA_ACC_20069,CANARA_ACC_20115,23134.95,2026-01-10 19:23:27,SETTLEMENT,RTGS,Canara Bank,IN,0,NORMAL_BANKING_FLOW
TX_CANARA_113915,CANARA_ACC_20069,CANARA_ACC_20145,178506.71,2026-01-10 18:05:36,SETTLEMENT,RTGS,Canara Bank,IN,0,NORMAL_BANKING_FLOW
TX_CANARA_113916,CANARA_ACC_20067,CANARA_ACC_20199,109130.92,2026-01-10 20:01:30,SETTLEMENT,RTGS,Canara Bank,IN,0,NORMAL_BANKING_FLOW
TX_CANARA_113917,CANARA_ACC_20183,HDFC_ACC_20205,8850.21,2026-01-10 18:16:56,SETTLEMENT,NEFT,Canara Bank,IN,0,NORMAL_BANKING_FLOW
TX_CANARA_113918,CANARA_ACC_20233,ICICI_ACC_20033,38382.57,2026-01-10 19:04:55,SETTLEMENT,RTGS,Canara Bank,IN,0,NORMAL_BANKING_FLOW
TX_CANARA_113919,CANARA_ACC_20011,CANARA_ACC_20038,353251.7,2026-01-10 20:46:12,SETTLEMENT,RTGS,Canara Bank,IN,0,NORMAL_BANKING_FLOW
TX_CANARA_113920,CANARA_ACC_20052,SBI_ACC_20064,1225916.46,2026-01-10 17:41:01,SETTLEMENT,RTGS,Canara Bank,IN,0,NORMAL_BANKING_FLOW
TX_CANARA_113921,CANARA_ACC_20179,CANARA_ACC_20165,401385.72,2026-01-10 21:04:00,SETTLEMENT,NEFT,Canara Bank,IN,0,NORMAL_BANKING_FLOW
TX_CANARA_113922,CANARA_ACC_20004,CANARA_ACC_20159,224949.78,2026-01-10 20:11:27,SETTLEMENT,NEFT,Canara Bank,IN,0,NORMAL_BANKING_FLOW
TX_CANARA_113923,CANARA_ACC_20105,CANARA_ACC_20118,159319.61,2026-01-10 19:02:28,SETTLEMENT,NEFT,Canara Bank,IN,0,NORMAL_BANKING_FLOW
TX_CANARA_113924,CANARA_ACC_20085,CANARA_ACC_20147,875598.49,2026-01-10 18:25:21,SETTLEMENT,RTGS,Canara Bank,IN,0,NORMAL_BANKING_FLOW
TX_CANARA_113925,CANARA_ACC_20157,CANARA_ACC_20176,1394768.77,2026-01-10 19:25:12,SETTLEMENT,RTGS,Canara Bank,IN,0,NORMAL_BANKING_FLOW
TX_CANARA_113926,CANARA_ACC_20085,CANARA_ACC_20099,90504.72,2026-01-10 18:10:00,SETTLEMENT,RTGS,Canara Bank,IN,0,NORMAL_BANKING_FLOW
TX_CANARA_113927,CANARA_ACC_20061,CANARA_ACC_20232,22026.76,2026-01-10 20:09:56,SETTLEMENT,RTGS,Canara Bank,IN,0,NORMAL_BANKING_FLOW
TX_CANARA_113928,CANARA_ACC_20039,CANARA_ACC_20109,19966.53,2026-01-10 17:32:39,SETTLEMENT,RTGS,Canara Bank,IN,0,NORMAL_BANKING_FLOW
TX_CANARA_113929,CANARA_ACC_20183,CANARA_ACC_20238,610406.86,2026-01-10 18:27:36,SETTLEMENT,RTGS,Canara Bank,IN,0,NORMAL_BANKING_FLOW
TX_CANARA_113930,CANARA_ACC_20199,INDUS_ACC_20234,155273.21,2026-01-10 19:55:47,SETTLEMENT,RTGS,Canara Bank,IN,0,NORMAL_BANKING_FLOW
TX_CANARA_113931,CANARA_ACC_20215,CANARA_ACC_20240,195485.58,2026-01-10 17:55:30,SETTLEMENT,NEFT,Canara Bank,IN,0,NORMAL_BANKING_FLOW
TX_CANARA_113932,CANARA_ACC_20228,CANARA_ACC_20081,27155.88,2026-01-10 19:46:11,SETTLEMENT,RTGS,Canara Bank,IN,0,NORMAL_BANKING_FLOW
TX_CANARA_113933,CANARA_ACC_20026,CANARA_ACC_20211,76635.15,2026-01-10 18:18:20,SETTLEMENT,RTGS,Canara Bank,IN,0,NORMAL_BANKING_FLOW
TX_CANARA_113934,CANARA_ACC_20054,CANARA_ACC_20220,121117.83,2026-01-10 20:54:09,SETTLEMENT,RTGS,Canara Bank,IN,0,NORMAL_BANKING_FLOW
TX_CANARA_113935,CANARA_ACC_20207,CANARA_ACC_20183,200353.46,2026-01-10 18:02:28,SETTLEMENT,NEFT,Canara Bank,IN,0,NORMAL_BANKING_FLOW
TX_CANARA_113936,CANARA_ACC_20157,CANARA_ACC_20026,109251.51,2026-01-10 20:39:10,SETTLEMENT,RTGS,Canara Bank,IN,0,NORMAL_BANKING_FLOW
TX_CANARA_113937,CANARA_ACC_20029,ICICI_ACC_20155,57680.46,2026-01-10 18:36:48,SETTLEMENT,NEFT,Canara Bank,IN,0,NORMAL_BANKING_FLOW
TX_CANARA_113938,CANARA_ACC_20175,HDFC_ACC_20002,74267.82,2026-01-10 18:14:48,SETTLEMENT,RTGS,Canara Bank,IN,0,NORMAL_BANKING_FLOW
TX_CANARA_113939,CANARA_ACC_20054,CANARA_ACC_20172,544881.32,2026-01-10 19:00:16,SETTLEMENT,NEFT,Canara Bank,IN,0,NORMAL_BANKING_FLOW
TX_CANARA_113940,CANARA_ACC_20064,CANARA_ACC_20103,207894.21,2026-01-10 19:17:45,SETTLEMENT,RTGS,Canara Bank,IN,0,NORMAL_BANKING_FLOW
TX_CANARA_113941,CANARA_ACC_20091,CANARA_ACC_20090,300185.77,2026-01-10 19:18:20,SETTLEMENT,RTGS,Canara Bank,IN,0,NORMAL_BANKING_FLOW
TX_CANARA_113942,CANARA_ACC_20082,CANARA_ACC_20139,66245.72,2026-01-10 17:36:37,SETTLEMENT,RTGS,Canara Bank,IN,0,NORMAL_BANKING_FLOW
TX_CANARA_113943,CANARA_ACC_20153,CANARA_ACC_20211,8486.03,2026-01-10 20:33:36,SETTLEMENT,RTGS,Canara Bank,IN,0,NORMAL_BANKING_FLOW
TX_CANARA_113944,CANARA_ACC_20219,CANARA_ACC_20146,96461.16,2026-01-10 21:14:25,SETTLEMENT,RTGS,Canara Bank,IN,0,NORMAL_BANKING_FLOW
TX_CANARA_113945,CANARA_ACC_20148,YES_ACC_20131,68420.61,2026-01-10 17:43:12,SETTLEMENT,NEFT,Canara Bank,IN,0,NORMAL_BANKING_FLOW
TX_CANARA_113946,CANARA_ACC_20155,CANARA_ACC_20073,230732.03,2026-01-10 20:36:00,SETTLEMENT,RTGS,Canara Bank,IN,0,NORMAL_BANKING_FLOW
TX_CANARA_113947,CANARA_ACC_20139,KOTAK_ACC_20196,4350162.3,2026-01-10 21:11:24,SETTLEMENT,RTGS,Canara Bank,IN,0,NORMAL_BANKING_FLOW
TX_CANARA_113948,CANARA_ACC_20101,CANARA_ACC_20202,326167.4,2026-01-10 19:05:04,SETTLEMENT,RTGS,Canara Bank,IN,0,NORMAL_BANKING_FLOW
TX_CANARA_113949,CANARA_ACC_20238,CANARA_ACC_20162,2510418.82,2026-01-10 19:46:12,SETTLEMENT,RTGS,Canara Bank,IN,0,NORMAL_BANKING_FLOW
TX_CANARA_113950,CANARA_ACC_20012,CANARA_ACC_20165,287440.08,2026-01-10 19:41:02,SETTLEMENT,RTGS,Canara Bank,IN,0,NORMAL_BANKING_FLOW
TX_CANARA_113951,CANARA_ACC_20144,CANARA_ACC_20159,86691.73,2026-01-10 18:14:10,SETTLEMENT,NEFT,Canara Bank,IN,0,NORMAL_BANKING_FLOW
TX_CANARA_113952,CANARA_ACC_20000,YES_ACC_20119,230479.24,2026-01-10 17:33:36,SETTLEMENT,NEFT,Canara Bank,IN,0,NORMAL_BANKING_FLOW
TX_CANARA_113953,CANARA_ACC_20136,BOB_ACC_20225,965729.06,2026-01-10 20:29:52,SETTLEMENT,NEFT,Canara Bank,IN,0,NORMAL_BANKING_FLOW
TX_CANARA_113954,CANARA_ACC_20005,CANARA_ACC_20149,1014151.23,2026-01-10 17:57:40,SETTLEMENT,NEFT,Canara Bank,IN,0,NORMAL_BANKING_FLOW
TX_CANARA_113955,CANARA_ACC_20244,CANARA_ACC_20232,91552.02,2026-01-10 18:51:06,SETTLEMENT,NEFT,Canara Bank,IN,0,NORMAL_BANKING_FLOW
TX_CANARA_113956,CANARA_ACC_20088,CANARA_ACC_20127,209647.68,2026-01-10 20:20:20,SETTLEMENT,NEFT,Canara Bank,IN,0,NORMAL_BANKING_FLOW
TX_CANARA_113957,CANARA_ACC_20059,CANARA_ACC_20025,38977.24,2026-01-10 21:08:32,SETTLEMENT,NEFT,Canara Bank,IN,0,NORMAL_BANKING_FLOW
TX_CANARA_113958,CANARA_ACC_20239,YES_ACC_20150,371263.98,2026-01-10 21:57:00,SETTLEMENT,RTGS,Canara Bank,IN,0,NORMAL_BANKING_FLOW
TX_CANARA_113959,CANARA_ACC_20057,CANARA_ACC_20056,769391.1,2026-01-10 21:28:10,SETTLEMENT,NEFT,Canara Bank,IN,0,NORMAL_BANKING_FLOW
TX_CANARA_113960,CANARA_ACC_20091,CANARA_ACC_20144,169362.97,2026-01-10 18:59:30,SETTLEMENT,NEFT,Canara Bank,IN,0,NORMAL_BANKING_FLOW
TX_CANARA_113961,CANARA_ACC_20197,CANARA_ACC_20176,83501.17,2026-01-10 20:42:00,SETTLEMENT,RTGS,Canara Bank,IN,0,NORMAL_BANKING_FLOW
TX_CANARA_113962,CANARA_ACC_20020,CANARA_ACC_20125,233311.78,2026-01-10 17:36:16,SETTLEMENT,NEFT,Canara Bank,IN,0,NORMAL_BANKING_FLOW
TX_CANARA_113963,CANARA_ACC_20024,CANARA_ACC_20212,247077.92,2026-01-10 19:13:04,SETTLEMENT,NEFT,Canara Bank,IN,0,NORMAL_BANKING_FLOW
TX_CANARA_113964,CANARA_ACC_20215,PNB_ACC_20077,176511.95,2026-01-10 18:13:06,SETTLEMENT,NEFT,Canara Bank,IN,0,NORMAL_BANKING_FLOW
TX_CANARA_113965,CANARA_ACC_20165,PNB_ACC_20003,194602.66,2026-01-10 21:39:44,SETTLEMENT,NEFT,Canara Bank,IN,0,NORMAL_BANKING_FLOW
TX_CANARA_113966,CANARA_ACC_20193,CANARA_ACC_20018,136787.67,2026-01-10 18:26:00,SETTLEMENT,RTGS,Canara Bank,IN,0,NORMAL_BANKING_FLOW
TX_CANARA_113967,CANARA_ACC_20018,CANARA_ACC_20137,440627.41,2026-01-10 17:37:36,SETTLEMENT,RTGS,Canara Bank,IN,0,NORMAL_BANKING_FLOW
TX_CANARA_113968,CANARA_ACC_20126,CANARA_ACC_20228,339839.06,2026-01-10 18:02:20,SETTLEMENT,RTGS,Canara Bank,IN,0,NORMAL_BANKING_FLOW
TX_CANARA_113969,CANARA_ACC_20148,YES_ACC_20059,60894.42,2026-01-10 20:36:00,SETTLEMENT,RTGS,Canara Bank,IN,0,NORMAL_BANKING_FLOW
TX_CANARA_113970,CANARA_ACC_20162,CANARA_ACC_20241,59243.38,2026-01-10 17:32:15,SETTLEMENT,RTGS,Canara Bank,IN,0,NORMAL_BANKING_FLOW
TX_CANARA_113971,CANARA_ACC_20162,INDUS_ACC_20002,126200.3,2026-01-10 18:09:30,SETTLEMENT,RTGS,Canara Bank,IN,0,NORMAL_BANKING_FLOW
TX_CANARA_113972,CANARA_ACC_20126,CANARA_ACC_20078,340046.32,2026-01-10 20:25:53,SETTLEMENT,NEFT,Canara Bank,IN,0,NORMAL_BANKING_FLOW
TX_CANARA_113973,CANARA_ACC_20045,KOTAK_ACC_20002,188727.11,2026-01-10 17:45:24,SETTLEMENT,NEFT,Canara Bank,IN,0,NORMAL_BANKING_FLOW
TX_CANARA_113974,CANARA_ACC_20005,CANARA_ACC_20020,85549.43,2026-01-10 19:25:09,SETTLEMENT,NEFT,Canara Bank,IN,0,NORMAL_BANKING_FLOW
TX_CANARA_113975,CANARA_ACC_20244,CANARA_ACC_20181,211402.38,2026-01-10 20:28:02,SETTLEMENT,RTGS,Canara Bank,IN,0,NORMAL_BANKING_FLOW
TX_CANARA_113976,CANARA_ACC_20052,KOTAK_ACC_20051,116913.48,2026-01-10 21:43:45,SETTLEMENT,RTGS,Canara Bank,IN,0,NORMAL_BANKING_FLOW
TX_CANARA_113977,CANARA_ACC_20086,CANARA_ACC_20008,392576.41,2026-01-10 20:10:40,SETTLEMENT,NEFT,Canara Bank,IN,0,NORMAL_BANKING_FLOW
TX_CANARA_113978,CANARA_ACC_20004,CANARA_ACC_20022,227080.18,2026-01-10 18:05:40,SETTLEMENT,NEFT,Canara Bank,IN,0,NORMAL_BANKING_FLOW
TX_CANARA_113979,CANARA_ACC_20111,CANARA_ACC_20108,118743.6,2026-01-10 18:37:30,SETTLEMENT,RTGS,Canara Bank,IN,0,NORMAL_BANKING_FLOW
TX_CANARA_113980,CANARA_ACC_20088,CANARA_ACC_20103,205154.53,2026-01-10 20:25:18,SETTLEMENT,RTGS,Canara Bank,IN,0,NORMAL_BANKING_FLOW
TX_CANARA_113981,CANARA_ACC_20208,CANARA_ACC_20171,606250.21,2026-01-10 21:42:00,SETTLEMENT,RTGS,Canara Bank,IN,0,NORMAL_BANKING_FLOW
TX_CANARA_113982,CANARA_ACC_20052,ICICI_ACC_20008,92076.03,2026-01-10 18:51:27,SETTLEMENT,NEFT,Canara Bank,IN,0,NORMAL_BANKING_FLOW
TX_CANARA_113983,CANARA_ACC_20190,CANARA_ACC_20129,243447.59,2026-01-10 21:24:42,SETTLEMENT,NEFT,Canara Bank,IN,0,NORMAL_BANKING_FLOW
TX_CANARA_113984,CANARA_ACC_20226,CANARA_ACC_20148,151681.72,2026-01-10 19:56:11,SETTLEMENT,NEFT,Canara Bank,IN,0,NORMAL_BANKING_FLOW
TX_CANARA_113985,CANARA_ACC_20176,CANARA_ACC_20243,249442.49,2026-01-10 22:04:48,SETTLEMENT,RTGS,Canara Bank,IN,0,NORMAL_BANKING_FLOW
TX_CANARA_113986,CANARA_ACC_20077,CANARA_ACC_20238,84578.47,2026-01-10 17:49:05,SETTLEMENT,NEFT,Canara Bank,IN,0,NORMAL_BANKING_FLOW
TX_CANARA_113987,CANARA_ACC_20246,CANARA_ACC_20160,181740.56,2026-01-10 21:02:22,SETTLEMENT,RTGS,Canara Bank,IN,0,NORMAL_BANKING_FLOW
TX_CANARA_113988,CANARA_ACC_20178,ICICI_ACC_20068,492782.55,2026-01-10 22:27:00,SETTLEMENT,NEFT,Canara Bank,IN,0,NORMAL_BANKING_FLOW
TX_CANARA_113989,CANARA_ACC_20199,CANARA_ACC_20078,63767.12,2026-01-10 20:12:12,SETTLEMENT,RTGS,Canara Bank,IN,0,NORMAL_BANKING_FLOW
TX_CANARA_113990,CANARA_ACC_20071,CANARA_ACC_20198,43070.56,2026-01-10 22:22:31,SETTLEMENT,RTGS,Canara Bank,IN,0,NORMAL_BANKING_FLOW
TX_CANARA_113991,CANARA_ACC_20132,AXIS_ACC_20036,44736.47,2026-01-10 17:44:00,SETTLEMENT,RTGS,Canara Bank,IN,0,NORMAL_BANKING_FLOW
TX_CANARA_113992,CANARA_ACC_20159,CANARA_ACC_20146,50480.25,2026-01-10 19:22:01,SETTLEMENT,RTGS,Canara Bank,IN,0,NORMAL_BANKING_FLOW
TX_CANARA_113993,CANARA_ACC_20184,CANARA_ACC_20183,295174.88,2026-01-10 20:34:24,SETTLEMENT,RTGS,Canara Bank,IN,0,NORMAL_BANKING_FLOW
TX_CANARA_113994,CANARA_ACC_20210,CANARA_ACC_20243,39900.35,2026-01-10 22:13:21,SETTLEMENT,NEFT,Canara Bank,IN,0,NORMAL_BANKING_FLOW
TX_CANARA_113995,CANARA_ACC_20040,CANARA_ACC_20227,120825.74,2026-01-10 18:37:36,SETTLEMENT,NEFT,Canara Bank,IN,0,NORMAL_BANKING_FLOW
TX_CANARA_113996,CANARA_ACC_20042,CANARA_ACC_20167,302032.32,2026-01-10 21:42:20,SETTLEMENT,RTGS,Canara Bank,IN,0,NORMAL_BANKING_FLOW
TX_CANARA_113997,CANARA_ACC_20035,CANARA_ACC_20001,246880.34,2026-01-10 18:12:00,SETTLEMENT,NEFT,Canara Bank,IN,0,NORMAL_BANKING_FLOW
TX_CANARA_113998,CANARA_ACC_20103,CANARA_ACC_20166,110684.71,2026-01-10 20:24:40,SETTLEMENT,NEFT,Canara Bank,IN,0,NORMAL_BANKING_FLOW
TX_CANARA_113999,CANARA_ACC_20091,CANARA_ACC_20209,196993.05,2026-01-10 19:38:54,SETTLEMENT,NEFT,Canara Bank,IN,0,NORMAL_BANKING_FLOW
TX_CANARA_114000,CANARA_ACC_20064,SBI_ACC_20236,181161.71,2026-01-10 18:39:36,SETTLEMENT,RTGS,Canara Bank,IN,0,NORMAL_BANKING_FLOW
TX_CANARA_114001,CANARA_ACC_20104,CANARA_ACC_20171,130061.03,2026-01-10 20:13:20,SETTLEMENT,RTGS,Canara Bank,IN,0,NORMAL_BANKING_FLOW
TX_CANARA_114002,CANARA_ACC_20021,INDUS_ACC_20188,131816.39,2026-01-10 21:20:48,SETTLEMENT,NEFT,Canara Bank,IN,0,NORMAL_BANKING_FLOW
TX_CANARA_114003,CANARA_ACC_20070,BOB_ACC_20172,1521835.05,2026-01-10 21:48:24,SETTLEMENT,NEFT,Canara Bank,IN,0,NORMAL_BANKING_FLOW
TX_CANARA_114004,CANARA_ACC_20086,CANARA_ACC_20012,365605.77,2026-01-10 18:07:37,SETTLEMENT,NEFT,Canara Bank,IN,0,NORMAL_BANKING_FLOW
TX_CANARA_114005,CANARA_ACC_20100,CANARA_ACC_20154,1944763.47,2026-01-10 18:55:04,SETTLEMENT,NEFT,Canara Bank,IN,0,NORMAL_BANKING_FLOW
TX_CANARA_114006,CANARA_ACC_20111,CANARA_ACC_20188,99016.01,2026-01-10 20:50:15,SETTLEMENT,NEFT,Canara Bank,IN,0,NORMAL_BANKING_FLOW
TX_CANARA_114007,CANARA_ACC_20037,CANARA_ACC_20074,149497.27,2026-01-10 19:50:04,SETTLEMENT,NEFT,Canara Bank,IN,0,NORMAL_BANKING_FLOW
TX_CANARA_114008,CANARA_ACC_20106,CANARA_ACC_20039,42953.54,2026-01-10 18:42:48,SETTLEMENT,RTGS,Canara Bank,IN,0,NORMAL_BANKING_FLOW
TX_CANARA_114009,CANARA_ACC_20101,CANARA_ACC_20104,72434.15,2026-01-10 20:45:36,SETTLEMENT,NEFT,Canara Bank,IN,0,NORMAL_BANKING_FLOW
TX_CANARA_114010,CANARA_ACC_20224,YES_ACC_20041,1090245.16,2026-01-10 19:51:46,SETTLEMENT,NEFT,Canara Bank,IN,0,NORMAL_BANKING_FLOW
TX_CANARA_114011,CANARA_ACC_20100,SBI_ACC_20246,96564.43,2026-01-10 19:52:20,SETTLEMENT,RTGS,Canara Bank,IN,0,NORMAL_BANKING_FLOW
TX_CANARA_114012,CANARA_ACC_20055,CANARA_ACC_20056,1109346.1,2026-01-10 20:13:27,SETTLEMENT,RTGS,Canara Bank,IN,0,NORMAL_BANKING_FLOW
TX_CANARA_114013,CANARA_ACC_20193,CANARA_ACC_20118,46940.58,2026-01-10 22:10:48,SETTLEMENT,RTGS,Canara Bank,IN,0,NORMAL_BANKING_FLOW
TX_CANARA_114014,CANARA_ACC_20097,AXIS_ACC_20126,56756.81,2026-01-10 19:47:09,SETTLEMENT,RTGS,Canara Bank,IN,0,NORMAL_BANKING_FLOW
TX_CANARA_114015,CANARA_ACC_20233,KOTAK_ACC_20197,115701.49,2026-01-10 21:10:30,SETTLEMENT,RTGS,Canara Bank,IN,0,NORMAL_BANKING_FLOW
TX_CANARA_114016,CANARA_ACC_20043,CANARA_ACC_20080,152702.99,2026-01-10 18:59:50,SETTLEMENT,RTGS,Canara Bank,IN,0,NORMAL_BANKING_FLOW
TX_CANARA_114017,CANARA_ACC_20216,CANARA_ACC_20125,409661.83,2026-01-10 22:49:04,SETTLEMENT,NEFT,Canara Bank,IN,0,NORMAL_BANKING_FLOW
TX_CANARA_114018,CANARA_ACC_20235,HDFC_ACC_20034,255447.05,2026-01-10 22:22:15,SETTLEMENT,NEFT,Canara Bank,IN,0,NORMAL_BANKING_FLOW
TX_CANARA_114019,CANARA_ACC_20249,CANARA_ACC_20071,107332.28,2026-01-10 21:27:26,SETTLEMENT,NEFT,Canara Bank,IN,0,NORMAL_BANKING_FLOW
TX_CANARA_114020,CANARA_ACC_20221,YES_ACC_20114,142441.15,2026-01-10 22:59:00,SETTLEMENT,RTGS,Canara Bank,IN,0,NORMAL_BANKING_FLOW
TX_CANARA_114021,CANARA_ACC_20216,CANARA_ACC_20212,118295.04,2026-01-10 22:11:00,SETTLEMENT,RTGS,Canara Bank,IN,0,NORMAL_BANKING_FLOW
TX_CANARA_114022,CANARA_ACC_20079,CANARA_ACC_20009,65208.58,2026-01-10 21:29:47,SETTLEMENT,NEFT,Canara Bank,IN,0,NORMAL_BANKING_FLOW
TX_CANARA_114023,CANARA_ACC_20031,CANARA_ACC_20118,66972.48,2026-01-10 20:48:22,SETTLEMENT,RTGS,Canara Bank,IN,0,NORMAL_BANKING_FLOW
TX_CANARA_114024,CANARA_ACC_20023,KOTAK_ACC_20233,454923.2,2026-01-10 20:20:51,SETTLEMENT,NEFT,Canara Bank,IN,0,NORMAL_BANKING_FLOW
TX_CANARA_114025,CANARA_ACC_20120,AXIS_ACC_20036,26156.03,2026-01-10 18:00:08,SETTLEMENT,RTGS,Canara Bank,IN,0,NORMAL_BANKING_FLOW
TX_CANARA_114026,CANARA_ACC_20239,CANARA_ACC_20247,820245.28,2026-01-10 20:07:55,SETTLEMENT,RTGS,Canara Bank,IN,0,NORMAL_BANKING_FLOW
TX_CANARA_114027,CANARA_ACC_20007,CANARA_ACC_20041,115497.69,2026-01-10 19:47:12,SETTLEMENT,RTGS,Canara Bank,IN,0,NORMAL_BANKING_FLOW
TX_CANARA_114028,CANARA_ACC_20241,PNB_ACC_20234,75168.79,2026-01-10 19:47:44,SETTLEMENT,RTGS,Canara Bank,IN,0,NORMAL_BANKING_FLOW
TX_CANARA_114029,CANARA_ACC_20161,BOB_ACC_20189,341041.45,2026-01-10 20:45:20,SETTLEMENT,RTGS,Canara Bank,IN,0,NORMAL_BANKING_FLOW
TX_CANARA_114030,CANARA_ACC_20017,SBI_ACC_20086,718712.42,2026-01-10 20:53:09,SETTLEMENT,RTGS,Canara Bank,IN,0,NORMAL_BANKING_FLOW
TX_CANARA_114031,CANARA_ACC_20202,CANARA_ACC_20006,497640.12,2026-01-10 19:42:10,SETTLEMENT,NEFT,Canara Bank,IN,0,NORMAL_BANKING_FLOW
TX_CANARA_114032,CANARA_ACC_20225,YES_ACC_20196,268834.72,2026-01-10 21:23:15,SETTLEMENT,RTGS,Canara Bank,IN,0,NORMAL_BANKING_FLOW
TX_CANARA_114033,CANARA_ACC_20107,INDUS_ACC_20035,482561.42,2026-01-10 21:24:00,SETTLEMENT,NEFT,Canara Bank,IN,0,NORMAL_BANKING_FLOW
TX_CANARA_114034,CANARA_ACC_20038,CANARA_ACC_20050,29246.13,2026-01-10 17:55:28,SETTLEMENT,RTGS,Canara Bank,IN,0,NORMAL_BANKING_FLOW
TX_CANARA_114035,CANARA_ACC_20007,CANARA_ACC_20197,96584.1,2026-01-10 20:42:06,SETTLEMENT,NEFT,Canara Bank,IN,0,NORMAL_BANKING_FLOW
TX_CANARA_114036,CANARA_ACC_20018,CANARA_ACC_20121,65436.14,2026-01-10 19:37:30,SETTLEMENT,RTGS,Canara Bank,IN,0,NORMAL_BANKING_FLOW
TX_CANARA_114037,CANARA_ACC_20241,CANARA_ACC_20035,553844.22,2026-01-10 21:56:04,SETTLEMENT,RTGS,Canara Bank,IN,0,NORMAL_BANKING_FLOW
TX_CANARA_114038,CANARA_ACC_20220,CANARA_ACC_20166,110915.28,2026-01-10 19:16:39,SETTLEMENT,NEFT,Canara Bank,IN,0,NORMAL_BANKING_FLOW
TX_CANARA_114039,CANARA_ACC_20004,CANARA_ACC_20140,379043.62,2026-01-10 18:18:42,SETTLEMENT,NEFT,Canara Bank,IN,0,NORMAL_BANKING_FLOW
TX_CANARA_114040,CANARA_ACC_20056,PNB_ACC_20214,278133.62,2026-01-10 22:13:09,SETTLEMENT,RTGS,Canara Bank,IN,0,NORMAL_BANKING_FLOW
TX_CANARA_114041,CANARA_ACC_20035,CANARA_ACC_20220,68712.96,2026-01-10 22:28:40,SETTLEMENT,RTGS,Canara Bank,IN,0,NORMAL_BANKING_FLOW
TX_CANARA_114042,CANARA_ACC_20010,CANARA_ACC_20212,90494.27,2026-01-10 18:12:18,SETTLEMENT,NEFT,Canara Bank,IN,0,NORMAL_BANKING_FLOW
TX_CANARA_114043,CANARA_ACC_20191,SBI_ACC_20187,593514.96,2026-01-10 20:17:50,SETTLEMENT,RTGS,Canara Bank,IN,0,NORMAL_BANKING_FLOW
TX_CANARA_114044,CANARA_ACC_20195,CANARA_ACC_20095,74945.57,2026-01-10 20:55:20,SETTLEMENT,RTGS,Canara Bank,IN,0,NORMAL_BANKING_FLOW
TX_CANARA_114045,CANARA_ACC_20148,CANARA_ACC_20040,184400.93,2026-01-10 22:10:00,SETTLEMENT,RTGS,Canara Bank,IN,0,NORMAL_BANKING_FLOW
TX_CANARA_114046,CANARA_ACC_20148,CANARA_ACC_20168,74418.42,2026-01-10 22:55:20,SETTLEMENT,NEFT,Canara Bank,IN,0,NORMAL_BANKING_FLOW
TX_CANARA_114047,CANARA_ACC_20134,CANARA_ACC_20063,118901.16,2026-01-10 21:49:22,SETTLEMENT,NEFT,Canara Bank,IN,0,NORMAL_BANKING_FLOW
TX_CANARA_114048,CANARA_ACC_20095,SBI_ACC_20043,155412.49,2026-01-10 19:06:15,SETTLEMENT,NEFT,Canara Bank,IN,0,NORMAL_BANKING_FLOW
TX_CANARA_114049,CANARA_ACC_20138,INDUS_ACC_20248,74394.22,2026-01-10 18:44:16,SETTLEMENT,NEFT,Canara Bank,IN,0,NORMAL_BANKING_FLOW
TX_CANARA_114050,CANARA_ACC_20041,ICICI_ACC_20134,62289.8,2026-01-10 23:06:33,SETTLEMENT,RTGS,Canara Bank,IN,0,NORMAL_BANKING_FLOW
TX_CANARA_114051,CANARA_ACC_20129,CANARA_ACC_20234,216700.9,2026-01-10 18:30:00,SETTLEMENT,NEFT,Canara Bank,IN,0,NORMAL_BANKING_FLOW
TX_CANARA_114052,CANARA_ACC_20220,CANARA_ACC_20169,69930.88,2026-01-10 20:38:07,SETTLEMENT,RTGS,Canara Bank,IN,0,NORMAL_BANKING_FLOW
TX_CANARA_114053,CANARA_ACC_20123,CANARA_ACC_20245,72355.19,2026-01-10 18:38:12,SETTLEMENT,RTGS,Canara Bank,IN,0,NORMAL_BANKING_FLOW
TX_CANARA_114054,CANARA_ACC_20172,AXIS_ACC_20247,63636.78,2026-01-10 20:46:54,SETTLEMENT,RTGS,Canara Bank,IN,0,NORMAL_BANKING_FLOW
TX_CANARA_114055,CANARA_ACC_20189,PNB_ACC_20061,150556.24,2026-01-10 20:55:06,SETTLEMENT,RTGS,Canara Bank,IN,0,NORMAL_BANKING_FLOW
TX_CANARA_114056,CANARA_ACC_20242,CANARA_ACC_20195,418194.38,2026-01-10 22:19:10,SETTLEMENT,NEFT,Canara Bank,IN,0,NORMAL_BANKING_FLOW
TX_CANARA_114057,CANARA_ACC_20078,CANARA_ACC_20050,734194.04,2026-01-10 22:58:00,SETTLEMENT,RTGS,Canara Bank,IN,0,NORMAL_BANKING_FLOW
TX_CANARA_114058,CANARA_ACC_20072,CANARA_ACC_20059,78753.81,2026-01-10 20:11:21,SETTLEMENT,RTGS,Canara Bank,IN,0,NORMAL_BANKING_FLOW
TX_CANARA_114059,CANARA_ACC_20110,YES_ACC_20140,1397661.15,2026-01-10 20:11:54,SETTLEMENT,RTGS,Canara Bank,IN,0,NORMAL_BANKING_FLOW
TX_CANARA_114060,CANARA_ACC_20205,CANARA_ACC_20187,59593.1,2026-01-10 20:04:48,SETTLEMENT,RTGS,Canara Bank,IN,0,NORMAL_BANKING_FLOW
TX_CANARA_114061,CANARA_ACC_20084,INDUS_ACC_20143,480964.39,2026-01-10 18:25:40,SETTLEMENT,NEFT,Canara Bank,IN,0,NORMAL_BANKING_FLOW
TX_CANARA_114062,CANARA_ACC_20104,INDUS_ACC_20078,79086.98,2026-01-10 23:10:16,SETTLEMENT,NEFT,Canara Bank,IN,0,NORMAL_BANKING_FLOW
TX_CANARA_114063,CANARA_ACC_20112,CANARA_ACC_20218,68123.45,2026-01-10 23:18:54,SETTLEMENT,NEFT,Canara Bank,IN,0,NORMAL_BANKING_FLOW
TX_CANARA_114064,CANARA_ACC_20195,HDFC_ACC_20120,77284.12,2026-01-10 21:24:06,SETTLEMENT,NEFT,Canara Bank,IN,0,NORMAL_BANKING_FLOW
TX_CANARA_114065,CANARA_ACC_20243,CANARA_ACC_20218,154438.66,2026-01-10 22:18:56,SETTLEMENT,NEFT,Canara Bank,IN,0,NORMAL_BANKING_FLOW
TX_CANARA_114066,CANARA_ACC_20072,YES_ACC_20058,290678.22,2026-01-10 18:42:45,SETTLEMENT,RTGS,Canara Bank,IN,0,NORMAL_BANKING_FLOW
TX_CANARA_114067,CANARA_ACC_20235,CANARA_ACC_20007,318019.52,2026-01-10 18:04:16,SETTLEMENT,RTGS,Canara Bank,IN,0,NORMAL_BANKING_FLOW
TX_CANARA_114068,CANARA_ACC_20127,ICICI_ACC_20241,63323.7,2026-01-10 19:06:48,SETTLEMENT,RTGS,Canara Bank,IN,0,NORMAL_BANKING_FLOW
TX_CANARA_114069,CANARA_ACC_20028,INDUS_ACC_20159,60496.5,2026-01-10 21:58:48,SETTLEMENT,NEFT,Canara Bank,IN,0,NORMAL_BANKING_FLOW
TX_CANARA_114070,CANARA_ACC_20215,CANARA_ACC_20200,65079.27,2026-01-10 22:46:28,SETTLEMENT,NEFT,Canara Bank,IN,0,NORMAL_BANKING_FLOW
TX_CANARA_114071,CANARA_ACC_20074,INDUS_ACC_20080,145603.96,2026-01-10 19:08:00,SETTLEMENT,NEFT,Canara Bank,IN,0,NORMAL_BANKING_FLOW
TX_CANARA_114072,CANARA_ACC_20177,CANARA_ACC_20068,131905.94,2026-01-10 22:32:30,SETTLEMENT,RTGS,Canara Bank,IN,0,NORMAL_BANKING_FLOW
TX_CANARA_114073,CANARA_ACC_20108,CANARA_ACC_20212,62932.91,2026-01-10 19:32:24,SETTLEMENT,RTGS,Canara Bank,IN,0,NORMAL_BANKING_FLOW
TX_CANARA_114074,CANARA_ACC_20176,CANARA_ACC_20170,213118.51,2026-01-10 20:28:02,SETTLEMENT,RTGS,Canara Bank,IN,0,NORMAL_BANKING_FLOW
TX_CANARA_114075,CANARA_ACC_20070,CANARA_ACC_20078,1563705.38,2026-01-10 21:16:00,SETTLEMENT,RTGS,Canara Bank,IN,0,NORMAL_BANKING_FLOW
TX_CANARA_114076,CANARA_ACC_20147,CANARA_ACC_20088,98251.38,2026-01-10 21:00:50,SETTLEMENT,RTGS,Canara Bank,IN,0,NORMAL_BANKING_FLOW
TX_CANARA_114077,CANARA_ACC_20221,CANARA_ACC_20162,105502.32,2026-01-10 21:49:04,SETTLEMENT,NEFT,Canara Bank,IN,0,NORMAL_BANKING_FLOW
TX_CANARA_114078,CANARA_ACC_20147,YES_ACC_20164,284833.93,2026-01-10 21:33:54,SETTLEMENT,RTGS,Canara Bank,IN,0,NORMAL_BANKING_FLOW
TX_CANARA_114079,CANARA_ACC_20088,HDFC_ACC_20048,93077.12,2026-01-10 19:03:14,SETTLEMENT,RTGS,Canara Bank,IN,0,NORMAL_BANKING_FLOW
TX_CANARA_114080,CANARA_ACC_20202,CANARA_ACC_20220,317732.3,2026-01-10 23:27:04,SETTLEMENT,NEFT,Canara Bank,IN,0,NORMAL_BANKING_FLOW
TX_CANARA_114081,CANARA_ACC_20223,AXIS_ACC_20152,79336.79,2026-01-10 19:20:00,SETTLEMENT,RTGS,Canara Bank,IN,0,NORMAL_BANKING_FLOW
TX_CANARA_114082,CANARA_ACC_20161,KOTAK_ACC_20199,1016747.75,2026-01-10 18:40:20,SETTLEMENT,NEFT,Canara Bank,IN,0,NORMAL_BANKING_FLOW
TX_CANARA_114083,CANARA_ACC_20248,YES_ACC_20100,229756.42,2026-01-10 23:05:46,SETTLEMENT,RTGS,Canara Bank,IN,0,NORMAL_BANKING_FLOW
TX_CANARA_114084,CANARA_ACC_20177,CANARA_ACC_20149,87551.03,2026-01-10 22:26:24,SETTLEMENT,RTGS,Canara Bank,IN,0,NORMAL_BANKING_FLOW
TX_CANARA_114085,CANARA_ACC_20219,CANARA_ACC_20136,90337.53,2026-01-10 21:30:44,SETTLEMENT,NEFT,Canara Bank,IN,0,NORMAL_BANKING_FLOW
TX_CANARA_114086,CANARA_ACC_20123,CANARA_ACC_20058,97362.87,2026-01-10 18:41:40,SETTLEMENT,RTGS,Canara Bank,IN,0,NORMAL_BANKING_FLOW
TX_CANARA_114087,CANARA_ACC_20110,CANARA_ACC_20163,642260.76,2026-01-10 20:19:12,SETTLEMENT,NEFT,Canara Bank,IN,0,NORMAL_BANKING_FLOW
TX_CANARA_114088,CANARA_ACC_20158,CANARA_ACC_20162,45763.82,2026-01-10 22:53:57,SETTLEMENT,RTGS,Canara Bank,IN,0,NORMAL_BANKING_FLOW
TX_CANARA_114089,CANARA_ACC_20205,CANARA_ACC_20107,83454.62,2026-01-10 21:00:56,SETTLEMENT,NEFT,Canara Bank,IN,0,NORMAL_BANKING_FLOW
TX_CANARA_114090,CANARA_ACC_20072,SBI_ACC_20105,92812.76,2026-01-10 19:48:12,SETTLEMENT,RTGS,Canara Bank,IN,0,NORMAL_BANKING_FLOW
TX_CANARA_114091,CANARA_ACC_20008,CANARA_ACC_20227,160221.42,2026-01-10 18:27:00,SETTLEMENT,NEFT,Canara Bank,IN,0,NORMAL_BANKING_FLOW
TX_CANARA_114092,CANARA_ACC_20221,CANARA_ACC_20157,124105.87,2026-01-10 21:19:09,SETTLEMENT,RTGS,Canara Bank,IN,0,NORMAL_BANKING_FLOW
TX_CANARA_114093,CANARA_ACC_20107,ICICI_ACC_20197,36635.47,2026-01-10 21:36:12,SETTLEMENT,RTGS,Canara Bank,IN,0,NORMAL_BANKING_FLOW
TX_CANARA_114094,CANARA_ACC_20129,CANARA_ACC_20214,109117.15,2026-01-10 22:01:32,SETTLEMENT,RTGS,Canara Bank,IN,0,NORMAL_BANKING_FLOW
TX_CANARA_114095,CANARA_ACC_20207,INDUS_ACC_20236,147332.81,2026-01-10 20:07:00,SETTLEMENT,NEFT,Canara Bank,IN,0,NORMAL_BANKING_FLOW
TX_CANARA_114096,CANARA_ACC_20051,CANARA_ACC_20106,86846.91,2026-01-10 19:51:00,SETTLEMENT,RTGS,Canara Bank,IN,0,NORMAL_BANKING_FLOW
TX_CANARA_114097,CANARA_ACC_20049,CANARA_ACC_20129,323442.13,2026-01-10 22:36:48,SETTLEMENT,NEFT,Canara Bank,IN,0,NORMAL_BANKING_FLOW
TX_CANARA_114098,CANARA_ACC_20227,CANARA_ACC_20110,408157.51,2026-01-10 18:37:23,SETTLEMENT,RTGS,Canara Bank,IN,0,NORMAL_BANKING_FLOW
TX_CANARA_114099,CANARA_ACC_20157,CANARA_ACC_20108,150484.19,2026-01-10 22:13:30,SETTLEMENT,RTGS,Canara Bank,IN,0,NORMAL_BANKING_FLOW
TX_CANARA_114100,CANARA_ACC_20094,HDFC_ACC_20163,204954.15,2026-01-10 22:05:56,SETTLEMENT,NEFT,Canara Bank,IN,0,NORMAL_BANKING_FLOW
TX_CANARA_114101,CANARA_ACC_20119,SBI_ACC_20018,18749.91,2026-01-10 20:43:20,SETTLEMENT,RTGS,Canara Bank,IN,0,NORMAL_BANKING_FLOW
TX_CANARA_114102,CANARA_ACC_20242,CANARA_ACC_20244,106819.66,2026-01-10 19:28:45,SETTLEMENT,RTGS,Canara Bank,IN,0,NORMAL_BANKING_FLOW
TX_CANARA_114103,CANARA_ACC_20191,PNB_ACC_20074,444551.72,2026-01-11 00:05:16,SETTLEMENT,RTGS,Canara Bank,IN,0,NORMAL_BANKING_FLOW
TX_CANARA_114104,CANARA_ACC_20097,CANARA_ACC_20006,106570.65,2026-01-10 18:47:40,SETTLEMENT,RTGS,Canara Bank,IN,0,NORMAL_BANKING_FLOW
TX_CANARA_114105,CANARA_ACC_20089,CANARA_ACC_20111,77865.51,2026-01-10 22:26:24,SETTLEMENT,RTGS,Canara Bank,IN,0,NORMAL_BANKING_FLOW
TX_CANARA_114106,CANARA_ACC_20100,CANARA_ACC_20042,1587528.44,2026-01-10 23:42:55,SETTLEMENT,RTGS,Canara Bank,IN,0,NORMAL_BANKING_FLOW
TX_CANARA_114107,CANARA_ACC_20051,CANARA_ACC_20067,1003573.0,2026-01-10 23:01:40,SETTLEMENT,NEFT,Canara Bank,IN,0,NORMAL_BANKING_FLOW
TX_CANARA_114108,CANARA_ACC_20177,CANARA_ACC_20227,259775.98,2026-01-10 20:55:45,SETTLEMENT,NEFT,Canara Bank,IN,0,NORMAL_BANKING_FLOW
TX_CANARA_114109,CANARA_ACC_20204,CANARA_ACC_20046,508342.45,2026-01-10 21:38:40,SETTLEMENT,RTGS,Canara Bank,IN,0,NORMAL_BANKING_FLOW
TX_CANARA_114110,CANARA_ACC_20032,SBI_ACC_20004,17572.05,2026-01-10 19:23:36,SETTLEMENT,NEFT,Canara Bank,IN,0,NORMAL_BANKING_FLOW
TX_CANARA_114111,CANARA_ACC_20088,YES_ACC_20165,74046.5,2026-01-10 21:31:30,SETTLEMENT,RTGS,Canara Bank,IN,0,NORMAL_BANKING_FLOW
TX_CANARA_114112,CANARA_ACC_20029,CANARA_ACC_20035,101726.4,2026-01-10 22:06:13,SETTLEMENT,NEFT,Canara Bank,IN,0,NORMAL_BANKING_FLOW
TX_CANARA_114113,CANARA_ACC_20129,CANARA_ACC_20000,128543.15,2026-01-10 23:49:20,SETTLEMENT,NEFT,Canara Bank,IN,0,NORMAL_BANKING_FLOW
TX_CANARA_114114,CANARA_ACC_20242,CANARA_ACC_20183,99713.46,2026-01-10 19:59:24,SETTLEMENT,RTGS,Canara Bank,IN,0,NORMAL_BANKING_FLOW
TX_CANARA_114115,CANARA_ACC_20238,CANARA_ACC_20217,12707.83,2026-01-10 21:34:06,SETTLEMENT,RTGS,Canara Bank,IN,0,NORMAL_BANKING_FLOW
TX_CANARA_114116,CANARA_ACC_20127,CANARA_ACC_20214,239431.97,2026-01-10 19:43:10,SETTLEMENT,NEFT,Canara Bank,IN,0,NORMAL_BANKING_FLOW
TX_CANARA_114117,CANARA_ACC_20120,CANARA_ACC_20007,280310.76,2026-01-10 22:01:12,SETTLEMENT,NEFT,Canara Bank,IN,0,NORMAL_BANKING_FLOW
TX_CANARA_114118,CANARA_ACC_20228,CANARA_ACC_20030,807661.89,2026-01-11 00:11:09,SETTLEMENT,RTGS,Canara Bank,IN,0,NORMAL_BANKING_FLOW
TX_CANARA_114119,CANARA_ACC_20036,CANARA_ACC_20245,73990.41,2026-01-10 22:37:08,SETTLEMENT,RTGS,Canara Bank,IN,0,NORMAL_BANKING_FLOW
TX_CANARA_114120,CANARA_ACC_20037,CANARA_ACC_20068,68175.25,2026-01-10 22:03:18,SETTLEMENT,RTGS,Canara Bank,IN,0,NORMAL_BANKING_FLOW
TX_CANARA_114121,CANARA_ACC_20129,CANARA_ACC_20226,11159.15,2026-01-10 21:38:00,SETTLEMENT,RTGS,Canara Bank,IN,0,NORMAL_BANKING_FLOW
TX_CANARA_114122,CANARA_ACC_20154,CANARA_ACC_20000,121349.87,2026-01-10 21:47:20,SETTLEMENT,RTGS,Canara Bank,IN,0,NORMAL_BANKING_FLOW
TX_CANARA_114123,CANARA_ACC_20024,CANARA_ACC_20107,400757.5,2026-01-11 00:24:36,SETTLEMENT,RTGS,Canara Bank,IN,0,NORMAL_BANKING_FLOW
TX_CANARA_114124,CANARA_ACC_20175,CANARA_ACC_20057,88276.76,2026-01-10 21:22:31,SETTLEMENT,RTGS,Canara Bank,IN,0,NORMAL_BANKING_FLOW
TX_CANARA_114125,CANARA_ACC_20179,CANARA_ACC_20195,1388097.72,2026-01-10 22:06:48,SETTLEMENT,RTGS,Canara Bank,IN,0,NORMAL_BANKING_FLOW
TX_CANARA_114126,CANARA_ACC_20220,BOB_ACC_20096,125920.39,2026-01-10 19:30:00,SETTLEMENT,RTGS,Canara Bank,IN,0,NORMAL_BANKING_FLOW
TX_CANARA_114127,CANARA_ACC_20035,CANARA_ACC_20220,188526.2,2026-01-10 18:46:34,SETTLEMENT,RTGS,Canara Bank,IN,0,NORMAL_BANKING_FLOW
TX_CANARA_114128,CANARA_ACC_20093,CANARA_ACC_20147,41643.35,2026-01-10 18:20:32,SETTLEMENT,RTGS,Canara Bank,IN,0,NORMAL_BANKING_FLOW
TX_CANARA_114129,CANARA_ACC_20154,CANARA_ACC_20124,216906.21,2026-01-10 21:43:12,SETTLEMENT,RTGS,Canara Bank,IN,0,NORMAL_BANKING_FLOW
TX_CANARA_114130,CANARA_ACC_20075,CANARA_ACC_20018,22486.72,2026-01-10 23:20:50,SETTLEMENT,NEFT,Canara Bank,IN,0,NORMAL_BANKING_FLOW
TX_CANARA_114131,CANARA_ACC_20001,BOB_ACC_20037,325688.91,2026-01-11 00:41:10,SETTLEMENT,NEFT,Canara Bank,IN,0,NORMAL_BANKING_FLOW
TX_CANARA_114132,CANARA_ACC_20077,CANARA_ACC_20190,335852.78,2026-01-10 20:34:21,SETTLEMENT,RTGS,Canara Bank,IN,0,NORMAL_BANKING_FLOW
TX_CANARA_114133,CANARA_ACC_20219,CANARA_ACC_20053,633674.96,2026-01-10 22:30:08,SETTLEMENT,RTGS,Canara Bank,IN,0,NORMAL_BANKING_FLOW
TX_CANARA_114134,CANARA_ACC_20204,CANARA_ACC_20249,58690.39,2026-01-10 21:02:02,SETTLEMENT,NEFT,Canara Bank,IN,0,NORMAL_BANKING_FLOW
TX_CANARA_114135,CANARA_ACC_20096,CANARA_ACC_20099,191101.91,2026-01-10 22:31:36,SETTLEMENT,RTGS,Canara Bank,IN,0,NORMAL_BANKING_FLOW
TX_CANARA_114136,CANARA_ACC_20153,CANARA_ACC_20022,286019.87,2026-01-10 18:58:20,SETTLEMENT,RTGS,Canara Bank,IN,0,NORMAL_BANKING_FLOW
TX_CANARA_114137,CANARA_ACC_20060,CANARA_ACC_20046,253287.79,2026-01-10 20:19:04,SETTLEMENT,NEFT,Canara Bank,IN,0,NORMAL_BANKING_FLOW
TX_CANARA_114138,CANARA_ACC_20029,YES_ACC_20207,68507.65,2026-01-11 00:03:18,SETTLEMENT,NEFT,Canara Bank,IN,0,NORMAL_BANKING_FLOW
TX_CANARA_114139,CANARA_ACC_20195,CANARA_ACC_20206,14883.64,2026-01-10 21:49:42,SETTLEMENT,NEFT,Canara Bank,IN,0,NORMAL_BANKING_FLOW
TX_CANARA_114140,CANARA_ACC_20217,SBI_ACC_20249,230259.06,2026-01-10 19:08:39,SETTLEMENT,NEFT,Canara Bank,IN,0,NORMAL_BANKING_FLOW
TX_CANARA_114141,CANARA_ACC_20096,CANARA_ACC_20174,139734.62,2026-01-10 23:30:00,SETTLEMENT,RTGS,Canara Bank,IN,0,NORMAL_BANKING_FLOW
TX_CANARA_114142,CANARA_ACC_20084,CANARA_ACC_20187,92348.93,2026-01-10 18:33:17,SETTLEMENT,RTGS,Canara Bank,IN,0,NORMAL_BANKING_FLOW
TX_CANARA_114143,CANARA_ACC_20216,CANARA_ACC_20054,349390.46,2026-01-10 19:18:44,SETTLEMENT,RTGS,Canara Bank,IN,0,NORMAL_BANKING_FLOW
TX_CANARA_114144,CANARA_ACC_20004,CANARA_ACC_20161,155605.69,2026-01-11 00:44:54,SETTLEMENT,NEFT,Canara Bank,IN,0,NORMAL_BANKING_FLOW
TX_CANARA_114145,CANARA_ACC_20170,ICICI_ACC_20153,43512.56,2026-01-10 23:06:08,SETTLEMENT,NEFT,Canara Bank,IN,0,NORMAL_BANKING_FLOW
TX_CANARA_114146,CANARA_ACC_20062,CANARA_ACC_20033,23589.28,2026-01-10 19:01:40,SETTLEMENT,RTGS,Canara Bank,IN,0,NORMAL_BANKING_FLOW
TX_CANARA_114147,CANARA_ACC_20143,CANARA_ACC_20015,52629.75,2026-01-10 18:34:42,SETTLEMENT,NEFT,Canara Bank,IN,0,NORMAL_BANKING_FLOW
TX_CANARA_114148,CANARA_ACC_20058,CANARA_ACC_20196,1781582.01,2026-01-10 21:37:19,SETTLEMENT,NEFT,Canara Bank,IN,0,NORMAL_BANKING_FLOW
TX_CANARA_114149,CANARA_ACC_20100,CANARA_ACC_20106,335298.61,2026-01-10 23:36:40,SETTLEMENT,NEFT,Canara Bank,IN,0,NORMAL_BANKING_FLOW
TX_CANARA_114150,CANARA_ACC_20047,CANARA_ACC_20040,196538.25,2026-01-10 23:00:54,SETTLEMENT,RTGS,Canara Bank,IN,0,NORMAL_BANKING_FLOW
TX_CANARA_114151,CANARA_ACC_20085,AXIS_ACC_20245,135718.62,2026-01-10 23:10:50,SETTLEMENT,NEFT,Canara Bank,IN,0,NORMAL_BANKING_FLOW
TX_CANARA_114152,CANARA_ACC_20013,CANARA_ACC_20174,127084.44,2026-01-10 23:20:48,SETTLEMENT,NEFT,Canara Bank,IN,0,NORMAL_BANKING_FLOW
TX_CANARA_114153,CANARA_ACC_20225,CANARA_ACC_20154,522926.39,2026-01-10 23:49:12,SETTLEMENT,NEFT,Canara Bank,IN,0,NORMAL_BANKING_FLOW
TX_CANARA_114154,CANARA_ACC_20040,CANARA_ACC_20150,99648.5,2026-01-11 00:26:55,SETTLEMENT,RTGS,Canara Bank,IN,0,NORMAL_BANKING_FLOW
TX_CANARA_114155,CANARA_ACC_20069,CANARA_ACC_20220,289792.49,2026-01-10 20:00:04,SETTLEMENT,RTGS,Canara Bank,IN,0,NORMAL_BANKING_FLOW
TX_CANARA_114156,CANARA_ACC_20190,CANARA_ACC_20238,114871.81,2026-01-10 20:46:45,SETTLEMENT,NEFT,Canara Bank,IN,0,NORMAL_BANKING_FLOW
TX_CANARA_114157,CANARA_ACC_20146,CANARA_ACC_20178,1132747.47,2026-01-10 19:05:20,SETTLEMENT,RTGS,Canara Bank,IN,0,NORMAL_BANKING_FLOW
TX_CANARA_114158,CANARA_ACC_20224,CANARA_ACC_20211,341905.11,2026-01-10 19:33:31,SETTLEMENT,NEFT,Canara Bank,IN,0,NORMAL_BANKING_FLOW
TX_CANARA_114159,CANARA_ACC_20071,INDUS_ACC_20016,565551.6,2026-01-10 22:02:42,SETTLEMENT,RTGS,Canara Bank,IN,0,NORMAL_BANKING_FLOW
TX_CANARA_114160,CANARA_ACC_20240,CANARA_ACC_20089,90725.18,2026-01-10 23:45:50,SETTLEMENT,NEFT,Canara Bank,IN,0,NORMAL_BANKING_FLOW
TX_CANARA_114161,CANARA_ACC_20030,CANARA_ACC_20046,468895.92,2026-01-10 21:36:00,SETTLEMENT,RTGS,Canara Bank,IN,0,NORMAL_BANKING_FLOW
TX_CANARA_114162,CANARA_ACC_20181,CANARA_ACC_20071,119064.73,2026-01-10 18:57:39,SETTLEMENT,RTGS,Canara Bank,IN,0,NORMAL_BANKING_FLOW
TX_CANARA_114163,CANARA_ACC_20015,HDFC_ACC_20131,181685.93,2026-01-10 21:46:34,SETTLEMENT,NEFT,Canara Bank,IN,0,NORMAL_BANKING_FLOW
TX_CANARA_114164,CANARA_ACC_20163,CANARA_ACC_20105,834883.66,2026-01-10 20:03:58,SETTLEMENT,NEFT,Canara Bank,IN,0,NORMAL_BANKING_FLOW
TX_CANARA_114165,CANARA_ACC_20115,SBI_ACC_20134,57367.03,2026-01-10 19:26:48,SETTLEMENT,RTGS,Canara Bank,IN,0,NORMAL_BANKING_FLOW
TX_CANARA_114166,CANARA_ACC_20051,CANARA_ACC_20247,199435.81,2026-01-10 23:13:10,SETTLEMENT,RTGS,Canara Bank,IN,0,NORMAL_BANKING_FLOW
TX_CANARA_114167,CANARA_ACC_20113,ICICI_ACC_20067,252206.95,2026-01-10 23:32:48,SETTLEMENT,RTGS,Canara Bank,IN,0,NORMAL_BANKING_FLOW
TX_CANARA_114168,CANARA_ACC_20227,PNB_ACC_20118,273759.26,2026-01-10 19:46:48,SETTLEMENT,RTGS,Canara Bank,IN,0,NORMAL_BANKING_FLOW
TX_CANARA_114169,CANARA_ACC_20110,CANARA_ACC_20197,103695.66,2026-01-10 18:50:24,SETTLEMENT,RTGS,Canara Bank,IN,0,NORMAL_BANKING_FLOW
TX_CANARA_114170,CANARA_ACC_20080,CANARA_ACC_20127,1310951.94,2026-01-10 22:00:22,SETTLEMENT,RTGS,Canara Bank,IN,0,NORMAL_BANKING_FLOW
TX_CANARA_114171,CANARA_ACC_20122,ICICI_ACC_20153,44581.23,2026-01-10 20:07:00,SETTLEMENT,RTGS,Canara Bank,IN,0,NORMAL_BANKING_FLOW
TX_CANARA_114172,CANARA_ACC_20181,CANARA_ACC_20147,700034.84,2026-01-10 18:22:45,SETTLEMENT,RTGS,Canara Bank,IN,0,NORMAL_BANKING_FLOW
TX_CANARA_114173,CANARA_ACC_20226,HDFC_ACC_20229,548567.5,2026-01-11 00:34:48,SETTLEMENT,RTGS,Canara Bank,IN,0,NORMAL_BANKING_FLOW
TX_CANARA_114174,CANARA_ACC_20036,AXIS_ACC_20122,1089128.93,2026-01-10 19:01:27,SETTLEMENT,RTGS,Canara Bank,IN,0,NORMAL_BANKING_FLOW
TX_CANARA_114175,CANARA_ACC_20110,INDUS_ACC_20125,33248.76,2026-01-10 18:52:12,SETTLEMENT,NEFT,Canara Bank,IN,0,NORMAL_BANKING_FLOW
TX_CANARA_114176,CANARA_ACC_20176,CANARA_ACC_20210,68266.1,2026-01-10 19:11:40,SETTLEMENT,NEFT,Canara Bank,IN,0,NORMAL_BANKING_FLOW
TX_CANARA_114177,CANARA_ACC_20037,HDFC_ACC_20009,723563.12,2026-01-10 23:21:36,SETTLEMENT,NEFT,Canara Bank,IN,0,NORMAL_BANKING_FLOW
TX_CANARA_114178,CANARA_ACC_20024,CANARA_ACC_20053,24908.41,2026-01-10 20:00:25,SETTLEMENT,NEFT,Canara Bank,IN,0,NORMAL_BANKING_FLOW
TX_CANARA_114179,CANARA_ACC_20213,CANARA_ACC_20195,32648.07,2026-01-10 18:24:30,SETTLEMENT,RTGS,Canara Bank,IN,0,NORMAL_BANKING_FLOW
TX_CANARA_114180,CANARA_ACC_20181,CANARA_ACC_20031,99876.75,2026-01-11 00:21:48,SETTLEMENT,NEFT,Canara Bank,IN,0,NORMAL_BANKING_FLOW
TX_CANARA_114181,CANARA_ACC_20206,KOTAK_ACC_20215,197203.96,2026-01-11 00:13:00,SETTLEMENT,NEFT,Canara Bank,IN,0,NORMAL_BANKING_FLOW
TX_CANARA_114182,CANARA_ACC_20205,HDFC_ACC_20173,799886.46,2026-01-10 19:03:59,SETTLEMENT,RTGS,Canara Bank,IN,0,NORMAL_BANKING_FLOW
TX_CANARA_114183,CANARA_ACC_20132,CANARA_ACC_20058,135230.24,2026-01-10 19:04:18,SETTLEMENT,RTGS,Canara Bank,IN,0,NORMAL_BANKING_FLOW
TX_CANARA_114184,CANARA_ACC_20059,CANARA_ACC_20151,88588.81,2026-01-10 18:54:54,SETTLEMENT,RTGS,Canara Bank,IN,0,NORMAL_BANKING_FLOW
TX_CANARA_114185,CANARA_ACC_20138,CANARA_ACC_20210,222212.62,2026-01-10 23:08:16,SETTLEMENT,NEFT,Canara Bank,IN,0,NORMAL_BANKING_FLOW
TX_CANARA_114186,CANARA_ACC_20238,CANARA_ACC_20053,260301.66,2026-01-10 20:13:30,SETTLEMENT,RTGS,Canara Bank,IN,0,NORMAL_BANKING_FLOW
TX_CANARA_114187,CANARA_ACC_20218,CANARA_ACC_20120,253024.05,2026-01-10 18:46:02,SETTLEMENT,NEFT,Canara Bank,IN,0,NORMAL_BANKING_FLOW
TX_CANARA_114188,CANARA_ACC_20229,CANARA_ACC_20150,136218.27,2026-01-11 01:17:39,SETTLEMENT,NEFT,Canara Bank,IN,0,NORMAL_BANKING_FLOW
TX_CANARA_114189,CANARA_ACC_20240,CANARA_ACC_20172,23038.31,2026-01-10 18:27:00,SETTLEMENT,NEFT,Canara Bank,IN,0,NORMAL_BANKING_FLOW
TX_CANARA_114190,CANARA_ACC_20072,CANARA_ACC_20118,65015.7,2026-01-10 23:11:56,SETTLEMENT,RTGS,Canara Bank,IN,0,NORMAL_BANKING_FLOW
TX_CANARA_114191,CANARA_ACC_20155,BOB_ACC_20200,673518.73,2026-01-10 23:12:40,SETTLEMENT,RTGS,Canara Bank,IN,0,NORMAL_BANKING_FLOW
TX_CANARA_114192,CANARA_ACC_20062,HDFC_ACC_20048,196235.14,2026-01-10 22:14:18,SETTLEMENT,NEFT,Canara Bank,IN,0,NORMAL_BANKING_FLOW
TX_CANARA_114193,CANARA_ACC_20078,AXIS_ACC_20031,117886.54,2026-01-10 23:53:36,SETTLEMENT,NEFT,Canara Bank,IN,0,NORMAL_BANKING_FLOW
TX_CANARA_114194,CANARA_ACC_20166,CANARA_ACC_20137,497906.98,2026-01-11 01:53:00,SETTLEMENT,RTGS,Canara Bank,IN,0,NORMAL_BANKING_FLOW
TX_CANARA_114195,CANARA_ACC_20207,CANARA_ACC_20203,52569.08,2026-01-11 01:34:12,SETTLEMENT,RTGS,Canara Bank,IN,0,NORMAL_BANKING_FLOW
TX_CANARA_114196,CANARA_ACC_20071,AXIS_ACC_20052,129917.1,2026-01-11 00:35:40,SETTLEMENT,NEFT,Canara Bank,IN,0,NORMAL_BANKING_FLOW
TX_CANARA_114197,CANARA_ACC_20044,CANARA_ACC_20143,186793.39,2026-01-10 21:07:56,SETTLEMENT,NEFT,Canara Bank,IN,0,NORMAL_BANKING_FLOW
TX_CANARA_114198,CANARA_ACC_20092,HDFC_ACC_20002,104675.72,2026-01-11 01:17:12,SETTLEMENT,RTGS,Canara Bank,IN,0,NORMAL_BANKING_FLOW
TX_CANARA_114199,CANARA_ACC_20038,CANARA_ACC_20026,180009.12,2026-01-10 23:58:24,SETTLEMENT,RTGS,Canara Bank,IN,0,NORMAL_BANKING_FLOW
TX_CANARA_114200,CANARA_ACC_20000,YES_ACC_20070,134902.3,2026-01-10 23:09:17,SETTLEMENT,NEFT,Canara Bank,IN,0,NORMAL_BANKING_FLOW
TX_CANARA_114201,CANARA_ACC_20020,CANARA_ACC_20214,40161.21,2026-01-11 00:10:00,SETTLEMENT,NEFT,Canara Bank,IN,0,NORMAL_BANKING_FLOW
TX_CANARA_114202,CANARA_ACC_20221,INDUS_ACC_20073,195141.04,2026-01-11 01:10:55,SETTLEMENT,RTGS,Canara Bank,IN,0,NORMAL_BANKING_FLOW
TX_CANARA_114203,CANARA_ACC_20178,CANARA_ACC_20191,43115.95,2026-01-11 01:41:56,SETTLEMENT,RTGS,Canara Bank,IN,0,NORMAL_BANKING_FLOW
TX_CANARA_114204,CANARA_ACC_20211,KOTAK_ACC_20127,192069.99,2026-01-10 23:12:09,SETTLEMENT,RTGS,Canara Bank,IN,0,NORMAL_BANKING_FLOW
TX_CANARA_114205,CANARA_ACC_20084,CANARA_ACC_20131,643151.65,2026-01-10 23:43:04,SETTLEMENT,RTGS,Canara Bank,IN,0,NORMAL_BANKING_FLOW
TX_CANARA_114206,CANARA_ACC_20115,BOB_ACC_20057,122881.63,2026-01-11 00:24:10,SETTLEMENT,NEFT,Canara Bank,IN,0,NORMAL_BANKING_FLOW
TX_CANARA_114207,CANARA_ACC_20070,CANARA_ACC_20020,50438.84,2026-01-10 22:23:48,SETTLEMENT,NEFT,Canara Bank,IN,0,NORMAL_BANKING_FLOW
TX_CANARA_114208,CANARA_ACC_20216,HDFC_ACC_20203,143345.37,2026-01-11 02:07:00,SETTLEMENT,NEFT,Canara Bank,IN,0,NORMAL_BANKING_FLOW
TX_CANARA_114209,CANARA_ACC_20249,CANARA_ACC_20145,70829.36,2026-01-10 23:05:36,SETTLEMENT,NEFT,Canara Bank,IN,0,NORMAL_BANKING_FLOW
TX_CANARA_114210,CANARA_ACC_20072,CANARA_ACC_20197,294934.63,2026-01-10 23:36:45,SETTLEMENT,NEFT,Canara Bank,IN,0,NORMAL_BANKING_FLOW
TX_CANARA_114211,CANARA_ACC_20143,CANARA_ACC_20207,140366.38,2026-01-10 20:34:30,SETTLEMENT,NEFT,Canara Bank,IN,0,NORMAL_BANKING_FLOW
TX_CANARA_114212,CANARA_ACC_20172,CANARA_ACC_20073,899651.96,2026-01-11 02:00:49,SETTLEMENT,NEFT,Canara Bank,IN,0,NORMAL_BANKING_FLOW
TX_CANARA_114213,CANARA_ACC_20157,CANARA_ACC_20012,520731.38,2026-01-11 01:10:48,SETTLEMENT,NEFT,Canara Bank,IN,0,NORMAL_BANKING_FLOW
TX_CANARA_114214,CANARA_ACC_20071,CANARA_ACC_20154,139653.48,2026-01-11 01:21:55,SETTLEMENT,NEFT,Canara Bank,IN,0,NORMAL_BANKING_FLOW
TX_CANARA_114215,CANARA_ACC_20212,CANARA_ACC_20046,332903.88,2026-01-11 02:03:46,SETTLEMENT,NEFT,Canara Bank,IN,0,NORMAL_BANKING_FLOW
TX_CANARA_114216,CANARA_ACC_20097,CANARA_ACC_20109,109838.19,2026-01-10 21:07:30,SETTLEMENT,RTGS,Canara Bank,IN,0,NORMAL_BANKING_FLOW
TX_CANARA_114217,CANARA_ACC_20241,CANARA_ACC_20029,168376.34,2026-01-10 19:15:04,SETTLEMENT,RTGS,Canara Bank,IN,0,NORMAL_BANKING_FLOW
TX_CANARA_114218,CANARA_ACC_20200,CANARA_ACC_20249,113387.43,2026-01-10 23:42:45,SETTLEMENT,RTGS,Canara Bank,IN,0,NORMAL_BANKING_FLOW
TX_CANARA_114219,CANARA_ACC_20081,CANARA_ACC_20220,350268.74,2026-01-10 21:39:54,SETTLEMENT,NEFT,Canara Bank,IN,0,NORMAL_BANKING_FLOW
TX_CANARA_114220,CANARA_ACC_20236,CANARA_ACC_20153,682138.69,2026-01-10 23:02:59,SETTLEMENT,RTGS,Canara Bank,IN,0,NORMAL_BANKING_FLOW
TX_CANARA_114221,CANARA_ACC_20182,KOTAK_ACC_20211,361728.14,2026-01-10 20:49:20,SETTLEMENT,NEFT,Canara Bank,IN,0,NORMAL_BANKING_FLOW
TX_CANARA_114222,CANARA_ACC_20176,CANARA_ACC_20198,409190.71,2026-01-10 23:56:06,SETTLEMENT,RTGS,Canara Bank,IN,0,NORMAL_BANKING_FLOW
TX_CANARA_114223,CANARA_ACC_20049,CANARA_ACC_20168,409639.77,2026-01-11 00:17:36,SETTLEMENT,RTGS,Canara Bank,IN,0,NORMAL_BANKING_FLOW
TX_CANARA_114224,CANARA_ACC_20041,AXIS_ACC_20084,282449.75,2026-01-11 00:49:33,SETTLEMENT,RTGS,Canara Bank,IN,0,NORMAL_BANKING_FLOW
TX_CANARA_114225,CANARA_ACC_20229,PNB_ACC_20234,52089.25,2026-01-11 01:52:48,SETTLEMENT,RTGS,Canara Bank,IN,0,NORMAL_BANKING_FLOW
TX_CANARA_114226,CANARA_ACC_20057,CANARA_ACC_20184,891777.12,2026-01-10 19:49:10,SETTLEMENT,NEFT,Canara Bank,IN,0,NORMAL_BANKING_FLOW
TX_CANARA_114227,CANARA_ACC_20095,AXIS_ACC_20034,988961.64,2026-01-10 23:07:46,SETTLEMENT,RTGS,Canara Bank,IN,0,NORMAL_BANKING_FLOW
TX_CANARA_114228,CANARA_ACC_20106,CANARA_ACC_20089,128813.44,2026-01-10 21:13:30,SETTLEMENT,NEFT,Canara Bank,IN,0,NORMAL_BANKING_FLOW
TX_CANARA_114229,CANARA_ACC_20157,CANARA_ACC_20132,112341.89,2026-01-10 22:27:16,SETTLEMENT,NEFT,Canara Bank,IN,0,NORMAL_BANKING_FLOW
TX_CANARA_114230,CANARA_ACC_20127,YES_ACC_20123,300262.28,2026-01-10 20:43:03,SETTLEMENT,RTGS,Canara Bank,IN,0,NORMAL_BANKING_FLOW
TX_CANARA_114231,CANARA_ACC_20078,CANARA_ACC_20145,282324.62,2026-01-10 20:22:30,SETTLEMENT,RTGS,Canara Bank,IN,0,NORMAL_BANKING_FLOW
TX_CANARA_114232,CANARA_ACC_20128,CANARA_ACC_20174,132993.29,2026-01-11 00:03:46,SETTLEMENT,RTGS,Canara Bank,IN,0,NORMAL_BANKING_FLOW
TX_CANARA_114233,CANARA_ACC_20216,CANARA_ACC_20096,46628.83,2026-01-10 21:37:04,SETTLEMENT,NEFT,Canara Bank,IN,0,NORMAL_BANKING_FLOW
TX_CANARA_114234,CANARA_ACC_20106,CANARA_ACC_20090,220952.09,2026-01-11 01:29:42,SETTLEMENT,NEFT,Canara Bank,IN,0,NORMAL_BANKING_FLOW
TX_CANARA_114235,CANARA_ACC_20202,CANARA_ACC_20041,282500.77,2026-01-10 22:41:32,SETTLEMENT,RTGS,Canara Bank,IN,0,NORMAL_BANKING_FLOW
TX_CANARA_114236,CANARA_ACC_20223,CANARA_ACC_20068,336320.94,2026-01-11 00:28:00,SETTLEMENT,NEFT,Canara Bank,IN,0,NORMAL_BANKING_FLOW
TX_CANARA_114237,CANARA_ACC_20153,CANARA_ACC_20190,230796.76,2026-01-11 00:07:36,SETTLEMENT,NEFT,Canara Bank,IN,0,NORMAL_BANKING_FLOW
TX_CANARA_114238,CANARA_ACC_20238,SBI_ACC_20106,124105.2,2026-01-10 22:43:26,SETTLEMENT,RTGS,Canara Bank,IN,0,NORMAL_BANKING_FLOW
TX_CANARA_114239,CANARA_ACC_20152,CANARA_ACC_20076,439767.76,2026-01-10 23:05:20,SETTLEMENT,RTGS,Canara Bank,IN,0,NORMAL_BANKING_FLOW
TX_CANARA_114240,CANARA_ACC_20041,CANARA_ACC_20102,173832.68,2026-01-10 20:15:36,SETTLEMENT,NEFT,Canara Bank,IN,0,NORMAL_BANKING_FLOW
TX_CANARA_114241,CANARA_ACC_20222,CANARA_ACC_20141,102239.87,2026-01-11 01:14:40,SETTLEMENT,NEFT,Canara Bank,IN,0,NORMAL_BANKING_FLOW
TX_CANARA_114242,CANARA_ACC_20165,CANARA_ACC_20138,135855.43,2026-01-10 18:50:56,SETTLEMENT,NEFT,Canara Bank,IN,0,NORMAL_BANKING_FLOW
TX_CANARA_114243,CANARA_ACC_20166,CANARA_ACC_20139,28396.78,2026-01-11 00:12:12,SETTLEMENT,NEFT,Canara Bank,IN,0,NORMAL_BANKING_FLOW
TX_CANARA_114244,CANARA_ACC_20235,CANARA_ACC_20177,135639.81,2026-01-10 20:49:21,SETTLEMENT,RTGS,Canara Bank,IN,0,NORMAL_BANKING_FLOW
TX_CANARA_114245,CANARA_ACC_20247,CANARA_ACC_20165,323979.82,2026-01-10 18:51:44,SETTLEMENT,RTGS,Canara Bank,IN,0,NORMAL_BANKING_FLOW
TX_CANARA_114246,CANARA_ACC_20211,CANARA_ACC_20051,228612.34,2026-01-10 22:27:00,SETTLEMENT,NEFT,Canara Bank,IN,0,NORMAL_BANKING_FLOW
TX_CANARA_114247,CANARA_ACC_20031,CANARA_ACC_20012,744645.97,2026-01-11 00:47:34,SETTLEMENT,NEFT,Canara Bank,IN,0,NORMAL_BANKING_FLOW
TX_CANARA_114248,CANARA_ACC_20109,CANARA_ACC_20027,125119.57,2026-01-10 19:24:53,SETTLEMENT,RTGS,Canara Bank,IN,0,NORMAL_BANKING_FLOW
TX_CANARA_114249,CANARA_ACC_20196,INDUS_ACC_20173,264954.44,2026-01-10 21:24:00,SETTLEMENT,RTGS,Canara Bank,IN,0,NORMAL_BANKING_FLOW
TX_CANARA_114250,CANARA_ACC_20176,CANARA_ACC_20085,359597.34,2026-01-10 21:46:08,SETTLEMENT,RTGS,Canara Bank,IN,0,NORMAL_BANKING_FLOW
TX_CANARA_114251,CANARA_ACC_20247,CANARA_ACC_20233,1694430.08,2026-01-11 00:50:50,SETTLEMENT,NEFT,Canara Bank,IN,0,NORMAL_BANKING_FLOW
TX_CANARA_114252,CANARA_ACC_20079,CANARA_ACC_20165,188106.86,2026-01-10 19:26:09,SETTLEMENT,RTGS,Canara Bank,IN,0,NORMAL_BANKING_FLOW
TX_CANARA_114253,CANARA_ACC_20061,CANARA_ACC_20060,57286.07,2026-01-11 00:19:52,SETTLEMENT,RTGS,Canara Bank,IN,0,NORMAL_BANKING_FLOW
TX_CANARA_114254,CANARA_ACC_20135,CANARA_ACC_20117,380000.84,2026-01-10 19:59:26,SETTLEMENT,RTGS,Canara Bank,IN,0,NORMAL_BANKING_FLOW
TX_CANARA_114255,CANARA_ACC_20057,CANARA_ACC_20135,1051499.03,2026-01-10 21:59:42,SETTLEMENT,NEFT,Canara Bank,IN,0,NORMAL_BANKING_FLOW
TX_CANARA_114256,CANARA_ACC_20219,AXIS_ACC_20210,117883.4,2026-01-10 22:22:05,SETTLEMENT,NEFT,Canara Bank,IN,0,NORMAL_BANKING_FLOW
TX_CANARA_114257,CANARA_ACC_20211,SBI_ACC_20244,377407.78,2026-01-10 21:17:04,SETTLEMENT,NEFT,Canara Bank,IN,0,NORMAL_BANKING_FLOW
TX_CANARA_114258,CANARA_ACC_20037,HDFC_ACC_20127,556113.7,2026-01-10 20:44:42,SETTLEMENT,NEFT,Canara Bank,IN,0,NORMAL_BANKING_FLOW
TX_CANARA_114259,CANARA_ACC_20034,HDFC_ACC_20030,450028.21,2026-01-11 02:03:10,SETTLEMENT,RTGS,Canara Bank,IN,0,NORMAL_BANKING_FLOW
TX_CANARA_114260,CANARA_ACC_20136,CANARA_ACC_20063,184528.37,2026-01-11 01:09:10,SETTLEMENT,NEFT,Canara Bank,IN,0,NORMAL_BANKING_FLOW
TX_CANARA_114261,CANARA_ACC_20082,CANARA_ACC_20039,80945.09,2026-01-10 18:56:00,SETTLEMENT,RTGS,Canara Bank,IN,0,NORMAL_BANKING_FLOW
TX_CANARA_114262,CANARA_ACC_20004,CANARA_ACC_20165,150049.49,2026-01-11 00:04:44,SETTLEMENT,NEFT,Canara Bank,IN,0,NORMAL_BANKING_FLOW
TX_CANARA_114263,CANARA_ACC_20117,INDUS_ACC_20170,257455.06,2026-01-11 00:49:36,SETTLEMENT,NEFT,Canara Bank,IN,0,NORMAL_BANKING_FLOW
TX_CANARA_114264,CANARA_ACC_20096,CANARA_ACC_20232,403617.34,2026-01-10 19:18:54,SETTLEMENT,RTGS,Canara Bank,IN,0,NORMAL_BANKING_FLOW
TX_CANARA_114265,CANARA_ACC_20065,CANARA_ACC_20190,227281.6,2026-01-10 21:09:52,SETTLEMENT,NEFT,Canara Bank,IN,0,NORMAL_BANKING_FLOW
TX_CANARA_114266,CANARA_ACC_20103,BOB_ACC_20086,111311.96,2026-01-11 03:05:00,SETTLEMENT,RTGS,Canara Bank,IN,0,NORMAL_BANKING_FLOW
TX_CANARA_114267,CANARA_ACC_20202,CANARA_ACC_20205,283616.9,2026-01-10 21:55:12,SETTLEMENT,NEFT,Canara Bank,IN,0,NORMAL_BANKING_FLOW
TX_CANARA_114268,CANARA_ACC_20039,CANARA_ACC_20067,384648.45,2026-01-10 21:55:44,SETTLEMENT,NEFT,Canara Bank,IN,0,NORMAL_BANKING_FLOW
TX_CANARA_114269,CANARA_ACC_20247,YES_ACC_20053,237901.04,2026-01-10 23:25:20,SETTLEMENT,RTGS,Canara Bank,IN,0,NORMAL_BANKING_FLOW
TX_CANARA_114270,CANARA_ACC_20002,CANARA_ACC_20187,70531.37,2026-01-10 21:34:30,SETTLEMENT,NEFT,Canara Bank,IN,0,NORMAL_BANKING_FLOW
TX_CANARA_114271,CANARA_ACC_20025,CANARA_ACC_20104,135753.22,2026-01-10 18:47:30,SETTLEMENT,NEFT,Canara Bank,IN,0,NORMAL_BANKING_FLOW
TX_CANARA_114272,CANARA_ACC_20166,CANARA_ACC_20063,419920.54,2026-01-10 20:28:24,SETTLEMENT,NEFT,Canara Bank,IN,0,NORMAL_BANKING_FLOW
TX_CANARA_114273,CANARA_ACC_20030,BOB_ACC_20206,40822.24,2026-01-11 02:27:12,SETTLEMENT,RTGS,Canara Bank,IN,0,NORMAL_BANKING_FLOW
TX_CANARA_114274,CANARA_ACC_20151,CANARA_ACC_20193,20066.8,2026-01-11 02:16:55,SETTLEMENT,RTGS,Canara Bank,IN,0,NORMAL_BANKING_FLOW
TX_CANARA_114275,CANARA_ACC_20034,CANARA_ACC_20035,735336.02,2026-01-10 18:48:30,SETTLEMENT,NEFT,Canara Bank,IN,0,NORMAL_BANKING_FLOW
TX_CANARA_114276,CANARA_ACC_20184,CANARA_ACC_20137,271417.98,2026-01-10 19:22:30,SETTLEMENT,RTGS,Canara Bank,IN,0,NORMAL_BANKING_FLOW
TX_CANARA_114277,CANARA_ACC_20074,CANARA_ACC_20099,298561.14,2026-01-11 00:38:16,SETTLEMENT,RTGS,Canara Bank,IN,0,NORMAL_BANKING_FLOW
TX_CANARA_114278,CANARA_ACC_20106,CANARA_ACC_20116,55447.01,2026-01-10 22:57:29,SETTLEMENT,NEFT,Canara Bank,IN,0,NORMAL_BANKING_FLOW
TX_CANARA_114279,CANARA_ACC_20161,CANARA_ACC_20177,340281.35,2026-01-10 19:12:06,SETTLEMENT,RTGS,Canara Bank,IN,0,NORMAL_BANKING_FLOW
TX_CANARA_114280,CANARA_ACC_20121,CANARA_ACC_20237,214324.97,2026-01-10 21:39:30,SETTLEMENT,RTGS,Canara Bank,IN,0,NORMAL_BANKING_FLOW
TX_CANARA_114281,CANARA_ACC_20020,CANARA_ACC_20096,33378.67,2026-01-11 00:18:40,SETTLEMENT,RTGS,Canara Bank,IN,0,NORMAL_BANKING_FLOW
TX_CANARA_114282,CANARA_ACC_20089,INDUS_ACC_20189,676226.54,2026-01-10 21:40:30,SETTLEMENT,RTGS,Canara Bank,IN,0,NORMAL_BANKING_FLOW
TX_CANARA_114283,CANARA_ACC_20174,CANARA_ACC_20182,190743.2,2026-01-10 20:44:10,SETTLEMENT,NEFT,Canara Bank,IN,0,NORMAL_BANKING_FLOW
TX_CANARA_114284,CANARA_ACC_20236,CANARA_ACC_20009,109525.87,2026-01-10 22:27:02,SETTLEMENT,RTGS,Canara Bank,IN,0,NORMAL_BANKING_FLOW
TX_CANARA_114285,CANARA_ACC_20078,SBI_ACC_20147,111525.69,2026-01-10 19:25:12,SETTLEMENT,RTGS,Canara Bank,IN,0,NORMAL_BANKING_FLOW
TX_CANARA_114286,CANARA_ACC_20097,CANARA_ACC_20057,21693.72,2026-01-10 19:48:20,SETTLEMENT,RTGS,Canara Bank,IN,0,NORMAL_BANKING_FLOW
TX_CANARA_114287,CANARA_ACC_20094,CANARA_ACC_20024,294589.05,2026-01-10 23:14:28,SETTLEMENT,RTGS,Canara Bank,IN,0,NORMAL_BANKING_FLOW
TX_CANARA_114288,CANARA_ACC_20094,CANARA_ACC_20236,211473.97,2026-01-11 01:21:03,SETTLEMENT,RTGS,Canara Bank,IN,0,NORMAL_BANKING_FLOW
TX_CANARA_114289,CANARA_ACC_20079,INDUS_ACC_20085,134043.53,2026-01-10 22:29:52,SETTLEMENT,NEFT,Canara Bank,IN,0,NORMAL_BANKING_FLOW
TX_CANARA_114290,CANARA_ACC_20064,CANARA_ACC_20095,584484.3,2026-01-11 00:02:18,SETTLEMENT,NEFT,Canara Bank,IN,0,NORMAL_BANKING_FLOW
TX_CANARA_114291,CANARA_ACC_20152,INDUS_ACC_20190,40787.91,2026-01-10 22:08:00,SETTLEMENT,RTGS,Canara Bank,IN,0,NORMAL_BANKING_FLOW
TX_CANARA_114292,CANARA_ACC_20211,CANARA_ACC_20118,89610.48,2026-01-11 03:19:29,SETTLEMENT,RTGS,Canara Bank,IN,0,NORMAL_BANKING_FLOW
TX_CANARA_114293,CANARA_ACC_20233,HDFC_ACC_20041,69563.25,2026-01-10 23:18:16,SETTLEMENT,NEFT,Canara Bank,IN,0,NORMAL_BANKING_FLOW
TX_CANARA_114294,CANARA_ACC_20011,PNB_ACC_20034,123155.74,2026-01-10 21:46:30,SETTLEMENT,NEFT,Canara Bank,IN,0,NORMAL_BANKING_FLOW
TX_CANARA_114295,CANARA_ACC_20225,CANARA_ACC_20161,174114.78,2026-01-10 21:00:44,SETTLEMENT,RTGS,Canara Bank,IN,0,NORMAL_BANKING_FLOW
TX_CANARA_114296,CANARA_ACC_20123,CANARA_ACC_20152,250199.41,2026-01-10 19:51:40,SETTLEMENT,NEFT,Canara Bank,IN,0,NORMAL_BANKING_FLOW
TX_CANARA_114297,CANARA_ACC_20043,CANARA_ACC_20037,115039.01,2026-01-11 03:36:00,SETTLEMENT,RTGS,Canara Bank,IN,0,NORMAL_BANKING_FLOW
TX_CANARA_114298,CANARA_ACC_20198,CANARA_ACC_20151,67686.65,2026-01-10 20:03:57,SETTLEMENT,RTGS,Canara Bank,IN,0,NORMAL_BANKING_FLOW
TX_CANARA_114299,CANARA_ACC_20044,CANARA_ACC_20133,878531.42,2026-01-10 22:35:32,SETTLEMENT,NEFT,Canara Bank,IN,0,NORMAL_BANKING_FLOW
TX_CANARA_114300,CANARA_ACC_20221,BOB_ACC_20167,1815080.16,2026-01-10 20:27:57,SETTLEMENT,NEFT,Canara Bank,IN,0,NORMAL_BANKING_FLOW
TX_CANARA_114301,CANARA_ACC_20186,CANARA_ACC_20054,187828.89,2026-01-10 23:23:20,SETTLEMENT,RTGS,Canara Bank,IN,0,NORMAL_BANKING_FLOW
TX_CANARA_114302,CANARA_ACC_20183,CANARA_ACC_20114,76360.41,2026-01-10 22:25:33,SETTLEMENT,NEFT,Canara Bank,IN,0,NORMAL_BANKING_FLOW
TX_CANARA_114303,CANARA_ACC_20183,AXIS_ACC_20080,711730.16,2026-01-10 20:40:48,SETTLEMENT,NEFT,Canara Bank,IN,0,NORMAL_BANKING_FLOW
TX_CANARA_114304,CANARA_ACC_20054,CANARA_ACC_20017,38301.44,2026-01-11 00:58:58,SETTLEMENT,NEFT,Canara Bank,IN,0,NORMAL_BANKING_FLOW
TX_CANARA_114305,CANARA_ACC_20065,CANARA_ACC_20132,116451.09,2026-01-11 01:11:28,SETTLEMENT,NEFT,Canara Bank,IN,0,NORMAL_BANKING_FLOW
TX_CANARA_114306,CANARA_ACC_20190,PNB_ACC_20232,81136.07,2026-01-11 02:11:00,SETTLEMENT,NEFT,Canara Bank,IN,0,NORMAL_BANKING_FLOW
TX_CANARA_114307,CANARA_ACC_20081,PNB_ACC_20082,51045.08,2026-01-10 20:54:10,SETTLEMENT,NEFT,Canara Bank,IN,0,NORMAL_BANKING_FLOW
TX_CANARA_114308,CANARA_ACC_20146,CANARA_ACC_20080,123004.44,2026-01-11 02:48:05,SETTLEMENT,RTGS,Canara Bank,IN,0,NORMAL_BANKING_FLOW
TX_CANARA_114309,CANARA_ACC_20074,CANARA_ACC_20238,68584.92,2026-01-10 22:17:36,SETTLEMENT,NEFT,Canara Bank,IN,0,NORMAL_BANKING_FLOW
TX_CANARA_114310,CANARA_ACC_20140,CANARA_ACC_20228,164827.45,2026-01-10 19:32:42,SETTLEMENT,NEFT,Canara Bank,IN,0,NORMAL_BANKING_FLOW
TX_CANARA_114311,CANARA_ACC_20138,CANARA_ACC_20143,167238.66,2026-01-10 22:30:30,SETTLEMENT,NEFT,Canara Bank,IN,0,NORMAL_BANKING_FLOW
TX_CANARA_114312,CANARA_ACC_20109,HDFC_ACC_20237,87436.52,2026-01-10 23:54:00,SETTLEMENT,RTGS,Canara Bank,IN,0,NORMAL_BANKING_FLOW
TX_CANARA_114313,CANARA_ACC_20039,CANARA_ACC_20207,112362.63,2026-01-10 22:43:28,SETTLEMENT,NEFT,Canara Bank,IN,0,NORMAL_BANKING_FLOW
TX_CANARA_114314,CANARA_ACC_20221,CANARA_ACC_20148,129204.41,2026-01-11 03:41:07,SETTLEMENT,NEFT,Canara Bank,IN,0,NORMAL_BANKING_FLOW
TX_CANARA_114315,CANARA_ACC_20127,CANARA_ACC_20124,365801.48,2026-01-10 21:21:18,SETTLEMENT,NEFT,Canara Bank,IN,0,NORMAL_BANKING_FLOW
TX_CANARA_114316,CANARA_ACC_20025,CANARA_ACC_20092,140304.54,2026-01-11 02:07:45,SETTLEMENT,RTGS,Canara Bank,IN,0,NORMAL_BANKING_FLOW
TX_CANARA_114317,CANARA_ACC_20000,AXIS_ACC_20146,371276.27,2026-01-10 19:10:56,SETTLEMENT,RTGS,Canara Bank,IN,0,NORMAL_BANKING_FLOW
TX_CANARA_114318,CANARA_ACC_20085,CANARA_ACC_20001,292380.99,2026-01-10 23:10:12,SETTLEMENT,RTGS,Canara Bank,IN,0,NORMAL_BANKING_FLOW
TX_CANARA_114319,CANARA_ACC_20180,CANARA_ACC_20046,288234.8,2026-01-11 02:58:10,SETTLEMENT,NEFT,Canara Bank,IN,0,NORMAL_BANKING_FLOW
TX_CANARA_114320,CANARA_ACC_20061,CANARA_ACC_20217,652030.08,2026-01-11 02:35:07,SETTLEMENT,NEFT,Canara Bank,IN,0,NORMAL_BANKING_FLOW
TX_CANARA_114321,CANARA_ACC_20185,CANARA_ACC_20015,53135.96,2026-01-10 22:12:00,SETTLEMENT,RTGS,Canara Bank,IN,0,NORMAL_BANKING_FLOW
TX_CANARA_114322,CANARA_ACC_20242,BOB_ACC_20060,101398.84,2026-01-11 02:36:53,SETTLEMENT,RTGS,Canara Bank,IN,0,NORMAL_BANKING_FLOW
TX_CANARA_114323,CANARA_ACC_20025,AXIS_ACC_20070,949127.86,2026-01-10 23:01:10,SETTLEMENT,NEFT,Canara Bank,IN,0,NORMAL_BANKING_FLOW
TX_CANARA_114324,CANARA_ACC_20046,CANARA_ACC_20093,125829.55,2026-01-10 22:49:42,SETTLEMENT,RTGS,Canara Bank,IN,0,NORMAL_BANKING_FLOW
TX_CANARA_114325,CANARA_ACC_20173,CANARA_ACC_20234,9748.57,2026-01-10 22:14:04,SETTLEMENT,RTGS,Canara Bank,IN,0,NORMAL_BANKING_FLOW
TX_CANARA_114326,CANARA_ACC_20235,CANARA_ACC_20005,132857.4,2026-01-10 22:26:40,SETTLEMENT,NEFT,Canara Bank,IN,0,NORMAL_BANKING_FLOW
TX_CANARA_114327,CANARA_ACC_20109,CANARA_ACC_20097,186267.58,2026-01-10 22:03:00,SETTLEMENT,RTGS,Canara Bank,IN,0,NORMAL_BANKING_FLOW
TX_CANARA_114328,CANARA_ACC_20009,CANARA_ACC_20027,11883.27,2026-01-11 01:53:43,SETTLEMENT,NEFT,Canara Bank,IN,0,NORMAL_BANKING_FLOW
TX_CANARA_114329,CANARA_ACC_20088,CANARA_ACC_20147,617809.63,2026-01-10 20:26:56,SETTLEMENT,NEFT,Canara Bank,IN,0,NORMAL_BANKING_FLOW
TX_CANARA_114330,CANARA_ACC_20160,KOTAK_ACC_20099,79720.94,2026-01-11 01:43:12,SETTLEMENT,NEFT,Canara Bank,IN,0,NORMAL_BANKING_FLOW
TX_CANARA_114331,CANARA_ACC_20048,AXIS_ACC_20005,226061.67,2026-01-10 19:14:40,SETTLEMENT,NEFT,Canara Bank,IN,0,NORMAL_BANKING_FLOW
TX_CANARA_114332,CANARA_ACC_20221,CANARA_ACC_20237,129834.84,2026-01-11 02:57:54,SETTLEMENT,NEFT,Canara Bank,IN,0,NORMAL_BANKING_FLOW
TX_CANARA_114333,CANARA_ACC_20031,CANARA_ACC_20222,44875.56,2026-01-10 21:29:24,SETTLEMENT,NEFT,Canara Bank,IN,0,NORMAL_BANKING_FLOW
TX_CANARA_114334,CANARA_ACC_20082,CANARA_ACC_20247,55797.92,2026-01-10 19:39:54,SETTLEMENT,NEFT,Canara Bank,IN,0,NORMAL_BANKING_FLOW
TX_CANARA_114335,CANARA_ACC_20147,CANARA_ACC_20091,63889.94,2026-01-10 21:30:18,SETTLEMENT,RTGS,Canara Bank,IN,0,NORMAL_BANKING_FLOW
TX_CANARA_114336,CANARA_ACC_20049,CANARA_ACC_20047,481986.75,2026-01-10 23:21:00,SETTLEMENT,RTGS,Canara Bank,IN,0,NORMAL_BANKING_FLOW
TX_CANARA_114337,CANARA_ACC_20153,AXIS_ACC_20018,140429.63,2026-01-10 21:55:44,SETTLEMENT,NEFT,Canara Bank,IN,0,NORMAL_BANKING_FLOW
TX_CANARA_114338,CANARA_ACC_20019,BOB_ACC_20031,96580.73,2026-01-11 04:04:43,SETTLEMENT,NEFT,Canara Bank,IN,0,NORMAL_BANKING_FLOW
TX_CANARA_114339,CANARA_ACC_20010,CANARA_ACC_20126,63920.22,2026-01-10 20:30:36,SETTLEMENT,RTGS,Canara Bank,IN,0,NORMAL_BANKING_FLOW
TX_CANARA_114340,CANARA_ACC_20186,BOB_ACC_20006,538288.65,2026-01-11 01:14:15,SETTLEMENT,NEFT,Canara Bank,IN,0,NORMAL_BANKING_FLOW
TX_CANARA_114341,CANARA_ACC_20189,CANARA_ACC_20245,703766.06,2026-01-10 19:29:40,SETTLEMENT,RTGS,Canara Bank,IN,0,NORMAL_BANKING_FLOW
TX_CANARA_114342,CANARA_ACC_20210,CANARA_ACC_20220,532183.64,2026-01-11 02:17:30,SETTLEMENT,RTGS,Canara Bank,IN,0,NORMAL_BANKING_FLOW
TX_CANARA_114343,CANARA_ACC_20141,YES_ACC_20234,266315.6,2026-01-11 02:30:42,SETTLEMENT,RTGS,Canara Bank,IN,0,NORMAL_BANKING_FLOW
TX_CANARA_114344,CANARA_ACC_20106,INDUS_ACC_20130,217473.01,2026-01-10 19:05:45,SETTLEMENT,RTGS,Canara Bank,IN,0,NORMAL_BANKING_FLOW
TX_CANARA_114345,CANARA_ACC_20238,CANARA_ACC_20050,48245.71,2026-01-11 03:46:48,SETTLEMENT,RTGS,Canara Bank,IN,0,NORMAL_BANKING_FLOW
TX_CANARA_114346,CANARA_ACC_20008,CANARA_ACC_20055,127284.61,2026-01-10 20:08:20,SETTLEMENT,NEFT,Canara Bank,IN,0,NORMAL_BANKING_FLOW
TX_CANARA_114347,CANARA_ACC_20016,CANARA_ACC_20126,82136.67,2026-01-10 22:00:34,SETTLEMENT,RTGS,Canara Bank,IN,0,NORMAL_BANKING_FLOW
TX_CANARA_114348,CANARA_ACC_20155,HDFC_ACC_20216,26225.51,2026-01-10 20:46:21,SETTLEMENT,RTGS,Canara Bank,IN,0,NORMAL_BANKING_FLOW
TX_CANARA_114349,CANARA_ACC_20078,CANARA_ACC_20153,468383.84,2026-01-10 22:38:56,SETTLEMENT,NEFT,Canara Bank,IN,0,NORMAL_BANKING_FLOW
TX_CANARA_114350,CANARA_ACC_20246,CANARA_ACC_20153,81159.37,2026-01-10 22:02:01,SETTLEMENT,NEFT,Canara Bank,IN,0,NORMAL_BANKING_FLOW
TX_CANARA_114351,CANARA_ACC_20168,CANARA_ACC_20225,538176.53,2026-01-11 02:00:00,SETTLEMENT,NEFT,Canara Bank,IN,0,NORMAL_BANKING_FLOW
TX_CANARA_114352,CANARA_ACC_20081,YES_ACC_20045,393071.34,2026-01-10 22:53:03,SETTLEMENT,NEFT,Canara Bank,IN,0,NORMAL_BANKING_FLOW
TX_CANARA_114353,CANARA_ACC_20003,CANARA_ACC_20234,283996.72,2026-01-10 23:56:16,SETTLEMENT,RTGS,Canara Bank,IN,0,NORMAL_BANKING_FLOW
TX_CANARA_114354,CANARA_ACC_20170,BOB_ACC_20072,300404.17,2026-01-10 23:31:48,SETTLEMENT,RTGS,Canara Bank,IN,0,NORMAL_BANKING_FLOW
TX_CANARA_114355,CANARA_ACC_20221,CANARA_ACC_20052,87964.28,2026-01-11 02:40:54,SETTLEMENT,NEFT,Canara Bank,IN,0,NORMAL_BANKING_FLOW
TX_CANARA_114356,CANARA_ACC_20009,CANARA_ACC_20029,1043248.7,2026-01-10 21:27:10,SETTLEMENT,RTGS,Canara Bank,IN,0,NORMAL_BANKING_FLOW
TX_CANARA_114357,CANARA_ACC_20168,CANARA_ACC_20232,169927.21,2026-01-11 03:07:48,SETTLEMENT,NEFT,Canara Bank,IN,0,NORMAL_BANKING_FLOW
TX_CANARA_114358,CANARA_ACC_20028,CANARA_ACC_20130,220120.78,2026-01-11 00:24:40,SETTLEMENT,NEFT,Canara Bank,IN,0,NORMAL_BANKING_FLOW
TX_CANARA_114359,CANARA_ACC_20093,CANARA_ACC_20012,85043.97,2026-01-10 23:47:26,SETTLEMENT,NEFT,Canara Bank,IN,0,NORMAL_BANKING_FLOW
TX_CANARA_114360,CANARA_ACC_20139,CANARA_ACC_20181,64140.72,2026-01-10 23:48:03,SETTLEMENT,NEFT,Canara Bank,IN,0,NORMAL_BANKING_FLOW
TX_CANARA_114361,CANARA_ACC_20236,CANARA_ACC_20222,262313.6,2026-01-11 01:17:20,SETTLEMENT,RTGS,Canara Bank,IN,0,NORMAL_BANKING_FLOW
TX_CANARA_114362,CANARA_ACC_20098,ICICI_ACC_20075,202301.31,2026-01-10 20:13:40,SETTLEMENT,NEFT,Canara Bank,IN,0,NORMAL_BANKING_FLOW
TX_CANARA_114363,CANARA_ACC_20126,CANARA_ACC_20181,73913.27,2026-01-10 23:11:48,SETTLEMENT,NEFT,Canara Bank,IN,0,NORMAL_BANKING_FLOW
TX_CANARA_114364,CANARA_ACC_20161,HDFC_ACC_20022,38621.84,2026-01-10 19:10:45,SETTLEMENT,RTGS,Canara Bank,IN,0,NORMAL_BANKING_FLOW
TX_CANARA_114365,CANARA_ACC_20013,CANARA_ACC_20046,45710.21,2026-01-10 19:23:44,SETTLEMENT,RTGS,Canara Bank,IN,0,NORMAL_BANKING_FLOW
TX_CANARA_114366,CANARA_ACC_20228,CANARA_ACC_20026,538279.77,2026-01-11 03:54:00,SETTLEMENT,RTGS,Canara Bank,IN,0,NORMAL_BANKING_FLOW
TX_CANARA_114367,CANARA_ACC_20168,CANARA_ACC_20066,88145.68,2026-01-10 21:44:42,SETTLEMENT,RTGS,Canara Bank,IN,0,NORMAL_BANKING_FLOW
TX_CANARA_114368,CANARA_ACC_20241,CANARA_ACC_20035,115970.54,2026-01-11 02:13:36,SETTLEMENT,RTGS,Canara Bank,IN,0,NORMAL_BANKING_FLOW
TX_CANARA_114369,CANARA_ACC_20086,HDFC_ACC_20113,694078.44,2026-01-11 00:06:24,SETTLEMENT,NEFT,Canara Bank,IN,0,NORMAL_BANKING_FLOW
TX_CANARA_114370,CANARA_ACC_20239,CANARA_ACC_20092,52989.52,2026-01-11 01:49:34,SETTLEMENT,RTGS,Canara Bank,IN,0,NORMAL_BANKING_FLOW
TX_CANARA_114371,CANARA_ACC_20091,CANARA_ACC_20099,78669.06,2026-01-10 22:12:10,SETTLEMENT,NEFT,Canara Bank,IN,0,NORMAL_BANKING_FLOW
TX_CANARA_114372,CANARA_ACC_20127,CANARA_ACC_20065,75450.58,2026-01-10 22:12:39,SETTLEMENT,RTGS,Canara Bank,IN,0,NORMAL_BANKING_FLOW
TX_CANARA_114373,CANARA_ACC_20139,CANARA_ACC_20018,820827.68,2026-01-10 21:47:24,SETTLEMENT,RTGS,Canara Bank,IN,0,NORMAL_BANKING_FLOW
TX_CANARA_114374,CANARA_ACC_20194,SBI_ACC_20236,1194673.52,2026-01-11 03:35:42,SETTLEMENT,NEFT,Canara Bank,IN,0,NORMAL_BANKING_FLOW
TX_CANARA_114375,CANARA_ACC_20045,CANARA_ACC_20203,345090.93,2026-01-10 19:26:24,SETTLEMENT,NEFT,Canara Bank,IN,0,NORMAL_BANKING_FLOW
TX_CANARA_114376,CANARA_ACC_20115,CANARA_ACC_20203,356248.83,2026-01-10 20:05:25,SETTLEMENT,RTGS,Canara Bank,IN,0,NORMAL_BANKING_FLOW
TX_CANARA_114377,CANARA_ACC_20101,ICICI_ACC_20095,91093.8,2026-01-10 19:26:56,SETTLEMENT,NEFT,Canara Bank,IN,0,NORMAL_BANKING_FLOW
TX_CANARA_114378,CANARA_ACC_20249,BOB_ACC_20120,1140900.58,2026-01-11 04:18:09,SETTLEMENT,RTGS,Canara Bank,IN,0,NORMAL_BANKING_FLOW
TX_CANARA_114379,CANARA_ACC_20024,CANARA_ACC_20129,212712.39,2026-01-10 23:07:54,SETTLEMENT,NEFT,Canara Bank,IN,0,NORMAL_BANKING_FLOW
TX_CANARA_114380,CANARA_ACC_20044,CANARA_ACC_20189,381974.93,2026-01-10 23:21:26,SETTLEMENT,RTGS,Canara Bank,IN,0,NORMAL_BANKING_FLOW
TX_CANARA_114381,CANARA_ACC_20124,CANARA_ACC_20231,146455.23,2026-01-10 21:38:00,SETTLEMENT,RTGS,Canara Bank,IN,0,NORMAL_BANKING_FLOW
TX_CANARA_114382,CANARA_ACC_20181,CANARA_ACC_20014,124488.35,2026-01-11 03:55:55,SETTLEMENT,NEFT,Canara Bank,IN,0,NORMAL_BANKING_FLOW
TX_CANARA_114383,CANARA_ACC_20073,YES_ACC_20142,858586.11,2026-01-11 04:22:54,SETTLEMENT,RTGS,Canara Bank,IN,0,NORMAL_BANKING_FLOW
TX_CANARA_114384,CANARA_ACC_20171,CANARA_ACC_20110,279211.18,2026-01-11 03:05:33,SETTLEMENT,RTGS,Canara Bank,IN,0,NORMAL_BANKING_FLOW
TX_CANARA_114385,CANARA_ACC_20017,CANARA_ACC_20135,694797.32,2026-01-11 01:48:00,SETTLEMENT,NEFT,Canara Bank,IN,0,NORMAL_BANKING_FLOW
TX_CANARA_114386,CANARA_ACC_20171,HDFC_ACC_20162,210097.75,2026-01-10 23:11:45,SETTLEMENT,RTGS,Canara Bank,IN,0,NORMAL_BANKING_FLOW
TX_CANARA_114387,CANARA_ACC_20060,CANARA_ACC_20177,69677.55,2026-01-10 21:14:24,SETTLEMENT,NEFT,Canara Bank,IN,0,NORMAL_BANKING_FLOW
TX_CANARA_114388,CANARA_ACC_20152,CANARA_ACC_20078,90822.02,2026-01-10 21:01:41,SETTLEMENT,RTGS,Canara Bank,IN,0,NORMAL_BANKING_FLOW
TX_CANARA_114389,CANARA_ACC_20202,CANARA_ACC_20151,180406.02,2026-01-11 00:05:56,SETTLEMENT,RTGS,Canara Bank,IN,0,NORMAL_BANKING_FLOW
TX_CANARA_114390,CANARA_ACC_20195,CANARA_ACC_20229,86985.77,2026-01-11 01:38:36,SETTLEMENT,NEFT,Canara Bank,IN,0,NORMAL_BANKING_FLOW
TX_CANARA_114391,CANARA_ACC_20133,CANARA_ACC_20056,53773.64,2026-01-10 19:43:50,SETTLEMENT,RTGS,Canara Bank,IN,0,NORMAL_BANKING_FLOW
TX_CANARA_114392,CANARA_ACC_20070,BOB_ACC_20092,541131.19,2026-01-11 02:19:37,SETTLEMENT,NEFT,Canara Bank,IN,0,NORMAL_BANKING_FLOW
TX_CANARA_114393,CANARA_ACC_20074,CANARA_ACC_20161,94384.29,2026-01-10 21:16:48,SETTLEMENT,RTGS,Canara Bank,IN,0,NORMAL_BANKING_FLOW
TX_CANARA_114394,CANARA_ACC_20078,INDUS_ACC_20225,186874.54,2026-01-11 04:33:21,SETTLEMENT,NEFT,Canara Bank,IN,0,NORMAL_BANKING_FLOW
TX_CANARA_114395,CANARA_ACC_20075,CANARA_ACC_20124,218848.19,2026-01-10 22:10:32,SETTLEMENT,RTGS,Canara Bank,IN,0,NORMAL_BANKING_FLOW
TX_CANARA_114396,CANARA_ACC_20217,CANARA_ACC_20031,90386.2,2026-01-10 22:50:45,SETTLEMENT,RTGS,Canara Bank,IN,0,NORMAL_BANKING_FLOW
TX_CANARA_114397,CANARA_ACC_20003,CANARA_ACC_20200,694397.24,2026-01-10 22:38:00,SETTLEMENT,NEFT,Canara Bank,IN,0,NORMAL_BANKING_FLOW
TX_CANARA_114398,CANARA_ACC_20042,BOB_ACC_20023,53255.6,2026-01-11 00:24:46,SETTLEMENT,NEFT,Canara Bank,IN,0,NORMAL_BANKING_FLOW
TX_CANARA_114399,CANARA_ACC_20149,CANARA_ACC_20138,211424.93,2026-01-11 00:12:06,SETTLEMENT,RTGS,Canara Bank,IN,0,NORMAL_BANKING_FLOW
TX_CANARA_114400,CANARA_ACC_20050,CANARA_ACC_20187,208171.54,2026-01-11 02:52:31,SETTLEMENT,NEFT,Canara Bank,IN,0,NORMAL_BANKING_FLOW
TX_CANARA_114401,CANARA_ACC_20098,CANARA_ACC_20169,154159.86,2026-01-11 03:06:40,SETTLEMENT,RTGS,Canara Bank,IN,0,NORMAL_BANKING_FLOW
TX_CANARA_114402,CANARA_ACC_20059,CANARA_ACC_20241,44493.01,2026-01-11 03:07:30,SETTLEMENT,RTGS,Canara Bank,IN,0,NORMAL_BANKING_FLOW
TX_CANARA_114403,CANARA_ACC_20063,CANARA_ACC_20085,388798.91,2026-01-11 00:27:56,SETTLEMENT,NEFT,Canara Bank,IN,0,NORMAL_BANKING_FLOW
TX_CANARA_114404,CANARA_ACC_20082,KOTAK_ACC_20092,342323.22,2026-01-11 05:23:00,SETTLEMENT,NEFT,Canara Bank,IN,0,NORMAL_BANKING_FLOW
TX_CANARA_114405,CANARA_ACC_20020,CANARA_ACC_20140,82820.55,2026-01-11 01:36:12,SETTLEMENT,NEFT,Canara Bank,IN,0,NORMAL_BANKING_FLOW
TX_CANARA_114406,CANARA_ACC_20209,HDFC_ACC_20193,330211.03,2026-01-11 04:44:45,SETTLEMENT,NEFT,Canara Bank,IN,0,NORMAL_BANKING_FLOW
TX_CANARA_114407,CANARA_ACC_20040,CANARA_ACC_20013,236784.96,2026-01-11 04:32:16,SETTLEMENT,NEFT,Canara Bank,IN,0,NORMAL_BANKING_FLOW
TX_CANARA_114408,CANARA_ACC_20130,CANARA_ACC_20020,45224.21,2026-01-11 02:05:15,SETTLEMENT,NEFT,Canara Bank,IN,0,NORMAL_BANKING_FLOW
TX_CANARA_114409,CANARA_ACC_20057,CANARA_ACC_20113,69291.05,2026-01-10 23:10:56,SETTLEMENT,NEFT,Canara Bank,IN,0,NORMAL_BANKING_FLOW
TX_CANARA_114410,CANARA_ACC_20174,CANARA_ACC_20213,508022.72,2026-01-10 23:11:28,SETTLEMENT,RTGS,Canara Bank,IN,0,NORMAL_BANKING_FLOW
TX_CANARA_114411,CANARA_ACC_20031,YES_ACC_20194,221774.46,2026-01-11 00:33:00,SETTLEMENT,RTGS,Canara Bank,IN,0,NORMAL_BANKING_FLOW
TX_CANARA_114412,CANARA_ACC_20049,CANARA_ACC_20105,92567.84,2026-01-10 22:31:59,SETTLEMENT,RTGS,Canara Bank,IN,0,NORMAL_BANKING_FLOW
TX_CANARA_114413,CANARA_ACC_20067,YES_ACC_20100,68976.7,2026-01-11 00:07:12,SETTLEMENT,RTGS,Canara Bank,IN,0,NORMAL_BANKING_FLOW
TX_CANARA_114414,CANARA_ACC_20023,PNB_ACC_20188,97207.8,2026-01-11 00:34:54,SETTLEMENT,NEFT,Canara Bank,IN,0,NORMAL_BANKING_FLOW
TX_CANARA_114415,CANARA_ACC_20100,PNB_ACC_20085,104351.52,2026-01-11 03:31:54,SETTLEMENT,NEFT,Canara Bank,IN,0,NORMAL_BANKING_FLOW
TX_CANARA_114416,CANARA_ACC_20023,ICICI_ACC_20200,69845.22,2026-01-11 04:27:05,SETTLEMENT,RTGS,Canara Bank,IN,0,NORMAL_BANKING_FLOW
TX_CANARA_114417,CANARA_ACC_20039,CANARA_ACC_20056,28516.44,2026-01-11 03:20:00,SETTLEMENT,NEFT,Canara Bank,IN,0,NORMAL_BANKING_FLOW
TX_CANARA_114418,CANARA_ACC_20029,CANARA_ACC_20023,508903.29,2026-01-11 01:31:54,SETTLEMENT,NEFT,Canara Bank,IN,0,NORMAL_BANKING_FLOW
TX_CANARA_114419,CANARA_ACC_20233,ICICI_ACC_20208,429610.25,2026-01-10 23:43:32,SETTLEMENT,RTGS,Canara Bank,IN,0,NORMAL_BANKING_FLOW
TX_CANARA_114420,CANARA_ACC_20246,KOTAK_ACC_20084,45558.14,2026-01-11 05:11:42,SETTLEMENT,NEFT,Canara Bank,IN,0,NORMAL_BANKING_FLOW
TX_CANARA_114421,CANARA_ACC_20144,CANARA_ACC_20207,186523.27,2026-01-10 22:09:00,SETTLEMENT,RTGS,Canara Bank,IN,0,NORMAL_BANKING_FLOW
TX_CANARA_114422,CANARA_ACC_20072,HDFC_ACC_20140,66023.22,2026-01-10 23:58:55,SETTLEMENT,NEFT,Canara Bank,IN,0,NORMAL_BANKING_FLOW
TX_CANARA_114423,CANARA_ACC_20085,CANARA_ACC_20002,125295.82,2026-01-11 05:00:54,SETTLEMENT,NEFT,Canara Bank,IN,0,NORMAL_BANKING_FLOW
TX_CANARA_114424,CANARA_ACC_20185,CANARA_ACC_20189,115293.16,2026-01-10 19:39:28,SETTLEMENT,RTGS,Canara Bank,IN,0,NORMAL_BANKING_FLOW
TX_CANARA_114425,CANARA_ACC_20154,CANARA_ACC_20040,106103.02,2026-01-10 19:26:00,SETTLEMENT,RTGS,Canara Bank,IN,0,NORMAL_BANKING_FLOW
TX_CANARA_114426,CANARA_ACC_20224,CANARA_ACC_20157,1206153.69,2026-01-10 19:40:00,SETTLEMENT,RTGS,Canara Bank,IN,0,NORMAL_BANKING_FLOW
TX_CANARA_114427,CANARA_ACC_20178,CANARA_ACC_20009,104785.88,2026-01-11 01:10:40,SETTLEMENT,RTGS,Canara Bank,IN,0,NORMAL_BANKING_FLOW
TX_CANARA_114428,CANARA_ACC_20151,CANARA_ACC_20152,72528.59,2026-01-11 04:38:05,SETTLEMENT,RTGS,Canara Bank,IN,0,NORMAL_BANKING_FLOW
TX_CANARA_114429,CANARA_ACC_20147,CANARA_ACC_20057,75918.72,2026-01-11 01:39:36,SETTLEMENT,NEFT,Canara Bank,IN,0,NORMAL_BANKING_FLOW
TX_CANARA_114430,CANARA_ACC_20226,CANARA_ACC_20216,462211.08,2026-01-10 20:50:09,SETTLEMENT,NEFT,Canara Bank,IN,0,NORMAL_BANKING_FLOW
TX_CANARA_114431,CANARA_ACC_20117,CANARA_ACC_20019,31191.4,2026-01-11 05:08:30,SETTLEMENT,RTGS,Canara Bank,IN,0,NORMAL_BANKING_FLOW
TX_CANARA_114432,CANARA_ACC_20066,CANARA_ACC_20239,75915.57,2026-01-11 00:18:36,SETTLEMENT,NEFT,Canara Bank,IN,0,NORMAL_BANKING_FLOW
TX_CANARA_114433,CANARA_ACC_20216,CANARA_ACC_20108,691641.36,2026-01-11 05:24:16,SETTLEMENT,NEFT,Canara Bank,IN,0,NORMAL_BANKING_FLOW
TX_CANARA_114434,CANARA_ACC_20012,CANARA_ACC_20135,207728.29,2026-01-11 00:05:55,SETTLEMENT,NEFT,Canara Bank,IN,0,NORMAL_BANKING_FLOW
TX_CANARA_114435,CANARA_ACC_20207,BOB_ACC_20084,197189.8,2026-01-11 01:43:48,SETTLEMENT,NEFT,Canara Bank,IN,0,NORMAL_BANKING_FLOW
TX_CANARA_114436,CANARA_ACC_20140,CANARA_ACC_20051,1372502.76,2026-01-10 21:06:10,SETTLEMENT,RTGS,Canara Bank,IN,0,NORMAL_BANKING_FLOW
TX_CANARA_114437,CANARA_ACC_20212,CANARA_ACC_20167,208219.47,2026-01-11 03:36:40,SETTLEMENT,RTGS,Canara Bank,IN,0,NORMAL_BANKING_FLOW
TX_CANARA_114438,CANARA_ACC_20156,CANARA_ACC_20015,80162.72,2026-01-11 03:09:36,SETTLEMENT,NEFT,Canara Bank,IN,0,NORMAL_BANKING_FLOW
TX_CANARA_114439,CANARA_ACC_20086,KOTAK_ACC_20238,122752.2,2026-01-10 20:25:22,SETTLEMENT,RTGS,Canara Bank,IN,0,NORMAL_BANKING_FLOW
TX_CANARA_114440,CANARA_ACC_20094,INDUS_ACC_20131,52290.38,2026-01-11 05:45:01,SETTLEMENT,NEFT,Canara Bank,IN,0,NORMAL_BANKING_FLOW
TX_CANARA_114441,CANARA_ACC_20022,CANARA_ACC_20142,571452.73,2026-01-11 04:08:00,SETTLEMENT,RTGS,Canara Bank,IN,0,NORMAL_BANKING_FLOW
TX_CANARA_114442,CANARA_ACC_20097,CANARA_ACC_20197,289109.77,2026-01-11 05:04:56,SETTLEMENT,NEFT,Canara Bank,IN,0,NORMAL_BANKING_FLOW
TX_CANARA_114443,CANARA_ACC_20136,CANARA_ACC_20069,501026.44,2026-01-11 02:45:32,SETTLEMENT,RTGS,Canara Bank,IN,0,NORMAL_BANKING_FLOW
TX_CANARA_114444,CANARA_ACC_20143,HDFC_ACC_20178,547426.74,2026-01-11 03:00:21,SETTLEMENT,RTGS,Canara Bank,IN,0,NORMAL_BANKING_FLOW
TX_CANARA_114445,CANARA_ACC_20103,YES_ACC_20095,107558.4,2026-01-10 23:16:04,SETTLEMENT,RTGS,Canara Bank,IN,0,NORMAL_BANKING_FLOW
TX_CANARA_114446,CANARA_ACC_20178,PNB_ACC_20074,63275.1,2026-01-11 02:19:40,SETTLEMENT,RTGS,Canara Bank,IN,0,NORMAL_BANKING_FLOW
TX_CANARA_114447,CANARA_ACC_20024,AXIS_ACC_20194,154552.15,2026-01-10 19:45:36,SETTLEMENT,NEFT,Canara Bank,IN,0,NORMAL_BANKING_FLOW
TX_CANARA_114448,CANARA_ACC_20175,CANARA_ACC_20050,67998.36,2026-01-10 23:45:51,SETTLEMENT,RTGS,Canara Bank,IN,0,NORMAL_BANKING_FLOW
TX_CANARA_114449,CANARA_ACC_20171,CANARA_ACC_20158,191943.6,2026-01-11 04:43:12,SETTLEMENT,RTGS,Canara Bank,IN,0,NORMAL_BANKING_FLOW
TX_CANARA_114450,CANARA_ACC_20247,CANARA_ACC_20229,504890.51,2026-01-11 00:43:33,SETTLEMENT,RTGS,Canara Bank,IN,0,NORMAL_BANKING_FLOW
TX_CANARA_114451,CANARA_ACC_20209,CANARA_ACC_20005,137566.18,2026-01-11 04:59:10,SETTLEMENT,RTGS,Canara Bank,IN,0,NORMAL_BANKING_FLOW
TX_CANARA_114452,CANARA_ACC_20140,PNB_ACC_20016,189093.16,2026-01-10 20:01:07,SETTLEMENT,NEFT,Canara Bank,IN,0,NORMAL_BANKING_FLOW
TX_CANARA_114453,CANARA_ACC_20187,CANARA_ACC_20161,148175.76,2026-01-11 05:01:00,SETTLEMENT,NEFT,Canara Bank,IN,0,NORMAL_BANKING_FLOW
TX_CANARA_114454,CANARA_ACC_20132,BOB_ACC_20157,363206.77,2026-01-10 20:15:54,SETTLEMENT,NEFT,Canara Bank,IN,0,NORMAL_BANKING_FLOW
TX_CANARA_114455,CANARA_ACC_20011,CANARA_ACC_20030,83467.92,2026-01-11 05:45:32,SETTLEMENT,RTGS,Canara Bank,IN,0,NORMAL_BANKING_FLOW
TX_CANARA_114456,CANARA_ACC_20100,SBI_ACC_20070,18097.95,2026-01-10 23:50:15,SETTLEMENT,RTGS,Canara Bank,IN,0,NORMAL_BANKING_FLOW
TX_CANARA_114457,CANARA_ACC_20223,CANARA_ACC_20047,260633.08,2026-01-10 19:34:00,SETTLEMENT,RTGS,Canara Bank,IN,0,NORMAL_BANKING_FLOW
TX_CANARA_114458,CANARA_ACC_20144,ICICI_ACC_20089,437063.78,2026-01-11 01:59:54,SETTLEMENT,NEFT,Canara Bank,IN,0,NORMAL_BANKING_FLOW
TX_CANARA_114459,CANARA_ACC_20182,CANARA_ACC_20113,254326.52,2026-01-11 04:09:18,SETTLEMENT,RTGS,Canara Bank,IN,0,NORMAL_BANKING_FLOW
TX_CANARA_114460,CANARA_ACC_20219,CANARA_ACC_20144,85799.59,2026-01-11 02:01:18,SETTLEMENT,NEFT,Canara Bank,IN,0,NORMAL_BANKING_FLOW
TX_CANARA_114461,CANARA_ACC_20051,CANARA_ACC_20114,52312.36,2026-01-11 03:56:40,SETTLEMENT,RTGS,Canara Bank,IN,0,NORMAL_BANKING_FLOW
TX_CANARA_114462,CANARA_ACC_20034,SBI_ACC_20110,266864.82,2026-01-10 21:30:03,SETTLEMENT,NEFT,Canara Bank,IN,0,NORMAL_BANKING_FLOW
TX_CANARA_114463,CANARA_ACC_20248,CANARA_ACC_20148,187489.66,2026-01-11 01:34:40,SETTLEMENT,RTGS,Canara Bank,IN,0,NORMAL_BANKING_FLOW
TX_CANARA_114464,CANARA_ACC_20240,CANARA_ACC_20054,143516.8,2026-01-11 05:25:28,SETTLEMENT,NEFT,Canara Bank,IN,0,NORMAL_BANKING_FLOW
TX_CANARA_114465,CANARA_ACC_20082,CANARA_ACC_20121,1006977.01,2026-01-10 19:50:24,SETTLEMENT,NEFT,Canara Bank,IN,0,NORMAL_BANKING_FLOW
TX_CANARA_114466,CANARA_ACC_20201,SBI_ACC_20242,63145.69,2026-01-10 23:26:55,SETTLEMENT,NEFT,Canara Bank,IN,0,NORMAL_BANKING_FLOW
TX_CANARA_114467,CANARA_ACC_20132,CANARA_ACC_20184,960334.58,2026-01-11 03:18:22,SETTLEMENT,RTGS,Canara Bank,IN,0,NORMAL_BANKING_FLOW
TX_CANARA_114468,CANARA_ACC_20035,CANARA_ACC_20133,168010.86,2026-01-11 01:38:00,SETTLEMENT,RTGS,Canara Bank,IN,0,NORMAL_BANKING_FLOW
TX_CANARA_114469,CANARA_ACC_20236,KOTAK_ACC_20241,25963.05,2026-01-10 21:18:16,SETTLEMENT,RTGS,Canara Bank,IN,0,NORMAL_BANKING_FLOW
TX_CANARA_114470,CANARA_ACC_20124,CANARA_ACC_20076,136052.67,2026-01-11 04:33:08,SETTLEMENT,RTGS,Canara Bank,IN,0,NORMAL_BANKING_FLOW
TX_CANARA_114471,CANARA_ACC_20158,HDFC_ACC_20109,424851.97,2026-01-10 21:33:30,SETTLEMENT,NEFT,Canara Bank,IN,0,NORMAL_BANKING_FLOW
TX_CANARA_114472,CANARA_ACC_20157,CANARA_ACC_20241,112977.61,2026-01-10 22:46:28,SETTLEMENT,RTGS,Canara Bank,IN,0,NORMAL_BANKING_FLOW
TX_CANARA_114473,CANARA_ACC_20193,ICICI_ACC_20000,37243.08,2026-01-10 19:52:32,SETTLEMENT,NEFT,Canara Bank,IN,0,NORMAL_BANKING_FLOW
TX_CANARA_114474,CANARA_ACC_20135,BOB_ACC_20181,138065.77,2026-01-10 22:03:45,SETTLEMENT,RTGS,Canara Bank,IN,0,NORMAL_BANKING_FLOW
TX_CANARA_114475,CANARA_ACC_20148,CANARA_ACC_20236,69066.68,2026-01-10 22:04:10,SETTLEMENT,RTGS,Canara Bank,IN,0,NORMAL_BANKING_FLOW
TX_CANARA_114476,CANARA_ACC_20143,YES_ACC_20121,266149.75,2026-01-11 03:10:50,SETTLEMENT,NEFT,Canara Bank,IN,0,NORMAL_BANKING_FLOW
TX_CANARA_114477,CANARA_ACC_20080,CANARA_ACC_20229,352709.42,2026-01-10 20:08:12,SETTLEMENT,RTGS,Canara Bank,IN,0,NORMAL_BANKING_FLOW
TX_CANARA_114478,CANARA_ACC_20068,CANARA_ACC_20022,56598.04,2026-01-11 00:16:58,SETTLEMENT,RTGS,Canara Bank,IN,0,NORMAL_BANKING_FLOW
TX_CANARA_114479,CANARA_ACC_20032,CANARA_ACC_20056,80353.9,2026-01-10 20:08:46,SETTLEMENT,RTGS,Canara Bank,IN,0,NORMAL_BANKING_FLOW
TX_CANARA_114480,CANARA_ACC_20229,CANARA_ACC_20103,346848.19,2026-01-10 21:51:36,SETTLEMENT,NEFT,Canara Bank,IN,0,NORMAL_BANKING_FLOW
TX_CANARA_114481,CANARA_ACC_20067,SBI_ACC_20150,68951.3,2026-01-11 03:00:00,SETTLEMENT,RTGS,Canara Bank,IN,0,NORMAL_BANKING_FLOW
TX_CANARA_114482,CANARA_ACC_20087,KOTAK_ACC_20037,55151.65,2026-01-10 22:21:46,SETTLEMENT,RTGS,Canara Bank,IN,0,NORMAL_BANKING_FLOW
TX_CANARA_114483,CANARA_ACC_20150,CANARA_ACC_20027,50076.59,2026-01-11 03:16:12,SETTLEMENT,NEFT,Canara Bank,IN,0,NORMAL_BANKING_FLOW
TX_CANARA_114484,CANARA_ACC_20218,CANARA_ACC_20139,231431.36,2026-01-11 06:28:17,SETTLEMENT,RTGS,Canara Bank,IN,0,NORMAL_BANKING_FLOW
TX_CANARA_114485,CANARA_ACC_20071,CANARA_ACC_20235,221717.14,2026-01-10 20:25:12,SETTLEMENT,NEFT,Canara Bank,IN,0,NORMAL_BANKING_FLOW
TX_CANARA_114486,CANARA_ACC_20210,CANARA_ACC_20140,82121.4,2026-01-11 02:49:00,SETTLEMENT,NEFT,Canara Bank,IN,0,NORMAL_BANKING_FLOW
TX_CANARA_114487,CANARA_ACC_20010,KOTAK_ACC_20088,163584.57,2026-01-11 05:46:56,SETTLEMENT,NEFT,Canara Bank,IN,0,NORMAL_BANKING_FLOW
TX_CANARA_114488,CANARA_ACC_20202,CANARA_ACC_20237,749478.11,2026-01-10 19:56:32,SETTLEMENT,RTGS,Canara Bank,IN,0,NORMAL_BANKING_FLOW
TX_CANARA_114489,CANARA_ACC_20175,BOB_ACC_20207,61447.59,2026-01-11 03:20:48,SETTLEMENT,RTGS,Canara Bank,IN,0,NORMAL_BANKING_FLOW
TX_CANARA_114490,CANARA_ACC_20094,HDFC_ACC_20152,23115.47,2026-01-11 06:49:00,SETTLEMENT,NEFT,Canara Bank,IN,0,NORMAL_BANKING_FLOW
TX_CANARA_114491,CANARA_ACC_20141,CANARA_ACC_20203,256549.16,2026-01-11 03:22:20,SETTLEMENT,NEFT,Canara Bank,IN,0,NORMAL_BANKING_FLOW
TX_CANARA_114492,CANARA_ACC_20112,CANARA_ACC_20226,145742.82,2026-01-11 00:24:54,SETTLEMENT,NEFT,Canara Bank,IN,0,NORMAL_BANKING_FLOW
TX_CANARA_114493,CANARA_ACC_20043,INDUS_ACC_20248,80015.44,2026-01-10 21:56:48,SETTLEMENT,NEFT,Canara Bank,IN,0,NORMAL_BANKING_FLOW
TX_CANARA_114494,CANARA_ACC_20085,CANARA_ACC_20105,312412.67,2026-01-10 23:41:23,SETTLEMENT,NEFT,Canara Bank,IN,0,NORMAL_BANKING_FLOW
TX_CANARA_114495,CANARA_ACC_20023,YES_ACC_20074,376707.82,2026-01-10 23:56:48,SETTLEMENT,RTGS,Canara Bank,IN,0,NORMAL_BANKING_FLOW
TX_CANARA_114496,CANARA_ACC_20208,BOB_ACC_20229,17885.08,2026-01-10 21:43:05,SETTLEMENT,NEFT,Canara Bank,IN,0,NORMAL_BANKING_FLOW
TX_CANARA_114497,CANARA_ACC_20247,INDUS_ACC_20203,84745.01,2026-01-11 00:27:44,SETTLEMENT,RTGS,Canara Bank,IN,0,NORMAL_BANKING_FLOW
TX_CANARA_114498,CANARA_ACC_20069,CANARA_ACC_20021,1652031.39,2026-01-10 20:59:00,SETTLEMENT,RTGS,Canara Bank,IN,0,NORMAL_BANKING_FLOW
TX_CANARA_114499,CANARA_ACC_20009,ICICI_ACC_20204,291677.76,2026-01-10 20:44:22,SETTLEMENT,NEFT,Canara Bank,IN,0,NORMAL_BANKING_FLOW
TX_CANARA_114500,CANARA_ACC_20217,BOB_ACC_20026,320008.76,2026-01-11 05:44:05,SETTLEMENT,NEFT,Canara Bank,IN,0,NORMAL_BANKING_FLOW
TX_CANARA_114501,CANARA_ACC_20013,CANARA_ACC_20046,525914.68,2026-01-10 21:15:00,SETTLEMENT,RTGS,Canara Bank,IN,0,NORMAL_BANKING_FLOW
TX_CANARA_114502,CANARA_ACC_20240,ICICI_ACC_20104,165556.67,2026-01-10 21:15:21,SETTLEMENT,NEFT,Canara Bank,IN,0,NORMAL_BANKING_FLOW
TX_CANARA_114503,CANARA_ACC_20143,CANARA_ACC_20046,361018.38,2026-01-10 22:30:52,SETTLEMENT,NEFT,Canara Bank,IN,0,NORMAL_BANKING_FLOW
TX_CANARA_114504,CANARA_ACC_20097,CANARA_ACC_20201,333721.48,2026-01-10 20:00:48,SETTLEMENT,NEFT,Canara Bank,IN,0,NORMAL_BANKING_FLOW
TX_CANARA_114505,CANARA_ACC_20008,ICICI_ACC_20071,279020.77,2026-01-11 00:32:16,SETTLEMENT,NEFT,Canara Bank,IN,0,NORMAL_BANKING_FLOW
TX_CANARA_114506,CANARA_ACC_20149,CANARA_ACC_20232,117946.69,2026-01-10 23:47:35,SETTLEMENT,NEFT,Canara Bank,IN,0,NORMAL_BANKING_FLOW
TX_CANARA_114507,CANARA_ACC_20088,BOB_ACC_20179,193311.65,2026-01-11 00:33:24,SETTLEMENT,NEFT,Canara Bank,IN,0,NORMAL_BANKING_FLOW
TX_CANARA_114508,CANARA_ACC_20243,CANARA_ACC_20100,90367.36,2026-01-11 01:49:33,SETTLEMENT,NEFT,Canara Bank,IN,0,NORMAL_BANKING_FLOW
TX_CANARA_114509,CANARA_ACC_20125,CANARA_ACC_20070,164853.8,2026-01-10 21:32:56,SETTLEMENT,RTGS,Canara Bank,IN,0,NORMAL_BANKING_FLOW
TX_CANARA_114510,CANARA_ACC_20035,AXIS_ACC_20017,50589.99,2026-01-11 03:06:36,SETTLEMENT,RTGS,Canara Bank,IN,0,NORMAL_BANKING_FLOW
TX_CANARA_114511,CANARA_ACC_20145,CANARA_ACC_20111,73819.34,2026-01-11 04:08:00,SETTLEMENT,RTGS,Canara Bank,IN,0,NORMAL_BANKING_FLOW
TX_CANARA_114512,CANARA_ACC_20099,CANARA_ACC_20053,122723.36,2026-01-10 20:33:18,SETTLEMENT,NEFT,Canara Bank,IN,0,NORMAL_BANKING_FLOW
TX_CANARA_114513,CANARA_ACC_20073,YES_ACC_20018,63341.41,2026-01-11 02:53:36,SETTLEMENT,NEFT,Canara Bank,IN,0,NORMAL_BANKING_FLOW
TX_CANARA_114514,CANARA_ACC_20170,CANARA_ACC_20122,98221.73,2026-01-11 04:56:03,SETTLEMENT,RTGS,Canara Bank,IN,0,NORMAL_BANKING_FLOW
TX_CANARA_114515,CANARA_ACC_20037,HDFC_ACC_20065,138147.06,2026-01-10 22:51:18,SETTLEMENT,NEFT,Canara Bank,IN,0,NORMAL_BANKING_FLOW
TX_CANARA_114516,CANARA_ACC_20025,CANARA_ACC_20119,243351.54,2026-01-10 22:06:00,SETTLEMENT,RTGS,Canara Bank,IN,0,NORMAL_BANKING_FLOW
TX_CANARA_114517,CANARA_ACC_20019,INDUS_ACC_20169,420524.2,2026-01-11 06:14:56,SETTLEMENT,RTGS,Canara Bank,IN,0,NORMAL_BANKING_FLOW
TX_CANARA_114518,CANARA_ACC_20152,CANARA_ACC_20151,102356.35,2026-01-11 01:56:03,SETTLEMENT,RTGS,Canara Bank,IN,0,NORMAL_BANKING_FLOW
TX_CANARA_114519,CANARA_ACC_20049,CANARA_ACC_20057,618532.25,2026-01-10 19:49:30,SETTLEMENT,RTGS,Canara Bank,IN,0,NORMAL_BANKING_FLOW
TX_CANARA_114520,CANARA_ACC_20118,CANARA_ACC_20192,416070.95,2026-01-11 05:01:09,SETTLEMENT,NEFT,Canara Bank,IN,0,NORMAL_BANKING_FLOW
TX_CANARA_114521,CANARA_ACC_20036,CANARA_ACC_20014,269438.07,2026-01-10 23:24:40,SETTLEMENT,RTGS,Canara Bank,IN,0,NORMAL_BANKING_FLOW
TX_CANARA_114522,CANARA_ACC_20076,CANARA_ACC_20146,189785.38,2026-01-11 02:29:21,SETTLEMENT,RTGS,Canara Bank,IN,0,NORMAL_BANKING_FLOW
TX_CANARA_114523,CANARA_ACC_20032,CANARA_ACC_20114,223937.18,2026-01-10 21:53:26,SETTLEMENT,NEFT,Canara Bank,IN,0,NORMAL_BANKING_FLOW
TX_CANARA_114524,CANARA_ACC_20226,CANARA_ACC_20203,533412.94,2026-01-10 21:23:03,SETTLEMENT,NEFT,Canara Bank,IN,0,NORMAL_BANKING_FLOW
TX_CANARA_114525,CANARA_ACC_20128,PNB_ACC_20210,553257.97,2026-01-10 20:06:24,SETTLEMENT,NEFT,Canara Bank,IN,0,NORMAL_BANKING_FLOW
TX_CANARA_114526,CANARA_ACC_20068,CANARA_ACC_20072,618434.6,2026-01-10 22:25:25,SETTLEMENT,NEFT,Canara Bank,IN,0,NORMAL_BANKING_FLOW
TX_CANARA_114527,CANARA_ACC_20093,CANARA_ACC_20105,169621.85,2026-01-11 07:26:00,SETTLEMENT,RTGS,Canara Bank,IN,0,NORMAL_BANKING_FLOW
TX_CANARA_114528,CANARA_ACC_20123,CANARA_ACC_20129,283499.93,2026-01-11 02:18:00,SETTLEMENT,NEFT,Canara Bank,IN,0,NORMAL_BANKING_FLOW
TX_CANARA_114529,CANARA_ACC_20035,SBI_ACC_20098,623775.94,2026-01-10 20:22:56,SETTLEMENT,RTGS,Canara Bank,IN,0,NORMAL_BANKING_FLOW
TX_CANARA_114530,CANARA_ACC_20239,PNB_ACC_20162,87228.29,2026-01-10 23:13:32,SETTLEMENT,NEFT,Canara Bank,IN,0,NORMAL_BANKING_FLOW
TX_CANARA_114531,CANARA_ACC_20122,CANARA_ACC_20153,118371.49,2026-01-11 05:26:00,SETTLEMENT,RTGS,Canara Bank,IN,0,NORMAL_BANKING_FLOW
TX_CANARA_114532,CANARA_ACC_20103,CANARA_ACC_20108,165385.88,2026-01-11 03:22:44,SETTLEMENT,NEFT,Canara Bank,IN,0,NORMAL_BANKING_FLOW
TX_CANARA_114533,CANARA_ACC_20108,CANARA_ACC_20101,400151.59,2026-01-11 00:17:04,SETTLEMENT,NEFT,Canara Bank,IN,0,NORMAL_BANKING_FLOW
TX_CANARA_114534,CANARA_ACC_20246,CANARA_ACC_20023,406432.1,2026-01-11 03:08:39,SETTLEMENT,RTGS,Canara Bank,IN,0,NORMAL_BANKING_FLOW
TX_CANARA_114535,CANARA_ACC_20130,CANARA_ACC_20235,129202.46,2026-01-10 23:31:26,SETTLEMENT,NEFT,Canara Bank,IN,0,NORMAL_BANKING_FLOW
TX_CANARA_114536,CANARA_ACC_20200,KOTAK_ACC_20232,36004.19,2026-01-11 05:30:20,SETTLEMENT,RTGS,Canara Bank,IN,0,NORMAL_BANKING_FLOW
TX_CANARA_114537,CANARA_ACC_20077,ICICI_ACC_20028,208185.32,2026-01-10 19:54:00,SETTLEMENT,NEFT,Canara Bank,IN,0,NORMAL_BANKING_FLOW
TX_CANARA_114538,CANARA_ACC_20065,AXIS_ACC_20179,64970.19,2026-01-11 02:55:54,SETTLEMENT,RTGS,Canara Bank,IN,0,NORMAL_BANKING_FLOW
TX_CANARA_114539,CANARA_ACC_20072,KOTAK_ACC_20176,36682.82,2026-01-10 21:59:34,SETTLEMENT,RTGS,Canara Bank,IN,0,NORMAL_BANKING_FLOW
TX_CANARA_114540,CANARA_ACC_20078,CANARA_ACC_20003,45987.66,2026-01-11 06:20:45,SETTLEMENT,NEFT,Canara Bank,IN,0,NORMAL_BANKING_FLOW
TX_CANARA_114541,CANARA_ACC_20131,CANARA_ACC_20242,225568.92,2026-01-10 20:10:40,SETTLEMENT,NEFT,Canara Bank,IN,0,NORMAL_BANKING_FLOW
TX_CANARA_114542,CANARA_ACC_20013,CANARA_ACC_20129,634782.29,2026-01-11 06:06:54,SETTLEMENT,NEFT,Canara Bank,IN,0,NORMAL_BANKING_FLOW
TX_CANARA_114543,CANARA_ACC_20244,CANARA_ACC_20108,169209.78,2026-01-10 21:29:42,SETTLEMENT,RTGS,Canara Bank,IN,0,NORMAL_BANKING_FLOW
TX_CANARA_114544,CANARA_ACC_20074,CANARA_ACC_20014,201064.42,2026-01-11 01:57:14,SETTLEMENT,NEFT,Canara Bank,IN,0,NORMAL_BANKING_FLOW
TX_CANARA_114545,CANARA_ACC_20021,CANARA_ACC_20059,531200.56,2026-01-11 01:10:40,SETTLEMENT,RTGS,Canara Bank,IN,0,NORMAL_BANKING_FLOW
TX_CANARA_114546,CANARA_ACC_20052,CANARA_ACC_20148,34736.46,2026-01-11 03:48:45,SETTLEMENT,NEFT,Canara Bank,IN,0,NORMAL_BANKING_FLOW
TX_CANARA_114547,CANARA_ACC_20117,AXIS_ACC_20195,273806.36,2026-01-10 20:28:02,SETTLEMENT,NEFT,Canara Bank,IN,0,NORMAL_BANKING_FLOW
TX_CANARA_114548,CANARA_ACC_20138,CANARA_ACC_20091,160879.39,2026-01-11 00:09:17,SETTLEMENT,NEFT,Canara Bank,IN,0,NORMAL_BANKING_FLOW
TX_CANARA_114549,CANARA_ACC_20151,CANARA_ACC_20169,286661.53,2026-01-10 20:28:36,SETTLEMENT,RTGS,Canara Bank,IN,0,NORMAL_BANKING_FLOW
TX_CANARA_114550,CANARA_ACC_20069,PNB_ACC_20028,100359.71,2026-01-10 23:22:52,SETTLEMENT,RTGS,Canara Bank,IN,0,NORMAL_BANKING_FLOW
TX_CANARA_114551,CANARA_ACC_20070,CANARA_ACC_20186,71830.37,2026-01-10 23:23:20,SETTLEMENT,RTGS,Canara Bank,IN,0,NORMAL_BANKING_FLOW
TX_CANARA_114552,CANARA_ACC_20076,CANARA_ACC_20187,187307.87,2026-01-11 07:35:09,SETTLEMENT,RTGS,Canara Bank,IN,0,NORMAL_BANKING_FLOW
TX_CANARA_114553,CANARA_ACC_20011,CANARA_ACC_20144,846775.87,2026-01-10 22:20:48,SETTLEMENT,RTGS,Canara Bank,IN,0,NORMAL_BANKING_FLOW
TX_CANARA_114554,CANARA_ACC_20000,HDFC_ACC_20037,384965.93,2026-01-11 01:31:48,SETTLEMENT,RTGS,Canara Bank,IN,0,NORMAL_BANKING_FLOW
TX_CANARA_114555,CANARA_ACC_20092,CANARA_ACC_20147,97959.29,2026-01-11 07:38:06,SETTLEMENT,RTGS,Canara Bank,IN,0,NORMAL_BANKING_FLOW
TX_CANARA_114556,CANARA_ACC_20216,PNB_ACC_20146,42575.23,2026-01-11 01:48:55,SETTLEMENT,RTGS,Canara Bank,IN,0,NORMAL_BANKING_FLOW
TX_CANARA_114557,CANARA_ACC_20017,CANARA_ACC_20113,30270.61,2026-01-10 22:54:16,SETTLEMENT,RTGS,Canara Bank,IN,0,NORMAL_BANKING_FLOW
TX_CANARA_114558,CANARA_ACC_20086,CANARA_ACC_20206,606887.95,2026-01-10 21:50:54,SETTLEMENT,NEFT,Canara Bank,IN,0,NORMAL_BANKING_FLOW
TX_CANARA_114559,CANARA_ACC_20011,CANARA_ACC_20023,62624.87,2026-01-10 23:27:04,SETTLEMENT,NEFT,Canara Bank,IN,0,NORMAL_BANKING_FLOW
TX_CANARA_114560,CANARA_ACC_20196,CANARA_ACC_20033,117534.43,2026-01-10 21:35:39,SETTLEMENT,RTGS,Canara Bank,IN,0,NORMAL_BANKING_FLOW
TX_CANARA_114561,CANARA_ACC_20063,CANARA_ACC_20091,609998.1,2026-01-11 05:20:00,SETTLEMENT,NEFT,Canara Bank,IN,0,NORMAL_BANKING_FLOW
TX_CANARA_114562,CANARA_ACC_20101,CANARA_ACC_20073,32405.99,2026-01-10 23:12:27,SETTLEMENT,RTGS,Canara Bank,IN,0,NORMAL_BANKING_FLOW
TX_CANARA_114563,CANARA_ACC_20178,HDFC_ACC_20120,723795.74,2026-01-11 00:33:04,SETTLEMENT,RTGS,Canara Bank,IN,0,NORMAL_BANKING_FLOW
TX_CANARA_114564,CANARA_ACC_20018,CANARA_ACC_20087,126292.96,2026-01-11 05:54:36,SETTLEMENT,NEFT,Canara Bank,IN,0,NORMAL_BANKING_FLOW
TX_CANARA_114565,CANARA_ACC_20219,HDFC_ACC_20223,51607.21,2026-01-10 21:05:16,SETTLEMENT,NEFT,Canara Bank,IN,0,NORMAL_BANKING_FLOW
TX_CANARA_114566,CANARA_ACC_20242,INDUS_ACC_20141,127089.78,2026-01-10 21:05:35,SETTLEMENT,NEFT,Canara Bank,IN,0,NORMAL_BANKING_FLOW
TX_CANARA_114567,CANARA_ACC_20097,CANARA_ACC_20127,79015.81,2026-01-11 04:20:36,SETTLEMENT,RTGS,Canara Bank,IN,0,NORMAL_BANKING_FLOW
TX_CANARA_114568,CANARA_ACC_20044,CANARA_ACC_20054,252917.8,2026-01-11 00:03:30,SETTLEMENT,RTGS,Canara Bank,IN,0,NORMAL_BANKING_FLOW
TX_CANARA_114569,CANARA_ACC_20226,CANARA_ACC_20010,85124.28,2026-01-11 05:10:32,SETTLEMENT,RTGS,Canara Bank,IN,0,NORMAL_BANKING_FLOW
TX_CANARA_114570,CANARA_ACC_20160,CANARA_ACC_20101,24061.25,2026-01-10 23:32:12,SETTLEMENT,NEFT,Canara Bank,IN,0,NORMAL_BANKING_FLOW
TX_CANARA_114571,CANARA_ACC_20050,CANARA_ACC_20038,130540.33,2026-01-11 03:51:20,SETTLEMENT,NEFT,Canara Bank,IN,0,NORMAL_BANKING_FLOW
TX_CANARA_114572,CANARA_ACC_20220,HDFC_ACC_20248,41917.34,2026-01-10 21:56:02,SETTLEMENT,NEFT,Canara Bank,IN,0,NORMAL_BANKING_FLOW
TX_CANARA_114573,CANARA_ACC_20065,INDUS_ACC_20097,199649.75,2026-01-10 23:01:12,SETTLEMENT,NEFT,Canara Bank,IN,0,NORMAL_BANKING_FLOW
TX_CANARA_114574,CANARA_ACC_20212,CANARA_ACC_20246,49655.76,2026-01-11 07:56:47,SETTLEMENT,NEFT,Canara Bank,IN,0,NORMAL_BANKING_FLOW
TX_CANARA_114575,CANARA_ACC_20206,CANARA_ACC_20045,99906.22,2026-01-10 23:18:18,SETTLEMENT,RTGS,Canara Bank,IN,0,NORMAL_BANKING_FLOW
TX_CANARA_114576,CANARA_ACC_20151,CANARA_ACC_20221,195357.76,2026-01-10 21:25:00,SETTLEMENT,NEFT,Canara Bank,IN,0,NORMAL_BANKING_FLOW
TX_CANARA_114577,CANARA_ACC_20098,CANARA_ACC_20215,131602.5,2026-01-11 00:24:16,SETTLEMENT,NEFT,Canara Bank,IN,0,NORMAL_BANKING_FLOW
TX_CANARA_114578,CANARA_ACC_20028,CANARA_ACC_20002,209071.23,2026-01-11 00:57:21,SETTLEMENT,NEFT,Canara Bank,IN,0,NORMAL_BANKING_FLOW
TX_CANARA_114579,CANARA_ACC_20141,CANARA_ACC_20143,321350.33,2026-01-11 01:46:48,SETTLEMENT,RTGS,Canara Bank,IN,0,NORMAL_BANKING_FLOW
TX_CANARA_114580,CANARA_ACC_20115,CANARA_ACC_20159,51126.91,2026-01-11 00:58:27,SETTLEMENT,NEFT,Canara Bank,IN,0,NORMAL_BANKING_FLOW
TX_CANARA_114581,CANARA_ACC_20015,CANARA_ACC_20076,152604.13,2026-01-10 23:21:00,SETTLEMENT,NEFT,Canara Bank,IN,0,NORMAL_BANKING_FLOW
TX_CANARA_114582,CANARA_ACC_20051,AXIS_ACC_20094,5828.39,2026-01-11 05:04:48,SETTLEMENT,NEFT,Canara Bank,IN,0,NORMAL_BANKING_FLOW
TX_CANARA_114583,CANARA_ACC_20177,CANARA_ACC_20109,208424.74,2026-01-11 00:11:00,SETTLEMENT,NEFT,Canara Bank,IN,0,NORMAL_BANKING_FLOW
TX_CANARA_114584,CANARA_ACC_20222,CANARA_ACC_20028,120473.59,2026-01-11 06:44:42,SETTLEMENT,NEFT,Canara Bank,IN,0,NORMAL_BANKING_FLOW
TX_CANARA_114585,CANARA_ACC_20000,CANARA_ACC_20090,60873.32,2026-01-11 04:50:48,SETTLEMENT,NEFT,Canara Bank,IN,0,NORMAL_BANKING_FLOW
TX_CANARA_114586,CANARA_ACC_20036,CANARA_ACC_20084,223176.77,2026-01-11 02:40:15,SETTLEMENT,NEFT,Canara Bank,IN,0,NORMAL_BANKING_FLOW
TX_CANARA_114587,CANARA_ACC_20061,CANARA_ACC_20143,525811.24,2026-01-11 00:29:26,SETTLEMENT,RTGS,Canara Bank,IN,0,NORMAL_BANKING_FLOW
TX_CANARA_114588,CANARA_ACC_20050,PNB_ACC_20196,101111.81,2026-01-11 02:41:33,SETTLEMENT,NEFT,Canara Bank,IN,0,NORMAL_BANKING_FLOW
TX_CANARA_114589,CANARA_ACC_20000,SBI_ACC_20122,63271.2,2026-01-11 05:10:24,SETTLEMENT,RTGS,Canara Bank,IN,0,NORMAL_BANKING_FLOW
TX_CANARA_114590,CANARA_ACC_20188,CANARA_ACC_20123,191956.73,2026-01-10 23:41:32,SETTLEMENT,NEFT,Canara Bank,IN,0,NORMAL_BANKING_FLOW
TX_CANARA_114591,CANARA_ACC_20244,CANARA_ACC_20135,42804.28,2026-01-10 22:19:30,SETTLEMENT,RTGS,Canara Bank,IN,0,NORMAL_BANKING_FLOW
TX_CANARA_114592,CANARA_ACC_20203,CANARA_ACC_20109,84087.96,2026-01-11 01:38:05,SETTLEMENT,NEFT,Canara Bank,IN,0,NORMAL_BANKING_FLOW
TX_CANARA_114593,CANARA_ACC_20025,AXIS_ACC_20193,552606.89,2026-01-11 03:01:20,SETTLEMENT,NEFT,Canara Bank,IN,0,NORMAL_BANKING_FLOW
TX_CANARA_114594,CANARA_ACC_20191,CANARA_ACC_20132,173196.01,2026-01-11 06:37:09,SETTLEMENT,RTGS,Canara Bank,IN,0,NORMAL_BANKING_FLOW
TX_CANARA_114595,CANARA_ACC_20139,CANARA_ACC_20085,24848.01,2026-01-11 03:02:40,SETTLEMENT,NEFT,Canara Bank,IN,0,NORMAL_BANKING_FLOW
TX_CANARA_114596,CANARA_ACC_20030,CANARA_ACC_20047,26984.24,2026-01-11 01:23:50,SETTLEMENT,RTGS,Canara Bank,IN,0,NORMAL_BANKING_FLOW
TX_CANARA_114597,CANARA_ACC_20217,AXIS_ACC_20229,191393.29,2026-01-10 21:32:00,SETTLEMENT,NEFT,Canara Bank,IN,0,NORMAL_BANKING_FLOW
TX_CANARA_114598,CANARA_ACC_20066,CANARA_ACC_20114,385536.28,2026-01-11 06:57:18,SETTLEMENT,NEFT,Canara Bank,IN,0,NORMAL_BANKING_FLOW
TX_CANARA_114599,CANARA_ACC_20190,BOB_ACC_20227,32285.66,2026-01-10 22:55:50,SETTLEMENT,RTGS,Canara Bank,IN,0,NORMAL_BANKING_FLOW
TX_CANARA_114600,CANARA_ACC_20089,PNB_ACC_20190,255176.98,2026-01-11 05:02:33,SETTLEMENT,NEFT,Canara Bank,IN,0,NORMAL_BANKING_FLOW
TX_CANARA_114601,CANARA_ACC_20097,CANARA_ACC_20013,615594.35,2026-01-11 07:00:00,SETTLEMENT,RTGS,Canara Bank,IN,0,NORMAL_BANKING_FLOW
TX_CANARA_114602,CANARA_ACC_20118,CANARA_ACC_20117,1075029.85,2026-01-10 23:13:46,SETTLEMENT,RTGS,Canara Bank,IN,0,NORMAL_BANKING_FLOW
TX_CANARA_114603,CANARA_ACC_20098,CANARA_ACC_20020,226663.71,2026-01-11 04:14:48,SETTLEMENT,RTGS,Canara Bank,IN,0,NORMAL_BANKING_FLOW
TX_CANARA_114604,CANARA_ACC_20127,CANARA_ACC_20240,270168.9,2026-01-10 23:48:04,SETTLEMENT,NEFT,Canara Bank,IN,0,NORMAL_BANKING_FLOW
TX_CANARA_114605,CANARA_ACC_20150,KOTAK_ACC_20221,19279.85,2026-01-10 22:58:20,SETTLEMENT,RTGS,Canara Bank,IN,0,NORMAL_BANKING_FLOW
TX_CANARA_114606,CANARA_ACC_20059,SBI_ACC_20103,1328754.44,2026-01-11 01:12:45,SETTLEMENT,RTGS,Canara Bank,IN,0,NORMAL_BANKING_FLOW
TX_CANARA_114607,CANARA_ACC_20055,AXIS_ACC_20151,91538.03,2026-01-11 05:41:34,SETTLEMENT,RTGS,Canara Bank,IN,0,NORMAL_BANKING_FLOW
TX_CANARA_114608,CANARA_ACC_20208,INDUS_ACC_20006,63992.99,2026-01-11 00:06:43,SETTLEMENT,RTGS,Canara Bank,IN,0,NORMAL_BANKING_FLOW
TX_CANARA_114609,CANARA_ACC_20223,CANARA_ACC_20138,126095.38,2026-01-11 03:12:00,SETTLEMENT,RTGS,Canara Bank,IN,0,NORMAL_BANKING_FLOW
TX_CANARA_114610,CANARA_ACC_20158,CANARA_ACC_20035,737981.04,2026-01-11 08:49:00,SETTLEMENT,NEFT,Canara Bank,IN,0,NORMAL_BANKING_FLOW
TX_CANARA_114611,CANARA_ACC_20236,CANARA_ACC_20128,1480730.41,2026-01-11 06:35:20,SETTLEMENT,NEFT,Canara Bank,IN,0,NORMAL_BANKING_FLOW
TX_CANARA_114612,CANARA_ACC_20071,CANARA_ACC_20065,184500.73,2026-01-11 08:17:18,SETTLEMENT,RTGS,Canara Bank,IN,0,NORMAL_BANKING_FLOW
TX_CANARA_114613,CANARA_ACC_20174,SBI_ACC_20220,441566.62,2026-01-11 02:40:56,SETTLEMENT,NEFT,Canara Bank,IN,0,NORMAL_BANKING_FLOW
TX_CANARA_114614,CANARA_ACC_20166,CANARA_ACC_20237,169940.57,2026-01-10 23:35:51,SETTLEMENT,RTGS,Canara Bank,IN,0,NORMAL_BANKING_FLOW
TX_CANARA_114615,CANARA_ACC_20229,PNB_ACC_20149,57653.4,2026-01-11 05:48:06,SETTLEMENT,NEFT,Canara Bank,IN,0,NORMAL_BANKING_FLOW
TX_CANARA_114616,CANARA_ACC_20211,CANARA_ACC_20079,712648.56,2026-01-10 23:19:50,SETTLEMENT,RTGS,Canara Bank,IN,0,NORMAL_BANKING_FLOW
TX_CANARA_114617,CANARA_ACC_20161,CANARA_ACC_20165,87366.97,2026-01-11 05:32:48,SETTLEMENT,NEFT,Canara Bank,IN,0,NORMAL_BANKING_FLOW
TX_CANARA_114618,CANARA_ACC_20248,BOB_ACC_20213,755799.02,2026-01-11 03:34:57,SETTLEMENT,NEFT,Canara Bank,IN,0,NORMAL_BANKING_FLOW
TX_CANARA_114619,CANARA_ACC_20031,CANARA_ACC_20187,596325.14,2026-01-10 22:30:14,SETTLEMENT,RTGS,Canara Bank,IN,0,NORMAL_BANKING_FLOW
TX_CANARA_114620,CANARA_ACC_20243,CANARA_ACC_20159,300750.49,2026-01-11 02:28:23,SETTLEMENT,RTGS,Canara Bank,IN,0,NORMAL_BANKING_FLOW
TX_CANARA_114621,CANARA_ACC_20212,INDUS_ACC_20076,1013555.25,2026-01-11 06:44:00,SETTLEMENT,NEFT,Canara Bank,IN,0,NORMAL_BANKING_FLOW
TX_CANARA_114622,CANARA_ACC_20120,CANARA_ACC_20024,1517152.88,2026-01-11 01:38:34,SETTLEMENT,RTGS,Canara Bank,IN,0,NORMAL_BANKING_FLOW
TX_CANARA_114623,CANARA_ACC_20072,SBI_ACC_20187,136592.41,2026-01-10 22:14:44,SETTLEMENT,RTGS,Canara Bank,IN,0,NORMAL_BANKING_FLOW
TX_CANARA_114624,CANARA_ACC_20114,SBI_ACC_20142,72490.14,2026-01-10 22:15:06,SETTLEMENT,RTGS,Canara Bank,IN,0,NORMAL_BANKING_FLOW
TX_CANARA_114625,CANARA_ACC_20022,CANARA_ACC_20202,25228.51,2026-01-10 23:23:44,SETTLEMENT,RTGS,Canara Bank,IN,0,NORMAL_BANKING_FLOW
TX_CANARA_114626,CANARA_ACC_20166,CANARA_ACC_20131,1535984.74,2026-01-11 03:06:15,SETTLEMENT,NEFT,Canara Bank,IN,0,NORMAL_BANKING_FLOW
TX_CANARA_114627,CANARA_ACC_20169,CANARA_ACC_20177,104853.35,2026-01-11 05:57:54,SETTLEMENT,NEFT,Canara Bank,IN,0,NORMAL_BANKING_FLOW
TX_CANARA_114628,CANARA_ACC_20043,HDFC_ACC_20163,506377.06,2026-01-11 00:50:37,SETTLEMENT,RTGS,Canara Bank,IN,0,NORMAL_BANKING_FLOW
TX_CANARA_114629,CANARA_ACC_20067,CANARA_ACC_20157,77555.15,2026-01-11 05:25:16,SETTLEMENT,RTGS,Canara Bank,IN,0,NORMAL_BANKING_FLOW
TX_CANARA_114630,CANARA_ACC_20237,CANARA_ACC_20238,757868.86,2026-01-10 21:43:00,SETTLEMENT,RTGS,Canara Bank,IN,0,NORMAL_BANKING_FLOW
TX_CANARA_114631,CANARA_ACC_20029,CANARA_ACC_20163,80812.13,2026-01-11 07:09:50,SETTLEMENT,RTGS,Canara Bank,IN,0,NORMAL_BANKING_FLOW
TX_CANARA_114632,CANARA_ACC_20231,CANARA_ACC_20234,49428.42,2026-01-11 08:36:38,SETTLEMENT,RTGS,Canara Bank,IN,0,NORMAL_BANKING_FLOW
TX_CANARA_114633,CANARA_ACC_20207,CANARA_ACC_20095,132123.66,2026-01-11 07:46:00,SETTLEMENT,RTGS,Canara Bank,IN,0,NORMAL_BANKING_FLOW
TX_CANARA_114634,CANARA_ACC_20190,CANARA_ACC_20087,95628.32,2026-01-11 04:03:06,SETTLEMENT,RTGS,Canara Bank,IN,0,NORMAL_BANKING_FLOW
TX_CANARA_114635,CANARA_ACC_20055,YES_ACC_20006,295463.26,2026-01-10 22:19:08,SETTLEMENT,RTGS,Canara Bank,IN,0,NORMAL_BANKING_FLOW
TX_CANARA_114636,CANARA_ACC_20181,CANARA_ACC_20222,154601.34,2026-01-11 01:46:30,SETTLEMENT,RTGS,Canara Bank,IN,0,NORMAL_BANKING_FLOW
TX_CANARA_114637,CANARA_ACC_20167,CANARA_ACC_20092,304888.8,2026-01-11 04:39:44,SETTLEMENT,RTGS,Canara Bank,IN,0,NORMAL_BANKING_FLOW
TX_CANARA_114638,CANARA_ACC_20130,CANARA_ACC_20188,121659.15,2026-01-10 20:36:32,SETTLEMENT,NEFT,Canara Bank,IN,0,NORMAL_BANKING_FLOW
TX_CANARA_114639,CANARA_ACC_20237,CANARA_ACC_20219,83691.49,2026-01-10 22:37:54,SETTLEMENT,NEFT,Canara Bank,IN,0,NORMAL_BANKING_FLOW
TX_CANARA_114640,CANARA_ACC_20199,CANARA_ACC_20197,90802.26,2026-01-11 02:58:02,SETTLEMENT,RTGS,Canara Bank,IN,0,NORMAL_BANKING_FLOW
TX_CANARA_114641,CANARA_ACC_20113,PNB_ACC_20021,1257880.6,2026-01-11 07:36:00,SETTLEMENT,RTGS,Canara Bank,IN,0,NORMAL_BANKING_FLOW
TX_CANARA_114642,CANARA_ACC_20230,CANARA_ACC_20110,203856.37,2026-01-11 07:36:54,SETTLEMENT,RTGS,Canara Bank,IN,0,NORMAL_BANKING_FLOW
TX_CANARA_114643,CANARA_ACC_20067,CANARA_ACC_20068,22387.05,2026-01-11 07:55:10,SETTLEMENT,NEFT,Canara Bank,IN,0,NORMAL_BANKING_FLOW
TX_CANARA_114644,CANARA_ACC_20129,CANARA_ACC_20044,96740.85,2026-01-10 20:55:31,SETTLEMENT,NEFT,Canara Bank,IN,0,NORMAL_BANKING_FLOW
TX_CANARA_114645,CANARA_ACC_20092,CANARA_ACC_20203,179309.03,2026-01-11 00:24:36,SETTLEMENT,RTGS,Canara Bank,IN,0,NORMAL_BANKING_FLOW
TX_CANARA_114646,CANARA_ACC_20159,CANARA_ACC_20132,1030340.29,2026-01-11 06:48:15,SETTLEMENT,RTGS,Canara Bank,IN,0,NORMAL_BANKING_FLOW
TX_CANARA_114647,CANARA_ACC_20091,CANARA_ACC_20043,455294.03,2026-01-11 02:10:10,SETTLEMENT,RTGS,Canara Bank,IN,0,NORMAL_BANKING_FLOW
TX_CANARA_114648,CANARA_ACC_20112,CANARA_ACC_20008,64749.56,2026-01-11 07:24:51,SETTLEMENT,NEFT,Canara Bank,IN,0,NORMAL_BANKING_FLOW
TX_CANARA_114649,CANARA_ACC_20149,KOTAK_ACC_20090,1827310.47,2026-01-10 23:34:08,SETTLEMENT,NEFT,Canara Bank,IN,0,NORMAL_BANKING_FLOW
TX_CANARA_114650,CANARA_ACC_20233,CANARA_ACC_20072,157761.49,2026-01-11 06:34:10,SETTLEMENT,RTGS,Canara Bank,IN,0,NORMAL_BANKING_FLOW
TX_CANARA_114651,CANARA_ACC_20009,CANARA_ACC_20187,565988.94,2026-01-10 22:42:30,SETTLEMENT,NEFT,Canara Bank,IN,0,NORMAL_BANKING_FLOW
TX_CANARA_114652,CANARA_ACC_20115,HDFC_ACC_20047,51276.69,2026-01-11 05:43:17,SETTLEMENT,RTGS,Canara Bank,IN,0,NORMAL_BANKING_FLOW
TX_CANARA_114653,CANARA_ACC_20176,INDUS_ACC_20114,14791.93,2026-01-11 07:29:16,SETTLEMENT,RTGS,Canara Bank,IN,0,NORMAL_BANKING_FLOW
TX_CANARA_114654,CANARA_ACC_20093,CANARA_ACC_20176,39797.86,2026-01-11 00:46:30,SETTLEMENT,NEFT,Canara Bank,IN,0,NORMAL_BANKING_FLOW
TX_CANARA_114655,CANARA_ACC_20216,CANARA_ACC_20191,6308.58,2026-01-11 00:47:00,SETTLEMENT,RTGS,Canara Bank,IN,0,NORMAL_BANKING_FLOW
TX_CANARA_114656,CANARA_ACC_20013,CANARA_ACC_20020,1345248.52,2026-01-11 00:12:20,SETTLEMENT,NEFT,Canara Bank,IN,0,NORMAL_BANKING_FLOW
TX_CANARA_114657,CANARA_ACC_20249,PNB_ACC_20247,201699.23,2026-01-11 04:36:48,SETTLEMENT,NEFT,Canara Bank,IN,0,NORMAL_BANKING_FLOW
TX_CANARA_114658,CANARA_ACC_20122,AXIS_ACC_20033,64560.37,2026-01-11 02:51:49,SETTLEMENT,RTGS,Canara Bank,IN,0,NORMAL_BANKING_FLOW
TX_CANARA_114659,CANARA_ACC_20166,INDUS_ACC_20218,255920.99,2026-01-11 07:34:34,SETTLEMENT,RTGS,Canara Bank,IN,0,NORMAL_BANKING_FLOW
TX_CANARA_114660,CANARA_ACC_20224,CANARA_ACC_20108,196680.14,2026-01-11 04:03:39,SETTLEMENT,NEFT,Canara Bank,IN,0,NORMAL_BANKING_FLOW
TX_CANARA_114661,CANARA_ACC_20121,CANARA_ACC_20143,302831.98,2026-01-11 08:11:40,SETTLEMENT,RTGS,Canara Bank,IN,0,NORMAL_BANKING_FLOW
TX_CANARA_114662,CANARA_ACC_20072,SBI_ACC_20060,545540.0,2026-01-11 03:29:39,SETTLEMENT,NEFT,Canara Bank,IN,0,NORMAL_BANKING_FLOW
TX_CANARA_114663,CANARA_ACC_20105,CANARA_ACC_20245,121793.08,2026-01-11 08:31:12,SETTLEMENT,NEFT,Canara Bank,IN,0,NORMAL_BANKING_FLOW
TX_CANARA_114664,CANARA_ACC_20180,CANARA_ACC_20098,67518.76,2026-01-11 06:10:24,SETTLEMENT,NEFT,Canara Bank,IN,0,NORMAL_BANKING_FLOW
TX_CANARA_114665,CANARA_ACC_20211,CANARA_ACC_20116,372419.14,2026-01-11 08:15:20,SETTLEMENT,RTGS,Canara Bank,IN,0,NORMAL_BANKING_FLOW
TX_CANARA_114666,CANARA_ACC_20066,SBI_ACC_20085,363063.41,2026-01-11 02:39:00,SETTLEMENT,RTGS,Canara Bank,IN,0,NORMAL_BANKING_FLOW
TX_CANARA_114667,CANARA_ACC_20017,CANARA_ACC_20142,180004.26,2026-01-11 00:35:14,SETTLEMENT,RTGS,Canara Bank,IN,0,NORMAL_BANKING_FLOW
TX_CANARA_114668,CANARA_ACC_20083,CANARA_ACC_20130,1436261.61,2026-01-11 04:09:07,SETTLEMENT,NEFT,Canara Bank,IN,0,NORMAL_BANKING_FLOW
TX_CANARA_114669,CANARA_ACC_20099,YES_ACC_20040,105048.55,2026-01-11 05:56:36,SETTLEMENT,RTGS,Canara Bank,IN,0,NORMAL_BANKING_FLOW
TX_CANARA_114670,CANARA_ACC_20106,CANARA_ACC_20062,66180.56,2026-01-11 05:03:56,SETTLEMENT,NEFT,Canara Bank,IN,0,NORMAL_BANKING_FLOW
TX_CANARA_114671,CANARA_ACC_20195,CANARA_ACC_20143,247234.22,2026-01-11 01:48:30,SETTLEMENT,NEFT,Canara Bank,IN,0,NORMAL_BANKING_FLOW
TX_CANARA_114672,CANARA_ACC_20135,CANARA_ACC_20216,82872.8,2026-01-11 06:52:30,SETTLEMENT,NEFT,Canara Bank,IN,0,NORMAL_BANKING_FLOW
TX_CANARA_114673,CANARA_ACC_20122,CANARA_ACC_20151,267136.9,2026-01-11 00:56:00,SETTLEMENT,NEFT,Canara Bank,IN,0,NORMAL_BANKING_FLOW
TX_CANARA_114674,CANARA_ACC_20177,CANARA_ACC_20066,70755.94,2026-01-11 01:32:16,SETTLEMENT,RTGS,Canara Bank,IN,0,NORMAL_BANKING_FLOW
TX_CANARA_114675,CANARA_ACC_20246,YES_ACC_20012,109071.37,2026-01-11 02:44:24,SETTLEMENT,NEFT,Canara Bank,IN,0,NORMAL_BANKING_FLOW
TX_CANARA_114676,CANARA_ACC_20169,SBI_ACC_20205,1078239.76,2026-01-11 04:32:30,SETTLEMENT,NEFT,Canara Bank,IN,0,NORMAL_BANKING_FLOW
TX_CANARA_114677,CANARA_ACC_20018,CANARA_ACC_20175,108489.93,2026-01-11 09:38:04,SETTLEMENT,RTGS,Canara Bank,IN,0,NORMAL_BANKING_FLOW
TX_CANARA_114678,CANARA_ACC_20073,HDFC_ACC_20024,73214.48,2026-01-11 02:28:15,SETTLEMENT,NEFT,Canara Bank,IN,0,NORMAL_BANKING_FLOW
TX_CANARA_114679,CANARA_ACC_20084,CANARA_ACC_20046,524750.81,2026-01-11 02:28:50,SETTLEMENT,RTGS,Canara Bank,IN,0,NORMAL_BANKING_FLOW
TX_CANARA_114680,CANARA_ACC_20202,CANARA_ACC_20112,56894.73,2026-01-11 01:17:29,SETTLEMENT,RTGS,Canara Bank,IN,0,NORMAL_BANKING_FLOW
TX_CANARA_114681,CANARA_ACC_20186,CANARA_ACC_20029,81393.99,2026-01-11 07:00:00,SETTLEMENT,RTGS,Canara Bank,IN,0,NORMAL_BANKING_FLOW
TX_CANARA_114682,CANARA_ACC_20029,CANARA_ACC_20007,289688.39,2026-01-11 03:24:38,SETTLEMENT,RTGS,Canara Bank,IN,0,NORMAL_BANKING_FLOW
TX_CANARA_114683,CANARA_ACC_20228,CANARA_ACC_20089,415987.89,2026-01-11 06:07:34,SETTLEMENT,RTGS,Canara Bank,IN,0,NORMAL_BANKING_FLOW
TX_CANARA_114684,CANARA_ACC_20196,CANARA_ACC_20158,551543.72,2026-01-11 00:07:21,SETTLEMENT,NEFT,Canara Bank,IN,0,NORMAL_BANKING_FLOW
TX_CANARA_114685,CANARA_ACC_20214,PNB_ACC_20205,77093.8,2026-01-11 02:32:20,SETTLEMENT,RTGS,Canara Bank,IN,0,NORMAL_BANKING_FLOW
TX_CANARA_114686,CANARA_ACC_20193,AXIS_ACC_20067,295377.26,2026-01-10 22:55:55,SETTLEMENT,NEFT,Canara Bank,IN,0,NORMAL_BANKING_FLOW
TX_CANARA_114687,CANARA_ACC_20014,BOB_ACC_20144,102118.77,2026-01-11 02:33:30,SETTLEMENT,RTGS,Canara Bank,IN,0,NORMAL_BANKING_FLOW
TX_CANARA_114688,CANARA_ACC_20204,HDFC_ACC_20231,88817.98,2026-01-11 04:40:54,SETTLEMENT,NEFT,Canara Bank,IN,0,NORMAL_BANKING_FLOW
TX_CANARA_114689,CANARA_ACC_20243,INDUS_ACC_20206,542103.8,2026-01-11 00:27:44,SETTLEMENT,RTGS,Canara Bank,IN,0,NORMAL_BANKING_FLOW
TX_CANARA_114690,CANARA_ACC_20223,CANARA_ACC_20015,93943.2,2026-01-11 05:18:36,SETTLEMENT,NEFT,Canara Bank,IN,0,NORMAL_BANKING_FLOW
TX_CANARA_114691,CANARA_ACC_20109,CANARA_ACC_20087,214959.43,2026-01-11 03:48:30,SETTLEMENT,RTGS,Canara Bank,IN,0,NORMAL_BANKING_FLOW
TX_CANARA_114692,CANARA_ACC_20182,CANARA_ACC_20007,190152.08,2026-01-11 10:11:00,SETTLEMENT,RTGS,Canara Bank,IN,0,NORMAL_BANKING_FLOW
TX_CANARA_114693,CANARA_ACC_20138,CANARA_ACC_20142,55784.18,2026-01-11 03:13:24,SETTLEMENT,NEFT,Canara Bank,IN,0,NORMAL_BANKING_FLOW
TX_CANARA_114694,CANARA_ACC_20178,KOTAK_ACC_20185,427663.89,2026-01-11 01:42:56,SETTLEMENT,NEFT,Canara Bank,IN,0,NORMAL_BANKING_FLOW
TX_CANARA_114695,CANARA_ACC_20158,CANARA_ACC_20051,285010.38,2026-01-11 01:43:28,SETTLEMENT,NEFT,Canara Bank,IN,0,NORMAL_BANKING_FLOW
TX_CANARA_114696,CANARA_ACC_20227,AXIS_ACC_20082,22330.51,2026-01-11 06:36:00,SETTLEMENT,RTGS,Canara Bank,IN,0,NORMAL_BANKING_FLOW
TX_CANARA_114697,CANARA_ACC_20048,KOTAK_ACC_20110,214791.08,2026-01-11 00:49:44,SETTLEMENT,NEFT,Canara Bank,IN,0,NORMAL_BANKING_FLOW
TX_CANARA_114698,CANARA_ACC_20171,CANARA_ACC_20039,75133.86,2026-01-10 22:23:57,SETTLEMENT,NEFT,Canara Bank,IN,0,NORMAL_BANKING_FLOW
TX_CANARA_114699,CANARA_ACC_20020,CANARA_ACC_20239,487514.5,2026-01-11 02:03:54,SETTLEMENT,RTGS,Canara Bank,IN,0,NORMAL_BANKING_FLOW
TX_CANARA_114700,CANARA_ACC_20224,CANARA_ACC_20239,38353.47,2026-01-11 01:27:49,SETTLEMENT,NEFT,Canara Bank,IN,0,NORMAL_BANKING_FLOW
TX_CANARA_114701,CANARA_ACC_20187,CANARA_ACC_20034,113950.91,2026-01-10 22:25:00,SETTLEMENT,NEFT,Canara Bank,IN,0,NORMAL_BANKING_FLOW
TX_CANARA_114702,CANARA_ACC_20178,CANARA_ACC_20243,233754.0,2026-01-11 03:55:39,SETTLEMENT,NEFT,Canara Bank,IN,0,NORMAL_BANKING_FLOW
TX_CANARA_114703,CANARA_ACC_20061,CANARA_ACC_20218,171843.64,2026-01-11 08:50:10,SETTLEMENT,NEFT,Canara Bank,IN,0,NORMAL_BANKING_FLOW
TX_CANARA_114704,CANARA_ACC_20104,BOB_ACC_20082,349045.74,2026-01-11 09:09:28,SETTLEMENT,RTGS,Canara Bank,IN,0,NORMAL_BANKING_FLOW
TX_CANARA_114705,CANARA_ACC_20237,CANARA_ACC_20232,35652.62,2026-01-11 04:34:24,SETTLEMENT,NEFT,Canara Bank,IN,0,NORMAL_BANKING_FLOW
TX_CANARA_114706,CANARA_ACC_20193,CANARA_ACC_20161,849084.8,2026-01-11 08:34:30,SETTLEMENT,NEFT,Canara Bank,IN,0,NORMAL_BANKING_FLOW
TX_CANARA_114707,CANARA_ACC_20245,CANARA_ACC_20055,275170.08,2026-01-11 01:49:52,SETTLEMENT,NEFT,Canara Bank,IN,0,NORMAL_BANKING_FLOW
TX_CANARA_114708,CANARA_ACC_20125,CANARA_ACC_20151,633945.47,2026-01-10 22:09:00,SETTLEMENT,RTGS,Canara Bank,IN,0,NORMAL_BANKING_FLOW
TX_CANARA_114709,CANARA_ACC_20026,CANARA_ACC_20162,390131.9,2026-01-11 04:55:36,SETTLEMENT,NEFT,Canara Bank,IN,0,NORMAL_BANKING_FLOW
TX_CANARA_114710,CANARA_ACC_20064,KOTAK_ACC_20157,160876.12,2026-01-11 01:14:30,SETTLEMENT,RTGS,Canara Bank,IN,0,NORMAL_BANKING_FLOW
TX_CANARA_114711,CANARA_ACC_20166,CANARA_ACC_20079,45062.32,2026-01-11 00:38:00,SETTLEMENT,NEFT,Canara Bank,IN,0,NORMAL_BANKING_FLOW
TX_CANARA_114712,CANARA_ACC_20212,CANARA_ACC_20064,92637.27,2026-01-11 03:06:36,SETTLEMENT,RTGS,Canara Bank,IN,0,NORMAL_BANKING_FLOW
TX_CANARA_114713,CANARA_ACC_20015,ICICI_ACC_20207,797760.2,2026-01-11 08:22:16,SETTLEMENT,RTGS,Canara Bank,IN,0,NORMAL_BANKING_FLOW
TX_CANARA_114714,CANARA_ACC_20209,HDFC_ACC_20224,650461.75,2026-01-11 00:57:57,SETTLEMENT,NEFT,Canara Bank,IN,0,NORMAL_BANKING_FLOW
TX_CANARA_114715,CANARA_ACC_20210,CANARA_ACC_20175,87588.06,2026-01-11 02:31:16,SETTLEMENT,RTGS,Canara Bank,IN,0,NORMAL_BANKING_FLOW
TX_CANARA_114716,CANARA_ACC_20172,BOB_ACC_20108,9717.62,2026-01-10 21:15:55,SETTLEMENT,RTGS,Canara Bank,IN,0,NORMAL_BANKING_FLOW
TX_CANARA_114717,CANARA_ACC_20019,CANARA_ACC_20114,131572.1,2026-01-10 20:39:00,SETTLEMENT,RTGS,Canara Bank,IN,0,NORMAL_BANKING_FLOW
TX_CANARA_114718,CANARA_ACC_20017,CANARA_ACC_20019,122063.55,2026-01-11 04:43:17,SETTLEMENT,RTGS,Canara Bank,IN,0,NORMAL_BANKING_FLOW
TX_CANARA_114719,CANARA_ACC_20138,CANARA_ACC_20166,126782.38,2026-01-11 07:13:02,SETTLEMENT,RTGS,Canara Bank,IN,0,NORMAL_BANKING_FLOW
TX_CANARA_114720,CANARA_ACC_20014,CANARA_ACC_20011,276105.74,2026-01-11 01:00:51,SETTLEMENT,RTGS,Canara Bank,IN,0,NORMAL_BANKING_FLOW
TX_CANARA_114721,CANARA_ACC_20130,CANARA_ACC_20068,390902.16,2026-01-11 02:16:00,SETTLEMENT,RTGS,Canara Bank,IN,0,NORMAL_BANKING_FLOW
TX_CANARA_114722,CANARA_ACC_20064,CANARA_ACC_20220,438142.53,2026-01-11 01:57:52,SETTLEMENT,RTGS,Canara Bank,IN,0,NORMAL_BANKING_FLOW
TX_CANARA_114723,CANARA_ACC_20215,CANARA_ACC_20089,254157.43,2026-01-11 01:02:18,SETTLEMENT,RTGS,Canara Bank,IN,0,NORMAL_BANKING_FLOW
TX_CANARA_114724,CANARA_ACC_20022,HDFC_ACC_20144,26882.46,2026-01-11 04:28:40,SETTLEMENT,RTGS,Canara Bank,IN,0,NORMAL_BANKING_FLOW
TX_CANARA_114725,CANARA_ACC_20019,HDFC_ACC_20001,115705.13,2026-01-11 10:06:32,SETTLEMENT,RTGS,Canara Bank,IN,0,NORMAL_BANKING_FLOW
TX_CANARA_114726,CANARA_ACC_20185,CANARA_ACC_20202,1629998.71,2026-01-11 07:56:15,SETTLEMENT,NEFT,Canara Bank,IN,0,NORMAL_BANKING_FLOW
TX_CANARA_114727,CANARA_ACC_20229,ICICI_ACC_20018,236621.41,2026-01-10 23:11:38,SETTLEMENT,NEFT,Canara Bank,IN,0,NORMAL_BANKING_FLOW
TX_CANARA_114728,CANARA_ACC_20022,CANARA_ACC_20112,235112.54,2026-01-11 04:50:07,SETTLEMENT,NEFT,Canara Bank,IN,0,NORMAL_BANKING_FLOW
TX_CANARA_114729,CANARA_ACC_20221,CANARA_ACC_20000,233161.34,2026-01-11 00:08:48,SETTLEMENT,RTGS,Canara Bank,IN,0,NORMAL_BANKING_FLOW
TX_CANARA_114730,CANARA_ACC_20131,CANARA_ACC_20134,246564.68,2026-01-10 20:42:15,SETTLEMENT,RTGS,Canara Bank,IN,0,NORMAL_BANKING_FLOW
TX_CANARA_114731,CANARA_ACC_20120,CANARA_ACC_20076,15016.24,2026-01-11 09:34:40,SETTLEMENT,RTGS,Canara Bank,IN,0,NORMAL_BANKING_FLOW
TX_CANARA_114732,CANARA_ACC_20117,ICICI_ACC_20040,128088.37,2026-01-10 22:35:51,SETTLEMENT,NEFT,Canara Bank,IN,0,NORMAL_BANKING_FLOW
TX_CANARA_114733,CANARA_ACC_20083,INDUS_ACC_20201,156702.94,2026-01-11 00:10:32,SETTLEMENT,RTGS,Canara Bank,IN,0,NORMAL_BANKING_FLOW
TX_CANARA_114734,CANARA_ACC_20175,CANARA_ACC_20216,586246.37,2026-01-11 08:21:56,SETTLEMENT,RTGS,Canara Bank,IN,0,NORMAL_BANKING_FLOW
TX_CANARA_114735,CANARA_ACC_20090,CANARA_ACC_20143,170701.7,2026-01-11 02:04:48,SETTLEMENT,RTGS,Canara Bank,IN,0,NORMAL_BANKING_FLOW
TX_CANARA_114736,CANARA_ACC_20184,AXIS_ACC_20036,31366.28,2026-01-10 21:59:25,SETTLEMENT,RTGS,Canara Bank,IN,0,NORMAL_BANKING_FLOW
TX_CANARA_114737,CANARA_ACC_20236,HDFC_ACC_20151,250218.34,2026-01-11 05:53:04,SETTLEMENT,NEFT,Canara Bank,IN,0,NORMAL_BANKING_FLOW
TX_CANARA_114738,CANARA_ACC_20184,CANARA_ACC_20114,72851.28,2026-01-11 10:19:06,SETTLEMENT,RTGS,Canara Bank,IN,0,NORMAL_BANKING_FLOW
TX_CANARA_114739,CANARA_ACC_20022,CANARA_ACC_20204,48204.82,2026-01-11 06:13:30,SETTLEMENT,RTGS,Canara Bank,IN,0,NORMAL_BANKING_FLOW
TX_CANARA_114740,CANARA_ACC_20081,CANARA_ACC_20049,70674.56,2026-01-10 23:54:35,SETTLEMENT,RTGS,Canara Bank,IN,0,NORMAL_BANKING_FLOW
TX_CANARA_114741,CANARA_ACC_20081,AXIS_ACC_20053,279988.62,2026-01-11 05:56:00,SETTLEMENT,RTGS,Canara Bank,IN,0,NORMAL_BANKING_FLOW
TX_CANARA_114742,CANARA_ACC_20080,CANARA_ACC_20089,573068.9,2026-01-11 03:24:36,SETTLEMENT,RTGS,Canara Bank,IN,0,NORMAL_BANKING_FLOW
TX_CANARA_114743,CANARA_ACC_20075,CANARA_ACC_20010,263795.63,2026-01-11 10:04:54,SETTLEMENT,NEFT,Canara Bank,IN,0,NORMAL_BANKING_FLOW
TX_CANARA_114744,CANARA_ACC_20067,INDUS_ACC_20222,306209.02,2026-01-11 10:05:51,SETTLEMENT,NEFT,Canara Bank,IN,0,NORMAL_BANKING_FLOW
TX_CANARA_114745,CANARA_ACC_20150,CANARA_ACC_20160,261200.94,2026-01-11 06:18:00,SETTLEMENT,NEFT,Canara Bank,IN,0,NORMAL_BANKING_FLOW
TX_CANARA_114746,CANARA_ACC_20020,CANARA_ACC_20248,180110.74,2026-01-11 07:16:00,SETTLEMENT,RTGS,Canara Bank,IN,0,NORMAL_BANKING_FLOW
TX_CANARA_114747,CANARA_ACC_20193,SBI_ACC_20112,326743.47,2026-01-11 06:57:42,SETTLEMENT,NEFT,Canara Bank,IN,0,NORMAL_BANKING_FLOW
TX_CANARA_114748,CANARA_ACC_20195,CANARA_ACC_20082,14490.15,2026-01-11 04:25:33,SETTLEMENT,RTGS,Canara Bank,IN,0,NORMAL_BANKING_FLOW
TX_CANARA_114749,CANARA_ACC_20147,PNB_ACC_20137,181877.44,2026-01-11 10:10:36,SETTLEMENT,RTGS,Canara Bank,IN,0,NORMAL_BANKING_FLOW
TX_CANARA_114750,CANARA_ACC_20175,CANARA_ACC_20198,57243.82,2026-01-11 10:11:33,SETTLEMENT,RTGS,Canara Bank,IN,0,NORMAL_BANKING_FLOW
TX_CANARA_114751,CANARA_ACC_20094,CANARA_ACC_20113,520686.06,2026-01-10 21:25:50,SETTLEMENT,NEFT,Canara Bank,IN,0,NORMAL_BANKING_FLOW
TX_CANARA_114752,CANARA_ACC_20183,YES_ACC_20183,140483.41,2026-01-11 06:04:04,SETTLEMENT,NEFT,Canara Bank,IN,0,NORMAL_BANKING_FLOW
TX_CANARA_114753,CANARA_ACC_20095,INDUS_ACC_20097,167870.49,2026-01-11 01:36:00,SETTLEMENT,NEFT,Canara Bank,IN,0,NORMAL_BANKING_FLOW
TX_CANARA_114754,CANARA_ACC_20236,CANARA_ACC_20001,36131.78,2026-01-10 21:07:28,SETTLEMENT,RTGS,Canara Bank,IN,0,NORMAL_BANKING_FLOW
TX_CANARA_114755,CANARA_ACC_20120,CANARA_ACC_20193,449922.62,2026-01-11 00:20:04,SETTLEMENT,RTGS,Canara Bank,IN,0,NORMAL_BANKING_FLOW
TX_CANARA_114756,CANARA_ACC_20053,CANARA_ACC_20093,304774.71,2026-01-11 06:45:30,SETTLEMENT,RTGS,Canara Bank,IN,0,NORMAL_BANKING_FLOW
TX_CANARA_114757,CANARA_ACC_20039,CANARA_ACC_20219,284062.02,2026-01-11 06:07:44,SETTLEMENT,NEFT,Canara Bank,IN,0,NORMAL_BANKING_FLOW
TX_CANARA_114758,CANARA_ACC_20098,CANARA_ACC_20099,72184.25,2026-01-11 05:29:54,SETTLEMENT,NEFT,Canara Bank,IN,0,NORMAL_BANKING_FLOW
TX_CANARA_114759,CANARA_ACC_20176,CANARA_ACC_20058,75083.8,2026-01-11 07:26:24,SETTLEMENT,RTGS,Canara Bank,IN,0,NORMAL_BANKING_FLOW
TX_CANARA_114760,CANARA_ACC_20144,KOTAK_ACC_20043,203536.26,2026-01-11 01:58:49,SETTLEMENT,NEFT,Canara Bank,IN,0,NORMAL_BANKING_FLOW
TX_CANARA_114761,CANARA_ACC_20189,CANARA_ACC_20074,81267.51,2026-01-11 04:53:20,SETTLEMENT,RTGS,Canara Bank,IN,0,NORMAL_BANKING_FLOW
TX_CANARA_114762,CANARA_ACC_20161,CANARA_ACC_20184,251423.23,2026-01-11 04:54:00,SETTLEMENT,RTGS,Canara Bank,IN,0,NORMAL_BANKING_FLOW
TX_CANARA_114763,CANARA_ACC_20129,CANARA_ACC_20084,18752.59,2026-01-11 10:23:54,SETTLEMENT,NEFT,Canara Bank,IN,0,NORMAL_BANKING_FLOW
TX_CANARA_114764,CANARA_ACC_20155,AXIS_ACC_20037,99953.01,2026-01-11 07:11:01,SETTLEMENT,RTGS,Canara Bank,IN,0,NORMAL_BANKING_FLOW
TX_CANARA_114765,CANARA_ACC_20171,AXIS_ACC_20048,981417.73,2026-01-10 22:08:36,SETTLEMENT,RTGS,Canara Bank,IN,0,NORMAL_BANKING_FLOW
TX_CANARA_114766,CANARA_ACC_20076,CANARA_ACC_20123,252580.64,2026-01-10 21:30:05,SETTLEMENT,RTGS,Canara Bank,IN,0,NORMAL_BANKING_FLOW
TX_CANARA_114767,CANARA_ACC_20053,CANARA_ACC_20177,192296.49,2026-01-11 09:09:58,SETTLEMENT,NEFT,Canara Bank,IN,0,NORMAL_BANKING_FLOW
TX_CANARA_114768,CANARA_ACC_20106,CANARA_ACC_20089,1184968.25,2026-01-11 07:53:03,SETTLEMENT,RTGS,Canara Bank,IN,0,NORMAL_BANKING_FLOW
TX_CANARA_114769,CANARA_ACC_20106,CANARA_ACC_20006,15741.35,2026-01-10 20:52:00,SETTLEMENT,NEFT,Canara Bank,IN,0,NORMAL_BANKING_FLOW
TX_CANARA_114770,CANARA_ACC_20193,KOTAK_ACC_20230,72019.26,2026-01-11 03:02:26,SETTLEMENT,RTGS,Canara Bank,IN,0,NORMAL_BANKING_FLOW
TX_CANARA_114771,CANARA_ACC_20055,CANARA_ACC_20186,108969.88,2026-01-10 22:49:30,SETTLEMENT,NEFT,Canara Bank,IN,0,NORMAL_BANKING_FLOW
TX_CANARA_114772,CANARA_ACC_20192,CANARA_ACC_20193,383982.11,2026-01-11 10:32:27,SETTLEMENT,RTGS,Canara Bank,IN,0,NORMAL_BANKING_FLOW
TX_CANARA_114773,CANARA_ACC_20124,CANARA_ACC_20015,390684.8,2026-01-11 02:44:36,SETTLEMENT,RTGS,Canara Bank,IN,0,NORMAL_BANKING_FLOW
TX_CANARA_114774,CANARA_ACC_20150,CANARA_ACC_20215,68459.2,2026-01-11 01:26:57,SETTLEMENT,NEFT,Canara Bank,IN,0,NORMAL_BANKING_FLOW
TX_CANARA_114775,CANARA_ACC_20032,CANARA_ACC_20192,441509.28,2026-01-11 06:01:22,SETTLEMENT,NEFT,Canara Bank,IN,0,NORMAL_BANKING_FLOW
TX_CANARA_114776,CANARA_ACC_20223,CANARA_ACC_20005,108736.76,2026-01-10 21:32:55,SETTLEMENT,NEFT,Canara Bank,IN,0,NORMAL_BANKING_FLOW
TX_CANARA_114777,CANARA_ACC_20193,CANARA_ACC_20177,546691.33,2026-01-11 04:24:48,SETTLEMENT,RTGS,Canara Bank,IN,0,NORMAL_BANKING_FLOW
TX_CANARA_114778,CANARA_ACC_20107,CANARA_ACC_20001,57951.24,2026-01-11 08:01:13,SETTLEMENT,RTGS,Canara Bank,IN,0,NORMAL_BANKING_FLOW
TX_CANARA_114779,CANARA_ACC_20170,CANARA_ACC_20160,143873.31,2026-01-10 23:31:34,SETTLEMENT,RTGS,Canara Bank,IN,0,NORMAL_BANKING_FLOW
TX_CANARA_114780,CANARA_ACC_20225,CANARA_ACC_20002,99691.2,2026-01-11 07:03:54,SETTLEMENT,NEFT,Canara Bank,IN,0,NORMAL_BANKING_FLOW
TX_CANARA_114781,CANARA_ACC_20070,CANARA_ACC_20015,467909.59,2026-01-11 06:05:40,SETTLEMENT,RTGS,Canara Bank,IN,0,NORMAL_BANKING_FLOW
TX_CANARA_114782,CANARA_ACC_20004,BOB_ACC_20240,96492.33,2026-01-11 06:45:45,SETTLEMENT,NEFT,Canara Bank,IN,0,NORMAL_BANKING_FLOW
TX_CANARA_114783,CANARA_ACC_20118,CANARA_ACC_20097,155990.67,2026-01-11 11:22:18,SETTLEMENT,NEFT,Canara Bank,IN,0,NORMAL_BANKING_FLOW
TX_CANARA_114784,CANARA_ACC_20234,CANARA_ACC_20113,270171.28,2026-01-11 09:24:59,SETTLEMENT,NEFT,Canara Bank,IN,0,NORMAL_BANKING_FLOW
TX_CANARA_114785,CANARA_ACC_20080,BOB_ACC_20178,280760.84,2026-01-11 01:32:16,SETTLEMENT,NEFT,Canara Bank,IN,0,NORMAL_BANKING_FLOW
TX_CANARA_114786,CANARA_ACC_20022,SBI_ACC_20011,395123.09,2026-01-11 05:49:30,SETTLEMENT,RTGS,Canara Bank,IN,0,NORMAL_BANKING_FLOW
TX_CANARA_114787,CANARA_ACC_20142,CANARA_ACC_20069,201012.98,2026-01-11 07:48:48,SETTLEMENT,NEFT,Canara Bank,IN,0,NORMAL_BANKING_FLOW
TX_CANARA_114788,CANARA_ACC_20074,CANARA_ACC_20090,107124.94,2026-01-11 08:48:57,SETTLEMENT,NEFT,Canara Bank,IN,0,NORMAL_BANKING_FLOW
TX_CANARA_114789,CANARA_ACC_20127,ICICI_ACC_20245,114725.92,2026-01-10 22:16:12,SETTLEMENT,NEFT,Canara Bank,IN,0,NORMAL_BANKING_FLOW
TX_CANARA_114790,CANARA_ACC_20016,PNB_ACC_20036,166987.18,2026-01-10 23:15:58,SETTLEMENT,NEFT,Canara Bank,IN,0,NORMAL_BANKING_FLOW
TX_CANARA_114791,CANARA_ACC_20031,CANARA_ACC_20121,208896.14,2026-01-11 05:13:20,SETTLEMENT,NEFT,Canara Bank,IN,0,NORMAL_BANKING_FLOW
TX_CANARA_114792,CANARA_ACC_20110,CANARA_ACC_20220,140481.12,2026-01-10 21:57:18,SETTLEMENT,RTGS,Canara Bank,IN,0,NORMAL_BANKING_FLOW
TX_CANARA_114793,CANARA_ACC_20204,CANARA_ACC_20226,165910.44,2026-01-11 11:32:08,SETTLEMENT,RTGS,Canara Bank,IN,0,NORMAL_BANKING_FLOW
TX_CANARA_114794,CANARA_ACC_20197,CANARA_ACC_20138,35694.29,2026-01-10 21:18:08,SETTLEMENT,RTGS,Canara Bank,IN,0,NORMAL_BANKING_FLOW
TX_CANARA_114795,CANARA_ACC_20240,CANARA_ACC_20020,317221.42,2026-01-11 10:34:24,SETTLEMENT,RTGS,Canara Bank,IN,0,NORMAL_BANKING_FLOW
TX_CANARA_114796,CANARA_ACC_20170,CANARA_ACC_20023,195069.72,2026-01-11 01:57:30,SETTLEMENT,NEFT,Canara Bank,IN,0,NORMAL_BANKING_FLOW
TX_CANARA_114797,CANARA_ACC_20104,CANARA_ACC_20142,443241.66,2026-01-11 11:36:04,SETTLEMENT,RTGS,Canara Bank,IN,0,NORMAL_BANKING_FLOW
TX_CANARA_114798,CANARA_ACC_20215,CANARA_ACC_20174,162780.92,2026-01-10 22:39:00,SETTLEMENT,NEFT,Canara Bank,IN,0,NORMAL_BANKING_FLOW
TX_CANARA_114799,CANARA_ACC_20224,CANARA_ACC_20095,28612.6,2026-01-11 01:59:00,SETTLEMENT,RTGS,Canara Bank,IN,0,NORMAL_BANKING_FLOW
TX_CANARA_114800,CANARA_ACC_20145,CANARA_ACC_20085,113726.74,2026-01-11 10:39:04,SETTLEMENT,RTGS,Canara Bank,IN,0,NORMAL_BANKING_FLOW
TX_CANARA_114801,CANARA_ACC_20164,AXIS_ACC_20001,133261.69,2026-01-11 02:00:00,SETTLEMENT,RTGS,Canara Bank,IN,0,NORMAL_BANKING_FLOW
TX_CANARA_114802,CANARA_ACC_20243,CANARA_ACC_20137,342115.37,2026-01-11 04:00:36,SETTLEMENT,RTGS,Canara Bank,IN,0,NORMAL_BANKING_FLOW
TX_CANARA_114803,CANARA_ACC_20042,SBI_ACC_20071,20531.72,2026-01-11 07:21:32,SETTLEMENT,RTGS,Canara Bank,IN,0,NORMAL_BANKING_FLOW
TX_CANARA_114804,CANARA_ACC_20007,SBI_ACC_20111,169596.86,2026-01-11 06:02:06,SETTLEMENT,NEFT,Canara Bank,IN,0,NORMAL_BANKING_FLOW
TX_CANARA_114805,CANARA_ACC_20179,CANARA_ACC_20088,272032.06,2026-01-11 11:23:52,SETTLEMENT,RTGS,Canara Bank,IN,0,NORMAL_BANKING_FLOW
TX_CANARA_114806,CANARA_ACC_20202,CANARA_ACC_20135,83994.96,2026-01-11 07:43:55,SETTLEMENT,RTGS,Canara Bank,IN,0,NORMAL_BANKING_FLOW
TX_CANARA_114807,CANARA_ACC_20038,CANARA_ACC_20139,175365.56,2026-01-11 10:05:24,SETTLEMENT,NEFT,Canara Bank,IN,0,NORMAL_BANKING_FLOW
TX_CANARA_114808,CANARA_ACC_20109,HDFC_ACC_20076,86939.13,2026-01-11 06:04:54,SETTLEMENT,NEFT,Canara Bank,IN,0,NORMAL_BANKING_FLOW
TX_CANARA_114809,CANARA_ACC_20019,CANARA_ACC_20144,78466.5,2026-01-11 04:24:56,SETTLEMENT,NEFT,Canara Bank,IN,0,NORMAL_BANKING_FLOW
TX_CANARA_114810,CANARA_ACC_20223,CANARA_ACC_20058,108183.07,2026-01-11 07:06:45,SETTLEMENT,RTGS,Canara Bank,IN,0,NORMAL_BANKING_FLOW
TX_CANARA_114811,CANARA_ACC_20182,CANARA_ACC_20165,79962.1,2026-01-11 06:47:20,SETTLEMENT,NEFT,Canara Bank,IN,0,NORMAL_BANKING_FLOW
TX_CANARA_114812,CANARA_ACC_20016,CANARA_ACC_20195,322422.58,2026-01-10 22:23:29,SETTLEMENT,NEFT,Canara Bank,IN,0,NORMAL_BANKING_FLOW
TX_CANARA_114813,CANARA_ACC_20183,CANARA_ACC_20024,78045.57,2026-01-11 11:11:24,SETTLEMENT,RTGS,Canara Bank,IN,0,NORMAL_BANKING_FLOW
TX_CANARA_114814,CANARA_ACC_20173,CANARA_ACC_20079,65978.88,2026-01-11 08:10:24,SETTLEMENT,RTGS,Canara Bank,IN,0,NORMAL_BANKING_FLOW
TX_CANARA_114815,CANARA_ACC_20182,CANARA_ACC_20039,953532.38,2026-01-10 22:24:26,SETTLEMENT,NEFT,Canara Bank,IN,0,NORMAL_BANKING_FLOW
TX_CANARA_114816,CANARA_ACC_20202,CANARA_ACC_20061,425380.79,2026-01-10 22:45:00,SETTLEMENT,RTGS,Canara Bank,IN,0,NORMAL_BANKING_FLOW
TX_CANARA_114817,CANARA_ACC_20052,CANARA_ACC_20175,25298.15,2026-01-11 01:27:28,SETTLEMENT,RTGS,Canara Bank,IN,0,NORMAL_BANKING_FLOW
TX_CANARA_114818,CANARA_ACC_20060,CANARA_ACC_20210,75752.88,2026-01-11 05:11:03,SETTLEMENT,NEFT,Canara Bank,IN,0,NORMAL_BANKING_FLOW
TX_CANARA_114819,CANARA_ACC_20154,PNB_ACC_20242,207412.11,2026-01-11 07:54:06,SETTLEMENT,RTGS,Canara Bank,IN,0,NORMAL_BANKING_FLOW
TX_CANARA_114820,CANARA_ACC_20190,PNB_ACC_20111,224977.36,2026-01-11 06:53:56,SETTLEMENT,NEFT,Canara Bank,IN,0,NORMAL_BANKING_FLOW
TX_CANARA_114821,CANARA_ACC_20234,CANARA_ACC_20026,36662.41,2026-01-11 11:59:40,SETTLEMENT,RTGS,Canara Bank,IN,0,NORMAL_BANKING_FLOW
TX_CANARA_114822,CANARA_ACC_20219,CANARA_ACC_20035,518432.7,2026-01-10 21:25:36,SETTLEMENT,RTGS,Canara Bank,IN,0,NORMAL_BANKING_FLOW
TX_CANARA_114823,CANARA_ACC_20247,KOTAK_ACC_20190,371470.38,2026-01-10 21:46:14,SETTLEMENT,RTGS,Canara Bank,IN,0,NORMAL_BANKING_FLOW
TX_CANARA_114824,CANARA_ACC_20098,CANARA_ACC_20076,263524.5,2026-01-10 21:05:45,SETTLEMENT,NEFT,Canara Bank,IN,0,NORMAL_BANKING_FLOW
TX_CANARA_114825,CANARA_ACC_20060,BOB_ACC_20221,632052.97,2026-01-11 12:03:36,SETTLEMENT,NEFT,Canara Bank,IN,0,NORMAL_BANKING_FLOW
TX_CANARA_114826,CANARA_ACC_20092,CANARA_ACC_20235,255835.51,2026-01-11 02:32:55,SETTLEMENT,RTGS,Canara Bank,IN,0,NORMAL_BANKING_FLOW
TX_CANARA_114827,CANARA_ACC_20082,CANARA_ACC_20222,254888.35,2026-01-10 23:49:58,SETTLEMENT,RTGS,Canara Bank,IN,0,NORMAL_BANKING_FLOW
TX_CANARA_114828,CANARA_ACC_20207,CANARA_ACC_20130,772725.59,2026-01-11 10:24:18,SETTLEMENT,RTGS,Canara Bank,IN,0,NORMAL_BANKING_FLOW
TX_CANARA_114829,CANARA_ACC_20236,CANARA_ACC_20023,489539.08,2026-01-11 04:16:48,SETTLEMENT,RTGS,Canara Bank,IN,0,NORMAL_BANKING_FLOW
TX_CANARA_114830,CANARA_ACC_20188,CANARA_ACC_20089,70157.12,2026-01-11 02:14:30,SETTLEMENT,RTGS,Canara Bank,IN,0,NORMAL_BANKING_FLOW
TX_CANARA_114831,CANARA_ACC_20110,AXIS_ACC_20054,306568.09,2026-01-11 03:57:30,SETTLEMENT,RTGS,Canara Bank,IN,0,NORMAL_BANKING_FLOW
TX_CANARA_114832,CANARA_ACC_20054,CANARA_ACC_20110,83761.78,2026-01-11 01:13:57,SETTLEMENT,RTGS,Canara Bank,IN,0,NORMAL_BANKING_FLOW
TX_CANARA_114833,CANARA_ACC_20160,HDFC_ACC_20019,269454.43,2026-01-10 23:11:12,SETTLEMENT,RTGS,Canara Bank,IN,0,NORMAL_BANKING_FLOW
TX_CANARA_114834,CANARA_ACC_20179,CANARA_ACC_20035,262134.63,2026-01-10 23:32:06,SETTLEMENT,RTGS,Canara Bank,IN,0,NORMAL_BANKING_FLOW
TX_CANARA_114835,CANARA_ACC_20222,YES_ACC_20183,40803.89,2026-01-11 01:35:52,SETTLEMENT,RTGS,Canara Bank,IN,0,NORMAL_BANKING_FLOW
TX_CANARA_114836,CANARA_ACC_20130,CANARA_ACC_20244,144084.38,2026-01-11 12:14:25,SETTLEMENT,RTGS,Canara Bank,IN,0,NORMAL_BANKING_FLOW
TX_CANARA_114837,CANARA_ACC_20189,ICICI_ACC_20189,212194.17,2026-01-10 23:33:12,SETTLEMENT,RTGS,Canara Bank,IN,0,NORMAL_BANKING_FLOW
TX_CANARA_114838,CANARA_ACC_20030,CANARA_ACC_20133,105209.6,2026-01-11 00:14:48,SETTLEMENT,NEFT,Canara Bank,IN,0,NORMAL_BANKING_FLOW
TX_CANARA_114839,CANARA_ACC_20146,CANARA_ACC_20170,222951.59,2026-01-11 09:52:56,SETTLEMENT,NEFT,Canara Bank,IN,0,NORMAL_BANKING_FLOW
TX_CANARA_114840,CANARA_ACC_20149,CANARA_ACC_20227,364360.04,2026-01-10 22:11:42,SETTLEMENT,RTGS,Canara Bank,IN,0,NORMAL_BANKING_FLOW
TX_CANARA_114841,CANARA_ACC_20153,CANARA_ACC_20016,157851.02,2026-01-11 01:59:20,SETTLEMENT,NEFT,Canara Bank,IN,0,NORMAL_BANKING_FLOW
TX_CANARA_114842,CANARA_ACC_20166,CANARA_ACC_20161,203739.9,2026-01-11 01:18:27,SETTLEMENT,RTGS,Canara Bank,IN,0,NORMAL_BANKING_FLOW
TX_CANARA_114843,CANARA_ACC_20241,INDUS_ACC_20210,649153.24,2026-01-11 11:19:12,SETTLEMENT,RTGS,Canara Bank,IN,0,NORMAL_BANKING_FLOW
TX_CANARA_114844,CANARA_ACC_20219,BOB_ACC_20039,261240.46,2026-01-10 21:31:28,SETTLEMENT,NEFT,Canara Bank,IN,0,NORMAL_BANKING_FLOW
TX_CANARA_114845,CANARA_ACC_20168,BOB_ACC_20162,198953.08,2026-01-11 09:16:40,SETTLEMENT,RTGS,Canara Bank,IN,0,NORMAL_BANKING_FLOW
TX_CANARA_114846,CANARA_ACC_20068,CANARA_ACC_20196,62437.46,2026-01-10 23:36:30,SETTLEMENT,RTGS,Canara Bank,IN,0,NORMAL_BANKING_FLOW
TX_CANARA_114847,CANARA_ACC_20164,BOB_ACC_20107,318387.99,2026-01-11 04:06:50,SETTLEMENT,RTGS,Canara Bank,IN,0,NORMAL_BANKING_FLOW
TX_CANARA_114848,CANARA_ACC_20063,PNB_ACC_20129,226420.68,2026-01-11 01:00:22,SETTLEMENT,RTGS,Canara Bank,IN,0,NORMAL_BANKING_FLOW
TX_CANARA_114849,CANARA_ACC_20092,BOB_ACC_20198,587563.4,2026-01-11 12:48:00,SETTLEMENT,RTGS,Canara Bank,IN,0,NORMAL_BANKING_FLOW
TX_CANARA_114850,CANARA_ACC_20243,INDUS_ACC_20128,170566.16,2026-01-11 06:55:07,SETTLEMENT,RTGS,Canara Bank,IN,0,NORMAL_BANKING_FLOW
TX_CANARA_114851,CANARA_ACC_20142,CANARA_ACC_20013,26469.11,2026-01-10 21:54:10,SETTLEMENT,RTGS,Canara Bank,IN,0,NORMAL_BANKING_FLOW
TX_CANARA_114852,CANARA_ACC_20107,CANARA_ACC_20040,29729.03,2026-01-11 01:02:06,SETTLEMENT,NEFT,Canara Bank,IN,0,NORMAL_BANKING_FLOW
TX_CANARA_114853,CANARA_ACC_20239,CANARA_ACC_20184,339653.33,2026-01-11 01:23:24,SETTLEMENT,RTGS,Canara Bank,IN,0,NORMAL_BANKING_FLOW
TX_CANARA_114854,CANARA_ACC_20069,CANARA_ACC_20007,92024.16,2026-01-11 11:08:35,SETTLEMENT,RTGS,Canara Bank,IN,0,NORMAL_BANKING_FLOW
TX_CANARA_114855,CANARA_ACC_20199,CANARA_ACC_20175,251895.03,2026-01-11 12:33:06,SETTLEMENT,RTGS,Canara Bank,IN,0,NORMAL_BANKING_FLOW
TX_CANARA_114856,CANARA_ACC_20037,CANARA_ACC_20207,182450.22,2026-01-11 07:41:15,SETTLEMENT,NEFT,Canara Bank,IN,0,NORMAL_BANKING_FLOW
TX_CANARA_114857,CANARA_ACC_20065,ICICI_ACC_20237,137745.12,2026-01-11 08:02:56,SETTLEMENT,RTGS,Canara Bank,IN,0,NORMAL_BANKING_FLOW
TX_CANARA_114858,CANARA_ACC_20149,CANARA_ACC_20023,147803.46,2026-01-11 11:12:15,SETTLEMENT,NEFT,Canara Bank,IN,0,NORMAL_BANKING_FLOW
TX_CANARA_114859,CANARA_ACC_20138,CANARA_ACC_20199,68501.47,2026-01-11 03:52:52,SETTLEMENT,RTGS,Canara Bank,IN,0,NORMAL_BANKING_FLOW
TX_CANARA_114860,CANARA_ACC_20048,CANARA_ACC_20156,160207.05,2026-01-11 01:47:32,SETTLEMENT,RTGS,Canara Bank,IN,0,NORMAL_BANKING_FLOW
TX_CANARA_114861,CANARA_ACC_20159,CANARA_ACC_20196,90717.59,2026-01-10 23:21:00,SETTLEMENT,NEFT,Canara Bank,IN,0,NORMAL_BANKING_FLOW
TX_CANARA_114862,CANARA_ACC_20173,CANARA_ACC_20243,112166.93,2026-01-11 08:27:47,SETTLEMENT,NEFT,Canara Bank,IN,0,NORMAL_BANKING_FLOW
TX_CANARA_114863,CANARA_ACC_20199,CANARA_ACC_20069,117753.76,2026-01-10 23:21:42,SETTLEMENT,NEFT,Canara Bank,IN,0,NORMAL_BANKING_FLOW
TX_CANARA_114864,CANARA_ACC_20227,CANARA_ACC_20070,129742.47,2026-01-11 09:11:27,SETTLEMENT,RTGS,Canara Bank,IN,0,NORMAL_BANKING_FLOW
TX_CANARA_114865,CANARA_ACC_20116,CANARA_ACC_20227,409287.64,2026-01-11 04:17:20,SETTLEMENT,NEFT,Canara Bank,IN,0,NORMAL_BANKING_FLOW
TX_CANARA_114866,CANARA_ACC_20044,AXIS_ACC_20055,142944.14,2026-01-11 01:29:15,SETTLEMENT,RTGS,Canara Bank,IN,0,NORMAL_BANKING_FLOW
TX_CANARA_114867,CANARA_ACC_20113,CANARA_ACC_20172,453024.88,2026-01-11 02:54:06,SETTLEMENT,NEFT,Canara Bank,IN,0,NORMAL_BANKING_FLOW
TX_CANARA_114868,CANARA_ACC_20121,CANARA_ACC_20214,757557.67,2026-01-10 22:41:13,SETTLEMENT,NEFT,Canara Bank,IN,0,NORMAL_BANKING_FLOW
TX_CANARA_114869,CANARA_ACC_20206,CANARA_ACC_20180,382676.27,2026-01-11 10:18:56,SETTLEMENT,NEFT,Canara Bank,IN,0,NORMAL_BANKING_FLOW
TX_CANARA_114870,CANARA_ACC_20108,CANARA_ACC_20133,277747.73,2026-01-11 03:37:57,SETTLEMENT,NEFT,Canara Bank,IN,0,NORMAL_BANKING_FLOW
TX_CANARA_114871,CANARA_ACC_20149,CANARA_ACC_20178,225670.72,2026-01-11 12:06:30,SETTLEMENT,NEFT,Canara Bank,IN,0,NORMAL_BANKING_FLOW
TX_CANARA_114872,CANARA_ACC_20182,CANARA_ACC_20031,386682.3,2026-01-11 10:42:43,SETTLEMENT,RTGS,Canara Bank,IN,0,NORMAL_BANKING_FLOW
TX_CANARA_114873,CANARA_ACC_20098,CANARA_ACC_20065,177968.3,2026-01-10 22:21:36,SETTLEMENT,RTGS,Canara Bank,IN,0,NORMAL_BANKING_FLOW
TX_CANARA_114874,CANARA_ACC_20042,CANARA_ACC_20212,435639.28,2026-01-10 21:18:15,SETTLEMENT,RTGS,Canara Bank,IN,0,NORMAL_BANKING_FLOW
TX_CANARA_114875,CANARA_ACC_20214,INDUS_ACC_20002,300771.41,2026-01-11 11:27:50,SETTLEMENT,NEFT,Canara Bank,IN,0,NORMAL_BANKING_FLOW
TX_CANARA_114876,CANARA_ACC_20133,CANARA_ACC_20090,113568.28,2026-01-11 05:48:45,SETTLEMENT,RTGS,Canara Bank,IN,0,NORMAL_BANKING_FLOW
TX_CANARA_114877,CANARA_ACC_20194,CANARA_ACC_20206,398654.69,2026-01-11 01:12:56,SETTLEMENT,NEFT,Canara Bank,IN,0,NORMAL_BANKING_FLOW
TX_CANARA_114878,CANARA_ACC_20171,CANARA_ACC_20054,178345.87,2026-01-11 05:28:46,SETTLEMENT,NEFT,Canara Bank,IN,0,NORMAL_BANKING_FLOW
TX_CANARA_114879,CANARA_ACC_20188,CANARA_ACC_20131,146366.35,2026-01-11 06:54:36,SETTLEMENT,NEFT,Canara Bank,IN,0,NORMAL_BANKING_FLOW
TX_CANARA_114880,CANARA_ACC_20179,INDUS_ACC_20184,101093.47,2026-01-11 03:43:27,SETTLEMENT,RTGS,Canara Bank,IN,0,NORMAL_BANKING_FLOW
TX_CANARA_114881,CANARA_ACC_20126,CANARA_ACC_20112,192147.55,2026-01-10 22:45:20,SETTLEMENT,RTGS,Canara Bank,IN,0,NORMAL_BANKING_FLOW
TX_CANARA_114882,CANARA_ACC_20133,INDUS_ACC_20166,440851.17,2026-01-11 04:27:15,SETTLEMENT,NEFT,Canara Bank,IN,0,NORMAL_BANKING_FLOW
TX_CANARA_114883,CANARA_ACC_20153,CANARA_ACC_20003,395909.13,2026-01-11 01:58:16,SETTLEMENT,RTGS,Canara Bank,IN,0,NORMAL_BANKING_FLOW
TX_CANARA_114884,CANARA_ACC_20129,CANARA_ACC_20121,231745.21,2026-01-11 11:36:05,SETTLEMENT,NEFT,Canara Bank,IN,0,NORMAL_BANKING_FLOW
TX_CANARA_114885,CANARA_ACC_20012,CANARA_ACC_20091,296452.9,2026-01-11 02:20:36,SETTLEMENT,RTGS,Canara Bank,IN,0,NORMAL_BANKING_FLOW
TX_CANARA_114886,CANARA_ACC_20195,CANARA_ACC_20119,580530.02,2026-01-11 11:16:30,SETTLEMENT,RTGS,Canara Bank,IN,0,NORMAL_BANKING_FLOW
TX_CANARA_114887,CANARA_ACC_20207,AXIS_ACC_20049,140089.07,2026-01-11 03:25:52,SETTLEMENT,NEFT,Canara Bank,IN,0,NORMAL_BANKING_FLOW
TX_CANARA_114888,CANARA_ACC_20145,YES_ACC_20013,53347.37,2026-01-11 04:09:18,SETTLEMENT,RTGS,Canara Bank,IN,0,NORMAL_BANKING_FLOW
TX_CANARA_114889,CANARA_ACC_20202,CANARA_ACC_20177,597870.74,2026-01-11 04:31:20,SETTLEMENT,NEFT,Canara Bank,IN,0,NORMAL_BANKING_FLOW
TX_CANARA_114890,CANARA_ACC_20052,CANARA_ACC_20242,95819.52,2026-01-11 12:46:02,SETTLEMENT,RTGS,Canara Bank,IN,0,NORMAL_BANKING_FLOW
TX_CANARA_114891,CANARA_ACC_20058,YES_ACC_20185,81606.31,2026-01-11 03:49:30,SETTLEMENT,RTGS,Canara Bank,IN,0,NORMAL_BANKING_FLOW
TX_CANARA_114892,CANARA_ACC_20124,CANARA_ACC_20160,27005.67,2026-01-11 00:14:53,SETTLEMENT,RTGS,Canara Bank,IN,0,NORMAL_BANKING_FLOW
TX_CANARA_114893,CANARA_ACC_20024,CANARA_ACC_20130,288163.43,2026-01-11 07:04:24,SETTLEMENT,RTGS,Canara Bank,IN,0,NORMAL_BANKING_FLOW
TX_CANARA_114894,CANARA_ACC_20065,CANARA_ACC_20037,32162.21,2026-01-11 05:17:21,SETTLEMENT,NEFT,Canara Bank,IN,0,NORMAL_BANKING_FLOW
TX_CANARA_114895,CANARA_ACC_20211,CANARA_ACC_20031,76860.03,2026-01-11 06:22:40,SETTLEMENT,RTGS,Canara Bank,IN,0,NORMAL_BANKING_FLOW
TX_CANARA_114896,CANARA_ACC_20216,CANARA_ACC_20223,293090.52,2026-01-11 04:57:00,SETTLEMENT,RTGS,Canara Bank,IN,0,NORMAL_BANKING_FLOW
TX_CANARA_114897,CANARA_ACC_20231,CANARA_ACC_20236,335011.87,2026-01-11 00:38:24,SETTLEMENT,NEFT,Canara Bank,IN,0,NORMAL_BANKING_FLOW
TX_CANARA_114898,CANARA_ACC_20179,BOB_ACC_20217,84820.78,2026-01-10 23:12:20,SETTLEMENT,NEFT,Canara Bank,IN,0,NORMAL_BANKING_FLOW
TX_CANARA_114899,CANARA_ACC_20086,CANARA_ACC_20132,142321.9,2026-01-11 13:38:00,SETTLEMENT,RTGS,Canara Bank,IN,0,NORMAL_BANKING_FLOW
TX_CANARA_114900,CANARA_ACC_20107,CANARA_ACC_20008,68009.69,2026-01-11 13:17:21,SETTLEMENT,RTGS,Canara Bank,IN,0,NORMAL_BANKING_FLOW
TX_CANARA_114901,CANARA_ACC_20034,CANARA_ACC_20179,94052.01,2026-01-11 05:43:20,SETTLEMENT,RTGS,Canara Bank,IN,0,NORMAL_BANKING_FLOW
TX_CANARA_114902,CANARA_ACC_20107,CANARA_ACC_20131,212397.6,2026-01-10 23:13:40,SETTLEMENT,NEFT,Canara Bank,IN,0,NORMAL_BANKING_FLOW
TX_CANARA_114903,CANARA_ACC_20102,CANARA_ACC_20077,98553.35,2026-01-11 01:24:12,SETTLEMENT,RTGS,Canara Bank,IN,0,NORMAL_BANKING_FLOW
TX_CANARA_114904,CANARA_ACC_20130,CANARA_ACC_20072,127488.95,2026-01-10 22:09:11,SETTLEMENT,NEFT,Canara Bank,IN,0,NORMAL_BANKING_FLOW
TX_CANARA_114905,CANARA_ACC_20183,CANARA_ACC_20065,37620.08,2026-01-11 10:28:24,SETTLEMENT,NEFT,Canara Bank,IN,0,NORMAL_BANKING_FLOW
TX_CANARA_114906,CANARA_ACC_20019,ICICI_ACC_20118,505324.54,2026-01-10 23:36:45,SETTLEMENT,RTGS,Canara Bank,IN,0,NORMAL_BANKING_FLOW
TX_CANARA_114907,CANARA_ACC_20244,HDFC_ACC_20198,271052.17,2026-01-10 23:15:20,SETTLEMENT,RTGS,Canara Bank,IN,0,NORMAL_BANKING_FLOW
TX_CANARA_114908,CANARA_ACC_20151,CANARA_ACC_20043,359656.75,2026-01-11 01:48:09,SETTLEMENT,RTGS,Canara Bank,IN,0,NORMAL_BANKING_FLOW
TX_CANARA_114909,CANARA_ACC_20035,CANARA_ACC_20179,591504.95,2026-01-11 09:48:12,SETTLEMENT,RTGS,Canara Bank,IN,0,NORMAL_BANKING_FLOW
TX_CANARA_114910,CANARA_ACC_20203,CANARA_ACC_20110,71309.66,2026-01-11 02:32:41,SETTLEMENT,NEFT,Canara Bank,IN,0,NORMAL_BANKING_FLOW
TX_CANARA_114911,CANARA_ACC_20187,CANARA_ACC_20205,113732.62,2026-01-11 02:33:10,SETTLEMENT,NEFT,Canara Bank,IN,0,NORMAL_BANKING_FLOW
TX_CANARA_114912,CANARA_ACC_20102,CANARA_ACC_20195,24469.08,2026-01-11 13:29:09,SETTLEMENT,RTGS,Canara Bank,IN,0,NORMAL_BANKING_FLOW
TX_CANARA_114913,CANARA_ACC_20071,CANARA_ACC_20059,3761855.62,2026-01-11 01:50:24,SETTLEMENT,NEFT,Canara Bank,IN,0,NORMAL_BANKING_FLOW
TX_CANARA_114914,CANARA_ACC_20117,CANARA_ACC_20214,140142.45,2026-01-11 08:02:52,SETTLEMENT,NEFT,Canara Bank,IN,0,NORMAL_BANKING_FLOW
TX_CANARA_114915,CANARA_ACC_20114,CANARA_ACC_20067,459883.24,2026-01-11 13:32:06,SETTLEMENT,RTGS,Canara Bank,IN,0,NORMAL_BANKING_FLOW
TX_CANARA_114916,CANARA_ACC_20152,HDFC_ACC_20224,47185.36,2026-01-11 13:11:10,SETTLEMENT,RTGS,Canara Bank,IN,0,NORMAL_BANKING_FLOW
TX_CANARA_114917,CANARA_ACC_20153,CANARA_ACC_20113,440818.46,2026-01-11 13:34:04,SETTLEMENT,RTGS,Canara Bank,IN,0,NORMAL_BANKING_FLOW
TX_CANARA_114918,CANARA_ACC_20048,CANARA_ACC_20132,1042978.25,2026-01-10 22:57:03,SETTLEMENT,NEFT,Canara Bank,IN,0,NORMAL_BANKING_FLOW
TX_CANARA_114919,CANARA_ACC_20185,CANARA_ACC_20090,153233.66,2026-01-10 23:41:18,SETTLEMENT,RTGS,Canara Bank,IN,0,NORMAL_BANKING_FLOW
TX_CANARA_114920,CANARA_ACC_20195,CANARA_ACC_20056,59226.15,2026-01-11 03:43:28,SETTLEMENT,RTGS,Canara Bank,IN,0,NORMAL_BANKING_FLOW
TX_CANARA_114921,CANARA_ACC_20174,CANARA_ACC_20115,141662.62,2026-01-11 07:46:00,SETTLEMENT,NEFT,Canara Bank,IN,0,NORMAL_BANKING_FLOW
TX_CANARA_114922,CANARA_ACC_20005,CANARA_ACC_20027,17557.53,2026-01-11 12:54:57,SETTLEMENT,RTGS,Canara Bank,IN,0,NORMAL_BANKING_FLOW
TX_CANARA_114923,CANARA_ACC_20086,BOB_ACC_20136,156703.9,2026-01-11 03:23:02,SETTLEMENT,RTGS,Canara Bank,IN,0,NORMAL_BANKING_FLOW
TX_CANARA_114924,CANARA_ACC_20101,CANARA_ACC_20038,369892.29,2026-01-11 07:04:03,SETTLEMENT,NEFT,Canara Bank,IN,0,NORMAL_BANKING_FLOW
TX_CANARA_114925,CANARA_ACC_20192,SBI_ACC_20102,157037.88,2026-01-11 03:02:00,SETTLEMENT,NEFT,Canara Bank,IN,0,NORMAL_BANKING_FLOW
TX_CANARA_114926,CANARA_ACC_20129,CANARA_ACC_20082,122499.28,2026-01-11 03:02:30,SETTLEMENT,NEFT,Canara Bank,IN,0,NORMAL_BANKING_FLOW
TX_CANARA_114927,CANARA_ACC_20184,KOTAK_ACC_20009,275837.75,2026-01-11 05:15:36,SETTLEMENT,RTGS,Canara Bank,IN,0,NORMAL_BANKING_FLOW
TX_CANARA_114928,CANARA_ACC_20017,YES_ACC_20151,297754.57,2026-01-10 21:31:45,SETTLEMENT,NEFT,Canara Bank,IN,0,NORMAL_BANKING_FLOW
TX_CANARA_114929,CANARA_ACC_20085,CANARA_ACC_20182,30948.95,2026-01-11 13:45:52,SETTLEMENT,RTGS,Canara Bank,IN,0,NORMAL_BANKING_FLOW
TX_CANARA_114930,CANARA_ACC_20146,CANARA_ACC_20106,177872.62,2026-01-10 21:32:15,SETTLEMENT,NEFT,Canara Bank,IN,0,NORMAL_BANKING_FLOW
TX_CANARA_114931,CANARA_ACC_20175,CANARA_ACC_20052,1859810.44,2026-01-11 13:03:30,SETTLEMENT,RTGS,Canara Bank,IN,0,NORMAL_BANKING_FLOW
TX_CANARA_114932,CANARA_ACC_20047,CANARA_ACC_20138,42829.56,2026-01-11 11:13:32,SETTLEMENT,RTGS,Canara Bank,IN,0,NORMAL_BANKING_FLOW
TX_CANARA_114933,CANARA_ACC_20099,CANARA_ACC_20008,149429.68,2026-01-11 13:27:36,SETTLEMENT,RTGS,Canara Bank,IN,0,NORMAL_BANKING_FLOW
TX_CANARA_114934,CANARA_ACC_20126,CANARA_ACC_20153,1134549.4,2026-01-11 14:13:00,SETTLEMENT,RTGS,Canara Bank,IN,0,NORMAL_BANKING_FLOW
TX_CANARA_114935,CANARA_ACC_20145,CANARA_ACC_20175,490988.09,2026-01-10 22:17:58,SETTLEMENT,RTGS,Canara Bank,IN,0,NORMAL_BANKING_FLOW
TX_CANARA_114936,CANARA_ACC_20161,CANARA_ACC_20004,97402.13,2026-01-11 10:10:15,SETTLEMENT,RTGS,Canara Bank,IN,0,NORMAL_BANKING_FLOW
TX_CANARA_114937,CANARA_ACC_20186,CANARA_ACC_20060,200012.55,2026-01-11 09:04:16,SETTLEMENT,RTGS,Canara Bank,IN,0,NORMAL_BANKING_FLOW
TX_CANARA_114938,CANARA_ACC_20018,HDFC_ACC_20231,162411.47,2026-01-11 13:54:43,SETTLEMENT,NEFT,Canara Bank,IN,0,NORMAL_BANKING_FLOW
TX_CANARA_114939,CANARA_ACC_20033,CANARA_ACC_20130,77028.3,2026-01-11 02:02:06,SETTLEMENT,NEFT,Canara Bank,IN,0,NORMAL_BANKING_FLOW
TX_CANARA_114940,CANARA_ACC_20085,ICICI_ACC_20183,151107.67,2026-01-11 02:02:33,SETTLEMENT,NEFT,Canara Bank,IN,0,NORMAL_BANKING_FLOW
TX_CANARA_114941,CANARA_ACC_20198,CANARA_ACC_20073,123011.59,2026-01-11 14:20:00,SETTLEMENT,NEFT,Canara Bank,IN,0,NORMAL_BANKING_FLOW
TX_CANARA_114942,CANARA_ACC_20105,CANARA_ACC_20049,182179.72,2026-01-11 03:32:51,SETTLEMENT,RTGS,Canara Bank,IN,0,NORMAL_BANKING_FLOW
TX_CANARA_114943,CANARA_ACC_20164,PNB_ACC_20005,77004.32,2026-01-11 01:41:32,SETTLEMENT,NEFT,Canara Bank,IN,0,NORMAL_BANKING_FLOW
TX_CANARA_114944,CANARA_ACC_20097,CANARA_ACC_20134,45405.19,2026-01-11 06:10:34,SETTLEMENT,NEFT,Canara Bank,IN,0,NORMAL_BANKING_FLOW
TX_CANARA_114945,CANARA_ACC_20073,CANARA_ACC_20143,156172.93,2026-01-11 09:55:12,SETTLEMENT,RTGS,Canara Bank,IN,0,NORMAL_BANKING_FLOW
TX_CANARA_114946,CANARA_ACC_20229,CANARA_ACC_20084,904482.48,2026-01-10 21:36:15,SETTLEMENT,RTGS,Canara Bank,IN,0,NORMAL_BANKING_FLOW
TX_CANARA_114947,CANARA_ACC_20046,CANARA_ACC_20032,176698.99,2026-01-11 03:35:26,SETTLEMENT,RTGS,Canara Bank,IN,0,NORMAL_BANKING_FLOW
TX_CANARA_114948,CANARA_ACC_20188,CANARA_ACC_20077,116821.95,2026-01-11 10:20:03,SETTLEMENT,RTGS,Canara Bank,IN,0,NORMAL_BANKING_FLOW
TX_CANARA_114949,CANARA_ACC_20221,KOTAK_ACC_20221,345962.55,2026-01-11 02:51:32,SETTLEMENT,RTGS,Canara Bank,IN,0,NORMAL_BANKING_FLOW
TX_CANARA_114950,CANARA_ACC_20072,CANARA_ACC_20129,138923.73,2026-01-11 01:44:34,SETTLEMENT,RTGS,Canara Bank,IN,0,NORMAL_BANKING_FLOW
TX_CANARA_114951,CANARA_ACC_20201,CANARA_ACC_20234,1053926.13,2026-01-11 13:22:30,SETTLEMENT,RTGS,Canara Bank,IN,0,NORMAL_BANKING_FLOW
TX_CANARA_114952,CANARA_ACC_20045,CANARA_ACC_20156,162119.26,2026-01-11 08:30:44,SETTLEMENT,RTGS,Canara Bank,IN,0,NORMAL_BANKING_FLOW
TX_CANARA_114953,CANARA_ACC_20221,CANARA_ACC_20008,327910.85,2026-01-11 01:23:20,SETTLEMENT,RTGS,Canara Bank,IN,0,NORMAL_BANKING_FLOW
TX_CANARA_114954,CANARA_ACC_20197,CANARA_ACC_20125,76526.75,2026-01-11 11:10:03,SETTLEMENT,NEFT,Canara Bank,IN,0,NORMAL_BANKING_FLOW
TX_CANARA_114955,CANARA_ACC_20227,CANARA_ACC_20160,269167.53,2026-01-11 02:54:26,SETTLEMENT,RTGS,Canara Bank,IN,0,NORMAL_BANKING_FLOW
TX_CANARA_114956,CANARA_ACC_20240,CANARA_ACC_20239,214291.71,2026-01-11 08:33:40,SETTLEMENT,NEFT,Canara Bank,IN,0,NORMAL_BANKING_FLOW
TX_CANARA_114957,CANARA_ACC_20035,CANARA_ACC_20219,153813.16,2026-01-11 01:02:24,SETTLEMENT,NEFT,Canara Bank,IN,0,NORMAL_BANKING_FLOW
TX_CANARA_114958,CANARA_ACC_20173,CANARA_ACC_20239,98542.4,2026-01-11 05:11:35,SETTLEMENT,RTGS,Canara Bank,IN,0,NORMAL_BANKING_FLOW
TX_CANARA_114959,CANARA_ACC_20001,CANARA_ACC_20048,85988.59,2026-01-10 22:47:24,SETTLEMENT,NEFT,Canara Bank,IN,0,NORMAL_BANKING_FLOW
TX_CANARA_114960,CANARA_ACC_20166,CANARA_ACC_20043,215852.95,2026-01-11 01:03:36,SETTLEMENT,NEFT,Canara Bank,IN,0,NORMAL_BANKING_FLOW
TX_CANARA_114961,CANARA_ACC_20176,CANARA_ACC_20201,305266.09,2026-01-11 13:09:20,SETTLEMENT,RTGS,Canara Bank,IN,0,NORMAL_BANKING_FLOW
TX_CANARA_114962,CANARA_ACC_20224,SBI_ACC_20099,143320.29,2026-01-11 02:12:27,SETTLEMENT,RTGS,Canara Bank,IN,0,NORMAL_BANKING_FLOW
TX_CANARA_114963,CANARA_ACC_20157,CANARA_ACC_20071,216916.54,2026-01-11 10:32:18,SETTLEMENT,NEFT,Canara Bank,IN,0,NORMAL_BANKING_FLOW
TX_CANARA_114964,CANARA_ACC_20059,CANARA_ACC_20218,156699.51,2026-01-11 01:05:12,SETTLEMENT,RTGS,Canara Bank,IN,0,NORMAL_BANKING_FLOW
TX_CANARA_114965,CANARA_ACC_20010,CANARA_ACC_20151,179606.93,2026-01-11 06:23:52,SETTLEMENT,NEFT,Canara Bank,IN,0,NORMAL_BANKING_FLOW
TX_CANARA_114966,CANARA_ACC_20221,SBI_ACC_20176,133193.07,2026-01-11 02:14:15,SETTLEMENT,NEFT,Canara Bank,IN,0,NORMAL_BANKING_FLOW
TX_CANARA_114967,CANARA_ACC_20034,CANARA_ACC_20206,165706.36,2026-01-11 14:46:00,SETTLEMENT,RTGS,Canara Bank,IN,0,NORMAL_BANKING_FLOW
TX_CANARA_114968,CANARA_ACC_20201,HDFC_ACC_20056,2417006.76,2026-01-11 04:54:38,SETTLEMENT,NEFT,Canara Bank,IN,0,NORMAL_BANKING_FLOW
TX_CANARA_114969,CANARA_ACC_20215,CANARA_ACC_20131,222266.92,2026-01-10 22:27:36,SETTLEMENT,RTGS,Canara Bank,IN,0,NORMAL_BANKING_FLOW
TX_CANARA_114970,CANARA_ACC_20207,CANARA_ACC_20071,310300.65,2026-01-11 06:27:02,SETTLEMENT,NEFT,Canara Bank,IN,0,NORMAL_BANKING_FLOW
TX_CANARA_114971,CANARA_ACC_20104,CANARA_ACC_20208,252211.58,2026-01-11 00:22:20,SETTLEMENT,RTGS,Canara Bank,IN,0,NORMAL_BANKING_FLOW
TX_CANARA_114972,CANARA_ACC_20025,CANARA_ACC_20028,125139.35,2026-01-11 06:51:09,SETTLEMENT,NEFT,Canara Bank,IN,0,NORMAL_BANKING_FLOW
TX_CANARA_114973,CANARA_ACC_20046,CANARA_ACC_20028,593616.76,2026-01-11 00:23:04,SETTLEMENT,RTGS,Canara Bank,IN,0,NORMAL_BANKING_FLOW
TX_CANARA_114974,CANARA_ACC_20222,CANARA_ACC_20187,121641.84,2026-01-11 03:03:37,SETTLEMENT,RTGS,Canara Bank,IN,0,NORMAL_BANKING_FLOW
TX_CANARA_114975,CANARA_ACC_20019,CANARA_ACC_20063,467453.22,2026-01-11 11:27:54,SETTLEMENT,NEFT,Canara Bank,IN,0,NORMAL_BANKING_FLOW
TX_CANARA_114976,CANARA_ACC_20189,CANARA_ACC_20249,116517.06,2026-01-11 01:55:50,SETTLEMENT,NEFT,Canara Bank,IN,0,NORMAL_BANKING_FLOW
TX_CANARA_114977,CANARA_ACC_20147,CANARA_ACC_20034,62319.36,2026-01-11 00:24:32,SETTLEMENT,NEFT,Canara Bank,IN,0,NORMAL_BANKING_FLOW
TX_CANARA_114978,CANARA_ACC_20237,BOB_ACC_20228,234543.47,2026-01-11 14:57:00,SETTLEMENT,RTGS,Canara Bank,IN,0,NORMAL_BANKING_FLOW
TX_CANARA_114979,CANARA_ACC_20047,CANARA_ACC_20082,53924.04,2026-01-11 00:25:16,SETTLEMENT,NEFT,Canara Bank,IN,0,NORMAL_BANKING_FLOW
TX_CANARA_114980,CANARA_ACC_20025,HDFC_ACC_20100,278073.36,2026-01-10 22:30:43,SETTLEMENT,NEFT,Canara Bank,IN,0,NORMAL_BANKING_FLOW
TX_CANARA_114981,CANARA_ACC_20194,CANARA_ACC_20211,49307.99,2026-01-10 23:40:00,SETTLEMENT,NEFT,Canara Bank,IN,0,NORMAL_BANKING_FLOW
TX_CANARA_114982,CANARA_ACC_20174,CANARA_ACC_20023,118301.53,2026-01-11 11:56:52,SETTLEMENT,NEFT,Canara Bank,IN,0,NORMAL_BANKING_FLOW
TX_CANARA_114983,CANARA_ACC_20122,CANARA_ACC_20076,38881.36,2026-01-10 21:45:30,SETTLEMENT,NEFT,Canara Bank,IN,0,NORMAL_BANKING_FLOW
TX_CANARA_114984,CANARA_ACC_20208,BOB_ACC_20022,2741914.64,2026-01-11 13:53:51,SETTLEMENT,RTGS,Canara Bank,IN,0,NORMAL_BANKING_FLOW
TX_CANARA_114985,CANARA_ACC_20221,CANARA_ACC_20082,31133.52,2026-01-11 04:41:12,SETTLEMENT,RTGS,Canara Bank,IN,0,NORMAL_BANKING_FLOW
TX_CANARA_114986,CANARA_ACC_20158,CANARA_ACC_20177,164359.89,2026-01-11 00:27:50,SETTLEMENT,RTGS,Canara Bank,IN,0,NORMAL_BANKING_FLOW
TX_CANARA_114987,CANARA_ACC_20219,CANARA_ACC_20242,510580.85,2026-01-11 15:06:00,SETTLEMENT,NEFT,Canara Bank,IN,0,NORMAL_BANKING_FLOW
TX_CANARA_114988,CANARA_ACC_20222,CANARA_ACC_20104,458807.45,2026-01-11 12:25:11,SETTLEMENT,RTGS,Canara Bank,IN,0,NORMAL_BANKING_FLOW
TX_CANARA_114989,CANARA_ACC_20027,CANARA_ACC_20168,381300.14,2026-01-11 03:34:00,SETTLEMENT,NEFT,Canara Bank,IN,0,NORMAL_BANKING_FLOW
TX_CANARA_114990,CANARA_ACC_20070,AXIS_ACC_20187,118512.25,2026-01-11 00:06:09,SETTLEMENT,NEFT,Canara Bank,IN,0,NORMAL_BANKING_FLOW
TX_CANARA_114991,CANARA_ACC_20176,CANARA_ACC_20013,628498.52,2026-01-11 00:29:40,SETTLEMENT,RTGS,Canara Bank,IN,0,NORMAL_BANKING_FLOW
TX_CANARA_114992,CANARA_ACC_20028,SBI_ACC_20240,405708.86,2026-01-10 23:43:40,SETTLEMENT,RTGS,Canara Bank,IN,0,NORMAL_BANKING_FLOW
TX_CANARA_114993,CANARA_ACC_20230,BOB_ACC_20035,201249.28,2026-01-11 05:08:48,SETTLEMENT,RTGS,Canara Bank,IN,0,NORMAL_BANKING_FLOW
TX_CANARA_114994,CANARA_ACC_20170,CANARA_ACC_20244,207022.09,2026-01-10 22:11:28,SETTLEMENT,NEFT,Canara Bank,IN,0,NORMAL_BANKING_FLOW
TX_CANARA_114995,CANARA_ACC_20007,CANARA_ACC_20158,120099.68,2026-01-11 01:17:36,SETTLEMENT,RTGS,Canara Bank,IN,0,NORMAL_BANKING_FLOW
TX_CANARA_114996,CANARA_ACC_20045,AXIS_ACC_20110,65535.55,2026-01-11 11:22:30,SETTLEMENT,NEFT,Canara Bank,IN,0,NORMAL_BANKING_FLOW
TX_CANARA_114997,CANARA_ACC_20176,CANARA_ACC_20052,560817.59,2026-01-11 06:44:08,SETTLEMENT,NEFT,Canara Bank,IN,0,NORMAL_BANKING_FLOW
TX_CANARA_114998,CANARA_ACC_20095,ICICI_ACC_20013,604530.86,2026-01-11 12:57:18,SETTLEMENT,RTGS,Canara Bank,IN,0,NORMAL_BANKING_FLOW
TX_CANARA_114999,CANARA_ACC_20089,CANARA_ACC_20188,67231.08,2026-01-11 13:21:30,SETTLEMENT,NEFT,Canara Bank,IN,0,NORMAL_BANKING_FLOW
TX_CANARA_115000,CANARA_ACC_20024,INDUS_ACC_20113,139555.11,2026-01-11 09:05:56,SETTLEMENT,RTGS,Canara Bank,IN,0,NORMAL_BANKING_FLOW
