transaction_id,sender_account,receiver_account,amount,timestamp,transaction_type,channel,bank,country,is_aml,pattern_type
TX_BOB_115001,BOB_ACC_20036,BOB_ACC_20207,23645.29,2026-01-10 17:00:00,TRANSFER,IMPS,Bank of Baroda,IN,0,NORMAL_BANKING_FLOW
TX_BOB_115002,BOB_ACC_20069,HDFC_ACC_20058,26124.0,2026-01-10 17:00:54,SETTLEMENT,NEFT,Bank of Baroda,IN,0,NORMAL_BANKING_FLOW
TX_BOB_115003,BOB_ACC_20147,BOB_ACC_20082,28505.87,2026-01-10 17:00:32,SETTLEMENT,NEFT,Bank of Baroda,IN,0,NORMAL_BANKING_FLOW
TX_BOB_115004,BOB_ACC_20191,BOB_ACC_20198,63081.03,2026-01-10 17:01:21,SETTLEMENT,NEFT,Bank of Baroda,IN,0,NORMAL_BANKING_FLOW
TX_BOB_115005,BOB_ACC_20206,BOB_ACC_20170,13732.28,2026-01-10 17:03:40,SETTLEMENT,NEFT,Bank of Baroda,IN,0,NORMAL_BANKING_FLOW
TX_BOB_115006,BOB_ACC_20142,BOB_ACC_20140,12560.19,2026-01-10 17:02:15,SETTLEMENT,NEFT,Bank of Baroda,IN,0,NORMAL_BANKING_FLOW
TX_BOB_115007,BOB_ACC_20141,HDFC_ACC_20147,81875.72,2026-01-10 17:04:42,SETTLEMENT,NEFT,Bank of Baroda,IN,0,NORMAL_BANKING_FLOW
TX_BOB_115008,BOB_ACC_20211,BOB_ACC_20172,17740.75,2026-01-10 17:03:02,TRANSFER,IMPS,Bank of Baroda,IN,0,NORMAL_BANKING_FLOW
TX_BOB_115009,BOB_ACC_20036,BOB_ACC_20089,8632.32,2026-01-10 17:03:04,TRANSFER,IMPS,Bank of Baroda,IN,0,NORMAL_BANKING_FLOW
TX_BOB_115010,BOB_ACC_20003,BOB_ACC_20193,17385.35,2026-01-10 17:04:57,SETTLEMENT,NEFT,Bank of Baroda,IN,0,NORMAL_BANKING_FLOW
TX_BOB_115011,BOB_ACC_20099,CANARA_ACC_20168,19989.3,2026-01-10 17:03:20,SETTLEMENT,NEFT,Bank of Baroda,IN,0,NORMAL_BANKING_FLOW
TX_BOB_115012,BOB_ACC_20015,BOB_ACC_20204,109039.61,2026-01-10 17:05:41,SETTLEMENT,NEFT,Bank of Baroda,IN,0,NORMAL_BANKING_FLOW
TX_BOB_115013,BOB_ACC_20033,BOB_ACC_20205,61842.34,2026-01-10 17:08:24,TRANSFER,IMPS,Bank of Baroda,IN,0,NORMAL_BANKING_FLOW
TX_BOB_115014,BOB_ACC_20029,BOB_ACC_20004,75566.52,2026-01-10 17:10:37,SETTLEMENT,NEFT,Bank of Baroda,IN,0,NORMAL_BANKING_FLOW
TX_BOB_115015,BOB_ACC_20085,CANARA_ACC_20047,56273.35,2026-01-10 17:09:34,SETTLEMENT,NEFT,Bank of Baroda,IN,0,NORMAL_BANKING_FLOW
TX_BOB_115016,BOB_ACC_20016,BOB_ACC_20122,63045.96,2026-01-10 17:15:00,SETTLEMENT,NEFT,Bank of Baroda,IN,0,NORMAL_BANKING_FLOW
TX_BOB_115017,BOB_ACC_20190,BOB_ACC_20156,14482.93,2026-01-10 17:04:32,SETTLEMENT,NEFT,Bank of Baroda,IN,0,NORMAL_BANKING_FLOW
TX_BOB_115018,BOB_ACC_20215,BOB_ACC_20148,22499.72,2026-01-10 17:12:28,TRANSFER,IMPS,Bank of Baroda,IN,0,NORMAL_BANKING_FLOW
TX_BOB_115019,BOB_ACC_20144,BOB_ACC_20080,11037.75,2026-01-10 17:06:36,SETTLEMENT,NEFT,Bank of Baroda,IN,0,NORMAL_BANKING_FLOW
TX_BOB_115020,BOB_ACC_20244,AXIS_ACC_20049,22260.31,2026-01-10 17:09:30,SETTLEMENT,NEFT,Bank of Baroda,IN,0,NORMAL_BANKING_FLOW
TX_BOB_115021,BOB_ACC_20053,BOB_ACC_20164,49796.23,2026-01-10 17:16:20,SETTLEMENT,NEFT,Bank of Baroda,IN,0,NORMAL_BANKING_FLOW
TX_BOB_115022,BOB_ACC_20116,BOB_ACC_20167,30367.4,2026-01-10 17:08:03,SETTLEMENT,NEFT,Bank of Baroda,IN,0,NORMAL_BANKING_FLOW
TX_BOB_115023,BOB_ACC_20012,ICICI_ACC_20232,87582.17,2026-01-10 17:09:54,SETTLEMENT,NEFT,Bank of Baroda,IN,0,NORMAL_BANKING_FLOW
TX_BOB_115024,BOB_ACC_20176,BOB_ACC_20164,9630.84,2026-01-10 17:06:54,SETTLEMENT,NEFT,Bank of Baroda,IN,0,NORMAL_BANKING_FLOW
TX_BOB_115025,BOB_ACC_20086,BOB_ACC_20002,42201.65,2026-01-10 17:15:12,SETTLEMENT,NEFT,Bank of Baroda,IN,0,NORMAL_BANKING_FLOW
TX_BOB_115026,BOB_ACC_20013,BOB_ACC_20207,8747.54,2026-01-10 17:11:15,SETTLEMENT,NEFT,Bank of Baroda,IN,0,NORMAL_BANKING_FLOW
TX_BOB_115027,BOB_ACC_20187,BOB_ACC_20093,29282.89,2026-01-10 17:16:02,SETTLEMENT,NEFT,Bank of Baroda,IN,0,NORMAL_BANKING_FLOW
TX_BOB_115028,BOB_ACC_20120,AXIS_ACC_20198,52381.05,2026-01-10 17:09:00,SETTLEMENT,NEFT,Bank of Baroda,IN,0,NORMAL_BANKING_FLOW
TX_BOB_115029,BOB_ACC_20241,BOB_ACC_20224,22180.03,2026-01-10 17:24:44,TRANSFER,IMPS,Bank of Baroda,IN,0,NORMAL_BANKING_FLOW
TX_BOB_115030,BOB_ACC_20171,BOB_ACC_20077,44179.4,2026-01-10 17:15:57,TRANSFER,IMPS,Bank of Baroda,IN,0,NORMAL_BANKING_FLOW
TX_BOB_115031,BOB_ACC_20144,ICICI_ACC_20193,11341.69,2026-01-10 17:30:00,TRANSFER,IMPS,Bank of Baroda,IN,0,NORMAL_BANKING_FLOW
TX_BOB_115032,BOB_ACC_20095,BOB_ACC_20093,6019.02,2026-01-10 17:29:58,SETTLEMENT,NEFT,Bank of Baroda,IN,0,NORMAL_BANKING_FLOW
TX_BOB_115033,BOB_ACC_20022,BOB_ACC_20135,44414.74,2026-01-10 17:17:04,TRANSFER,IMPS,Bank of Baroda,IN,0,NORMAL_BANKING_FLOW
TX_BOB_115034,BOB_ACC_20025,KOTAK_ACC_20237,129263.63,2026-01-10 17:15:24,SETTLEMENT,NEFT,Bank of Baroda,IN,0,NORMAL_BANKING_FLOW
TX_BOB_115035,BOB_ACC_20069,ICICI_ACC_20214,10977.02,2026-01-10 17:29:28,SETTLEMENT,NEFT,Bank of Baroda,IN,0,NORMAL_BANKING_FLOW
TX_BOB_115036,BOB_ACC_20159,BOB_ACC_20085,80819.6,2026-01-10 17:27:25,SETTLEMENT,NEFT,Bank of Baroda,IN,0,NORMAL_BANKING_FLOW
TX_BOB_115037,BOB_ACC_20117,KOTAK_ACC_20039,27975.41,2026-01-10 17:34:12,SETTLEMENT,NEFT,Bank of Baroda,IN,0,NORMAL_BANKING_FLOW
TX_BOB_115038,BOB_ACC_20232,INDUS_ACC_20189,8085.9,2026-01-10 17:26:31,TRANSFER,IMPS,Bank of Baroda,IN,0,NORMAL_BANKING_FLOW
TX_BOB_115039,BOB_ACC_20071,BOB_ACC_20083,9717.13,2026-01-10 17:18:22,SETTLEMENT,NEFT,Bank of Baroda,IN,0,NORMAL_BANKING_FLOW
TX_BOB_115040,BOB_ACC_20145,KOTAK_ACC_20248,27288.11,2026-01-10 17:36:24,SETTLEMENT,NEFT,Bank of Baroda,IN,0,NORMAL_BANKING_FLOW
TX_BOB_115041,BOB_ACC_20172,BOB_ACC_20072,18694.49,2026-01-10 17:28:40,SETTLEMENT,NEFT,Bank of Baroda,IN,0,NORMAL_BANKING_FLOW
TX_BOB_115042,BOB_ACC_20050,BOB_ACC_20213,8253.38,2026-01-10 17:12:59,TRANSFER,IMPS,Bank of Baroda,IN,0,NORMAL_BANKING_FLOW
TX_BOB_115043,BOB_ACC_20235,BOB_ACC_20184,5856.84,2026-01-10 17:17:30,SETTLEMENT,NEFT,Bank of Baroda,IN,0,NORMAL_BANKING_FLOW
TX_BOB_115044,BOB_ACC_20144,PNB_ACC_20026,12555.98,2026-01-10 17:25:48,TRANSFER,IMPS,Bank of Baroda,IN,0,NORMAL_BANKING_FLOW
TX_BOB_115045,BOB_ACC_20222,KOTAK_ACC_20097,32030.0,2026-01-10 17:18:20,SETTLEMENT,NEFT,Bank of Baroda,IN,0,NORMAL_BANKING_FLOW
TX_BOB_115046,BOB_ACC_20026,INDUS_ACC_20228,26748.65,2026-01-10 17:18:45,SETTLEMENT,NEFT,Bank of Baroda,IN,0,NORMAL_BANKING_FLOW
TX_BOB_115047,BOB_ACC_20229,INDUS_ACC_20057,17135.13,2026-01-10 17:29:54,SETTLEMENT,NEFT,Bank of Baroda,IN,0,NORMAL_BANKING_FLOW
TX_BOB_115048,BOB_ACC_20056,BOB_ACC_20240,32263.71,2026-01-10 17:43:05,SETTLEMENT,NEFT,Bank of Baroda,IN,0,NORMAL_BANKING_FLOW
TX_BOB_115049,BOB_ACC_20173,AXIS_ACC_20081,68598.37,2026-01-10 17:46:24,SETTLEMENT,NEFT,Bank of Baroda,IN,0,NORMAL_BANKING_FLOW
TX_BOB_115050,BOB_ACC_20010,BOB_ACC_20102,38357.83,2026-01-10 17:42:28,TRANSFER,IMPS,Bank of Baroda,IN,0,NORMAL_BANKING_FLOW
TX_BOB_115051,BOB_ACC_20170,PNB_ACC_20214,24120.62,2026-01-10 17:27:30,SETTLEMENT,NEFT,Bank of Baroda,IN,0,NORMAL_BANKING_FLOW
TX_BOB_115052,BOB_ACC_20145,BOB_ACC_20023,62023.26,2026-01-10 17:30:36,TRANSFER,IMPS,Bank of Baroda,IN,0,NORMAL_BANKING_FLOW
TX_BOB_115053,BOB_ACC_20249,YES_ACC_20053,11340.49,2026-01-10 17:26:52,TRANSFER,IMPS,Bank of Baroda,IN,0,NORMAL_BANKING_FLOW
TX_BOB_115054,BOB_ACC_20037,BOB_ACC_20050,21973.06,2026-01-10 17:31:48,TRANSFER,IMPS,Bank of Baroda,IN,0,NORMAL_BANKING_FLOW
TX_BOB_115055,BOB_ACC_20098,PNB_ACC_20193,22449.44,2026-01-10 17:52:12,TRANSFER,IMPS,Bank of Baroda,IN,0,NORMAL_BANKING_FLOW
TX_BOB_115056,BOB_ACC_20067,INDUS_ACC_20031,8837.35,2026-01-10 17:41:15,TRANSFER,IMPS,Bank of Baroda,IN,0,NORMAL_BANKING_FLOW
TX_BOB_115057,BOB_ACC_20093,BOB_ACC_20101,18436.97,2026-01-10 17:39:12,TRANSFER,IMPS,Bank of Baroda,IN,0,NORMAL_BANKING_FLOW
TX_BOB_115058,BOB_ACC_20102,BOB_ACC_20101,4156.95,2026-01-10 17:33:15,TRANSFER,IMPS,Bank of Baroda,IN,0,NORMAL_BANKING_FLOW
TX_BOB_115059,BOB_ACC_20091,BOB_ACC_20101,150385.95,2026-01-10 17:27:04,SETTLEMENT,NEFT,Bank of Baroda,IN,0,NORMAL_BANKING_FLOW
TX_BOB_115060,BOB_ACC_20021,BOB_ACC_20147,11571.81,2026-01-10 17:21:38,SETTLEMENT,NEFT,Bank of Baroda,IN,0,NORMAL_BANKING_FLOW
TX_BOB_115061,BOB_ACC_20099,BOB_ACC_20158,112139.93,2026-01-10 17:41:00,SETTLEMENT,NEFT,Bank of Baroda,IN,0,NORMAL_BANKING_FLOW
TX_BOB_115062,BOB_ACC_20149,BOB_ACC_20238,27841.31,2026-01-10 17:26:26,SETTLEMENT,NEFT,Bank of Baroda,IN,0,NORMAL_BANKING_FLOW
TX_BOB_115063,BOB_ACC_20072,BOB_ACC_20154,44729.02,2026-01-10 17:24:48,SETTLEMENT,NEFT,Bank of Baroda,IN,0,NORMAL_BANKING_FLOW
TX_BOB_115064,BOB_ACC_20080,BOB_ACC_20107,17328.02,2026-01-10 17:27:18,SETTLEMENT,NEFT,Bank of Baroda,IN,0,NORMAL_BANKING_FLOW
TX_BOB_115065,BOB_ACC_20052,KOTAK_ACC_20113,32439.65,2026-01-10 17:27:44,TRANSFER,IMPS,Bank of Baroda,IN,0,NORMAL_BANKING_FLOW
TX_BOB_115066,BOB_ACC_20017,BOB_ACC_20056,48312.26,2026-01-10 17:46:35,TRANSFER,IMPS,Bank of Baroda,IN,0,NORMAL_BANKING_FLOW
TX_BOB_115067,BOB_ACC_20106,SBI_ACC_20029,48927.61,2026-01-10 17:31:54,TRANSFER,IMPS,Bank of Baroda,IN,0,NORMAL_BANKING_FLOW
TX_BOB_115068,BOB_ACC_20242,BOB_ACC_20108,54030.07,2026-01-10 17:20:06,TRANSFER,IMPS,Bank of Baroda,IN,0,NORMAL_BANKING_FLOW
TX_BOB_115069,BOB_ACC_20174,BOB_ACC_20054,19312.36,2026-01-10 17:51:00,SETTLEMENT,NEFT,Bank of Baroda,IN,0,NORMAL_BANKING_FLOW
TX_BOB_115070,BOB_ACC_20085,BOB_ACC_20084,17460.15,2026-01-10 17:37:57,TRANSFER,IMPS,Bank of Baroda,IN,0,NORMAL_BANKING_FLOW
TX_BOB_115071,BOB_ACC_20199,INDUS_ACC_20172,6407.61,2026-01-10 17:58:20,TRANSFER,IMPS,Bank of Baroda,IN,0,NORMAL_BANKING_FLOW
TX_BOB_115072,BOB_ACC_20235,BOB_ACC_20184,43083.57,2026-01-10 18:07:27,TRANSFER,IMPS,Bank of Baroda,IN,0,NORMAL_BANKING_FLOW
TX_BOB_115073,BOB_ACC_20163,BOB_ACC_20174,71263.59,2026-01-10 17:58:48,TRANSFER,IMPS,Bank of Baroda,IN,0,NORMAL_BANKING_FLOW
TX_BOB_115074,BOB_ACC_20216,BOB_ACC_20077,115195.22,2026-01-10 17:48:40,SETTLEMENT,NEFT,Bank of Baroda,IN,0,NORMAL_BANKING_FLOW
TX_BOB_115075,BOB_ACC_20126,BOB_ACC_20248,35406.67,2026-01-10 18:01:40,TRANSFER,IMPS,Bank of Baroda,IN,0,NORMAL_BANKING_FLOW
TX_BOB_115076,BOB_ACC_20094,INDUS_ACC_20078,13496.26,2026-01-10 18:00:00,TRANSFER,IMPS,Bank of Baroda,IN,0,NORMAL_BANKING_FLOW
TX_BOB_115077,BOB_ACC_20006,BOB_ACC_20097,5840.74,2026-01-10 17:53:12,TRANSFER,IMPS,Bank of Baroda,IN,0,NORMAL_BANKING_FLOW
TX_BOB_115078,BOB_ACC_20225,BOB_ACC_20137,68699.7,2026-01-10 17:34:39,TRANSFER,IMPS,Bank of Baroda,IN,0,NORMAL_BANKING_FLOW
TX_BOB_115079,BOB_ACC_20036,BOB_ACC_20235,5341.98,2026-01-10 17:54:36,SETTLEMENT,NEFT,Bank of Baroda,IN,0,NORMAL_BANKING_FLOW
TX_BOB_115080,BOB_ACC_20036,BOB_ACC_20058,19800.38,2026-01-10 18:11:06,TRANSFER,IMPS,Bank of Baroda,IN,0,NORMAL_BANKING_FLOW
TX_BOB_115081,BOB_ACC_20242,BOB_ACC_20111,21985.18,2026-01-10 17:54:40,SETTLEMENT,NEFT,Bank of Baroda,IN,0,NORMAL_BANKING_FLOW
TX_BOB_115082,BOB_ACC_20155,BOB_ACC_20234,25272.96,2026-01-10 17:55:21,SETTLEMENT,NEFT,Bank of Baroda,IN,0,NORMAL_BANKING_FLOW
TX_BOB_115083,BOB_ACC_20011,ICICI_ACC_20127,27784.19,2026-01-10 18:19:16,TRANSFER,IMPS,Bank of Baroda,IN,0,NORMAL_BANKING_FLOW
TX_BOB_115084,BOB_ACC_20041,AXIS_ACC_20105,30464.97,2026-01-10 18:20:14,SETTLEMENT,NEFT,Bank of Baroda,IN,0,NORMAL_BANKING_FLOW
TX_BOB_115085,BOB_ACC_20105,BOB_ACC_20066,3060.01,2026-01-10 17:53:12,TRANSFER,IMPS,Bank of Baroda,IN,0,NORMAL_BANKING_FLOW
TX_BOB_115086,BOB_ACC_20105,BOB_ACC_20206,27260.4,2026-01-10 18:02:20,TRANSFER,IMPS,Bank of Baroda,IN,0,NORMAL_BANKING_FLOW
TX_BOB_115087,BOB_ACC_20106,BOB_ACC_20230,3616.93,2026-01-10 18:04:30,TRANSFER,IMPS,Bank of Baroda,IN,0,NORMAL_BANKING_FLOW
TX_BOB_115088,BOB_ACC_20028,ICICI_ACC_20209,51999.86,2026-01-10 17:36:15,SETTLEMENT,NEFT,Bank of Baroda,IN,0,NORMAL_BANKING_FLOW
TX_BOB_115089,BOB_ACC_20234,BOB_ACC_20065,16323.93,2026-01-10 17:39:36,SETTLEMENT,NEFT,Bank of Baroda,IN,0,NORMAL_BANKING_FLOW
TX_BOB_115090,BOB_ACC_20044,BOB_ACC_20068,3860.94,2026-01-10 17:53:24,TRANSFER,IMPS,Bank of Baroda,IN,0,NORMAL_BANKING_FLOW
TX_BOB_115091,BOB_ACC_20116,BOB_ACC_20138,12928.84,2026-01-10 18:19:30,TRANSFER,IMPS,Bank of Baroda,IN,0,NORMAL_BANKING_FLOW
TX_BOB_115092,BOB_ACC_20108,BOB_ACC_20205,16105.76,2026-01-10 18:31:00,TRANSFER,IMPS,Bank of Baroda,IN,0,NORMAL_BANKING_FLOW
TX_BOB_115093,BOB_ACC_20006,BOB_ACC_20232,78560.92,2026-01-10 18:13:36,TRANSFER,IMPS,Bank of Baroda,IN,0,NORMAL_BANKING_FLOW
TX_BOB_115094,BOB_ACC_20122,BOB_ACC_20018,32111.64,2026-01-10 17:55:48,TRANSFER,IMPS,Bank of Baroda,IN,0,NORMAL_BANKING_FLOW
TX_BOB_115095,BOB_ACC_20132,BOB_ACC_20004,36680.5,2026-01-10 18:18:20,SETTLEMENT,NEFT,Bank of Baroda,IN,0,NORMAL_BANKING_FLOW
TX_BOB_115096,BOB_ACC_20056,BOB_ACC_20192,77893.63,2026-01-10 18:12:50,TRANSFER,IMPS,Bank of Baroda,IN,0,NORMAL_BANKING_FLOW
TX_BOB_115097,BOB_ACC_20195,BOB_ACC_20123,24673.13,2026-01-10 17:35:12,SETTLEMENT,NEFT,Bank of Baroda,IN,0,NORMAL_BANKING_FLOW
TX_BOB_115098,BOB_ACC_20211,BOB_ACC_20214,53038.28,2026-01-10 17:24:15,SETTLEMENT,NEFT,Bank of Baroda,IN,0,NORMAL_BANKING_FLOW
TX_BOB_115099,BOB_ACC_20199,BOB_ACC_20153,49785.3,2026-01-10 18:33:06,SETTLEMENT,NEFT,Bank of Baroda,IN,0,NORMAL_BANKING_FLOW
TX_BOB_115100,BOB_ACC_20173,BOB_ACC_20101,8452.16,2026-01-10 18:20:51,SETTLEMENT,NEFT,Bank of Baroda,IN,0,NORMAL_BANKING_FLOW
TX_BOB_115101,BOB_ACC_20046,BOB_ACC_20159,101284.15,2026-01-10 18:25:00,SETTLEMENT,NEFT,Bank of Baroda,IN,0,NORMAL_BANKING_FLOW
TX_BOB_115102,BOB_ACC_20093,BOB_ACC_20147,7493.03,2026-01-10 18:24:10,TRANSFER,IMPS,Bank of Baroda,IN,0,NORMAL_BANKING_FLOW
TX_BOB_115103,BOB_ACC_20215,BOB_ACC_20242,61428.55,2026-01-10 17:34:00,SETTLEMENT,NEFT,Bank of Baroda,IN,0,NORMAL_BANKING_FLOW
TX_BOB_115104,BOB_ACC_20150,BOB_ACC_20091,6868.04,2026-01-10 18:24:07,TRANSFER,IMPS,Bank of Baroda,IN,0,NORMAL_BANKING_FLOW
TX_BOB_115105,BOB_ACC_20142,BOB_ACC_20196,46217.47,2026-01-10 18:23:12,SETTLEMENT,NEFT,Bank of Baroda,IN,0,NORMAL_BANKING_FLOW
TX_BOB_115106,BOB_ACC_20014,KOTAK_ACC_20025,143734.54,2026-01-10 17:28:00,TRANSFER,IMPS,Bank of Baroda,IN,0,NORMAL_BANKING_FLOW
TX_BOB_115107,BOB_ACC_20103,BOB_ACC_20173,22210.47,2026-01-10 18:08:54,SETTLEMENT,NEFT,Bank of Baroda,IN,0,NORMAL_BANKING_FLOW
TX_BOB_115108,BOB_ACC_20000,BOB_ACC_20084,21360.1,2026-01-10 17:37:27,SETTLEMENT,NEFT,Bank of Baroda,IN,0,NORMAL_BANKING_FLOW
TX_BOB_115109,BOB_ACC_20049,BOB_ACC_20108,46601.87,2026-01-10 17:59:24,SETTLEMENT,NEFT,Bank of Baroda,IN,0,NORMAL_BANKING_FLOW
TX_BOB_115110,BOB_ACC_20192,SBI_ACC_20074,20001.11,2026-01-10 17:36:20,TRANSFER,IMPS,Bank of Baroda,IN,0,NORMAL_BANKING_FLOW
TX_BOB_115111,BOB_ACC_20131,BOB_ACC_20001,138199.12,2026-01-10 18:26:10,TRANSFER,IMPS,Bank of Baroda,IN,0,NORMAL_BANKING_FLOW
TX_BOB_115112,BOB_ACC_20122,CANARA_ACC_20181,31983.42,2026-01-10 18:04:45,TRANSFER,IMPS,Bank of Baroda,IN,0,NORMAL_BANKING_FLOW
TX_BOB_115113,BOB_ACC_20135,KOTAK_ACC_20200,20167.9,2026-01-10 18:52:00,SETTLEMENT,NEFT,Bank of Baroda,IN,0,NORMAL_BANKING_FLOW
TX_BOB_115114,BOB_ACC_20195,BOB_ACC_20128,16543.41,2026-01-10 17:33:54,SETTLEMENT,NEFT,Bank of Baroda,IN,0,NORMAL_BANKING_FLOW
TX_BOB_115115,BOB_ACC_20055,BOB_ACC_20154,11618.41,2026-01-10 18:23:36,SETTLEMENT,NEFT,Bank of Baroda,IN,0,NORMAL_BANKING_FLOW
TX_BOB_115116,BOB_ACC_20176,BOB_ACC_20171,15291.01,2026-01-10 17:46:00,SETTLEMENT,NEFT,Bank of Baroda,IN,0,NORMAL_BANKING_FLOW
TX_BOB_115117,BOB_ACC_20212,BOB_ACC_20068,19621.75,2026-01-10 18:03:48,TRANSFER,IMPS,Bank of Baroda,IN,0,NORMAL_BANKING_FLOW
TX_BOB_115118,BOB_ACC_20138,SBI_ACC_20087,17346.13,2026-01-10 18:10:12,TRANSFER,IMPS,Bank of Baroda,IN,0,NORMAL_BANKING_FLOW
TX_BOB_115119,BOB_ACC_20051,BOB_ACC_20247,14878.05,2026-01-10 18:24:34,TRANSFER,IMPS,Bank of Baroda,IN,0,NORMAL_BANKING_FLOW
TX_BOB_115120,BOB_ACC_20153,BOB_ACC_20101,177896.48,2026-01-10 17:43:38,SETTLEMENT,NEFT,Bank of Baroda,IN,0,NORMAL_BANKING_FLOW
TX_BOB_115121,BOB_ACC_20179,BOB_ACC_20173,10645.73,2026-01-10 17:38:00,TRANSFER,IMPS,Bank of Baroda,IN,0,NORMAL_BANKING_FLOW
TX_BOB_115122,BOB_ACC_20043,PNB_ACC_20187,30698.51,2026-01-10 18:26:43,TRANSFER,IMPS,Bank of Baroda,IN,0,NORMAL_BANKING_FLOW
TX_BOB_115123,BOB_ACC_20058,BOB_ACC_20012,45856.35,2026-01-10 18:51:50,SETTLEMENT,NEFT,Bank of Baroda,IN,0,NORMAL_BANKING_FLOW
TX_BOB_115124,BOB_ACC_20132,INDUS_ACC_20050,47434.13,2026-01-10 18:15:51,SETTLEMENT,NEFT,Bank of Baroda,IN,0,NORMAL_BANKING_FLOW
TX_BOB_115125,BOB_ACC_20111,BOB_ACC_20022,25520.92,2026-01-10 18:28:52,TRANSFER,IMPS,Bank of Baroda,IN,0,NORMAL_BANKING_FLOW
TX_BOB_115126,BOB_ACC_20193,CANARA_ACC_20213,21663.14,2026-01-10 18:31:40,SETTLEMENT,NEFT,Bank of Baroda,IN,0,NORMAL_BANKING_FLOW
TX_BOB_115127,BOB_ACC_20161,BOB_ACC_20146,40392.23,2026-01-10 18:17:42,SETTLEMENT,NEFT,Bank of Baroda,IN,0,NORMAL_BANKING_FLOW
TX_BOB_115128,BOB_ACC_20010,SBI_ACC_20203,34196.19,2026-01-10 18:56:25,SETTLEMENT,NEFT,Bank of Baroda,IN,0,NORMAL_BANKING_FLOW
TX_BOB_115129,BOB_ACC_20008,AXIS_ACC_20069,21310.11,2026-01-10 17:46:56,SETTLEMENT,NEFT,Bank of Baroda,IN,0,NORMAL_BANKING_FLOW
TX_BOB_115130,BOB_ACC_20217,BOB_ACC_20156,6596.6,2026-01-10 18:00:12,SETTLEMENT,NEFT,Bank of Baroda,IN,0,NORMAL_BANKING_FLOW
TX_BOB_115131,BOB_ACC_20082,BOB_ACC_20031,17656.67,2026-01-10 17:56:20,SETTLEMENT,NEFT,Bank of Baroda,IN,0,NORMAL_BANKING_FLOW
TX_BOB_115132,BOB_ACC_20049,BOB_ACC_20246,9586.44,2026-01-10 18:05:30,SETTLEMENT,NEFT,Bank of Baroda,IN,0,NORMAL_BANKING_FLOW
TX_BOB_115133,BOB_ACC_20203,BOB_ACC_20228,14758.23,2026-01-10 18:34:36,SETTLEMENT,NEFT,Bank of Baroda,IN,0,NORMAL_BANKING_FLOW
TX_BOB_115134,BOB_ACC_20157,BOB_ACC_20017,27719.76,2026-01-10 18:17:35,SETTLEMENT,NEFT,Bank of Baroda,IN,0,NORMAL_BANKING_FLOW
TX_BOB_115135,BOB_ACC_20108,BOB_ACC_20130,37155.33,2026-01-10 18:04:46,TRANSFER,IMPS,Bank of Baroda,IN,0,NORMAL_BANKING_FLOW
TX_BOB_115136,BOB_ACC_20115,CANARA_ACC_20114,133573.54,2026-01-10 17:58:30,SETTLEMENT,NEFT,Bank of Baroda,IN,0,NORMAL_BANKING_FLOW
TX_BOB_115137,BOB_ACC_20064,BOB_ACC_20080,16586.33,2026-01-10 17:38:32,SETTLEMENT,NEFT,Bank of Baroda,IN,0,NORMAL_BANKING_FLOW
TX_BOB_115138,BOB_ACC_20195,BOB_ACC_20030,54022.89,2026-01-10 19:14:43,SETTLEMENT,NEFT,Bank of Baroda,IN,0,NORMAL_BANKING_FLOW
TX_BOB_115139,BOB_ACC_20120,BOB_ACC_20150,35431.77,2026-01-10 19:13:24,TRANSFER,IMPS,Bank of Baroda,IN,0,NORMAL_BANKING_FLOW
TX_BOB_115140,BOB_ACC_20007,BOB_ACC_20246,86370.19,2026-01-10 19:16:41,SETTLEMENT,NEFT,Bank of Baroda,IN,0,NORMAL_BANKING_FLOW
TX_BOB_115141,BOB_ACC_20010,BOB_ACC_20112,45188.86,2026-01-10 19:15:20,SETTLEMENT,NEFT,Bank of Baroda,IN,0,NORMAL_BANKING_FLOW
TX_BOB_115142,BOB_ACC_20058,BOB_ACC_20083,10854.84,2026-01-10 18:43:24,SETTLEMENT,NEFT,Bank of Baroda,IN,0,NORMAL_BANKING_FLOW
TX_BOB_115143,BOB_ACC_20071,BOB_ACC_20168,5705.91,2026-01-10 19:03:04,TRANSFER,IMPS,Bank of Baroda,IN,0,NORMAL_BANKING_FLOW
TX_BOB_115144,BOB_ACC_20104,HDFC_ACC_20240,35601.23,2026-01-10 18:49:38,TRANSFER,IMPS,Bank of Baroda,IN,0,NORMAL_BANKING_FLOW
TX_BOB_115145,BOB_ACC_20164,AXIS_ACC_20062,16720.56,2026-01-10 18:31:12,TRANSFER,IMPS,Bank of Baroda,IN,0,NORMAL_BANKING_FLOW
TX_BOB_115146,BOB_ACC_20173,SBI_ACC_20192,11133.54,2026-01-10 18:34:15,SETTLEMENT,NEFT,Bank of Baroda,IN,0,NORMAL_BANKING_FLOW
TX_BOB_115147,BOB_ACC_20216,BOB_ACC_20041,8597.1,2026-01-10 19:23:34,TRANSFER,IMPS,Bank of Baroda,IN,0,NORMAL_BANKING_FLOW
TX_BOB_115148,BOB_ACC_20048,BOB_ACC_20228,31097.35,2026-01-10 18:08:36,SETTLEMENT,NEFT,Bank of Baroda,IN,0,NORMAL_BANKING_FLOW
TX_BOB_115149,BOB_ACC_20109,BOB_ACC_20113,104499.43,2026-01-10 18:38:40,SETTLEMENT,NEFT,Bank of Baroda,IN,0,NORMAL_BANKING_FLOW
TX_BOB_115150,BOB_ACC_20010,BOB_ACC_20106,18623.79,2026-01-10 18:12:01,TRANSFER,IMPS,Bank of Baroda,IN,0,NORMAL_BANKING_FLOW
TX_BOB_115151,BOB_ACC_20050,BOB_ACC_20054,45763.55,2026-01-10 19:12:30,TRANSFER,IMPS,Bank of Baroda,IN,0,NORMAL_BANKING_FLOW
TX_BOB_115152,BOB_ACC_20011,BOB_ACC_20130,24537.56,2026-01-10 18:20:32,TRANSFER,IMPS,Bank of Baroda,IN,0,NORMAL_BANKING_FLOW
TX_BOB_115153,BOB_ACC_20134,KOTAK_ACC_20034,8430.03,2026-01-10 19:16:48,SETTLEMENT,NEFT,Bank of Baroda,IN,0,NORMAL_BANKING_FLOW
TX_BOB_115154,BOB_ACC_20141,BOB_ACC_20234,52121.36,2026-01-10 18:24:09,TRANSFER,IMPS,Bank of Baroda,IN,0,NORMAL_BANKING_FLOW
TX_BOB_115155,BOB_ACC_20168,BOB_ACC_20185,10044.47,2026-01-10 17:53:54,TRANSFER,IMPS,Bank of Baroda,IN,0,NORMAL_BANKING_FLOW
TX_BOB_115156,BOB_ACC_20149,BOB_ACC_20209,27431.96,2026-01-10 19:09:10,TRANSFER,IMPS,Bank of Baroda,IN,0,NORMAL_BANKING_FLOW
TX_BOB_115157,BOB_ACC_20202,BOB_ACC_20096,19784.06,2026-01-10 17:49:24,TRANSFER,IMPS,Bank of Baroda,IN,0,NORMAL_BANKING_FLOW
TX_BOB_115158,BOB_ACC_20135,BOB_ACC_20049,60100.27,2026-01-10 19:00:22,SETTLEMENT,NEFT,Bank of Baroda,IN,0,NORMAL_BANKING_FLOW
TX_BOB_115159,BOB_ACC_20098,BOB_ACC_20237,10380.29,2026-01-10 19:32:44,TRANSFER,IMPS,Bank of Baroda,IN,0,NORMAL_BANKING_FLOW
TX_BOB_115160,BOB_ACC_20188,BOB_ACC_20032,38245.57,2026-01-10 18:59:15,SETTLEMENT,NEFT,Bank of Baroda,IN,0,NORMAL_BANKING_FLOW
TX_BOB_115161,BOB_ACC_20006,AXIS_ACC_20120,12634.45,2026-01-10 19:24:00,SETTLEMENT,NEFT,Bank of Baroda,IN,0,NORMAL_BANKING_FLOW
TX_BOB_115162,BOB_ACC_20129,YES_ACC_20074,16983.63,2026-01-10 17:40:15,SETTLEMENT,NEFT,Bank of Baroda,IN,0,NORMAL_BANKING_FLOW
TX_BOB_115163,BOB_ACC_20068,BOB_ACC_20170,1020.78,2026-01-10 18:53:24,TRANSFER,IMPS,Bank of Baroda,IN,0,NORMAL_BANKING_FLOW
TX_BOB_115164,BOB_ACC_20132,PNB_ACC_20172,176820.21,2026-01-10 18:37:48,SETTLEMENT,NEFT,Bank of Baroda,IN,0,NORMAL_BANKING_FLOW
TX_BOB_115165,BOB_ACC_20068,PNB_ACC_20199,44156.76,2026-01-10 18:57:32,SETTLEMENT,NEFT,Bank of Baroda,IN,0,NORMAL_BANKING_FLOW
TX_BOB_115166,BOB_ACC_20142,BOB_ACC_20163,13485.73,2026-01-10 18:41:45,SETTLEMENT,NEFT,Bank of Baroda,IN,0,NORMAL_BANKING_FLOW
TX_BOB_115167,BOB_ACC_20122,BOB_ACC_20044,9777.21,2026-01-10 19:10:02,SETTLEMENT,NEFT,Bank of Baroda,IN,0,NORMAL_BANKING_FLOW
TX_BOB_115168,BOB_ACC_20068,BOB_ACC_20140,17221.54,2026-01-10 17:58:27,SETTLEMENT,NEFT,Bank of Baroda,IN,0,NORMAL_BANKING_FLOW
TX_BOB_115169,BOB_ACC_20072,BOB_ACC_20117,51286.95,2026-01-10 17:47:36,SETTLEMENT,NEFT,Bank of Baroda,IN,0,NORMAL_BANKING_FLOW
TX_BOB_115170,BOB_ACC_20067,CANARA_ACC_20059,4900.65,2026-01-10 19:26:28,TRANSFER,IMPS,Bank of Baroda,IN,0,NORMAL_BANKING_FLOW
TX_BOB_115171,BOB_ACC_20133,INDUS_ACC_20210,23684.45,2026-01-10 17:42:30,TRANSFER,IMPS,Bank of Baroda,IN,0,NORMAL_BANKING_FLOW
TX_BOB_115172,BOB_ACC_20007,YES_ACC_20094,132399.31,2026-01-10 17:51:18,TRANSFER,IMPS,Bank of Baroda,IN,0,NORMAL_BANKING_FLOW
TX_BOB_115173,BOB_ACC_20146,BOB_ACC_20181,9695.8,2026-01-10 19:52:00,TRANSFER,IMPS,Bank of Baroda,IN,0,NORMAL_BANKING_FLOW
TX_BOB_115174,BOB_ACC_20092,YES_ACC_20195,28921.67,2026-01-10 19:29:56,SETTLEMENT,NEFT,Bank of Baroda,IN,0,NORMAL_BANKING_FLOW
TX_BOB_115175,BOB_ACC_20244,BOB_ACC_20193,195434.16,2026-01-10 19:01:48,TRANSFER,IMPS,Bank of Baroda,IN,0,NORMAL_BANKING_FLOW
TX_BOB_115176,BOB_ACC_20122,BOB_ACC_20132,47521.45,2026-01-10 19:55:00,SETTLEMENT,NEFT,Bank of Baroda,IN,0,NORMAL_BANKING_FLOW
TX_BOB_115177,BOB_ACC_20105,PNB_ACC_20074,30131.65,2026-01-10 18:28:00,TRANSFER,IMPS,Bank of Baroda,IN,0,NORMAL_BANKING_FLOW
TX_BOB_115178,BOB_ACC_20149,KOTAK_ACC_20161,42445.36,2026-01-10 19:21:36,TRANSFER,IMPS,Bank of Baroda,IN,0,NORMAL_BANKING_FLOW
TX_BOB_115179,BOB_ACC_20055,CANARA_ACC_20165,18755.1,2026-01-10 18:20:06,TRANSFER,IMPS,Bank of Baroda,IN,0,NORMAL_BANKING_FLOW
TX_BOB_115180,BOB_ACC_20093,BOB_ACC_20230,86653.11,2026-01-10 17:44:45,TRANSFER,IMPS,Bank of Baroda,IN,0,NORMAL_BANKING_FLOW
TX_BOB_115181,BOB_ACC_20113,HDFC_ACC_20239,18781.04,2026-01-10 19:03:00,SETTLEMENT,NEFT,Bank of Baroda,IN,0,NORMAL_BANKING_FLOW
TX_BOB_115182,BOB_ACC_20128,BOB_ACC_20200,4613.47,2026-01-10 19:57:59,SETTLEMENT,NEFT,Bank of Baroda,IN,0,NORMAL_BANKING_FLOW
TX_BOB_115183,BOB_ACC_20205,SBI_ACC_20088,18917.21,2026-01-10 19:10:26,TRANSFER,IMPS,Bank of Baroda,IN,0,NORMAL_BANKING_FLOW
TX_BOB_115184,BOB_ACC_20179,BOB_ACC_20089,11270.44,2026-01-10 19:47:45,TRANSFER,IMPS,Bank of Baroda,IN,0,NORMAL_BANKING_FLOW
TX_BOB_115185,BOB_ACC_20094,BOB_ACC_20242,20887.9,2026-01-10 18:10:32,SETTLEMENT,NEFT,Bank of Baroda,IN,0,NORMAL_BANKING_FLOW
TX_BOB_115186,BOB_ACC_20073,BOB_ACC_20143,21307.71,2026-01-10 18:35:35,SETTLEMENT,NEFT,Bank of Baroda,IN,0,NORMAL_BANKING_FLOW
TX_BOB_115187,BOB_ACC_20146,BOB_ACC_20167,79037.75,2026-01-10 19:13:18,SETTLEMENT,NEFT,Bank of Baroda,IN,0,NORMAL_BANKING_FLOW
TX_BOB_115188,BOB_ACC_20025,SBI_ACC_20088,50300.16,2026-01-10 19:26:29,SETTLEMENT,NEFT,Bank of Baroda,IN,0,NORMAL_BANKING_FLOW
TX_BOB_115189,BOB_ACC_20099,INDUS_ACC_20206,34096.12,2026-01-10 19:30:24,TRANSFER,IMPS,Bank of Baroda,IN,0,NORMAL_BANKING_FLOW
TX_BOB_115190,BOB_ACC_20205,BOB_ACC_20140,26831.96,2026-01-10 19:46:57,TRANSFER,IMPS,Bank of Baroda,IN,0,NORMAL_BANKING_FLOW
TX_BOB_115191,BOB_ACC_20098,BOB_ACC_20128,10373.69,2026-01-10 18:41:20,TRANSFER,IMPS,Bank of Baroda,IN,0,NORMAL_BANKING_FLOW
TX_BOB_115192,BOB_ACC_20169,BOB_ACC_20141,3777.97,2026-01-10 18:00:29,SETTLEMENT,NEFT,Bank of Baroda,IN,0,NORMAL_BANKING_FLOW
TX_BOB_115193,BOB_ACC_20079,HDFC_ACC_20007,29787.5,2026-01-10 20:05:36,SETTLEMENT,NEFT,Bank of Baroda,IN,0,NORMAL_BANKING_FLOW
TX_BOB_115194,BOB_ACC_20049,INDUS_ACC_20231,55004.87,2026-01-10 18:52:35,SETTLEMENT,NEFT,Bank of Baroda,IN,0,NORMAL_BANKING_FLOW
TX_BOB_115195,BOB_ACC_20108,BOB_ACC_20237,24403.93,2026-01-10 18:24:04,TRANSFER,IMPS,Bank of Baroda,IN,0,NORMAL_BANKING_FLOW
TX_BOB_115196,BOB_ACC_20196,BOB_ACC_20192,16624.47,2026-01-10 17:55:15,SETTLEMENT,NEFT,Bank of Baroda,IN,0,NORMAL_BANKING_FLOW
TX_BOB_115197,BOB_ACC_20126,BOB_ACC_20106,40865.93,2026-01-10 20:09:28,TRANSFER,IMPS,Bank of Baroda,IN,0,NORMAL_BANKING_FLOW
TX_BOB_115198,BOB_ACC_20085,BOB_ACC_20099,24959.28,2026-01-10 18:58:12,TRANSFER,IMPS,Bank of Baroda,IN,0,NORMAL_BANKING_FLOW
TX_BOB_115199,BOB_ACC_20230,BOB_ACC_20214,122659.78,2026-01-10 19:15:18,SETTLEMENT,NEFT,Bank of Baroda,IN,0,NORMAL_BANKING_FLOW
TX_BOB_115200,BOB_ACC_20037,HDFC_ACC_20163,81589.47,2026-01-10 17:53:04,SETTLEMENT,NEFT,Bank of Baroda,IN,0,NORMAL_BANKING_FLOW
TX_BOB_115201,BOB_ACC_20070,BOB_ACC_20110,63803.11,2026-01-10 20:13:20,TRANSFER,IMPS,Bank of Baroda,IN,0,NORMAL_BANKING_FLOW
TX_BOB_115202,BOB_ACC_20070,BOB_ACC_20148,53207.82,2026-01-10 18:07:00,SETTLEMENT,NEFT,Bank of Baroda,IN,0,NORMAL_BANKING_FLOW
TX_BOB_115203,BOB_ACC_20076,HDFC_ACC_20139,8424.08,2026-01-10 19:38:14,TRANSFER,IMPS,Bank of Baroda,IN,0,NORMAL_BANKING_FLOW
TX_BOB_115204,BOB_ACC_20153,BOB_ACC_20131,48859.02,2026-01-10 20:16:14,SETTLEMENT,NEFT,Bank of Baroda,IN,0,NORMAL_BANKING_FLOW
TX_BOB_115205,BOB_ACC_20123,ICICI_ACC_20202,37748.21,2026-01-10 18:35:12,TRANSFER,IMPS,Bank of Baroda,IN,0,NORMAL_BANKING_FLOW
TX_BOB_115206,BOB_ACC_20014,BOB_ACC_20235,46433.77,2026-01-10 19:47:25,SETTLEMENT,NEFT,Bank of Baroda,IN,0,NORMAL_BANKING_FLOW
TX_BOB_115207,BOB_ACC_20007,BOB_ACC_20108,41912.88,2026-01-10 18:39:34,SETTLEMENT,NEFT,Bank of Baroda,IN,0,NORMAL_BANKING_FLOW
TX_BOB_115208,BOB_ACC_20050,BOB_ACC_20156,40436.43,2026-01-10 17:51:45,TRANSFER,IMPS,Bank of Baroda,IN,0,NORMAL_BANKING_FLOW
TX_BOB_115209,BOB_ACC_20114,AXIS_ACC_20038,305828.52,2026-01-10 19:42:56,SETTLEMENT,NEFT,Bank of Baroda,IN,0,NORMAL_BANKING_FLOW
TX_BOB_115210,BOB_ACC_20046,BOB_ACC_20049,25120.33,2026-01-10 19:40:14,TRANSFER,IMPS,Bank of Baroda,IN,0,NORMAL_BANKING_FLOW
TX_BOB_115211,BOB_ACC_20125,CANARA_ACC_20190,62486.36,2026-01-10 20:26:30,TRANSFER,IMPS,Bank of Baroda,IN,0,NORMAL_BANKING_FLOW
TX_BOB_115212,BOB_ACC_20026,BOB_ACC_20089,17608.01,2026-01-10 20:31:00,TRANSFER,IMPS,Bank of Baroda,IN,0,NORMAL_BANKING_FLOW
TX_BOB_115213,BOB_ACC_20190,BOB_ACC_20191,54807.23,2026-01-10 20:00:12,SETTLEMENT,NEFT,Bank of Baroda,IN,0,NORMAL_BANKING_FLOW
TX_BOB_115214,BOB_ACC_20128,BOB_ACC_20030,62654.32,2026-01-10 19:32:39,TRANSFER,IMPS,Bank of Baroda,IN,0,NORMAL_BANKING_FLOW
TX_BOB_115215,BOB_ACC_20113,BOB_ACC_20214,37346.09,2026-01-10 18:54:08,TRANSFER,IMPS,Bank of Baroda,IN,0,NORMAL_BANKING_FLOW
TX_BOB_115216,BOB_ACC_20029,BOB_ACC_20158,120852.04,2026-01-10 18:18:50,SETTLEMENT,NEFT,Bank of Baroda,IN,0,NORMAL_BANKING_FLOW
TX_BOB_115217,BOB_ACC_20152,ICICI_ACC_20166,12138.67,2026-01-10 18:37:12,SETTLEMENT,NEFT,Bank of Baroda,IN,0,NORMAL_BANKING_FLOW
TX_BOB_115218,BOB_ACC_20100,HDFC_ACC_20023,17352.66,2026-01-10 19:39:08,SETTLEMENT,NEFT,Bank of Baroda,IN,0,NORMAL_BANKING_FLOW
TX_BOB_115219,BOB_ACC_20016,BOB_ACC_20143,32569.84,2026-01-10 19:54:24,TRANSFER,IMPS,Bank of Baroda,IN,0,NORMAL_BANKING_FLOW
TX_BOB_115220,BOB_ACC_20071,KOTAK_ACC_20009,59440.21,2026-01-10 18:45:51,TRANSFER,IMPS,Bank of Baroda,IN,0,NORMAL_BANKING_FLOW
TX_BOB_115221,BOB_ACC_20182,CANARA_ACC_20227,31618.15,2026-01-10 18:24:20,SETTLEMENT,NEFT,Bank of Baroda,IN,0,NORMAL_BANKING_FLOW
TX_BOB_115222,BOB_ACC_20142,CANARA_ACC_20191,85577.97,2026-01-10 18:46:49,SETTLEMENT,NEFT,Bank of Baroda,IN,0,NORMAL_BANKING_FLOW
TX_BOB_115223,BOB_ACC_20162,BOB_ACC_20095,14831.06,2026-01-10 20:08:42,SETTLEMENT,NEFT,Bank of Baroda,IN,0,NORMAL_BANKING_FLOW
TX_BOB_115224,BOB_ACC_20217,CANARA_ACC_20203,9638.1,2026-01-10 20:28:08,SETTLEMENT,NEFT,Bank of Baroda,IN,0,NORMAL_BANKING_FLOW
TX_BOB_115225,BOB_ACC_20140,BOB_ACC_20217,35500.98,2026-01-10 19:10:40,TRANSFER,IMPS,Bank of Baroda,IN,0,NORMAL_BANKING_FLOW
TX_BOB_115226,BOB_ACC_20194,BOB_ACC_20064,25097.86,2026-01-10 17:56:15,SETTLEMENT,NEFT,Bank of Baroda,IN,0,NORMAL_BANKING_FLOW
TX_BOB_115227,BOB_ACC_20126,BOB_ACC_20119,43852.08,2026-01-10 20:23:24,SETTLEMENT,NEFT,Bank of Baroda,IN,0,NORMAL_BANKING_FLOW
TX_BOB_115228,BOB_ACC_20115,BOB_ACC_20193,26247.81,2026-01-10 20:35:39,SETTLEMENT,NEFT,Bank of Baroda,IN,0,NORMAL_BANKING_FLOW
TX_BOB_115229,BOB_ACC_20143,BOB_ACC_20079,19810.79,2026-01-10 20:02:24,SETTLEMENT,NEFT,Bank of Baroda,IN,0,NORMAL_BANKING_FLOW
TX_BOB_115230,BOB_ACC_20054,ICICI_ACC_20172,25148.57,2026-01-10 19:17:24,TRANSFER,IMPS,Bank of Baroda,IN,0,NORMAL_BANKING_FLOW
TX_BOB_115231,BOB_ACC_20220,AXIS_ACC_20190,27610.85,2026-01-10 19:10:20,TRANSFER,IMPS,Bank of Baroda,IN,0,NORMAL_BANKING_FLOW
TX_BOB_115232,BOB_ACC_20048,INDUS_ACC_20168,20445.47,2026-01-10 18:43:57,SETTLEMENT,NEFT,Bank of Baroda,IN,0,NORMAL_BANKING_FLOW
TX_BOB_115233,BOB_ACC_20133,BOB_ACC_20163,22408.18,2026-01-10 19:11:28,TRANSFER,IMPS,Bank of Baroda,IN,0,NORMAL_BANKING_FLOW
TX_BOB_115234,BOB_ACC_20143,BOB_ACC_20015,18709.11,2026-01-10 19:12:02,SETTLEMENT,NEFT,Bank of Baroda,IN,0,NORMAL_BANKING_FLOW
TX_BOB_115235,BOB_ACC_20075,BOB_ACC_20120,58162.65,2026-01-10 18:33:36,SETTLEMENT,NEFT,Bank of Baroda,IN,0,NORMAL_BANKING_FLOW
TX_BOB_115236,BOB_ACC_20148,BOB_ACC_20245,32036.11,2026-01-10 18:53:35,SETTLEMENT,NEFT,Bank of Baroda,IN,0,NORMAL_BANKING_FLOW
TX_BOB_115237,BOB_ACC_20121,CANARA_ACC_20109,205063.96,2026-01-10 18:30:28,SETTLEMENT,NEFT,Bank of Baroda,IN,0,NORMAL_BANKING_FLOW
TX_BOB_115238,BOB_ACC_20182,BOB_ACC_20193,31089.77,2026-01-10 19:02:27,TRANSFER,IMPS,Bank of Baroda,IN,0,NORMAL_BANKING_FLOW
TX_BOB_115239,BOB_ACC_20110,BOB_ACC_20042,16386.75,2026-01-10 18:39:10,SETTLEMENT,NEFT,Bank of Baroda,IN,0,NORMAL_BANKING_FLOW
TX_BOB_115240,BOB_ACC_20080,BOB_ACC_20227,297630.43,2026-01-10 17:59:45,TRANSFER,IMPS,Bank of Baroda,IN,0,NORMAL_BANKING_FLOW
TX_BOB_115241,BOB_ACC_20009,BOB_ACC_20013,39036.94,2026-01-10 20:08:00,SETTLEMENT,NEFT,Bank of Baroda,IN,0,NORMAL_BANKING_FLOW
TX_BOB_115242,BOB_ACC_20073,BOB_ACC_20193,65585.66,2026-01-10 19:36:39,SETTLEMENT,NEFT,Bank of Baroda,IN,0,NORMAL_BANKING_FLOW
TX_BOB_115243,BOB_ACC_20016,BOB_ACC_20202,45839.1,2026-01-10 19:33:16,SETTLEMENT,NEFT,Bank of Baroda,IN,0,NORMAL_BANKING_FLOW
TX_BOB_115244,BOB_ACC_20090,BOB_ACC_20064,47132.12,2026-01-10 18:33:09,TRANSFER,IMPS,Bank of Baroda,IN,0,NORMAL_BANKING_FLOW
TX_BOB_115245,BOB_ACC_20106,ICICI_ACC_20185,43568.45,2026-01-10 19:14:12,SETTLEMENT,NEFT,Bank of Baroda,IN,0,NORMAL_BANKING_FLOW
TX_BOB_115246,BOB_ACC_20236,BOB_ACC_20093,9977.86,2026-01-10 18:09:25,SETTLEMENT,NEFT,Bank of Baroda,IN,0,NORMAL_BANKING_FLOW
TX_BOB_115247,BOB_ACC_20238,BOB_ACC_20200,37450.53,2026-01-10 19:48:06,TRANSFER,IMPS,Bank of Baroda,IN,0,NORMAL_BANKING_FLOW
TX_BOB_115248,BOB_ACC_20048,BOB_ACC_20012,8165.1,2026-01-10 20:09:22,SETTLEMENT,NEFT,Bank of Baroda,IN,0,NORMAL_BANKING_FLOW
TX_BOB_115249,BOB_ACC_20211,BOB_ACC_20232,22995.95,2026-01-10 19:57:44,SETTLEMENT,NEFT,Bank of Baroda,IN,0,NORMAL_BANKING_FLOW
TX_BOB_115250,BOB_ACC_20225,BOB_ACC_20198,14001.84,2026-01-10 19:37:42,TRANSFER,IMPS,Bank of Baroda,IN,0,NORMAL_BANKING_FLOW
TX_BOB_115251,BOB_ACC_20129,ICICI_ACC_20087,37113.02,2026-01-10 19:34:10,SETTLEMENT,NEFT,Bank of Baroda,IN,0,NORMAL_BANKING_FLOW
TX_BOB_115252,BOB_ACC_20065,BOB_ACC_20118,36341.43,2026-01-10 21:06:49,SETTLEMENT,NEFT,Bank of Baroda,IN,0,NORMAL_BANKING_FLOW
TX_BOB_115253,BOB_ACC_20121,BOB_ACC_20018,41482.68,2026-01-10 18:24:00,TRANSFER,IMPS,Bank of Baroda,IN,0,NORMAL_BANKING_FLOW
TX_BOB_115254,BOB_ACC_20244,BOB_ACC_20218,34841.58,2026-01-10 21:04:34,TRANSFER,IMPS,Bank of Baroda,IN,0,NORMAL_BANKING_FLOW
TX_BOB_115255,BOB_ACC_20158,BOB_ACC_20016,15581.77,2026-01-10 21:09:46,TRANSFER,IMPS,Bank of Baroda,IN,0,NORMAL_BANKING_FLOW
TX_BOB_115256,BOB_ACC_20215,HDFC_ACC_20128,21270.93,2026-01-10 21:15:00,TRANSFER,IMPS,Bank of Baroda,IN,0,NORMAL_BANKING_FLOW
TX_BOB_115257,BOB_ACC_20084,CANARA_ACC_20194,61596.27,2026-01-10 20:33:20,SETTLEMENT,NEFT,Bank of Baroda,IN,0,NORMAL_BANKING_FLOW
TX_BOB_115258,BOB_ACC_20150,CANARA_ACC_20161,70338.25,2026-01-10 18:25:40,SETTLEMENT,NEFT,Bank of Baroda,IN,0,NORMAL_BANKING_FLOW
TX_BOB_115259,BOB_ACC_20154,BOB_ACC_20132,9584.43,2026-01-10 20:00:36,SETTLEMENT,NEFT,Bank of Baroda,IN,0,NORMAL_BANKING_FLOW
TX_BOB_115260,BOB_ACC_20165,BOB_ACC_20147,6782.93,2026-01-10 19:18:08,SETTLEMENT,NEFT,Bank of Baroda,IN,0,NORMAL_BANKING_FLOW
TX_BOB_115261,BOB_ACC_20088,ICICI_ACC_20194,13985.82,2026-01-10 19:44:40,SETTLEMENT,NEFT,Bank of Baroda,IN,0,NORMAL_BANKING_FLOW
TX_BOB_115262,BOB_ACC_20012,KOTAK_ACC_20231,68918.98,2026-01-10 18:31:21,SETTLEMENT,NEFT,Bank of Baroda,IN,0,NORMAL_BANKING_FLOW
TX_BOB_115263,BOB_ACC_20017,KOTAK_ACC_20011,80289.62,2026-01-10 20:20:52,TRANSFER,IMPS,Bank of Baroda,IN,0,NORMAL_BANKING_FLOW
TX_BOB_115264,BOB_ACC_20229,BOB_ACC_20086,11704.86,2026-01-10 20:04:06,TRANSFER,IMPS,Bank of Baroda,IN,0,NORMAL_BANKING_FLOW
TX_BOB_115265,BOB_ACC_20014,BOB_ACC_20114,35474.82,2026-01-10 20:48:48,SETTLEMENT,NEFT,Bank of Baroda,IN,0,NORMAL_BANKING_FLOW
TX_BOB_115266,BOB_ACC_20238,BOB_ACC_20241,140222.85,2026-01-10 18:06:15,TRANSFER,IMPS,Bank of Baroda,IN,0,NORMAL_BANKING_FLOW
TX_BOB_115267,BOB_ACC_20077,BOB_ACC_20052,39096.19,2026-01-10 18:24:14,TRANSFER,IMPS,Bank of Baroda,IN,0,NORMAL_BANKING_FLOW
TX_BOB_115268,BOB_ACC_20036,YES_ACC_20162,96698.48,2026-01-10 20:51:24,SETTLEMENT,NEFT,Bank of Baroda,IN,0,NORMAL_BANKING_FLOW
TX_BOB_115269,BOB_ACC_20120,CANARA_ACC_20049,66095.37,2026-01-10 19:27:24,SETTLEMENT,NEFT,Bank of Baroda,IN,0,NORMAL_BANKING_FLOW
TX_BOB_115270,BOB_ACC_20108,BOB_ACC_20060,11858.75,2026-01-10 20:12:47,TRANSFER,IMPS,Bank of Baroda,IN,0,NORMAL_BANKING_FLOW
TX_BOB_115271,BOB_ACC_20229,BOB_ACC_20001,22674.96,2026-01-10 18:39:00,TRANSFER,IMPS,Bank of Baroda,IN,0,NORMAL_BANKING_FLOW
TX_BOB_115272,BOB_ACC_20100,BOB_ACC_20192,27757.99,2026-01-10 18:30:20,TRANSFER,IMPS,Bank of Baroda,IN,0,NORMAL_BANKING_FLOW
TX_BOB_115273,BOB_ACC_20231,ICICI_ACC_20159,29546.48,2026-01-10 19:52:16,TRANSFER,IMPS,Bank of Baroda,IN,0,NORMAL_BANKING_FLOW
TX_BOB_115274,BOB_ACC_20150,BOB_ACC_20059,61371.21,2026-01-10 18:44:39,SETTLEMENT,NEFT,Bank of Baroda,IN,0,NORMAL_BANKING_FLOW
TX_BOB_115275,BOB_ACC_20024,AXIS_ACC_20074,38863.71,2026-01-10 19:58:06,SETTLEMENT,NEFT,Bank of Baroda,IN,0,NORMAL_BANKING_FLOW
TX_BOB_115276,BOB_ACC_20064,YES_ACC_20111,1914.9,2026-01-10 18:50:00,TRANSFER,IMPS,Bank of Baroda,IN,0,NORMAL_BANKING_FLOW
TX_BOB_115277,BOB_ACC_20180,BOB_ACC_20100,8253.92,2026-01-10 19:13:24,SETTLEMENT,NEFT,Bank of Baroda,IN,0,NORMAL_BANKING_FLOW
TX_BOB_115278,BOB_ACC_20028,BOB_ACC_20004,3756.93,2026-01-10 18:46:11,TRANSFER,IMPS,Bank of Baroda,IN,0,NORMAL_BANKING_FLOW
TX_BOB_115279,BOB_ACC_20100,BOB_ACC_20140,31502.71,2026-01-10 19:05:06,SETTLEMENT,NEFT,Bank of Baroda,IN,0,NORMAL_BANKING_FLOW
TX_BOB_115280,BOB_ACC_20151,BOB_ACC_20190,33404.27,2026-01-10 19:47:24,SETTLEMENT,NEFT,Bank of Baroda,IN,0,NORMAL_BANKING_FLOW
TX_BOB_115281,BOB_ACC_20047,BOB_ACC_20064,34714.14,2026-01-10 19:52:40,TRANSFER,IMPS,Bank of Baroda,IN,0,NORMAL_BANKING_FLOW
TX_BOB_115282,BOB_ACC_20187,BOB_ACC_20134,11349.9,2026-01-10 20:35:26,TRANSFER,IMPS,Bank of Baroda,IN,0,NORMAL_BANKING_FLOW
TX_BOB_115283,BOB_ACC_20135,KOTAK_ACC_20084,49351.8,2026-01-10 20:45:36,TRANSFER,IMPS,Bank of Baroda,IN,0,NORMAL_BANKING_FLOW
TX_BOB_115284,BOB_ACC_20031,BOB_ACC_20128,51258.47,2026-01-10 21:33:34,TRANSFER,IMPS,Bank of Baroda,IN,0,NORMAL_BANKING_FLOW
TX_BOB_115285,BOB_ACC_20055,BOB_ACC_20030,8693.8,2026-01-10 20:51:56,SETTLEMENT,NEFT,Bank of Baroda,IN,0,NORMAL_BANKING_FLOW
TX_BOB_115286,BOB_ACC_20195,BOB_ACC_20132,7190.86,2026-01-10 20:38:30,SETTLEMENT,NEFT,Bank of Baroda,IN,0,NORMAL_BANKING_FLOW
TX_BOB_115287,BOB_ACC_20057,BOB_ACC_20181,26900.0,2026-01-10 18:59:10,TRANSFER,IMPS,Bank of Baroda,IN,0,NORMAL_BANKING_FLOW
TX_BOB_115288,BOB_ACC_20081,BOB_ACC_20199,134942.5,2026-01-10 21:42:13,TRANSFER,IMPS,Bank of Baroda,IN,0,NORMAL_BANKING_FLOW
TX_BOB_115289,BOB_ACC_20120,BOB_ACC_20237,124214.91,2026-01-10 19:14:24,TRANSFER,IMPS,Bank of Baroda,IN,0,NORMAL_BANKING_FLOW
TX_BOB_115290,BOB_ACC_20072,BOB_ACC_20238,44670.29,2026-01-10 19:48:35,SETTLEMENT,NEFT,Bank of Baroda,IN,0,NORMAL_BANKING_FLOW
TX_BOB_115291,BOB_ACC_20124,BOB_ACC_20049,13946.77,2026-01-10 19:54:00,TRANSFER,IMPS,Bank of Baroda,IN,0,NORMAL_BANKING_FLOW
TX_BOB_115292,BOB_ACC_20028,INDUS_ACC_20213,59763.98,2026-01-10 19:06:06,SETTLEMENT,NEFT,Bank of Baroda,IN,0,NORMAL_BANKING_FLOW
TX_BOB_115293,BOB_ACC_20122,BOB_ACC_20218,17904.69,2026-01-10 21:22:48,SETTLEMENT,NEFT,Bank of Baroda,IN,0,NORMAL_BANKING_FLOW
TX_BOB_115294,BOB_ACC_20076,BOB_ACC_20243,13483.79,2026-01-10 19:02:05,TRANSFER,IMPS,Bank of Baroda,IN,0,NORMAL_BANKING_FLOW
TX_BOB_115295,BOB_ACC_20026,BOB_ACC_20121,3906.63,2026-01-10 18:47:48,SETTLEMENT,NEFT,Bank of Baroda,IN,0,NORMAL_BANKING_FLOW
TX_BOB_115296,BOB_ACC_20141,BOB_ACC_20145,29499.95,2026-01-10 18:43:15,SETTLEMENT,NEFT,Bank of Baroda,IN,0,NORMAL_BANKING_FLOW
TX_BOB_115297,BOB_ACC_20091,INDUS_ACC_20234,15261.97,2026-01-10 20:22:16,SETTLEMENT,NEFT,Bank of Baroda,IN,0,NORMAL_BANKING_FLOW
TX_BOB_115298,BOB_ACC_20213,PNB_ACC_20192,29342.36,2026-01-10 18:14:15,SETTLEMENT,NEFT,Bank of Baroda,IN,0,NORMAL_BANKING_FLOW
TX_BOB_115299,BOB_ACC_20155,BOB_ACC_20127,3396.76,2026-01-10 19:48:52,SETTLEMENT,NEFT,Bank of Baroda,IN,0,NORMAL_BANKING_FLOW
TX_BOB_115300,BOB_ACC_20054,BOB_ACC_20042,31346.06,2026-01-10 20:09:22,SETTLEMENT,NEFT,Bank of Baroda,IN,0,NORMAL_BANKING_FLOW
TX_BOB_115301,BOB_ACC_20176,BOB_ACC_20088,3016.92,2026-01-10 20:20:00,TRANSFER,IMPS,Bank of Baroda,IN,0,NORMAL_BANKING_FLOW
TX_BOB_115302,BOB_ACC_20065,BOB_ACC_20146,71621.19,2026-01-10 19:15:27,SETTLEMENT,NEFT,Bank of Baroda,IN,0,NORMAL_BANKING_FLOW
TX_BOB_115303,BOB_ACC_20030,BOB_ACC_20041,43032.12,2026-01-10 20:46:30,TRANSFER,IMPS,Bank of Baroda,IN,0,NORMAL_BANKING_FLOW
TX_BOB_115304,BOB_ACC_20080,KOTAK_ACC_20166,20935.5,2026-01-10 20:16:57,TRANSFER,IMPS,Bank of Baroda,IN,0,NORMAL_BANKING_FLOW
TX_BOB_115305,BOB_ACC_20106,BOB_ACC_20237,44642.78,2026-01-10 21:38:40,TRANSFER,IMPS,Bank of Baroda,IN,0,NORMAL_BANKING_FLOW
TX_BOB_115306,BOB_ACC_20024,PNB_ACC_20183,11156.0,2026-01-10 18:26:25,SETTLEMENT,NEFT,Bank of Baroda,IN,0,NORMAL_BANKING_FLOW
TX_BOB_115307,BOB_ACC_20221,BOB_ACC_20240,28713.94,2026-01-10 20:59:42,SETTLEMENT,NEFT,Bank of Baroda,IN,0,NORMAL_BANKING_FLOW
TX_BOB_115308,BOB_ACC_20124,CANARA_ACC_20236,55011.45,2026-01-10 18:32:06,SETTLEMENT,NEFT,Bank of Baroda,IN,0,NORMAL_BANKING_FLOW
TX_BOB_115309,BOB_ACC_20129,YES_ACC_20005,1660.94,2026-01-10 21:21:48,SETTLEMENT,NEFT,Bank of Baroda,IN,0,NORMAL_BANKING_FLOW
TX_BOB_115310,BOB_ACC_20008,BOB_ACC_20221,17988.68,2026-01-10 20:36:18,TRANSFER,IMPS,Bank of Baroda,IN,0,NORMAL_BANKING_FLOW
TX_BOB_115311,BOB_ACC_20147,BOB_ACC_20127,26360.46,2026-01-10 20:57:40,SETTLEMENT,NEFT,Bank of Baroda,IN,0,NORMAL_BANKING_FLOW
TX_BOB_115312,BOB_ACC_20109,YES_ACC_20097,22546.51,2026-01-10 21:19:10,TRANSFER,IMPS,Bank of Baroda,IN,0,NORMAL_BANKING_FLOW
TX_BOB_115313,BOB_ACC_20101,BOB_ACC_20084,99846.74,2026-01-10 21:35:36,SETTLEMENT,NEFT,Bank of Baroda,IN,0,NORMAL_BANKING_FLOW
TX_BOB_115314,BOB_ACC_20165,BOB_ACC_20139,9783.86,2026-01-10 21:26:03,TRANSFER,IMPS,Bank of Baroda,IN,0,NORMAL_BANKING_FLOW
TX_BOB_115315,BOB_ACC_20076,KOTAK_ACC_20006,15382.05,2026-01-10 18:23:44,SETTLEMENT,NEFT,Bank of Baroda,IN,0,NORMAL_BANKING_FLOW
TX_BOB_115316,BOB_ACC_20189,PNB_ACC_20200,4796.87,2026-01-10 20:03:45,SETTLEMENT,NEFT,Bank of Baroda,IN,0,NORMAL_BANKING_FLOW
TX_BOB_115317,BOB_ACC_20069,BOB_ACC_20105,104742.26,2026-01-10 18:50:36,SETTLEMENT,NEFT,Bank of Baroda,IN,0,NORMAL_BANKING_FLOW
TX_BOB_115318,BOB_ACC_20084,BOB_ACC_20201,21554.48,2026-01-10 18:35:06,SETTLEMENT,NEFT,Bank of Baroda,IN,0,NORMAL_BANKING_FLOW
TX_BOB_115319,BOB_ACC_20002,HDFC_ACC_20004,18131.97,2026-01-10 19:12:30,SETTLEMENT,NEFT,Bank of Baroda,IN,0,NORMAL_BANKING_FLOW
TX_BOB_115320,BOB_ACC_20014,HDFC_ACC_20124,25661.97,2026-01-10 22:03:03,SETTLEMENT,NEFT,Bank of Baroda,IN,0,NORMAL_BANKING_FLOW
TX_BOB_115321,BOB_ACC_20158,BOB_ACC_20062,47696.45,2026-01-10 18:52:00,TRANSFER,IMPS,Bank of Baroda,IN,0,NORMAL_BANKING_FLOW
TX_BOB_115322,BOB_ACC_20226,BOB_ACC_20123,36776.97,2026-01-10 20:50:03,SETTLEMENT,NEFT,Bank of Baroda,IN,0,NORMAL_BANKING_FLOW
TX_BOB_115323,BOB_ACC_20157,BOB_ACC_20079,291587.61,2026-01-10 19:46:22,SETTLEMENT,NEFT,Bank of Baroda,IN,0,NORMAL_BANKING_FLOW
TX_BOB_115324,BOB_ACC_20093,BOB_ACC_20019,40479.15,2026-01-10 21:02:15,SETTLEMENT,NEFT,Bank of Baroda,IN,0,NORMAL_BANKING_FLOW
TX_BOB_115325,BOB_ACC_20092,KOTAK_ACC_20082,17699.28,2026-01-10 22:13:12,TRANSFER,IMPS,Bank of Baroda,IN,0,NORMAL_BANKING_FLOW
TX_BOB_115326,BOB_ACC_20054,CANARA_ACC_20033,16232.63,2026-01-10 18:42:55,SETTLEMENT,NEFT,Bank of Baroda,IN,0,NORMAL_BANKING_FLOW
TX_BOB_115327,BOB_ACC_20098,YES_ACC_20247,18892.44,2026-01-10 21:20:48,SETTLEMENT,NEFT,Bank of Baroda,IN,0,NORMAL_BANKING_FLOW
TX_BOB_115328,BOB_ACC_20116,BOB_ACC_20026,6962.87,2026-01-10 18:21:45,SETTLEMENT,NEFT,Bank of Baroda,IN,0,NORMAL_BANKING_FLOW
TX_BOB_115329,BOB_ACC_20141,CANARA_ACC_20175,27885.94,2026-01-10 21:33:20,SETTLEMENT,NEFT,Bank of Baroda,IN,0,NORMAL_BANKING_FLOW
TX_BOB_115330,BOB_ACC_20125,YES_ACC_20237,54454.53,2026-01-10 22:29:00,TRANSFER,IMPS,Bank of Baroda,IN,0,NORMAL_BANKING_FLOW
TX_BOB_115331,BOB_ACC_20138,BOB_ACC_20211,15490.35,2026-01-10 18:55:30,SETTLEMENT,NEFT,Bank of Baroda,IN,0,NORMAL_BANKING_FLOW
TX_BOB_115332,BOB_ACC_20175,BOB_ACC_20176,13008.5,2026-01-10 19:23:26,TRANSFER,IMPS,Bank of Baroda,IN,0,NORMAL_BANKING_FLOW
TX_BOB_115333,BOB_ACC_20236,BOB_ACC_20121,105277.04,2026-01-10 20:57:56,SETTLEMENT,NEFT,Bank of Baroda,IN,0,NORMAL_BANKING_FLOW
TX_BOB_115334,BOB_ACC_20166,BOB_ACC_20081,7451.46,2026-01-10 21:37:30,SETTLEMENT,NEFT,Bank of Baroda,IN,0,NORMAL_BANKING_FLOW
TX_BOB_115335,BOB_ACC_20190,SBI_ACC_20009,4183.75,2026-01-10 21:38:20,SETTLEMENT,NEFT,Bank of Baroda,IN,0,NORMAL_BANKING_FLOW
TX_BOB_115336,BOB_ACC_20041,BOB_ACC_20105,9531.79,2026-01-10 22:01:30,SETTLEMENT,NEFT,Bank of Baroda,IN,0,NORMAL_BANKING_FLOW
TX_BOB_115337,BOB_ACC_20005,BOB_ACC_20110,6725.16,2026-01-10 20:04:48,SETTLEMENT,NEFT,Bank of Baroda,IN,0,NORMAL_BANKING_FLOW
TX_BOB_115338,BOB_ACC_20249,BOB_ACC_20106,38086.05,2026-01-10 21:18:22,SETTLEMENT,NEFT,Bank of Baroda,IN,0,NORMAL_BANKING_FLOW
TX_BOB_115339,BOB_ACC_20078,SBI_ACC_20046,19445.4,2026-01-10 18:52:40,SETTLEMENT,NEFT,Bank of Baroda,IN,0,NORMAL_BANKING_FLOW
TX_BOB_115340,BOB_ACC_20178,INDUS_ACC_20051,22076.78,2026-01-10 21:25:33,TRANSFER,IMPS,Bank of Baroda,IN,0,NORMAL_BANKING_FLOW
TX_BOB_115341,BOB_ACC_20045,BOB_ACC_20194,75935.59,2026-01-10 21:26:20,TRANSFER,IMPS,Bank of Baroda,IN,0,NORMAL_BANKING_FLOW
TX_BOB_115342,BOB_ACC_20188,BOB_ACC_20225,14440.6,2026-01-10 22:01:13,TRANSFER,IMPS,Bank of Baroda,IN,0,NORMAL_BANKING_FLOW
TX_BOB_115343,BOB_ACC_20019,BOB_ACC_20161,54045.44,2026-01-10 21:45:00,SETTLEMENT,NEFT,Bank of Baroda,IN,0,NORMAL_BANKING_FLOW
TX_BOB_115344,BOB_ACC_20110,BOB_ACC_20201,104839.99,2026-01-10 19:22:55,SETTLEMENT,NEFT,Bank of Baroda,IN,0,NORMAL_BANKING_FLOW
TX_BOB_115345,BOB_ACC_20200,BOB_ACC_20044,17852.59,2026-01-10 21:35:12,SETTLEMENT,NEFT,Bank of Baroda,IN,0,NORMAL_BANKING_FLOW
TX_BOB_115346,BOB_ACC_20165,BOB_ACC_20119,52225.21,2026-01-10 21:59:00,TRANSFER,IMPS,Bank of Baroda,IN,0,NORMAL_BANKING_FLOW
TX_BOB_115347,BOB_ACC_20059,CANARA_ACC_20027,21641.41,2026-01-10 21:36:48,SETTLEMENT,NEFT,Bank of Baroda,IN,0,NORMAL_BANKING_FLOW
TX_BOB_115348,BOB_ACC_20083,BOB_ACC_20038,61801.83,2026-01-10 19:13:01,SETTLEMENT,NEFT,Bank of Baroda,IN,0,NORMAL_BANKING_FLOW
TX_BOB_115349,BOB_ACC_20012,BOB_ACC_20163,6539.79,2026-01-10 20:23:00,SETTLEMENT,NEFT,Bank of Baroda,IN,0,NORMAL_BANKING_FLOW
TX_BOB_115350,BOB_ACC_20027,AXIS_ACC_20234,6118.3,2026-01-10 18:56:20,SETTLEMENT,NEFT,Bank of Baroda,IN,0,NORMAL_BANKING_FLOW
TX_BOB_115351,BOB_ACC_20134,BOB_ACC_20212,18917.81,2026-01-10 18:33:20,SETTLEMENT,NEFT,Bank of Baroda,IN,0,NORMAL_BANKING_FLOW
TX_BOB_115352,BOB_ACC_20239,ICICI_ACC_20042,12087.99,2026-01-10 21:52:30,TRANSFER,IMPS,Bank of Baroda,IN,0,NORMAL_BANKING_FLOW
TX_BOB_115353,BOB_ACC_20160,BOB_ACC_20199,16898.19,2026-01-10 18:57:20,SETTLEMENT,NEFT,Bank of Baroda,IN,0,NORMAL_BANKING_FLOW
TX_BOB_115354,BOB_ACC_20106,BOB_ACC_20032,22079.97,2026-01-10 22:41:14,TRANSFER,IMPS,Bank of Baroda,IN,0,NORMAL_BANKING_FLOW
TX_BOB_115355,BOB_ACC_20008,BOB_ACC_20164,51431.81,2026-01-10 19:03:54,SETTLEMENT,NEFT,Bank of Baroda,IN,0,NORMAL_BANKING_FLOW
TX_BOB_115356,BOB_ACC_20232,PNB_ACC_20180,18640.75,2026-01-10 20:09:20,SETTLEMENT,NEFT,Bank of Baroda,IN,0,NORMAL_BANKING_FLOW
TX_BOB_115357,BOB_ACC_20235,BOB_ACC_20017,12816.96,2026-01-10 18:46:48,SETTLEMENT,NEFT,Bank of Baroda,IN,0,NORMAL_BANKING_FLOW
TX_BOB_115358,BOB_ACC_20118,BOB_ACC_20130,19606.92,2026-01-10 22:15:21,TRANSFER,IMPS,Bank of Baroda,IN,0,NORMAL_BANKING_FLOW
TX_BOB_115359,BOB_ACC_20095,BOB_ACC_20021,13463.93,2026-01-10 18:35:28,SETTLEMENT,NEFT,Bank of Baroda,IN,0,NORMAL_BANKING_FLOW
TX_BOB_115360,BOB_ACC_20224,PNB_ACC_20005,11607.36,2026-01-10 22:53:01,SETTLEMENT,NEFT,Bank of Baroda,IN,0,NORMAL_BANKING_FLOW
TX_BOB_115361,BOB_ACC_20027,BOB_ACC_20042,6299.87,2026-01-10 22:42:00,TRANSFER,IMPS,Bank of Baroda,IN,0,NORMAL_BANKING_FLOW
TX_BOB_115362,BOB_ACC_20019,BOB_ACC_20043,28639.16,2026-01-10 20:36:36,SETTLEMENT,NEFT,Bank of Baroda,IN,0,NORMAL_BANKING_FLOW
TX_BOB_115363,BOB_ACC_20195,SBI_ACC_20133,16125.62,2026-01-10 21:43:34,SETTLEMENT,NEFT,Bank of Baroda,IN,0,NORMAL_BANKING_FLOW
TX_BOB_115364,BOB_ACC_20205,BOB_ACC_20144,64193.09,2026-01-10 19:37:18,SETTLEMENT,NEFT,Bank of Baroda,IN,0,NORMAL_BANKING_FLOW
TX_BOB_115365,BOB_ACC_20063,BOB_ACC_20113,7312.52,2026-01-10 18:49:12,SETTLEMENT,NEFT,Bank of Baroda,IN,0,NORMAL_BANKING_FLOW
TX_BOB_115366,BOB_ACC_20072,BOB_ACC_20061,16516.66,2026-01-10 22:28:30,SETTLEMENT,NEFT,Bank of Baroda,IN,0,NORMAL_BANKING_FLOW
TX_BOB_115367,BOB_ACC_20248,BOB_ACC_20023,137532.63,2026-01-10 21:40:36,TRANSFER,IMPS,Bank of Baroda,IN,0,NORMAL_BANKING_FLOW
TX_BOB_115368,BOB_ACC_20028,BOB_ACC_20066,11548.97,2026-01-10 18:43:59,SETTLEMENT,NEFT,Bank of Baroda,IN,0,NORMAL_BANKING_FLOW
TX_BOB_115369,BOB_ACC_20128,HDFC_ACC_20201,21744.59,2026-01-10 20:59:12,TRANSFER,IMPS,Bank of Baroda,IN,0,NORMAL_BANKING_FLOW
TX_BOB_115370,BOB_ACC_20104,BOB_ACC_20145,9006.85,2026-01-10 21:42:54,SETTLEMENT,NEFT,Bank of Baroda,IN,0,NORMAL_BANKING_FLOW
TX_BOB_115371,BOB_ACC_20203,CANARA_ACC_20185,7993.75,2026-01-10 20:48:10,SETTLEMENT,NEFT,Bank of Baroda,IN,0,NORMAL_BANKING_FLOW
TX_BOB_115372,BOB_ACC_20152,BOB_ACC_20040,108291.28,2026-01-10 20:05:30,SETTLEMENT,NEFT,Bank of Baroda,IN,0,NORMAL_BANKING_FLOW
TX_BOB_115373,BOB_ACC_20058,ICICI_ACC_20077,31380.3,2026-01-10 21:32:48,SETTLEMENT,NEFT,Bank of Baroda,IN,0,NORMAL_BANKING_FLOW
TX_BOB_115374,BOB_ACC_20158,PNB_ACC_20046,30342.69,2026-01-10 21:39:45,TRANSFER,IMPS,Bank of Baroda,IN,0,NORMAL_BANKING_FLOW
TX_BOB_115375,BOB_ACC_20240,KOTAK_ACC_20121,5844.85,2026-01-10 20:00:46,TRANSFER,IMPS,Bank of Baroda,IN,0,NORMAL_BANKING_FLOW
TX_BOB_115376,BOB_ACC_20198,HDFC_ACC_20228,37155.51,2026-01-10 20:45:00,SETTLEMENT,NEFT,Bank of Baroda,IN,0,NORMAL_BANKING_FLOW
TX_BOB_115377,BOB_ACC_20091,AXIS_ACC_20235,76242.91,2026-01-10 21:42:00,SETTLEMENT,NEFT,Bank of Baroda,IN,0,NORMAL_BANKING_FLOW
TX_BOB_115378,BOB_ACC_20215,BOB_ACC_20008,75699.69,2026-01-10 22:51:52,SETTLEMENT,NEFT,Bank of Baroda,IN,0,NORMAL_BANKING_FLOW
TX_BOB_115379,BOB_ACC_20171,BOB_ACC_20241,49094.38,2026-01-10 22:46:30,TRANSFER,IMPS,Bank of Baroda,IN,0,NORMAL_BANKING_FLOW
TX_BOB_115380,BOB_ACC_20018,BOB_ACC_20096,9734.81,2026-01-10 20:47:24,SETTLEMENT,NEFT,Bank of Baroda,IN,0,NORMAL_BANKING_FLOW
TX_BOB_115381,BOB_ACC_20021,BOB_ACC_20005,35660.93,2026-01-10 20:54:20,SETTLEMENT,NEFT,Bank of Baroda,IN,0,NORMAL_BANKING_FLOW
TX_BOB_115382,BOB_ACC_20092,BOB_ACC_20230,49061.33,2026-01-10 21:33:03,TRANSFER,IMPS,Bank of Baroda,IN,0,NORMAL_BANKING_FLOW
TX_BOB_115383,BOB_ACC_20233,BOB_ACC_20014,5350.8,2026-01-10 21:27:24,TRANSFER,IMPS,Bank of Baroda,IN,0,NORMAL_BANKING_FLOW
TX_BOB_115384,BOB_ACC_20242,BOB_ACC_20044,9806.97,2026-01-10 23:23:00,SETTLEMENT,NEFT,Bank of Baroda,IN,0,NORMAL_BANKING_FLOW
TX_BOB_115385,BOB_ACC_20121,BOB_ACC_20181,59834.73,2026-01-10 18:48:48,SETTLEMENT,NEFT,Bank of Baroda,IN,0,NORMAL_BANKING_FLOW
TX_BOB_115386,BOB_ACC_20099,BOB_ACC_20220,59186.05,2026-01-10 20:57:25,SETTLEMENT,NEFT,Bank of Baroda,IN,0,NORMAL_BANKING_FLOW
TX_BOB_115387,BOB_ACC_20159,YES_ACC_20137,6676.01,2026-01-10 22:02:22,SETTLEMENT,NEFT,Bank of Baroda,IN,0,NORMAL_BANKING_FLOW
TX_BOB_115388,BOB_ACC_20119,CANARA_ACC_20098,55023.7,2026-01-10 18:43:12,SETTLEMENT,NEFT,Bank of Baroda,IN,0,NORMAL_BANKING_FLOW
TX_BOB_115389,BOB_ACC_20109,BOB_ACC_20015,29312.61,2026-01-10 19:22:16,TRANSFER,IMPS,Bank of Baroda,IN,0,NORMAL_BANKING_FLOW
TX_BOB_115390,BOB_ACC_20066,PNB_ACC_20080,54334.14,2026-01-10 22:11:12,SETTLEMENT,NEFT,Bank of Baroda,IN,0,NORMAL_BANKING_FLOW
TX_BOB_115391,BOB_ACC_20076,HDFC_ACC_20066,15198.18,2026-01-10 18:57:00,TRANSFER,IMPS,Bank of Baroda,IN,0,NORMAL_BANKING_FLOW
TX_BOB_115392,BOB_ACC_20060,KOTAK_ACC_20071,48082.1,2026-01-10 20:41:34,TRANSFER,IMPS,Bank of Baroda,IN,0,NORMAL_BANKING_FLOW
TX_BOB_115393,BOB_ACC_20043,BOB_ACC_20045,57494.58,2026-01-10 21:27:52,TRANSFER,IMPS,Bank of Baroda,IN,0,NORMAL_BANKING_FLOW
TX_BOB_115394,BOB_ACC_20152,HDFC_ACC_20149,19610.07,2026-01-10 21:28:33,TRANSFER,IMPS,Bank of Baroda,IN,0,NORMAL_BANKING_FLOW
TX_BOB_115395,BOB_ACC_20182,CANARA_ACC_20225,27336.48,2026-01-10 23:27:26,SETTLEMENT,NEFT,Bank of Baroda,IN,0,NORMAL_BANKING_FLOW
TX_BOB_115396,BOB_ACC_20234,KOTAK_ACC_20243,15007.88,2026-01-10 20:10:55,SETTLEMENT,NEFT,Bank of Baroda,IN,0,NORMAL_BANKING_FLOW
TX_BOB_115397,BOB_ACC_20086,ICICI_ACC_20118,118951.97,2026-01-10 19:12:00,SETTLEMENT,NEFT,Bank of Baroda,IN,0,NORMAL_BANKING_FLOW
TX_BOB_115398,BOB_ACC_20173,BOB_ACC_20048,24143.13,2026-01-10 21:51:08,SETTLEMENT,NEFT,Bank of Baroda,IN,0,NORMAL_BANKING_FLOW
TX_BOB_115399,BOB_ACC_20154,INDUS_ACC_20030,11733.2,2026-01-10 21:12:04,SETTLEMENT,NEFT,Bank of Baroda,IN,0,NORMAL_BANKING_FLOW
TX_BOB_115400,BOB_ACC_20020,BOB_ACC_20030,14125.78,2026-01-10 21:26:00,SETTLEMENT,NEFT,Bank of Baroda,IN,0,NORMAL_BANKING_FLOW
TX_BOB_115401,BOB_ACC_20233,YES_ACC_20128,30154.62,2026-01-10 20:20:00,TRANSFER,IMPS,Bank of Baroda,IN,0,NORMAL_BANKING_FLOW
TX_BOB_115402,BOB_ACC_20241,BOB_ACC_20168,52997.4,2026-01-10 21:47:23,SETTLEMENT,NEFT,Bank of Baroda,IN,0,NORMAL_BANKING_FLOW
TX_BOB_115403,BOB_ACC_20170,ICICI_ACC_20146,8084.92,2026-01-10 22:55:06,TRANSFER,IMPS,Bank of Baroda,IN,0,NORMAL_BANKING_FLOW
TX_BOB_115404,BOB_ACC_20014,YES_ACC_20243,141902.29,2026-01-10 20:21:30,SETTLEMENT,NEFT,Bank of Baroda,IN,0,NORMAL_BANKING_FLOW
TX_BOB_115405,BOB_ACC_20081,BOB_ACC_20012,35518.46,2026-01-10 22:03:00,SETTLEMENT,NEFT,Bank of Baroda,IN,0,NORMAL_BANKING_FLOW
TX_BOB_115406,BOB_ACC_20001,ICICI_ACC_20162,40937.85,2026-01-10 19:01:30,TRANSFER,IMPS,Bank of Baroda,IN,0,NORMAL_BANKING_FLOW
TX_BOB_115407,BOB_ACC_20197,BOB_ACC_20180,24649.93,2026-01-10 21:03:36,SETTLEMENT,NEFT,Bank of Baroda,IN,0,NORMAL_BANKING_FLOW
TX_BOB_115408,BOB_ACC_20000,BOB_ACC_20235,27373.57,2026-01-10 21:24:33,TRANSFER,IMPS,Bank of Baroda,IN,0,NORMAL_BANKING_FLOW
TX_BOB_115409,BOB_ACC_20145,BOB_ACC_20206,23542.09,2026-01-10 18:42:00,SETTLEMENT,NEFT,Bank of Baroda,IN,0,NORMAL_BANKING_FLOW
TX_BOB_115410,BOB_ACC_20189,BOB_ACC_20040,67239.51,2026-01-10 19:57:14,TRANSFER,IMPS,Bank of Baroda,IN,0,NORMAL_BANKING_FLOW
TX_BOB_115411,BOB_ACC_20192,BOB_ACC_20050,26711.9,2026-01-10 22:21:10,SETTLEMENT,NEFT,Bank of Baroda,IN,0,NORMAL_BANKING_FLOW
TX_BOB_115412,BOB_ACC_20067,BOB_ACC_20169,53655.82,2026-01-10 22:01:24,TRANSFER,IMPS,Bank of Baroda,IN,0,NORMAL_BANKING_FLOW
TX_BOB_115413,BOB_ACC_20029,BOB_ACC_20045,18206.56,2026-01-10 18:43:00,SETTLEMENT,NEFT,Bank of Baroda,IN,0,NORMAL_BANKING_FLOW
TX_BOB_115414,BOB_ACC_20105,HDFC_ACC_20126,32082.84,2026-01-10 20:40:16,TRANSFER,IMPS,Bank of Baroda,IN,0,NORMAL_BANKING_FLOW
TX_BOB_115415,BOB_ACC_20048,YES_ACC_20194,13049.06,2026-01-10 21:56:42,TRANSFER,IMPS,Bank of Baroda,IN,0,NORMAL_BANKING_FLOW
TX_BOB_115416,BOB_ACC_20216,BOB_ACC_20231,80408.52,2026-01-10 20:20:35,SETTLEMENT,NEFT,Bank of Baroda,IN,0,NORMAL_BANKING_FLOW
TX_BOB_115417,BOB_ACC_20049,HDFC_ACC_20172,12703.43,2026-01-10 20:21:04,TRANSFER,IMPS,Bank of Baroda,IN,0,NORMAL_BANKING_FLOW
TX_BOB_115418,BOB_ACC_20031,CANARA_ACC_20109,20080.78,2026-01-10 23:01:24,SETTLEMENT,NEFT,Bank of Baroda,IN,0,NORMAL_BANKING_FLOW
TX_BOB_115419,BOB_ACC_20066,BOB_ACC_20190,20262.67,2026-01-10 20:49:54,SETTLEMENT,NEFT,Bank of Baroda,IN,0,NORMAL_BANKING_FLOW
TX_BOB_115420,BOB_ACC_20052,BOB_ACC_20200,19563.95,2026-01-10 21:04:25,SETTLEMENT,NEFT,Bank of Baroda,IN,0,NORMAL_BANKING_FLOW
TX_BOB_115421,BOB_ACC_20193,KOTAK_ACC_20181,51546.84,2026-01-10 22:01:00,TRANSFER,IMPS,Bank of Baroda,IN,0,NORMAL_BANKING_FLOW
TX_BOB_115422,BOB_ACC_20030,INDUS_ACC_20091,20231.74,2026-01-10 20:44:32,TRANSFER,IMPS,Bank of Baroda,IN,0,NORMAL_BANKING_FLOW
TX_BOB_115423,BOB_ACC_20121,BOB_ACC_20248,94327.88,2026-01-10 19:06:36,SETTLEMENT,NEFT,Bank of Baroda,IN,0,NORMAL_BANKING_FLOW
TX_BOB_115424,BOB_ACC_20002,BOB_ACC_20143,12879.25,2026-01-11 00:03:00,TRANSFER,IMPS,Bank of Baroda,IN,0,NORMAL_BANKING_FLOW
TX_BOB_115425,BOB_ACC_20130,BOB_ACC_20138,31333.39,2026-01-10 22:32:08,SETTLEMENT,NEFT,Bank of Baroda,IN,0,NORMAL_BANKING_FLOW
TX_BOB_115426,BOB_ACC_20020,BOB_ACC_20037,13383.7,2026-01-10 19:50:00,TRANSFER,IMPS,Bank of Baroda,IN,0,NORMAL_BANKING_FLOW
TX_BOB_115427,BOB_ACC_20230,BOB_ACC_20081,39295.9,2026-01-11 00:06:00,TRANSFER,IMPS,Bank of Baroda,IN,0,NORMAL_BANKING_FLOW
TX_BOB_115428,BOB_ACC_20219,BOB_ACC_20123,26519.76,2026-01-10 19:50:48,SETTLEMENT,NEFT,Bank of Baroda,IN,0,NORMAL_BANKING_FLOW
TX_BOB_115429,BOB_ACC_20199,BOB_ACC_20120,23398.9,2026-01-10 23:46:36,TRANSFER,IMPS,Bank of Baroda,IN,0,NORMAL_BANKING_FLOW
TX_BOB_115430,BOB_ACC_20207,BOB_ACC_20173,78403.78,2026-01-10 23:04:39,SETTLEMENT,NEFT,Bank of Baroda,IN,0,NORMAL_BANKING_FLOW
TX_BOB_115431,BOB_ACC_20193,BOB_ACC_20227,14929.47,2026-01-10 22:15:20,SETTLEMENT,NEFT,Bank of Baroda,IN,0,NORMAL_BANKING_FLOW
TX_BOB_115432,BOB_ACC_20114,BOB_ACC_20004,45609.15,2026-01-10 23:20:43,TRANSFER,IMPS,Bank of Baroda,IN,0,NORMAL_BANKING_FLOW
TX_BOB_115433,BOB_ACC_20152,BOB_ACC_20108,13466.17,2026-01-10 18:55:12,SETTLEMENT,NEFT,Bank of Baroda,IN,0,NORMAL_BANKING_FLOW
TX_BOB_115434,BOB_ACC_20131,BOB_ACC_20184,29774.77,2026-01-10 21:19:48,TRANSFER,IMPS,Bank of Baroda,IN,0,NORMAL_BANKING_FLOW
TX_BOB_115435,BOB_ACC_20066,BOB_ACC_20037,9172.66,2026-01-10 23:45:04,TRANSFER,IMPS,Bank of Baroda,IN,0,NORMAL_BANKING_FLOW
TX_BOB_115436,BOB_ACC_20161,BOB_ACC_20028,14820.02,2026-01-10 23:53:15,SETTLEMENT,NEFT,Bank of Baroda,IN,0,NORMAL_BANKING_FLOW
TX_BOB_115437,BOB_ACC_20162,BOB_ACC_20207,24986.01,2026-01-10 18:49:00,TRANSFER,IMPS,Bank of Baroda,IN,0,NORMAL_BANKING_FLOW
TX_BOB_115438,BOB_ACC_20020,PNB_ACC_20216,137748.42,2026-01-10 22:35:02,SETTLEMENT,NEFT,Bank of Baroda,IN,0,NORMAL_BANKING_FLOW
TX_BOB_115439,BOB_ACC_20158,BOB_ACC_20177,29458.08,2026-01-10 22:21:12,SETTLEMENT,NEFT,Bank of Baroda,IN,0,NORMAL_BANKING_FLOW
TX_BOB_115440,BOB_ACC_20104,BOB_ACC_20028,119276.72,2026-01-10 20:17:33,TRANSFER,IMPS,Bank of Baroda,IN,0,NORMAL_BANKING_FLOW
TX_BOB_115441,BOB_ACC_20092,BOB_ACC_20130,32803.52,2026-01-10 22:30:00,TRANSFER,IMPS,Bank of Baroda,IN,0,NORMAL_BANKING_FLOW
TX_BOB_115442,BOB_ACC_20130,AXIS_ACC_20205,18989.17,2026-01-10 19:27:00,SETTLEMENT,NEFT,Bank of Baroda,IN,0,NORMAL_BANKING_FLOW
TX_BOB_115443,BOB_ACC_20005,BOB_ACC_20167,107518.79,2026-01-10 22:24:08,TRANSFER,IMPS,Bank of Baroda,IN,0,NORMAL_BANKING_FLOW
TX_BOB_115444,BOB_ACC_20033,PNB_ACC_20176,39867.47,2026-01-11 00:15:37,SETTLEMENT,NEFT,Bank of Baroda,IN,0,NORMAL_BANKING_FLOW
TX_BOB_115445,BOB_ACC_20088,BOB_ACC_20147,15086.42,2026-01-10 19:13:12,TRANSFER,IMPS,Bank of Baroda,IN,0,NORMAL_BANKING_FLOW
TX_BOB_115446,BOB_ACC_20205,BOB_ACC_20245,41089.76,2026-01-10 20:20:15,TRANSFER,IMPS,Bank of Baroda,IN,0,NORMAL_BANKING_FLOW
TX_BOB_115447,BOB_ACC_20214,KOTAK_ACC_20243,20674.67,2026-01-10 23:04:14,SETTLEMENT,NEFT,Bank of Baroda,IN,0,NORMAL_BANKING_FLOW
TX_BOB_115448,BOB_ACC_20244,BOB_ACC_20238,4491.17,2026-01-10 19:14:06,TRANSFER,IMPS,Bank of Baroda,IN,0,NORMAL_BANKING_FLOW
TX_BOB_115449,BOB_ACC_20053,BOB_ACC_20046,62465.88,2026-01-11 00:05:36,SETTLEMENT,NEFT,Bank of Baroda,IN,0,NORMAL_BANKING_FLOW
TX_BOB_115450,BOB_ACC_20176,PNB_ACC_20151,72073.42,2026-01-10 22:59:12,SETTLEMENT,NEFT,Bank of Baroda,IN,0,NORMAL_BANKING_FLOW
TX_BOB_115451,BOB_ACC_20014,BOB_ACC_20116,140666.6,2026-01-10 23:37:30,TRANSFER,IMPS,Bank of Baroda,IN,0,NORMAL_BANKING_FLOW
TX_BOB_115452,BOB_ACC_20212,BOB_ACC_20186,39337.33,2026-01-10 19:37:51,SETTLEMENT,NEFT,Bank of Baroda,IN,0,NORMAL_BANKING_FLOW
TX_BOB_115453,BOB_ACC_20125,BOB_ACC_20216,21507.33,2026-01-11 00:16:56,SETTLEMENT,NEFT,Bank of Baroda,IN,0,NORMAL_BANKING_FLOW
TX_BOB_115454,BOB_ACC_20129,BOB_ACC_20108,57039.0,2026-01-10 20:23:51,TRANSFER,IMPS,Bank of Baroda,IN,0,NORMAL_BANKING_FLOW
TX_BOB_115455,BOB_ACC_20015,BOB_ACC_20247,57805.45,2026-01-10 23:03:12,SETTLEMENT,NEFT,Bank of Baroda,IN,0,NORMAL_BANKING_FLOW
TX_BOB_115456,BOB_ACC_20175,BOB_ACC_20228,117530.49,2026-01-10 20:32:20,SETTLEMENT,NEFT,Bank of Baroda,IN,0,NORMAL_BANKING_FLOW
TX_BOB_115457,BOB_ACC_20000,BOB_ACC_20034,25844.04,2026-01-10 21:10:48,SETTLEMENT,NEFT,Bank of Baroda,IN,0,NORMAL_BANKING_FLOW
TX_BOB_115458,BOB_ACC_20149,BOB_ACC_20156,23178.47,2026-01-10 22:04:40,TRANSFER,IMPS,Bank of Baroda,IN,0,NORMAL_BANKING_FLOW
TX_BOB_115459,BOB_ACC_20034,BOB_ACC_20236,14129.36,2026-01-10 22:35:52,TRANSFER,IMPS,Bank of Baroda,IN,0,NORMAL_BANKING_FLOW
TX_BOB_115460,BOB_ACC_20244,BOB_ACC_20173,43639.41,2026-01-10 22:28:57,SETTLEMENT,NEFT,Bank of Baroda,IN,0,NORMAL_BANKING_FLOW
TX_BOB_115461,BOB_ACC_20136,BOB_ACC_20165,6677.94,2026-01-10 20:42:20,SETTLEMENT,NEFT,Bank of Baroda,IN,0,NORMAL_BANKING_FLOW
TX_BOB_115462,BOB_ACC_20024,BOB_ACC_20005,54094.0,2026-01-11 00:25:38,SETTLEMENT,NEFT,Bank of Baroda,IN,0,NORMAL_BANKING_FLOW
TX_BOB_115463,BOB_ACC_20236,BOB_ACC_20066,45663.36,2026-01-11 00:42:00,TRANSFER,IMPS,Bank of Baroda,IN,0,NORMAL_BANKING_FLOW
TX_BOB_115464,BOB_ACC_20235,BOB_ACC_20080,45549.88,2026-01-10 21:53:14,SETTLEMENT,NEFT,Bank of Baroda,IN,0,NORMAL_BANKING_FLOW
TX_BOB_115465,BOB_ACC_20241,BOB_ACC_20099,30467.1,2026-01-10 22:55:44,SETTLEMENT,NEFT,Bank of Baroda,IN,0,NORMAL_BANKING_FLOW
TX_BOB_115466,BOB_ACC_20221,BOB_ACC_20177,106903.35,2026-01-10 21:39:00,SETTLEMENT,NEFT,Bank of Baroda,IN,0,NORMAL_BANKING_FLOW
TX_BOB_115467,BOB_ACC_20066,BOB_ACC_20216,58970.59,2026-01-10 18:56:30,SETTLEMENT,NEFT,Bank of Baroda,IN,0,NORMAL_BANKING_FLOW
TX_BOB_115468,BOB_ACC_20106,BOB_ACC_20064,15578.24,2026-01-10 22:26:54,SETTLEMENT,NEFT,Bank of Baroda,IN,0,NORMAL_BANKING_FLOW
TX_BOB_115469,BOB_ACC_20162,HDFC_ACC_20165,15831.21,2026-01-10 19:12:36,SETTLEMENT,NEFT,Bank of Baroda,IN,0,NORMAL_BANKING_FLOW
TX_BOB_115470,BOB_ACC_20113,BOB_ACC_20241,12189.05,2026-01-10 19:20:42,SETTLEMENT,NEFT,Bank of Baroda,IN,0,NORMAL_BANKING_FLOW
TX_BOB_115471,BOB_ACC_20076,BOB_ACC_20127,44185.63,2026-01-10 22:36:50,SETTLEMENT,NEFT,Bank of Baroda,IN,0,NORMAL_BANKING_FLOW
TX_BOB_115472,BOB_ACC_20020,KOTAK_ACC_20155,10936.65,2026-01-10 19:29:09,SETTLEMENT,NEFT,Bank of Baroda,IN,0,NORMAL_BANKING_FLOW
TX_BOB_115473,BOB_ACC_20114,BOB_ACC_20229,71328.62,2026-01-10 23:33:20,TRANSFER,IMPS,Bank of Baroda,IN,0,NORMAL_BANKING_FLOW
TX_BOB_115474,BOB_ACC_20090,BOB_ACC_20222,88492.76,2026-01-10 21:28:02,SETTLEMENT,NEFT,Bank of Baroda,IN,0,NORMAL_BANKING_FLOW
TX_BOB_115475,BOB_ACC_20173,BOB_ACC_20237,12196.27,2026-01-11 00:30:18,SETTLEMENT,NEFT,Bank of Baroda,IN,0,NORMAL_BANKING_FLOW
TX_BOB_115476,BOB_ACC_20159,BOB_ACC_20149,22765.61,2026-01-10 19:30:25,TRANSFER,IMPS,Bank of Baroda,IN,0,NORMAL_BANKING_FLOW
TX_BOB_115477,BOB_ACC_20061,SBI_ACC_20043,27308.65,2026-01-10 22:09:24,SETTLEMENT,NEFT,Bank of Baroda,IN,0,NORMAL_BANKING_FLOW
TX_BOB_115478,BOB_ACC_20115,BOB_ACC_20186,59610.37,2026-01-10 23:13:39,SETTLEMENT,NEFT,Bank of Baroda,IN,0,NORMAL_BANKING_FLOW
TX_BOB_115479,BOB_ACC_20004,BOB_ACC_20245,114509.04,2026-01-10 20:27:08,SETTLEMENT,NEFT,Bank of Baroda,IN,0,NORMAL_BANKING_FLOW
TX_BOB_115480,BOB_ACC_20164,BOB_ACC_20243,5902.06,2026-01-10 19:39:40,TRANSFER,IMPS,Bank of Baroda,IN,0,NORMAL_BANKING_FLOW
TX_BOB_115481,BOB_ACC_20164,AXIS_ACC_20104,20204.03,2026-01-10 22:04:00,SETTLEMENT,NEFT,Bank of Baroda,IN,0,NORMAL_BANKING_FLOW
TX_BOB_115482,BOB_ACC_20219,BOB_ACC_20209,21175.18,2026-01-10 22:28:41,SETTLEMENT,NEFT,Bank of Baroda,IN,0,NORMAL_BANKING_FLOW
TX_BOB_115483,BOB_ACC_20036,BOB_ACC_20053,7626.6,2026-01-11 00:05:46,SETTLEMENT,NEFT,Bank of Baroda,IN,0,NORMAL_BANKING_FLOW
TX_BOB_115484,BOB_ACC_20071,BOB_ACC_20048,17385.66,2026-01-10 22:38:06,SETTLEMENT,NEFT,Bank of Baroda,IN,0,NORMAL_BANKING_FLOW
TX_BOB_115485,BOB_ACC_20084,BOB_ACC_20244,39536.99,2026-01-10 20:21:40,TRANSFER,IMPS,Bank of Baroda,IN,0,NORMAL_BANKING_FLOW
TX_BOB_115486,BOB_ACC_20243,KOTAK_ACC_20144,20935.24,2026-01-10 23:52:15,TRANSFER,IMPS,Bank of Baroda,IN,0,NORMAL_BANKING_FLOW
TX_BOB_115487,BOB_ACC_20121,BOB_ACC_20116,6699.85,2026-01-10 22:40:12,SETTLEMENT,NEFT,Bank of Baroda,IN,0,NORMAL_BANKING_FLOW
TX_BOB_115488,BOB_ACC_20066,BOB_ACC_20188,357422.71,2026-01-11 00:50:46,SETTLEMENT,NEFT,Bank of Baroda,IN,0,NORMAL_BANKING_FLOW
TX_BOB_115489,BOB_ACC_20023,BOB_ACC_20029,34185.61,2026-01-10 20:31:28,TRANSFER,IMPS,Bank of Baroda,IN,0,NORMAL_BANKING_FLOW
TX_BOB_115490,BOB_ACC_20149,BOB_ACC_20216,29748.22,2026-01-10 23:14:54,SETTLEMENT,NEFT,Bank of Baroda,IN,0,NORMAL_BANKING_FLOW
TX_BOB_115491,BOB_ACC_20047,BOB_ACC_20144,10015.27,2026-01-10 21:29:30,SETTLEMENT,NEFT,Bank of Baroda,IN,0,NORMAL_BANKING_FLOW
TX_BOB_115492,BOB_ACC_20054,ICICI_ACC_20069,34017.68,2026-01-10 20:40:57,SETTLEMENT,NEFT,Bank of Baroda,IN,0,NORMAL_BANKING_FLOW
TX_BOB_115493,BOB_ACC_20002,BOB_ACC_20150,23206.96,2026-01-10 23:17:12,SETTLEMENT,NEFT,Bank of Baroda,IN,0,NORMAL_BANKING_FLOW
TX_BOB_115494,BOB_ACC_20095,KOTAK_ACC_20120,4916.39,2026-01-11 00:56:34,TRANSFER,IMPS,Bank of Baroda,IN,0,NORMAL_BANKING_FLOW
TX_BOB_115495,BOB_ACC_20009,BOB_ACC_20247,10267.82,2026-01-10 20:01:08,SETTLEMENT,NEFT,Bank of Baroda,IN,0,NORMAL_BANKING_FLOW
TX_BOB_115496,BOB_ACC_20010,BOB_ACC_20098,55018.98,2026-01-10 19:45:00,SETTLEMENT,NEFT,Bank of Baroda,IN,0,NORMAL_BANKING_FLOW
TX_BOB_115497,BOB_ACC_20036,BOB_ACC_20163,154757.69,2026-01-10 23:53:20,SETTLEMENT,NEFT,Bank of Baroda,IN,0,NORMAL_BANKING_FLOW
TX_BOB_115498,BOB_ACC_20112,BOB_ACC_20124,37438.28,2026-01-11 00:19:01,SETTLEMENT,NEFT,Bank of Baroda,IN,0,NORMAL_BANKING_FLOW
TX_BOB_115499,BOB_ACC_20240,BOB_ACC_20145,72603.97,2026-01-10 21:50:30,SETTLEMENT,NEFT,Bank of Baroda,IN,0,NORMAL_BANKING_FLOW
TX_BOB_115500,BOB_ACC_20025,BOB_ACC_20180,23384.3,2026-01-10 23:47:31,SETTLEMENT,NEFT,Bank of Baroda,IN,0,NORMAL_BANKING_FLOW
TX_BOB_115501,BOB_ACC_20013,BOB_ACC_20136,24887.19,2026-01-10 22:00:00,TRANSFER,IMPS,Bank of Baroda,IN,0,NORMAL_BANKING_FLOW
TX_BOB_115502,BOB_ACC_20149,KOTAK_ACC_20131,71817.33,2026-01-10 21:43:54,TRANSFER,IMPS,Bank of Baroda,IN,0,NORMAL_BANKING_FLOW
TX_BOB_115503,BOB_ACC_20211,BOB_ACC_20235,120150.4,2026-01-10 20:37:32,SETTLEMENT,NEFT,Bank of Baroda,IN,0,NORMAL_BANKING_FLOW
TX_BOB_115504,BOB_ACC_20135,BOB_ACC_20216,86767.47,2026-01-10 20:04:26,SETTLEMENT,NEFT,Bank of Baroda,IN,0,NORMAL_BANKING_FLOW
TX_BOB_115505,BOB_ACC_20102,BOB_ACC_20180,10303.85,2026-01-10 21:03:36,TRANSFER,IMPS,Bank of Baroda,IN,0,NORMAL_BANKING_FLOW
TX_BOB_115506,BOB_ACC_20192,BOB_ACC_20054,25329.8,2026-01-10 19:14:40,SETTLEMENT,NEFT,Bank of Baroda,IN,0,NORMAL_BANKING_FLOW
TX_BOB_115507,BOB_ACC_20125,BOB_ACC_20018,34536.51,2026-01-10 23:53:14,TRANSFER,IMPS,Bank of Baroda,IN,0,NORMAL_BANKING_FLOW
TX_BOB_115508,BOB_ACC_20101,BOB_ACC_20218,21296.33,2026-01-10 19:15:12,TRANSFER,IMPS,Bank of Baroda,IN,0,NORMAL_BANKING_FLOW
TX_BOB_115509,BOB_ACC_20112,BOB_ACC_20144,38142.02,2026-01-10 19:07:00,TRANSFER,IMPS,Bank of Baroda,IN,0,NORMAL_BANKING_FLOW
TX_BOB_115510,BOB_ACC_20032,BOB_ACC_20016,56303.9,2026-01-10 22:22:22,SETTLEMENT,NEFT,Bank of Baroda,IN,0,NORMAL_BANKING_FLOW
TX_BOB_115511,BOB_ACC_20011,BOB_ACC_20100,66338.7,2026-01-10 22:40:00,SETTLEMENT,NEFT,Bank of Baroda,IN,0,NORMAL_BANKING_FLOW
TX_BOB_115512,BOB_ACC_20249,BOB_ACC_20157,122673.68,2026-01-10 21:41:03,TRANSFER,IMPS,Bank of Baroda,IN,0,NORMAL_BANKING_FLOW
TX_BOB_115513,BOB_ACC_20121,BOB_ACC_20043,20000.31,2026-01-10 19:16:32,TRANSFER,IMPS,Bank of Baroda,IN,0,NORMAL_BANKING_FLOW
TX_BOB_115514,BOB_ACC_20002,BOB_ACC_20094,7882.26,2026-01-10 21:50:42,SETTLEMENT,NEFT,Bank of Baroda,IN,0,NORMAL_BANKING_FLOW
TX_BOB_115515,BOB_ACC_20151,BOB_ACC_20083,37138.56,2026-01-10 22:25:32,SETTLEMENT,NEFT,Bank of Baroda,IN,0,NORMAL_BANKING_FLOW
TX_BOB_115516,BOB_ACC_20073,BOB_ACC_20246,146595.14,2026-01-10 23:09:05,SETTLEMENT,NEFT,Bank of Baroda,IN,0,NORMAL_BANKING_FLOW
TX_BOB_115517,BOB_ACC_20006,BOB_ACC_20204,17513.4,2026-01-10 23:27:00,TRANSFER,IMPS,Bank of Baroda,IN,0,NORMAL_BANKING_FLOW
TX_BOB_115518,BOB_ACC_20245,YES_ACC_20152,49919.26,2026-01-10 22:27:26,SETTLEMENT,NEFT,Bank of Baroda,IN,0,NORMAL_BANKING_FLOW
TX_BOB_115519,BOB_ACC_20061,ICICI_ACC_20152,50320.67,2026-01-10 20:18:34,TRANSFER,IMPS,Bank of Baroda,IN,0,NORMAL_BANKING_FLOW
TX_BOB_115520,BOB_ACC_20210,BOB_ACC_20172,31961.84,2026-01-10 20:10:18,TRANSFER,IMPS,Bank of Baroda,IN,0,NORMAL_BANKING_FLOW
TX_BOB_115521,BOB_ACC_20020,BOB_ACC_20246,27071.38,2026-01-10 20:10:40,TRANSFER,IMPS,Bank of Baroda,IN,0,NORMAL_BANKING_FLOW
TX_BOB_115522,BOB_ACC_20167,SBI_ACC_20200,11718.38,2026-01-10 23:39:26,SETTLEMENT,NEFT,Bank of Baroda,IN,0,NORMAL_BANKING_FLOW
TX_BOB_115523,BOB_ACC_20192,BOB_ACC_20042,3451.29,2026-01-10 23:40:12,SETTLEMENT,NEFT,Bank of Baroda,IN,0,NORMAL_BANKING_FLOW
TX_BOB_115524,BOB_ACC_20161,BOB_ACC_20042,9890.54,2026-01-11 00:07:07,TRANSFER,IMPS,Bank of Baroda,IN,0,NORMAL_BANKING_FLOW
TX_BOB_115525,BOB_ACC_20098,BOB_ACC_20187,18934.22,2026-01-10 21:13:16,TRANSFER,IMPS,Bank of Baroda,IN,0,NORMAL_BANKING_FLOW
TX_BOB_115526,BOB_ACC_20081,BOB_ACC_20248,72235.03,2026-01-11 01:01:15,TRANSFER,IMPS,Bank of Baroda,IN,0,NORMAL_BANKING_FLOW
TX_BOB_115527,BOB_ACC_20070,KOTAK_ACC_20209,24518.54,2026-01-10 20:21:38,SETTLEMENT,NEFT,Bank of Baroda,IN,0,NORMAL_BANKING_FLOW
TX_BOB_115528,BOB_ACC_20035,BOB_ACC_20109,16862.99,2026-01-10 23:35:15,SETTLEMENT,NEFT,Bank of Baroda,IN,0,NORMAL_BANKING_FLOW
TX_BOB_115529,BOB_ACC_20038,BOB_ACC_20064,12065.59,2026-01-10 21:50:24,TRANSFER,IMPS,Bank of Baroda,IN,0,NORMAL_BANKING_FLOW
TX_BOB_115530,BOB_ACC_20078,ICICI_ACC_20161,48587.68,2026-01-11 01:13:44,SETTLEMENT,NEFT,Bank of Baroda,IN,0,NORMAL_BANKING_FLOW
TX_BOB_115531,BOB_ACC_20226,AXIS_ACC_20046,91356.2,2026-01-10 22:44:30,SETTLEMENT,NEFT,Bank of Baroda,IN,0,NORMAL_BANKING_FLOW
TX_BOB_115532,BOB_ACC_20114,BOB_ACC_20025,70058.94,2026-01-10 20:23:33,SETTLEMENT,NEFT,Bank of Baroda,IN,0,NORMAL_BANKING_FLOW
TX_BOB_115533,BOB_ACC_20236,PNB_ACC_20135,46422.28,2026-01-10 23:47:52,TRANSFER,IMPS,Bank of Baroda,IN,0,NORMAL_BANKING_FLOW
TX_BOB_115534,BOB_ACC_20069,BOB_ACC_20018,7129.16,2026-01-10 21:08:44,SETTLEMENT,NEFT,Bank of Baroda,IN,0,NORMAL_BANKING_FLOW
TX_BOB_115535,BOB_ACC_20159,CANARA_ACC_20205,19604.08,2026-01-10 23:31:36,SETTLEMENT,NEFT,Bank of Baroda,IN,0,NORMAL_BANKING_FLOW
TX_BOB_115536,BOB_ACC_20202,BOB_ACC_20021,155216.13,2026-01-11 01:46:05,SETTLEMENT,NEFT,Bank of Baroda,IN,0,NORMAL_BANKING_FLOW
TX_BOB_115537,BOB_ACC_20181,ICICI_ACC_20073,73847.35,2026-01-11 01:56:00,TRANSFER,IMPS,Bank of Baroda,IN,0,NORMAL_BANKING_FLOW
TX_BOB_115538,BOB_ACC_20028,ICICI_ACC_20153,6742.91,2026-01-11 01:30:09,SETTLEMENT,NEFT,Bank of Baroda,IN,0,NORMAL_BANKING_FLOW
TX_BOB_115539,BOB_ACC_20091,YES_ACC_20094,25590.3,2026-01-10 23:16:36,TRANSFER,IMPS,Bank of Baroda,IN,0,NORMAL_BANKING_FLOW
TX_BOB_115540,BOB_ACC_20178,BOB_ACC_20038,37301.49,2026-01-10 20:44:35,SETTLEMENT,NEFT,Bank of Baroda,IN,0,NORMAL_BANKING_FLOW
TX_BOB_115541,BOB_ACC_20056,BOB_ACC_20197,13548.86,2026-01-10 19:24:00,TRANSFER,IMPS,Bank of Baroda,IN,0,NORMAL_BANKING_FLOW
TX_BOB_115542,BOB_ACC_20009,ICICI_ACC_20156,3366.79,2026-01-10 21:39:31,TRANSFER,IMPS,Bank of Baroda,IN,0,NORMAL_BANKING_FLOW
TX_BOB_115543,BOB_ACC_20112,BOB_ACC_20213,29405.64,2026-01-10 21:21:58,SETTLEMENT,NEFT,Bank of Baroda,IN,0,NORMAL_BANKING_FLOW
TX_BOB_115544,BOB_ACC_20089,BOB_ACC_20198,13240.26,2026-01-10 20:01:00,SETTLEMENT,NEFT,Bank of Baroda,IN,0,NORMAL_BANKING_FLOW
TX_BOB_115545,BOB_ACC_20069,ICICI_ACC_20200,13287.01,2026-01-11 01:00:32,SETTLEMENT,NEFT,Bank of Baroda,IN,0,NORMAL_BANKING_FLOW
TX_BOB_115546,BOB_ACC_20118,YES_ACC_20037,19551.12,2026-01-11 01:01:25,TRANSFER,IMPS,Bank of Baroda,IN,0,NORMAL_BANKING_FLOW
TX_BOB_115547,BOB_ACC_20041,AXIS_ACC_20249,23853.63,2026-01-10 23:22:12,SETTLEMENT,NEFT,Bank of Baroda,IN,0,NORMAL_BANKING_FLOW
TX_BOB_115548,BOB_ACC_20051,BOB_ACC_20091,26684.16,2026-01-10 21:42:37,SETTLEMENT,NEFT,Bank of Baroda,IN,0,NORMAL_BANKING_FLOW
TX_BOB_115549,BOB_ACC_20114,BOB_ACC_20218,12141.8,2026-01-10 22:47:04,TRANSFER,IMPS,Bank of Baroda,IN,0,NORMAL_BANKING_FLOW
TX_BOB_115550,BOB_ACC_20087,BOB_ACC_20249,22066.4,2026-01-10 21:25:21,SETTLEMENT,NEFT,Bank of Baroda,IN,0,NORMAL_BANKING_FLOW
TX_BOB_115551,BOB_ACC_20230,BOB_ACC_20221,5532.08,2026-01-11 01:05:50,SETTLEMENT,NEFT,Bank of Baroda,IN,0,NORMAL_BANKING_FLOW
TX_BOB_115552,BOB_ACC_20029,BOB_ACC_20235,35594.1,2026-01-10 22:58:09,SETTLEMENT,NEFT,Bank of Baroda,IN,0,NORMAL_BANKING_FLOW
TX_BOB_115553,BOB_ACC_20240,BOB_ACC_20190,2057.72,2026-01-10 23:17:12,SETTLEMENT,NEFT,Bank of Baroda,IN,0,NORMAL_BANKING_FLOW
TX_BOB_115554,BOB_ACC_20233,BOB_ACC_20113,20732.52,2026-01-11 01:17:42,SETTLEMENT,NEFT,Bank of Baroda,IN,0,NORMAL_BANKING_FLOW
TX_BOB_115555,BOB_ACC_20027,YES_ACC_20023,61529.22,2026-01-10 19:36:58,SETTLEMENT,NEFT,Bank of Baroda,IN,0,NORMAL_BANKING_FLOW
TX_BOB_115556,BOB_ACC_20022,BOB_ACC_20058,10369.18,2026-01-10 22:51:30,TRANSFER,IMPS,Bank of Baroda,IN,0,NORMAL_BANKING_FLOW
TX_BOB_115557,BOB_ACC_20057,BOB_ACC_20102,51266.21,2026-01-10 21:28:44,TRANSFER,IMPS,Bank of Baroda,IN,0,NORMAL_BANKING_FLOW
TX_BOB_115558,BOB_ACC_20167,PNB_ACC_20004,76127.09,2026-01-10 20:52:05,TRANSFER,IMPS,Bank of Baroda,IN,0,NORMAL_BANKING_FLOW
TX_BOB_115559,BOB_ACC_20195,BOB_ACC_20028,1370.44,2026-01-10 20:24:36,SETTLEMENT,NEFT,Bank of Baroda,IN,0,NORMAL_BANKING_FLOW
TX_BOB_115560,BOB_ACC_20062,HDFC_ACC_20019,23476.93,2026-01-10 19:47:42,TRANSFER,IMPS,Bank of Baroda,IN,0,NORMAL_BANKING_FLOW
TX_BOB_115561,BOB_ACC_20210,BOB_ACC_20006,2021.92,2026-01-10 21:30:40,SETTLEMENT,NEFT,Bank of Baroda,IN,0,NORMAL_BANKING_FLOW
TX_BOB_115562,BOB_ACC_20032,BOB_ACC_20021,24188.01,2026-01-11 01:52:57,TRANSFER,IMPS,Bank of Baroda,IN,0,NORMAL_BANKING_FLOW
TX_BOB_115563,BOB_ACC_20209,BOB_ACC_20044,26730.11,2026-01-10 23:52:08,SETTLEMENT,NEFT,Bank of Baroda,IN,0,NORMAL_BANKING_FLOW
TX_BOB_115564,BOB_ACC_20198,INDUS_ACC_20137,2880.47,2026-01-10 20:35:49,TRANSFER,IMPS,Bank of Baroda,IN,0,NORMAL_BANKING_FLOW
TX_BOB_115565,BOB_ACC_20223,INDUS_ACC_20107,152109.29,2026-01-10 23:16:00,TRANSFER,IMPS,Bank of Baroda,IN,0,NORMAL_BANKING_FLOW
TX_BOB_115566,BOB_ACC_20123,BOB_ACC_20160,34801.45,2026-01-10 21:33:05,SETTLEMENT,NEFT,Bank of Baroda,IN,0,NORMAL_BANKING_FLOW
TX_BOB_115567,BOB_ACC_20139,INDUS_ACC_20205,12529.97,2026-01-10 23:26:46,TRANSFER,IMPS,Bank of Baroda,IN,0,NORMAL_BANKING_FLOW
TX_BOB_115568,BOB_ACC_20191,BOB_ACC_20219,100593.36,2026-01-10 21:34:03,TRANSFER,IMPS,Bank of Baroda,IN,0,NORMAL_BANKING_FLOW
TX_BOB_115569,BOB_ACC_20109,BOB_ACC_20025,5345.17,2026-01-10 23:47:04,SETTLEMENT,NEFT,Bank of Baroda,IN,0,NORMAL_BANKING_FLOW
TX_BOB_115570,BOB_ACC_20145,HDFC_ACC_20022,8899.46,2026-01-11 01:03:39,SETTLEMENT,NEFT,Bank of Baroda,IN,0,NORMAL_BANKING_FLOW
TX_BOB_115571,BOB_ACC_20239,BOB_ACC_20148,3396.46,2026-01-10 19:32:00,SETTLEMENT,NEFT,Bank of Baroda,IN,0,NORMAL_BANKING_FLOW
TX_BOB_115572,BOB_ACC_20220,BOB_ACC_20003,136072.17,2026-01-11 01:52:56,SETTLEMENT,NEFT,Bank of Baroda,IN,0,NORMAL_BANKING_FLOW
TX_BOB_115573,BOB_ACC_20239,BOB_ACC_20048,36283.26,2026-01-11 01:06:12,SETTLEMENT,NEFT,Bank of Baroda,IN,0,NORMAL_BANKING_FLOW
TX_BOB_115574,BOB_ACC_20099,BOB_ACC_20218,48701.33,2026-01-10 20:39:39,TRANSFER,IMPS,Bank of Baroda,IN,0,NORMAL_BANKING_FLOW
TX_BOB_115575,BOB_ACC_20048,ICICI_ACC_20014,35273.99,2026-01-11 00:29:38,TRANSFER,IMPS,Bank of Baroda,IN,0,NORMAL_BANKING_FLOW
TX_BOB_115576,BOB_ACC_20216,BOB_ACC_20241,45088.88,2026-01-11 02:25:25,TRANSFER,IMPS,Bank of Baroda,IN,0,NORMAL_BANKING_FLOW
TX_BOB_115577,BOB_ACC_20214,BOB_ACC_20050,28861.68,2026-01-10 19:24:00,TRANSFER,IMPS,Bank of Baroda,IN,0,NORMAL_BANKING_FLOW
TX_BOB_115578,BOB_ACC_20153,BOB_ACC_20100,34331.86,2026-01-10 21:19:39,SETTLEMENT,NEFT,Bank of Baroda,IN,0,NORMAL_BANKING_FLOW
TX_BOB_115579,BOB_ACC_20025,BOB_ACC_20097,29638.9,2026-01-11 01:30:34,SETTLEMENT,NEFT,Bank of Baroda,IN,0,NORMAL_BANKING_FLOW
TX_BOB_115580,BOB_ACC_20174,HDFC_ACC_20086,15557.02,2026-01-10 23:16:21,SETTLEMENT,NEFT,Bank of Baroda,IN,0,NORMAL_BANKING_FLOW
TX_BOB_115581,BOB_ACC_20098,BOB_ACC_20180,25797.62,2026-01-10 20:13:20,TRANSFER,IMPS,Bank of Baroda,IN,0,NORMAL_BANKING_FLOW
TX_BOB_115582,BOB_ACC_20236,BOB_ACC_20085,34414.56,2026-01-11 02:11:57,TRANSFER,IMPS,Bank of Baroda,IN,0,NORMAL_BANKING_FLOW
TX_BOB_115583,BOB_ACC_20049,BOB_ACC_20199,29717.58,2026-01-11 01:34:06,TRANSFER,IMPS,Bank of Baroda,IN,0,NORMAL_BANKING_FLOW
TX_BOB_115584,BOB_ACC_20152,BOB_ACC_20038,7115.32,2026-01-10 23:09:14,TRANSFER,IMPS,Bank of Baroda,IN,0,NORMAL_BANKING_FLOW
TX_BOB_115585,BOB_ACC_20013,BOB_ACC_20000,8018.54,2026-01-10 23:48:48,SETTLEMENT,NEFT,Bank of Baroda,IN,0,NORMAL_BANKING_FLOW
TX_BOB_115586,BOB_ACC_20050,BOB_ACC_20107,71293.28,2026-01-10 22:21:45,SETTLEMENT,NEFT,Bank of Baroda,IN,0,NORMAL_BANKING_FLOW
TX_BOB_115587,BOB_ACC_20211,BOB_ACC_20197,20408.47,2026-01-10 19:46:02,TRANSFER,IMPS,Bank of Baroda,IN,0,NORMAL_BANKING_FLOW
TX_BOB_115588,BOB_ACC_20239,BOB_ACC_20233,45535.74,2026-01-11 00:59:23,SETTLEMENT,NEFT,Bank of Baroda,IN,0,NORMAL_BANKING_FLOW
TX_BOB_115589,BOB_ACC_20177,YES_ACC_20062,10067.75,2026-01-11 01:19:48,SETTLEMENT,NEFT,Bank of Baroda,IN,0,NORMAL_BANKING_FLOW
TX_BOB_115590,BOB_ACC_20211,BOB_ACC_20093,7145.0,2026-01-10 20:35:58,TRANSFER,IMPS,Bank of Baroda,IN,0,NORMAL_BANKING_FLOW
TX_BOB_115591,BOB_ACC_20135,BOB_ACC_20154,12591.32,2026-01-10 21:35:20,SETTLEMENT,NEFT,Bank of Baroda,IN,0,NORMAL_BANKING_FLOW
TX_BOB_115592,BOB_ACC_20041,BOB_ACC_20002,22019.67,2026-01-10 21:45:39,SETTLEMENT,NEFT,Bank of Baroda,IN,0,NORMAL_BANKING_FLOW
TX_BOB_115593,BOB_ACC_20188,BOB_ACC_20128,14785.08,2026-01-10 22:35:28,TRANSFER,IMPS,Bank of Baroda,IN,0,NORMAL_BANKING_FLOW
TX_BOB_115594,BOB_ACC_20107,BOB_ACC_20008,86209.89,2026-01-10 20:57:12,SETTLEMENT,NEFT,Bank of Baroda,IN,0,NORMAL_BANKING_FLOW
TX_BOB_115595,BOB_ACC_20248,BOB_ACC_20125,31620.82,2026-01-10 20:18:00,SETTLEMENT,NEFT,Bank of Baroda,IN,0,NORMAL_BANKING_FLOW
TX_BOB_115596,BOB_ACC_20215,BOB_ACC_20161,142065.68,2026-01-10 20:58:00,TRANSFER,IMPS,Bank of Baroda,IN,0,NORMAL_BANKING_FLOW
TX_BOB_115597,BOB_ACC_20043,BOB_ACC_20217,38714.42,2026-01-10 21:38:08,TRANSFER,IMPS,Bank of Baroda,IN,0,NORMAL_BANKING_FLOW
TX_BOB_115598,BOB_ACC_20024,HDFC_ACC_20001,3067.76,2026-01-11 02:07:15,SETTLEMENT,NEFT,Bank of Baroda,IN,0,NORMAL_BANKING_FLOW
TX_BOB_115599,BOB_ACC_20217,YES_ACC_20206,69594.27,2026-01-10 23:48:38,TRANSFER,IMPS,Bank of Baroda,IN,0,NORMAL_BANKING_FLOW
TX_BOB_115600,BOB_ACC_20123,BOB_ACC_20072,6914.69,2026-01-11 00:49:13,SETTLEMENT,NEFT,Bank of Baroda,IN,0,NORMAL_BANKING_FLOW
TX_BOB_115601,BOB_ACC_20179,BOB_ACC_20112,33106.35,2026-01-11 02:40:00,TRANSFER,IMPS,Bank of Baroda,IN,0,NORMAL_BANKING_FLOW
TX_BOB_115602,BOB_ACC_20117,INDUS_ACC_20216,13396.98,2026-01-11 02:40:58,TRANSFER,IMPS,Bank of Baroda,IN,0,NORMAL_BANKING_FLOW
TX_BOB_115603,BOB_ACC_20061,BOB_ACC_20008,185060.84,2026-01-11 00:01:24,TRANSFER,IMPS,Bank of Baroda,IN,0,NORMAL_BANKING_FLOW
TX_BOB_115604,BOB_ACC_20079,BOB_ACC_20019,98286.12,2026-01-10 20:00:54,TRANSFER,IMPS,Bank of Baroda,IN,0,NORMAL_BANKING_FLOW
TX_BOB_115605,BOB_ACC_20202,KOTAK_ACC_20035,13799.14,2026-01-11 01:53:32,TRANSFER,IMPS,Bank of Baroda,IN,0,NORMAL_BANKING_FLOW
TX_BOB_115606,BOB_ACC_20098,BOB_ACC_20207,23989.66,2026-01-10 20:51:55,TRANSFER,IMPS,Bank of Baroda,IN,0,NORMAL_BANKING_FLOW
TX_BOB_115607,BOB_ACC_20020,BOB_ACC_20221,33528.07,2026-01-10 22:03:00,SETTLEMENT,NEFT,Bank of Baroda,IN,0,NORMAL_BANKING_FLOW
TX_BOB_115608,BOB_ACC_20045,BOB_ACC_20089,58517.0,2026-01-11 00:35:15,TRANSFER,IMPS,Bank of Baroda,IN,0,NORMAL_BANKING_FLOW
TX_BOB_115609,BOB_ACC_20096,AXIS_ACC_20058,27618.38,2026-01-10 19:32:00,SETTLEMENT,NEFT,Bank of Baroda,IN,0,NORMAL_BANKING_FLOW
TX_BOB_115610,BOB_ACC_20117,PNB_ACC_20010,10695.67,2026-01-10 20:53:27,TRANSFER,IMPS,Bank of Baroda,IN,0,NORMAL_BANKING_FLOW
TX_BOB_115611,BOB_ACC_20232,BOB_ACC_20225,14103.77,2026-01-11 01:48:40,TRANSFER,IMPS,Bank of Baroda,IN,0,NORMAL_BANKING_FLOW
TX_BOB_115612,BOB_ACC_20021,BOB_ACC_20237,26794.89,2026-01-10 22:15:41,SETTLEMENT,NEFT,Bank of Baroda,IN,0,NORMAL_BANKING_FLOW
TX_BOB_115613,BOB_ACC_20191,BOB_ACC_20218,81716.51,2026-01-11 02:41:24,TRANSFER,IMPS,Bank of Baroda,IN,0,NORMAL_BANKING_FLOW
TX_BOB_115614,BOB_ACC_20002,HDFC_ACC_20101,39539.45,2026-01-10 21:46:04,TRANSFER,IMPS,Bank of Baroda,IN,0,NORMAL_BANKING_FLOW
TX_BOB_115615,BOB_ACC_20131,BOB_ACC_20191,13412.29,2026-01-10 20:24:40,SETTLEMENT,NEFT,Bank of Baroda,IN,0,NORMAL_BANKING_FLOW
TX_BOB_115616,BOB_ACC_20188,BOB_ACC_20124,48220.31,2026-01-11 03:15:00,SETTLEMENT,NEFT,Bank of Baroda,IN,0,NORMAL_BANKING_FLOW
TX_BOB_115617,BOB_ACC_20038,PNB_ACC_20123,18990.87,2026-01-10 21:37:12,SETTLEMENT,NEFT,Bank of Baroda,IN,0,NORMAL_BANKING_FLOW
TX_BOB_115618,BOB_ACC_20135,BOB_ACC_20053,59956.06,2026-01-10 23:30:46,SETTLEMENT,NEFT,Bank of Baroda,IN,0,NORMAL_BANKING_FLOW
TX_BOB_115619,BOB_ACC_20211,BOB_ACC_20210,261531.33,2026-01-11 02:05:54,SETTLEMENT,NEFT,Bank of Baroda,IN,0,NORMAL_BANKING_FLOW
TX_BOB_115620,BOB_ACC_20157,BOB_ACC_20026,19478.3,2026-01-10 21:48:52,TRANSFER,IMPS,Bank of Baroda,IN,0,NORMAL_BANKING_FLOW
TX_BOB_115621,BOB_ACC_20082,CANARA_ACC_20133,55350.7,2026-01-10 19:35:00,SETTLEMENT,NEFT,Bank of Baroda,IN,0,NORMAL_BANKING_FLOW
TX_BOB_115622,BOB_ACC_20172,BOB_ACC_20059,13754.84,2026-01-10 20:58:03,SETTLEMENT,NEFT,Bank of Baroda,IN,0,NORMAL_BANKING_FLOW
TX_BOB_115623,BOB_ACC_20222,PNB_ACC_20135,24317.77,2026-01-11 03:01:16,TRANSFER,IMPS,Bank of Baroda,IN,0,NORMAL_BANKING_FLOW
TX_BOB_115624,BOB_ACC_20070,ICICI_ACC_20168,27628.58,2026-01-11 00:16:06,SETTLEMENT,NEFT,Bank of Baroda,IN,0,NORMAL_BANKING_FLOW
TX_BOB_115625,BOB_ACC_20074,ICICI_ACC_20036,22599.54,2026-01-10 20:59:12,SETTLEMENT,NEFT,Bank of Baroda,IN,0,NORMAL_BANKING_FLOW
TX_BOB_115626,BOB_ACC_20004,BOB_ACC_20163,246893.49,2026-01-11 00:07:05,SETTLEMENT,NEFT,Bank of Baroda,IN,0,NORMAL_BANKING_FLOW
TX_BOB_115627,BOB_ACC_20036,BOB_ACC_20001,20415.84,2026-01-10 22:33:52,TRANSFER,IMPS,Bank of Baroda,IN,0,NORMAL_BANKING_FLOW
TX_BOB_115628,BOB_ACC_20099,YES_ACC_20115,45622.96,2026-01-10 23:37:06,SETTLEMENT,NEFT,Bank of Baroda,IN,0,NORMAL_BANKING_FLOW
TX_BOB_115629,BOB_ACC_20195,BOB_ACC_20161,4735.88,2026-01-11 00:09:08,SETTLEMENT,NEFT,Bank of Baroda,IN,0,NORMAL_BANKING_FLOW
TX_BOB_115630,BOB_ACC_20031,BOB_ACC_20061,39687.71,2026-01-11 02:36:35,SETTLEMENT,NEFT,Bank of Baroda,IN,0,NORMAL_BANKING_FLOW
TX_BOB_115631,BOB_ACC_20007,BOB_ACC_20061,75195.69,2026-01-10 22:57:00,SETTLEMENT,NEFT,Bank of Baroda,IN,0,NORMAL_BANKING_FLOW
TX_BOB_115632,BOB_ACC_20131,AXIS_ACC_20178,16733.41,2026-01-11 02:27:54,SETTLEMENT,NEFT,Bank of Baroda,IN,0,NORMAL_BANKING_FLOW
TX_BOB_115633,BOB_ACC_20180,BOB_ACC_20154,2809.61,2026-01-11 01:57:12,SETTLEMENT,NEFT,Bank of Baroda,IN,0,NORMAL_BANKING_FLOW
TX_BOB_115634,BOB_ACC_20110,SBI_ACC_20196,25983.41,2026-01-11 00:12:33,SETTLEMENT,NEFT,Bank of Baroda,IN,0,NORMAL_BANKING_FLOW
TX_BOB_115635,BOB_ACC_20100,BOB_ACC_20188,27322.49,2026-01-10 21:13:36,TRANSFER,IMPS,Bank of Baroda,IN,0,NORMAL_BANKING_FLOW
TX_BOB_115636,BOB_ACC_20190,BOB_ACC_20028,51620.16,2026-01-11 01:49:10,SETTLEMENT,NEFT,Bank of Baroda,IN,0,NORMAL_BANKING_FLOW
TX_BOB_115637,BOB_ACC_20114,INDUS_ACC_20169,164359.72,2026-01-11 02:43:00,TRANSFER,IMPS,Bank of Baroda,IN,0,NORMAL_BANKING_FLOW
TX_BOB_115638,BOB_ACC_20029,BOB_ACC_20126,19109.71,2026-01-11 03:37:00,TRANSFER,IMPS,Bank of Baroda,IN,0,NORMAL_BANKING_FLOW
TX_BOB_115639,BOB_ACC_20164,PNB_ACC_20201,12448.32,2026-01-11 03:16:44,SETTLEMENT,NEFT,Bank of Baroda,IN,0,NORMAL_BANKING_FLOW
TX_BOB_115640,BOB_ACC_20096,BOB_ACC_20201,9412.31,2026-01-11 03:28:21,SETTLEMENT,NEFT,Bank of Baroda,IN,0,NORMAL_BANKING_FLOW
TX_BOB_115641,BOB_ACC_20235,BOB_ACC_20153,32153.31,2026-01-11 00:28:00,SETTLEMENT,NEFT,Bank of Baroda,IN,0,NORMAL_BANKING_FLOW
TX_BOB_115642,BOB_ACC_20248,BOB_ACC_20140,41415.85,2026-01-11 03:19:38,TRANSFER,IMPS,Bank of Baroda,IN,0,NORMAL_BANKING_FLOW
TX_BOB_115643,BOB_ACC_20240,BOB_ACC_20076,16463.65,2026-01-10 21:27:30,SETTLEMENT,NEFT,Bank of Baroda,IN,0,NORMAL_BANKING_FLOW
TX_BOB_115644,BOB_ACC_20192,BOB_ACC_20183,54220.51,2026-01-11 00:19:23,TRANSFER,IMPS,Bank of Baroda,IN,0,NORMAL_BANKING_FLOW
TX_BOB_115645,BOB_ACC_20182,BOB_ACC_20080,40898.38,2026-01-11 01:45:56,SETTLEMENT,NEFT,Bank of Baroda,IN,0,NORMAL_BANKING_FLOW
TX_BOB_115646,BOB_ACC_20075,BOB_ACC_20116,27970.58,2026-01-11 00:53:00,SETTLEMENT,NEFT,Bank of Baroda,IN,0,NORMAL_BANKING_FLOW
TX_BOB_115647,BOB_ACC_20043,BOB_ACC_20027,11942.12,2026-01-11 03:13:42,SETTLEMENT,NEFT,Bank of Baroda,IN,0,NORMAL_BANKING_FLOW
TX_BOB_115648,BOB_ACC_20098,BOB_ACC_20092,17436.52,2026-01-10 21:51:09,SETTLEMENT,NEFT,Bank of Baroda,IN,0,NORMAL_BANKING_FLOW
TX_BOB_115649,BOB_ACC_20189,BOB_ACC_20019,3020.63,2026-01-10 21:30:00,TRANSFER,IMPS,Bank of Baroda,IN,0,NORMAL_BANKING_FLOW
TX_BOB_115650,BOB_ACC_20172,BOB_ACC_20225,33263.25,2026-01-10 22:24:30,SETTLEMENT,NEFT,Bank of Baroda,IN,0,NORMAL_BANKING_FLOW
TX_BOB_115651,BOB_ACC_20107,AXIS_ACC_20244,27548.6,2026-01-10 20:04:10,TRANSFER,IMPS,Bank of Baroda,IN,0,NORMAL_BANKING_FLOW
TX_BOB_115652,BOB_ACC_20167,BOB_ACC_20015,31876.72,2026-01-10 23:19:45,SETTLEMENT,NEFT,Bank of Baroda,IN,0,NORMAL_BANKING_FLOW
TX_BOB_115653,BOB_ACC_20211,BOB_ACC_20096,42356.92,2026-01-10 23:31:12,TRANSFER,IMPS,Bank of Baroda,IN,0,NORMAL_BANKING_FLOW
TX_BOB_115654,BOB_ACC_20140,BOB_ACC_20011,38072.19,2026-01-11 01:20:38,SETTLEMENT,NEFT,Bank of Baroda,IN,0,NORMAL_BANKING_FLOW
TX_BOB_115655,BOB_ACC_20191,BOB_ACC_20009,24358.96,2026-01-10 20:16:12,SETTLEMENT,NEFT,Bank of Baroda,IN,0,NORMAL_BANKING_FLOW
TX_BOB_115656,BOB_ACC_20012,YES_ACC_20118,28107.77,2026-01-10 22:49:20,SETTLEMENT,NEFT,Bank of Baroda,IN,0,NORMAL_BANKING_FLOW
TX_BOB_115657,BOB_ACC_20184,BOB_ACC_20023,7601.61,2026-01-11 02:17:36,TRANSFER,IMPS,Bank of Baroda,IN,0,NORMAL_BANKING_FLOW
TX_BOB_115658,BOB_ACC_20215,BOB_ACC_20049,15909.18,2026-01-10 21:11:51,TRANSFER,IMPS,Bank of Baroda,IN,0,NORMAL_BANKING_FLOW
TX_BOB_115659,BOB_ACC_20139,BOB_ACC_20220,28153.42,2026-01-10 21:45:08,SETTLEMENT,NEFT,Bank of Baroda,IN,0,NORMAL_BANKING_FLOW
TX_BOB_115660,BOB_ACC_20094,BOB_ACC_20238,13873.44,2026-01-11 02:20:09,TRANSFER,IMPS,Bank of Baroda,IN,0,NORMAL_BANKING_FLOW
TX_BOB_115661,BOB_ACC_20124,BOB_ACC_20031,58345.4,2026-01-11 00:42:00,TRANSFER,IMPS,Bank of Baroda,IN,0,NORMAL_BANKING_FLOW
TX_BOB_115662,BOB_ACC_20018,BOB_ACC_20094,14871.93,2026-01-10 20:18:18,SETTLEMENT,NEFT,Bank of Baroda,IN,0,NORMAL_BANKING_FLOW
TX_BOB_115663,BOB_ACC_20139,BOB_ACC_20099,32685.11,2026-01-10 23:04:06,SETTLEMENT,NEFT,Bank of Baroda,IN,0,NORMAL_BANKING_FLOW
TX_BOB_115664,BOB_ACC_20097,BOB_ACC_20248,29878.94,2026-01-11 00:55:09,TRANSFER,IMPS,Bank of Baroda,IN,0,NORMAL_BANKING_FLOW
TX_BOB_115665,BOB_ACC_20156,SBI_ACC_20170,52662.02,2026-01-11 00:44:48,SETTLEMENT,NEFT,Bank of Baroda,IN,0,NORMAL_BANKING_FLOW
TX_BOB_115666,BOB_ACC_20016,BOB_ACC_20022,60518.96,2026-01-11 04:05:00,SETTLEMENT,NEFT,Bank of Baroda,IN,0,NORMAL_BANKING_FLOW
TX_BOB_115667,BOB_ACC_20081,KOTAK_ACC_20234,50243.14,2026-01-10 21:15:18,TRANSFER,IMPS,Bank of Baroda,IN,0,NORMAL_BANKING_FLOW
TX_BOB_115668,BOB_ACC_20123,BOB_ACC_20042,4042.4,2026-01-11 01:20:15,TRANSFER,IMPS,Bank of Baroda,IN,0,NORMAL_BANKING_FLOW
TX_BOB_115669,BOB_ACC_20077,BOB_ACC_20036,78805.13,2026-01-11 03:23:28,SETTLEMENT,NEFT,Bank of Baroda,IN,0,NORMAL_BANKING_FLOW
TX_BOB_115670,BOB_ACC_20112,CANARA_ACC_20126,106359.21,2026-01-10 22:34:30,SETTLEMENT,NEFT,Bank of Baroda,IN,0,NORMAL_BANKING_FLOW
TX_BOB_115671,BOB_ACC_20001,BOB_ACC_20088,17432.44,2026-01-10 20:21:00,TRANSFER,IMPS,Bank of Baroda,IN,0,NORMAL_BANKING_FLOW
TX_BOB_115672,BOB_ACC_20014,BOB_ACC_20153,33289.0,2026-01-10 22:57:52,TRANSFER,IMPS,Bank of Baroda,IN,0,NORMAL_BANKING_FLOW
TX_BOB_115673,BOB_ACC_20160,BOB_ACC_20061,12067.26,2026-01-10 22:13:36,TRANSFER,IMPS,Bank of Baroda,IN,0,NORMAL_BANKING_FLOW
TX_BOB_115674,BOB_ACC_20220,BOB_ACC_20047,4658.55,2026-01-11 03:39:21,SETTLEMENT,NEFT,Bank of Baroda,IN,0,NORMAL_BANKING_FLOW
TX_BOB_115675,BOB_ACC_20212,BOB_ACC_20165,13837.76,2026-01-10 22:03:18,TRANSFER,IMPS,Bank of Baroda,IN,0,NORMAL_BANKING_FLOW
TX_BOB_115676,BOB_ACC_20167,BOB_ACC_20011,16545.59,2026-01-10 22:03:45,TRANSFER,IMPS,Bank of Baroda,IN,0,NORMAL_BANKING_FLOW
TX_BOB_115677,BOB_ACC_20052,BOB_ACC_20106,19548.12,2026-01-11 00:30:40,SETTLEMENT,NEFT,Bank of Baroda,IN,0,NORMAL_BANKING_FLOW
TX_BOB_115678,BOB_ACC_20205,BOB_ACC_20127,11350.05,2026-01-10 20:23:06,SETTLEMENT,NEFT,Bank of Baroda,IN,0,NORMAL_BANKING_FLOW
TX_BOB_115679,BOB_ACC_20120,BOB_ACC_20101,13903.8,2026-01-10 20:12:06,SETTLEMENT,NEFT,Bank of Baroda,IN,0,NORMAL_BANKING_FLOW
TX_BOB_115680,BOB_ACC_20011,BOB_ACC_20112,26638.01,2026-01-11 00:43:59,TRANSFER,IMPS,Bank of Baroda,IN,0,NORMAL_BANKING_FLOW
TX_BOB_115681,BOB_ACC_20111,BOB_ACC_20183,13450.82,2026-01-11 03:00:40,TRANSFER,IMPS,Bank of Baroda,IN,0,NORMAL_BANKING_FLOW
TX_BOB_115682,BOB_ACC_20229,BOB_ACC_20110,43878.16,2026-01-11 03:01:33,SETTLEMENT,NEFT,Bank of Baroda,IN,0,NORMAL_BANKING_FLOW
TX_BOB_115683,BOB_ACC_20085,BOB_ACC_20060,49686.8,2026-01-10 20:01:52,SETTLEMENT,NEFT,Bank of Baroda,IN,0,NORMAL_BANKING_FLOW
TX_BOB_115684,BOB_ACC_20071,BOB_ACC_20048,229199.7,2026-01-10 20:36:17,SETTLEMENT,NEFT,Bank of Baroda,IN,0,NORMAL_BANKING_FLOW
TX_BOB_115685,BOB_ACC_20181,BOB_ACC_20167,74095.64,2026-01-10 23:04:48,SETTLEMENT,NEFT,Bank of Baroda,IN,0,NORMAL_BANKING_FLOW
TX_BOB_115686,BOB_ACC_20093,BOB_ACC_20047,33482.99,2026-01-11 03:39:20,SETTLEMENT,NEFT,Bank of Baroda,IN,0,NORMAL_BANKING_FLOW
TX_BOB_115687,BOB_ACC_20178,BOB_ACC_20038,15394.45,2026-01-11 02:31:40,SETTLEMENT,NEFT,Bank of Baroda,IN,0,NORMAL_BANKING_FLOW
TX_BOB_115688,BOB_ACC_20035,PNB_ACC_20235,35044.45,2026-01-11 00:49:27,TRANSFER,IMPS,Bank of Baroda,IN,0,NORMAL_BANKING_FLOW
TX_BOB_115689,BOB_ACC_20077,HDFC_ACC_20158,36095.96,2026-01-10 23:52:48,SETTLEMENT,NEFT,Bank of Baroda,IN,0,NORMAL_BANKING_FLOW
TX_BOB_115690,BOB_ACC_20162,SBI_ACC_20133,16949.92,2026-01-10 22:55:59,TRANSFER,IMPS,Bank of Baroda,IN,0,NORMAL_BANKING_FLOW
TX_BOB_115691,BOB_ACC_20009,BOB_ACC_20006,54467.43,2026-01-11 03:32:30,TRANSFER,IMPS,Bank of Baroda,IN,0,NORMAL_BANKING_FLOW
TX_BOB_115692,BOB_ACC_20068,BOB_ACC_20166,7644.27,2026-01-10 22:33:59,SETTLEMENT,NEFT,Bank of Baroda,IN,0,NORMAL_BANKING_FLOW
TX_BOB_115693,BOB_ACC_20097,HDFC_ACC_20233,21591.18,2026-01-10 20:50:40,TRANSFER,IMPS,Bank of Baroda,IN,0,NORMAL_BANKING_FLOW
TX_BOB_115694,BOB_ACC_20031,BOB_ACC_20230,44367.95,2026-01-11 00:53:33,SETTLEMENT,NEFT,Bank of Baroda,IN,0,NORMAL_BANKING_FLOW
TX_BOB_115695,BOB_ACC_20051,BOB_ACC_20204,20768.12,2026-01-10 22:12:18,SETTLEMENT,NEFT,Bank of Baroda,IN,0,NORMAL_BANKING_FLOW
TX_BOB_115696,BOB_ACC_20068,BOB_ACC_20048,22335.24,2026-01-10 22:01:10,SETTLEMENT,NEFT,Bank of Baroda,IN,0,NORMAL_BANKING_FLOW
TX_BOB_115697,BOB_ACC_20098,BOB_ACC_20068,23765.56,2026-01-10 22:01:36,TRANSFER,IMPS,Bank of Baroda,IN,0,NORMAL_BANKING_FLOW
TX_BOB_115698,BOB_ACC_20024,BOB_ACC_20150,12682.25,2026-01-11 00:21:26,TRANSFER,IMPS,Bank of Baroda,IN,0,NORMAL_BANKING_FLOW
TX_BOB_115699,BOB_ACC_20024,ICICI_ACC_20162,77382.11,2026-01-10 23:12:16,SETTLEMENT,NEFT,Bank of Baroda,IN,0,NORMAL_BANKING_FLOW
TX_BOB_115700,BOB_ACC_20029,BOB_ACC_20240,10761.89,2026-01-11 02:07:33,SETTLEMENT,NEFT,Bank of Baroda,IN,0,NORMAL_BANKING_FLOW
TX_BOB_115701,BOB_ACC_20105,BOB_ACC_20167,35822.93,2026-01-11 03:30:00,SETTLEMENT,NEFT,Bank of Baroda,IN,0,NORMAL_BANKING_FLOW
TX_BOB_115702,BOB_ACC_20176,KOTAK_ACC_20146,39037.7,2026-01-10 20:06:56,TRANSFER,IMPS,Bank of Baroda,IN,0,NORMAL_BANKING_FLOW
TX_BOB_115703,BOB_ACC_20177,SBI_ACC_20108,11455.67,2026-01-10 21:05:42,SETTLEMENT,NEFT,Bank of Baroda,IN,0,NORMAL_BANKING_FLOW
TX_BOB_115704,BOB_ACC_20138,HDFC_ACC_20035,28732.78,2026-01-10 20:07:28,TRANSFER,IMPS,Bank of Baroda,IN,0,NORMAL_BANKING_FLOW
TX_BOB_115705,BOB_ACC_20015,BOB_ACC_20040,11864.8,2026-01-11 00:14:08,SETTLEMENT,NEFT,Bank of Baroda,IN,0,NORMAL_BANKING_FLOW
TX_BOB_115706,BOB_ACC_20184,BOB_ACC_20037,94083.52,2026-01-11 04:33:15,TRANSFER,IMPS,Bank of Baroda,IN,0,NORMAL_BANKING_FLOW
TX_BOB_115707,BOB_ACC_20149,YES_ACC_20017,9653.69,2026-01-10 23:04:46,TRANSFER,IMPS,Bank of Baroda,IN,0,NORMAL_BANKING_FLOW
TX_BOB_115708,BOB_ACC_20104,BOB_ACC_20156,14935.45,2026-01-10 23:40:38,SETTLEMENT,NEFT,Bank of Baroda,IN,0,NORMAL_BANKING_FLOW
TX_BOB_115709,BOB_ACC_20008,SBI_ACC_20198,8939.17,2026-01-11 00:52:00,TRANSFER,IMPS,Bank of Baroda,IN,0,NORMAL_BANKING_FLOW
TX_BOB_115710,BOB_ACC_20046,YES_ACC_20158,7927.33,2026-01-11 04:25:22,TRANSFER,IMPS,Bank of Baroda,IN,0,NORMAL_BANKING_FLOW
TX_BOB_115711,BOB_ACC_20193,BOB_ACC_20077,112655.95,2026-01-11 01:28:50,TRANSFER,IMPS,Bank of Baroda,IN,0,NORMAL_BANKING_FLOW
TX_BOB_115712,BOB_ACC_20166,BOB_ACC_20142,43848.56,2026-01-11 04:03:36,SETTLEMENT,NEFT,Bank of Baroda,IN,0,NORMAL_BANKING_FLOW
TX_BOB_115713,BOB_ACC_20021,BOB_ACC_20102,30523.86,2026-01-11 01:06:32,TRANSFER,IMPS,Bank of Baroda,IN,0,NORMAL_BANKING_FLOW
TX_BOB_115714,BOB_ACC_20111,BOB_ACC_20085,14899.47,2026-01-10 20:45:47,SETTLEMENT,NEFT,Bank of Baroda,IN,0,NORMAL_BANKING_FLOW
TX_BOB_115715,BOB_ACC_20088,BOB_ACC_20217,60891.61,2026-01-11 01:07:54,TRANSFER,IMPS,Bank of Baroda,IN,0,NORMAL_BANKING_FLOW
TX_BOB_115716,BOB_ACC_20202,ICICI_ACC_20128,12812.8,2026-01-11 00:32:50,SETTLEMENT,NEFT,Bank of Baroda,IN,0,NORMAL_BANKING_FLOW
TX_BOB_115717,BOB_ACC_20097,KOTAK_ACC_20045,54955.3,2026-01-11 03:56:20,SETTLEMENT,NEFT,Bank of Baroda,IN,0,NORMAL_BANKING_FLOW
TX_BOB_115718,BOB_ACC_20235,KOTAK_ACC_20127,12267.88,2026-01-10 21:46:48,TRANSFER,IMPS,Bank of Baroda,IN,0,NORMAL_BANKING_FLOW
TX_BOB_115719,BOB_ACC_20124,BOB_ACC_20227,15062.19,2026-01-10 23:34:54,SETTLEMENT,NEFT,Bank of Baroda,IN,0,NORMAL_BANKING_FLOW
TX_BOB_115720,BOB_ACC_20245,BOB_ACC_20155,53234.08,2026-01-10 21:23:38,SETTLEMENT,NEFT,Bank of Baroda,IN,0,NORMAL_BANKING_FLOW
TX_BOB_115721,BOB_ACC_20138,BOB_ACC_20070,58538.77,2026-01-10 23:24:00,TRANSFER,IMPS,Bank of Baroda,IN,0,NORMAL_BANKING_FLOW
TX_BOB_115722,BOB_ACC_20059,CANARA_ACC_20246,46061.17,2026-01-10 23:24:32,TRANSFER,IMPS,Bank of Baroda,IN,0,NORMAL_BANKING_FLOW
TX_BOB_115723,BOB_ACC_20190,BOB_ACC_20034,10459.79,2026-01-10 20:24:34,TRANSFER,IMPS,Bank of Baroda,IN,0,NORMAL_BANKING_FLOW
TX_BOB_115724,BOB_ACC_20035,BOB_ACC_20115,17996.74,2026-01-11 01:38:09,TRANSFER,IMPS,Bank of Baroda,IN,0,NORMAL_BANKING_FLOW
TX_BOB_115725,BOB_ACC_20027,BOB_ACC_20249,30983.46,2026-01-10 21:13:24,SETTLEMENT,NEFT,Bank of Baroda,IN,0,NORMAL_BANKING_FLOW
TX_BOB_115726,BOB_ACC_20249,BOB_ACC_20128,12527.07,2026-01-10 22:14:10,TRANSFER,IMPS,Bank of Baroda,IN,0,NORMAL_BANKING_FLOW
TX_BOB_115727,BOB_ACC_20149,INDUS_ACC_20162,92398.54,2026-01-11 02:28:42,SETTLEMENT,NEFT,Bank of Baroda,IN,0,NORMAL_BANKING_FLOW
TX_BOB_115728,BOB_ACC_20043,BOB_ACC_20219,3097.18,2026-01-11 04:06:25,TRANSFER,IMPS,Bank of Baroda,IN,0,NORMAL_BANKING_FLOW
TX_BOB_115729,BOB_ACC_20198,BOB_ACC_20176,13348.17,2026-01-11 04:55:52,SETTLEMENT,NEFT,Bank of Baroda,IN,0,NORMAL_BANKING_FLOW
TX_BOB_115730,BOB_ACC_20108,BOB_ACC_20132,17007.17,2026-01-10 23:53:06,SETTLEMENT,NEFT,Bank of Baroda,IN,0,NORMAL_BANKING_FLOW
TX_BOB_115731,BOB_ACC_20040,BOB_ACC_20242,2080.68,2026-01-10 20:51:10,TRANSFER,IMPS,Bank of Baroda,IN,0,NORMAL_BANKING_FLOW
TX_BOB_115732,BOB_ACC_20150,BOB_ACC_20139,7657.14,2026-01-10 21:40:13,SETTLEMENT,NEFT,Bank of Baroda,IN,0,NORMAL_BANKING_FLOW
TX_BOB_115733,BOB_ACC_20042,AXIS_ACC_20031,47228.87,2026-01-11 00:19:12,SETTLEMENT,NEFT,Bank of Baroda,IN,0,NORMAL_BANKING_FLOW
TX_BOB_115734,BOB_ACC_20047,HDFC_ACC_20020,27646.52,2026-01-10 20:52:07,SETTLEMENT,NEFT,Bank of Baroda,IN,0,NORMAL_BANKING_FLOW
TX_BOB_115735,BOB_ACC_20079,BOB_ACC_20229,110837.72,2026-01-11 00:44:52,TRANSFER,IMPS,Bank of Baroda,IN,0,NORMAL_BANKING_FLOW
TX_BOB_115736,BOB_ACC_20161,SBI_ACC_20065,108088.3,2026-01-11 03:37:00,TRANSFER,IMPS,Bank of Baroda,IN,0,NORMAL_BANKING_FLOW
TX_BOB_115737,BOB_ACC_20175,BOB_ACC_20136,39725.23,2026-01-11 04:02:24,TRANSFER,IMPS,Bank of Baroda,IN,0,NORMAL_BANKING_FLOW
TX_BOB_115738,BOB_ACC_20168,HDFC_ACC_20202,35664.62,2026-01-11 04:40:09,SETTLEMENT,NEFT,Bank of Baroda,IN,0,NORMAL_BANKING_FLOW
TX_BOB_115739,BOB_ACC_20004,BOB_ACC_20010,28547.88,2026-01-11 05:18:00,TRANSFER,IMPS,Bank of Baroda,IN,0,NORMAL_BANKING_FLOW
TX_BOB_115740,BOB_ACC_20149,BOB_ACC_20204,2466.18,2026-01-11 00:11:05,TRANSFER,IMPS,Bank of Baroda,IN,0,NORMAL_BANKING_FLOW
TX_BOB_115741,BOB_ACC_20181,BOB_ACC_20131,7668.65,2026-01-10 23:59:20,SETTLEMENT,NEFT,Bank of Baroda,IN,0,NORMAL_BANKING_FLOW
TX_BOB_115742,BOB_ACC_20164,BOB_ACC_20033,29454.68,2026-01-10 23:35:12,SETTLEMENT,NEFT,Bank of Baroda,IN,0,NORMAL_BANKING_FLOW
TX_BOB_115743,BOB_ACC_20144,BOB_ACC_20117,46836.74,2026-01-11 03:55:26,TRANSFER,IMPS,Bank of Baroda,IN,0,NORMAL_BANKING_FLOW
TX_BOB_115744,BOB_ACC_20130,BOB_ACC_20019,34916.08,2026-01-11 05:10:37,SETTLEMENT,NEFT,Bank of Baroda,IN,0,NORMAL_BANKING_FLOW
TX_BOB_115745,BOB_ACC_20146,KOTAK_ACC_20246,12049.54,2026-01-10 20:06:00,SETTLEMENT,NEFT,Bank of Baroda,IN,0,NORMAL_BANKING_FLOW
TX_BOB_115746,BOB_ACC_20213,BOB_ACC_20113,62546.51,2026-01-11 02:56:00,SETTLEMENT,NEFT,Bank of Baroda,IN,0,NORMAL_BANKING_FLOW
TX_BOB_115747,BOB_ACC_20001,BOB_ACC_20014,102150.21,2026-01-10 22:48:08,SETTLEMENT,NEFT,Bank of Baroda,IN,0,NORMAL_BANKING_FLOW
TX_BOB_115748,BOB_ACC_20224,BOB_ACC_20226,62579.35,2026-01-10 21:21:27,SETTLEMENT,NEFT,Bank of Baroda,IN,0,NORMAL_BANKING_FLOW
TX_BOB_115749,BOB_ACC_20153,CANARA_ACC_20050,65554.65,2026-01-11 01:31:08,TRANSFER,IMPS,Bank of Baroda,IN,0,NORMAL_BANKING_FLOW
TX_BOB_115750,BOB_ACC_20037,SBI_ACC_20020,16263.8,2026-01-10 21:59:36,TRANSFER,IMPS,Bank of Baroda,IN,0,NORMAL_BANKING_FLOW
TX_BOB_115751,BOB_ACC_20215,BOB_ACC_20005,70851.45,2026-01-10 21:35:00,SETTLEMENT,NEFT,Bank of Baroda,IN,0,NORMAL_BANKING_FLOW
TX_BOB_115752,BOB_ACC_20138,YES_ACC_20061,30674.37,2026-01-10 21:10:20,TRANSFER,IMPS,Bank of Baroda,IN,0,NORMAL_BANKING_FLOW
TX_BOB_115753,BOB_ACC_20026,YES_ACC_20226,42633.69,2026-01-10 22:13:20,TRANSFER,IMPS,Bank of Baroda,IN,0,NORMAL_BANKING_FLOW
TX_BOB_115754,BOB_ACC_20164,YES_ACC_20125,37379.91,2026-01-11 00:56:54,TRANSFER,IMPS,Bank of Baroda,IN,0,NORMAL_BANKING_FLOW
TX_BOB_115755,BOB_ACC_20239,SBI_ACC_20110,24116.74,2026-01-10 22:01:36,SETTLEMENT,NEFT,Bank of Baroda,IN,0,NORMAL_BANKING_FLOW
TX_BOB_115756,BOB_ACC_20089,BOB_ACC_20170,12406.77,2026-01-11 01:35:55,TRANSFER,IMPS,Bank of Baroda,IN,0,NORMAL_BANKING_FLOW
TX_BOB_115757,BOB_ACC_20226,BOB_ACC_20071,24986.15,2026-01-11 00:33:36,SETTLEMENT,NEFT,Bank of Baroda,IN,0,NORMAL_BANKING_FLOW
TX_BOB_115758,BOB_ACC_20038,BOB_ACC_20228,65387.44,2026-01-10 20:21:52,SETTLEMENT,NEFT,Bank of Baroda,IN,0,NORMAL_BANKING_FLOW
TX_BOB_115759,BOB_ACC_20017,BOB_ACC_20206,18081.99,2026-01-11 02:41:08,SETTLEMENT,NEFT,Bank of Baroda,IN,0,NORMAL_BANKING_FLOW
TX_BOB_115760,BOB_ACC_20059,BOB_ACC_20219,60114.87,2026-01-11 02:16:36,SETTLEMENT,NEFT,Bank of Baroda,IN,0,NORMAL_BANKING_FLOW
TX_BOB_115761,BOB_ACC_20066,HDFC_ACC_20178,52227.46,2026-01-11 03:46:00,TRANSFER,IMPS,Bank of Baroda,IN,0,NORMAL_BANKING_FLOW
TX_BOB_115762,BOB_ACC_20109,BOB_ACC_20018,20556.99,2026-01-11 04:37:35,TRANSFER,IMPS,Bank of Baroda,IN,0,NORMAL_BANKING_FLOW
TX_BOB_115763,BOB_ACC_20132,BOB_ACC_20071,93893.84,2026-01-11 03:22:18,SETTLEMENT,NEFT,Bank of Baroda,IN,0,NORMAL_BANKING_FLOW
TX_BOB_115764,BOB_ACC_20166,CANARA_ACC_20094,19535.88,2026-01-11 05:43:00,TRANSFER,IMPS,Bank of Baroda,IN,0,NORMAL_BANKING_FLOW
TX_BOB_115765,BOB_ACC_20237,BOB_ACC_20240,104672.55,2026-01-11 03:49:24,SETTLEMENT,NEFT,Bank of Baroda,IN,0,NORMAL_BANKING_FLOW
TX_BOB_115766,BOB_ACC_20173,ICICI_ACC_20040,39763.88,2026-01-10 20:24:00,TRANSFER,IMPS,Bank of Baroda,IN,0,NORMAL_BANKING_FLOW
TX_BOB_115767,BOB_ACC_20204,YES_ACC_20102,26521.76,2026-01-11 04:03:52,SETTLEMENT,NEFT,Bank of Baroda,IN,0,NORMAL_BANKING_FLOW
TX_BOB_115768,BOB_ACC_20210,BOB_ACC_20031,12100.22,2026-01-11 04:43:05,SETTLEMENT,NEFT,Bank of Baroda,IN,0,NORMAL_BANKING_FLOW
TX_BOB_115769,BOB_ACC_20118,BOB_ACC_20012,24848.83,2026-01-10 21:41:36,SETTLEMENT,NEFT,Bank of Baroda,IN,0,NORMAL_BANKING_FLOW
TX_BOB_115770,BOB_ACC_20216,BOB_ACC_20015,22395.52,2026-01-10 21:16:20,TRANSFER,IMPS,Bank of Baroda,IN,0,NORMAL_BANKING_FLOW
TX_BOB_115771,BOB_ACC_20141,INDUS_ACC_20102,8669.21,2026-01-11 02:37:30,SETTLEMENT,NEFT,Bank of Baroda,IN,0,NORMAL_BANKING_FLOW
TX_BOB_115772,BOB_ACC_20230,HDFC_ACC_20155,22117.98,2026-01-11 00:29:45,SETTLEMENT,NEFT,Bank of Baroda,IN,0,NORMAL_BANKING_FLOW
TX_BOB_115773,BOB_ACC_20084,BOB_ACC_20146,13050.44,2026-01-11 00:43:12,TRANSFER,IMPS,Bank of Baroda,IN,0,NORMAL_BANKING_FLOW
TX_BOB_115774,BOB_ACC_20017,BOB_ACC_20140,45587.67,2026-01-10 20:39:01,SETTLEMENT,NEFT,Bank of Baroda,IN,0,NORMAL_BANKING_FLOW
TX_BOB_115775,BOB_ACC_20018,BOB_ACC_20128,87173.22,2026-01-11 01:48:54,TRANSFER,IMPS,Bank of Baroda,IN,0,NORMAL_BANKING_FLOW
TX_BOB_115776,BOB_ACC_20168,AXIS_ACC_20166,8917.54,2026-01-11 05:29:10,TRANSFER,IMPS,Bank of Baroda,IN,0,NORMAL_BANKING_FLOW
TX_BOB_115777,BOB_ACC_20124,BOB_ACC_20215,125627.56,2026-01-11 02:42:00,SETTLEMENT,NEFT,Bank of Baroda,IN,0,NORMAL_BANKING_FLOW
TX_BOB_115778,BOB_ACC_20007,BOB_ACC_20049,23963.91,2026-01-11 04:13:24,TRANSFER,IMPS,Bank of Baroda,IN,0,NORMAL_BANKING_FLOW
TX_BOB_115779,BOB_ACC_20056,BOB_ACC_20198,11186.7,2026-01-11 00:59:46,TRANSFER,IMPS,Bank of Baroda,IN,0,NORMAL_BANKING_FLOW
TX_BOB_115780,BOB_ACC_20019,BOB_ACC_20011,53208.81,2026-01-10 21:45:38,TRANSFER,IMPS,Bank of Baroda,IN,0,NORMAL_BANKING_FLOW
TX_BOB_115781,BOB_ACC_20248,BOB_ACC_20044,18001.15,2026-01-10 20:28:00,TRANSFER,IMPS,Bank of Baroda,IN,0,NORMAL_BANKING_FLOW
TX_BOB_115782,BOB_ACC_20134,BOB_ACC_20187,24995.15,2026-01-11 04:42:54,TRANSFER,IMPS,Bank of Baroda,IN,0,NORMAL_BANKING_FLOW
TX_BOB_115783,BOB_ACC_20244,BOB_ACC_20055,18697.58,2026-01-10 23:57:04,SETTLEMENT,NEFT,Bank of Baroda,IN,0,NORMAL_BANKING_FLOW
TX_BOB_115784,BOB_ACC_20000,BOB_ACC_20084,12899.4,2026-01-11 05:36:54,SETTLEMENT,NEFT,Bank of Baroda,IN,0,NORMAL_BANKING_FLOW
TX_BOB_115785,BOB_ACC_20119,HDFC_ACC_20014,51616.53,2026-01-11 03:27:12,SETTLEMENT,NEFT,Bank of Baroda,IN,0,NORMAL_BANKING_FLOW
TX_BOB_115786,BOB_ACC_20014,KOTAK_ACC_20183,20792.11,2026-01-11 04:20:20,SETTLEMENT,NEFT,Bank of Baroda,IN,0,NORMAL_BANKING_FLOW
TX_BOB_115787,BOB_ACC_20148,BOB_ACC_20121,7383.58,2026-01-11 00:51:36,TRANSFER,IMPS,Bank of Baroda,IN,0,NORMAL_BANKING_FLOW
TX_BOB_115788,BOB_ACC_20233,AXIS_ACC_20133,44176.76,2026-01-11 04:35:11,SETTLEMENT,NEFT,Bank of Baroda,IN,0,NORMAL_BANKING_FLOW
TX_BOB_115789,BOB_ACC_20063,BOB_ACC_20071,9090.42,2026-01-11 05:28:36,SETTLEMENT,NEFT,Bank of Baroda,IN,0,NORMAL_BANKING_FLOW
TX_BOB_115790,BOB_ACC_20029,BOB_ACC_20099,9528.72,2026-01-11 01:46:00,SETTLEMENT,NEFT,Bank of Baroda,IN,0,NORMAL_BANKING_FLOW
TX_BOB_115791,BOB_ACC_20228,SBI_ACC_20002,78695.84,2026-01-10 22:42:20,TRANSFER,IMPS,Bank of Baroda,IN,0,NORMAL_BANKING_FLOW
TX_BOB_115792,BOB_ACC_20059,BOB_ACC_20120,9166.35,2026-01-10 22:55:57,TRANSFER,IMPS,Bank of Baroda,IN,0,NORMAL_BANKING_FLOW
TX_BOB_115793,BOB_ACC_20088,BOB_ACC_20193,3344.93,2026-01-11 05:45:36,TRANSFER,IMPS,Bank of Baroda,IN,0,NORMAL_BANKING_FLOW
TX_BOB_115794,BOB_ACC_20084,BOB_ACC_20138,47125.77,2026-01-10 20:44:41,SETTLEMENT,NEFT,Bank of Baroda,IN,0,NORMAL_BANKING_FLOW
TX_BOB_115795,BOB_ACC_20187,YES_ACC_20224,20466.05,2026-01-11 06:14:00,SETTLEMENT,NEFT,Bank of Baroda,IN,0,NORMAL_BANKING_FLOW
TX_BOB_115796,BOB_ACC_20197,BOB_ACC_20047,22117.19,2026-01-11 03:49:15,SETTLEMENT,NEFT,Bank of Baroda,IN,0,NORMAL_BANKING_FLOW
TX_BOB_115797,BOB_ACC_20177,KOTAK_ACC_20101,20271.06,2026-01-11 02:03:56,SETTLEMENT,NEFT,Bank of Baroda,IN,0,NORMAL_BANKING_FLOW
TX_BOB_115798,BOB_ACC_20213,BOB_ACC_20093,33140.22,2026-01-10 23:51:47,TRANSFER,IMPS,Bank of Baroda,IN,0,NORMAL_BANKING_FLOW
TX_BOB_115799,BOB_ACC_20056,BOB_ACC_20228,13664.45,2026-01-11 02:31:54,SETTLEMENT,NEFT,Bank of Baroda,IN,0,NORMAL_BANKING_FLOW
TX_BOB_115800,BOB_ACC_20105,CANARA_ACC_20155,101569.99,2026-01-10 20:46:23,TRANSFER,IMPS,Bank of Baroda,IN,0,NORMAL_BANKING_FLOW
TX_BOB_115801,BOB_ACC_20217,YES_ACC_20081,7125.2,2026-01-11 06:20:00,SETTLEMENT,NEFT,Bank of Baroda,IN,0,NORMAL_BANKING_FLOW
TX_BOB_115802,BOB_ACC_20069,BOB_ACC_20247,40150.39,2026-01-11 02:34:03,TRANSFER,IMPS,Bank of Baroda,IN,0,NORMAL_BANKING_FLOW
TX_BOB_115803,BOB_ACC_20095,BOB_ACC_20159,47949.75,2026-01-10 21:13:58,SETTLEMENT,NEFT,Bank of Baroda,IN,0,NORMAL_BANKING_FLOW
TX_BOB_115804,BOB_ACC_20088,BOB_ACC_20156,13579.46,2026-01-10 21:41:03,TRANSFER,IMPS,Bank of Baroda,IN,0,NORMAL_BANKING_FLOW
TX_BOB_115805,BOB_ACC_20070,BOB_ACC_20002,10706.85,2026-01-11 03:16:24,SETTLEMENT,NEFT,Bank of Baroda,IN,0,NORMAL_BANKING_FLOW
TX_BOB_115806,BOB_ACC_20184,CANARA_ACC_20165,67201.9,2026-01-10 21:14:55,TRANSFER,IMPS,Bank of Baroda,IN,0,NORMAL_BANKING_FLOW
TX_BOB_115807,BOB_ACC_20106,BOB_ACC_20220,11028.36,2026-01-11 02:10:46,TRANSFER,IMPS,Bank of Baroda,IN,0,NORMAL_BANKING_FLOW
TX_BOB_115808,BOB_ACC_20208,BOB_ACC_20205,15584.04,2026-01-11 00:23:51,TRANSFER,IMPS,Bank of Baroda,IN,0,NORMAL_BANKING_FLOW
TX_BOB_115809,BOB_ACC_20084,ICICI_ACC_20223,59789.07,2026-01-10 22:36:40,SETTLEMENT,NEFT,Bank of Baroda,IN,0,NORMAL_BANKING_FLOW
TX_BOB_115810,BOB_ACC_20207,ICICI_ACC_20070,27757.66,2026-01-11 03:47:12,SETTLEMENT,NEFT,Bank of Baroda,IN,0,NORMAL_BANKING_FLOW
TX_BOB_115811,BOB_ACC_20035,BOB_ACC_20134,5337.81,2026-01-10 20:36:00,TRANSFER,IMPS,Bank of Baroda,IN,0,NORMAL_BANKING_FLOW
TX_BOB_115812,BOB_ACC_20184,BOB_ACC_20041,129618.82,2026-01-11 04:42:52,TRANSFER,IMPS,Bank of Baroda,IN,0,NORMAL_BANKING_FLOW
TX_BOB_115813,BOB_ACC_20157,BOB_ACC_20249,16697.1,2026-01-11 04:43:44,SETTLEMENT,NEFT,Bank of Baroda,IN,0,NORMAL_BANKING_FLOW
TX_BOB_115814,BOB_ACC_20027,BOB_ACC_20215,18723.2,2026-01-11 00:54:15,TRANSFER,IMPS,Bank of Baroda,IN,0,NORMAL_BANKING_FLOW
TX_BOB_115815,BOB_ACC_20076,BOB_ACC_20170,33867.32,2026-01-11 05:53:18,SETTLEMENT,NEFT,Bank of Baroda,IN,0,NORMAL_BANKING_FLOW
TX_BOB_115816,BOB_ACC_20150,BOB_ACC_20225,47219.83,2026-01-10 22:12:25,TRANSFER,IMPS,Bank of Baroda,IN,0,NORMAL_BANKING_FLOW
TX_BOB_115817,BOB_ACC_20031,BOB_ACC_20124,157155.94,2026-01-11 04:33:36,SETTLEMENT,NEFT,Bank of Baroda,IN,0,NORMAL_BANKING_FLOW
TX_BOB_115818,BOB_ACC_20232,BOB_ACC_20044,6038.67,2026-01-11 00:02:07,TRANSFER,IMPS,Bank of Baroda,IN,0,NORMAL_BANKING_FLOW
TX_BOB_115819,BOB_ACC_20075,BOB_ACC_20210,56576.95,2026-01-11 03:40:46,SETTLEMENT,NEFT,Bank of Baroda,IN,0,NORMAL_BANKING_FLOW
TX_BOB_115820,BOB_ACC_20151,YES_ACC_20007,52507.37,2026-01-10 21:46:39,SETTLEMENT,NEFT,Bank of Baroda,IN,0,NORMAL_BANKING_FLOW
TX_BOB_115821,BOB_ACC_20227,BOB_ACC_20016,23778.84,2026-01-11 06:12:40,TRANSFER,IMPS,Bank of Baroda,IN,0,NORMAL_BANKING_FLOW
TX_BOB_115822,BOB_ACC_20147,AXIS_ACC_20203,54641.36,2026-01-10 21:19:59,TRANSFER,IMPS,Bank of Baroda,IN,0,NORMAL_BANKING_FLOW
TX_BOB_115823,BOB_ACC_20164,BOB_ACC_20115,62370.43,2026-01-11 00:45:48,TRANSFER,IMPS,Bank of Baroda,IN,0,NORMAL_BANKING_FLOW
TX_BOB_115824,BOB_ACC_20155,KOTAK_ACC_20190,7756.09,2026-01-11 03:03:32,SETTLEMENT,NEFT,Bank of Baroda,IN,0,NORMAL_BANKING_FLOW
TX_BOB_115825,BOB_ACC_20053,YES_ACC_20037,129935.03,2026-01-11 01:55:36,SETTLEMENT,NEFT,Bank of Baroda,IN,0,NORMAL_BANKING_FLOW
TX_BOB_115826,BOB_ACC_20188,CANARA_ACC_20044,6615.12,2026-01-10 22:02:30,TRANSFER,IMPS,Bank of Baroda,IN,0,NORMAL_BANKING_FLOW
TX_BOB_115827,BOB_ACC_20179,BOB_ACC_20034,9683.86,2026-01-10 21:21:34,TRANSFER,IMPS,Bank of Baroda,IN,0,NORMAL_BANKING_FLOW
TX_BOB_115828,BOB_ACC_20007,SBI_ACC_20103,21255.93,2026-01-11 03:20:15,TRANSFER,IMPS,Bank of Baroda,IN,0,NORMAL_BANKING_FLOW
TX_BOB_115829,BOB_ACC_20243,KOTAK_ACC_20045,152123.27,2026-01-11 03:48:36,TRANSFER,IMPS,Bank of Baroda,IN,0,NORMAL_BANKING_FLOW
TX_BOB_115830,BOB_ACC_20063,BOB_ACC_20170,20385.29,2026-01-11 04:17:01,SETTLEMENT,NEFT,Bank of Baroda,IN,0,NORMAL_BANKING_FLOW
TX_BOB_115831,BOB_ACC_20048,BOB_ACC_20094,26140.98,2026-01-11 02:54:50,TRANSFER,IMPS,Bank of Baroda,IN,0,NORMAL_BANKING_FLOW
TX_BOB_115832,BOB_ACC_20117,BOB_ACC_20022,97623.23,2026-01-11 03:50:57,TRANSFER,IMPS,Bank of Baroda,IN,0,NORMAL_BANKING_FLOW
TX_BOB_115833,BOB_ACC_20093,BOB_ACC_20157,20531.46,2026-01-10 21:37:20,TRANSFER,IMPS,Bank of Baroda,IN,0,NORMAL_BANKING_FLOW
TX_BOB_115834,BOB_ACC_20097,BOB_ACC_20081,9315.24,2026-01-10 23:00:58,SETTLEMENT,NEFT,Bank of Baroda,IN,0,NORMAL_BANKING_FLOW
TX_BOB_115835,BOB_ACC_20234,BOB_ACC_20057,18480.82,2026-01-11 02:29:54,TRANSFER,IMPS,Bank of Baroda,IN,0,NORMAL_BANKING_FLOW
TX_BOB_115836,BOB_ACC_20232,BOB_ACC_20223,92384.33,2026-01-10 22:06:10,SETTLEMENT,NEFT,Bank of Baroda,IN,0,NORMAL_BANKING_FLOW
TX_BOB_115837,BOB_ACC_20019,BOB_ACC_20129,28674.93,2026-01-11 01:49:28,TRANSFER,IMPS,Bank of Baroda,IN,0,NORMAL_BANKING_FLOW
TX_BOB_115838,BOB_ACC_20060,ICICI_ACC_20159,152908.11,2026-01-10 23:02:42,SETTLEMENT,NEFT,Bank of Baroda,IN,0,NORMAL_BANKING_FLOW
TX_BOB_115839,BOB_ACC_20074,SBI_ACC_20218,52268.1,2026-01-11 06:58:00,SETTLEMENT,NEFT,Bank of Baroda,IN,0,NORMAL_BANKING_FLOW
TX_BOB_115840,BOB_ACC_20098,BOB_ACC_20172,15058.11,2026-01-11 04:11:12,TRANSFER,IMPS,Bank of Baroda,IN,0,NORMAL_BANKING_FLOW
TX_BOB_115841,BOB_ACC_20008,BOB_ACC_20074,28168.76,2026-01-11 03:02:00,TRANSFER,IMPS,Bank of Baroda,IN,0,NORMAL_BANKING_FLOW
TX_BOB_115842,BOB_ACC_20210,BOB_ACC_20183,12482.76,2026-01-11 04:12:48,TRANSFER,IMPS,Bank of Baroda,IN,0,NORMAL_BANKING_FLOW
TX_BOB_115843,BOB_ACC_20159,BOB_ACC_20123,14741.33,2026-01-10 21:54:42,SETTLEMENT,NEFT,Bank of Baroda,IN,0,NORMAL_BANKING_FLOW
TX_BOB_115844,BOB_ACC_20124,SBI_ACC_20138,1515378.54,2026-01-10 21:55:03,TRANSFER,IMPS,Bank of Baroda,IN,0,NORMAL_BANKING_FLOW
TX_BOB_115845,BOB_ACC_20081,ICICI_ACC_20125,67289.67,2026-01-11 00:16:04,SETTLEMENT,NEFT,Bank of Baroda,IN,0,NORMAL_BANKING_FLOW
TX_BOB_115846,BOB_ACC_20018,BOB_ACC_20233,58395.15,2026-01-11 03:05:35,TRANSFER,IMPS,Bank of Baroda,IN,0,NORMAL_BANKING_FLOW
TX_BOB_115847,BOB_ACC_20179,BOB_ACC_20162,15354.1,2026-01-10 22:52:30,SETTLEMENT,NEFT,Bank of Baroda,IN,0,NORMAL_BANKING_FLOW
TX_BOB_115848,BOB_ACC_20108,BOB_ACC_20212,110483.96,2026-01-10 23:35:16,TRANSFER,IMPS,Bank of Baroda,IN,0,NORMAL_BANKING_FLOW
TX_BOB_115849,BOB_ACC_20077,BOB_ACC_20223,72364.71,2026-01-11 00:04:00,SETTLEMENT,NEFT,Bank of Baroda,IN,0,NORMAL_BANKING_FLOW
TX_BOB_115850,BOB_ACC_20198,BOB_ACC_20043,146306.52,2026-01-11 02:26:00,TRANSFER,IMPS,Bank of Baroda,IN,0,NORMAL_BANKING_FLOW
TX_BOB_115851,BOB_ACC_20164,BOB_ACC_20024,140056.72,2026-01-10 23:22:30,SETTLEMENT,NEFT,Bank of Baroda,IN,0,NORMAL_BANKING_FLOW
TX_BOB_115852,BOB_ACC_20188,YES_ACC_20144,7106.89,2026-01-11 06:14:16,TRANSFER,IMPS,Bank of Baroda,IN,0,NORMAL_BANKING_FLOW
TX_BOB_115853,BOB_ACC_20020,HDFC_ACC_20054,9908.46,2026-01-11 05:46:48,TRANSFER,IMPS,Bank of Baroda,IN,0,NORMAL_BANKING_FLOW
TX_BOB_115854,BOB_ACC_20107,BOB_ACC_20205,10900.79,2026-01-10 20:47:28,SETTLEMENT,NEFT,Bank of Baroda,IN,0,NORMAL_BANKING_FLOW
TX_BOB_115855,BOB_ACC_20117,YES_ACC_20150,11504.04,2026-01-11 05:34:22,TRANSFER,IMPS,Bank of Baroda,IN,0,NORMAL_BANKING_FLOW
TX_BOB_115856,BOB_ACC_20152,BOB_ACC_20017,35993.99,2026-01-11 02:58:30,TRANSFER,IMPS,Bank of Baroda,IN,0,NORMAL_BANKING_FLOW
TX_BOB_115857,BOB_ACC_20097,BOB_ACC_20194,16153.26,2026-01-11 02:16:24,SETTLEMENT,NEFT,Bank of Baroda,IN,0,NORMAL_BANKING_FLOW
TX_BOB_115858,BOB_ACC_20203,BOB_ACC_20104,173744.08,2026-01-11 00:37:04,SETTLEMENT,NEFT,Bank of Baroda,IN,0,NORMAL_BANKING_FLOW
TX_BOB_115859,BOB_ACC_20148,BOB_ACC_20013,149374.51,2026-01-11 06:35:06,TRANSFER,IMPS,Bank of Baroda,IN,0,NORMAL_BANKING_FLOW
TX_BOB_115860,BOB_ACC_20041,HDFC_ACC_20207,26747.19,2026-01-11 03:15:37,SETTLEMENT,NEFT,Bank of Baroda,IN,0,NORMAL_BANKING_FLOW
TX_BOB_115861,BOB_ACC_20170,ICICI_ACC_20021,156340.81,2026-01-10 22:29:40,SETTLEMENT,NEFT,Bank of Baroda,IN,0,NORMAL_BANKING_FLOW
TX_BOB_115862,BOB_ACC_20158,SBI_ACC_20155,102674.72,2026-01-11 01:50:57,SETTLEMENT,NEFT,Bank of Baroda,IN,0,NORMAL_BANKING_FLOW
TX_BOB_115863,BOB_ACC_20117,BOB_ACC_20204,17932.39,2026-01-11 02:34:40,TRANSFER,IMPS,Bank of Baroda,IN,0,NORMAL_BANKING_FLOW
TX_BOB_115864,BOB_ACC_20212,BOB_ACC_20145,4410.34,2026-01-11 03:04:06,SETTLEMENT,NEFT,Bank of Baroda,IN,0,NORMAL_BANKING_FLOW
TX_BOB_115865,BOB_ACC_20214,BOB_ACC_20110,22110.95,2026-01-11 05:57:36,SETTLEMENT,NEFT,Bank of Baroda,IN,0,NORMAL_BANKING_FLOW
TX_BOB_115866,BOB_ACC_20188,BOB_ACC_20114,15060.64,2026-01-11 04:03:10,SETTLEMENT,NEFT,Bank of Baroda,IN,0,NORMAL_BANKING_FLOW
TX_BOB_115867,BOB_ACC_20002,BOB_ACC_20139,32398.1,2026-01-11 04:18:22,TRANSFER,IMPS,Bank of Baroda,IN,0,NORMAL_BANKING_FLOW
TX_BOB_115868,BOB_ACC_20166,BOB_ACC_20004,29152.78,2026-01-11 01:54:39,TRANSFER,IMPS,Bank of Baroda,IN,0,NORMAL_BANKING_FLOW
TX_BOB_115869,BOB_ACC_20188,BOB_ACC_20210,28473.12,2026-01-11 02:53:08,SETTLEMENT,NEFT,Bank of Baroda,IN,0,NORMAL_BANKING_FLOW
TX_BOB_115870,BOB_ACC_20120,BOB_ACC_20069,43101.64,2026-01-11 03:51:45,TRANSFER,IMPS,Bank of Baroda,IN,0,NORMAL_BANKING_FLOW
TX_BOB_115871,BOB_ACC_20217,CANARA_ACC_20116,9033.82,2026-01-11 00:44:00,TRANSFER,IMPS,Bank of Baroda,IN,0,NORMAL_BANKING_FLOW
TX_BOB_115872,BOB_ACC_20179,BOB_ACC_20134,38957.41,2026-01-11 03:53:15,SETTLEMENT,NEFT,Bank of Baroda,IN,0,NORMAL_BANKING_FLOW
TX_BOB_115873,BOB_ACC_20155,ICICI_ACC_20194,18112.28,2026-01-11 06:33:52,TRANSFER,IMPS,Bank of Baroda,IN,0,NORMAL_BANKING_FLOW
TX_BOB_115874,BOB_ACC_20025,ICICI_ACC_20175,32208.45,2026-01-11 04:09:18,SETTLEMENT,NEFT,Bank of Baroda,IN,0,NORMAL_BANKING_FLOW
TX_BOB_115875,BOB_ACC_20059,BOB_ACC_20145,63682.74,2026-01-11 01:58:58,SETTLEMENT,NEFT,Bank of Baroda,IN,0,NORMAL_BANKING_FLOW
TX_BOB_115876,BOB_ACC_20151,BOB_ACC_20186,8937.76,2026-01-11 07:05:50,SETTLEMENT,NEFT,Bank of Baroda,IN,0,NORMAL_BANKING_FLOW
TX_BOB_115877,BOB_ACC_20107,BOB_ACC_20232,20886.03,2026-01-11 06:52:12,SETTLEMENT,NEFT,Bank of Baroda,IN,0,NORMAL_BANKING_FLOW
TX_BOB_115878,BOB_ACC_20080,BOB_ACC_20233,24180.92,2026-01-11 00:47:44,SETTLEMENT,NEFT,Bank of Baroda,IN,0,NORMAL_BANKING_FLOW
TX_BOB_115879,BOB_ACC_20100,BOB_ACC_20001,16935.34,2026-01-10 22:36:34,TRANSFER,IMPS,Bank of Baroda,IN,0,NORMAL_BANKING_FLOW
TX_BOB_115880,BOB_ACC_20185,BOB_ACC_20182,60466.61,2026-01-11 05:41:48,TRANSFER,IMPS,Bank of Baroda,IN,0,NORMAL_BANKING_FLOW
TX_BOB_115881,BOB_ACC_20080,BOB_ACC_20234,14067.89,2026-01-10 22:52:00,SETTLEMENT,NEFT,Bank of Baroda,IN,0,NORMAL_BANKING_FLOW
TX_BOB_115882,BOB_ACC_20145,AXIS_ACC_20249,16319.89,2026-01-11 02:03:17,SETTLEMENT,NEFT,Bank of Baroda,IN,0,NORMAL_BANKING_FLOW
TX_BOB_115883,BOB_ACC_20160,BOB_ACC_20058,14201.07,2026-01-11 04:16:12,SETTLEMENT,NEFT,Bank of Baroda,IN,0,NORMAL_BANKING_FLOW
TX_BOB_115884,BOB_ACC_20216,ICICI_ACC_20111,71886.94,2026-01-10 23:07:55,SETTLEMENT,NEFT,Bank of Baroda,IN,0,NORMAL_BANKING_FLOW
TX_BOB_115885,BOB_ACC_20115,BOB_ACC_20007,17271.28,2026-01-11 06:59:48,SETTLEMENT,NEFT,Bank of Baroda,IN,0,NORMAL_BANKING_FLOW
TX_BOB_115886,BOB_ACC_20034,PNB_ACC_20168,40702.34,2026-01-10 21:55:00,SETTLEMENT,NEFT,Bank of Baroda,IN,0,NORMAL_BANKING_FLOW
TX_BOB_115887,BOB_ACC_20157,BOB_ACC_20061,159234.72,2026-01-10 22:39:38,SETTLEMENT,NEFT,Bank of Baroda,IN,0,NORMAL_BANKING_FLOW
TX_BOB_115888,BOB_ACC_20236,BOB_ACC_20179,25151.26,2026-01-11 01:07:51,SETTLEMENT,NEFT,Bank of Baroda,IN,0,NORMAL_BANKING_FLOW
TX_BOB_115889,BOB_ACC_20185,BOB_ACC_20111,73192.97,2026-01-11 02:52:00,SETTLEMENT,NEFT,Bank of Baroda,IN,0,NORMAL_BANKING_FLOW
TX_BOB_115890,BOB_ACC_20182,KOTAK_ACC_20133,121081.44,2026-01-11 00:39:19,SETTLEMENT,NEFT,Bank of Baroda,IN,0,NORMAL_BANKING_FLOW
TX_BOB_115891,BOB_ACC_20080,BOB_ACC_20249,67810.51,2026-01-11 03:23:00,SETTLEMENT,NEFT,Bank of Baroda,IN,0,NORMAL_BANKING_FLOW
TX_BOB_115892,BOB_ACC_20181,BOB_ACC_20102,26499.44,2026-01-10 22:26:42,SETTLEMENT,NEFT,Bank of Baroda,IN,0,NORMAL_BANKING_FLOW
TX_BOB_115893,BOB_ACC_20011,YES_ACC_20036,47949.18,2026-01-11 02:54:40,TRANSFER,IMPS,Bank of Baroda,IN,0,NORMAL_BANKING_FLOW
TX_BOB_115894,BOB_ACC_20030,BOB_ACC_20187,8445.25,2026-01-11 06:23:42,SETTLEMENT,NEFT,Bank of Baroda,IN,0,NORMAL_BANKING_FLOW
TX_BOB_115895,BOB_ACC_20001,BOB_ACC_20014,13332.52,2026-01-11 02:11:18,TRANSFER,IMPS,Bank of Baroda,IN,0,NORMAL_BANKING_FLOW
TX_BOB_115896,BOB_ACC_20203,BOB_ACC_20102,15611.96,2026-01-10 21:43:25,TRANSFER,IMPS,Bank of Baroda,IN,0,NORMAL_BANKING_FLOW
TX_BOB_115897,BOB_ACC_20226,BOB_ACC_20086,202106.67,2026-01-11 05:26:40,SETTLEMENT,NEFT,Bank of Baroda,IN,0,NORMAL_BANKING_FLOW
TX_BOB_115898,BOB_ACC_20093,BOB_ACC_20247,12947.71,2026-01-11 05:57:24,TRANSFER,IMPS,Bank of Baroda,IN,0,NORMAL_BANKING_FLOW
TX_BOB_115899,BOB_ACC_20214,BOB_ACC_20200,12775.33,2026-01-10 23:59:04,TRANSFER,IMPS,Bank of Baroda,IN,0,NORMAL_BANKING_FLOW
TX_BOB_115900,BOB_ACC_20058,BOB_ACC_20005,10514.09,2026-01-10 22:59:36,SETTLEMENT,NEFT,Bank of Baroda,IN,0,NORMAL_BANKING_FLOW
TX_BOB_115901,BOB_ACC_20214,BOB_ACC_20053,44526.09,2026-01-11 02:00:00,TRANSFER,IMPS,Bank of Baroda,IN,0,NORMAL_BANKING_FLOW
TX_BOB_115902,BOB_ACC_20184,BOB_ACC_20040,30587.88,2026-01-10 23:00:24,TRANSFER,IMPS,Bank of Baroda,IN,0,NORMAL_BANKING_FLOW
TX_BOB_115903,BOB_ACC_20229,BOB_ACC_20179,71545.08,2026-01-11 04:16:30,SETTLEMENT,NEFT,Bank of Baroda,IN,0,NORMAL_BANKING_FLOW
TX_BOB_115904,BOB_ACC_20014,BOB_ACC_20177,49223.86,2026-01-10 23:31:18,SETTLEMENT,NEFT,Bank of Baroda,IN,0,NORMAL_BANKING_FLOW
TX_BOB_115905,BOB_ACC_20115,KOTAK_ACC_20183,7767.08,2026-01-11 05:03:12,SETTLEMENT,NEFT,Bank of Baroda,IN,0,NORMAL_BANKING_FLOW
TX_BOB_115906,BOB_ACC_20217,BOB_ACC_20204,13009.69,2026-01-11 02:18:05,SETTLEMENT,NEFT,Bank of Baroda,IN,0,NORMAL_BANKING_FLOW
TX_BOB_115907,BOB_ACC_20004,BOB_ACC_20203,91931.21,2026-01-10 23:02:24,SETTLEMENT,NEFT,Bank of Baroda,IN,0,NORMAL_BANKING_FLOW
TX_BOB_115908,BOB_ACC_20084,BOB_ACC_20010,22404.82,2026-01-10 21:47:13,SETTLEMENT,NEFT,Bank of Baroda,IN,0,NORMAL_BANKING_FLOW
TX_BOB_115909,BOB_ACC_20241,BOB_ACC_20095,78341.49,2026-01-10 21:02:08,SETTLEMENT,NEFT,Bank of Baroda,IN,0,NORMAL_BANKING_FLOW
TX_BOB_115910,BOB_ACC_20156,BOB_ACC_20033,23512.49,2026-01-11 05:07:12,SETTLEMENT,NEFT,Bank of Baroda,IN,0,NORMAL_BANKING_FLOW
TX_BOB_115911,BOB_ACC_20162,BOB_ACC_20180,11261.1,2026-01-11 01:20:30,TRANSFER,IMPS,Bank of Baroda,IN,0,NORMAL_BANKING_FLOW
TX_BOB_115912,BOB_ACC_20080,PNB_ACC_20229,20477.16,2026-01-11 01:05:52,TRANSFER,IMPS,Bank of Baroda,IN,0,NORMAL_BANKING_FLOW
TX_BOB_115913,BOB_ACC_20125,KOTAK_ACC_20078,11257.11,2026-01-10 21:03:12,SETTLEMENT,NEFT,Bank of Baroda,IN,0,NORMAL_BANKING_FLOW
TX_BOB_115914,BOB_ACC_20063,ICICI_ACC_20024,16171.45,2026-01-11 05:56:03,SETTLEMENT,NEFT,Bank of Baroda,IN,0,NORMAL_BANKING_FLOW
TX_BOB_115915,BOB_ACC_20030,BOB_ACC_20080,32235.81,2026-01-11 01:37:56,SETTLEMENT,NEFT,Bank of Baroda,IN,0,NORMAL_BANKING_FLOW
TX_BOB_115916,BOB_ACC_20183,KOTAK_ACC_20196,42635.59,2026-01-10 23:21:15,TRANSFER,IMPS,Bank of Baroda,IN,0,NORMAL_BANKING_FLOW
TX_BOB_115917,BOB_ACC_20074,HDFC_ACC_20151,6430.63,2026-01-10 23:52:12,SETTLEMENT,NEFT,Bank of Baroda,IN,0,NORMAL_BANKING_FLOW
TX_BOB_115918,BOB_ACC_20216,BOB_ACC_20012,26485.93,2026-01-10 21:50:23,TRANSFER,IMPS,Bank of Baroda,IN,0,NORMAL_BANKING_FLOW
TX_BOB_115919,BOB_ACC_20035,BOB_ACC_20175,15867.78,2026-01-11 07:01:30,SETTLEMENT,NEFT,Bank of Baroda,IN,0,NORMAL_BANKING_FLOW
TX_BOB_115920,BOB_ACC_20108,BOB_ACC_20153,15009.32,2026-01-11 02:11:24,TRANSFER,IMPS,Bank of Baroda,IN,0,NORMAL_BANKING_FLOW
TX_BOB_115921,BOB_ACC_20096,BOB_ACC_20058,30315.55,2026-01-11 06:48:00,SETTLEMENT,NEFT,Bank of Baroda,IN,0,NORMAL_BANKING_FLOW
TX_BOB_115922,BOB_ACC_20186,YES_ACC_20201,16392.73,2026-01-11 01:11:12,TRANSFER,IMPS,Bank of Baroda,IN,0,NORMAL_BANKING_FLOW
TX_BOB_115923,BOB_ACC_20016,CANARA_ACC_20173,93332.55,2026-01-11 05:32:58,TRANSFER,IMPS,Bank of Baroda,IN,0,NORMAL_BANKING_FLOW
TX_BOB_115924,BOB_ACC_20180,PNB_ACC_20246,78374.64,2026-01-10 21:21:31,SETTLEMENT,NEFT,Bank of Baroda,IN,0,NORMAL_BANKING_FLOW
TX_BOB_115925,BOB_ACC_20097,BOB_ACC_20105,77936.17,2026-01-11 07:22:24,TRANSFER,IMPS,Bank of Baroda,IN,0,NORMAL_BANKING_FLOW
TX_BOB_115926,BOB_ACC_20246,HDFC_ACC_20177,17232.99,2026-01-11 06:52:30,SETTLEMENT,NEFT,Bank of Baroda,IN,0,NORMAL_BANKING_FLOW
TX_BOB_115927,BOB_ACC_20056,INDUS_ACC_20137,11313.49,2026-01-10 21:53:14,TRANSFER,IMPS,Bank of Baroda,IN,0,NORMAL_BANKING_FLOW
TX_BOB_115928,BOB_ACC_20122,BOB_ACC_20023,28964.52,2026-01-11 04:19:48,TRANSFER,IMPS,Bank of Baroda,IN,0,NORMAL_BANKING_FLOW
TX_BOB_115929,BOB_ACC_20182,BOB_ACC_20109,23498.37,2026-01-10 23:26:40,TRANSFER,IMPS,Bank of Baroda,IN,0,NORMAL_BANKING_FLOW
TX_BOB_115930,BOB_ACC_20064,BOB_ACC_20238,15553.78,2026-01-11 04:52:14,SETTLEMENT,NEFT,Bank of Baroda,IN,0,NORMAL_BANKING_FLOW
TX_BOB_115931,BOB_ACC_20137,BOB_ACC_20075,9337.92,2026-01-11 04:37:30,TRANSFER,IMPS,Bank of Baroda,IN,0,NORMAL_BANKING_FLOW
TX_BOB_115932,BOB_ACC_20229,BOB_ACC_20065,25916.47,2026-01-11 07:44:27,SETTLEMENT,NEFT,Bank of Baroda,IN,0,NORMAL_BANKING_FLOW
TX_BOB_115933,BOB_ACC_20129,ICICI_ACC_20182,18701.1,2026-01-10 21:24:04,SETTLEMENT,NEFT,Bank of Baroda,IN,0,NORMAL_BANKING_FLOW
TX_BOB_115934,BOB_ACC_20182,BOB_ACC_20187,49986.7,2026-01-11 05:26:24,TRANSFER,IMPS,Bank of Baroda,IN,0,NORMAL_BANKING_FLOW
TX_BOB_115935,BOB_ACC_20123,BOB_ACC_20047,48952.0,2026-01-11 08:18:26,SETTLEMENT,NEFT,Bank of Baroda,IN,0,NORMAL_BANKING_FLOW
TX_BOB_115936,BOB_ACC_20055,HDFC_ACC_20186,72454.92,2026-01-11 04:25:40,SETTLEMENT,NEFT,Bank of Baroda,IN,0,NORMAL_BANKING_FLOW
TX_BOB_115937,BOB_ACC_20016,BOB_ACC_20202,8661.42,2026-01-10 23:45:36,TRANSFER,IMPS,Bank of Baroda,IN,0,NORMAL_BANKING_FLOW
TX_BOB_115938,BOB_ACC_20085,BOB_ACC_20086,38597.87,2026-01-11 07:34:32,SETTLEMENT,NEFT,Bank of Baroda,IN,0,NORMAL_BANKING_FLOW
TX_BOB_115939,BOB_ACC_20184,HDFC_ACC_20042,13978.57,2026-01-11 00:17:44,TRANSFER,IMPS,Bank of Baroda,IN,0,NORMAL_BANKING_FLOW
TX_BOB_115940,BOB_ACC_20178,BOB_ACC_20168,8969.88,2026-01-11 03:57:18,SETTLEMENT,NEFT,Bank of Baroda,IN,0,NORMAL_BANKING_FLOW
TX_BOB_115941,BOB_ACC_20228,BOB_ACC_20105,18292.71,2026-01-10 21:26:20,SETTLEMENT,NEFT,Bank of Baroda,IN,0,NORMAL_BANKING_FLOW
TX_BOB_115942,BOB_ACC_20192,BOB_ACC_20181,70391.97,2026-01-10 21:26:37,TRANSFER,IMPS,Bank of Baroda,IN,0,NORMAL_BANKING_FLOW
TX_BOB_115943,BOB_ACC_20084,HDFC_ACC_20017,19243.21,2026-01-10 23:16:48,SETTLEMENT,NEFT,Bank of Baroda,IN,0,NORMAL_BANKING_FLOW
TX_BOB_115944,BOB_ACC_20162,BOB_ACC_20023,110074.12,2026-01-10 21:58:37,TRANSFER,IMPS,Bank of Baroda,IN,0,NORMAL_BANKING_FLOW
TX_BOB_115945,BOB_ACC_20200,BOB_ACC_20023,44090.11,2026-01-11 02:42:08,SETTLEMENT,NEFT,Bank of Baroda,IN,0,NORMAL_BANKING_FLOW
TX_BOB_115946,BOB_ACC_20203,BOB_ACC_20038,18869.81,2026-01-11 02:27:00,SETTLEMENT,NEFT,Bank of Baroda,IN,0,NORMAL_BANKING_FLOW
TX_BOB_115947,BOB_ACC_20176,BOB_ACC_20228,76423.35,2026-01-11 04:33:44,TRANSFER,IMPS,Bank of Baroda,IN,0,NORMAL_BANKING_FLOW
TX_BOB_115948,BOB_ACC_20016,KOTAK_ACC_20234,40169.25,2026-01-10 22:15:40,TRANSFER,IMPS,Bank of Baroda,IN,0,NORMAL_BANKING_FLOW
TX_BOB_115949,BOB_ACC_20133,BOB_ACC_20104,11622.48,2026-01-11 02:44:36,SETTLEMENT,NEFT,Bank of Baroda,IN,0,NORMAL_BANKING_FLOW
TX_BOB_115950,BOB_ACC_20129,SBI_ACC_20206,143332.5,2026-01-11 01:41:57,TRANSFER,IMPS,Bank of Baroda,IN,0,NORMAL_BANKING_FLOW
TX_BOB_115951,BOB_ACC_20174,BOB_ACC_20159,33980.12,2026-01-11 07:15:00,SETTLEMENT,NEFT,Bank of Baroda,IN,0,NORMAL_BANKING_FLOW
TX_BOB_115952,BOB_ACC_20097,BOB_ACC_20181,27362.17,2026-01-11 08:35:09,SETTLEMENT,NEFT,Bank of Baroda,IN,0,NORMAL_BANKING_FLOW
TX_BOB_115953,BOB_ACC_20189,BOB_ACC_20094,12456.78,2026-01-10 22:33:12,TRANSFER,IMPS,Bank of Baroda,IN,0,NORMAL_BANKING_FLOW
TX_BOB_115954,BOB_ACC_20098,BOB_ACC_20024,77775.71,2026-01-11 01:44:09,TRANSFER,IMPS,Bank of Baroda,IN,0,NORMAL_BANKING_FLOW
TX_BOB_115955,BOB_ACC_20208,HDFC_ACC_20027,42853.73,2026-01-11 00:09:18,SETTLEMENT,NEFT,Bank of Baroda,IN,0,NORMAL_BANKING_FLOW
TX_BOB_115956,BOB_ACC_20019,BOB_ACC_20143,47397.01,2026-01-10 23:06:05,SETTLEMENT,NEFT,Bank of Baroda,IN,0,NORMAL_BANKING_FLOW
TX_BOB_115957,BOB_ACC_20058,BOB_ACC_20130,17038.35,2026-01-11 06:00:44,SETTLEMENT,NEFT,Bank of Baroda,IN,0,NORMAL_BANKING_FLOW
TX_BOB_115958,BOB_ACC_20081,BOB_ACC_20236,56993.39,2026-01-10 21:31:09,SETTLEMENT,NEFT,Bank of Baroda,IN,0,NORMAL_BANKING_FLOW
TX_BOB_115959,BOB_ACC_20246,BOB_ACC_20225,61122.31,2026-01-11 06:02:22,SETTLEMENT,NEFT,Bank of Baroda,IN,0,NORMAL_BANKING_FLOW
TX_BOB_115960,BOB_ACC_20114,BOB_ACC_20208,14736.75,2026-01-11 07:39:05,TRANSFER,IMPS,Bank of Baroda,IN,0,NORMAL_BANKING_FLOW
TX_BOB_115961,BOB_ACC_20088,YES_ACC_20009,7515.4,2026-01-10 23:56:00,TRANSFER,IMPS,Bank of Baroda,IN,0,NORMAL_BANKING_FLOW
TX_BOB_115962,BOB_ACC_20035,BOB_ACC_20075,45398.56,2026-01-10 21:48:18,SETTLEMENT,NEFT,Bank of Baroda,IN,0,NORMAL_BANKING_FLOW
TX_BOB_115963,BOB_ACC_20049,ICICI_ACC_20159,6528.86,2026-01-11 01:49:06,TRANSFER,IMPS,Bank of Baroda,IN,0,NORMAL_BANKING_FLOW
TX_BOB_115964,BOB_ACC_20238,HDFC_ACC_20180,30847.6,2026-01-11 07:58:48,SETTLEMENT,NEFT,Bank of Baroda,IN,0,NORMAL_BANKING_FLOW
TX_BOB_115965,BOB_ACC_20182,INDUS_ACC_20045,17988.35,2026-01-10 22:21:20,SETTLEMENT,NEFT,Bank of Baroda,IN,0,NORMAL_BANKING_FLOW
TX_BOB_115966,BOB_ACC_20144,INDUS_ACC_20023,80563.32,2026-01-11 07:28:30,TRANSFER,IMPS,Bank of Baroda,IN,0,NORMAL_BANKING_FLOW
TX_BOB_115967,BOB_ACC_20083,SBI_ACC_20231,18890.99,2026-01-11 00:14:42,SETTLEMENT,NEFT,Bank of Baroda,IN,0,NORMAL_BANKING_FLOW
TX_BOB_115968,BOB_ACC_20066,BOB_ACC_20218,72878.26,2026-01-10 21:01:45,SETTLEMENT,NEFT,Bank of Baroda,IN,0,NORMAL_BANKING_FLOW
TX_BOB_115969,BOB_ACC_20031,SBI_ACC_20158,16936.25,2026-01-11 06:42:48,TRANSFER,IMPS,Bank of Baroda,IN,0,NORMAL_BANKING_FLOW
TX_BOB_115970,BOB_ACC_20236,BOB_ACC_20098,66170.62,2026-01-11 04:02:09,TRANSFER,IMPS,Bank of Baroda,IN,0,NORMAL_BANKING_FLOW
TX_BOB_115971,BOB_ACC_20183,BOB_ACC_20217,171837.99,2026-01-10 21:34:50,SETTLEMENT,NEFT,Bank of Baroda,IN,0,NORMAL_BANKING_FLOW
TX_BOB_115972,BOB_ACC_20236,BOB_ACC_20092,10288.25,2026-01-11 08:38:38,SETTLEMENT,NEFT,Bank of Baroda,IN,0,NORMAL_BANKING_FLOW
TX_BOB_115973,BOB_ACC_20176,BOB_ACC_20175,34990.51,2026-01-11 02:43:12,SETTLEMENT,NEFT,Bank of Baroda,IN,0,NORMAL_BANKING_FLOW
TX_BOB_115974,BOB_ACC_20079,HDFC_ACC_20188,319305.68,2026-01-11 01:55:09,SETTLEMENT,NEFT,Bank of Baroda,IN,0,NORMAL_BANKING_FLOW
TX_BOB_115975,BOB_ACC_20116,BOB_ACC_20095,28564.78,2026-01-11 01:55:42,TRANSFER,IMPS,Bank of Baroda,IN,0,NORMAL_BANKING_FLOW
TX_BOB_115976,BOB_ACC_20222,SBI_ACC_20148,28441.64,2026-01-11 07:37:30,TRANSFER,IMPS,Bank of Baroda,IN,0,NORMAL_BANKING_FLOW
TX_BOB_115977,BOB_ACC_20185,BOB_ACC_20216,54701.64,2026-01-11 02:45:36,SETTLEMENT,NEFT,Bank of Baroda,IN,0,NORMAL_BANKING_FLOW
TX_BOB_115978,BOB_ACC_20152,BOB_ACC_20015,27916.49,2026-01-10 21:20:32,SETTLEMENT,NEFT,Bank of Baroda,IN,0,NORMAL_BANKING_FLOW
TX_BOB_115979,BOB_ACC_20218,BOB_ACC_20032,5787.74,2026-01-11 03:03:06,SETTLEMENT,NEFT,Bank of Baroda,IN,0,NORMAL_BANKING_FLOW
TX_BOB_115980,BOB_ACC_20214,BOB_ACC_20210,74537.57,2026-01-11 03:36:21,TRANSFER,IMPS,Bank of Baroda,IN,0,NORMAL_BANKING_FLOW
TX_BOB_115981,BOB_ACC_20087,SBI_ACC_20059,4435.28,2026-01-10 23:15:40,TRANSFER,IMPS,Bank of Baroda,IN,0,NORMAL_BANKING_FLOW
TX_BOB_115982,BOB_ACC_20063,BOB_ACC_20120,18488.19,2026-01-10 22:43:21,SETTLEMENT,NEFT,Bank of Baroda,IN,0,NORMAL_BANKING_FLOW
TX_BOB_115983,BOB_ACC_20000,ICICI_ACC_20070,79752.48,2026-01-10 21:38:14,SETTLEMENT,NEFT,Bank of Baroda,IN,0,NORMAL_BANKING_FLOW
TX_BOB_115984,BOB_ACC_20122,BOB_ACC_20160,19518.38,2026-01-11 04:11:43,SETTLEMENT,NEFT,Bank of Baroda,IN,0,NORMAL_BANKING_FLOW
TX_BOB_115985,BOB_ACC_20142,YES_ACC_20187,14409.93,2026-01-11 04:12:24,SETTLEMENT,NEFT,Bank of Baroda,IN,0,NORMAL_BANKING_FLOW
TX_BOB_115986,BOB_ACC_20075,BOB_ACC_20131,59357.72,2026-01-10 21:06:15,SETTLEMENT,NEFT,Bank of Baroda,IN,0,NORMAL_BANKING_FLOW
TX_BOB_115987,BOB_ACC_20159,BOB_ACC_20016,12506.41,2026-01-10 21:55:48,TRANSFER,IMPS,Bank of Baroda,IN,0,NORMAL_BANKING_FLOW
TX_BOB_115988,BOB_ACC_20039,INDUS_ACC_20126,8955.26,2026-01-10 21:06:45,SETTLEMENT,NEFT,Bank of Baroda,IN,0,NORMAL_BANKING_FLOW
TX_BOB_115989,BOB_ACC_20197,PNB_ACC_20089,34443.05,2026-01-10 23:51:40,SETTLEMENT,NEFT,Bank of Baroda,IN,0,NORMAL_BANKING_FLOW
TX_BOB_115990,BOB_ACC_20161,BOB_ACC_20241,22819.46,2026-01-10 23:02:38,SETTLEMENT,NEFT,Bank of Baroda,IN,0,NORMAL_BANKING_FLOW
TX_BOB_115991,BOB_ACC_20072,HDFC_ACC_20112,8784.06,2026-01-11 00:25:30,SETTLEMENT,NEFT,Bank of Baroda,IN,0,NORMAL_BANKING_FLOW
TX_BOB_115992,BOB_ACC_20013,BOB_ACC_20161,47727.23,2026-01-10 22:13:49,TRANSFER,IMPS,Bank of Baroda,IN,0,NORMAL_BANKING_FLOW
TX_BOB_115993,BOB_ACC_20246,BOB_ACC_20085,40865.39,2026-01-11 02:55:12,TRANSFER,IMPS,Bank of Baroda,IN,0,NORMAL_BANKING_FLOW
TX_BOB_115994,BOB_ACC_20056,KOTAK_ACC_20214,19462.03,2026-01-11 06:30:57,SETTLEMENT,NEFT,Bank of Baroda,IN,0,NORMAL_BANKING_FLOW
TX_BOB_115995,BOB_ACC_20062,BOB_ACC_20073,20698.18,2026-01-11 07:21:28,TRANSFER,IMPS,Bank of Baroda,IN,0,NORMAL_BANKING_FLOW
TX_BOB_115996,BOB_ACC_20109,BOB_ACC_20231,41083.16,2026-01-11 05:42:50,SETTLEMENT,NEFT,Bank of Baroda,IN,0,NORMAL_BANKING_FLOW
TX_BOB_115997,BOB_ACC_20053,BOB_ACC_20221,78537.01,2026-01-11 06:50:00,TRANSFER,IMPS,Bank of Baroda,IN,0,NORMAL_BANKING_FLOW
TX_BOB_115998,BOB_ACC_20129,BOB_ACC_20052,20857.86,2026-01-11 09:20:23,TRANSFER,IMPS,Bank of Baroda,IN,0,NORMAL_BANKING_FLOW
TX_BOB_115999,BOB_ACC_20166,BOB_ACC_20237,48495.18,2026-01-11 03:48:42,TRANSFER,IMPS,Bank of Baroda,IN,0,NORMAL_BANKING_FLOW
TX_BOB_116000,BOB_ACC_20172,BOB_ACC_20016,44742.55,2026-01-11 01:02:51,SETTLEMENT,NEFT,Bank of Baroda,IN,0,NORMAL_BANKING_FLOW
TX_BOB_116001,BOB_ACC_20107,BOB_ACC_20025,59360.04,2026-01-11 03:33:20,SETTLEMENT,NEFT,Bank of Baroda,IN,0,NORMAL_BANKING_FLOW
TX_BOB_116002,BOB_ACC_20240,BOB_ACC_20244,27872.01,2026-01-11 08:34:16,SETTLEMENT,NEFT,Bank of Baroda,IN,0,NORMAL_BANKING_FLOW
TX_BOB_116003,BOB_ACC_20058,SBI_ACC_20088,11836.07,2026-01-11 02:11:06,SETTLEMENT,NEFT,Bank of Baroda,IN,0,NORMAL_BANKING_FLOW
TX_BOB_116004,BOB_ACC_20185,BOB_ACC_20108,17743.08,2026-01-11 02:11:39,SETTLEMENT,NEFT,Bank of Baroda,IN,0,NORMAL_BANKING_FLOW
TX_BOB_116005,BOB_ACC_20130,BOB_ACC_20219,36628.0,2026-01-11 03:35:52,SETTLEMENT,NEFT,Bank of Baroda,IN,0,NORMAL_BANKING_FLOW
TX_BOB_116006,BOB_ACC_20036,BOB_ACC_20196,138222.22,2026-01-11 06:57:30,SETTLEMENT,NEFT,Bank of Baroda,IN,0,NORMAL_BANKING_FLOW
TX_BOB_116007,BOB_ACC_20063,BOB_ACC_20149,17402.73,2026-01-11 01:23:00,TRANSFER,IMPS,Bank of Baroda,IN,0,NORMAL_BANKING_FLOW
TX_BOB_116008,BOB_ACC_20174,BOB_ACC_20221,55509.46,2026-01-11 08:23:05,SETTLEMENT,NEFT,Bank of Baroda,IN,0,NORMAL_BANKING_FLOW
TX_BOB_116009,BOB_ACC_20121,BOB_ACC_20090,20025.25,2026-01-10 22:19:12,SETTLEMENT,NEFT,Bank of Baroda,IN,0,NORMAL_BANKING_FLOW
TX_BOB_116010,BOB_ACC_20240,BOB_ACC_20028,29715.43,2026-01-11 09:49:00,SETTLEMENT,NEFT,Bank of Baroda,IN,0,NORMAL_BANKING_FLOW
TX_BOB_116011,BOB_ACC_20074,HDFC_ACC_20026,105225.09,2026-01-11 09:50:00,SETTLEMENT,NEFT,Bank of Baroda,IN,0,NORMAL_BANKING_FLOW
TX_BOB_116012,BOB_ACC_20196,BOB_ACC_20220,53522.82,2026-01-11 03:06:36,SETTLEMENT,NEFT,Bank of Baroda,IN,0,NORMAL_BANKING_FLOW
TX_BOB_116013,BOB_ACC_20040,AXIS_ACC_20107,8802.85,2026-01-11 07:37:04,TRANSFER,IMPS,Bank of Baroda,IN,0,NORMAL_BANKING_FLOW
TX_BOB_116014,BOB_ACC_20126,BOB_ACC_20048,16071.01,2026-01-10 21:13:15,SETTLEMENT,NEFT,Bank of Baroda,IN,0,NORMAL_BANKING_FLOW
TX_BOB_116015,BOB_ACC_20093,BOB_ACC_20023,83332.94,2026-01-11 08:12:36,TRANSFER,IMPS,Bank of Baroda,IN,0,NORMAL_BANKING_FLOW
TX_BOB_116016,BOB_ACC_20161,CANARA_ACC_20109,30567.43,2026-01-10 21:30:40,TRANSFER,IMPS,Bank of Baroda,IN,0,NORMAL_BANKING_FLOW
TX_BOB_116017,BOB_ACC_20197,BOB_ACC_20085,9566.7,2026-01-11 06:49:44,SETTLEMENT,NEFT,Bank of Baroda,IN,0,NORMAL_BANKING_FLOW
TX_BOB_116018,BOB_ACC_20036,BOB_ACC_20172,12873.71,2026-01-11 07:58:21,SETTLEMENT,NEFT,Bank of Baroda,IN,0,NORMAL_BANKING_FLOW
TX_BOB_116019,BOB_ACC_20096,KOTAK_ACC_20080,50672.78,2026-01-11 05:43:30,TRANSFER,IMPS,Bank of Baroda,IN,0,NORMAL_BANKING_FLOW
TX_BOB_116020,BOB_ACC_20184,BOB_ACC_20155,65839.11,2026-01-11 01:29:30,SETTLEMENT,NEFT,Bank of Baroda,IN,0,NORMAL_BANKING_FLOW
TX_BOB_116021,BOB_ACC_20039,BOB_ACC_20106,27339.01,2026-01-11 04:20:00,SETTLEMENT,NEFT,Bank of Baroda,IN,0,NORMAL_BANKING_FLOW
TX_BOB_116022,BOB_ACC_20093,BOB_ACC_20007,249641.81,2026-01-11 00:56:28,SETTLEMENT,NEFT,Bank of Baroda,IN,0,NORMAL_BANKING_FLOW
TX_BOB_116023,BOB_ACC_20016,HDFC_ACC_20076,56485.38,2026-01-11 00:39:54,SETTLEMENT,NEFT,Bank of Baroda,IN,0,NORMAL_BANKING_FLOW
TX_BOB_116024,BOB_ACC_20049,BOB_ACC_20020,21609.04,2026-01-11 01:48:33,SETTLEMENT,NEFT,Bank of Baroda,IN,0,NORMAL_BANKING_FLOW
TX_BOB_116025,BOB_ACC_20070,BOB_ACC_20035,12911.38,2026-01-11 02:40:16,SETTLEMENT,NEFT,Bank of Baroda,IN,0,NORMAL_BANKING_FLOW
TX_BOB_116026,BOB_ACC_20026,BOB_ACC_20111,11188.08,2026-01-11 05:48:45,TRANSFER,IMPS,Bank of Baroda,IN,0,NORMAL_BANKING_FLOW
TX_BOB_116027,BOB_ACC_20093,BOB_ACC_20035,36383.81,2026-01-11 01:50:06,SETTLEMENT,NEFT,Bank of Baroda,IN,0,NORMAL_BANKING_FLOW
TX_BOB_116028,BOB_ACC_20230,BOB_ACC_20161,17328.38,2026-01-10 23:33:41,SETTLEMENT,NEFT,Bank of Baroda,IN,0,NORMAL_BANKING_FLOW
TX_BOB_116029,BOB_ACC_20070,BOB_ACC_20027,121342.13,2026-01-10 21:17:00,SETTLEMENT,NEFT,Bank of Baroda,IN,0,NORMAL_BANKING_FLOW
TX_BOB_116030,BOB_ACC_20098,BOB_ACC_20212,100677.8,2026-01-11 02:25:57,TRANSFER,IMPS,Bank of Baroda,IN,0,NORMAL_BANKING_FLOW
TX_BOB_116031,BOB_ACC_20130,ICICI_ACC_20163,47560.6,2026-01-11 09:18:30,TRANSFER,IMPS,Bank of Baroda,IN,0,NORMAL_BANKING_FLOW
TX_BOB_116032,BOB_ACC_20082,BOB_ACC_20029,9310.55,2026-01-11 06:27:37,TRANSFER,IMPS,Bank of Baroda,IN,0,NORMAL_BANKING_FLOW
TX_BOB_116033,BOB_ACC_20189,BOB_ACC_20160,14691.19,2026-01-11 00:10:00,TRANSFER,IMPS,Bank of Baroda,IN,0,NORMAL_BANKING_FLOW
TX_BOB_116034,BOB_ACC_20014,SBI_ACC_20229,83292.17,2026-01-11 05:03:06,SETTLEMENT,NEFT,Bank of Baroda,IN,0,NORMAL_BANKING_FLOW
TX_BOB_116035,BOB_ACC_20206,CANARA_ACC_20149,16207.68,2026-01-11 09:56:46,TRANSFER,IMPS,Bank of Baroda,IN,0,NORMAL_BANKING_FLOW
TX_BOB_116036,BOB_ACC_20138,SBI_ACC_20016,73860.06,2026-01-11 01:20:15,TRANSFER,IMPS,Bank of Baroda,IN,0,NORMAL_BANKING_FLOW
TX_BOB_116037,BOB_ACC_20243,BOB_ACC_20022,41239.16,2026-01-11 05:57:00,SETTLEMENT,NEFT,Bank of Baroda,IN,0,NORMAL_BANKING_FLOW
TX_BOB_116038,BOB_ACC_20165,YES_ACC_20246,28185.03,2026-01-11 07:06:53,TRANSFER,IMPS,Bank of Baroda,IN,0,NORMAL_BANKING_FLOW
TX_BOB_116039,BOB_ACC_20010,BOB_ACC_20082,14291.93,2026-01-11 02:30:54,SETTLEMENT,NEFT,Bank of Baroda,IN,0,NORMAL_BANKING_FLOW
TX_BOB_116040,BOB_ACC_20063,BOB_ACC_20245,24715.37,2026-01-11 01:56:49,TRANSFER,IMPS,Bank of Baroda,IN,0,NORMAL_BANKING_FLOW
TX_BOB_116041,BOB_ACC_20041,INDUS_ACC_20076,31910.27,2026-01-11 09:28:00,SETTLEMENT,NEFT,Bank of Baroda,IN,0,NORMAL_BANKING_FLOW
TX_BOB_116042,BOB_ACC_20056,BOB_ACC_20042,68137.64,2026-01-11 08:02:12,TRANSFER,IMPS,Bank of Baroda,IN,0,NORMAL_BANKING_FLOW
TX_BOB_116043,BOB_ACC_20199,BOB_ACC_20171,12122.74,2026-01-11 02:50:28,TRANSFER,IMPS,Bank of Baroda,IN,0,NORMAL_BANKING_FLOW
TX_BOB_116044,BOB_ACC_20225,CANARA_ACC_20147,21236.25,2026-01-11 03:43:11,TRANSFER,IMPS,Bank of Baroda,IN,0,NORMAL_BANKING_FLOW
TX_BOB_116045,BOB_ACC_20108,BOB_ACC_20246,28010.67,2026-01-11 01:07:12,SETTLEMENT,NEFT,Bank of Baroda,IN,0,NORMAL_BANKING_FLOW
TX_BOB_116046,BOB_ACC_20046,AXIS_ACC_20038,48845.16,2026-01-11 08:40:30,SETTLEMENT,NEFT,Bank of Baroda,IN,0,NORMAL_BANKING_FLOW
TX_BOB_116047,BOB_ACC_20121,BOB_ACC_20075,11877.27,2026-01-11 03:10:10,SETTLEMENT,NEFT,Bank of Baroda,IN,0,NORMAL_BANKING_FLOW
TX_BOB_116048,BOB_ACC_20105,HDFC_ACC_20097,8226.26,2026-01-11 00:33:42,SETTLEMENT,NEFT,Bank of Baroda,IN,0,NORMAL_BANKING_FLOW
TX_BOB_116049,BOB_ACC_20061,HDFC_ACC_20073,49343.86,2026-01-11 02:36:24,SETTLEMENT,NEFT,Bank of Baroda,IN,0,NORMAL_BANKING_FLOW
TX_BOB_116050,BOB_ACC_20185,BOB_ACC_20034,6862.63,2026-01-11 03:46:53,TRANSFER,IMPS,Bank of Baroda,IN,0,NORMAL_BANKING_FLOW
TX_BOB_116051,BOB_ACC_20087,BOB_ACC_20244,85517.96,2026-01-11 04:22:30,SETTLEMENT,NEFT,Bank of Baroda,IN,0,NORMAL_BANKING_FLOW
TX_BOB_116052,BOB_ACC_20089,BOB_ACC_20086,23380.71,2026-01-11 04:05:38,TRANSFER,IMPS,Bank of Baroda,IN,0,NORMAL_BANKING_FLOW
TX_BOB_116053,BOB_ACC_20187,CANARA_ACC_20144,6682.33,2026-01-11 07:54:12,SETTLEMENT,NEFT,Bank of Baroda,IN,0,NORMAL_BANKING_FLOW
TX_BOB_116054,BOB_ACC_20068,BOB_ACC_20176,17459.2,2026-01-10 22:15:54,SETTLEMENT,NEFT,Bank of Baroda,IN,0,NORMAL_BANKING_FLOW
TX_BOB_116055,BOB_ACC_20157,BOB_ACC_20202,37843.38,2026-01-11 02:04:34,SETTLEMENT,NEFT,Bank of Baroda,IN,0,NORMAL_BANKING_FLOW
TX_BOB_116056,BOB_ACC_20180,BOB_ACC_20198,16656.72,2026-01-11 07:39:10,SETTLEMENT,NEFT,Bank of Baroda,IN,0,NORMAL_BANKING_FLOW
TX_BOB_116057,BOB_ACC_20221,HDFC_ACC_20057,27392.56,2026-01-10 23:09:36,SETTLEMENT,NEFT,Bank of Baroda,IN,0,NORMAL_BANKING_FLOW
TX_BOB_116058,BOB_ACC_20209,BOB_ACC_20188,52369.02,2026-01-10 22:17:06,TRANSFER,IMPS,Bank of Baroda,IN,0,NORMAL_BANKING_FLOW
TX_BOB_116059,BOB_ACC_20026,INDUS_ACC_20025,22427.18,2026-01-10 22:52:40,TRANSFER,IMPS,Bank of Baroda,IN,0,NORMAL_BANKING_FLOW
TX_BOB_116060,BOB_ACC_20107,BOB_ACC_20243,11575.52,2026-01-11 09:28:24,TRANSFER,IMPS,Bank of Baroda,IN,0,NORMAL_BANKING_FLOW
TX_BOB_116061,BOB_ACC_20147,BOB_ACC_20216,20556.13,2026-01-10 22:53:20,TRANSFER,IMPS,Bank of Baroda,IN,0,NORMAL_BANKING_FLOW
TX_BOB_116062,BOB_ACC_20007,BOB_ACC_20164,96120.33,2026-01-11 10:05:38,SETTLEMENT,NEFT,Bank of Baroda,IN,0,NORMAL_BANKING_FLOW
TX_BOB_116063,BOB_ACC_20162,AXIS_ACC_20024,122584.75,2026-01-11 09:48:54,TRANSFER,IMPS,Bank of Baroda,IN,0,NORMAL_BANKING_FLOW
TX_BOB_116064,BOB_ACC_20238,CANARA_ACC_20024,4368.03,2026-01-11 00:05:12,SETTLEMENT,NEFT,Bank of Baroda,IN,0,NORMAL_BANKING_FLOW
TX_BOB_116065,BOB_ACC_20231,BOB_ACC_20205,71820.49,2026-01-10 21:26:00,TRANSFER,IMPS,Bank of Baroda,IN,0,NORMAL_BANKING_FLOW
TX_BOB_116066,BOB_ACC_20169,BOB_ACC_20122,33695.95,2026-01-11 08:58:30,SETTLEMENT,NEFT,Bank of Baroda,IN,0,NORMAL_BANKING_FLOW
TX_BOB_116067,BOB_ACC_20091,BOB_ACC_20074,61795.41,2026-01-10 22:37:34,TRANSFER,IMPS,Bank of Baroda,IN,0,NORMAL_BANKING_FLOW
TX_BOB_116068,BOB_ACC_20062,CANARA_ACC_20225,16392.19,2026-01-10 22:02:19,SETTLEMENT,NEFT,Bank of Baroda,IN,0,NORMAL_BANKING_FLOW
TX_BOB_116069,BOB_ACC_20238,BOB_ACC_20105,5478.37,2026-01-10 22:20:24,SETTLEMENT,NEFT,Bank of Baroda,IN,0,NORMAL_BANKING_FLOW
TX_BOB_116070,BOB_ACC_20167,BOB_ACC_20218,45526.05,2026-01-11 03:41:24,SETTLEMENT,NEFT,Bank of Baroda,IN,0,NORMAL_BANKING_FLOW
TX_BOB_116071,BOB_ACC_20243,ICICI_ACC_20037,11534.76,2026-01-11 01:19:20,TRANSFER,IMPS,Bank of Baroda,IN,0,NORMAL_BANKING_FLOW
TX_BOB_116072,BOB_ACC_20239,BOB_ACC_20053,7712.03,2026-01-11 01:55:30,TRANSFER,IMPS,Bank of Baroda,IN,0,NORMAL_BANKING_FLOW
TX_BOB_116073,BOB_ACC_20109,BOB_ACC_20068,8212.71,2026-01-11 04:36:48,SETTLEMENT,NEFT,Bank of Baroda,IN,0,NORMAL_BANKING_FLOW
TX_BOB_116074,BOB_ACC_20110,ICICI_ACC_20003,46204.03,2026-01-11 08:12:03,TRANSFER,IMPS,Bank of Baroda,IN,0,NORMAL_BANKING_FLOW
TX_BOB_116075,BOB_ACC_20142,BOB_ACC_20013,30500.77,2026-01-11 04:20:12,SETTLEMENT,NEFT,Bank of Baroda,IN,0,NORMAL_BANKING_FLOW
TX_BOB_116076,BOB_ACC_20038,BOB_ACC_20154,54405.44,2026-01-11 06:08:20,TRANSFER,IMPS,Bank of Baroda,IN,0,NORMAL_BANKING_FLOW
TX_BOB_116077,BOB_ACC_20169,BOB_ACC_20175,49127.18,2026-01-10 22:58:40,SETTLEMENT,NEFT,Bank of Baroda,IN,0,NORMAL_BANKING_FLOW
TX_BOB_116078,BOB_ACC_20230,BOB_ACC_20106,18419.4,2026-01-10 22:23:06,TRANSFER,IMPS,Bank of Baroda,IN,0,NORMAL_BANKING_FLOW
TX_BOB_116079,BOB_ACC_20047,BOB_ACC_20033,25249.81,2026-01-11 08:52:14,SETTLEMENT,NEFT,Bank of Baroda,IN,0,NORMAL_BANKING_FLOW
TX_BOB_116080,BOB_ACC_20166,BOB_ACC_20037,16978.55,2026-01-10 22:05:43,TRANSFER,IMPS,Bank of Baroda,IN,0,NORMAL_BANKING_FLOW
TX_BOB_116081,BOB_ACC_20227,BOB_ACC_20202,22263.53,2026-01-11 05:54:00,TRANSFER,IMPS,Bank of Baroda,IN,0,NORMAL_BANKING_FLOW
TX_BOB_116082,BOB_ACC_20017,BOB_ACC_20009,11265.17,2026-01-10 22:06:17,SETTLEMENT,NEFT,Bank of Baroda,IN,0,NORMAL_BANKING_FLOW
TX_BOB_116083,BOB_ACC_20072,BOB_ACC_20094,38232.3,2026-01-10 21:30:30,TRANSFER,IMPS,Bank of Baroda,IN,0,NORMAL_BANKING_FLOW
TX_BOB_116084,BOB_ACC_20033,BOB_ACC_20032,70799.6,2026-01-11 07:26:24,SETTLEMENT,NEFT,Bank of Baroda,IN,0,NORMAL_BANKING_FLOW
TX_BOB_116085,BOB_ACC_20082,BOB_ACC_20057,12900.85,2026-01-11 10:27:52,SETTLEMENT,NEFT,Bank of Baroda,IN,0,NORMAL_BANKING_FLOW
TX_BOB_116086,BOB_ACC_20224,BOB_ACC_20120,85232.89,2026-01-10 22:43:35,SETTLEMENT,NEFT,Bank of Baroda,IN,0,NORMAL_BANKING_FLOW
TX_BOB_116087,BOB_ACC_20238,BOB_ACC_20069,29797.19,2026-01-11 07:10:42,TRANSFER,IMPS,Bank of Baroda,IN,0,NORMAL_BANKING_FLOW
TX_BOB_116088,BOB_ACC_20059,BOB_ACC_20234,33422.05,2026-01-10 22:26:06,TRANSFER,IMPS,Bank of Baroda,IN,0,NORMAL_BANKING_FLOW
TX_BOB_116089,BOB_ACC_20103,BOB_ACC_20233,5828.49,2026-01-11 06:36:00,TRANSFER,IMPS,Bank of Baroda,IN,0,NORMAL_BANKING_FLOW
TX_BOB_116090,BOB_ACC_20223,BOB_ACC_20161,5289.42,2026-01-10 21:32:15,TRANSFER,IMPS,Bank of Baroda,IN,0,NORMAL_BANKING_FLOW
TX_BOB_116091,BOB_ACC_20209,BOB_ACC_20121,30629.07,2026-01-11 01:10:30,SETTLEMENT,NEFT,Bank of Baroda,IN,0,NORMAL_BANKING_FLOW
TX_BOB_116092,BOB_ACC_20010,BOB_ACC_20114,54762.39,2026-01-11 00:16:24,SETTLEMENT,NEFT,Bank of Baroda,IN,0,NORMAL_BANKING_FLOW
TX_BOB_116093,BOB_ACC_20147,KOTAK_ACC_20175,14702.28,2026-01-10 23:40:24,TRANSFER,IMPS,Bank of Baroda,IN,0,NORMAL_BANKING_FLOW
TX_BOB_116094,BOB_ACC_20211,BOB_ACC_20047,120944.19,2026-01-11 05:08:40,TRANSFER,IMPS,Bank of Baroda,IN,0,NORMAL_BANKING_FLOW
TX_BOB_116095,BOB_ACC_20123,BOB_ACC_20246,52127.21,2026-01-11 01:12:18,TRANSFER,IMPS,Bank of Baroda,IN,0,NORMAL_BANKING_FLOW
TX_BOB_116096,BOB_ACC_20157,BOB_ACC_20230,11878.59,2026-01-11 00:54:30,SETTLEMENT,NEFT,Bank of Baroda,IN,0,NORMAL_BANKING_FLOW
TX_BOB_116097,BOB_ACC_20239,BOB_ACC_20138,27660.59,2026-01-11 09:26:24,TRANSFER,IMPS,Bank of Baroda,IN,0,NORMAL_BANKING_FLOW
TX_BOB_116098,BOB_ACC_20111,BOB_ACC_20036,250005.01,2026-01-11 01:50:13,SETTLEMENT,NEFT,Bank of Baroda,IN,0,NORMAL_BANKING_FLOW
TX_BOB_116099,BOB_ACC_20059,BOB_ACC_20080,8792.83,2026-01-11 09:28:12,SETTLEMENT,NEFT,Bank of Baroda,IN,0,NORMAL_BANKING_FLOW
TX_BOB_116100,BOB_ACC_20218,BOB_ACC_20125,43279.87,2026-01-10 22:48:01,SETTLEMENT,NEFT,Bank of Baroda,IN,0,NORMAL_BANKING_FLOW
TX_BOB_116101,BOB_ACC_20075,BOB_ACC_20188,20121.21,2026-01-11 06:08:20,TRANSFER,IMPS,Bank of Baroda,IN,0,NORMAL_BANKING_FLOW
TX_BOB_116102,BOB_ACC_20128,BOB_ACC_20097,50828.2,2026-01-11 08:35:51,SETTLEMENT,NEFT,Bank of Baroda,IN,0,NORMAL_BANKING_FLOW
TX_BOB_116103,BOB_ACC_20001,BOB_ACC_20211,84166.0,2026-01-11 07:23:14,TRANSFER,IMPS,Bank of Baroda,IN,0,NORMAL_BANKING_FLOW
TX_BOB_116104,BOB_ACC_20134,SBI_ACC_20150,19003.66,2026-01-11 07:42:24,TRANSFER,IMPS,Bank of Baroda,IN,0,NORMAL_BANKING_FLOW
TX_BOB_116105,BOB_ACC_20112,BOB_ACC_20072,73645.7,2026-01-11 01:16:48,SETTLEMENT,NEFT,Bank of Baroda,IN,0,NORMAL_BANKING_FLOW
TX_BOB_116106,BOB_ACC_20195,YES_ACC_20212,198606.96,2026-01-11 03:07:45,TRANSFER,IMPS,Bank of Baroda,IN,0,NORMAL_BANKING_FLOW
TX_BOB_116107,BOB_ACC_20090,PNB_ACC_20213,28556.71,2026-01-11 04:22:02,TRANSFER,IMPS,Bank of Baroda,IN,0,NORMAL_BANKING_FLOW
TX_BOB_116108,BOB_ACC_20247,BOB_ACC_20046,54524.19,2026-01-11 11:27:00,SETTLEMENT,NEFT,Bank of Baroda,IN,0,NORMAL_BANKING_FLOW
TX_BOB_116109,BOB_ACC_20234,BOB_ACC_20230,15813.25,2026-01-11 04:23:16,SETTLEMENT,NEFT,Bank of Baroda,IN,0,NORMAL_BANKING_FLOW
TX_BOB_116110,BOB_ACC_20049,BOB_ACC_20148,27373.57,2026-01-10 21:55:44,TRANSFER,IMPS,Bank of Baroda,IN,0,NORMAL_BANKING_FLOW
TX_BOB_116111,BOB_ACC_20236,BOB_ACC_20187,22948.15,2026-01-11 11:11:30,TRANSFER,IMPS,Bank of Baroda,IN,0,NORMAL_BANKING_FLOW
TX_BOB_116112,BOB_ACC_20012,BOB_ACC_20121,55118.59,2026-01-11 06:53:15,TRANSFER,IMPS,Bank of Baroda,IN,0,NORMAL_BANKING_FLOW
TX_BOB_116113,BOB_ACC_20244,BOB_ACC_20221,79555.35,2026-01-11 07:49:36,SETTLEMENT,NEFT,Bank of Baroda,IN,0,NORMAL_BANKING_FLOW
TX_BOB_116114,BOB_ACC_20202,BOB_ACC_20164,24374.94,2026-01-11 02:16:30,SETTLEMENT,NEFT,Bank of Baroda,IN,0,NORMAL_BANKING_FLOW
TX_BOB_116115,BOB_ACC_20128,INDUS_ACC_20053,106965.39,2026-01-11 04:08:24,TRANSFER,IMPS,Bank of Baroda,IN,0,NORMAL_BANKING_FLOW
TX_BOB_116116,BOB_ACC_20221,BOB_ACC_20130,106621.74,2026-01-10 22:15:55,SETTLEMENT,NEFT,Bank of Baroda,IN,0,NORMAL_BANKING_FLOW
TX_BOB_116117,BOB_ACC_20221,BOB_ACC_20069,57651.32,2026-01-11 04:28:12,SETTLEMENT,NEFT,Bank of Baroda,IN,0,NORMAL_BANKING_FLOW
TX_BOB_116118,BOB_ACC_20098,BOB_ACC_20129,16908.57,2026-01-11 01:59:53,TRANSFER,IMPS,Bank of Baroda,IN,0,NORMAL_BANKING_FLOW
TX_BOB_116119,BOB_ACC_20133,BOB_ACC_20100,15511.77,2026-01-11 11:00:44,TRANSFER,IMPS,Bank of Baroda,IN,0,NORMAL_BANKING_FLOW
TX_BOB_116120,BOB_ACC_20175,BOB_ACC_20239,12950.07,2026-01-11 00:08:57,TRANSFER,IMPS,Bank of Baroda,IN,0,NORMAL_BANKING_FLOW
TX_BOB_116121,BOB_ACC_20081,BOB_ACC_20240,63212.0,2026-01-11 06:22:40,TRANSFER,IMPS,Bank of Baroda,IN,0,NORMAL_BANKING_FLOW
TX_BOB_116122,BOB_ACC_20075,YES_ACC_20243,9039.95,2026-01-10 22:17:37,TRANSFER,IMPS,Bank of Baroda,IN,0,NORMAL_BANKING_FLOW
TX_BOB_116123,BOB_ACC_20130,BOB_ACC_20173,49471.59,2026-01-10 22:55:18,SETTLEMENT,NEFT,Bank of Baroda,IN,0,NORMAL_BANKING_FLOW
TX_BOB_116124,BOB_ACC_20159,BOB_ACC_20088,10168.01,2026-01-11 10:46:51,SETTLEMENT,NEFT,Bank of Baroda,IN,0,NORMAL_BANKING_FLOW
TX_BOB_116125,BOB_ACC_20059,BOB_ACC_20031,56454.57,2026-01-10 22:55:56,TRANSFER,IMPS,Bank of Baroda,IN,0,NORMAL_BANKING_FLOW
TX_BOB_116126,BOB_ACC_20104,BOB_ACC_20051,27323.37,2026-01-11 03:00:00,SETTLEMENT,NEFT,Bank of Baroda,IN,0,NORMAL_BANKING_FLOW
TX_BOB_116127,BOB_ACC_20100,CANARA_ACC_20186,89346.26,2026-01-10 21:41:30,SETTLEMENT,NEFT,Bank of Baroda,IN,0,NORMAL_BANKING_FLOW
TX_BOB_116128,BOB_ACC_20137,KOTAK_ACC_20099,75155.09,2026-01-11 05:12:33,TRANSFER,IMPS,Bank of Baroda,IN,0,NORMAL_BANKING_FLOW
TX_BOB_116129,BOB_ACC_20248,CANARA_ACC_20176,97886.01,2026-01-10 22:57:12,SETTLEMENT,NEFT,Bank of Baroda,IN,0,NORMAL_BANKING_FLOW
TX_BOB_116130,BOB_ACC_20116,KOTAK_ACC_20158,100181.3,2026-01-10 23:35:09,SETTLEMENT,NEFT,Bank of Baroda,IN,0,NORMAL_BANKING_FLOW
TX_BOB_116131,BOB_ACC_20083,PNB_ACC_20244,30615.69,2026-01-10 23:54:20,SETTLEMENT,NEFT,Bank of Baroda,IN,0,NORMAL_BANKING_FLOW
TX_BOB_116132,BOB_ACC_20141,BOB_ACC_20056,9481.39,2026-01-11 07:45:57,TRANSFER,IMPS,Bank of Baroda,IN,0,NORMAL_BANKING_FLOW
TX_BOB_116133,BOB_ACC_20183,BOB_ACC_20008,10433.0,2026-01-11 09:39:56,SETTLEMENT,NEFT,Bank of Baroda,IN,0,NORMAL_BANKING_FLOW
TX_BOB_116134,BOB_ACC_20072,HDFC_ACC_20133,4112.71,2026-01-11 03:23:09,TRANSFER,IMPS,Bank of Baroda,IN,0,NORMAL_BANKING_FLOW
TX_BOB_116135,BOB_ACC_20032,BOB_ACC_20232,10144.64,2026-01-11 04:58:12,SETTLEMENT,NEFT,Bank of Baroda,IN,0,NORMAL_BANKING_FLOW
TX_BOB_116136,BOB_ACC_20230,BOB_ACC_20028,28622.3,2026-01-11 01:49:40,SETTLEMENT,NEFT,Bank of Baroda,IN,0,NORMAL_BANKING_FLOW
TX_BOB_116137,BOB_ACC_20148,BOB_ACC_20060,16257.53,2026-01-11 05:37:20,SETTLEMENT,NEFT,Bank of Baroda,IN,0,NORMAL_BANKING_FLOW
TX_BOB_116138,BOB_ACC_20209,BOB_ACC_20164,22876.79,2026-01-11 06:34:51,SETTLEMENT,NEFT,Bank of Baroda,IN,0,NORMAL_BANKING_FLOW
TX_BOB_116139,BOB_ACC_20189,BOB_ACC_20169,41916.88,2026-01-11 07:32:28,TRANSFER,IMPS,Bank of Baroda,IN,0,NORMAL_BANKING_FLOW
TX_BOB_116140,BOB_ACC_20156,HDFC_ACC_20050,20462.34,2026-01-11 02:48:29,SETTLEMENT,NEFT,Bank of Baroda,IN,0,NORMAL_BANKING_FLOW
TX_BOB_116141,BOB_ACC_20083,BOB_ACC_20241,9802.12,2026-01-10 22:42:00,SETTLEMENT,NEFT,Bank of Baroda,IN,0,NORMAL_BANKING_FLOW
TX_BOB_116142,BOB_ACC_20002,BOB_ACC_20158,25644.64,2026-01-11 09:47:53,SETTLEMENT,NEFT,Bank of Baroda,IN,0,NORMAL_BANKING_FLOW
TX_BOB_116143,BOB_ACC_20244,BOB_ACC_20122,11984.37,2026-01-11 00:55:50,TRANSFER,IMPS,Bank of Baroda,IN,0,NORMAL_BANKING_FLOW
TX_BOB_116144,BOB_ACC_20008,AXIS_ACC_20148,21084.47,2026-01-11 10:46:48,TRANSFER,IMPS,Bank of Baroda,IN,0,NORMAL_BANKING_FLOW
TX_BOB_116145,BOB_ACC_20168,BOB_ACC_20061,90084.13,2026-01-11 11:25:52,SETTLEMENT,NEFT,Bank of Baroda,IN,0,NORMAL_BANKING_FLOW
TX_BOB_116146,BOB_ACC_20052,BOB_ACC_20130,21089.81,2026-01-10 21:46:15,TRANSFER,IMPS,Bank of Baroda,IN,0,NORMAL_BANKING_FLOW
TX_BOB_116147,BOB_ACC_20016,INDUS_ACC_20201,132436.93,2026-01-11 02:13:54,TRANSFER,IMPS,Bank of Baroda,IN,0,NORMAL_BANKING_FLOW
TX_BOB_116148,BOB_ACC_20155,BOB_ACC_20187,97584.35,2026-01-11 02:52:37,SETTLEMENT,NEFT,Bank of Baroda,IN,0,NORMAL_BANKING_FLOW
TX_BOB_116149,BOB_ACC_20161,YES_ACC_20156,15972.52,2026-01-11 05:45:20,SETTLEMENT,NEFT,Bank of Baroda,IN,0,NORMAL_BANKING_FLOW
TX_BOB_116150,BOB_ACC_20031,ICICI_ACC_20048,9897.02,2026-01-11 08:38:21,TRANSFER,IMPS,Bank of Baroda,IN,0,NORMAL_BANKING_FLOW
TX_BOB_116151,BOB_ACC_20030,BOB_ACC_20007,25660.32,2026-01-11 01:37:30,TRANSFER,IMPS,Bank of Baroda,IN,0,NORMAL_BANKING_FLOW
TX_BOB_116152,BOB_ACC_20182,BOB_ACC_20047,75962.49,2026-01-11 01:37:57,SETTLEMENT,NEFT,Bank of Baroda,IN,0,NORMAL_BANKING_FLOW
TX_BOB_116153,BOB_ACC_20095,BOB_ACC_20229,17306.34,2026-01-11 11:33:36,TRANSFER,IMPS,Bank of Baroda,IN,0,NORMAL_BANKING_FLOW
TX_BOB_116154,BOB_ACC_20022,BOB_ACC_20005,60917.84,2026-01-11 11:34:34,SETTLEMENT,NEFT,Bank of Baroda,IN,0,NORMAL_BANKING_FLOW
TX_BOB_116155,BOB_ACC_20089,BOB_ACC_20012,79825.32,2026-01-11 01:00:50,TRANSFER,IMPS,Bank of Baroda,IN,0,NORMAL_BANKING_FLOW
TX_BOB_116156,BOB_ACC_20206,BOB_ACC_20041,13404.92,2026-01-11 08:04:45,TRANSFER,IMPS,Bank of Baroda,IN,0,NORMAL_BANKING_FLOW
TX_BOB_116157,BOB_ACC_20018,BOB_ACC_20126,14640.6,2026-01-11 07:07:44,TRANSFER,IMPS,Bank of Baroda,IN,0,NORMAL_BANKING_FLOW
TX_BOB_116158,BOB_ACC_20043,CANARA_ACC_20150,51092.64,2026-01-11 08:44:53,TRANSFER,IMPS,Bank of Baroda,IN,0,NORMAL_BANKING_FLOW
TX_BOB_116159,BOB_ACC_20056,BOB_ACC_20096,30842.93,2026-01-11 02:39:00,SETTLEMENT,NEFT,Bank of Baroda,IN,0,NORMAL_BANKING_FLOW
TX_BOB_116160,BOB_ACC_20037,AXIS_ACC_20171,14509.29,2026-01-11 02:58:49,SETTLEMENT,NEFT,Bank of Baroda,IN,0,NORMAL_BANKING_FLOW
TX_BOB_116161,BOB_ACC_20122,BOB_ACC_20133,19595.15,2026-01-11 11:22:00,SETTLEMENT,NEFT,Bank of Baroda,IN,0,NORMAL_BANKING_FLOW
TX_BOB_116162,BOB_ACC_20045,KOTAK_ACC_20244,25248.76,2026-01-11 00:05:42,TRANSFER,IMPS,Bank of Baroda,IN,0,NORMAL_BANKING_FLOW
TX_BOB_116163,BOB_ACC_20092,BOB_ACC_20086,6578.95,2026-01-11 01:04:10,SETTLEMENT,NEFT,Bank of Baroda,IN,0,NORMAL_BANKING_FLOW
TX_BOB_116164,BOB_ACC_20122,BOB_ACC_20017,53587.91,2026-01-11 06:53:29,TRANSFER,IMPS,Bank of Baroda,IN,0,NORMAL_BANKING_FLOW
TX_BOB_116165,BOB_ACC_20030,BOB_ACC_20222,17486.37,2026-01-11 12:04:36,SETTLEMENT,NEFT,Bank of Baroda,IN,0,NORMAL_BANKING_FLOW
TX_BOB_116166,BOB_ACC_20035,BOB_ACC_20048,2196.58,2026-01-11 04:19:35,SETTLEMENT,NEFT,Bank of Baroda,IN,0,NORMAL_BANKING_FLOW
TX_BOB_116167,BOB_ACC_20096,BOB_ACC_20031,26331.37,2026-01-10 23:28:40,TRANSFER,IMPS,Bank of Baroda,IN,0,NORMAL_BANKING_FLOW
TX_BOB_116168,BOB_ACC_20011,INDUS_ACC_20245,13802.24,2026-01-11 03:02:57,TRANSFER,IMPS,Bank of Baroda,IN,0,NORMAL_BANKING_FLOW
TX_BOB_116169,BOB_ACC_20243,BOB_ACC_20001,123000.04,2026-01-11 03:42:24,SETTLEMENT,NEFT,Bank of Baroda,IN,0,NORMAL_BANKING_FLOW
TX_BOB_116170,BOB_ACC_20065,ICICI_ACC_20201,15884.51,2026-01-10 22:11:44,TRANSFER,IMPS,Bank of Baroda,IN,0,NORMAL_BANKING_FLOW
TX_BOB_116171,BOB_ACC_20031,BOB_ACC_20153,10017.82,2026-01-11 03:24:00,SETTLEMENT,NEFT,Bank of Baroda,IN,0,NORMAL_BANKING_FLOW
TX_BOB_116172,BOB_ACC_20085,BOB_ACC_20119,42494.9,2026-01-11 04:03:34,TRANSFER,IMPS,Bank of Baroda,IN,0,NORMAL_BANKING_FLOW
TX_BOB_116173,BOB_ACC_20055,YES_ACC_20155,14847.66,2026-01-10 21:53:00,TRANSFER,IMPS,Bank of Baroda,IN,0,NORMAL_BANKING_FLOW
TX_BOB_116174,BOB_ACC_20205,AXIS_ACC_20043,13339.56,2026-01-11 08:38:24,TRANSFER,IMPS,Bank of Baroda,IN,0,NORMAL_BANKING_FLOW
TX_BOB_116175,BOB_ACC_20249,BOB_ACC_20214,42554.94,2026-01-11 02:47:00,TRANSFER,IMPS,Bank of Baroda,IN,0,NORMAL_BANKING_FLOW
TX_BOB_116176,BOB_ACC_20145,AXIS_ACC_20221,10546.82,2026-01-10 22:13:20,SETTLEMENT,NEFT,Bank of Baroda,IN,0,NORMAL_BANKING_FLOW
TX_BOB_116177,BOB_ACC_20090,BOB_ACC_20016,7247.8,2026-01-11 04:06:24,TRANSFER,IMPS,Bank of Baroda,IN,0,NORMAL_BANKING_FLOW
TX_BOB_116178,BOB_ACC_20049,PNB_ACC_20128,127185.03,2026-01-11 08:02:22,SETTLEMENT,NEFT,Bank of Baroda,IN,0,NORMAL_BANKING_FLOW
TX_BOB_116179,BOB_ACC_20173,BOB_ACC_20095,45322.05,2026-01-11 09:02:02,TRANSFER,IMPS,Bank of Baroda,IN,0,NORMAL_BANKING_FLOW
TX_BOB_116180,BOB_ACC_20236,BOB_ACC_20034,21209.65,2026-01-11 05:26:42,TRANSFER,IMPS,Bank of Baroda,IN,0,NORMAL_BANKING_FLOW
TX_BOB_116181,BOB_ACC_20158,BOB_ACC_20000,26819.12,2026-01-11 03:09:40,SETTLEMENT,NEFT,Bank of Baroda,IN,0,NORMAL_BANKING_FLOW
TX_BOB_116182,BOB_ACC_20052,BOB_ACC_20026,42415.87,2026-01-11 08:25:07,SETTLEMENT,NEFT,Bank of Baroda,IN,0,NORMAL_BANKING_FLOW
TX_BOB_116183,BOB_ACC_20142,BOB_ACC_20006,64602.2,2026-01-11 06:08:00,SETTLEMENT,NEFT,Bank of Baroda,IN,0,NORMAL_BANKING_FLOW
TX_BOB_116184,BOB_ACC_20193,HDFC_ACC_20179,13624.46,2026-01-11 04:10:22,TRANSFER,IMPS,Bank of Baroda,IN,0,NORMAL_BANKING_FLOW
TX_BOB_116185,BOB_ACC_20016,BOB_ACC_20099,37403.96,2026-01-11 01:33:04,TRANSFER,IMPS,Bank of Baroda,IN,0,NORMAL_BANKING_FLOW
TX_BOB_116186,BOB_ACC_20171,BOB_ACC_20001,17051.04,2026-01-11 00:14:30,SETTLEMENT,NEFT,Bank of Baroda,IN,0,NORMAL_BANKING_FLOW
TX_BOB_116187,BOB_ACC_20012,ICICI_ACC_20185,22695.39,2026-01-11 06:50:12,TRANSFER,IMPS,Bank of Baroda,IN,0,NORMAL_BANKING_FLOW
TX_BOB_116188,BOB_ACC_20099,BOB_ACC_20241,31089.44,2026-01-11 09:48:57,TRANSFER,IMPS,Bank of Baroda,IN,0,NORMAL_BANKING_FLOW
TX_BOB_116189,BOB_ACC_20152,BOB_ACC_20130,26741.96,2026-01-11 06:31:48,TRANSFER,IMPS,Bank of Baroda,IN,0,NORMAL_BANKING_FLOW
TX_BOB_116190,BOB_ACC_20146,HDFC_ACC_20111,52156.82,2026-01-10 22:17:04,SETTLEMENT,NEFT,Bank of Baroda,IN,0,NORMAL_BANKING_FLOW
TX_BOB_116191,BOB_ACC_20055,BOB_ACC_20078,41705.07,2026-01-11 02:35:10,TRANSFER,IMPS,Bank of Baroda,IN,0,NORMAL_BANKING_FLOW
TX_BOB_116192,BOB_ACC_20092,BOB_ACC_20148,6923.3,2026-01-11 09:12:39,SETTLEMENT,NEFT,Bank of Baroda,IN,0,NORMAL_BANKING_FLOW
TX_BOB_116193,BOB_ACC_20112,BOB_ACC_20228,7926.44,2026-01-10 22:17:52,SETTLEMENT,NEFT,Bank of Baroda,IN,0,NORMAL_BANKING_FLOW
TX_BOB_116194,BOB_ACC_20113,BOB_ACC_20085,19288.32,2026-01-11 08:14:38,SETTLEMENT,NEFT,Bank of Baroda,IN,0,NORMAL_BANKING_FLOW
TX_BOB_116195,BOB_ACC_20147,BOB_ACC_20064,139492.03,2026-01-11 06:35:54,SETTLEMENT,NEFT,Bank of Baroda,IN,0,NORMAL_BANKING_FLOW
TX_BOB_116196,BOB_ACC_20182,BOB_ACC_20100,12501.04,2026-01-11 02:57:30,SETTLEMENT,NEFT,Bank of Baroda,IN,0,NORMAL_BANKING_FLOW
TX_BOB_116197,BOB_ACC_20027,HDFC_ACC_20083,22305.75,2026-01-11 10:16:32,SETTLEMENT,NEFT,Bank of Baroda,IN,0,NORMAL_BANKING_FLOW
TX_BOB_116198,BOB_ACC_20107,BOB_ACC_20158,16602.17,2026-01-11 09:17:33,SETTLEMENT,NEFT,Bank of Baroda,IN,0,NORMAL_BANKING_FLOW
TX_BOB_116199,BOB_ACC_20165,BOB_ACC_20099,16339.82,2026-01-11 01:59:06,TRANSFER,IMPS,Bank of Baroda,IN,0,NORMAL_BANKING_FLOW
TX_BOB_116200,BOB_ACC_20013,BOB_ACC_20111,31584.31,2026-01-11 01:59:33,SETTLEMENT,NEFT,Bank of Baroda,IN,0,NORMAL_BANKING_FLOW
TX_BOB_116201,BOB_ACC_20072,BOB_ACC_20064,94911.44,2026-01-11 01:20:00,SETTLEMENT,NEFT,Bank of Baroda,IN,0,NORMAL_BANKING_FLOW
TX_BOB_116202,BOB_ACC_20233,BOB_ACC_20017,40553.26,2026-01-10 22:20:16,SETTLEMENT,NEFT,Bank of Baroda,IN,0,NORMAL_BANKING_FLOW
TX_BOB_116203,BOB_ACC_20138,BOB_ACC_20017,13053.64,2026-01-11 07:21:26,TRANSFER,IMPS,Bank of Baroda,IN,0,NORMAL_BANKING_FLOW
TX_BOB_116204,BOB_ACC_20157,AXIS_ACC_20189,320586.23,2026-01-11 12:02:51,SETTLEMENT,NEFT,Bank of Baroda,IN,0,NORMAL_BANKING_FLOW
TX_BOB_116205,BOB_ACC_20046,BOB_ACC_20123,28874.55,2026-01-11 02:21:52,TRANSFER,IMPS,Bank of Baroda,IN,0,NORMAL_BANKING_FLOW
TX_BOB_116206,BOB_ACC_20041,BOB_ACC_20243,16002.51,2026-01-11 00:01:45,SETTLEMENT,NEFT,Bank of Baroda,IN,0,NORMAL_BANKING_FLOW
TX_BOB_116207,BOB_ACC_20234,BOB_ACC_20180,95883.26,2026-01-11 10:25:12,TRANSFER,IMPS,Bank of Baroda,IN,0,NORMAL_BANKING_FLOW
TX_BOB_116208,BOB_ACC_20225,SBI_ACC_20048,17638.45,2026-01-11 06:24:40,TRANSFER,IMPS,Bank of Baroda,IN,0,NORMAL_BANKING_FLOW
TX_BOB_116209,BOB_ACC_20145,BOB_ACC_20045,120165.15,2026-01-11 00:02:48,TRANSFER,IMPS,Bank of Baroda,IN,0,NORMAL_BANKING_FLOW
TX_BOB_116210,BOB_ACC_20138,CANARA_ACC_20094,12288.53,2026-01-11 09:07:12,SETTLEMENT,NEFT,Bank of Baroda,IN,0,NORMAL_BANKING_FLOW
TX_BOB_116211,BOB_ACC_20064,BOB_ACC_20061,97443.44,2026-01-11 11:49:20,TRANSFER,IMPS,Bank of Baroda,IN,0,NORMAL_BANKING_FLOW
TX_BOB_116212,BOB_ACC_20146,BOB_ACC_20239,32239.35,2026-01-11 04:06:03,SETTLEMENT,NEFT,Bank of Baroda,IN,0,NORMAL_BANKING_FLOW
TX_BOB_116213,BOB_ACC_20160,BOB_ACC_20054,85986.62,2026-01-11 12:31:36,SETTLEMENT,NEFT,Bank of Baroda,IN,0,NORMAL_BANKING_FLOW
TX_BOB_116214,BOB_ACC_20248,CANARA_ACC_20224,148983.25,2026-01-11 03:46:56,SETTLEMENT,NEFT,Bank of Baroda,IN,0,NORMAL_BANKING_FLOW
TX_BOB_116215,BOB_ACC_20118,BOB_ACC_20141,9707.49,2026-01-11 13:14:00,SETTLEMENT,NEFT,Bank of Baroda,IN,0,NORMAL_BANKING_FLOW
TX_BOB_116216,BOB_ACC_20023,KOTAK_ACC_20236,84812.2,2026-01-11 10:53:15,SETTLEMENT,NEFT,Bank of Baroda,IN,0,NORMAL_BANKING_FLOW
TX_BOB_116217,BOB_ACC_20034,YES_ACC_20010,7570.29,2026-01-11 01:06:24,TRANSFER,IMPS,Bank of Baroda,IN,0,NORMAL_BANKING_FLOW
TX_BOB_116218,BOB_ACC_20184,PNB_ACC_20121,10483.25,2026-01-11 11:15:18,TRANSFER,IMPS,Bank of Baroda,IN,0,NORMAL_BANKING_FLOW
TX_BOB_116219,BOB_ACC_20207,SBI_ACC_20226,13055.07,2026-01-11 07:53:12,TRANSFER,IMPS,Bank of Baroda,IN,0,NORMAL_BANKING_FLOW
TX_BOB_116220,BOB_ACC_20177,BOB_ACC_20200,42330.92,2026-01-10 23:05:42,TRANSFER,IMPS,Bank of Baroda,IN,0,NORMAL_BANKING_FLOW
TX_BOB_116221,BOB_ACC_20184,SBI_ACC_20141,27714.59,2026-01-11 09:56:40,TRANSFER,IMPS,Bank of Baroda,IN,0,NORMAL_BANKING_FLOW
TX_BOB_116222,BOB_ACC_20056,BOB_ACC_20183,23146.01,2026-01-11 10:17:51,SETTLEMENT,NEFT,Bank of Baroda,IN,0,NORMAL_BANKING_FLOW
TX_BOB_116223,BOB_ACC_20045,BOB_ACC_20139,30687.53,2026-01-11 03:11:00,TRANSFER,IMPS,Bank of Baroda,IN,0,NORMAL_BANKING_FLOW
TX_BOB_116224,BOB_ACC_20115,BOB_ACC_20041,45805.55,2026-01-11 08:17:15,SETTLEMENT,NEFT,Bank of Baroda,IN,0,NORMAL_BANKING_FLOW
TX_BOB_116225,BOB_ACC_20166,HDFC_ACC_20228,49090.62,2026-01-11 10:20:24,SETTLEMENT,NEFT,Bank of Baroda,IN,0,NORMAL_BANKING_FLOW
TX_BOB_116226,BOB_ACC_20161,BOB_ACC_20157,72023.67,2026-01-10 23:27:55,SETTLEMENT,NEFT,Bank of Baroda,IN,0,NORMAL_BANKING_FLOW
TX_BOB_116227,BOB_ACC_20126,YES_ACC_20049,138417.72,2026-01-11 00:09:06,SETTLEMENT,NEFT,Bank of Baroda,IN,0,NORMAL_BANKING_FLOW
TX_BOB_116228,BOB_ACC_20013,INDUS_ACC_20165,26390.88,2026-01-11 06:17:33,SETTLEMENT,NEFT,Bank of Baroda,IN,0,NORMAL_BANKING_FLOW
TX_BOB_116229,BOB_ACC_20066,KOTAK_ACC_20116,16831.71,2026-01-11 01:11:12,SETTLEMENT,NEFT,Bank of Baroda,IN,0,NORMAL_BANKING_FLOW
TX_BOB_116230,BOB_ACC_20148,INDUS_ACC_20120,46731.91,2026-01-10 22:07:15,TRANSFER,IMPS,Bank of Baroda,IN,0,NORMAL_BANKING_FLOW
TX_BOB_116231,BOB_ACC_20116,BOB_ACC_20037,9606.26,2026-01-11 03:35:30,SETTLEMENT,NEFT,Bank of Baroda,IN,0,NORMAL_BANKING_FLOW
TX_BOB_116232,BOB_ACC_20228,ICICI_ACC_20111,14605.69,2026-01-11 02:54:59,SETTLEMENT,NEFT,Bank of Baroda,IN,0,NORMAL_BANKING_FLOW
TX_BOB_116233,BOB_ACC_20206,BOB_ACC_20177,66134.3,2026-01-11 12:50:56,SETTLEMENT,NEFT,Bank of Baroda,IN,0,NORMAL_BANKING_FLOW
TX_BOB_116234,BOB_ACC_20086,INDUS_ACC_20227,24059.48,2026-01-11 11:50:15,SETTLEMENT,NEFT,Bank of Baroda,IN,0,NORMAL_BANKING_FLOW
TX_BOB_116235,BOB_ACC_20028,BOB_ACC_20219,9069.09,2026-01-11 12:32:18,SETTLEMENT,NEFT,Bank of Baroda,IN,0,NORMAL_BANKING_FLOW
TX_BOB_116236,BOB_ACC_20091,BOB_ACC_20082,7038.69,2026-01-10 22:08:45,SETTLEMENT,NEFT,Bank of Baroda,IN,0,NORMAL_BANKING_FLOW
TX_BOB_116237,BOB_ACC_20239,BOB_ACC_20191,28109.0,2026-01-11 12:54:48,SETTLEMENT,NEFT,Bank of Baroda,IN,0,NORMAL_BANKING_FLOW
TX_BOB_116238,BOB_ACC_20123,KOTAK_ACC_20050,75184.99,2026-01-11 12:35:09,SETTLEMENT,NEFT,Bank of Baroda,IN,0,NORMAL_BANKING_FLOW
TX_BOB_116239,BOB_ACC_20052,BOB_ACC_20040,74287.0,2026-01-11 11:54:50,TRANSFER,IMPS,Bank of Baroda,IN,0,NORMAL_BANKING_FLOW
TX_BOB_116240,BOB_ACC_20002,BOB_ACC_20232,29726.45,2026-01-11 12:37:03,SETTLEMENT,NEFT,Bank of Baroda,IN,0,NORMAL_BANKING_FLOW
TX_BOB_116241,BOB_ACC_20054,BOB_ACC_20159,164065.08,2026-01-11 06:05:20,TRANSFER,IMPS,Bank of Baroda,IN,0,NORMAL_BANKING_FLOW
TX_BOB_116242,BOB_ACC_20073,BOB_ACC_20143,24481.22,2026-01-11 12:18:16,TRANSFER,IMPS,Bank of Baroda,IN,0,NORMAL_BANKING_FLOW
TX_BOB_116243,BOB_ACC_20230,AXIS_ACC_20176,23748.84,2026-01-11 04:43:48,SETTLEMENT,NEFT,Bank of Baroda,IN,0,NORMAL_BANKING_FLOW
TX_BOB_116244,BOB_ACC_20003,BOB_ACC_20121,2668.6,2026-01-11 01:17:12,SETTLEMENT,NEFT,Bank of Baroda,IN,0,NORMAL_BANKING_FLOW
TX_BOB_116245,BOB_ACC_20051,BOB_ACC_20241,17986.44,2026-01-10 23:33:56,SETTLEMENT,NEFT,Bank of Baroda,IN,0,NORMAL_BANKING_FLOW
TX_BOB_116246,BOB_ACC_20244,BOB_ACC_20110,57919.74,2026-01-10 23:34:15,TRANSFER,IMPS,Bank of Baroda,IN,0,NORMAL_BANKING_FLOW
TX_BOB_116247,BOB_ACC_20207,BOB_ACC_20054,109926.28,2026-01-11 09:36:48,TRANSFER,IMPS,Bank of Baroda,IN,0,NORMAL_BANKING_FLOW
TX_BOB_116248,BOB_ACC_20215,PNB_ACC_20196,12743.66,2026-01-11 11:00:44,TRANSFER,IMPS,Bank of Baroda,IN,0,NORMAL_BANKING_FLOW
TX_BOB_116249,BOB_ACC_20160,BOB_ACC_20198,40783.26,2026-01-11 03:44:48,SETTLEMENT,NEFT,Bank of Baroda,IN,0,NORMAL_BANKING_FLOW
TX_BOB_116250,BOB_ACC_20019,BOB_ACC_20144,69022.73,2026-01-11 08:57:34,TRANSFER,IMPS,Bank of Baroda,IN,0,NORMAL_BANKING_FLOW
TX_BOB_116251,BOB_ACC_20055,KOTAK_ACC_20193,27175.94,2026-01-11 04:27:30,SETTLEMENT,NEFT,Bank of Baroda,IN,0,NORMAL_BANKING_FLOW
TX_BOB_116252,BOB_ACC_20141,YES_ACC_20200,3446.27,2026-01-10 23:15:18,TRANSFER,IMPS,Bank of Baroda,IN,0,NORMAL_BANKING_FLOW
TX_BOB_116253,BOB_ACC_20157,HDFC_ACC_20145,33609.4,2026-01-10 22:13:00,SETTLEMENT,NEFT,Bank of Baroda,IN,0,NORMAL_BANKING_FLOW
TX_BOB_116254,BOB_ACC_20140,BOB_ACC_20056,53385.13,2026-01-11 02:23:51,TRANSFER,IMPS,Bank of Baroda,IN,0,NORMAL_BANKING_FLOW
TX_BOB_116255,BOB_ACC_20049,BOB_ACC_20146,11468.04,2026-01-11 01:00:42,SETTLEMENT,NEFT,Bank of Baroda,IN,0,NORMAL_BANKING_FLOW
TX_BOB_116256,BOB_ACC_20106,AXIS_ACC_20215,21402.46,2026-01-11 05:33:00,SETTLEMENT,NEFT,Bank of Baroda,IN,0,NORMAL_BANKING_FLOW
TX_BOB_116257,BOB_ACC_20006,BOB_ACC_20248,9509.57,2026-01-11 03:28:00,SETTLEMENT,NEFT,Bank of Baroda,IN,0,NORMAL_BANKING_FLOW
TX_BOB_116258,BOB_ACC_20191,AXIS_ACC_20241,2662.09,2026-01-11 10:48:27,TRANSFER,IMPS,Bank of Baroda,IN,0,NORMAL_BANKING_FLOW
TX_BOB_116259,BOB_ACC_20139,BOB_ACC_20248,67799.08,2026-01-11 10:28:20,TRANSFER,IMPS,Bank of Baroda,IN,0,NORMAL_BANKING_FLOW
TX_BOB_116260,BOB_ACC_20173,BOB_ACC_20052,26812.58,2026-01-11 02:26:33,SETTLEMENT,NEFT,Bank of Baroda,IN,0,NORMAL_BANKING_FLOW
TX_BOB_116261,BOB_ACC_20083,SBI_ACC_20083,113312.81,2026-01-11 12:57:00,TRANSFER,IMPS,Bank of Baroda,IN,0,NORMAL_BANKING_FLOW
TX_BOB_116262,BOB_ACC_20161,CANARA_ACC_20154,58197.05,2026-01-11 10:30:50,SETTLEMENT,NEFT,Bank of Baroda,IN,0,NORMAL_BANKING_FLOW
TX_BOB_116263,BOB_ACC_20191,BOB_ACC_20072,19559.4,2026-01-11 13:40:58,SETTLEMENT,NEFT,Bank of Baroda,IN,0,NORMAL_BANKING_FLOW
TX_BOB_116264,BOB_ACC_20082,PNB_ACC_20017,24962.69,2026-01-11 09:50:24,SETTLEMENT,NEFT,Bank of Baroda,IN,0,NORMAL_BANKING_FLOW
TX_BOB_116265,BOB_ACC_20124,BOB_ACC_20077,44781.91,2026-01-11 05:59:28,SETTLEMENT,NEFT,Bank of Baroda,IN,0,NORMAL_BANKING_FLOW
TX_BOB_116266,BOB_ACC_20224,BOB_ACC_20050,64228.03,2026-01-11 01:04:55,TRANSFER,IMPS,Bank of Baroda,IN,0,NORMAL_BANKING_FLOW
TX_BOB_116267,BOB_ACC_20061,BOB_ACC_20119,35968.67,2026-01-10 23:19:48,SETTLEMENT,NEFT,Bank of Baroda,IN,0,NORMAL_BANKING_FLOW
TX_BOB_116268,BOB_ACC_20134,BOB_ACC_20075,72768.16,2026-01-10 22:58:59,SETTLEMENT,NEFT,Bank of Baroda,IN,0,NORMAL_BANKING_FLOW
TX_BOB_116269,BOB_ACC_20160,BOB_ACC_20069,20599.01,2026-01-11 01:06:04,SETTLEMENT,NEFT,Bank of Baroda,IN,0,NORMAL_BANKING_FLOW
TX_BOB_116270,BOB_ACC_20248,BOB_ACC_20154,10966.17,2026-01-11 13:05:33,SETTLEMENT,NEFT,Bank of Baroda,IN,0,NORMAL_BANKING_FLOW
TX_BOB_116271,BOB_ACC_20231,BOB_ACC_20113,25378.86,2026-01-11 01:28:00,TRANSFER,IMPS,Bank of Baroda,IN,0,NORMAL_BANKING_FLOW
TX_BOB_116272,BOB_ACC_20162,BOB_ACC_20125,32359.61,2026-01-11 07:49:42,SETTLEMENT,NEFT,Bank of Baroda,IN,0,NORMAL_BANKING_FLOW
TX_BOB_116273,BOB_ACC_20061,BOB_ACC_20239,9123.59,2026-01-11 11:43:36,SETTLEMENT,NEFT,Bank of Baroda,IN,0,NORMAL_BANKING_FLOW
TX_BOB_116274,BOB_ACC_20200,BOB_ACC_20062,8078.41,2026-01-11 03:57:43,TRANSFER,IMPS,Bank of Baroda,IN,0,NORMAL_BANKING_FLOW
TX_BOB_116275,BOB_ACC_20116,BOB_ACC_20002,40241.24,2026-01-10 22:18:30,SETTLEMENT,NEFT,Bank of Baroda,IN,0,NORMAL_BANKING_FLOW
TX_BOB_116276,BOB_ACC_20150,YES_ACC_20152,18662.64,2026-01-11 04:20:00,SETTLEMENT,NEFT,Bank of Baroda,IN,0,NORMAL_BANKING_FLOW
TX_BOB_116277,BOB_ACC_20201,BOB_ACC_20148,23173.0,2026-01-11 11:04:36,SETTLEMENT,NEFT,Bank of Baroda,IN,0,NORMAL_BANKING_FLOW
TX_BOB_116278,BOB_ACC_20025,BOB_ACC_20013,19463.12,2026-01-11 13:34:26,SETTLEMENT,NEFT,Bank of Baroda,IN,0,NORMAL_BANKING_FLOW
TX_BOB_116279,BOB_ACC_20017,INDUS_ACC_20042,105719.1,2026-01-11 02:13:48,SETTLEMENT,NEFT,Bank of Baroda,IN,0,NORMAL_BANKING_FLOW
TX_BOB_116280,BOB_ACC_20094,BOB_ACC_20072,83749.46,2026-01-11 02:14:14,TRANSFER,IMPS,Bank of Baroda,IN,0,NORMAL_BANKING_FLOW
TX_BOB_116281,BOB_ACC_20002,BOB_ACC_20033,8834.16,2026-01-10 23:45:20,TRANSFER,IMPS,Bank of Baroda,IN,0,NORMAL_BANKING_FLOW
TX_BOB_116282,BOB_ACC_20056,CANARA_ACC_20130,16655.34,2026-01-11 01:11:03,SETTLEMENT,NEFT,Bank of Baroda,IN,0,NORMAL_BANKING_FLOW
TX_BOB_116283,BOB_ACC_20233,CANARA_ACC_20103,57815.02,2026-01-11 07:57:24,TRANSFER,IMPS,Bank of Baroda,IN,0,NORMAL_BANKING_FLOW
TX_BOB_116284,BOB_ACC_20225,BOB_ACC_20157,46246.57,2026-01-11 07:58:06,TRANSFER,IMPS,Bank of Baroda,IN,0,NORMAL_BANKING_FLOW
TX_BOB_116285,BOB_ACC_20192,BOB_ACC_20126,25917.87,2026-01-11 05:07:36,SETTLEMENT,NEFT,Bank of Baroda,IN,0,NORMAL_BANKING_FLOW
TX_BOB_116286,BOB_ACC_20022,CANARA_ACC_20087,9663.97,2026-01-11 01:55:25,TRANSFER,IMPS,Bank of Baroda,IN,0,NORMAL_BANKING_FLOW
TX_BOB_116287,BOB_ACC_20163,BOB_ACC_20179,14555.35,2026-01-11 09:47:22,TRANSFER,IMPS,Bank of Baroda,IN,0,NORMAL_BANKING_FLOW
TX_BOB_116288,BOB_ACC_20145,HDFC_ACC_20160,16897.3,2026-01-11 03:00:36,TRANSFER,IMPS,Bank of Baroda,IN,0,NORMAL_BANKING_FLOW
TX_BOB_116289,BOB_ACC_20089,BOB_ACC_20224,34520.03,2026-01-10 23:04:56,TRANSFER,IMPS,Bank of Baroda,IN,0,NORMAL_BANKING_FLOW
TX_BOB_116290,BOB_ACC_20056,BOB_ACC_20216,124661.14,2026-01-11 05:10:26,SETTLEMENT,NEFT,Bank of Baroda,IN,0,NORMAL_BANKING_FLOW
TX_BOB_116291,BOB_ACC_20229,AXIS_ACC_20010,14498.61,2026-01-11 04:49:30,SETTLEMENT,NEFT,Bank of Baroda,IN,0,NORMAL_BANKING_FLOW
TX_BOB_116292,BOB_ACC_20196,BOB_ACC_20185,10684.7,2026-01-11 13:47:58,SETTLEMENT,NEFT,Bank of Baroda,IN,0,NORMAL_BANKING_FLOW
TX_BOB_116293,BOB_ACC_20202,KOTAK_ACC_20090,24398.38,2026-01-11 12:22:48,SETTLEMENT,NEFT,Bank of Baroda,IN,0,NORMAL_BANKING_FLOW
TX_BOB_116294,BOB_ACC_20222,BOB_ACC_20170,68088.6,2026-01-11 07:22:00,SETTLEMENT,NEFT,Bank of Baroda,IN,0,NORMAL_BANKING_FLOW
TX_BOB_116295,BOB_ACC_20246,BOB_ACC_20099,7315.9,2026-01-10 22:45:04,TRANSFER,IMPS,Bank of Baroda,IN,0,NORMAL_BANKING_FLOW
TX_BOB_116296,BOB_ACC_20218,BOB_ACC_20082,99535.61,2026-01-11 08:49:40,TRANSFER,IMPS,Bank of Baroda,IN,0,NORMAL_BANKING_FLOW
TX_BOB_116297,BOB_ACC_20157,BOB_ACC_20081,23044.25,2026-01-11 03:48:00,TRANSFER,IMPS,Bank of Baroda,IN,0,NORMAL_BANKING_FLOW
TX_BOB_116298,BOB_ACC_20020,BOB_ACC_20141,13892.61,2026-01-11 11:22:27,SETTLEMENT,NEFT,Bank of Baroda,IN,0,NORMAL_BANKING_FLOW
TX_BOB_116299,BOB_ACC_20230,BOB_ACC_20025,6373.03,2026-01-10 22:46:08,TRANSFER,IMPS,Bank of Baroda,IN,0,NORMAL_BANKING_FLOW
TX_BOB_116300,BOB_ACC_20035,BOB_ACC_20124,50811.03,2026-01-11 05:37:45,SETTLEMENT,NEFT,Bank of Baroda,IN,0,NORMAL_BANKING_FLOW
TX_BOB_116301,BOB_ACC_20035,AXIS_ACC_20230,23062.1,2026-01-11 14:18:20,SETTLEMENT,NEFT,Bank of Baroda,IN,0,NORMAL_BANKING_FLOW
TX_BOB_116302,BOB_ACC_20028,YES_ACC_20028,31370.87,2026-01-11 10:20:48,TRANSFER,IMPS,Bank of Baroda,IN,0,NORMAL_BANKING_FLOW
TX_BOB_116303,BOB_ACC_20049,CANARA_ACC_20213,11959.36,2026-01-11 07:06:18,SETTLEMENT,NEFT,Bank of Baroda,IN,0,NORMAL_BANKING_FLOW
TX_BOB_116304,BOB_ACC_20026,CANARA_ACC_20024,20187.39,2026-01-11 02:46:21,SETTLEMENT,NEFT,Bank of Baroda,IN,0,NORMAL_BANKING_FLOW
TX_BOB_116305,BOB_ACC_20039,BOB_ACC_20083,17362.65,2026-01-10 22:47:44,TRANSFER,IMPS,Bank of Baroda,IN,0,NORMAL_BANKING_FLOW
TX_BOB_116306,BOB_ACC_20116,CANARA_ACC_20054,24574.54,2026-01-10 22:26:15,SETTLEMENT,NEFT,Bank of Baroda,IN,0,NORMAL_BANKING_FLOW
TX_BOB_116307,BOB_ACC_20018,AXIS_ACC_20225,14726.49,2026-01-11 06:47:08,SETTLEMENT,NEFT,Bank of Baroda,IN,0,NORMAL_BANKING_FLOW
TX_BOB_116308,BOB_ACC_20086,BOB_ACC_20203,6763.1,2026-01-11 13:19:52,TRANSFER,IMPS,Bank of Baroda,IN,0,NORMAL_BANKING_FLOW
TX_BOB_116309,BOB_ACC_20246,BOB_ACC_20005,313529.83,2026-01-11 07:32:00,SETTLEMENT,NEFT,Bank of Baroda,IN,0,NORMAL_BANKING_FLOW
TX_BOB_116310,BOB_ACC_20149,BOB_ACC_20155,7886.72,2026-01-10 23:32:42,SETTLEMENT,NEFT,Bank of Baroda,IN,0,NORMAL_BANKING_FLOW
TX_BOB_116311,BOB_ACC_20021,ICICI_ACC_20041,31675.95,2026-01-11 11:11:40,SETTLEMENT,NEFT,Bank of Baroda,IN,0,NORMAL_BANKING_FLOW
TX_BOB_116312,BOB_ACC_20159,BOB_ACC_20003,5459.84,2026-01-11 09:45:06,TRANSFER,IMPS,Bank of Baroda,IN,0,NORMAL_BANKING_FLOW
TX_BOB_116313,BOB_ACC_20111,BOB_ACC_20240,4458.9,2026-01-11 14:08:16,SETTLEMENT,NEFT,Bank of Baroda,IN,0,NORMAL_BANKING_FLOW
TX_BOB_116314,BOB_ACC_20195,SBI_ACC_20045,29379.25,2026-01-10 23:12:01,SETTLEMENT,NEFT,Bank of Baroda,IN,0,NORMAL_BANKING_FLOW
TX_BOB_116315,BOB_ACC_20001,BOB_ACC_20138,31474.43,2026-01-11 13:26:24,TRANSFER,IMPS,Bank of Baroda,IN,0,NORMAL_BANKING_FLOW
TX_BOB_116316,BOB_ACC_20166,BOB_ACC_20040,83729.7,2026-01-11 07:36:40,TRANSFER,IMPS,Bank of Baroda,IN,0,NORMAL_BANKING_FLOW
TX_BOB_116317,BOB_ACC_20213,BOB_ACC_20073,38545.4,2026-01-10 23:34:48,SETTLEMENT,NEFT,Bank of Baroda,IN,0,NORMAL_BANKING_FLOW
TX_BOB_116318,BOB_ACC_20071,BOB_ACC_20212,23509.75,2026-01-11 02:08:45,SETTLEMENT,NEFT,Bank of Baroda,IN,0,NORMAL_BANKING_FLOW
TX_BOB_116319,BOB_ACC_20133,KOTAK_ACC_20128,11445.59,2026-01-10 22:29:30,SETTLEMENT,NEFT,Bank of Baroda,IN,0,NORMAL_BANKING_FLOW
TX_BOB_116320,BOB_ACC_20019,BOB_ACC_20124,103684.81,2026-01-11 05:49:25,SETTLEMENT,NEFT,Bank of Baroda,IN,0,NORMAL_BANKING_FLOW
TX_BOB_116321,BOB_ACC_20005,BOB_ACC_20061,62066.78,2026-01-11 01:26:00,SETTLEMENT,NEFT,Bank of Baroda,IN,0,NORMAL_BANKING_FLOW
TX_BOB_116322,BOB_ACC_20216,BOB_ACC_20081,8763.09,2026-01-11 01:48:24,TRANSFER,IMPS,Bank of Baroda,IN,0,NORMAL_BANKING_FLOW
TX_BOB_116323,BOB_ACC_20210,PNB_ACC_20037,27838.28,2026-01-11 14:39:58,SETTLEMENT,NEFT,Bank of Baroda,IN,0,NORMAL_BANKING_FLOW
TX_BOB_116324,BOB_ACC_20057,BOB_ACC_20156,30627.3,2026-01-10 23:58:57,TRANSFER,IMPS,Bank of Baroda,IN,0,NORMAL_BANKING_FLOW
TX_BOB_116325,BOB_ACC_20096,BOB_ACC_20025,19710.6,2026-01-11 05:30:16,SETTLEMENT,NEFT,Bank of Baroda,IN,0,NORMAL_BANKING_FLOW
TX_BOB_116326,BOB_ACC_20029,ICICI_ACC_20006,53888.13,2026-01-10 22:53:20,SETTLEMENT,NEFT,Bank of Baroda,IN,0,NORMAL_BANKING_FLOW
TX_BOB_116327,BOB_ACC_20167,BOB_ACC_20133,56872.08,2026-01-11 11:47:06,SETTLEMENT,NEFT,Bank of Baroda,IN,0,NORMAL_BANKING_FLOW
TX_BOB_116328,BOB_ACC_20126,BOB_ACC_20180,22664.68,2026-01-11 03:19:16,TRANSFER,IMPS,Bank of Baroda,IN,0,NORMAL_BANKING_FLOW
TX_BOB_116329,BOB_ACC_20195,BOB_ACC_20003,20894.01,2026-01-11 09:36:00,TRANSFER,IMPS,Bank of Baroda,IN,0,NORMAL_BANKING_FLOW
TX_BOB_116330,BOB_ACC_20044,BOB_ACC_20148,103679.8,2026-01-11 10:43:12,TRANSFER,IMPS,Bank of Baroda,IN,0,NORMAL_BANKING_FLOW
TX_BOB_116331,BOB_ACC_20064,BOB_ACC_20044,62289.93,2026-01-11 09:59:40,TRANSFER,IMPS,Bank of Baroda,IN,0,NORMAL_BANKING_FLOW
TX_BOB_116332,BOB_ACC_20004,BOB_ACC_20037,28713.55,2026-01-11 11:51:21,SETTLEMENT,NEFT,Bank of Baroda,IN,0,NORMAL_BANKING_FLOW
TX_BOB_116333,BOB_ACC_20002,BOB_ACC_20091,6208.73,2026-01-11 07:48:00,SETTLEMENT,NEFT,Bank of Baroda,IN,0,NORMAL_BANKING_FLOW
TX_BOB_116334,BOB_ACC_20122,BOB_ACC_20115,36665.81,2026-01-10 23:39:54,SETTLEMENT,NEFT,Bank of Baroda,IN,0,NORMAL_BANKING_FLOW
TX_BOB_116335,BOB_ACC_20165,BOB_ACC_20107,50426.65,2026-01-11 06:42:38,SETTLEMENT,NEFT,Bank of Baroda,IN,0,NORMAL_BANKING_FLOW
TX_BOB_116336,BOB_ACC_20216,HDFC_ACC_20091,2255.06,2026-01-11 13:23:45,TRANSFER,IMPS,Bank of Baroda,IN,0,NORMAL_BANKING_FLOW
TX_BOB_116337,BOB_ACC_20109,BOB_ACC_20003,33748.2,2026-01-11 09:19:44,SETTLEMENT,NEFT,Bank of Baroda,IN,0,NORMAL_BANKING_FLOW
TX_BOB_116338,BOB_ACC_20188,BOB_ACC_20001,18489.85,2026-01-11 14:10:09,TRANSFER,IMPS,Bank of Baroda,IN,0,NORMAL_BANKING_FLOW
TX_BOB_116339,BOB_ACC_20004,BOB_ACC_20006,22053.6,2026-01-11 01:10:36,SETTLEMENT,NEFT,Bank of Baroda,IN,0,NORMAL_BANKING_FLOW
TX_BOB_116340,BOB_ACC_20031,YES_ACC_20186,11888.86,2026-01-11 10:51:12,TRANSFER,IMPS,Bank of Baroda,IN,0,NORMAL_BANKING_FLOW
TX_BOB_116341,BOB_ACC_20113,BOB_ACC_20247,23544.08,2026-01-10 23:42:00,TRANSFER,IMPS,Bank of Baroda,IN,0,NORMAL_BANKING_FLOW
TX_BOB_116342,BOB_ACC_20223,SBI_ACC_20143,94163.92,2026-01-11 13:06:54,SETTLEMENT,NEFT,Bank of Baroda,IN,0,NORMAL_BANKING_FLOW
TX_BOB_116343,BOB_ACC_20085,AXIS_ACC_20205,18002.06,2026-01-11 11:15:58,SETTLEMENT,NEFT,Bank of Baroda,IN,0,NORMAL_BANKING_FLOW
TX_BOB_116344,BOB_ACC_20234,AXIS_ACC_20006,64152.36,2026-01-11 10:09:38,SETTLEMENT,NEFT,Bank of Baroda,IN,0,NORMAL_BANKING_FLOW
TX_BOB_116345,BOB_ACC_20142,CANARA_ACC_20167,13020.78,2026-01-11 05:41:36,TRANSFER,IMPS,Bank of Baroda,IN,0,NORMAL_BANKING_FLOW
TX_BOB_116346,BOB_ACC_20150,SBI_ACC_20182,53256.79,2026-01-11 05:42:10,SETTLEMENT,NEFT,Bank of Baroda,IN,0,NORMAL_BANKING_FLOW
TX_BOB_116347,BOB_ACC_20040,BOB_ACC_20201,26943.31,2026-01-11 15:26:00,SETTLEMENT,NEFT,Bank of Baroda,IN,0,NORMAL_BANKING_FLOW
TX_BOB_116348,BOB_ACC_20218,BOB_ACC_20056,36931.58,2026-01-11 11:42:30,SETTLEMENT,NEFT,Bank of Baroda,IN,0,NORMAL_BANKING_FLOW
TX_BOB_116349,BOB_ACC_20093,AXIS_ACC_20202,27076.95,2026-01-11 01:36:44,SETTLEMENT,NEFT,Bank of Baroda,IN,0,NORMAL_BANKING_FLOW
TX_BOB_116350,BOB_ACC_20154,YES_ACC_20107,47928.36,2026-01-11 05:21:57,TRANSFER,IMPS,Bank of Baroda,IN,0,NORMAL_BANKING_FLOW
TX_BOB_116351,BOB_ACC_20089,BOB_ACC_20062,2668.24,2026-01-11 10:37:30,SETTLEMENT,NEFT,Bank of Baroda,IN,0,NORMAL_BANKING_FLOW
TX_BOB_116352,BOB_ACC_20196,BOB_ACC_20078,7496.24,2026-01-11 10:38:17,SETTLEMENT,NEFT,Bank of Baroda,IN,0,NORMAL_BANKING_FLOW
TX_BOB_116353,BOB_ACC_20202,BOB_ACC_20153,39158.49,2026-01-11 03:30:56,TRANSFER,IMPS,Bank of Baroda,IN,0,NORMAL_BANKING_FLOW
TX_BOB_116354,BOB_ACC_20206,BOB_ACC_20080,4276.18,2026-01-11 06:54:21,TRANSFER,IMPS,Bank of Baroda,IN,0,NORMAL_BANKING_FLOW
TX_BOB_116355,BOB_ACC_20135,BOB_ACC_20007,16688.54,2026-01-11 04:17:00,TRANSFER,IMPS,Bank of Baroda,IN,0,NORMAL_BANKING_FLOW
TX_BOB_116356,BOB_ACC_20177,HDFC_ACC_20048,25619.09,2026-01-11 08:48:30,TRANSFER,IMPS,Bank of Baroda,IN,0,NORMAL_BANKING_FLOW
TX_BOB_116357,BOB_ACC_20229,BOB_ACC_20214,12767.7,2026-01-11 12:12:36,TRANSFER,IMPS,Bank of Baroda,IN,0,NORMAL_BANKING_FLOW
TX_BOB_116358,BOB_ACC_20063,BOB_ACC_20125,14437.65,2026-01-11 05:03:44,TRANSFER,IMPS,Bank of Baroda,IN,0,NORMAL_BANKING_FLOW
TX_BOB_116359,BOB_ACC_20197,BOB_ACC_20229,34352.29,2026-01-11 12:14:18,SETTLEMENT,NEFT,Bank of Baroda,IN,0,NORMAL_BANKING_FLOW
TX_BOB_116360,BOB_ACC_20031,AXIS_ACC_20173,66727.03,2026-01-11 01:40:57,TRANSFER,IMPS,Bank of Baroda,IN,0,NORMAL_BANKING_FLOW
TX_BOB_116361,BOB_ACC_20002,BOB_ACC_20040,11354.8,2026-01-11 09:14:40,TRANSFER,IMPS,Bank of Baroda,IN,0,NORMAL_BANKING_FLOW
TX_BOB_116362,BOB_ACC_20177,BOB_ACC_20128,16033.69,2026-01-11 13:47:35,TRANSFER,IMPS,Bank of Baroda,IN,0,NORMAL_BANKING_FLOW
TX_BOB_116363,BOB_ACC_20121,ICICI_ACC_20172,13930.91,2026-01-11 11:32:18,TRANSFER,IMPS,Bank of Baroda,IN,0,NORMAL_BANKING_FLOW
TX_BOB_116364,BOB_ACC_20162,BOB_ACC_20015,3043.48,2026-01-11 08:54:06,SETTLEMENT,NEFT,Bank of Baroda,IN,0,NORMAL_BANKING_FLOW
TX_BOB_116365,BOB_ACC_20029,BOB_ACC_20215,30562.85,2026-01-11 08:54:48,TRANSFER,IMPS,Bank of Baroda,IN,0,NORMAL_BANKING_FLOW
TX_BOB_116366,BOB_ACC_20224,BOB_ACC_20205,62395.35,2026-01-11 11:12:00,SETTLEMENT,NEFT,Bank of Baroda,IN,0,NORMAL_BANKING_FLOW
TX_BOB_116367,BOB_ACC_20232,BOB_ACC_20126,67169.79,2026-01-11 07:47:54,TRANSFER,IMPS,Bank of Baroda,IN,0,NORMAL_BANKING_FLOW
TX_BOB_116368,BOB_ACC_20118,BOB_ACC_20229,12287.16,2026-01-11 10:05:15,TRANSFER,IMPS,Bank of Baroda,IN,0,NORMAL_BANKING_FLOW
TX_BOB_116369,BOB_ACC_20100,BOB_ACC_20164,8720.85,2026-01-11 01:44:24,SETTLEMENT,NEFT,Bank of Baroda,IN,0,NORMAL_BANKING_FLOW
TX_BOB_116370,BOB_ACC_20236,BOB_ACC_20075,27431.44,2026-01-11 10:06:45,SETTLEMENT,NEFT,Bank of Baroda,IN,0,NORMAL_BANKING_FLOW
TX_BOB_116371,BOB_ACC_20139,BOB_ACC_20224,56746.33,2026-01-11 02:08:00,SETTLEMENT,NEFT,Bank of Baroda,IN,0,NORMAL_BANKING_FLOW
TX_BOB_116372,BOB_ACC_20219,BOB_ACC_20184,30926.4,2026-01-11 14:42:27,SETTLEMENT,NEFT,Bank of Baroda,IN,0,NORMAL_BANKING_FLOW
TX_BOB_116373,BOB_ACC_20208,AXIS_ACC_20101,34904.61,2026-01-11 14:43:24,TRANSFER,IMPS,Bank of Baroda,IN,0,NORMAL_BANKING_FLOW
TX_BOB_116374,BOB_ACC_20247,ICICI_ACC_20188,75180.55,2026-01-11 13:12:49,SETTLEMENT,NEFT,Bank of Baroda,IN,0,NORMAL_BANKING_FLOW
TX_BOB_116375,BOB_ACC_20013,CANARA_ACC_20111,13832.51,2026-01-11 03:41:12,SETTLEMENT,NEFT,Bank of Baroda,IN,0,NORMAL_BANKING_FLOW
TX_BOB_116376,BOB_ACC_20148,CANARA_ACC_20013,22071.16,2026-01-11 13:14:35,TRANSFER,IMPS,Bank of Baroda,IN,0,NORMAL_BANKING_FLOW
TX_BOB_116377,BOB_ACC_20026,KOTAK_ACC_20081,117142.33,2026-01-11 12:29:36,TRANSFER,IMPS,Bank of Baroda,IN,0,NORMAL_BANKING_FLOW
TX_BOB_116378,BOB_ACC_20182,BOB_ACC_20081,22536.02,2026-01-11 06:46:12,TRANSFER,IMPS,Bank of Baroda,IN,0,NORMAL_BANKING_FLOW
TX_BOB_116379,BOB_ACC_20220,BOB_ACC_20006,8598.96,2026-01-11 14:03:10,SETTLEMENT,NEFT,Bank of Baroda,IN,0,NORMAL_BANKING_FLOW
TX_BOB_116380,BOB_ACC_20234,BOB_ACC_20188,14729.09,2026-01-11 04:52:29,TRANSFER,IMPS,Bank of Baroda,IN,0,NORMAL_BANKING_FLOW
TX_BOB_116381,BOB_ACC_20098,CANARA_ACC_20096,11563.84,2026-01-11 03:21:00,SETTLEMENT,NEFT,Bank of Baroda,IN,0,NORMAL_BANKING_FLOW
TX_BOB_116382,BOB_ACC_20017,BOB_ACC_20155,37102.75,2026-01-11 05:39:33,TRANSFER,IMPS,Bank of Baroda,IN,0,NORMAL_BANKING_FLOW
TX_BOB_116383,BOB_ACC_20166,BOB_ACC_20243,12011.84,2026-01-11 01:49:46,SETTLEMENT,NEFT,Bank of Baroda,IN,0,NORMAL_BANKING_FLOW
TX_BOB_116384,BOB_ACC_20173,AXIS_ACC_20243,34335.35,2026-01-11 12:12:30,SETTLEMENT,NEFT,Bank of Baroda,IN,0,NORMAL_BANKING_FLOW
TX_BOB_116385,BOB_ACC_20247,BOB_ACC_20066,13870.8,2026-01-11 15:40:56,TRANSFER,IMPS,Bank of Baroda,IN,0,NORMAL_BANKING_FLOW
TX_BOB_116386,BOB_ACC_20062,BOB_ACC_20084,3979.69,2026-01-11 13:00:20,SETTLEMENT,NEFT,Bank of Baroda,IN,0,NORMAL_BANKING_FLOW
TX_BOB_116387,BOB_ACC_20135,BOB_ACC_20125,35452.81,2026-01-11 09:33:18,SETTLEMENT,NEFT,Bank of Baroda,IN,0,NORMAL_BANKING_FLOW
TX_BOB_116388,BOB_ACC_20056,BOB_ACC_20007,30749.14,2026-01-11 02:14:48,SETTLEMENT,NEFT,Bank of Baroda,IN,0,NORMAL_BANKING_FLOW
TX_BOB_116389,BOB_ACC_20021,BOB_ACC_20246,42872.34,2026-01-11 00:19:32,SETTLEMENT,NEFT,Bank of Baroda,IN,0,NORMAL_BANKING_FLOW
TX_BOB_116390,BOB_ACC_20095,KOTAK_ACC_20073,14681.03,2026-01-11 07:16:33,SETTLEMENT,NEFT,Bank of Baroda,IN,0,NORMAL_BANKING_FLOW
TX_BOB_116391,BOB_ACC_20005,CANARA_ACC_20021,13338.5,2026-01-11 11:32:00,SETTLEMENT,NEFT,Bank of Baroda,IN,0,NORMAL_BANKING_FLOW
TX_BOB_116392,BOB_ACC_20024,BOB_ACC_20069,38612.07,2026-01-11 15:47:49,TRANSFER,IMPS,Bank of Baroda,IN,0,NORMAL_BANKING_FLOW
TX_BOB_116393,BOB_ACC_20225,YES_ACC_20156,105568.74,2026-01-11 10:24:00,SETTLEMENT,NEFT,Bank of Baroda,IN,0,NORMAL_BANKING_FLOW
TX_BOB_116394,BOB_ACC_20134,BOB_ACC_20060,27174.96,2026-01-11 03:03:38,SETTLEMENT,NEFT,Bank of Baroda,IN,0,NORMAL_BANKING_FLOW
TX_BOB_116395,BOB_ACC_20037,BOB_ACC_20178,39423.86,2026-01-11 10:25:30,SETTLEMENT,NEFT,Bank of Baroda,IN,0,NORMAL_BANKING_FLOW
TX_BOB_116396,BOB_ACC_20102,BOB_ACC_20237,20142.17,2026-01-11 06:57:00,TRANSFER,IMPS,Bank of Baroda,IN,0,NORMAL_BANKING_FLOW
TX_BOB_116397,BOB_ACC_20216,BOB_ACC_20098,6705.83,2026-01-11 15:52:44,SETTLEMENT,NEFT,Bank of Baroda,IN,0,NORMAL_BANKING_FLOW
TX_BOB_116398,BOB_ACC_20154,BOB_ACC_20226,64259.6,2026-01-11 08:54:37,TRANSFER,IMPS,Bank of Baroda,IN,0,NORMAL_BANKING_FLOW
TX_BOB_116399,BOB_ACC_20204,BOB_ACC_20086,60935.6,2026-01-11 12:01:42,TRANSFER,IMPS,Bank of Baroda,IN,0,NORMAL_BANKING_FLOW
TX_BOB_116400,BOB_ACC_20166,BOB_ACC_20133,51005.9,2026-01-11 03:06:14,TRANSFER,IMPS,Bank of Baroda,IN,0,NORMAL_BANKING_FLOW
TX_BOB_116401,BOB_ACC_20056,BOB_ACC_20238,22839.55,2026-01-11 09:20:00,SETTLEMENT,NEFT,Bank of Baroda,IN,0,NORMAL_BANKING_FLOW
TX_BOB_116402,BOB_ACC_20067,CANARA_ACC_20125,46043.9,2026-01-11 08:10:39,SETTLEMENT,NEFT,Bank of Baroda,IN,0,NORMAL_BANKING_FLOW
TX_BOB_116403,BOB_ACC_20065,BOB_ACC_20075,60137.3,2026-01-11 05:51:06,SETTLEMENT,NEFT,Bank of Baroda,IN,0,NORMAL_BANKING_FLOW
TX_BOB_116404,BOB_ACC_20213,AXIS_ACC_20204,115629.09,2026-01-11 13:15:56,SETTLEMENT,NEFT,Bank of Baroda,IN,0,NORMAL_BANKING_FLOW
TX_BOB_116405,BOB_ACC_20193,ICICI_ACC_20104,65491.36,2026-01-11 05:05:24,SETTLEMENT,NEFT,Bank of Baroda,IN,0,NORMAL_BANKING_FLOW
TX_BOB_116406,BOB_ACC_20078,BOB_ACC_20144,28493.72,2026-01-11 04:19:05,TRANSFER,IMPS,Bank of Baroda,IN,0,NORMAL_BANKING_FLOW
TX_BOB_116407,BOB_ACC_20028,PNB_ACC_20078,8288.07,2026-01-11 03:56:08,SETTLEMENT,NEFT,Bank of Baroda,IN,0,NORMAL_BANKING_FLOW
TX_BOB_116408,BOB_ACC_20244,INDUS_ACC_20002,30948.89,2026-01-11 07:04:12,TRANSFER,IMPS,Bank of Baroda,IN,0,NORMAL_BANKING_FLOW
TX_BOB_116409,BOB_ACC_20163,BOB_ACC_20201,33891.5,2026-01-11 00:25:52,SETTLEMENT,NEFT,Bank of Baroda,IN,0,NORMAL_BANKING_FLOW
TX_BOB_116410,BOB_ACC_20127,BOB_ACC_20194,50925.89,2026-01-11 02:47:05,SETTLEMENT,NEFT,Bank of Baroda,IN,0,NORMAL_BANKING_FLOW
TX_BOB_116411,BOB_ACC_20137,YES_ACC_20049,90989.8,2026-01-11 09:27:00,SETTLEMENT,NEFT,Bank of Baroda,IN,0,NORMAL_BANKING_FLOW
TX_BOB_116412,BOB_ACC_20176,YES_ACC_20212,24695.21,2026-01-11 06:19:34,SETTLEMENT,NEFT,Bank of Baroda,IN,0,NORMAL_BANKING_FLOW
TX_BOB_116413,BOB_ACC_20026,BOB_ACC_20005,178240.4,2026-01-11 01:37:44,SETTLEMENT,NEFT,Bank of Baroda,IN,0,NORMAL_BANKING_FLOW
TX_BOB_116414,BOB_ACC_20082,ICICI_ACC_20109,5522.81,2026-01-11 09:05:33,TRANSFER,IMPS,Bank of Baroda,IN,0,NORMAL_BANKING_FLOW
TX_BOB_116415,BOB_ACC_20034,BOB_ACC_20067,39238.26,2026-01-11 06:21:16,SETTLEMENT,NEFT,Bank of Baroda,IN,0,NORMAL_BANKING_FLOW
TX_BOB_116416,BOB_ACC_20202,BOB_ACC_20038,13112.64,2026-01-11 09:06:55,TRANSFER,IMPS,Bank of Baroda,IN,0,NORMAL_BANKING_FLOW
TX_BOB_116417,BOB_ACC_20101,BOB_ACC_20125,4834.34,2026-01-10 22:54:00,TRANSFER,IMPS,Bank of Baroda,IN,0,NORMAL_BANKING_FLOW
TX_BOB_116418,BOB_ACC_20101,PNB_ACC_20133,22435.57,2026-01-11 13:04:27,SETTLEMENT,NEFT,Bank of Baroda,IN,0,NORMAL_BANKING_FLOW
TX_BOB_116419,BOB_ACC_20076,BOB_ACC_20075,7248.46,2026-01-11 00:52:40,TRANSFER,IMPS,Bank of Baroda,IN,0,NORMAL_BANKING_FLOW
TX_BOB_116420,BOB_ACC_20240,INDUS_ACC_20191,23265.22,2026-01-11 16:15:21,SETTLEMENT,NEFT,Bank of Baroda,IN,0,NORMAL_BANKING_FLOW
TX_BOB_116421,BOB_ACC_20180,BOB_ACC_20098,27758.36,2026-01-11 02:51:40,SETTLEMENT,NEFT,Bank of Baroda,IN,0,NORMAL_BANKING_FLOW
TX_BOB_116422,BOB_ACC_20114,BOB_ACC_20248,73621.12,2026-01-11 09:11:01,TRANSFER,IMPS,Bank of Baroda,IN,0,NORMAL_BANKING_FLOW
TX_BOB_116423,BOB_ACC_20246,KOTAK_ACC_20245,6926.94,2026-01-11 09:35:24,SETTLEMENT,NEFT,Bank of Baroda,IN,0,NORMAL_BANKING_FLOW
TX_BOB_116424,BOB_ACC_20126,BOB_ACC_20104,60937.29,2026-01-11 07:37:31,TRANSFER,IMPS,Bank of Baroda,IN,0,NORMAL_BANKING_FLOW
TX_BOB_116425,BOB_ACC_20164,KOTAK_ACC_20014,29385.96,2026-01-11 10:48:00,TRANSFER,IMPS,Bank of Baroda,IN,0,NORMAL_BANKING_FLOW
TX_BOB_116426,BOB_ACC_20234,INDUS_ACC_20201,67911.74,2026-01-11 05:16:15,TRANSFER,IMPS,Bank of Baroda,IN,0,NORMAL_BANKING_FLOW
TX_BOB_116427,BOB_ACC_20089,HDFC_ACC_20022,18240.94,2026-01-11 15:10:56,SETTLEMENT,NEFT,Bank of Baroda,IN,0,NORMAL_BANKING_FLOW
TX_BOB_116428,BOB_ACC_20109,BOB_ACC_20204,8111.03,2026-01-11 07:39:59,TRANSFER,IMPS,Bank of Baroda,IN,0,NORMAL_BANKING_FLOW
TX_BOB_116429,BOB_ACC_20036,BOB_ACC_20143,8993.44,2026-01-11 03:18:48,TRANSFER,IMPS,Bank of Baroda,IN,0,NORMAL_BANKING_FLOW
TX_BOB_116430,BOB_ACC_20103,BOB_ACC_20175,8411.65,2026-01-11 01:43:58,TRANSFER,IMPS,Bank of Baroda,IN,0,NORMAL_BANKING_FLOW
TX_BOB_116431,BOB_ACC_20181,BOB_ACC_20123,41358.48,2026-01-11 12:51:40,SETTLEMENT,NEFT,Bank of Baroda,IN,0,NORMAL_BANKING_FLOW
TX_BOB_116432,BOB_ACC_20056,CANARA_ACC_20060,101643.8,2026-01-11 10:53:15,TRANSFER,IMPS,Bank of Baroda,IN,0,NORMAL_BANKING_FLOW
TX_BOB_116433,BOB_ACC_20186,BOB_ACC_20160,16180.2,2026-01-11 13:41:04,SETTLEMENT,NEFT,Bank of Baroda,IN,0,NORMAL_BANKING_FLOW
TX_BOB_116434,BOB_ACC_20246,BOB_ACC_20040,47392.62,2026-01-11 10:30:52,SETTLEMENT,NEFT,Bank of Baroda,IN,0,NORMAL_BANKING_FLOW
TX_BOB_116435,BOB_ACC_20051,HDFC_ACC_20067,6828.79,2026-01-11 16:06:12,TRANSFER,IMPS,Bank of Baroda,IN,0,NORMAL_BANKING_FLOW
TX_BOB_116436,BOB_ACC_20190,AXIS_ACC_20176,31643.53,2026-01-11 00:58:20,SETTLEMENT,NEFT,Bank of Baroda,IN,0,NORMAL_BANKING_FLOW
TX_BOB_116437,BOB_ACC_20249,HDFC_ACC_20076,49104.52,2026-01-11 14:08:28,SETTLEMENT,NEFT,Bank of Baroda,IN,0,NORMAL_BANKING_FLOW
TX_BOB_116438,BOB_ACC_20215,HDFC_ACC_20196,7307.73,2026-01-11 00:35:03,SETTLEMENT,NEFT,Bank of Baroda,IN,0,NORMAL_BANKING_FLOW
TX_BOB_116439,BOB_ACC_20126,AXIS_ACC_20223,22393.03,2026-01-11 13:46:16,SETTLEMENT,NEFT,Bank of Baroda,IN,0,NORMAL_BANKING_FLOW
TX_BOB_116440,BOB_ACC_20044,BOB_ACC_20117,51242.55,2026-01-11 09:23:19,SETTLEMENT,NEFT,Bank of Baroda,IN,0,NORMAL_BANKING_FLOW
TX_BOB_116441,BOB_ACC_20237,INDUS_ACC_20031,1919.09,2026-01-11 15:24:00,TRANSFER,IMPS,Bank of Baroda,IN,0,NORMAL_BANKING_FLOW
TX_BOB_116442,BOB_ACC_20136,YES_ACC_20196,89492.29,2026-01-11 01:48:22,SETTLEMENT,NEFT,Bank of Baroda,IN,0,NORMAL_BANKING_FLOW
TX_BOB_116443,BOB_ACC_20077,BOB_ACC_20133,36986.62,2026-01-11 03:48:54,SETTLEMENT,NEFT,Bank of Baroda,IN,0,NORMAL_BANKING_FLOW
TX_BOB_116444,BOB_ACC_20015,BOB_ACC_20037,51279.94,2026-01-11 01:49:06,SETTLEMENT,NEFT,Bank of Baroda,IN,0,NORMAL_BANKING_FLOW
TX_BOB_116445,BOB_ACC_20005,BOB_ACC_20123,18556.08,2026-01-11 01:01:20,SETTLEMENT,NEFT,Bank of Baroda,IN,0,NORMAL_BANKING_FLOW
TX_BOB_116446,BOB_ACC_20123,BOB_ACC_20180,5707.58,2026-01-11 09:51:30,TRANSFER,IMPS,Bank of Baroda,IN,0,NORMAL_BANKING_FLOW
TX_BOB_116447,BOB_ACC_20099,INDUS_ACC_20074,43506.11,2026-01-11 01:26:06,TRANSFER,IMPS,Bank of Baroda,IN,0,NORMAL_BANKING_FLOW
TX_BOB_116448,BOB_ACC_20132,BOB_ACC_20058,24975.95,2026-01-11 07:52:19,SETTLEMENT,NEFT,Bank of Baroda,IN,0,NORMAL_BANKING_FLOW
TX_BOB_116449,BOB_ACC_20206,BOB_ACC_20161,27692.14,2026-01-11 04:15:44,SETTLEMENT,NEFT,Bank of Baroda,IN,0,NORMAL_BANKING_FLOW
TX_BOB_116450,BOB_ACC_20006,HDFC_ACC_20010,71599.71,2026-01-11 06:41:06,SETTLEMENT,NEFT,Bank of Baroda,IN,0,NORMAL_BANKING_FLOW
TX_BOB_116451,BOB_ACC_20048,BOB_ACC_20064,53415.57,2026-01-11 11:07:30,SETTLEMENT,NEFT,Bank of Baroda,IN,0,NORMAL_BANKING_FLOW
TX_BOB_116452,BOB_ACC_20067,BOB_ACC_20232,151617.12,2026-01-11 05:05:30,SETTLEMENT,NEFT,Bank of Baroda,IN,0,NORMAL_BANKING_FLOW
TX_BOB_116453,BOB_ACC_20123,PNB_ACC_20122,30898.68,2026-01-11 06:42:48,SETTLEMENT,NEFT,Bank of Baroda,IN,0,NORMAL_BANKING_FLOW
TX_BOB_116454,BOB_ACC_20003,BOB_ACC_20193,14442.19,2026-01-11 13:35:03,SETTLEMENT,NEFT,Bank of Baroda,IN,0,NORMAL_BANKING_FLOW
TX_BOB_116455,BOB_ACC_20155,AXIS_ACC_20084,22706.92,2026-01-11 02:17:22,SETTLEMENT,NEFT,Bank of Baroda,IN,0,NORMAL_BANKING_FLOW
TX_BOB_116456,BOB_ACC_20018,BOB_ACC_20245,39108.58,2026-01-11 03:06:15,TRANSFER,IMPS,Bank of Baroda,IN,0,NORMAL_BANKING_FLOW
TX_BOB_116457,BOB_ACC_20212,BOB_ACC_20079,67122.25,2026-01-11 14:50:24,SETTLEMENT,NEFT,Bank of Baroda,IN,0,NORMAL_BANKING_FLOW
TX_BOB_116458,BOB_ACC_20183,BOB_ACC_20073,7184.42,2026-01-11 09:11:20,SETTLEMENT,NEFT,Bank of Baroda,IN,0,NORMAL_BANKING_FLOW
TX_BOB_116459,BOB_ACC_20140,BOB_ACC_20210,27110.7,2026-01-11 11:13:30,SETTLEMENT,NEFT,Bank of Baroda,IN,0,NORMAL_BANKING_FLOW
TX_BOB_116460,BOB_ACC_20201,SBI_ACC_20143,114529.47,2026-01-11 01:30:39,TRANSFER,IMPS,Bank of Baroda,IN,0,NORMAL_BANKING_FLOW
TX_BOB_116461,BOB_ACC_20070,BOB_ACC_20226,21672.77,2026-01-11 10:50:40,SETTLEMENT,NEFT,Bank of Baroda,IN,0,NORMAL_BANKING_FLOW
TX_BOB_116462,BOB_ACC_20137,BOB_ACC_20009,62187.59,2026-01-11 01:55:42,SETTLEMENT,NEFT,Bank of Baroda,IN,0,NORMAL_BANKING_FLOW
TX_BOB_116463,BOB_ACC_20051,BOB_ACC_20096,41932.05,2026-01-11 01:07:20,SETTLEMENT,NEFT,Bank of Baroda,IN,0,NORMAL_BANKING_FLOW
TX_BOB_116464,BOB_ACC_20238,BOB_ACC_20035,63594.01,2026-01-11 03:58:21,SETTLEMENT,NEFT,Bank of Baroda,IN,0,NORMAL_BANKING_FLOW
TX_BOB_116465,BOB_ACC_20005,BOB_ACC_20187,12980.66,2026-01-11 10:29:12,TRANSFER,IMPS,Bank of Baroda,IN,0,NORMAL_BANKING_FLOW
TX_BOB_116466,BOB_ACC_20009,BOB_ACC_20105,13031.68,2026-01-11 07:14:35,SETTLEMENT,NEFT,Bank of Baroda,IN,0,NORMAL_BANKING_FLOW
TX_BOB_116467,BOB_ACC_20243,BOB_ACC_20073,27398.53,2026-01-11 03:59:42,TRANSFER,IMPS,Bank of Baroda,IN,0,NORMAL_BANKING_FLOW
TX_BOB_116468,BOB_ACC_20098,BOB_ACC_20140,6775.04,2026-01-11 01:09:00,TRANSFER,IMPS,Bank of Baroda,IN,0,NORMAL_BANKING_FLOW
TX_BOB_116469,BOB_ACC_20207,BOB_ACC_20067,21104.33,2026-01-11 06:51:52,TRANSFER,IMPS,Bank of Baroda,IN,0,NORMAL_BANKING_FLOW
TX_BOB_116470,BOB_ACC_20158,BOB_ACC_20092,33778.81,2026-01-11 10:32:47,SETTLEMENT,NEFT,Bank of Baroda,IN,0,NORMAL_BANKING_FLOW
TX_BOB_116471,BOB_ACC_20063,BOB_ACC_20188,134077.34,2026-01-11 11:47:00,SETTLEMENT,NEFT,Bank of Baroda,IN,0,NORMAL_BANKING_FLOW
TX_BOB_116472,BOB_ACC_20050,BOB_ACC_20124,38655.58,2026-01-11 00:45:49,TRANSFER,IMPS,Bank of Baroda,IN,0,NORMAL_BANKING_FLOW
TX_BOB_116473,BOB_ACC_20227,AXIS_ACC_20135,47226.27,2026-01-11 09:45:52,TRANSFER,IMPS,Bank of Baroda,IN,0,NORMAL_BANKING_FLOW
TX_BOB_116474,BOB_ACC_20083,BOB_ACC_20180,76728.48,2026-01-11 14:41:09,SETTLEMENT,NEFT,Bank of Baroda,IN,0,NORMAL_BANKING_FLOW
TX_BOB_116475,BOB_ACC_20088,BOB_ACC_20232,11291.53,2026-01-11 06:06:08,SETTLEMENT,NEFT,Bank of Baroda,IN,0,NORMAL_BANKING_FLOW
TX_BOB_116476,BOB_ACC_20025,BOB_ACC_20150,23188.82,2026-01-11 13:29:10,SETTLEMENT,NEFT,Bank of Baroda,IN,0,NORMAL_BANKING_FLOW
TX_BOB_116477,BOB_ACC_20097,BOB_ACC_20144,238678.16,2026-01-11 03:39:36,SETTLEMENT,NEFT,Bank of Baroda,IN,0,NORMAL_BANKING_FLOW
TX_BOB_116478,BOB_ACC_20131,BOB_ACC_20220,25054.03,2026-01-11 15:58:32,SETTLEMENT,NEFT,Bank of Baroda,IN,0,NORMAL_BANKING_FLOW
TX_BOB_116479,BOB_ACC_20177,BOB_ACC_20051,73481.41,2026-01-11 13:56:18,SETTLEMENT,NEFT,Bank of Baroda,IN,0,NORMAL_BANKING_FLOW
TX_BOB_116480,BOB_ACC_20186,PNB_ACC_20098,64046.46,2026-01-11 11:04:36,TRANSFER,IMPS,Bank of Baroda,IN,0,NORMAL_BANKING_FLOW
TX_BOB_116481,BOB_ACC_20008,CANARA_ACC_20082,7113.13,2026-01-11 13:08:40,SETTLEMENT,NEFT,Bank of Baroda,IN,0,NORMAL_BANKING_FLOW
TX_BOB_116482,BOB_ACC_20104,BOB_ACC_20036,35576.17,2026-01-11 17:16:19,SETTLEMENT,NEFT,Bank of Baroda,IN,0,NORMAL_BANKING_FLOW
TX_BOB_116483,BOB_ACC_20218,KOTAK_ACC_20134,30701.68,2026-01-11 02:03:24,TRANSFER,IMPS,Bank of Baroda,IN,0,NORMAL_BANKING_FLOW
TX_BOB_116484,BOB_ACC_20209,BOB_ACC_20068,36205.38,2026-01-11 11:32:15,SETTLEMENT,NEFT,Bank of Baroda,IN,0,NORMAL_BANKING_FLOW
TX_BOB_116485,BOB_ACC_20013,BOB_ACC_20030,13647.32,2026-01-11 12:47:12,SETTLEMENT,NEFT,Bank of Baroda,IN,0,NORMAL_BANKING_FLOW
TX_BOB_116486,BOB_ACC_20072,ICICI_ACC_20169,9845.53,2026-01-11 16:06:00,SETTLEMENT,NEFT,Bank of Baroda,IN,0,NORMAL_BANKING_FLOW
TX_BOB_116487,BOB_ACC_20031,ICICI_ACC_20037,17528.63,2026-01-11 09:05:54,TRANSFER,IMPS,Bank of Baroda,IN,0,NORMAL_BANKING_FLOW
TX_BOB_116488,BOB_ACC_20061,BOB_ACC_20215,24636.5,2026-01-11 00:26:06,SETTLEMENT,NEFT,Bank of Baroda,IN,0,NORMAL_BANKING_FLOW
TX_BOB_116489,BOB_ACC_20197,BOB_ACC_20005,78157.87,2026-01-11 07:28:00,TRANSFER,IMPS,Bank of Baroda,IN,0,NORMAL_BANKING_FLOW
TX_BOB_116490,BOB_ACC_20088,BOB_ACC_20220,138078.79,2026-01-11 17:24:11,SETTLEMENT,NEFT,Bank of Baroda,IN,0,NORMAL_BANKING_FLOW
TX_BOB_116491,BOB_ACC_20114,BOB_ACC_20236,94555.1,2026-01-11 03:45:40,TRANSFER,IMPS,Bank of Baroda,IN,0,NORMAL_BANKING_FLOW
TX_BOB_116492,BOB_ACC_20046,BOB_ACC_20249,58347.2,2026-01-11 16:36:27,TRANSFER,IMPS,Bank of Baroda,IN,0,NORMAL_BANKING_FLOW
TX_BOB_116493,BOB_ACC_20177,BOB_ACC_20101,10895.38,2026-01-10 23:37:52,SETTLEMENT,NEFT,Bank of Baroda,IN,0,NORMAL_BANKING_FLOW
TX_BOB_116494,BOB_ACC_20001,HDFC_ACC_20223,18620.04,2026-01-11 02:57:12,SETTLEMENT,NEFT,Bank of Baroda,IN,0,NORMAL_BANKING_FLOW
TX_BOB_116495,BOB_ACC_20167,BOB_ACC_20224,32497.99,2026-01-11 16:39:18,SETTLEMENT,NEFT,Bank of Baroda,IN,0,NORMAL_BANKING_FLOW
TX_BOB_116496,BOB_ACC_20024,BOB_ACC_20182,15226.69,2026-01-11 09:36:40,TRANSFER,IMPS,Bank of Baroda,IN,0,NORMAL_BANKING_FLOW
TX_BOB_116497,BOB_ACC_20015,BOB_ACC_20084,45228.61,2026-01-11 13:21:44,TRANSFER,IMPS,Bank of Baroda,IN,0,NORMAL_BANKING_FLOW
TX_BOB_116498,BOB_ACC_20201,BOB_ACC_20146,51453.69,2026-01-11 10:27:54,TRANSFER,IMPS,Bank of Baroda,IN,0,NORMAL_BANKING_FLOW
TX_BOB_116499,BOB_ACC_20046,BOB_ACC_20189,43593.4,2026-01-11 15:28:12,SETTLEMENT,NEFT,Bank of Baroda,IN,0,NORMAL_BANKING_FLOW
TX_BOB_116500,BOB_ACC_20177,INDUS_ACC_20178,67685.09,2026-01-11 04:14:33,SETTLEMENT,NEFT,Bank of Baroda,IN,0,NORMAL_BANKING_FLOW
