transaction_id,sender_account,receiver_account,amount,timestamp,transaction_type,channel,bank,country,is_aml,pattern_type
TX_NPCI_117724,CANARA_ACC_20038,INDUS_ACC_20115,824.26,2026-01-10 08:00:00,INTERBANK_SETTLEMENT,NEFT,NPCI Interbank (CANARA -> INDUS),IN,0,INTERBANK_CLEARING
TX_NPCI_117725,KOTAK_ACC_20012,ICICI_ACC_20212,7475.56,2026-01-10 08:00:27,INTERBANK_SETTLEMENT,IMPS,NPCI Interbank (KOTAK -> ICICI),IN,0,INTERBANK_CLEARING
TX_NPCI_117726,SBI_ACC_20030,AXIS_ACC_20100,1059.15,2026-01-10 08:00:50,INTERBANK_SETTLEMENT,IMPS,NPCI Interbank (SBI -> AXIS),IN,0,INTERBANK_CLEARING
TX_NPCI_117727,SBI_ACC_20027,ICICI_ACC_20230,789.09,2026-01-10 08:00:24,INTERBANK_SETTLEMENT,UPI,NPCI Interbank (SBI -> ICICI),IN,0,INTERBANK_CLEARING
TX_NPCI_117728,HDFC_ACC_20005,YES_ACC_20074,4621.8,2026-01-10 08:00:32,INTERBANK_SETTLEMENT,UPI,NPCI Interbank (HDFC -> YES),IN,0,INTERBANK_CLEARING
TX_NPCI_117729,YES_ACC_20205,CANARA_ACC_20120,10499.14,2026-01-10 08:02:15,INTERBANK_SETTLEMENT,IMPS,NPCI Interbank (YES -> CANARA),IN,0,INTERBANK_CLEARING
TX_NPCI_117730,YES_ACC_20095,KOTAK_ACC_20034,4383.56,2026-01-10 08:01:12,INTERBANK_SETTLEMENT,UPI,NPCI Interbank (YES -> KOTAK),IN,0,INTERBANK_CLEARING
TX_NPCI_117731,YES_ACC_20127,SBI_ACC_20234,2502.3,2026-01-10 08:00:56,INTERBANK_SETTLEMENT,UPI,NPCI Interbank (YES -> SBI),IN,0,INTERBANK_CLEARING
TX_NPCI_117732,BOB_ACC_20014,YES_ACC_20160,3541.07,2026-01-10 08:01:36,INTERBANK_SETTLEMENT,IMPS,NPCI Interbank (BOB -> YES),IN,0,INTERBANK_CLEARING
TX_NPCI_117733,INDUS_ACC_20108,AXIS_ACC_20033,2874.73,2026-01-10 08:01:03,INTERBANK_SETTLEMENT,RTGS,NPCI Interbank (INDUS -> AXIS),IN,0,INTERBANK_CLEARING
TX_NPCI_117734,PNB_ACC_20235,CANARA_ACC_20013,631.98,2026-01-10 08:03:50,INTERBANK_SETTLEMENT,NEFT,NPCI Interbank (PNB -> CANARA),IN,0,INTERBANK_CLEARING
TX_NPCI_117735,YES_ACC_20168,HDFC_ACC_20234,549.42,2026-01-10 08:03:29,INTERBANK_SETTLEMENT,UPI,NPCI Interbank (YES -> HDFC),IN,0,INTERBANK_CLEARING
TX_NPCI_117736,INDUS_ACC_20242,YES_ACC_20065,2220.33,2026-01-10 08:04:00,INTERBANK_SETTLEMENT,NEFT,NPCI Interbank (INDUS -> YES),IN,0,INTERBANK_CLEARING
TX_NPCI_117737,INDUS_ACC_20013,INDUS_ACC_20103,2686.05,2026-01-10 08:01:31,INTERBANK_SETTLEMENT,RTGS,NPCI Interbank (INDUS -> INDUS),IN,0,INTERBANK_CLEARING
TX_NPCI_117738,CANARA_ACC_20174,PNB_ACC_20209,2474.02,2026-01-10 08:03:02,INTERBANK_SETTLEMENT,NEFT,NPCI Interbank (CANARA -> PNB),IN,0,INTERBANK_CLEARING
TX_NPCI_117739,CANARA_ACC_20201,CANARA_ACC_20161,5493.51,2026-01-10 08:07:00,INTERBANK_SETTLEMENT,IMPS,NPCI Interbank (CANARA -> CANARA),IN,0,INTERBANK_CLEARING
TX_NPCI_117740,KOTAK_ACC_20073,KOTAK_ACC_20087,1884.52,2026-01-10 08:08:00,INTERBANK_SETTLEMENT,IMPS,NPCI Interbank (KOTAK -> KOTAK),IN,0,INTERBANK_CLEARING
TX_NPCI_117741,KOTAK_ACC_20130,BOB_ACC_20103,4796.18,2026-01-10 08:01:42,INTERBANK_SETTLEMENT,IMPS,NPCI Interbank (KOTAK -> BOB),IN,0,INTERBANK_CLEARING
TX_NPCI_117742,PNB_ACC_20143,AXIS_ACC_20191,2051.85,2026-01-10 08:04:12,INTERBANK_SETTLEMENT,UPI,NPCI Interbank (PNB -> AXIS),IN,0,INTERBANK_CLEARING
TX_NPCI_117743,PNB_ACC_20084,HDFC_ACC_20226,21764.4,2026-01-10 08:04:26,INTERBANK_SETTLEMENT,UPI,NPCI Interbank (PNB -> HDFC),IN,0,INTERBANK_CLEARING
TX_NPCI_117744,YES_ACC_20246,INDUS_ACC_20113,2688.82,2026-01-10 08:03:20,INTERBANK_SETTLEMENT,UPI,NPCI Interbank (YES -> INDUS),IN,0,INTERBANK_CLEARING
TX_NPCI_117745,HDFC_ACC_20080,PNB_ACC_20214,40492.3,2026-01-10 08:04:12,INTERBANK_SETTLEMENT,UPI,NPCI Interbank (HDFC -> PNB),IN,0,INTERBANK_CLEARING
TX_NPCI_117746,HDFC_ACC_20054,YES_ACC_20232,3723.48,2026-01-10 08:04:46,INTERBANK_SETTLEMENT,NEFT,NPCI Interbank (HDFC -> YES),IN,0,INTERBANK_CLEARING
TX_NPCI_117747,HDFC_ACC_20243,HDFC_ACC_20137,1888.59,2026-01-10 08:03:50,INTERBANK_SETTLEMENT,UPI,NPCI Interbank (HDFC -> HDFC),IN,0,INTERBANK_CLEARING
TX_NPCI_117748,CANARA_ACC_20006,INDUS_ACC_20216,829.37,2026-01-10 08:03:12,INTERBANK_SETTLEMENT,UPI,NPCI Interbank (CANARA -> INDUS),IN,0,INTERBANK_CLEARING
TX_NPCI_117749,AXIS_ACC_20245,KOTAK_ACC_20134,432.05,2026-01-10 08:07:05,INTERBANK_SETTLEMENT,UPI,NPCI Interbank (AXIS -> KOTAK),IN,0,INTERBANK_CLEARING
TX_NPCI_117750,PNB_ACC_20151,INDUS_ACC_20125,742.68,2026-01-10 08:11:16,INTERBANK_SETTLEMENT,IMPS,NPCI Interbank (PNB -> INDUS),IN,0,INTERBANK_CLEARING
TX_NPCI_117751,HDFC_ACC_20167,SBI_ACC_20248,849.35,2026-01-10 08:09:00,INTERBANK_SETTLEMENT,UPI,NPCI Interbank (HDFC -> SBI),IN,0,INTERBANK_CLEARING
TX_NPCI_117752,CANARA_ACC_20234,CANARA_ACC_20178,3919.75,2026-01-10 08:07:56,INTERBANK_SETTLEMENT,UPI,NPCI Interbank (CANARA -> CANARA),IN,0,INTERBANK_CLEARING
TX_NPCI_117753,KOTAK_ACC_20046,ICICI_ACC_20052,1298.03,2026-01-10 08:05:48,INTERBANK_SETTLEMENT,NEFT,NPCI Interbank (KOTAK -> ICICI),IN,0,INTERBANK_CLEARING
TX_NPCI_117754,BOB_ACC_20133,ICICI_ACC_20163,3054.32,2026-01-10 08:08:00,INTERBANK_SETTLEMENT,UPI,NPCI Interbank (BOB -> ICICI),IN,0,INTERBANK_CLEARING
TX_NPCI_117755,SBI_ACC_20089,SBI_ACC_20021,11365.91,2026-01-10 08:10:20,INTERBANK_SETTLEMENT,UPI,NPCI Interbank (SBI -> SBI),IN,0,INTERBANK_CLEARING
TX_NPCI_117756,AXIS_ACC_20235,INDUS_ACC_20246,2196.52,2026-01-10 08:16:00,INTERBANK_SETTLEMENT,UPI,NPCI Interbank (AXIS -> INDUS),IN,0,INTERBANK_CLEARING
TX_NPCI_117757,PNB_ACC_20103,CANARA_ACC_20030,29583.97,2026-01-10 08:05:30,INTERBANK_SETTLEMENT,NEFT,NPCI Interbank (PNB -> CANARA),IN,0,INTERBANK_CLEARING
TX_NPCI_117758,ICICI_ACC_20065,HDFC_ACC_20002,595.28,2026-01-10 08:11:54,INTERBANK_SETTLEMENT,UPI,NPCI Interbank (ICICI -> HDFC),IN,0,INTERBANK_CLEARING
TX_NPCI_117759,CANARA_ACC_20186,KOTAK_ACC_20128,2037.14,2026-01-10 08:15:45,INTERBANK_SETTLEMENT,RTGS,NPCI Interbank (CANARA -> KOTAK),IN,0,INTERBANK_CLEARING
TX_NPCI_117760,KOTAK_ACC_20088,ICICI_ACC_20161,1277.71,2026-01-10 08:11:24,INTERBANK_SETTLEMENT,UPI,NPCI Interbank (KOTAK -> ICICI),IN,0,INTERBANK_CLEARING
TX_NPCI_117761,KOTAK_ACC_20043,YES_ACC_20017,7508.63,2026-01-10 08:18:30,INTERBANK_SETTLEMENT,UPI,NPCI Interbank (KOTAK -> YES),IN,0,INTERBANK_CLEARING
TX_NPCI_117762,INDUS_ACC_20116,ICICI_ACC_20161,166.04,2026-01-10 08:18:22,INTERBANK_SETTLEMENT,UPI,NPCI Interbank (INDUS -> ICICI),IN,0,INTERBANK_CLEARING
TX_NPCI_117763,AXIS_ACC_20006,ICICI_ACC_20107,431.93,2026-01-10 08:07:09,INTERBANK_SETTLEMENT,RTGS,NPCI Interbank (AXIS -> ICICI),IN,0,INTERBANK_CLEARING
TX_NPCI_117764,HDFC_ACC_20111,BOB_ACC_20141,2145.62,2026-01-10 08:05:20,INTERBANK_SETTLEMENT,IMPS,NPCI Interbank (HDFC -> BOB),IN,0,INTERBANK_CLEARING
TX_NPCI_117765,PNB_ACC_20170,ICICI_ACC_20204,15703.73,2026-01-10 08:16:24,INTERBANK_SETTLEMENT,IMPS,NPCI Interbank (PNB -> ICICI),IN,0,INTERBANK_CLEARING
TX_NPCI_117766,KOTAK_ACC_20221,CANARA_ACC_20183,3200.33,2026-01-10 08:14:00,INTERBANK_SETTLEMENT,UPI,NPCI Interbank (KOTAK -> CANARA),IN,0,INTERBANK_CLEARING
TX_NPCI_117767,AXIS_ACC_20081,PNB_ACC_20221,482.1,2026-01-10 08:07:53,INTERBANK_SETTLEMENT,UPI,NPCI Interbank (AXIS -> PNB),IN,0,INTERBANK_CLEARING
TX_NPCI_117768,KOTAK_ACC_20060,PNB_ACC_20205,580.22,2026-01-10 08:15:24,INTERBANK_SETTLEMENT,UPI,NPCI Interbank (KOTAK -> PNB),IN,0,INTERBANK_CLEARING
TX_NPCI_117769,AXIS_ACC_20015,CANARA_ACC_20115,18171.1,2026-01-10 08:16:30,INTERBANK_SETTLEMENT,UPI,NPCI Interbank (AXIS -> CANARA),IN,0,INTERBANK_CLEARING
TX_NPCI_117770,BOB_ACC_20248,HDFC_ACC_20156,1158.22,2026-01-10 08:10:44,INTERBANK_SETTLEMENT,UPI,NPCI Interbank (BOB -> HDFC),IN,0,INTERBANK_CLEARING
TX_NPCI_117771,HDFC_ACC_20111,PNB_ACC_20026,787.17,2026-01-10 08:16:27,INTERBANK_SETTLEMENT,UPI,NPCI Interbank (HDFC -> PNB),IN,0,INTERBANK_CLEARING
TX_NPCI_117772,BOB_ACC_20013,INDUS_ACC_20203,14369.27,2026-01-10 08:08:48,INTERBANK_SETTLEMENT,IMPS,NPCI Interbank (BOB -> INDUS),IN,0,INTERBANK_CLEARING
TX_NPCI_117773,KOTAK_ACC_20233,YES_ACC_20195,8211.71,2026-01-10 08:21:14,INTERBANK_SETTLEMENT,IMPS,NPCI Interbank (KOTAK -> YES),IN,0,INTERBANK_CLEARING
TX_NPCI_117774,SBI_ACC_20202,KOTAK_ACC_20035,11258.42,2026-01-10 08:06:40,INTERBANK_SETTLEMENT,UPI,NPCI Interbank (SBI -> KOTAK),IN,0,INTERBANK_CLEARING
TX_NPCI_117775,CANARA_ACC_20132,KOTAK_ACC_20242,780.51,2026-01-10 08:12:45,INTERBANK_SETTLEMENT,UPI,NPCI Interbank (CANARA -> KOTAK),IN,0,INTERBANK_CLEARING
TX_NPCI_117776,BOB_ACC_20202,AXIS_ACC_20204,391.46,2026-01-10 08:19:56,INTERBANK_SETTLEMENT,UPI,NPCI Interbank (BOB -> AXIS),IN,0,INTERBANK_CLEARING
TX_NPCI_117777,YES_ACC_20110,HDFC_ACC_20140,2863.5,2026-01-10 08:13:15,INTERBANK_SETTLEMENT,UPI,NPCI Interbank (YES -> HDFC),IN,0,INTERBANK_CLEARING
TX_NPCI_117778,PNB_ACC_20224,AXIS_ACC_20223,3648.79,2026-01-10 08:27:00,INTERBANK_SETTLEMENT,UPI,NPCI Interbank (PNB -> AXIS),IN,0,INTERBANK_CLEARING
TX_NPCI_117779,BOB_ACC_20005,BOB_ACC_20133,3780.16,2026-01-10 08:11:55,INTERBANK_SETTLEMENT,IMPS,NPCI Interbank (BOB -> BOB),IN,0,INTERBANK_CLEARING
TX_NPCI_117780,KOTAK_ACC_20037,YES_ACC_20120,14383.27,2026-01-10 08:26:08,INTERBANK_SETTLEMENT,UPI,NPCI Interbank (KOTAK -> YES),IN,0,INTERBANK_CLEARING
TX_NPCI_117781,YES_ACC_20158,ICICI_ACC_20223,304.75,2026-01-10 08:22:48,INTERBANK_SETTLEMENT,UPI,NPCI Interbank (YES -> ICICI),IN,0,INTERBANK_CLEARING
TX_NPCI_117782,YES_ACC_20018,YES_ACC_20076,6847.47,2026-01-10 08:08:42,INTERBANK_SETTLEMENT,IMPS,NPCI Interbank (YES -> YES),IN,0,INTERBANK_CLEARING
TX_NPCI_117783,SBI_ACC_20236,KOTAK_ACC_20065,654.62,2026-01-10 08:04:55,INTERBANK_SETTLEMENT,IMPS,NPCI Interbank (SBI -> KOTAK),IN,0,INTERBANK_CLEARING
TX_NPCI_117784,CANARA_ACC_20025,YES_ACC_20244,6815.01,2026-01-10 08:06:00,INTERBANK_SETTLEMENT,IMPS,NPCI Interbank (CANARA -> YES),IN,0,INTERBANK_CLEARING
TX_NPCI_117785,AXIS_ACC_20249,INDUS_ACC_20134,1380.29,2026-01-10 08:20:20,INTERBANK_SETTLEMENT,UPI,NPCI Interbank (AXIS -> INDUS),IN,0,INTERBANK_CLEARING
TX_NPCI_117786,YES_ACC_20226,PNB_ACC_20093,918.95,2026-01-10 08:15:30,INTERBANK_SETTLEMENT,UPI,NPCI Interbank (YES -> PNB),IN,0,INTERBANK_CLEARING
TX_NPCI_117787,HDFC_ACC_20042,INDUS_ACC_20166,1173.94,2026-01-10 08:10:30,INTERBANK_SETTLEMENT,UPI,NPCI Interbank (HDFC -> INDUS),IN,0,INTERBANK_CLEARING
TX_NPCI_117788,HDFC_ACC_20012,HDFC_ACC_20134,430.64,2026-01-10 08:06:24,INTERBANK_SETTLEMENT,IMPS,NPCI Interbank (HDFC -> HDFC),IN,0,INTERBANK_CLEARING
TX_NPCI_117789,BOB_ACC_20143,PNB_ACC_20240,2561.93,2026-01-10 08:10:50,INTERBANK_SETTLEMENT,UPI,NPCI Interbank (BOB -> PNB),IN,0,INTERBANK_CLEARING
TX_NPCI_117790,PNB_ACC_20241,ICICI_ACC_20234,965.64,2026-01-10 08:27:30,INTERBANK_SETTLEMENT,UPI,NPCI Interbank (PNB -> ICICI),IN,0,INTERBANK_CLEARING
TX_NPCI_117791,ICICI_ACC_20177,HDFC_ACC_20093,6270.16,2026-01-10 08:07:49,INTERBANK_SETTLEMENT,RTGS,NPCI Interbank (ICICI -> HDFC),IN,0,INTERBANK_CLEARING
TX_NPCI_117792,KOTAK_ACC_20063,INDUS_ACC_20143,5260.95,2026-01-10 08:26:04,INTERBANK_SETTLEMENT,UPI,NPCI Interbank (KOTAK -> INDUS),IN,0,INTERBANK_CLEARING
TX_NPCI_117793,YES_ACC_20064,BOB_ACC_20037,18504.86,2026-01-10 08:09:12,INTERBANK_SETTLEMENT,IMPS,NPCI Interbank (YES -> BOB),IN,0,INTERBANK_CLEARING
TX_NPCI_117794,INDUS_ACC_20025,BOB_ACC_20119,3788.0,2026-01-10 08:22:10,INTERBANK_SETTLEMENT,NEFT,NPCI Interbank (INDUS -> BOB),IN,0,INTERBANK_CLEARING
TX_NPCI_117795,SBI_ACC_20013,INDUS_ACC_20176,4558.79,2026-01-10 08:22:29,INTERBANK_SETTLEMENT,IMPS,NPCI Interbank (SBI -> INDUS),IN,0,INTERBANK_CLEARING
TX_NPCI_117796,PNB_ACC_20119,AXIS_ACC_20015,13096.76,2026-01-10 08:36:00,INTERBANK_SETTLEMENT,NEFT,NPCI Interbank (PNB -> AXIS),IN,0,INTERBANK_CLEARING
TX_NPCI_117797,HDFC_ACC_20097,BOB_ACC_20058,1149.18,2026-01-10 08:31:38,INTERBANK_SETTLEMENT,IMPS,NPCI Interbank (HDFC -> BOB),IN,0,INTERBANK_CLEARING
TX_NPCI_117798,BOB_ACC_20176,CANARA_ACC_20104,409.15,2026-01-10 08:29:36,INTERBANK_SETTLEMENT,NEFT,NPCI Interbank (BOB -> CANARA),IN,0,INTERBANK_CLEARING
TX_NPCI_117799,PNB_ACC_20163,HDFC_ACC_20230,3102.96,2026-01-10 08:35:00,INTERBANK_SETTLEMENT,NEFT,NPCI Interbank (PNB -> HDFC),IN,0,INTERBANK_CLEARING
TX_NPCI_117800,INDUS_ACC_20145,KOTAK_ACC_20097,442.68,2026-01-10 08:13:56,INTERBANK_SETTLEMENT,UPI,NPCI Interbank (INDUS -> KOTAK),IN,0,INTERBANK_CLEARING
TX_NPCI_117801,BOB_ACC_20183,SBI_ACC_20087,46384.77,2026-01-10 08:34:39,INTERBANK_SETTLEMENT,UPI,NPCI Interbank (BOB -> SBI),IN,0,INTERBANK_CLEARING
TX_NPCI_117802,HDFC_ACC_20149,BOB_ACC_20042,13997.0,2026-01-10 08:13:00,INTERBANK_SETTLEMENT,UPI,NPCI Interbank (HDFC -> BOB),IN,0,INTERBANK_CLEARING
TX_NPCI_117803,YES_ACC_20081,HDFC_ACC_20137,32753.71,2026-01-10 08:22:23,INTERBANK_SETTLEMENT,UPI,NPCI Interbank (YES -> HDFC),IN,0,INTERBANK_CLEARING
TX_NPCI_117804,KOTAK_ACC_20126,SBI_ACC_20106,2630.52,2026-01-10 08:40:00,INTERBANK_SETTLEMENT,UPI,NPCI Interbank (KOTAK -> SBI),IN,0,INTERBANK_CLEARING
TX_NPCI_117805,SBI_ACC_20063,CANARA_ACC_20207,4725.31,2026-01-10 08:40:30,INTERBANK_SETTLEMENT,RTGS,NPCI Interbank (SBI -> CANARA),IN,0,INTERBANK_CLEARING
TX_NPCI_117806,SBI_ACC_20231,YES_ACC_20071,1406.18,2026-01-10 08:38:16,INTERBANK_SETTLEMENT,UPI,NPCI Interbank (SBI -> YES),IN,0,INTERBANK_CLEARING
TX_NPCI_117807,SBI_ACC_20148,SBI_ACC_20117,7041.03,2026-01-10 08:24:54,INTERBANK_SETTLEMENT,IMPS,NPCI Interbank (SBI -> SBI),IN,0,INTERBANK_CLEARING
TX_NPCI_117808,KOTAK_ACC_20235,SBI_ACC_20120,567.56,2026-01-10 08:37:48,INTERBANK_SETTLEMENT,IMPS,NPCI Interbank (KOTAK -> SBI),IN,0,INTERBANK_CLEARING
TX_NPCI_117809,INDUS_ACC_20097,CANARA_ACC_20069,115.39,2026-01-10 08:42:30,INTERBANK_SETTLEMENT,UPI,NPCI Interbank (INDUS -> CANARA),IN,0,INTERBANK_CLEARING
TX_NPCI_117810,BOB_ACC_20086,ICICI_ACC_20247,944.96,2026-01-10 08:18:38,INTERBANK_SETTLEMENT,UPI,NPCI Interbank (BOB -> ICICI),IN,0,INTERBANK_CLEARING
TX_NPCI_117811,AXIS_ACC_20227,AXIS_ACC_20128,425.57,2026-01-10 08:33:21,INTERBANK_SETTLEMENT,UPI,NPCI Interbank (AXIS -> AXIS),IN,0,INTERBANK_CLEARING
TX_NPCI_117812,BOB_ACC_20139,PNB_ACC_20015,14378.83,2026-01-10 08:24:56,INTERBANK_SETTLEMENT,UPI,NPCI Interbank (BOB -> PNB),IN,0,INTERBANK_CLEARING
TX_NPCI_117813,ICICI_ACC_20170,ICICI_ACC_20156,21564.7,2026-01-10 08:07:25,INTERBANK_SETTLEMENT,RTGS,NPCI Interbank (ICICI -> ICICI),IN,0,INTERBANK_CLEARING
TX_NPCI_117814,INDUS_ACC_20051,KOTAK_ACC_20017,453.27,2026-01-10 08:28:30,INTERBANK_SETTLEMENT,UPI,NPCI Interbank (INDUS -> KOTAK),IN,0,INTERBANK_CLEARING
TX_NPCI_117815,YES_ACC_20157,PNB_ACC_20086,11499.5,2026-01-10 08:40:57,INTERBANK_SETTLEMENT,IMPS,NPCI Interbank (YES -> PNB),IN,0,INTERBANK_CLEARING
TX_NPCI_117816,INDUS_ACC_20161,ICICI_ACC_20121,7643.89,2026-01-10 08:35:16,INTERBANK_SETTLEMENT,IMPS,NPCI Interbank (INDUS -> ICICI),IN,0,INTERBANK_CLEARING
TX_NPCI_117817,ICICI_ACC_20241,AXIS_ACC_20168,371.02,2026-01-10 08:20:09,INTERBANK_SETTLEMENT,UPI,NPCI Interbank (ICICI -> AXIS),IN,0,INTERBANK_CLEARING
TX_NPCI_117818,ICICI_ACC_20073,CANARA_ACC_20210,1527.94,2026-01-10 08:12:32,INTERBANK_SETTLEMENT,IMPS,NPCI Interbank (ICICI -> CANARA),IN,0,INTERBANK_CLEARING
TX_NPCI_117819,YES_ACC_20087,SBI_ACC_20047,1216.59,2026-01-10 08:19:00,INTERBANK_SETTLEMENT,UPI,NPCI Interbank (YES -> SBI),IN,0,INTERBANK_CLEARING
TX_NPCI_117820,BOB_ACC_20122,INDUS_ACC_20091,5988.49,2026-01-10 08:27:12,INTERBANK_SETTLEMENT,UPI,NPCI Interbank (BOB -> INDUS),IN,0,INTERBANK_CLEARING
TX_NPCI_117821,BOB_ACC_20155,HDFC_ACC_20026,558.62,2026-01-10 08:19:24,INTERBANK_SETTLEMENT,UPI,NPCI Interbank (BOB -> HDFC),IN,0,INTERBANK_CLEARING
TX_NPCI_117822,BOB_ACC_20200,KOTAK_ACC_20155,2167.55,2026-01-10 08:17:58,INTERBANK_SETTLEMENT,UPI,NPCI Interbank (BOB -> KOTAK),IN,0,INTERBANK_CLEARING
TX_NPCI_117823,AXIS_ACC_20101,ICICI_ACC_20239,1071.57,2026-01-10 08:19:48,INTERBANK_SETTLEMENT,UPI,NPCI Interbank (AXIS -> ICICI),IN,0,INTERBANK_CLEARING
TX_NPCI_117824,INDUS_ACC_20071,AXIS_ACC_20134,4307.05,2026-01-10 08:11:40,INTERBANK_SETTLEMENT,IMPS,NPCI Interbank (INDUS -> AXIS),IN,0,INTERBANK_CLEARING
TX_NPCI_117825,HDFC_ACC_20199,YES_ACC_20038,1881.55,2026-01-10 08:13:28,INTERBANK_SETTLEMENT,UPI,NPCI Interbank (HDFC -> YES),IN,0,INTERBANK_CLEARING
TX_NPCI_117826,HDFC_ACC_20123,ICICI_ACC_20078,1283.96,2026-01-10 08:25:30,INTERBANK_SETTLEMENT,NEFT,NPCI Interbank (HDFC -> ICICI),IN,0,INTERBANK_CLEARING
TX_NPCI_117827,HDFC_ACC_20045,PNB_ACC_20078,1889.46,2026-01-10 08:36:03,INTERBANK_SETTLEMENT,IMPS,NPCI Interbank (HDFC -> PNB),IN,0,INTERBANK_CLEARING
TX_NPCI_117828,SBI_ACC_20154,INDUS_ACC_20131,28092.32,2026-01-10 08:31:12,INTERBANK_SETTLEMENT,NEFT,NPCI Interbank (SBI -> INDUS),IN,0,INTERBANK_CLEARING
TX_NPCI_117829,CANARA_ACC_20089,SBI_ACC_20069,1479.89,2026-01-10 08:14:00,INTERBANK_SETTLEMENT,UPI,NPCI Interbank (CANARA -> SBI),IN,0,INTERBANK_CLEARING
TX_NPCI_117830,SBI_ACC_20160,INDUS_ACC_20155,699.8,2026-01-10 08:17:40,INTERBANK_SETTLEMENT,UPI,NPCI Interbank (SBI -> INDUS),IN,0,INTERBANK_CLEARING
TX_NPCI_117831,AXIS_ACC_20220,BOB_ACC_20101,4915.36,2026-01-10 08:48:09,INTERBANK_SETTLEMENT,IMPS,NPCI Interbank (AXIS -> BOB),IN,0,INTERBANK_CLEARING
TX_NPCI_117832,SBI_ACC_20190,YES_ACC_20066,2054.46,2026-01-10 08:10:48,INTERBANK_SETTLEMENT,UPI,NPCI Interbank (SBI -> YES),IN,0,INTERBANK_CLEARING
TX_NPCI_117833,AXIS_ACC_20001,PNB_ACC_20102,446.62,2026-01-10 08:41:47,INTERBANK_SETTLEMENT,IMPS,NPCI Interbank (AXIS -> PNB),IN,0,INTERBANK_CLEARING
TX_NPCI_117834,YES_ACC_20052,YES_ACC_20229,35518.03,2026-01-10 08:14:40,INTERBANK_SETTLEMENT,UPI,NPCI Interbank (YES -> YES),IN,0,INTERBANK_CLEARING
TX_NPCI_117835,ICICI_ACC_20018,SBI_ACC_20028,1598.83,2026-01-10 08:38:51,INTERBANK_SETTLEMENT,UPI,NPCI Interbank (ICICI -> SBI),IN,0,INTERBANK_CLEARING
TX_NPCI_117836,KOTAK_ACC_20086,CANARA_ACC_20115,1550.85,2026-01-10 08:22:24,INTERBANK_SETTLEMENT,IMPS,NPCI Interbank (KOTAK -> CANARA),IN,0,INTERBANK_CLEARING
TX_NPCI_117837,INDUS_ACC_20062,CANARA_ACC_20047,2956.62,2026-01-10 08:43:19,INTERBANK_SETTLEMENT,UPI,NPCI Interbank (INDUS -> CANARA),IN,0,INTERBANK_CLEARING
TX_NPCI_117838,ICICI_ACC_20025,ICICI_ACC_20124,19460.46,2026-01-10 08:11:24,INTERBANK_SETTLEMENT,UPI,NPCI Interbank (ICICI -> ICICI),IN,0,INTERBANK_CLEARING
TX_NPCI_117839,ICICI_ACC_20156,CANARA_ACC_20176,325.16,2026-01-10 08:23:00,INTERBANK_SETTLEMENT,UPI,NPCI Interbank (ICICI -> CANARA),IN,0,INTERBANK_CLEARING
TX_NPCI_117840,PNB_ACC_20016,KOTAK_ACC_20036,3398.82,2026-01-10 08:48:20,INTERBANK_SETTLEMENT,UPI,NPCI Interbank (PNB -> KOTAK),IN,0,INTERBANK_CLEARING
TX_NPCI_117841,INDUS_ACC_20179,YES_ACC_20001,29873.49,2026-01-10 08:25:21,INTERBANK_SETTLEMENT,UPI,NPCI Interbank (INDUS -> YES),IN,0,INTERBANK_CLEARING
TX_NPCI_117842,KOTAK_ACC_20062,SBI_ACC_20114,2848.29,2026-01-10 08:47:12,INTERBANK_SETTLEMENT,RTGS,NPCI Interbank (KOTAK -> SBI),IN,0,INTERBANK_CLEARING
TX_NPCI_117843,HDFC_ACC_20149,KOTAK_ACC_20095,554.24,2026-01-10 08:43:38,INTERBANK_SETTLEMENT,UPI,NPCI Interbank (HDFC -> KOTAK),IN,0,INTERBANK_CLEARING
TX_NPCI_117844,YES_ACC_20012,AXIS_ACC_20224,1162.03,2026-01-10 08:42:00,INTERBANK_SETTLEMENT,UPI,NPCI Interbank (YES -> AXIS),IN,0,INTERBANK_CLEARING
TX_NPCI_117845,AXIS_ACC_20206,KOTAK_ACC_20230,3128.34,2026-01-10 08:36:18,INTERBANK_SETTLEMENT,UPI,NPCI Interbank (AXIS -> KOTAK),IN,0,INTERBANK_CLEARING
TX_NPCI_117846,AXIS_ACC_20118,SBI_ACC_20047,12051.74,2026-01-10 08:14:14,INTERBANK_SETTLEMENT,UPI,NPCI Interbank (AXIS -> SBI),IN,0,INTERBANK_CLEARING
TX_NPCI_117847,BOB_ACC_20115,PNB_ACC_20249,1624.24,2026-01-10 08:24:36,INTERBANK_SETTLEMENT,UPI,NPCI Interbank (BOB -> PNB),IN,0,INTERBANK_CLEARING
TX_NPCI_117848,HDFC_ACC_20056,CANARA_ACC_20209,6581.26,2026-01-10 08:47:32,INTERBANK_SETTLEMENT,UPI,NPCI Interbank (HDFC -> CANARA),IN,0,INTERBANK_CLEARING
TX_NPCI_117849,INDUS_ACC_20035,YES_ACC_20153,435.96,2026-01-10 08:16:40,INTERBANK_SETTLEMENT,UPI,NPCI Interbank (INDUS -> YES),IN,0,INTERBANK_CLEARING
TX_NPCI_117850,INDUS_ACC_20119,CANARA_ACC_20198,431.62,2026-01-10 08:48:18,INTERBANK_SETTLEMENT,UPI,NPCI Interbank (INDUS -> CANARA),IN,0,INTERBANK_CLEARING
TX_NPCI_117851,KOTAK_ACC_20073,CANARA_ACC_20075,1367.36,2026-01-10 08:31:45,INTERBANK_SETTLEMENT,RTGS,NPCI Interbank (KOTAK -> CANARA),IN,0,INTERBANK_CLEARING
TX_NPCI_117852,AXIS_ACC_20230,AXIS_ACC_20232,13706.62,2026-01-10 08:19:12,INTERBANK_SETTLEMENT,UPI,NPCI Interbank (AXIS -> AXIS),IN,0,INTERBANK_CLEARING
TX_NPCI_117853,HDFC_ACC_20036,PNB_ACC_20055,2650.89,2026-01-10 08:19:21,INTERBANK_SETTLEMENT,UPI,NPCI Interbank (HDFC -> PNB),IN,0,INTERBANK_CLEARING
TX_NPCI_117854,ICICI_ACC_20237,KOTAK_ACC_20217,3455.68,2026-01-10 08:56:20,INTERBANK_SETTLEMENT,NEFT,NPCI Interbank (ICICI -> KOTAK),IN,0,INTERBANK_CLEARING
TX_NPCI_117855,YES_ACC_20243,KOTAK_ACC_20234,3407.37,2026-01-10 09:05:30,INTERBANK_SETTLEMENT,NEFT,NPCI Interbank (YES -> KOTAK),IN,0,INTERBANK_CLEARING
TX_NPCI_117856,YES_ACC_20126,BOB_ACC_20021,9237.71,2026-01-10 08:46:12,INTERBANK_SETTLEMENT,UPI,NPCI Interbank (YES -> BOB),IN,0,INTERBANK_CLEARING
TX_NPCI_117857,PNB_ACC_20058,PNB_ACC_20119,1173.49,2026-01-10 08:48:46,INTERBANK_SETTLEMENT,IMPS,NPCI Interbank (PNB -> PNB),IN,0,INTERBANK_CLEARING
TX_NPCI_117858,AXIS_ACC_20188,PNB_ACC_20148,5574.41,2026-01-10 08:13:24,INTERBANK_SETTLEMENT,IMPS,NPCI Interbank (AXIS -> PNB),IN,0,INTERBANK_CLEARING
TX_NPCI_117859,BOB_ACC_20138,YES_ACC_20187,900.49,2026-01-10 08:42:45,INTERBANK_SETTLEMENT,NEFT,NPCI Interbank (BOB -> YES),IN,0,INTERBANK_CLEARING
TX_NPCI_117860,CANARA_ACC_20224,YES_ACC_20074,26368.55,2026-01-10 08:11:20,INTERBANK_SETTLEMENT,UPI,NPCI Interbank (CANARA -> YES),IN,0,INTERBANK_CLEARING
TX_NPCI_117861,YES_ACC_20228,CANARA_ACC_20120,934.05,2026-01-10 08:18:16,INTERBANK_SETTLEMENT,RTGS,NPCI Interbank (YES -> CANARA),IN,0,INTERBANK_CLEARING
TX_NPCI_117862,AXIS_ACC_20055,BOB_ACC_20111,846.52,2026-01-10 08:55:12,INTERBANK_SETTLEMENT,IMPS,NPCI Interbank (AXIS -> BOB),IN,0,INTERBANK_CLEARING
TX_NPCI_117863,AXIS_ACC_20191,BOB_ACC_20225,4720.19,2026-01-10 08:55:36,INTERBANK_SETTLEMENT,UPI,NPCI Interbank (AXIS -> BOB),IN,0,INTERBANK_CLEARING
TX_NPCI_117864,BOB_ACC_20047,PNB_ACC_20007,2685.83,2026-01-10 08:56:00,INTERBANK_SETTLEMENT,NEFT,NPCI Interbank (BOB -> PNB),IN,0,INTERBANK_CLEARING
TX_NPCI_117865,SBI_ACC_20041,AXIS_ACC_20031,3612.74,2026-01-10 08:21:09,INTERBANK_SETTLEMENT,NEFT,NPCI Interbank (SBI -> AXIS),IN,0,INTERBANK_CLEARING
TX_NPCI_117866,KOTAK_ACC_20024,CANARA_ACC_20030,3205.99,2026-01-10 08:14:12,INTERBANK_SETTLEMENT,RTGS,NPCI Interbank (KOTAK -> CANARA),IN,0,INTERBANK_CLEARING
TX_NPCI_117867,INDUS_ACC_20062,CANARA_ACC_20226,659.53,2026-01-10 08:30:59,INTERBANK_SETTLEMENT,IMPS,NPCI Interbank (INDUS -> CANARA),IN,0,INTERBANK_CLEARING
TX_NPCI_117868,BOB_ACC_20054,AXIS_ACC_20134,16916.26,2026-01-10 08:52:48,INTERBANK_SETTLEMENT,UPI,NPCI Interbank (BOB -> AXIS),IN,0,INTERBANK_CLEARING
TX_NPCI_117869,AXIS_ACC_20055,KOTAK_ACC_20202,7131.31,2026-01-10 08:43:30,INTERBANK_SETTLEMENT,UPI,NPCI Interbank (AXIS -> KOTAK),IN,0,INTERBANK_CLEARING
TX_NPCI_117870,ICICI_ACC_20124,KOTAK_ACC_20191,12465.75,2026-01-10 08:36:30,INTERBANK_SETTLEMENT,IMPS,NPCI Interbank (ICICI -> KOTAK),IN,0,INTERBANK_CLEARING
TX_NPCI_117871,HDFC_ACC_20025,SBI_ACC_20118,1294.66,2026-01-10 09:13:30,INTERBANK_SETTLEMENT,NEFT,NPCI Interbank (HDFC -> SBI),IN,0,INTERBANK_CLEARING
TX_NPCI_117872,ICICI_ACC_20214,CANARA_ACC_20179,4023.18,2026-01-10 08:41:56,INTERBANK_SETTLEMENT,NEFT,NPCI Interbank (ICICI -> CANARA),IN,0,INTERBANK_CLEARING
TX_NPCI_117873,SBI_ACC_20239,AXIS_ACC_20201,3092.83,2026-01-10 08:19:52,INTERBANK_SETTLEMENT,IMPS,NPCI Interbank (SBI -> AXIS),IN,0,INTERBANK_CLEARING
TX_NPCI_117874,INDUS_ACC_20189,KOTAK_ACC_20068,9448.42,2026-01-10 08:17:30,INTERBANK_SETTLEMENT,NEFT,NPCI Interbank (INDUS -> KOTAK),IN,0,INTERBANK_CLEARING
TX_NPCI_117875,AXIS_ACC_20192,BOB_ACC_20248,9821.19,2026-01-10 08:12:35,INTERBANK_SETTLEMENT,IMPS,NPCI Interbank (AXIS -> BOB),IN,0,INTERBANK_CLEARING
TX_NPCI_117876,INDUS_ACC_20135,ICICI_ACC_20232,3076.85,2026-01-10 09:05:52,INTERBANK_SETTLEMENT,UPI,NPCI Interbank (INDUS -> ICICI),IN,0,INTERBANK_CLEARING
TX_NPCI_117877,SBI_ACC_20070,INDUS_ACC_20062,394.83,2026-01-10 08:56:06,INTERBANK_SETTLEMENT,IMPS,NPCI Interbank (SBI -> INDUS),IN,0,INTERBANK_CLEARING
TX_NPCI_117878,BOB_ACC_20165,HDFC_ACC_20131,20652.55,2026-01-10 08:53:54,INTERBANK_SETTLEMENT,UPI,NPCI Interbank (BOB -> HDFC),IN,0,INTERBANK_CLEARING
TX_NPCI_117879,HDFC_ACC_20207,BOB_ACC_20028,4756.11,2026-01-10 08:23:15,INTERBANK_SETTLEMENT,NEFT,NPCI Interbank (HDFC -> BOB),IN,0,INTERBANK_CLEARING
TX_NPCI_117880,SBI_ACC_20245,INDUS_ACC_20064,1176.0,2026-01-10 08:26:00,INTERBANK_SETTLEMENT,UPI,NPCI Interbank (SBI -> INDUS),IN,0,INTERBANK_CLEARING
TX_NPCI_117881,HDFC_ACC_20005,CANARA_ACC_20017,3975.28,2026-01-10 08:36:38,INTERBANK_SETTLEMENT,UPI,NPCI Interbank (HDFC -> CANARA),IN,0,INTERBANK_CLEARING
TX_NPCI_117882,INDUS_ACC_20171,INDUS_ACC_20020,398.09,2026-01-10 09:08:28,INTERBANK_SETTLEMENT,IMPS,NPCI Interbank (INDUS -> INDUS),IN,0,INTERBANK_CLEARING
TX_NPCI_117883,SBI_ACC_20241,BOB_ACC_20126,8659.6,2026-01-10 08:39:45,INTERBANK_SETTLEMENT,IMPS,NPCI Interbank (SBI -> BOB),IN,0,INTERBANK_CLEARING
TX_NPCI_117884,PNB_ACC_20022,INDUS_ACC_20018,417.61,2026-01-10 09:14:40,INTERBANK_SETTLEMENT,UPI,NPCI Interbank (PNB -> INDUS),IN,0,INTERBANK_CLEARING
TX_NPCI_117885,AXIS_ACC_20086,KOTAK_ACC_20057,1872.44,2026-01-10 09:07:05,INTERBANK_SETTLEMENT,UPI,NPCI Interbank (AXIS -> KOTAK),IN,0,INTERBANK_CLEARING
TX_NPCI_117886,BOB_ACC_20066,AXIS_ACC_20149,3272.62,2026-01-10 08:27:00,INTERBANK_SETTLEMENT,NEFT,NPCI Interbank (BOB -> AXIS),IN,0,INTERBANK_CLEARING
TX_NPCI_117887,BOB_ACC_20132,ICICI_ACC_20165,8489.69,2026-01-10 08:32:36,INTERBANK_SETTLEMENT,NEFT,NPCI Interbank (BOB -> ICICI),IN,0,INTERBANK_CLEARING
TX_NPCI_117888,ICICI_ACC_20156,AXIS_ACC_20217,2773.47,2026-01-10 08:24:36,INTERBANK_SETTLEMENT,UPI,NPCI Interbank (ICICI -> AXIS),IN,0,INTERBANK_CLEARING
TX_NPCI_117889,AXIS_ACC_20122,KOTAK_ACC_20211,5228.9,2026-01-10 08:46:45,INTERBANK_SETTLEMENT,NEFT,NPCI Interbank (AXIS -> KOTAK),IN,0,INTERBANK_CLEARING
TX_NPCI_117890,INDUS_ACC_20214,ICICI_ACC_20113,2359.49,2026-01-10 08:27:40,INTERBANK_SETTLEMENT,IMPS,NPCI Interbank (INDUS -> ICICI),IN,0,INTERBANK_CLEARING
TX_NPCI_117891,BOB_ACC_20107,AXIS_ACC_20081,2348.14,2026-01-10 08:22:16,INTERBANK_SETTLEMENT,UPI,NPCI Interbank (BOB -> AXIS),IN,0,INTERBANK_CLEARING
TX_NPCI_117892,YES_ACC_20238,YES_ACC_20050,2704.23,2026-01-10 08:28:00,INTERBANK_SETTLEMENT,NEFT,NPCI Interbank (YES -> YES),IN,0,INTERBANK_CLEARING
TX_NPCI_117893,CANARA_ACC_20172,YES_ACC_20064,1945.22,2026-01-10 08:14:05,INTERBANK_SETTLEMENT,IMPS,NPCI Interbank (CANARA -> YES),IN,0,INTERBANK_CLEARING
TX_NPCI_117894,AXIS_ACC_20192,INDUS_ACC_20230,322.5,2026-01-10 08:14:10,INTERBANK_SETTLEMENT,UPI,NPCI Interbank (AXIS -> INDUS),IN,0,INTERBANK_CLEARING
TX_NPCI_117895,SBI_ACC_20090,ICICI_ACC_20210,970.69,2026-01-10 08:17:06,INTERBANK_SETTLEMENT,IMPS,NPCI Interbank (SBI -> ICICI),IN,0,INTERBANK_CLEARING
TX_NPCI_117896,KOTAK_ACC_20068,SBI_ACC_20230,3273.88,2026-01-10 09:14:32,INTERBANK_SETTLEMENT,UPI,NPCI Interbank (KOTAK -> SBI),IN,0,INTERBANK_CLEARING
TX_NPCI_117897,INDUS_ACC_20242,YES_ACC_20016,1809.95,2026-01-10 09:20:44,INTERBANK_SETTLEMENT,UPI,NPCI Interbank (INDUS -> YES),IN,0,INTERBANK_CLEARING
TX_NPCI_117898,ICICI_ACC_20234,YES_ACC_20181,2024.4,2026-01-10 08:58:00,INTERBANK_SETTLEMENT,IMPS,NPCI Interbank (ICICI -> YES),IN,0,INTERBANK_CLEARING
TX_NPCI_117899,AXIS_ACC_20033,ICICI_ACC_20052,1655.69,2026-01-10 08:43:45,INTERBANK_SETTLEMENT,UPI,NPCI Interbank (AXIS -> ICICI),IN,0,INTERBANK_CLEARING
TX_NPCI_117900,INDUS_ACC_20111,PNB_ACC_20074,865.82,2026-01-10 09:13:20,INTERBANK_SETTLEMENT,IMPS,NPCI Interbank (INDUS -> PNB),IN,0,INTERBANK_CLEARING
TX_NPCI_117901,HDFC_ACC_20001,KOTAK_ACC_20007,1350.57,2026-01-10 08:38:21,INTERBANK_SETTLEMENT,UPI,NPCI Interbank (HDFC -> KOTAK),IN,0,INTERBANK_CLEARING
TX_NPCI_117902,PNB_ACC_20237,BOB_ACC_20143,1688.85,2026-01-10 08:20:46,INTERBANK_SETTLEMENT,UPI,NPCI Interbank (PNB -> BOB),IN,0,INTERBANK_CLEARING
TX_NPCI_117903,KOTAK_ACC_20149,SBI_ACC_20042,2455.71,2026-01-10 08:29:50,INTERBANK_SETTLEMENT,UPI,NPCI Interbank (KOTAK -> SBI),IN,0,INTERBANK_CLEARING
TX_NPCI_117904,CANARA_ACC_20051,AXIS_ACC_20098,3912.98,2026-01-10 08:27:00,INTERBANK_SETTLEMENT,IMPS,NPCI Interbank (CANARA -> AXIS),IN,0,INTERBANK_CLEARING
TX_NPCI_117905,KOTAK_ACC_20051,PNB_ACC_20005,1965.18,2026-01-10 08:39:13,INTERBANK_SETTLEMENT,UPI,NPCI Interbank (KOTAK -> PNB),IN,0,INTERBANK_CLEARING
TX_NPCI_117906,SBI_ACC_20080,INDUS_ACC_20140,709.4,2026-01-10 09:09:46,INTERBANK_SETTLEMENT,UPI,NPCI Interbank (SBI -> INDUS),IN,0,INTERBANK_CLEARING
TX_NPCI_117907,KOTAK_ACC_20236,BOB_ACC_20100,455.91,2026-01-10 08:18:18,INTERBANK_SETTLEMENT,UPI,NPCI Interbank (KOTAK -> BOB),IN,0,INTERBANK_CLEARING
TX_NPCI_117908,KOTAK_ACC_20094,KOTAK_ACC_20017,55101.08,2026-01-10 08:55:12,INTERBANK_SETTLEMENT,UPI,NPCI Interbank (KOTAK -> KOTAK),IN,0,INTERBANK_CLEARING
TX_NPCI_117909,YES_ACC_20147,HDFC_ACC_20038,629.06,2026-01-10 08:46:15,INTERBANK_SETTLEMENT,UPI,NPCI Interbank (YES -> HDFC),IN,0,INTERBANK_CLEARING
TX_NPCI_117910,AXIS_ACC_20035,SBI_ACC_20134,1309.83,2026-01-10 09:23:42,INTERBANK_SETTLEMENT,UPI,NPCI Interbank (AXIS -> SBI),IN,0,INTERBANK_CLEARING
TX_NPCI_117911,AXIS_ACC_20168,KOTAK_ACC_20032,4538.72,2026-01-10 09:05:27,INTERBANK_SETTLEMENT,UPI,NPCI Interbank (AXIS -> KOTAK),IN,0,INTERBANK_CLEARING
TX_NPCI_117912,KOTAK_ACC_20193,KOTAK_ACC_20224,3763.23,2026-01-10 09:08:56,INTERBANK_SETTLEMENT,UPI,NPCI Interbank (KOTAK -> KOTAK),IN,0,INTERBANK_CLEARING
TX_NPCI_117913,YES_ACC_20208,KOTAK_ACC_20043,4559.82,2026-01-10 08:18:54,INTERBANK_SETTLEMENT,NEFT,NPCI Interbank (YES -> KOTAK),IN,0,INTERBANK_CLEARING
TX_NPCI_117914,CANARA_ACC_20005,ICICI_ACC_20050,1434.74,2026-01-10 09:16:00,INTERBANK_SETTLEMENT,NEFT,NPCI Interbank (CANARA -> ICICI),IN,0,INTERBANK_CLEARING
TX_NPCI_117915,YES_ACC_20068,BOB_ACC_20007,3249.54,2026-01-10 09:25:57,INTERBANK_SETTLEMENT,IMPS,NPCI Interbank (YES -> BOB),IN,0,INTERBANK_CLEARING
TX_NPCI_117916,SBI_ACC_20084,HDFC_ACC_20110,2627.04,2026-01-10 08:19:12,INTERBANK_SETTLEMENT,UPI,NPCI Interbank (SBI -> HDFC),IN,0,INTERBANK_CLEARING
TX_NPCI_117917,BOB_ACC_20012,YES_ACC_20057,1678.14,2026-01-10 09:07:33,INTERBANK_SETTLEMENT,UPI,NPCI Interbank (BOB -> YES),IN,0,INTERBANK_CLEARING
TX_NPCI_117918,INDUS_ACC_20155,KOTAK_ACC_20096,3276.37,2026-01-10 09:30:32,INTERBANK_SETTLEMENT,NEFT,NPCI Interbank (INDUS -> KOTAK),IN,0,INTERBANK_CLEARING
TX_NPCI_117919,KOTAK_ACC_20039,ICICI_ACC_20213,8659.73,2026-01-10 08:45:30,INTERBANK_SETTLEMENT,RTGS,NPCI Interbank (KOTAK -> ICICI),IN,0,INTERBANK_CLEARING
TX_NPCI_117920,INDUS_ACC_20174,BOB_ACC_20133,2376.44,2026-01-10 08:26:08,INTERBANK_SETTLEMENT,UPI,NPCI Interbank (INDUS -> BOB),IN,0,INTERBANK_CLEARING
TX_NPCI_117921,ICICI_ACC_20124,CANARA_ACC_20149,2395.49,2026-01-10 09:18:48,INTERBANK_SETTLEMENT,UPI,NPCI Interbank (ICICI -> CANARA),IN,0,INTERBANK_CLEARING
TX_NPCI_117922,YES_ACC_20075,BOB_ACC_20128,8793.72,2026-01-10 09:39:00,INTERBANK_SETTLEMENT,UPI,NPCI Interbank (YES -> BOB),IN,0,INTERBANK_CLEARING
TX_NPCI_117923,BOB_ACC_20048,INDUS_ACC_20218,7735.94,2026-01-10 08:49:45,INTERBANK_SETTLEMENT,RTGS,NPCI Interbank (BOB -> INDUS),IN,0,INTERBANK_CLEARING
TX_NPCI_117924,YES_ACC_20228,ICICI_ACC_20170,16329.42,2026-01-10 08:53:20,INTERBANK_SETTLEMENT,UPI,NPCI Interbank (YES -> ICICI),IN,0,INTERBANK_CLEARING
TX_NPCI_117925,HDFC_ACC_20246,PNB_ACC_20172,296.64,2026-01-10 08:36:51,INTERBANK_SETTLEMENT,UPI,NPCI Interbank (HDFC -> PNB),IN,0,INTERBANK_CLEARING
TX_NPCI_117926,SBI_ACC_20117,PNB_ACC_20151,7231.08,2026-01-10 08:57:14,INTERBANK_SETTLEMENT,IMPS,NPCI Interbank (SBI -> PNB),IN,0,INTERBANK_CLEARING
TX_NPCI_117927,CANARA_ACC_20081,HDFC_ACC_20135,5023.57,2026-01-10 08:47:22,INTERBANK_SETTLEMENT,UPI,NPCI Interbank (CANARA -> HDFC),IN,0,INTERBANK_CLEARING
TX_NPCI_117928,SBI_ACC_20094,SBI_ACC_20078,843.21,2026-01-10 08:27:12,INTERBANK_SETTLEMENT,UPI,NPCI Interbank (SBI -> SBI),IN,0,INTERBANK_CLEARING
TX_NPCI_117929,YES_ACC_20066,PNB_ACC_20095,3300.75,2026-01-10 08:47:50,INTERBANK_SETTLEMENT,UPI,NPCI Interbank (YES -> PNB),IN,0,INTERBANK_CLEARING
TX_NPCI_117930,AXIS_ACC_20178,YES_ACC_20138,8615.74,2026-01-10 09:08:40,INTERBANK_SETTLEMENT,IMPS,NPCI Interbank (AXIS -> YES),IN,0,INTERBANK_CLEARING
TX_NPCI_117931,CANARA_ACC_20037,SBI_ACC_20205,902.36,2026-01-10 08:44:51,INTERBANK_SETTLEMENT,IMPS,NPCI Interbank (CANARA -> SBI),IN,0,INTERBANK_CLEARING
TX_NPCI_117932,AXIS_ACC_20132,ICICI_ACC_20126,4150.88,2026-01-10 08:17:20,INTERBANK_SETTLEMENT,NEFT,NPCI Interbank (AXIS -> ICICI),IN,0,INTERBANK_CLEARING
TX_NPCI_117933,SBI_ACC_20198,YES_ACC_20147,6943.94,2026-01-10 09:27:05,INTERBANK_SETTLEMENT,NEFT,NPCI Interbank (SBI -> YES),IN,0,INTERBANK_CLEARING
TX_NPCI_117934,HDFC_ACC_20223,YES_ACC_20194,675.04,2026-01-10 08:59:30,INTERBANK_SETTLEMENT,UPI,NPCI Interbank (HDFC -> YES),IN,0,INTERBANK_CLEARING
TX_NPCI_117935,ICICI_ACC_20014,ICICI_ACC_20153,2057.52,2026-01-10 08:42:12,INTERBANK_SETTLEMENT,UPI,NPCI Interbank (ICICI -> ICICI),IN,0,INTERBANK_CLEARING
TX_NPCI_117936,HDFC_ACC_20092,PNB_ACC_20115,3502.25,2026-01-10 09:35:24,INTERBANK_SETTLEMENT,IMPS,NPCI Interbank (HDFC -> PNB),IN,0,INTERBANK_CLEARING
TX_NPCI_117937,ICICI_ACC_20047,ICICI_ACC_20062,938.84,2026-01-10 08:42:36,INTERBANK_SETTLEMENT,NEFT,NPCI Interbank (ICICI -> ICICI),IN,0,INTERBANK_CLEARING
TX_NPCI_117938,ICICI_ACC_20023,INDUS_ACC_20116,849.81,2026-01-10 09:36:18,INTERBANK_SETTLEMENT,NEFT,NPCI Interbank (ICICI -> INDUS),IN,0,INTERBANK_CLEARING
TX_NPCI_117939,KOTAK_ACC_20245,ICICI_ACC_20186,2075.48,2026-01-10 08:57:20,INTERBANK_SETTLEMENT,UPI,NPCI Interbank (KOTAK -> ICICI),IN,0,INTERBANK_CLEARING
TX_NPCI_117940,CANARA_ACC_20052,CANARA_ACC_20042,6386.67,2026-01-10 09:37:12,INTERBANK_SETTLEMENT,IMPS,NPCI Interbank (CANARA -> CANARA),IN,0,INTERBANK_CLEARING
TX_NPCI_117941,BOB_ACC_20020,BOB_ACC_20034,5284.22,2026-01-10 08:21:42,INTERBANK_SETTLEMENT,NEFT,NPCI Interbank (BOB -> BOB),IN,0,INTERBANK_CLEARING
TX_NPCI_117942,ICICI_ACC_20048,AXIS_ACC_20167,868.1,2026-01-10 08:47:14,INTERBANK_SETTLEMENT,UPI,NPCI Interbank (ICICI -> AXIS),IN,0,INTERBANK_CLEARING
TX_NPCI_117943,SBI_ACC_20132,INDUS_ACC_20069,5337.97,2026-01-10 09:27:36,INTERBANK_SETTLEMENT,UPI,NPCI Interbank (SBI -> INDUS),IN,0,INTERBANK_CLEARING
TX_NPCI_117944,PNB_ACC_20123,INDUS_ACC_20036,895.04,2026-01-10 09:46:20,INTERBANK_SETTLEMENT,IMPS,NPCI Interbank (PNB -> INDUS),IN,0,INTERBANK_CLEARING
TX_NPCI_117945,CANARA_ACC_20005,PNB_ACC_20034,353.47,2026-01-10 09:09:59,INTERBANK_SETTLEMENT,UPI,NPCI Interbank (CANARA -> PNB),IN,0,INTERBANK_CLEARING
TX_NPCI_117946,AXIS_ACC_20142,BOB_ACC_20074,1570.94,2026-01-10 09:39:54,INTERBANK_SETTLEMENT,NEFT,NPCI Interbank (AXIS -> BOB),IN,0,INTERBANK_CLEARING
TX_NPCI_117947,YES_ACC_20120,HDFC_ACC_20059,9391.53,2026-01-10 09:14:20,INTERBANK_SETTLEMENT,UPI,NPCI Interbank (YES -> HDFC),IN,0,INTERBANK_CLEARING
TX_NPCI_117948,BOB_ACC_20031,SBI_ACC_20062,5362.32,2026-01-10 08:41:04,INTERBANK_SETTLEMENT,IMPS,NPCI Interbank (BOB -> SBI),IN,0,INTERBANK_CLEARING
TX_NPCI_117949,YES_ACC_20054,SBI_ACC_20211,2436.0,2026-01-10 09:45:00,INTERBANK_SETTLEMENT,UPI,NPCI Interbank (YES -> SBI),IN,0,INTERBANK_CLEARING
TX_NPCI_117950,YES_ACC_20238,KOTAK_ACC_20205,1480.23,2026-01-10 08:37:40,INTERBANK_SETTLEMENT,UPI,NPCI Interbank (YES -> KOTAK),IN,0,INTERBANK_CLEARING
TX_NPCI_117951,HDFC_ACC_20163,INDUS_ACC_20221,1528.87,2026-01-10 08:41:37,INTERBANK_SETTLEMENT,UPI,NPCI Interbank (HDFC -> INDUS),IN,0,INTERBANK_CLEARING
TX_NPCI_117952,YES_ACC_20021,KOTAK_ACC_20137,2780.93,2026-01-10 09:46:24,INTERBANK_SETTLEMENT,UPI,NPCI Interbank (YES -> KOTAK),IN,0,INTERBANK_CLEARING
TX_NPCI_117953,HDFC_ACC_20114,PNB_ACC_20166,677.14,2026-01-10 09:20:09,INTERBANK_SETTLEMENT,NEFT,NPCI Interbank (HDFC -> PNB),IN,0,INTERBANK_CLEARING
TX_NPCI_117954,PNB_ACC_20015,HDFC_ACC_20036,1607.24,2026-01-10 09:09:00,INTERBANK_SETTLEMENT,UPI,NPCI Interbank (PNB -> HDFC),IN,0,INTERBANK_CLEARING
TX_NPCI_117955,CANARA_ACC_20236,INDUS_ACC_20087,1884.31,2026-01-10 08:30:48,INTERBANK_SETTLEMENT,NEFT,NPCI Interbank (CANARA -> INDUS),IN,0,INTERBANK_CLEARING
TX_NPCI_117956,CANARA_ACC_20077,ICICI_ACC_20029,482.37,2026-01-10 09:32:48,INTERBANK_SETTLEMENT,UPI,NPCI Interbank (CANARA -> ICICI),IN,0,INTERBANK_CLEARING
TX_NPCI_117957,HDFC_ACC_20247,YES_ACC_20062,892.35,2026-01-10 09:02:08,INTERBANK_SETTLEMENT,UPI,NPCI Interbank (HDFC -> YES),IN,0,INTERBANK_CLEARING
TX_NPCI_117958,INDUS_ACC_20156,HDFC_ACC_20006,3994.24,2026-01-10 09:21:54,INTERBANK_SETTLEMENT,UPI,NPCI Interbank (INDUS -> HDFC),IN,0,INTERBANK_CLEARING
TX_NPCI_117959,PNB_ACC_20161,KOTAK_ACC_20203,2468.62,2026-01-10 09:26:10,INTERBANK_SETTLEMENT,NEFT,NPCI Interbank (PNB -> KOTAK),IN,0,INTERBANK_CLEARING
TX_NPCI_117960,SBI_ACC_20091,AXIS_ACC_20056,1684.94,2026-01-10 08:47:12,INTERBANK_SETTLEMENT,UPI,NPCI Interbank (SBI -> AXIS),IN,0,INTERBANK_CLEARING
TX_NPCI_117961,PNB_ACC_20185,PNB_ACC_20092,817.53,2026-01-10 09:03:12,INTERBANK_SETTLEMENT,UPI,NPCI Interbank (PNB -> PNB),IN,0,INTERBANK_CLEARING
TX_NPCI_117962,BOB_ACC_20196,YES_ACC_20226,16191.15,2026-01-10 08:43:38,INTERBANK_SETTLEMENT,UPI,NPCI Interbank (BOB -> YES),IN,0,INTERBANK_CLEARING
TX_NPCI_117963,PNB_ACC_20162,INDUS_ACC_20106,892.86,2026-01-10 09:47:33,INTERBANK_SETTLEMENT,UPI,NPCI Interbank (PNB -> INDUS),IN,0,INTERBANK_CLEARING
TX_NPCI_117964,KOTAK_ACC_20044,ICICI_ACC_20218,3300.77,2026-01-10 09:48:00,INTERBANK_SETTLEMENT,UPI,NPCI Interbank (KOTAK -> ICICI),IN,0,INTERBANK_CLEARING
TX_NPCI_117965,PNB_ACC_20063,BOB_ACC_20158,1359.07,2026-01-10 08:36:09,INTERBANK_SETTLEMENT,UPI,NPCI Interbank (PNB -> BOB),IN,0,INTERBANK_CLEARING
TX_NPCI_117966,YES_ACC_20228,SBI_ACC_20219,2549.2,2026-01-10 09:12:36,INTERBANK_SETTLEMENT,UPI,NPCI Interbank (YES -> SBI),IN,0,INTERBANK_CLEARING
TX_NPCI_117967,SBI_ACC_20005,INDUS_ACC_20239,4226.51,2026-01-10 08:28:21,INTERBANK_SETTLEMENT,IMPS,NPCI Interbank (SBI -> INDUS),IN,0,INTERBANK_CLEARING
TX_NPCI_117968,HDFC_ACC_20001,AXIS_ACC_20057,471.39,2026-01-10 08:32:32,INTERBANK_SETTLEMENT,IMPS,NPCI Interbank (HDFC -> AXIS),IN,0,INTERBANK_CLEARING
TX_NPCI_117969,ICICI_ACC_20040,AXIS_ACC_20063,2421.3,2026-01-10 08:36:45,INTERBANK_SETTLEMENT,RTGS,NPCI Interbank (ICICI -> AXIS),IN,0,INTERBANK_CLEARING
TX_NPCI_117970,KOTAK_ACC_20126,AXIS_ACC_20184,10187.07,2026-01-10 09:05:36,INTERBANK_SETTLEMENT,UPI,NPCI Interbank (KOTAK -> AXIS),IN,0,INTERBANK_CLEARING
TX_NPCI_117971,PNB_ACC_20179,AXIS_ACC_20216,20207.36,2026-01-10 08:53:31,INTERBANK_SETTLEMENT,NEFT,NPCI Interbank (PNB -> AXIS),IN,0,INTERBANK_CLEARING
TX_NPCI_117972,INDUS_ACC_20099,SBI_ACC_20121,2088.04,2026-01-10 09:02:00,INTERBANK_SETTLEMENT,IMPS,NPCI Interbank (INDUS -> SBI),IN,0,INTERBANK_CLEARING
TX_NPCI_117973,KOTAK_ACC_20020,HDFC_ACC_20217,2565.78,2026-01-10 09:52:03,INTERBANK_SETTLEMENT,NEFT,NPCI Interbank (KOTAK -> HDFC),IN,0,INTERBANK_CLEARING
TX_NPCI_117974,AXIS_ACC_20080,CANARA_ACC_20149,34668.95,2026-01-10 09:10:50,INTERBANK_SETTLEMENT,UPI,NPCI Interbank (AXIS -> CANARA),IN,0,INTERBANK_CLEARING
TX_NPCI_117975,ICICI_ACC_20058,ICICI_ACC_20233,9527.23,2026-01-10 09:11:07,INTERBANK_SETTLEMENT,RTGS,NPCI Interbank (ICICI -> ICICI),IN,0,INTERBANK_CLEARING
TX_NPCI_117976,YES_ACC_20242,ICICI_ACC_20137,1163.58,2026-01-10 09:40:48,INTERBANK_SETTLEMENT,UPI,NPCI Interbank (YES -> ICICI),IN,0,INTERBANK_CLEARING
TX_NPCI_117977,AXIS_ACC_20188,BOB_ACC_20179,1161.21,2026-01-10 08:54:49,INTERBANK_SETTLEMENT,UPI,NPCI Interbank (AXIS -> BOB),IN,0,INTERBANK_CLEARING
TX_NPCI_117978,SBI_ACC_20097,BOB_ACC_20178,7691.41,2026-01-10 09:58:32,INTERBANK_SETTLEMENT,NEFT,NPCI Interbank (SBI -> BOB),IN,0,INTERBANK_CLEARING
TX_NPCI_117979,YES_ACC_20221,BOB_ACC_20020,725.42,2026-01-10 08:25:30,INTERBANK_SETTLEMENT,UPI,NPCI Interbank (YES -> BOB),IN,0,INTERBANK_CLEARING
TX_NPCI_117980,PNB_ACC_20007,HDFC_ACC_20189,9002.63,2026-01-10 08:21:20,INTERBANK_SETTLEMENT,UPI,NPCI Interbank (PNB -> HDFC),IN,0,INTERBANK_CLEARING
TX_NPCI_117981,HDFC_ACC_20135,SBI_ACC_20211,3645.18,2026-01-10 09:21:23,INTERBANK_SETTLEMENT,NEFT,NPCI Interbank (HDFC -> SBI),IN,0,INTERBANK_CLEARING
TX_NPCI_117982,INDUS_ACC_20220,PNB_ACC_20087,4542.65,2026-01-10 08:30:06,INTERBANK_SETTLEMENT,UPI,NPCI Interbank (INDUS -> PNB),IN,0,INTERBANK_CLEARING
TX_NPCI_117983,CANARA_ACC_20016,PNB_ACC_20198,1793.49,2026-01-10 09:39:17,INTERBANK_SETTLEMENT,IMPS,NPCI Interbank (CANARA -> PNB),IN,0,INTERBANK_CLEARING
TX_NPCI_117984,AXIS_ACC_20157,ICICI_ACC_20043,1146.2,2026-01-10 09:09:20,INTERBANK_SETTLEMENT,UPI,NPCI Interbank (AXIS -> ICICI),IN,0,INTERBANK_CLEARING
TX_NPCI_117985,AXIS_ACC_20038,PNB_ACC_20166,14106.51,2026-01-10 09:35:42,INTERBANK_SETTLEMENT,UPI,NPCI Interbank (AXIS -> PNB),IN,0,INTERBANK_CLEARING
TX_NPCI_117986,BOB_ACC_20020,PNB_ACC_20081,1815.14,2026-01-10 08:56:46,INTERBANK_SETTLEMENT,UPI,NPCI Interbank (BOB -> PNB),IN,0,INTERBANK_CLEARING
TX_NPCI_117987,CANARA_ACC_20207,SBI_ACC_20106,1490.52,2026-01-10 08:43:50,INTERBANK_SETTLEMENT,UPI,NPCI Interbank (CANARA -> SBI),IN,0,INTERBANK_CLEARING
TX_NPCI_117988,CANARA_ACC_20160,INDUS_ACC_20080,2216.83,2026-01-10 08:57:12,INTERBANK_SETTLEMENT,UPI,NPCI Interbank (CANARA -> INDUS),IN,0,INTERBANK_CLEARING
TX_NPCI_117989,YES_ACC_20231,BOB_ACC_20218,3076.74,2026-01-10 09:23:55,INTERBANK_SETTLEMENT,UPI,NPCI Interbank (YES -> BOB),IN,0,INTERBANK_CLEARING
TX_NPCI_117990,ICICI_ACC_20159,KOTAK_ACC_20166,708.4,2026-01-10 09:55:16,INTERBANK_SETTLEMENT,UPI,NPCI Interbank (ICICI -> KOTAK),IN,0,INTERBANK_CLEARING
TX_NPCI_117991,KOTAK_ACC_20243,BOB_ACC_20133,1239.12,2026-01-10 09:15:39,INTERBANK_SETTLEMENT,NEFT,NPCI Interbank (KOTAK -> BOB),IN,0,INTERBANK_CLEARING
TX_NPCI_117992,INDUS_ACC_20158,AXIS_ACC_20166,1162.54,2026-01-10 09:42:44,INTERBANK_SETTLEMENT,IMPS,NPCI Interbank (INDUS -> AXIS),IN,0,INTERBANK_CLEARING
TX_NPCI_117993,BOB_ACC_20026,INDUS_ACC_20047,6730.04,2026-01-10 09:43:07,INTERBANK_SETTLEMENT,UPI,NPCI Interbank (BOB -> INDUS),IN,0,INTERBANK_CLEARING
TX_NPCI_117994,INDUS_ACC_20156,INDUS_ACC_20049,842.9,2026-01-10 10:01:30,INTERBANK_SETTLEMENT,UPI,NPCI Interbank (INDUS -> INDUS),IN,0,INTERBANK_CLEARING
TX_NPCI_117995,SBI_ACC_20103,PNB_ACC_20071,296.81,2026-01-10 08:27:06,INTERBANK_SETTLEMENT,UPI,NPCI Interbank (SBI -> PNB),IN,0,INTERBANK_CLEARING
TX_NPCI_117996,ICICI_ACC_20078,KOTAK_ACC_20036,230.32,2026-01-10 10:16:00,INTERBANK_SETTLEMENT,IMPS,NPCI Interbank (ICICI -> KOTAK),IN,0,INTERBANK_CLEARING
TX_NPCI_117997,CANARA_ACC_20023,ICICI_ACC_20229,418.03,2026-01-10 10:07:24,INTERBANK_SETTLEMENT,NEFT,NPCI Interbank (CANARA -> ICICI),IN,0,INTERBANK_CLEARING
TX_NPCI_117998,AXIS_ACC_20021,ICICI_ACC_20210,12504.52,2026-01-10 09:35:54,INTERBANK_SETTLEMENT,UPI,NPCI Interbank (AXIS -> ICICI),IN,0,INTERBANK_CLEARING
TX_NPCI_117999,INDUS_ACC_20187,INDUS_ACC_20247,2488.53,2026-01-10 08:45:50,INTERBANK_SETTLEMENT,IMPS,NPCI Interbank (INDUS -> INDUS),IN,0,INTERBANK_CLEARING
TX_NPCI_118000,HDFC_ACC_20046,YES_ACC_20215,4453.74,2026-01-10 09:50:24,INTERBANK_SETTLEMENT,IMPS,NPCI Interbank (HDFC -> YES),IN,0,INTERBANK_CLEARING
TX_NPCI_118001,ICICI_ACC_20047,BOB_ACC_20028,4646.11,2026-01-10 09:27:43,INTERBANK_SETTLEMENT,UPI,NPCI Interbank (ICICI -> BOB),IN,0,INTERBANK_CLEARING
TX_NPCI_118002,INDUS_ACC_20142,BOB_ACC_20100,2610.82,2026-01-10 08:55:36,INTERBANK_SETTLEMENT,IMPS,NPCI Interbank (INDUS -> BOB),IN,0,INTERBANK_CLEARING
TX_NPCI_118003,SBI_ACC_20150,ICICI_ACC_20102,2231.13,2026-01-10 09:23:42,INTERBANK_SETTLEMENT,RTGS,NPCI Interbank (SBI -> ICICI),IN,0,INTERBANK_CLEARING
TX_NPCI_118004,HDFC_ACC_20012,INDUS_ACC_20029,8547.82,2026-01-10 08:56:00,INTERBANK_SETTLEMENT,UPI,NPCI Interbank (HDFC -> INDUS),IN,0,INTERBANK_CLEARING
TX_NPCI_118005,ICICI_ACC_20075,KOTAK_ACC_20170,2907.93,2026-01-10 10:06:27,INTERBANK_SETTLEMENT,NEFT,NPCI Interbank (ICICI -> KOTAK),IN,0,INTERBANK_CLEARING
TX_NPCI_118006,AXIS_ACC_20024,KOTAK_ACC_20227,13081.01,2026-01-10 08:23:30,INTERBANK_SETTLEMENT,RTGS,NPCI Interbank (AXIS -> KOTAK),IN,0,INTERBANK_CLEARING
TX_NPCI_118007,INDUS_ACC_20157,SBI_ACC_20124,5140.96,2026-01-10 09:34:20,INTERBANK_SETTLEMENT,IMPS,NPCI Interbank (INDUS -> SBI),IN,0,INTERBANK_CLEARING
TX_NPCI_118008,AXIS_ACC_20215,YES_ACC_20159,1162.87,2026-01-10 08:37:52,INTERBANK_SETTLEMENT,UPI,NPCI Interbank (AXIS -> YES),IN,0,INTERBANK_CLEARING
TX_NPCI_118009,CANARA_ACC_20067,INDUS_ACC_20119,1344.05,2026-01-10 08:52:15,INTERBANK_SETTLEMENT,UPI,NPCI Interbank (CANARA -> INDUS),IN,0,INTERBANK_CLEARING
TX_NPCI_118010,KOTAK_ACC_20139,ICICI_ACC_20241,1019.47,2026-01-10 08:23:50,INTERBANK_SETTLEMENT,UPI,NPCI Interbank (KOTAK -> ICICI),IN,0,INTERBANK_CLEARING
TX_NPCI_118011,INDUS_ACC_20135,KOTAK_ACC_20107,10520.25,2026-01-10 09:26:06,INTERBANK_SETTLEMENT,UPI,NPCI Interbank (INDUS -> KOTAK),IN,0,INTERBANK_CLEARING
TX_NPCI_118012,PNB_ACC_20063,BOB_ACC_20003,1501.08,2026-01-10 08:52:48,INTERBANK_SETTLEMENT,IMPS,NPCI Interbank (PNB -> BOB),IN,0,INTERBANK_CLEARING
TX_NPCI_118013,HDFC_ACC_20154,ICICI_ACC_20077,936.2,2026-01-10 10:10:03,INTERBANK_SETTLEMENT,UPI,NPCI Interbank (HDFC -> ICICI),IN,0,INTERBANK_CLEARING
TX_NPCI_118014,PNB_ACC_20064,AXIS_ACC_20208,3582.2,2026-01-10 08:38:40,INTERBANK_SETTLEMENT,IMPS,NPCI Interbank (PNB -> AXIS),IN,0,INTERBANK_CLEARING
TX_NPCI_118015,HDFC_ACC_20237,CANARA_ACC_20003,2171.99,2026-01-10 08:53:21,INTERBANK_SETTLEMENT,UPI,NPCI Interbank (HDFC -> CANARA),IN,0,INTERBANK_CLEARING
TX_NPCI_118016,PNB_ACC_20209,SBI_ACC_20041,3475.46,2026-01-10 10:01:40,INTERBANK_SETTLEMENT,IMPS,NPCI Interbank (PNB -> SBI),IN,0,INTERBANK_CLEARING
TX_NPCI_118017,HDFC_ACC_20185,INDUS_ACC_20095,23571.1,2026-01-10 08:43:57,INTERBANK_SETTLEMENT,NEFT,NPCI Interbank (HDFC -> INDUS),IN,0,INTERBANK_CLEARING
TX_NPCI_118018,AXIS_ACC_20070,ICICI_ACC_20002,7300.4,2026-01-10 09:57:36,INTERBANK_SETTLEMENT,NEFT,NPCI Interbank (AXIS -> ICICI),IN,0,INTERBANK_CLEARING
TX_NPCI_118019,CANARA_ACC_20227,KOTAK_ACC_20166,2521.0,2026-01-10 10:12:45,INTERBANK_SETTLEMENT,IMPS,NPCI Interbank (CANARA -> KOTAK),IN,0,INTERBANK_CLEARING
TX_NPCI_118020,KOTAK_ACC_20062,BOB_ACC_20067,450.29,2026-01-10 09:38:40,INTERBANK_SETTLEMENT,UPI,NPCI Interbank (KOTAK -> BOB),IN,0,INTERBANK_CLEARING
TX_NPCI_118021,INDUS_ACC_20216,ICICI_ACC_20193,1339.49,2026-01-10 08:34:39,INTERBANK_SETTLEMENT,NEFT,NPCI Interbank (INDUS -> ICICI),IN,0,INTERBANK_CLEARING
TX_NPCI_118022,PNB_ACC_20070,ICICI_ACC_20078,5728.77,2026-01-10 08:44:42,INTERBANK_SETTLEMENT,UPI,NPCI Interbank (PNB -> ICICI),IN,0,INTERBANK_CLEARING
TX_NPCI_118023,ICICI_ACC_20050,BOB_ACC_20053,598.69,2026-01-10 08:24:55,INTERBANK_SETTLEMENT,UPI,NPCI Interbank (ICICI -> BOB),IN,0,INTERBANK_CLEARING
TX_NPCI_118024,ICICI_ACC_20005,YES_ACC_20220,31861.84,2026-01-10 08:45:00,INTERBANK_SETTLEMENT,UPI,NPCI Interbank (ICICI -> YES),IN,0,INTERBANK_CLEARING
TX_NPCI_118025,BOB_ACC_20144,ICICI_ACC_20026,2483.19,2026-01-10 08:55:11,INTERBANK_SETTLEMENT,IMPS,NPCI Interbank (BOB -> ICICI),IN,0,INTERBANK_CLEARING
TX_NPCI_118026,PNB_ACC_20099,CANARA_ACC_20066,2587.94,2026-01-10 09:30:36,INTERBANK_SETTLEMENT,IMPS,NPCI Interbank (PNB -> CANARA),IN,0,INTERBANK_CLEARING
TX_NPCI_118027,CANARA_ACC_20189,PNB_ACC_20016,1096.66,2026-01-10 08:55:33,INTERBANK_SETTLEMENT,IMPS,NPCI Interbank (CANARA -> PNB),IN,0,INTERBANK_CLEARING
TX_NPCI_118028,BOB_ACC_20103,BOB_ACC_20179,4429.69,2026-01-10 08:45:36,INTERBANK_SETTLEMENT,UPI,NPCI Interbank (BOB -> BOB),IN,0,INTERBANK_CLEARING
TX_NPCI_118029,HDFC_ACC_20082,CANARA_ACC_20130,608.14,2026-01-10 09:01:00,INTERBANK_SETTLEMENT,IMPS,NPCI Interbank (HDFC -> CANARA),IN,0,INTERBANK_CLEARING
TX_NPCI_118030,SBI_ACC_20149,BOB_ACC_20007,32789.75,2026-01-10 09:01:12,INTERBANK_SETTLEMENT,UPI,NPCI Interbank (SBI -> BOB),IN,0,INTERBANK_CLEARING
TX_NPCI_118031,KOTAK_ACC_20080,INDUS_ACC_20005,11858.75,2026-01-10 10:33:30,INTERBANK_SETTLEMENT,UPI,NPCI Interbank (KOTAK -> INDUS),IN,0,INTERBANK_CLEARING
TX_NPCI_118032,YES_ACC_20027,AXIS_ACC_20140,7951.82,2026-01-10 09:42:40,INTERBANK_SETTLEMENT,RTGS,NPCI Interbank (YES -> AXIS),IN,0,INTERBANK_CLEARING
TX_NPCI_118033,PNB_ACC_20119,BOB_ACC_20117,460.12,2026-01-10 09:53:18,INTERBANK_SETTLEMENT,UPI,NPCI Interbank (PNB -> BOB),IN,0,INTERBANK_CLEARING
TX_NPCI_118034,AXIS_ACC_20171,AXIS_ACC_20177,3122.83,2026-01-10 09:22:40,INTERBANK_SETTLEMENT,UPI,NPCI Interbank (AXIS -> AXIS),IN,0,INTERBANK_CLEARING
TX_NPCI_118035,SBI_ACC_20206,BOB_ACC_20080,10413.97,2026-01-10 09:07:23,INTERBANK_SETTLEMENT,RTGS,NPCI Interbank (SBI -> BOB),IN,0,INTERBANK_CLEARING
TX_NPCI_118036,AXIS_ACC_20165,AXIS_ACC_20068,4972.74,2026-01-10 10:10:00,INTERBANK_SETTLEMENT,NEFT,NPCI Interbank (AXIS -> AXIS),IN,0,INTERBANK_CLEARING
TX_NPCI_118037,AXIS_ACC_20083,AXIS_ACC_20223,733.24,2026-01-10 10:15:38,INTERBANK_SETTLEMENT,NEFT,NPCI Interbank (AXIS -> AXIS),IN,0,INTERBANK_CLEARING
TX_NPCI_118038,INDUS_ACC_20197,BOB_ACC_20074,1118.66,2026-01-10 08:26:10,INTERBANK_SETTLEMENT,IMPS,NPCI Interbank (INDUS -> BOB),IN,0,INTERBANK_CLEARING
TX_NPCI_118039,AXIS_ACC_20158,AXIS_ACC_20005,1418.96,2026-01-10 09:13:30,INTERBANK_SETTLEMENT,IMPS,NPCI Interbank (AXIS -> AXIS),IN,0,INTERBANK_CLEARING
TX_NPCI_118040,PNB_ACC_20022,KOTAK_ACC_20169,1183.08,2026-01-10 08:52:40,INTERBANK_SETTLEMENT,UPI,NPCI Interbank (PNB -> KOTAK),IN,0,INTERBANK_CLEARING
TX_NPCI_118041,YES_ACC_20201,CANARA_ACC_20100,15283.58,2026-01-10 08:52:50,INTERBANK_SETTLEMENT,UPI,NPCI Interbank (YES -> CANARA),IN,0,INTERBANK_CLEARING
TX_NPCI_118042,KOTAK_ACC_20164,KOTAK_ACC_20247,243.42,2026-01-10 09:30:06,INTERBANK_SETTLEMENT,UPI,NPCI Interbank (KOTAK -> KOTAK),IN,0,INTERBANK_CLEARING
TX_NPCI_118043,YES_ACC_20096,CANARA_ACC_20131,5362.06,2026-01-10 09:35:42,INTERBANK_SETTLEMENT,IMPS,NPCI Interbank (YES -> CANARA),IN,0,INTERBANK_CLEARING
TX_NPCI_118044,ICICI_ACC_20128,INDUS_ACC_20091,517.62,2026-01-10 10:08:00,INTERBANK_SETTLEMENT,IMPS,NPCI Interbank (ICICI -> INDUS),IN,0,INTERBANK_CLEARING
TX_NPCI_118045,PNB_ACC_20196,HDFC_ACC_20225,770.08,2026-01-10 10:24:27,INTERBANK_SETTLEMENT,UPI,NPCI Interbank (PNB -> HDFC),IN,0,INTERBANK_CLEARING
TX_NPCI_118046,HDFC_ACC_20052,HDFC_ACC_20107,218.84,2026-01-10 08:32:12,INTERBANK_SETTLEMENT,UPI,NPCI Interbank (HDFC -> HDFC),IN,0,INTERBANK_CLEARING
TX_NPCI_118047,INDUS_ACC_20222,AXIS_ACC_20237,1262.86,2026-01-10 08:32:18,INTERBANK_SETTLEMENT,IMPS,NPCI Interbank (INDUS -> AXIS),IN,0,INTERBANK_CLEARING
TX_NPCI_118048,YES_ACC_20167,SBI_ACC_20236,14956.15,2026-01-10 10:31:12,INTERBANK_SETTLEMENT,IMPS,NPCI Interbank (YES -> SBI),IN,0,INTERBANK_CLEARING
TX_NPCI_118049,PNB_ACC_20104,PNB_ACC_20181,3353.6,2026-01-10 10:31:40,INTERBANK_SETTLEMENT,UPI,NPCI Interbank (PNB -> PNB),IN,0,INTERBANK_CLEARING
TX_NPCI_118050,HDFC_ACC_20022,PNB_ACC_20214,579.38,2026-01-10 09:21:30,INTERBANK_SETTLEMENT,UPI,NPCI Interbank (HDFC -> PNB),IN,0,INTERBANK_CLEARING
TX_NPCI_118051,ICICI_ACC_20137,AXIS_ACC_20107,8271.55,2026-01-10 09:10:51,INTERBANK_SETTLEMENT,IMPS,NPCI Interbank (ICICI -> AXIS),IN,0,INTERBANK_CLEARING
TX_NPCI_118052,KOTAK_ACC_20078,PNB_ACC_20031,10695.36,2026-01-10 08:38:16,INTERBANK_SETTLEMENT,UPI,NPCI Interbank (KOTAK -> PNB),IN,0,INTERBANK_CLEARING
TX_NPCI_118053,CANARA_ACC_20090,ICICI_ACC_20197,2765.17,2026-01-10 09:05:48,INTERBANK_SETTLEMENT,UPI,NPCI Interbank (CANARA -> ICICI),IN,0,INTERBANK_CLEARING
TX_NPCI_118054,HDFC_ACC_20021,KOTAK_ACC_20162,28048.74,2026-01-10 09:55:30,INTERBANK_SETTLEMENT,IMPS,NPCI Interbank (HDFC -> KOTAK),IN,0,INTERBANK_CLEARING
TX_NPCI_118055,HDFC_ACC_20088,HDFC_ACC_20008,6541.21,2026-01-10 08:27:35,INTERBANK_SETTLEMENT,UPI,NPCI Interbank (HDFC -> HDFC),IN,0,INTERBANK_CLEARING
TX_NPCI_118056,KOTAK_ACC_20171,KOTAK_ACC_20138,5536.86,2026-01-10 10:23:52,INTERBANK_SETTLEMENT,IMPS,NPCI Interbank (KOTAK -> KOTAK),IN,0,INTERBANK_CLEARING
TX_NPCI_118057,INDUS_ACC_20129,KOTAK_ACC_20176,930.71,2026-01-10 08:44:24,INTERBANK_SETTLEMENT,RTGS,NPCI Interbank (INDUS -> KOTAK),IN,0,INTERBANK_CLEARING
TX_NPCI_118058,SBI_ACC_20162,CANARA_ACC_20187,5181.65,2026-01-10 10:35:52,INTERBANK_SETTLEMENT,UPI,NPCI Interbank (SBI -> CANARA),IN,0,INTERBANK_CLEARING
TX_NPCI_118059,AXIS_ACC_20148,PNB_ACC_20125,3165.76,2026-01-10 09:34:55,INTERBANK_SETTLEMENT,UPI,NPCI Interbank (AXIS -> PNB),IN,0,INTERBANK_CLEARING
TX_NPCI_118060,ICICI_ACC_20181,INDUS_ACC_20069,4554.15,2026-01-10 10:48:00,INTERBANK_SETTLEMENT,UPI,NPCI Interbank (ICICI -> INDUS),IN,0,INTERBANK_CLEARING
TX_NPCI_118061,PNB_ACC_20141,INDUS_ACC_20040,1073.3,2026-01-10 09:29:52,INTERBANK_SETTLEMENT,UPI,NPCI Interbank (PNB -> INDUS),IN,0,INTERBANK_CLEARING
TX_NPCI_118062,YES_ACC_20176,INDUS_ACC_20184,2846.14,2026-01-10 09:18:52,INTERBANK_SETTLEMENT,UPI,NPCI Interbank (YES -> INDUS),IN,0,INTERBANK_CLEARING
TX_NPCI_118063,CANARA_ACC_20127,KOTAK_ACC_20034,915.77,2026-01-10 09:24:45,INTERBANK_SETTLEMENT,UPI,NPCI Interbank (CANARA -> KOTAK),IN,0,INTERBANK_CLEARING
TX_NPCI_118064,SBI_ACC_20175,PNB_ACC_20021,185.57,2026-01-10 08:51:00,INTERBANK_SETTLEMENT,UPI,NPCI Interbank (SBI -> PNB),IN,0,INTERBANK_CLEARING
TX_NPCI_118065,SBI_ACC_20109,SBI_ACC_20132,8086.61,2026-01-10 09:36:37,INTERBANK_SETTLEMENT,RTGS,NPCI Interbank (SBI -> SBI),IN,0,INTERBANK_CLEARING
TX_NPCI_118066,BOB_ACC_20224,INDUS_ACC_20126,402.27,2026-01-10 09:19:48,INTERBANK_SETTLEMENT,UPI,NPCI Interbank (BOB -> INDUS),IN,0,INTERBANK_CLEARING
TX_NPCI_118067,HDFC_ACC_20033,BOB_ACC_20148,2775.6,2026-01-10 09:42:54,INTERBANK_SETTLEMENT,UPI,NPCI Interbank (HDFC -> BOB),IN,0,INTERBANK_CLEARING
TX_NPCI_118068,INDUS_ACC_20087,AXIS_ACC_20088,3639.5,2026-01-10 09:48:56,INTERBANK_SETTLEMENT,UPI,NPCI Interbank (INDUS -> AXIS),IN,0,INTERBANK_CLEARING
TX_NPCI_118069,YES_ACC_20185,BOB_ACC_20059,3611.49,2026-01-10 09:32:00,INTERBANK_SETTLEMENT,NEFT,NPCI Interbank (YES -> BOB),IN,0,INTERBANK_CLEARING
TX_NPCI_118070,BOB_ACC_20097,AXIS_ACC_20113,1737.68,2026-01-10 08:46:08,INTERBANK_SETTLEMENT,NEFT,NPCI Interbank (BOB -> AXIS),IN,0,INTERBANK_CLEARING
TX_NPCI_118071,HDFC_ACC_20091,INDUS_ACC_20051,3379.4,2026-01-10 08:40:29,INTERBANK_SETTLEMENT,UPI,NPCI Interbank (HDFC -> INDUS),IN,0,INTERBANK_CLEARING
TX_NPCI_118072,ICICI_ACC_20210,ICICI_ACC_20058,4294.8,2026-01-10 09:27:00,INTERBANK_SETTLEMENT,RTGS,NPCI Interbank (ICICI -> ICICI),IN,0,INTERBANK_CLEARING
TX_NPCI_118073,CANARA_ACC_20226,INDUS_ACC_20147,5895.58,2026-01-10 10:48:41,INTERBANK_SETTLEMENT,UPI,NPCI Interbank (CANARA -> INDUS),IN,0,INTERBANK_CLEARING
TX_NPCI_118074,HDFC_ACC_20149,CANARA_ACC_20051,19538.25,2026-01-10 10:25:50,INTERBANK_SETTLEMENT,UPI,NPCI Interbank (HDFC -> CANARA),IN,0,INTERBANK_CLEARING
TX_NPCI_118075,YES_ACC_20063,PNB_ACC_20160,3232.57,2026-01-10 10:32:06,INTERBANK_SETTLEMENT,IMPS,NPCI Interbank (YES -> PNB),IN,0,INTERBANK_CLEARING
TX_NPCI_118076,ICICI_ACC_20025,YES_ACC_20055,2635.58,2026-01-10 09:51:28,INTERBANK_SETTLEMENT,UPI,NPCI Interbank (ICICI -> YES),IN,0,INTERBANK_CLEARING
TX_NPCI_118077,PNB_ACC_20036,CANARA_ACC_20220,822.15,2026-01-10 08:41:11,INTERBANK_SETTLEMENT,IMPS,NPCI Interbank (PNB -> CANARA),IN,0,INTERBANK_CLEARING
TX_NPCI_118078,YES_ACC_20218,HDFC_ACC_20134,4118.05,2026-01-10 08:29:30,INTERBANK_SETTLEMENT,RTGS,NPCI Interbank (YES -> HDFC),IN,0,INTERBANK_CLEARING
TX_NPCI_118079,KOTAK_ACC_20249,YES_ACC_20171,5436.33,2026-01-10 10:16:05,INTERBANK_SETTLEMENT,IMPS,NPCI Interbank (KOTAK -> YES),IN,0,INTERBANK_CLEARING
TX_NPCI_118080,PNB_ACC_20013,KOTAK_ACC_20113,1937.66,2026-01-10 10:10:32,INTERBANK_SETTLEMENT,IMPS,NPCI Interbank (PNB -> KOTAK),IN,0,INTERBANK_CLEARING
TX_NPCI_118081,KOTAK_ACC_20054,PNB_ACC_20070,4691.63,2026-01-10 10:16:51,INTERBANK_SETTLEMENT,UPI,NPCI Interbank (KOTAK -> PNB),IN,0,INTERBANK_CLEARING
TX_NPCI_118082,HDFC_ACC_20225,ICICI_ACC_20104,1718.11,2026-01-10 08:41:46,INTERBANK_SETTLEMENT,NEFT,NPCI Interbank (HDFC -> ICICI),IN,0,INTERBANK_CLEARING
TX_NPCI_118083,INDUS_ACC_20139,ICICI_ACC_20082,5459.93,2026-01-10 09:23:46,INTERBANK_SETTLEMENT,IMPS,NPCI Interbank (INDUS -> ICICI),IN,0,INTERBANK_CLEARING
TX_NPCI_118084,INDUS_ACC_20176,BOB_ACC_20039,7296.3,2026-01-10 08:36:00,INTERBANK_SETTLEMENT,UPI,NPCI Interbank (INDUS -> BOB),IN,0,INTERBANK_CLEARING
TX_NPCI_118085,SBI_ACC_20216,INDUS_ACC_20068,7174.97,2026-01-10 10:48:28,INTERBANK_SETTLEMENT,RTGS,NPCI Interbank (SBI -> INDUS),IN,0,INTERBANK_CLEARING
TX_NPCI_118086,KOTAK_ACC_20094,SBI_ACC_20181,2811.33,2026-01-10 09:54:38,INTERBANK_SETTLEMENT,IMPS,NPCI Interbank (KOTAK -> SBI),IN,0,INTERBANK_CLEARING
TX_NPCI_118087,AXIS_ACC_20031,YES_ACC_20229,700.67,2026-01-10 08:30:15,INTERBANK_SETTLEMENT,UPI,NPCI Interbank (AXIS -> YES),IN,0,INTERBANK_CLEARING
TX_NPCI_118088,INDUS_ACC_20125,SBI_ACC_20191,1171.11,2026-01-10 10:49:52,INTERBANK_SETTLEMENT,UPI,NPCI Interbank (INDUS -> SBI),IN,0,INTERBANK_CLEARING
TX_NPCI_118089,KOTAK_ACC_20114,YES_ACC_20171,4985.0,2026-01-10 08:36:30,INTERBANK_SETTLEMENT,UPI,NPCI Interbank (KOTAK -> YES),IN,0,INTERBANK_CLEARING
TX_NPCI_118090,ICICI_ACC_20190,AXIS_ACC_20045,46100.3,2026-01-10 08:42:42,INTERBANK_SETTLEMENT,UPI,NPCI Interbank (ICICI -> AXIS),IN,0,INTERBANK_CLEARING
TX_NPCI_118091,YES_ACC_20102,AXIS_ACC_20213,1621.55,2026-01-10 10:14:34,INTERBANK_SETTLEMENT,UPI,NPCI Interbank (YES -> AXIS),IN,0,INTERBANK_CLEARING
TX_NPCI_118092,PNB_ACC_20159,INDUS_ACC_20105,4217.53,2026-01-10 10:08:48,INTERBANK_SETTLEMENT,UPI,NPCI Interbank (PNB -> INDUS),IN,0,INTERBANK_CLEARING
TX_NPCI_118093,AXIS_ACC_20167,BOB_ACC_20151,1252.3,2026-01-10 09:38:24,INTERBANK_SETTLEMENT,NEFT,NPCI Interbank (AXIS -> BOB),IN,0,INTERBANK_CLEARING
TX_NPCI_118094,BOB_ACC_20020,PNB_ACC_20127,758.42,2026-01-10 08:37:00,INTERBANK_SETTLEMENT,UPI,NPCI Interbank (BOB -> PNB),IN,0,INTERBANK_CLEARING
TX_NPCI_118095,YES_ACC_20024,KOTAK_ACC_20108,1084.01,2026-01-10 10:46:57,INTERBANK_SETTLEMENT,NEFT,NPCI Interbank (YES -> KOTAK),IN,0,INTERBANK_CLEARING
TX_NPCI_118096,INDUS_ACC_20071,YES_ACC_20134,200.54,2026-01-10 10:10:12,INTERBANK_SETTLEMENT,UPI,NPCI Interbank (INDUS -> YES),IN,0,INTERBANK_CLEARING
TX_NPCI_118097,BOB_ACC_20238,INDUS_ACC_20238,12383.52,2026-01-10 10:22:59,INTERBANK_SETTLEMENT,UPI,NPCI Interbank (BOB -> INDUS),IN,0,INTERBANK_CLEARING
TX_NPCI_118098,HDFC_ACC_20142,INDUS_ACC_20003,167.98,2026-01-10 09:33:30,INTERBANK_SETTLEMENT,UPI,NPCI Interbank (HDFC -> INDUS),IN,0,INTERBANK_CLEARING
TX_NPCI_118099,KOTAK_ACC_20137,AXIS_ACC_20058,1778.29,2026-01-10 09:21:15,INTERBANK_SETTLEMENT,UPI,NPCI Interbank (KOTAK -> AXIS),IN,0,INTERBANK_CLEARING
TX_NPCI_118100,HDFC_ACC_20171,SBI_ACC_20214,593.62,2026-01-10 09:34:00,INTERBANK_SETTLEMENT,UPI,NPCI Interbank (HDFC -> SBI),IN,0,INTERBANK_CLEARING
TX_NPCI_118101,SBI_ACC_20006,YES_ACC_20063,844.5,2026-01-10 10:05:40,INTERBANK_SETTLEMENT,IMPS,NPCI Interbank (SBI -> YES),IN,0,INTERBANK_CLEARING
TX_NPCI_118102,KOTAK_ACC_20008,PNB_ACC_20167,12731.41,2026-01-10 10:50:06,INTERBANK_SETTLEMENT,UPI,NPCI Interbank (KOTAK -> PNB),IN,0,INTERBANK_CLEARING
TX_NPCI_118103,YES_ACC_20092,AXIS_ACC_20039,3106.59,2026-01-10 11:09:30,INTERBANK_SETTLEMENT,UPI,NPCI Interbank (YES -> AXIS),IN,0,INTERBANK_CLEARING
TX_NPCI_118104,KOTAK_ACC_20036,ICICI_ACC_20137,766.26,2026-01-10 10:06:40,INTERBANK_SETTLEMENT,IMPS,NPCI Interbank (KOTAK -> ICICI),IN,0,INTERBANK_CLEARING
TX_NPCI_118105,AXIS_ACC_20155,AXIS_ACC_20245,1203.01,2026-01-10 08:50:48,INTERBANK_SETTLEMENT,RTGS,NPCI Interbank (AXIS -> AXIS),IN,0,INTERBANK_CLEARING
TX_NPCI_118106,AXIS_ACC_20193,CANARA_ACC_20140,974.01,2026-01-10 09:29:08,INTERBANK_SETTLEMENT,UPI,NPCI Interbank (AXIS -> CANARA),IN,0,INTERBANK_CLEARING
TX_NPCI_118107,CANARA_ACC_20090,YES_ACC_20197,2316.34,2026-01-10 08:38:18,INTERBANK_SETTLEMENT,NEFT,NPCI Interbank (CANARA -> YES),IN,0,INTERBANK_CLEARING
TX_NPCI_118108,YES_ACC_20248,KOTAK_ACC_20044,3003.31,2026-01-10 09:10:24,INTERBANK_SETTLEMENT,UPI,NPCI Interbank (YES -> KOTAK),IN,0,INTERBANK_CLEARING
TX_NPCI_118109,INDUS_ACC_20041,SBI_ACC_20248,23734.61,2026-01-10 10:59:40,INTERBANK_SETTLEMENT,UPI,NPCI Interbank (INDUS -> SBI),IN,0,INTERBANK_CLEARING
TX_NPCI_118110,YES_ACC_20192,KOTAK_ACC_20131,244.8,2026-01-10 09:55:48,INTERBANK_SETTLEMENT,UPI,NPCI Interbank (YES -> KOTAK),IN,0,INTERBANK_CLEARING
TX_NPCI_118111,HDFC_ACC_20168,CANARA_ACC_20065,2340.75,2026-01-10 09:49:39,INTERBANK_SETTLEMENT,UPI,NPCI Interbank (HDFC -> CANARA),IN,0,INTERBANK_CLEARING
TX_NPCI_118112,SBI_ACC_20215,INDUS_ACC_20075,1671.24,2026-01-10 08:58:12,INTERBANK_SETTLEMENT,UPI,NPCI Interbank (SBI -> INDUS),IN,0,INTERBANK_CLEARING
TX_NPCI_118113,CANARA_ACC_20227,YES_ACC_20170,7599.66,2026-01-10 10:22:38,INTERBANK_SETTLEMENT,UPI,NPCI Interbank (CANARA -> YES),IN,0,INTERBANK_CLEARING
TX_NPCI_118114,ICICI_ACC_20249,CANARA_ACC_20049,3736.04,2026-01-10 08:32:30,INTERBANK_SETTLEMENT,UPI,NPCI Interbank (ICICI -> CANARA),IN,0,INTERBANK_CLEARING
TX_NPCI_118115,INDUS_ACC_20038,PNB_ACC_20039,4956.4,2026-01-10 11:08:59,INTERBANK_SETTLEMENT,IMPS,NPCI Interbank (INDUS -> PNB),IN,0,INTERBANK_CLEARING
TX_NPCI_118116,PNB_ACC_20073,AXIS_ACC_20216,3692.66,2026-01-10 08:32:40,INTERBANK_SETTLEMENT,NEFT,NPCI Interbank (PNB -> AXIS),IN,0,INTERBANK_CLEARING
TX_NPCI_118117,SBI_ACC_20244,AXIS_ACC_20090,797.6,2026-01-10 10:17:33,INTERBANK_SETTLEMENT,UPI,NPCI Interbank (SBI -> AXIS),IN,0,INTERBANK_CLEARING
TX_NPCI_118118,PNB_ACC_20100,YES_ACC_20212,10441.24,2026-01-10 08:52:32,INTERBANK_SETTLEMENT,IMPS,NPCI Interbank (PNB -> YES),IN,0,INTERBANK_CLEARING
TX_NPCI_118119,HDFC_ACC_20076,BOB_ACC_20104,6362.69,2026-01-10 11:17:30,INTERBANK_SETTLEMENT,UPI,NPCI Interbank (HDFC -> BOB),IN,0,INTERBANK_CLEARING
TX_NPCI_118120,ICICI_ACC_20194,AXIS_ACC_20168,7321.98,2026-01-10 10:05:24,INTERBANK_SETTLEMENT,UPI,NPCI Interbank (ICICI -> AXIS),IN,0,INTERBANK_CLEARING
TX_NPCI_118121,KOTAK_ACC_20175,HDFC_ACC_20009,11124.0,2026-01-10 09:32:38,INTERBANK_SETTLEMENT,UPI,NPCI Interbank (KOTAK -> HDFC),IN,0,INTERBANK_CLEARING
TX_NPCI_118122,HDFC_ACC_20248,HDFC_ACC_20051,4028.74,2026-01-10 10:06:02,INTERBANK_SETTLEMENT,UPI,NPCI Interbank (HDFC -> HDFC),IN,0,INTERBANK_CLEARING
TX_NPCI_118123,PNB_ACC_20063,HDFC_ACC_20092,14431.82,2026-01-10 10:46:15,INTERBANK_SETTLEMENT,UPI,NPCI Interbank (PNB -> HDFC),IN,0,INTERBANK_CLEARING
TX_NPCI_118124,YES_ACC_20070,INDUS_ACC_20137,3839.77,2026-01-10 09:33:20,INTERBANK_SETTLEMENT,UPI,NPCI Interbank (YES -> INDUS),IN,0,INTERBANK_CLEARING
TX_NPCI_118125,CANARA_ACC_20197,PNB_ACC_20181,1876.44,2026-01-10 11:00:27,INTERBANK_SETTLEMENT,NEFT,NPCI Interbank (CANARA -> PNB),IN,0,INTERBANK_CLEARING
TX_NPCI_118126,YES_ACC_20108,INDUS_ACC_20248,2421.34,2026-01-10 11:07:36,INTERBANK_SETTLEMENT,UPI,NPCI Interbank (YES -> INDUS),IN,0,INTERBANK_CLEARING
TX_NPCI_118127,AXIS_ACC_20224,KOTAK_ACC_20099,2371.76,2026-01-10 10:34:29,INTERBANK_SETTLEMENT,IMPS,NPCI Interbank (AXIS -> KOTAK),IN,0,INTERBANK_CLEARING
TX_NPCI_118128,AXIS_ACC_20173,YES_ACC_20047,1308.62,2026-01-10 10:14:40,INTERBANK_SETTLEMENT,UPI,NPCI Interbank (AXIS -> YES),IN,0,INTERBANK_CLEARING
TX_NPCI_118129,BOB_ACC_20030,YES_ACC_20122,17296.62,2026-01-10 08:54:00,INTERBANK_SETTLEMENT,UPI,NPCI Interbank (BOB -> YES),IN,0,INTERBANK_CLEARING
TX_NPCI_118130,AXIS_ACC_20077,ICICI_ACC_20184,3482.67,2026-01-10 09:27:58,INTERBANK_SETTLEMENT,IMPS,NPCI Interbank (AXIS -> ICICI),IN,0,INTERBANK_CLEARING
TX_NPCI_118131,YES_ACC_20047,ICICI_ACC_20092,2734.45,2026-01-10 08:47:29,INTERBANK_SETTLEMENT,NEFT,NPCI Interbank (YES -> ICICI),IN,0,INTERBANK_CLEARING
TX_NPCI_118132,HDFC_ACC_20207,KOTAK_ACC_20235,3889.08,2026-01-10 09:48:48,INTERBANK_SETTLEMENT,UPI,NPCI Interbank (HDFC -> KOTAK),IN,0,INTERBANK_CLEARING
TX_NPCI_118133,PNB_ACC_20046,SBI_ACC_20149,87188.3,2026-01-10 10:23:09,INTERBANK_SETTLEMENT,UPI,NPCI Interbank (PNB -> SBI),IN,0,INTERBANK_CLEARING
TX_NPCI_118134,BOB_ACC_20002,SBI_ACC_20238,627.62,2026-01-10 10:37:10,INTERBANK_SETTLEMENT,IMPS,NPCI Interbank (BOB -> SBI),IN,0,INTERBANK_CLEARING
TX_NPCI_118135,SBI_ACC_20222,ICICI_ACC_20245,885.32,2026-01-10 08:54:48,INTERBANK_SETTLEMENT,UPI,NPCI Interbank (SBI -> ICICI),IN,0,INTERBANK_CLEARING
TX_NPCI_118136,SBI_ACC_20219,SBI_ACC_20026,465.59,2026-01-10 10:37:56,INTERBANK_SETTLEMENT,IMPS,NPCI Interbank (SBI -> SBI),IN,0,INTERBANK_CLEARING
TX_NPCI_118137,BOB_ACC_20059,SBI_ACC_20145,1846.19,2026-01-10 10:45:12,INTERBANK_SETTLEMENT,UPI,NPCI Interbank (BOB -> SBI),IN,0,INTERBANK_CLEARING
TX_NPCI_118138,CANARA_ACC_20000,CANARA_ACC_20220,3276.8,2026-01-10 09:29:42,INTERBANK_SETTLEMENT,UPI,NPCI Interbank (CANARA -> CANARA),IN,0,INTERBANK_CLEARING
TX_NPCI_118139,BOB_ACC_20000,SBI_ACC_20115,1396.34,2026-01-10 09:16:05,INTERBANK_SETTLEMENT,UPI,NPCI Interbank (BOB -> SBI),IN,0,INTERBANK_CLEARING
TX_NPCI_118140,YES_ACC_20239,HDFC_ACC_20209,1277.08,2026-01-10 11:00:16,INTERBANK_SETTLEMENT,NEFT,NPCI Interbank (YES -> HDFC),IN,0,INTERBANK_CLEARING
TX_NPCI_118141,ICICI_ACC_20048,BOB_ACC_20066,2895.42,2026-01-10 10:12:03,INTERBANK_SETTLEMENT,UPI,NPCI Interbank (ICICI -> BOB),IN,0,INTERBANK_CLEARING
TX_NPCI_118142,SBI_ACC_20215,PNB_ACC_20195,1336.05,2026-01-10 09:44:30,INTERBANK_SETTLEMENT,UPI,NPCI Interbank (SBI -> PNB),IN,0,INTERBANK_CLEARING
TX_NPCI_118143,CANARA_ACC_20043,ICICI_ACC_20064,3541.16,2026-01-10 10:54:35,INTERBANK_SETTLEMENT,IMPS,NPCI Interbank (CANARA -> ICICI),IN,0,INTERBANK_CLEARING
TX_NPCI_118144,INDUS_ACC_20212,BOB_ACC_20210,9293.6,2026-01-10 09:31:00,INTERBANK_SETTLEMENT,UPI,NPCI Interbank (INDUS -> BOB),IN,0,INTERBANK_CLEARING
TX_NPCI_118145,BOB_ACC_20038,YES_ACC_20083,5499.63,2026-01-10 09:17:11,INTERBANK_SETTLEMENT,UPI,NPCI Interbank (BOB -> YES),IN,0,INTERBANK_CLEARING
TX_NPCI_118146,YES_ACC_20130,BOB_ACC_20056,7024.9,2026-01-10 10:20:40,INTERBANK_SETTLEMENT,RTGS,NPCI Interbank (YES -> BOB),IN,0,INTERBANK_CLEARING
TX_NPCI_118147,KOTAK_ACC_20082,ICICI_ACC_20052,8983.12,2026-01-10 08:35:15,INTERBANK_SETTLEMENT,UPI,NPCI Interbank (KOTAK -> ICICI),IN,0,INTERBANK_CLEARING
TX_NPCI_118148,ICICI_ACC_20023,AXIS_ACC_20055,3426.84,2026-01-10 10:28:24,INTERBANK_SETTLEMENT,UPI,NPCI Interbank (ICICI -> AXIS),IN,0,INTERBANK_CLEARING
TX_NPCI_118149,SBI_ACC_20055,HDFC_ACC_20140,2017.53,2026-01-10 11:11:15,INTERBANK_SETTLEMENT,NEFT,NPCI Interbank (SBI -> HDFC),IN,0,INTERBANK_CLEARING
TX_NPCI_118150,INDUS_ACC_20034,CANARA_ACC_20101,966.13,2026-01-10 11:25:54,INTERBANK_SETTLEMENT,IMPS,NPCI Interbank (INDUS -> CANARA),IN,0,INTERBANK_CLEARING
TX_NPCI_118151,ICICI_ACC_20025,AXIS_ACC_20016,1526.28,2026-01-10 10:15:13,INTERBANK_SETTLEMENT,UPI,NPCI Interbank (ICICI -> AXIS),IN,0,INTERBANK_CLEARING
TX_NPCI_118152,KOTAK_ACC_20072,AXIS_ACC_20125,1301.9,2026-01-10 10:51:12,INTERBANK_SETTLEMENT,UPI,NPCI Interbank (KOTAK -> AXIS),IN,0,INTERBANK_CLEARING
TX_NPCI_118153,INDUS_ACC_20142,ICICI_ACC_20139,5872.33,2026-01-10 09:47:15,INTERBANK_SETTLEMENT,UPI,NPCI Interbank (INDUS -> ICICI),IN,0,INTERBANK_CLEARING
TX_NPCI_118154,AXIS_ACC_20248,PNB_ACC_20053,3700.19,2026-01-10 09:04:30,INTERBANK_SETTLEMENT,UPI,NPCI Interbank (AXIS -> PNB),IN,0,INTERBANK_CLEARING
TX_NPCI_118155,CANARA_ACC_20078,KOTAK_ACC_20180,5631.38,2026-01-10 08:50:17,INTERBANK_SETTLEMENT,UPI,NPCI Interbank (CANARA -> KOTAK),IN,0,INTERBANK_CLEARING
TX_NPCI_118156,INDUS_ACC_20131,BOB_ACC_20134,606.43,2026-01-10 11:36:00,INTERBANK_SETTLEMENT,UPI,NPCI Interbank (INDUS -> BOB),IN,0,INTERBANK_CLEARING
TX_NPCI_118157,PNB_ACC_20072,INDUS_ACC_20125,13603.73,2026-01-10 09:19:23,INTERBANK_SETTLEMENT,UPI,NPCI Interbank (PNB -> INDUS),IN,0,INTERBANK_CLEARING
TX_NPCI_118158,INDUS_ACC_20014,CANARA_ACC_20027,1462.09,2026-01-10 08:57:52,INTERBANK_SETTLEMENT,IMPS,NPCI Interbank (INDUS -> CANARA),IN,0,INTERBANK_CLEARING
TX_NPCI_118159,YES_ACC_20139,HDFC_ACC_20188,651.96,2026-01-10 10:25:00,INTERBANK_SETTLEMENT,UPI,NPCI Interbank (YES -> HDFC),IN,0,INTERBANK_CLEARING
TX_NPCI_118160,BOB_ACC_20010,INDUS_ACC_20101,1440.78,2026-01-10 10:10:48,INTERBANK_SETTLEMENT,UPI,NPCI Interbank (BOB -> INDUS),IN,0,INTERBANK_CLEARING
TX_NPCI_118161,SBI_ACC_20094,SBI_ACC_20103,48075.08,2026-01-10 09:56:32,INTERBANK_SETTLEMENT,UPI,NPCI Interbank (SBI -> SBI),IN,0,INTERBANK_CLEARING
TX_NPCI_118162,KOTAK_ACC_20008,HDFC_ACC_20120,1532.63,2026-01-10 11:24:24,INTERBANK_SETTLEMENT,UPI,NPCI Interbank (KOTAK -> HDFC),IN,0,INTERBANK_CLEARING
TX_NPCI_118163,HDFC_ACC_20020,KOTAK_ACC_20181,1652.24,2026-01-10 10:19:01,INTERBANK_SETTLEMENT,NEFT,NPCI Interbank (HDFC -> KOTAK),IN,0,INTERBANK_CLEARING
TX_NPCI_118164,PNB_ACC_20190,KOTAK_ACC_20202,1938.12,2026-01-10 08:36:40,INTERBANK_SETTLEMENT,UPI,NPCI Interbank (PNB -> KOTAK),IN,0,INTERBANK_CLEARING
TX_NPCI_118165,AXIS_ACC_20059,YES_ACC_20181,2041.94,2026-01-10 08:51:27,INTERBANK_SETTLEMENT,UPI,NPCI Interbank (AXIS -> YES),IN,0,INTERBANK_CLEARING
TX_NPCI_118166,BOB_ACC_20146,YES_ACC_20038,955.49,2026-01-10 09:35:46,INTERBANK_SETTLEMENT,IMPS,NPCI Interbank (BOB -> YES),IN,0,INTERBANK_CLEARING
TX_NPCI_118167,ICICI_ACC_20183,BOB_ACC_20227,2898.23,2026-01-10 11:41:30,INTERBANK_SETTLEMENT,UPI,NPCI Interbank (ICICI -> BOB),IN,0,INTERBANK_CLEARING
TX_NPCI_118168,SBI_ACC_20222,YES_ACC_20095,8872.52,2026-01-10 10:42:48,INTERBANK_SETTLEMENT,UPI,NPCI Interbank (SBI -> YES),IN,0,INTERBANK_CLEARING
TX_NPCI_118169,CANARA_ACC_20246,PNB_ACC_20160,3558.69,2026-01-10 11:12:50,INTERBANK_SETTLEMENT,IMPS,NPCI Interbank (CANARA -> PNB),IN,0,INTERBANK_CLEARING
TX_NPCI_118170,HDFC_ACC_20150,BOB_ACC_20172,643.29,2026-01-10 10:58:24,INTERBANK_SETTLEMENT,UPI,NPCI Interbank (HDFC -> BOB),IN,0,INTERBANK_CLEARING
TX_NPCI_118171,ICICI_ACC_20118,HDFC_ACC_20111,1614.51,2026-01-10 11:13:42,INTERBANK_SETTLEMENT,IMPS,NPCI Interbank (ICICI -> HDFC),IN,0,INTERBANK_CLEARING
TX_NPCI_118172,INDUS_ACC_20058,SBI_ACC_20248,1259.12,2026-01-10 10:51:44,INTERBANK_SETTLEMENT,NEFT,NPCI Interbank (INDUS -> SBI),IN,0,INTERBANK_CLEARING
TX_NPCI_118173,AXIS_ACC_20212,KOTAK_ACC_20134,2600.68,2026-01-10 10:44:38,INTERBANK_SETTLEMENT,UPI,NPCI Interbank (AXIS -> KOTAK),IN,0,INTERBANK_CLEARING
TX_NPCI_118174,ICICI_ACC_20201,INDUS_ACC_20021,12046.65,2026-01-10 10:15:00,INTERBANK_SETTLEMENT,UPI,NPCI Interbank (ICICI -> INDUS),IN,0,INTERBANK_CLEARING
TX_NPCI_118175,INDUS_ACC_20165,HDFC_ACC_20013,2041.3,2026-01-10 11:30:28,INTERBANK_SETTLEMENT,UPI,NPCI Interbank (INDUS -> HDFC),IN,0,INTERBANK_CLEARING
TX_NPCI_118176,CANARA_ACC_20003,INDUS_ACC_20060,2195.61,2026-01-10 08:52:44,INTERBANK_SETTLEMENT,UPI,NPCI Interbank (CANARA -> INDUS),IN,0,INTERBANK_CLEARING
TX_NPCI_118177,SBI_ACC_20167,BOB_ACC_20127,20602.63,2026-01-10 09:53:15,INTERBANK_SETTLEMENT,UPI,NPCI Interbank (SBI -> BOB),IN,0,INTERBANK_CLEARING
TX_NPCI_118178,INDUS_ACC_20024,HDFC_ACC_20178,6984.49,2026-01-10 10:46:28,INTERBANK_SETTLEMENT,RTGS,NPCI Interbank (INDUS -> HDFC),IN,0,INTERBANK_CLEARING
TX_NPCI_118179,SBI_ACC_20005,YES_ACC_20059,4860.5,2026-01-10 09:38:35,INTERBANK_SETTLEMENT,UPI,NPCI Interbank (SBI -> YES),IN,0,INTERBANK_CLEARING
TX_NPCI_118180,YES_ACC_20033,SBI_ACC_20101,25584.91,2026-01-10 09:46:24,INTERBANK_SETTLEMENT,UPI,NPCI Interbank (YES -> SBI),IN,0,INTERBANK_CLEARING
TX_NPCI_118181,YES_ACC_20202,KOTAK_ACC_20072,4393.03,2026-01-10 09:23:47,INTERBANK_SETTLEMENT,IMPS,NPCI Interbank (YES -> KOTAK),IN,0,INTERBANK_CLEARING
TX_NPCI_118182,ICICI_ACC_20088,ICICI_ACC_20011,225.02,2026-01-10 10:09:46,INTERBANK_SETTLEMENT,IMPS,NPCI Interbank (ICICI -> ICICI),IN,0,INTERBANK_CLEARING
TX_NPCI_118183,YES_ACC_20042,KOTAK_ACC_20023,6628.93,2026-01-10 11:11:15,INTERBANK_SETTLEMENT,UPI,NPCI Interbank (YES -> KOTAK),IN,0,INTERBANK_CLEARING
TX_NPCI_118184,CANARA_ACC_20241,BOB_ACC_20189,361.26,2026-01-10 10:56:20,INTERBANK_SETTLEMENT,IMPS,NPCI Interbank (CANARA -> BOB),IN,0,INTERBANK_CLEARING
TX_NPCI_118185,AXIS_ACC_20003,PNB_ACC_20019,4198.18,2026-01-10 10:49:02,INTERBANK_SETTLEMENT,UPI,NPCI Interbank (AXIS -> PNB),IN,0,INTERBANK_CLEARING
TX_NPCI_118186,CANARA_ACC_20015,KOTAK_ACC_20113,312.16,2026-01-10 10:10:54,INTERBANK_SETTLEMENT,UPI,NPCI Interbank (CANARA -> KOTAK),IN,0,INTERBANK_CLEARING
TX_NPCI_118187,BOB_ACC_20123,BOB_ACC_20083,1393.78,2026-01-10 08:54:01,INTERBANK_SETTLEMENT,UPI,NPCI Interbank (BOB -> BOB),IN,0,INTERBANK_CLEARING
TX_NPCI_118188,HDFC_ACC_20075,YES_ACC_20219,1577.28,2026-01-10 09:01:52,INTERBANK_SETTLEMENT,UPI,NPCI Interbank (HDFC -> YES),IN,0,INTERBANK_CLEARING
TX_NPCI_118189,SBI_ACC_20137,AXIS_ACC_20208,968.61,2026-01-10 11:29:15,INTERBANK_SETTLEMENT,UPI,NPCI Interbank (SBI -> AXIS),IN,0,INTERBANK_CLEARING
TX_NPCI_118190,PNB_ACC_20231,INDUS_ACC_20177,1605.8,2026-01-10 10:27:34,INTERBANK_SETTLEMENT,UPI,NPCI Interbank (PNB -> INDUS),IN,0,INTERBANK_CLEARING
TX_NPCI_118191,HDFC_ACC_20098,SBI_ACC_20098,8425.97,2026-01-10 09:02:16,INTERBANK_SETTLEMENT,UPI,NPCI Interbank (HDFC -> SBI),IN,0,INTERBANK_CLEARING
TX_NPCI_118192,ICICI_ACC_20174,YES_ACC_20033,1036.14,2026-01-10 08:39:00,INTERBANK_SETTLEMENT,IMPS,NPCI Interbank (ICICI -> YES),IN,0,INTERBANK_CLEARING
TX_NPCI_118193,HDFC_ACC_20242,PNB_ACC_20158,4694.6,2026-01-10 10:20:42,INTERBANK_SETTLEMENT,UPI,NPCI Interbank (HDFC -> PNB),IN,0,INTERBANK_CLEARING
TX_NPCI_118194,PNB_ACC_20021,INDUS_ACC_20001,766.03,2026-01-10 10:44:30,INTERBANK_SETTLEMENT,IMPS,NPCI Interbank (PNB -> INDUS),IN,0,INTERBANK_CLEARING
TX_NPCI_118195,BOB_ACC_20031,AXIS_ACC_20014,1944.19,2026-01-10 09:34:12,INTERBANK_SETTLEMENT,UPI,NPCI Interbank (BOB -> AXIS),IN,0,INTERBANK_CLEARING
TX_NPCI_118196,AXIS_ACC_20087,AXIS_ACC_20053,3599.7,2026-01-10 08:47:12,INTERBANK_SETTLEMENT,UPI,NPCI Interbank (AXIS -> AXIS),IN,0,INTERBANK_CLEARING
TX_NPCI_118197,BOB_ACC_20121,AXIS_ACC_20079,738.16,2026-01-10 11:48:37,INTERBANK_SETTLEMENT,UPI,NPCI Interbank (BOB -> AXIS),IN,0,INTERBANK_CLEARING
TX_NPCI_118198,ICICI_ACC_20092,ICICI_ACC_20249,505.7,2026-01-10 11:41:12,INTERBANK_SETTLEMENT,UPI,NPCI Interbank (ICICI -> ICICI),IN,0,INTERBANK_CLEARING
TX_NPCI_118199,CANARA_ACC_20188,HDFC_ACC_20189,4403.94,2026-01-10 11:02:05,INTERBANK_SETTLEMENT,UPI,NPCI Interbank (CANARA -> HDFC),IN,0,INTERBANK_CLEARING
TX_NPCI_118200,YES_ACC_20240,BOB_ACC_20050,9392.78,2026-01-10 11:50:04,INTERBANK_SETTLEMENT,IMPS,NPCI Interbank (YES -> BOB),IN,0,INTERBANK_CLEARING
TX_NPCI_118201,YES_ACC_20087,CANARA_ACC_20063,2219.69,2026-01-10 10:15:09,INTERBANK_SETTLEMENT,IMPS,NPCI Interbank (YES -> CANARA),IN,0,INTERBANK_CLEARING
TX_NPCI_118202,BOB_ACC_20015,ICICI_ACC_20099,1409.83,2026-01-10 10:31:22,INTERBANK_SETTLEMENT,RTGS,NPCI Interbank (BOB -> ICICI),IN,0,INTERBANK_CLEARING
TX_NPCI_118203,BOB_ACC_20034,INDUS_ACC_20066,2941.9,2026-01-10 09:35:48,INTERBANK_SETTLEMENT,IMPS,NPCI Interbank (BOB -> INDUS),IN,0,INTERBANK_CLEARING
TX_NPCI_118204,HDFC_ACC_20162,YES_ACC_20216,2608.62,2026-01-10 10:48:00,INTERBANK_SETTLEMENT,NEFT,NPCI Interbank (HDFC -> YES),IN,0,INTERBANK_CLEARING
TX_NPCI_118205,BOB_ACC_20017,YES_ACC_20023,3266.53,2026-01-10 09:20:10,INTERBANK_SETTLEMENT,UPI,NPCI Interbank (BOB -> YES),IN,0,INTERBANK_CLEARING
TX_NPCI_118206,PNB_ACC_20083,CANARA_ACC_20012,117.46,2026-01-10 11:28:52,INTERBANK_SETTLEMENT,NEFT,NPCI Interbank (PNB -> CANARA),IN,0,INTERBANK_CLEARING
TX_NPCI_118207,KOTAK_ACC_20047,AXIS_ACC_20023,676.6,2026-01-10 10:57:06,INTERBANK_SETTLEMENT,UPI,NPCI Interbank (KOTAK -> AXIS),IN,0,INTERBANK_CLEARING
TX_NPCI_118208,HDFC_ACC_20139,ICICI_ACC_20220,885.12,2026-01-10 11:45:52,INTERBANK_SETTLEMENT,UPI,NPCI Interbank (HDFC -> ICICI),IN,0,INTERBANK_CLEARING
TX_NPCI_118209,ICICI_ACC_20200,CANARA_ACC_20043,2924.97,2026-01-10 11:46:20,INTERBANK_SETTLEMENT,UPI,NPCI Interbank (ICICI -> CANARA),IN,0,INTERBANK_CLEARING
TX_NPCI_118210,HDFC_ACC_20225,KOTAK_ACC_20212,3050.48,2026-01-10 11:06:18,INTERBANK_SETTLEMENT,UPI,NPCI Interbank (HDFC -> KOTAK),IN,0,INTERBANK_CLEARING
TX_NPCI_118211,SBI_ACC_20072,PNB_ACC_20233,5236.54,2026-01-10 10:34:13,INTERBANK_SETTLEMENT,NEFT,NPCI Interbank (SBI -> PNB),IN,0,INTERBANK_CLEARING
TX_NPCI_118212,AXIS_ACC_20082,ICICI_ACC_20150,3324.58,2026-01-10 09:37:36,INTERBANK_SETTLEMENT,UPI,NPCI Interbank (AXIS -> ICICI),IN,0,INTERBANK_CLEARING
TX_NPCI_118213,PNB_ACC_20233,KOTAK_ACC_20178,512.41,2026-01-10 11:40:03,INTERBANK_SETTLEMENT,UPI,NPCI Interbank (PNB -> KOTAK),IN,0,INTERBANK_CLEARING
TX_NPCI_118214,KOTAK_ACC_20046,AXIS_ACC_20044,13855.06,2026-01-10 09:46:10,INTERBANK_SETTLEMENT,IMPS,NPCI Interbank (KOTAK -> AXIS),IN,0,INTERBANK_CLEARING
TX_NPCI_118215,YES_ACC_20164,CANARA_ACC_20028,11229.53,2026-01-10 08:49:06,INTERBANK_SETTLEMENT,RTGS,NPCI Interbank (YES -> CANARA),IN,0,INTERBANK_CLEARING
TX_NPCI_118216,PNB_ACC_20149,SBI_ACC_20142,539.24,2026-01-10 08:41:00,INTERBANK_SETTLEMENT,NEFT,NPCI Interbank (PNB -> SBI),IN,0,INTERBANK_CLEARING
TX_NPCI_118217,BOB_ACC_20013,KOTAK_ACC_20190,3638.21,2026-01-10 11:41:51,INTERBANK_SETTLEMENT,IMPS,NPCI Interbank (BOB -> KOTAK),IN,0,INTERBANK_CLEARING
TX_NPCI_118218,HDFC_ACC_20118,INDUS_ACC_20041,1194.51,2026-01-10 11:01:08,INTERBANK_SETTLEMENT,IMPS,NPCI Interbank (HDFC -> INDUS),IN,0,INTERBANK_CLEARING
TX_NPCI_118219,AXIS_ACC_20095,INDUS_ACC_20025,2883.14,2026-01-10 09:39:00,INTERBANK_SETTLEMENT,UPI,NPCI Interbank (AXIS -> INDUS),IN,0,INTERBANK_CLEARING
TX_NPCI_118220,SBI_ACC_20095,YES_ACC_20016,8638.4,2026-01-10 11:51:28,INTERBANK_SETTLEMENT,UPI,NPCI Interbank (SBI -> YES),IN,0,INTERBANK_CLEARING
TX_NPCI_118221,AXIS_ACC_20092,KOTAK_ACC_20108,31449.08,2026-01-10 10:04:15,INTERBANK_SETTLEMENT,IMPS,NPCI Interbank (AXIS -> KOTAK),IN,0,INTERBANK_CLEARING
TX_NPCI_118222,BOB_ACC_20073,KOTAK_ACC_20228,6012.12,2026-01-10 10:46:00,INTERBANK_SETTLEMENT,UPI,NPCI Interbank (BOB -> KOTAK),IN,0,INTERBANK_CLEARING
TX_NPCI_118223,SBI_ACC_20024,BOB_ACC_20113,3476.99,2026-01-10 11:36:14,INTERBANK_SETTLEMENT,UPI,NPCI Interbank (SBI -> BOB),IN,0,INTERBANK_CLEARING
TX_NPCI_118224,PNB_ACC_20203,PNB_ACC_20125,1623.3,2026-01-10 09:48:20,INTERBANK_SETTLEMENT,UPI,NPCI Interbank (PNB -> PNB),IN,0,INTERBANK_CLEARING
TX_NPCI_118225,SBI_ACC_20248,HDFC_ACC_20024,3036.81,2026-01-10 11:03:42,INTERBANK_SETTLEMENT,UPI,NPCI Interbank (SBI -> HDFC),IN,0,INTERBANK_CLEARING
TX_NPCI_118226,PNB_ACC_20222,HDFC_ACC_20002,12478.05,2026-01-10 11:45:54,INTERBANK_SETTLEMENT,UPI,NPCI Interbank (PNB -> HDFC),IN,0,INTERBANK_CLEARING
TX_NPCI_118227,INDUS_ACC_20151,AXIS_ACC_20107,2313.11,2026-01-10 08:41:55,INTERBANK_SETTLEMENT,UPI,NPCI Interbank (INDUS -> AXIS),IN,0,INTERBANK_CLEARING
TX_NPCI_118228,HDFC_ACC_20236,ICICI_ACC_20150,842.75,2026-01-10 12:12:00,INTERBANK_SETTLEMENT,NEFT,NPCI Interbank (HDFC -> ICICI),IN,0,INTERBANK_CLEARING
TX_NPCI_118229,ICICI_ACC_20175,INDUS_ACC_20232,349.45,2026-01-10 11:13:35,INTERBANK_SETTLEMENT,NEFT,NPCI Interbank (ICICI -> INDUS),IN,0,INTERBANK_CLEARING
TX_NPCI_118230,AXIS_ACC_20196,INDUS_ACC_20028,4517.24,2026-01-10 12:13:00,INTERBANK_SETTLEMENT,UPI,NPCI Interbank (AXIS -> INDUS),IN,0,INTERBANK_CLEARING
TX_NPCI_118231,YES_ACC_20104,BOB_ACC_20241,3283.76,2026-01-10 10:15:12,INTERBANK_SETTLEMENT,UPI,NPCI Interbank (YES -> BOB),IN,0,INTERBANK_CLEARING
TX_NPCI_118232,ICICI_ACC_20182,AXIS_ACC_20128,1124.29,2026-01-10 09:58:32,INTERBANK_SETTLEMENT,UPI,NPCI Interbank (ICICI -> AXIS),IN,0,INTERBANK_CLEARING
TX_NPCI_118233,SBI_ACC_20180,YES_ACC_20007,8360.03,2026-01-10 10:07:15,INTERBANK_SETTLEMENT,NEFT,NPCI Interbank (SBI -> YES),IN,0,INTERBANK_CLEARING
TX_NPCI_118234,KOTAK_ACC_20040,YES_ACC_20050,1471.25,2026-01-10 11:32:30,INTERBANK_SETTLEMENT,UPI,NPCI Interbank (KOTAK -> YES),IN,0,INTERBANK_CLEARING
TX_NPCI_118235,SBI_ACC_20177,AXIS_ACC_20177,2076.48,2026-01-10 12:06:59,INTERBANK_SETTLEMENT,NEFT,NPCI Interbank (SBI -> AXIS),IN,0,INTERBANK_CLEARING
TX_NPCI_118236,SBI_ACC_20042,HDFC_ACC_20145,2392.28,2026-01-10 10:08:00,INTERBANK_SETTLEMENT,UPI,NPCI Interbank (SBI -> HDFC),IN,0,INTERBANK_CLEARING
TX_NPCI_118237,SBI_ACC_20180,HDFC_ACC_20041,1601.76,2026-01-10 08:42:45,INTERBANK_SETTLEMENT,IMPS,NPCI Interbank (SBI -> HDFC),IN,0,INTERBANK_CLEARING
TX_NPCI_118238,KOTAK_ACC_20027,BOB_ACC_20161,3239.06,2026-01-10 12:17:00,INTERBANK_SETTLEMENT,UPI,NPCI Interbank (KOTAK -> BOB),IN,0,INTERBANK_CLEARING
TX_NPCI_118239,CANARA_ACC_20221,ICICI_ACC_20042,9718.81,2026-01-10 10:17:20,INTERBANK_SETTLEMENT,UPI,NPCI Interbank (CANARA -> ICICI),IN,0,INTERBANK_CLEARING
TX_NPCI_118240,PNB_ACC_20141,HDFC_ACC_20138,619.57,2026-01-10 09:00:12,INTERBANK_SETTLEMENT,UPI,NPCI Interbank (PNB -> HDFC),IN,0,INTERBANK_CLEARING
TX_NPCI_118241,BOB_ACC_20237,CANARA_ACC_20012,4386.22,2026-01-10 08:43:05,INTERBANK_SETTLEMENT,UPI,NPCI Interbank (BOB -> CANARA),IN,0,INTERBANK_CLEARING
TX_NPCI_118242,INDUS_ACC_20180,PNB_ACC_20215,3000.67,2026-01-10 10:26:46,INTERBANK_SETTLEMENT,IMPS,NPCI Interbank (INDUS -> PNB),IN,0,INTERBANK_CLEARING
TX_NPCI_118243,PNB_ACC_20181,INDUS_ACC_20069,2935.16,2026-01-10 09:43:48,INTERBANK_SETTLEMENT,NEFT,NPCI Interbank (PNB -> INDUS),IN,0,INTERBANK_CLEARING
TX_NPCI_118244,SBI_ACC_20077,CANARA_ACC_20172,6948.03,2026-01-10 08:52:00,INTERBANK_SETTLEMENT,IMPS,NPCI Interbank (SBI -> CANARA),IN,0,INTERBANK_CLEARING
TX_NPCI_118245,ICICI_ACC_20103,CANARA_ACC_20137,2589.34,2026-01-10 10:18:56,INTERBANK_SETTLEMENT,UPI,NPCI Interbank (ICICI -> CANARA),IN,0,INTERBANK_CLEARING
TX_NPCI_118246,ICICI_ACC_20078,HDFC_ACC_20067,4342.8,2026-01-10 11:20:06,INTERBANK_SETTLEMENT,UPI,NPCI Interbank (ICICI -> HDFC),IN,0,INTERBANK_CLEARING
TX_NPCI_118247,SBI_ACC_20171,YES_ACC_20186,5761.99,2026-01-10 10:54:20,INTERBANK_SETTLEMENT,UPI,NPCI Interbank (SBI -> YES),IN,0,INTERBANK_CLEARING
TX_NPCI_118248,ICICI_ACC_20238,ICICI_ACC_20158,1332.43,2026-01-10 10:11:00,INTERBANK_SETTLEMENT,UPI,NPCI Interbank (ICICI -> ICICI),IN,0,INTERBANK_CLEARING
TX_NPCI_118249,BOB_ACC_20102,CANARA_ACC_20227,3494.76,2026-01-10 09:53:45,INTERBANK_SETTLEMENT,UPI,NPCI Interbank (BOB -> CANARA),IN,0,INTERBANK_CLEARING
TX_NPCI_118250,BOB_ACC_20012,HDFC_ACC_20114,1806.33,2026-01-10 09:45:12,INTERBANK_SETTLEMENT,UPI,NPCI Interbank (BOB -> HDFC),IN,0,INTERBANK_CLEARING
TX_NPCI_118251,BOB_ACC_20107,KOTAK_ACC_20083,2081.37,2026-01-10 10:29:19,INTERBANK_SETTLEMENT,UPI,NPCI Interbank (BOB -> KOTAK),IN,0,INTERBANK_CLEARING
TX_NPCI_118252,CANARA_ACC_20228,YES_ACC_20018,1658.26,2026-01-10 11:48:48,INTERBANK_SETTLEMENT,UPI,NPCI Interbank (CANARA -> YES),IN,0,INTERBANK_CLEARING
TX_NPCI_118253,ICICI_ACC_20193,BOB_ACC_20207,4295.39,2026-01-10 10:21:04,INTERBANK_SETTLEMENT,UPI,NPCI Interbank (ICICI -> BOB),IN,0,INTERBANK_CLEARING
TX_NPCI_118254,AXIS_ACC_20162,PNB_ACC_20249,2691.82,2026-01-10 10:39:00,INTERBANK_SETTLEMENT,UPI,NPCI Interbank (AXIS -> PNB),IN,0,INTERBANK_CLEARING
TX_NPCI_118255,INDUS_ACC_20161,YES_ACC_20085,3918.46,2026-01-10 11:58:57,INTERBANK_SETTLEMENT,UPI,NPCI Interbank (INDUS -> YES),IN,0,INTERBANK_CLEARING
TX_NPCI_118256,SBI_ACC_20099,KOTAK_ACC_20119,2389.83,2026-01-10 09:46:24,INTERBANK_SETTLEMENT,UPI,NPCI Interbank (SBI -> KOTAK),IN,0,INTERBANK_CLEARING
TX_NPCI_118257,PNB_ACC_20234,BOB_ACC_20174,356.04,2026-01-10 12:17:37,INTERBANK_SETTLEMENT,UPI,NPCI Interbank (PNB -> BOB),IN,0,INTERBANK_CLEARING
TX_NPCI_118258,CANARA_ACC_20034,INDUS_ACC_20163,2534.22,2026-01-10 09:02:18,INTERBANK_SETTLEMENT,UPI,NPCI Interbank (CANARA -> INDUS),IN,0,INTERBANK_CLEARING
TX_NPCI_118259,AXIS_ACC_20245,AXIS_ACC_20137,2633.96,2026-01-10 10:04:50,INTERBANK_SETTLEMENT,UPI,NPCI Interbank (AXIS -> AXIS),IN,0,INTERBANK_CLEARING
TX_NPCI_118260,PNB_ACC_20032,HDFC_ACC_20231,3265.33,2026-01-10 11:43:20,INTERBANK_SETTLEMENT,NEFT,NPCI Interbank (PNB -> HDFC),IN,0,INTERBANK_CLEARING
TX_NPCI_118261,KOTAK_ACC_20182,CANARA_ACC_20025,1196.94,2026-01-10 10:50:03,INTERBANK_SETTLEMENT,NEFT,NPCI Interbank (KOTAK -> CANARA),IN,0,INTERBANK_CLEARING
TX_NPCI_118262,ICICI_ACC_20159,INDUS_ACC_20135,581.4,2026-01-10 10:32:26,INTERBANK_SETTLEMENT,IMPS,NPCI Interbank (ICICI -> INDUS),IN,0,INTERBANK_CLEARING
TX_NPCI_118263,ICICI_ACC_20170,SBI_ACC_20105,5164.32,2026-01-10 10:23:44,INTERBANK_SETTLEMENT,UPI,NPCI Interbank (ICICI -> SBI),IN,0,INTERBANK_CLEARING
TX_NPCI_118264,PNB_ACC_20187,BOB_ACC_20188,1757.54,2026-01-10 08:45:00,INTERBANK_SETTLEMENT,UPI,NPCI Interbank (PNB -> BOB),IN,0,INTERBANK_CLEARING
TX_NPCI_118265,ICICI_ACC_20196,HDFC_ACC_20069,2997.38,2026-01-10 09:39:11,INTERBANK_SETTLEMENT,UPI,NPCI Interbank (ICICI -> HDFC),IN,0,INTERBANK_CLEARING
TX_NPCI_118266,PNB_ACC_20161,INDUS_ACC_20135,1741.06,2026-01-10 10:33:34,INTERBANK_SETTLEMENT,UPI,NPCI Interbank (PNB -> INDUS),IN,0,INTERBANK_CLEARING
TX_NPCI_118267,PNB_ACC_20040,INDUS_ACC_20197,2422.91,2026-01-10 09:21:27,INTERBANK_SETTLEMENT,UPI,NPCI Interbank (PNB -> INDUS),IN,0,INTERBANK_CLEARING
TX_NPCI_118268,YES_ACC_20178,INDUS_ACC_20159,1423.48,2026-01-10 11:10:24,INTERBANK_SETTLEMENT,UPI,NPCI Interbank (YES -> INDUS),IN,0,INTERBANK_CLEARING
TX_NPCI_118269,INDUS_ACC_20129,CANARA_ACC_20144,763.8,2026-01-10 10:52:35,INTERBANK_SETTLEMENT,UPI,NPCI Interbank (INDUS -> CANARA),IN,0,INTERBANK_CLEARING
TX_NPCI_118270,HDFC_ACC_20010,SBI_ACC_20139,4309.07,2026-01-10 12:33:00,INTERBANK_SETTLEMENT,UPI,NPCI Interbank (HDFC -> SBI),IN,0,INTERBANK_CLEARING
TX_NPCI_118271,KOTAK_ACC_20136,SBI_ACC_20150,1183.53,2026-01-10 11:02:20,INTERBANK_SETTLEMENT,UPI,NPCI Interbank (KOTAK -> SBI),IN,0,INTERBANK_CLEARING
TX_NPCI_118272,AXIS_ACC_20185,INDUS_ACC_20004,2971.26,2026-01-10 11:30:04,INTERBANK_SETTLEMENT,UPI,NPCI Interbank (AXIS -> INDUS),IN,0,INTERBANK_CLEARING
TX_NPCI_118273,AXIS_ACC_20136,HDFC_ACC_20080,3994.01,2026-01-10 08:54:54,INTERBANK_SETTLEMENT,IMPS,NPCI Interbank (AXIS -> HDFC),IN,0,INTERBANK_CLEARING
TX_NPCI_118274,CANARA_ACC_20134,CANARA_ACC_20069,1206.92,2026-01-10 10:54:10,INTERBANK_SETTLEMENT,UPI,NPCI Interbank (CANARA -> CANARA),IN,0,INTERBANK_CLEARING
TX_NPCI_118275,ICICI_ACC_20163,SBI_ACC_20096,575.56,2026-01-10 09:22:39,INTERBANK_SETTLEMENT,UPI,NPCI Interbank (ICICI -> SBI),IN,0,INTERBANK_CLEARING
TX_NPCI_118276,ICICI_ACC_20074,SBI_ACC_20213,44860.04,2026-01-10 10:27:12,INTERBANK_SETTLEMENT,UPI,NPCI Interbank (ICICI -> SBI),IN,0,INTERBANK_CLEARING
TX_NPCI_118277,INDUS_ACC_20192,SBI_ACC_20104,1295.53,2026-01-10 11:13:33,INTERBANK_SETTLEMENT,UPI,NPCI Interbank (INDUS -> SBI),IN,0,INTERBANK_CLEARING
TX_NPCI_118278,YES_ACC_20022,CANARA_ACC_20212,5156.95,2026-01-10 09:50:48,INTERBANK_SETTLEMENT,RTGS,NPCI Interbank (YES -> CANARA),IN,0,INTERBANK_CLEARING
TX_NPCI_118279,INDUS_ACC_20155,BOB_ACC_20112,25018.14,2026-01-10 12:09:45,INTERBANK_SETTLEMENT,UPI,NPCI Interbank (INDUS -> BOB),IN,0,INTERBANK_CLEARING
TX_NPCI_118280,YES_ACC_20128,AXIS_ACC_20094,6297.38,2026-01-10 09:23:24,INTERBANK_SETTLEMENT,UPI,NPCI Interbank (YES -> AXIS),IN,0,INTERBANK_CLEARING
TX_NPCI_118281,YES_ACC_20121,YES_ACC_20068,1701.85,2026-01-10 10:28:32,INTERBANK_SETTLEMENT,UPI,NPCI Interbank (YES -> YES),IN,0,INTERBANK_CLEARING
TX_NPCI_118282,KOTAK_ACC_20042,SBI_ACC_20192,2251.74,2026-01-10 11:24:36,INTERBANK_SETTLEMENT,UPI,NPCI Interbank (KOTAK -> SBI),IN,0,INTERBANK_CLEARING
TX_NPCI_118283,CANARA_ACC_20153,INDUS_ACC_20135,898.63,2026-01-10 09:33:10,INTERBANK_SETTLEMENT,UPI,NPCI Interbank (CANARA -> INDUS),IN,0,INTERBANK_CLEARING
TX_NPCI_118284,YES_ACC_20211,ICICI_ACC_20212,7030.66,2026-01-10 09:24:00,INTERBANK_SETTLEMENT,UPI,NPCI Interbank (YES -> ICICI),IN,0,INTERBANK_CLEARING
TX_NPCI_118285,INDUS_ACC_20130,PNB_ACC_20040,4815.16,2026-01-10 08:46:45,INTERBANK_SETTLEMENT,UPI,NPCI Interbank (INDUS -> PNB),IN,0,INTERBANK_CLEARING
TX_NPCI_118286,BOB_ACC_20120,BOB_ACC_20037,1316.44,2026-01-10 12:31:38,INTERBANK_SETTLEMENT,IMPS,NPCI Interbank (BOB -> BOB),IN,0,INTERBANK_CLEARING
TX_NPCI_118287,ICICI_ACC_20242,KOTAK_ACC_20187,698.82,2026-01-10 11:17:03,INTERBANK_SETTLEMENT,UPI,NPCI Interbank (ICICI -> KOTAK),IN,0,INTERBANK_CLEARING
TX_NPCI_118288,BOB_ACC_20209,YES_ACC_20103,499.96,2026-01-10 12:13:48,INTERBANK_SETTLEMENT,UPI,NPCI Interbank (BOB -> YES),IN,0,INTERBANK_CLEARING
TX_NPCI_118289,SBI_ACC_20137,KOTAK_ACC_20125,7973.01,2026-01-10 11:17:45,INTERBANK_SETTLEMENT,UPI,NPCI Interbank (SBI -> KOTAK),IN,0,INTERBANK_CLEARING
TX_NPCI_118290,BOB_ACC_20145,ICICI_ACC_20134,2819.87,2026-01-10 11:18:06,INTERBANK_SETTLEMENT,UPI,NPCI Interbank (BOB -> ICICI),IN,0,INTERBANK_CLEARING
TX_NPCI_118291,YES_ACC_20031,ICICI_ACC_20230,3158.91,2026-01-10 10:40:39,INTERBANK_SETTLEMENT,IMPS,NPCI Interbank (YES -> ICICI),IN,0,INTERBANK_CLEARING
TX_NPCI_118292,PNB_ACC_20160,KOTAK_ACC_20093,909.11,2026-01-10 11:47:12,INTERBANK_SETTLEMENT,NEFT,NPCI Interbank (PNB -> KOTAK),IN,0,INTERBANK_CLEARING
TX_NPCI_118293,HDFC_ACC_20103,YES_ACC_20145,421.49,2026-01-10 11:09:40,INTERBANK_SETTLEMENT,UPI,NPCI Interbank (HDFC -> YES),IN,0,INTERBANK_CLEARING
TX_NPCI_118294,YES_ACC_20144,ICICI_ACC_20035,7747.58,2026-01-10 10:41:30,INTERBANK_SETTLEMENT,NEFT,NPCI Interbank (YES -> ICICI),IN,0,INTERBANK_CLEARING
TX_NPCI_118295,YES_ACC_20089,INDUS_ACC_20085,2566.88,2026-01-10 10:32:16,INTERBANK_SETTLEMENT,IMPS,NPCI Interbank (YES -> INDUS),IN,0,INTERBANK_CLEARING
TX_NPCI_118296,HDFC_ACC_20092,KOTAK_ACC_20155,7249.46,2026-01-10 10:23:00,INTERBANK_SETTLEMENT,UPI,NPCI Interbank (HDFC -> KOTAK),IN,0,INTERBANK_CLEARING
TX_NPCI_118297,CANARA_ACC_20051,AXIS_ACC_20014,1535.91,2026-01-10 11:39:39,INTERBANK_SETTLEMENT,UPI,NPCI Interbank (CANARA -> AXIS),IN,0,INTERBANK_CLEARING
TX_NPCI_118298,BOB_ACC_20026,PNB_ACC_20138,1836.87,2026-01-10 11:49:36,INTERBANK_SETTLEMENT,UPI,NPCI Interbank (BOB -> PNB),IN,0,INTERBANK_CLEARING
TX_NPCI_118299,AXIS_ACC_20092,HDFC_ACC_20175,5744.27,2026-01-10 11:40:25,INTERBANK_SETTLEMENT,NEFT,NPCI Interbank (AXIS -> HDFC),IN,0,INTERBANK_CLEARING
TX_NPCI_118300,SBI_ACC_20184,PNB_ACC_20237,5877.09,2026-01-10 09:55:12,INTERBANK_SETTLEMENT,IMPS,NPCI Interbank (SBI -> PNB),IN,0,INTERBANK_CLEARING
TX_NPCI_118301,PNB_ACC_20208,KOTAK_ACC_20059,6355.52,2026-01-10 10:43:29,INTERBANK_SETTLEMENT,UPI,NPCI Interbank (PNB -> KOTAK),IN,0,INTERBANK_CLEARING
TX_NPCI_118302,CANARA_ACC_20127,CANARA_ACC_20027,1712.58,2026-01-10 12:10:28,INTERBANK_SETTLEMENT,UPI,NPCI Interbank (CANARA -> CANARA),IN,0,INTERBANK_CLEARING
TX_NPCI_118303,HDFC_ACC_20093,YES_ACC_20241,5102.35,2026-01-10 11:51:36,INTERBANK_SETTLEMENT,UPI,NPCI Interbank (HDFC -> YES),IN,0,INTERBANK_CLEARING
TX_NPCI_118304,CANARA_ACC_20190,INDUS_ACC_20084,9236.51,2026-01-10 09:07:40,INTERBANK_SETTLEMENT,IMPS,NPCI Interbank (CANARA -> INDUS),IN,0,INTERBANK_CLEARING
TX_NPCI_118305,INDUS_ACC_20225,INDUS_ACC_20121,2152.26,2026-01-10 12:11:46,INTERBANK_SETTLEMENT,IMPS,NPCI Interbank (INDUS -> INDUS),IN,0,INTERBANK_CLEARING
TX_NPCI_118306,YES_ACC_20032,PNB_ACC_20076,1317.93,2026-01-10 09:17:36,INTERBANK_SETTLEMENT,NEFT,NPCI Interbank (YES -> PNB),IN,0,INTERBANK_CLEARING
TX_NPCI_118307,SBI_ACC_20089,BOB_ACC_20132,12225.72,2026-01-10 12:12:38,INTERBANK_SETTLEMENT,UPI,NPCI Interbank (SBI -> BOB),IN,0,INTERBANK_CLEARING
TX_NPCI_118308,HDFC_ACC_20199,AXIS_ACC_20225,1112.83,2026-01-10 10:45:28,INTERBANK_SETTLEMENT,IMPS,NPCI Interbank (HDFC -> AXIS),IN,0,INTERBANK_CLEARING
TX_NPCI_118309,AXIS_ACC_20066,KOTAK_ACC_20170,5194.58,2026-01-10 11:44:15,INTERBANK_SETTLEMENT,NEFT,NPCI Interbank (AXIS -> KOTAK),IN,0,INTERBANK_CLEARING
TX_NPCI_118310,BOB_ACC_20010,PNB_ACC_20012,2275.36,2026-01-10 12:13:56,INTERBANK_SETTLEMENT,NEFT,NPCI Interbank (BOB -> PNB),IN,0,INTERBANK_CLEARING
TX_NPCI_118311,KOTAK_ACC_20091,HDFC_ACC_20161,267.77,2026-01-10 10:16:58,INTERBANK_SETTLEMENT,UPI,NPCI Interbank (KOTAK -> HDFC),IN,0,INTERBANK_CLEARING
TX_NPCI_118312,SBI_ACC_20002,INDUS_ACC_20247,9455.13,2026-01-10 08:58:48,INTERBANK_SETTLEMENT,UPI,NPCI Interbank (SBI -> INDUS),IN,0,INTERBANK_CLEARING
TX_NPCI_118313,BOB_ACC_20193,CANARA_ACC_20096,89.17,2026-01-10 11:16:20,INTERBANK_SETTLEMENT,UPI,NPCI Interbank (BOB -> CANARA),IN,0,INTERBANK_CLEARING
TX_NPCI_118314,KOTAK_ACC_20082,CANARA_ACC_20184,225.66,2026-01-10 09:58:00,INTERBANK_SETTLEMENT,UPI,NPCI Interbank (KOTAK -> CANARA),IN,0,INTERBANK_CLEARING
TX_NPCI_118315,PNB_ACC_20121,CANARA_ACC_20154,4595.33,2026-01-10 10:57:18,INTERBANK_SETTLEMENT,UPI,NPCI Interbank (PNB -> CANARA),IN,0,INTERBANK_CLEARING
TX_NPCI_118316,AXIS_ACC_20230,KOTAK_ACC_20160,4593.9,2026-01-10 12:56:00,INTERBANK_SETTLEMENT,NEFT,NPCI Interbank (AXIS -> KOTAK),IN,0,INTERBANK_CLEARING
TX_NPCI_118317,CANARA_ACC_20188,INDUS_ACC_20063,1135.59,2026-01-10 10:08:29,INTERBANK_SETTLEMENT,IMPS,NPCI Interbank (CANARA -> INDUS),IN,0,INTERBANK_CLEARING
TX_NPCI_118318,KOTAK_ACC_20121,HDFC_ACC_20004,2914.3,2026-01-10 11:37:48,INTERBANK_SETTLEMENT,UPI,NPCI Interbank (KOTAK -> HDFC),IN,0,INTERBANK_CLEARING
TX_NPCI_118319,CANARA_ACC_20221,YES_ACC_20168,117.01,2026-01-10 11:08:25,INTERBANK_SETTLEMENT,UPI,NPCI Interbank (CANARA -> YES),IN,0,INTERBANK_CLEARING
TX_NPCI_118320,SBI_ACC_20028,HDFC_ACC_20129,5700.85,2026-01-10 09:49:16,INTERBANK_SETTLEMENT,UPI,NPCI Interbank (SBI -> HDFC),IN,0,INTERBANK_CLEARING
TX_NPCI_118321,INDUS_ACC_20011,SBI_ACC_20199,3293.38,2026-01-10 09:29:33,INTERBANK_SETTLEMENT,UPI,NPCI Interbank (INDUS -> SBI),IN,0,INTERBANK_CLEARING
TX_NPCI_118322,CANARA_ACC_20186,ICICI_ACC_20020,2310.52,2026-01-10 10:49:26,INTERBANK_SETTLEMENT,NEFT,NPCI Interbank (CANARA -> ICICI),IN,0,INTERBANK_CLEARING
TX_NPCI_118323,BOB_ACC_20069,YES_ACC_20213,2502.41,2026-01-10 11:19:40,INTERBANK_SETTLEMENT,NEFT,NPCI Interbank (BOB -> YES),IN,0,INTERBANK_CLEARING
TX_NPCI_118324,INDUS_ACC_20241,YES_ACC_20087,4411.21,2026-01-10 12:10:00,INTERBANK_SETTLEMENT,UPI,NPCI Interbank (INDUS -> YES),IN,0,INTERBANK_CLEARING
TX_NPCI_118325,KOTAK_ACC_20008,ICICI_ACC_20165,2357.41,2026-01-10 11:20:20,INTERBANK_SETTLEMENT,UPI,NPCI Interbank (KOTAK -> ICICI),IN,0,INTERBANK_CLEARING
TX_NPCI_118326,CANARA_ACC_20245,SBI_ACC_20009,257.53,2026-01-10 09:00:12,INTERBANK_SETTLEMENT,NEFT,NPCI Interbank (CANARA -> SBI),IN,0,INTERBANK_CLEARING
TX_NPCI_118327,CANARA_ACC_20001,ICICI_ACC_20176,34050.46,2026-01-10 09:10:21,INTERBANK_SETTLEMENT,UPI,NPCI Interbank (CANARA -> ICICI),IN,0,INTERBANK_CLEARING
TX_NPCI_118328,ICICI_ACC_20031,SBI_ACC_20157,10310.94,2026-01-10 10:51:08,INTERBANK_SETTLEMENT,RTGS,NPCI Interbank (ICICI -> SBI),IN,0,INTERBANK_CLEARING
TX_NPCI_118329,SBI_ACC_20142,INDUS_ACC_20122,522.21,2026-01-10 12:02:00,INTERBANK_SETTLEMENT,NEFT,NPCI Interbank (SBI -> INDUS),IN,0,INTERBANK_CLEARING
TX_NPCI_118330,BOB_ACC_20204,SBI_ACC_20078,1612.97,2026-01-10 08:50:30,INTERBANK_SETTLEMENT,UPI,NPCI Interbank (BOB -> SBI),IN,0,INTERBANK_CLEARING
TX_NPCI_118331,AXIS_ACC_20188,ICICI_ACC_20163,1838.6,2026-01-10 09:41:10,INTERBANK_SETTLEMENT,RTGS,NPCI Interbank (AXIS -> ICICI),IN,0,INTERBANK_CLEARING
TX_NPCI_118332,AXIS_ACC_20079,KOTAK_ACC_20086,8907.24,2026-01-10 11:02:24,INTERBANK_SETTLEMENT,UPI,NPCI Interbank (AXIS -> KOTAK),IN,0,INTERBANK_CLEARING
TX_NPCI_118333,KOTAK_ACC_20151,SBI_ACC_20174,182.89,2026-01-10 09:00:54,INTERBANK_SETTLEMENT,IMPS,NPCI Interbank (KOTAK -> SBI),IN,0,INTERBANK_CLEARING
TX_NPCI_118334,ICICI_ACC_20036,PNB_ACC_20032,1341.03,2026-01-10 10:22:20,INTERBANK_SETTLEMENT,NEFT,NPCI Interbank (ICICI -> PNB),IN,0,INTERBANK_CLEARING
TX_NPCI_118335,ICICI_ACC_20159,HDFC_ACC_20164,295.08,2026-01-10 08:50:55,INTERBANK_SETTLEMENT,RTGS,NPCI Interbank (ICICI -> HDFC),IN,0,INTERBANK_CLEARING
TX_NPCI_118336,ICICI_ACC_20105,SBI_ACC_20230,1733.48,2026-01-10 10:33:00,INTERBANK_SETTLEMENT,UPI,NPCI Interbank (ICICI -> SBI),IN,0,INTERBANK_CLEARING
TX_NPCI_118337,AXIS_ACC_20038,PNB_ACC_20093,1384.37,2026-01-10 10:12:49,INTERBANK_SETTLEMENT,UPI,NPCI Interbank (AXIS -> PNB),IN,0,INTERBANK_CLEARING
TX_NPCI_118338,HDFC_ACC_20209,CANARA_ACC_20051,2685.53,2026-01-10 11:04:12,INTERBANK_SETTLEMENT,IMPS,NPCI Interbank (HDFC -> CANARA),IN,0,INTERBANK_CLEARING
TX_NPCI_118339,YES_ACC_20087,SBI_ACC_20116,1181.04,2026-01-10 12:36:45,INTERBANK_SETTLEMENT,UPI,NPCI Interbank (YES -> SBI),IN,0,INTERBANK_CLEARING
TX_NPCI_118340,YES_ACC_20163,KOTAK_ACC_20107,991.06,2026-01-10 13:08:00,INTERBANK_SETTLEMENT,UPI,NPCI Interbank (YES -> KOTAK),IN,0,INTERBANK_CLEARING
TX_NPCI_118341,ICICI_ACC_20083,HDFC_ACC_20186,5133.73,2026-01-10 11:05:06,INTERBANK_SETTLEMENT,UPI,NPCI Interbank (ICICI -> HDFC),IN,0,INTERBANK_CLEARING
TX_NPCI_118342,CANARA_ACC_20132,KOTAK_ACC_20210,4211.64,2026-01-10 11:56:54,INTERBANK_SETTLEMENT,IMPS,NPCI Interbank (CANARA -> KOTAK),IN,0,INTERBANK_CLEARING
TX_NPCI_118343,KOTAK_ACC_20109,YES_ACC_20163,4729.99,2026-01-10 12:38:33,INTERBANK_SETTLEMENT,IMPS,NPCI Interbank (KOTAK -> YES),IN,0,INTERBANK_CLEARING
TX_NPCI_118344,BOB_ACC_20186,AXIS_ACC_20025,1973.81,2026-01-10 12:59:40,INTERBANK_SETTLEMENT,UPI,NPCI Interbank (BOB -> AXIS),IN,0,INTERBANK_CLEARING
TX_NPCI_118345,PNB_ACC_20043,INDUS_ACC_20172,1228.95,2026-01-10 11:27:00,INTERBANK_SETTLEMENT,UPI,NPCI Interbank (PNB -> INDUS),IN,0,INTERBANK_CLEARING
TX_NPCI_118346,INDUS_ACC_20016,CANARA_ACC_20224,2116.2,2026-01-10 12:19:10,INTERBANK_SETTLEMENT,NEFT,NPCI Interbank (INDUS -> CANARA),IN,0,INTERBANK_CLEARING
TX_NPCI_118347,KOTAK_ACC_20084,HDFC_ACC_20168,4453.27,2026-01-10 13:01:07,INTERBANK_SETTLEMENT,NEFT,NPCI Interbank (KOTAK -> HDFC),IN,0,INTERBANK_CLEARING
TX_NPCI_118348,HDFC_ACC_20116,KOTAK_ACC_20003,179.09,2026-01-10 08:52:00,INTERBANK_SETTLEMENT,UPI,NPCI Interbank (HDFC -> KOTAK),IN,0,INTERBANK_CLEARING
TX_NPCI_118349,KOTAK_ACC_20124,SBI_ACC_20048,3916.42,2026-01-10 08:52:05,INTERBANK_SETTLEMENT,NEFT,NPCI Interbank (KOTAK -> SBI),IN,0,INTERBANK_CLEARING
TX_NPCI_118350,AXIS_ACC_20242,YES_ACC_20023,3536.76,2026-01-10 12:20:50,INTERBANK_SETTLEMENT,UPI,NPCI Interbank (AXIS -> YES),IN,0,INTERBANK_CLEARING
TX_NPCI_118351,ICICI_ACC_20179,CANARA_ACC_20019,2629.58,2026-01-10 09:23:36,INTERBANK_SETTLEMENT,IMPS,NPCI Interbank (ICICI -> CANARA),IN,0,INTERBANK_CLEARING
TX_NPCI_118352,HDFC_ACC_20156,CANARA_ACC_20086,2040.24,2026-01-10 10:05:36,INTERBANK_SETTLEMENT,UPI,NPCI Interbank (HDFC -> CANARA),IN,0,INTERBANK_CLEARING
TX_NPCI_118353,YES_ACC_20007,SBI_ACC_20024,112.24,2026-01-10 10:37:15,INTERBANK_SETTLEMENT,UPI,NPCI Interbank (YES -> SBI),IN,0,INTERBANK_CLEARING
TX_NPCI_118354,HDFC_ACC_20182,BOB_ACC_20185,1439.68,2026-01-10 11:09:00,INTERBANK_SETTLEMENT,IMPS,NPCI Interbank (HDFC -> BOB),IN,0,INTERBANK_CLEARING
TX_NPCI_118355,BOB_ACC_20088,KOTAK_ACC_20177,20896.28,2026-01-10 10:48:16,INTERBANK_SETTLEMENT,NEFT,NPCI Interbank (BOB -> KOTAK),IN,0,INTERBANK_CLEARING
TX_NPCI_118356,PNB_ACC_20060,ICICI_ACC_20115,2478.68,2026-01-10 10:06:24,INTERBANK_SETTLEMENT,NEFT,NPCI Interbank (PNB -> ICICI),IN,0,INTERBANK_CLEARING
TX_NPCI_118357,BOB_ACC_20213,KOTAK_ACC_20181,1687.92,2026-01-10 08:52:45,INTERBANK_SETTLEMENT,UPI,NPCI Interbank (BOB -> KOTAK),IN,0,INTERBANK_CLEARING
TX_NPCI_118358,PNB_ACC_20150,BOB_ACC_20230,2490.62,2026-01-10 10:59:38,INTERBANK_SETTLEMENT,NEFT,NPCI Interbank (PNB -> BOB),IN,0,INTERBANK_CLEARING
TX_NPCI_118359,KOTAK_ACC_20003,KOTAK_ACC_20187,3735.84,2026-01-10 10:38:45,INTERBANK_SETTLEMENT,UPI,NPCI Interbank (KOTAK -> KOTAK),IN,0,INTERBANK_CLEARING
TX_NPCI_118360,BOB_ACC_20039,PNB_ACC_20167,5380.76,2026-01-10 12:03:48,INTERBANK_SETTLEMENT,UPI,NPCI Interbank (BOB -> PNB),IN,0,INTERBANK_CLEARING
TX_NPCI_118361,CANARA_ACC_20165,ICICI_ACC_20085,1854.45,2026-01-10 12:36:02,INTERBANK_SETTLEMENT,NEFT,NPCI Interbank (CANARA -> ICICI),IN,0,INTERBANK_CLEARING
TX_NPCI_118362,KOTAK_ACC_20164,BOB_ACC_20176,4063.92,2026-01-10 13:19:00,INTERBANK_SETTLEMENT,IMPS,NPCI Interbank (KOTAK -> BOB),IN,0,INTERBANK_CLEARING
TX_NPCI_118363,INDUS_ACC_20129,AXIS_ACC_20060,18251.11,2026-01-10 12:58:12,INTERBANK_SETTLEMENT,RTGS,NPCI Interbank (INDUS -> AXIS),IN,0,INTERBANK_CLEARING
TX_NPCI_118364,YES_ACC_20210,YES_ACC_20086,8164.09,2026-01-10 12:16:00,INTERBANK_SETTLEMENT,UPI,NPCI Interbank (YES -> YES),IN,0,INTERBANK_CLEARING
TX_NPCI_118365,CANARA_ACC_20143,CANARA_ACC_20244,40471.78,2026-01-10 09:25:28,INTERBANK_SETTLEMENT,UPI,NPCI Interbank (CANARA -> CANARA),IN,0,INTERBANK_CLEARING
TX_NPCI_118366,BOB_ACC_20209,PNB_ACC_20150,1109.73,2026-01-10 12:27:30,INTERBANK_SETTLEMENT,UPI,NPCI Interbank (BOB -> PNB),IN,0,INTERBANK_CLEARING
TX_NPCI_118367,SBI_ACC_20057,ICICI_ACC_20152,18241.01,2026-01-10 09:15:01,INTERBANK_SETTLEMENT,NEFT,NPCI Interbank (SBI -> ICICI),IN,0,INTERBANK_CLEARING
TX_NPCI_118368,INDUS_ACC_20094,KOTAK_ACC_20075,945.01,2026-01-10 11:56:08,INTERBANK_SETTLEMENT,UPI,NPCI Interbank (INDUS -> KOTAK),IN,0,INTERBANK_CLEARING
TX_NPCI_118369,BOB_ACC_20003,BOB_ACC_20114,3730.43,2026-01-10 10:19:45,INTERBANK_SETTLEMENT,IMPS,NPCI Interbank (BOB -> BOB),IN,0,INTERBANK_CLEARING
TX_NPCI_118370,PNB_ACC_20136,KOTAK_ACC_20139,5878.0,2026-01-10 10:41:30,INTERBANK_SETTLEMENT,UPI,NPCI Interbank (PNB -> KOTAK),IN,0,INTERBANK_CLEARING
TX_NPCI_118371,ICICI_ACC_20069,AXIS_ACC_20007,1322.22,2026-01-10 09:47:50,INTERBANK_SETTLEMENT,IMPS,NPCI Interbank (ICICI -> AXIS),IN,0,INTERBANK_CLEARING
TX_NPCI_118372,HDFC_ACC_20128,YES_ACC_20177,2712.31,2026-01-10 12:08:24,INTERBANK_SETTLEMENT,UPI,NPCI Interbank (HDFC -> YES),IN,0,INTERBANK_CLEARING
TX_NPCI_118373,PNB_ACC_20078,YES_ACC_20230,7277.58,2026-01-10 12:08:47,INTERBANK_SETTLEMENT,RTGS,NPCI Interbank (PNB -> YES),IN,0,INTERBANK_CLEARING
TX_NPCI_118374,CANARA_ACC_20135,ICICI_ACC_20038,1040.73,2026-01-10 09:59:10,INTERBANK_SETTLEMENT,UPI,NPCI Interbank (CANARA -> ICICI),IN,0,INTERBANK_CLEARING
TX_NPCI_118375,ICICI_ACC_20132,YES_ACC_20238,18092.63,2026-01-10 11:58:42,INTERBANK_SETTLEMENT,UPI,NPCI Interbank (ICICI -> YES),IN,0,INTERBANK_CLEARING
TX_NPCI_118376,INDUS_ACC_20119,CANARA_ACC_20147,463.35,2026-01-10 11:26:28,INTERBANK_SETTLEMENT,NEFT,NPCI Interbank (INDUS -> CANARA),IN,0,INTERBANK_CLEARING
TX_NPCI_118377,HDFC_ACC_20031,SBI_ACC_20177,25024.98,2026-01-10 11:59:26,INTERBANK_SETTLEMENT,NEFT,NPCI Interbank (HDFC -> SBI),IN,0,INTERBANK_CLEARING
TX_NPCI_118378,HDFC_ACC_20208,KOTAK_ACC_20040,8115.99,2026-01-10 10:10:48,INTERBANK_SETTLEMENT,UPI,NPCI Interbank (HDFC -> KOTAK),IN,0,INTERBANK_CLEARING
TX_NPCI_118379,BOB_ACC_20160,AXIS_ACC_20128,2191.47,2026-01-10 12:11:05,INTERBANK_SETTLEMENT,UPI,NPCI Interbank (BOB -> AXIS),IN,0,INTERBANK_CLEARING
TX_NPCI_118380,AXIS_ACC_20124,KOTAK_ACC_20043,1505.38,2026-01-10 11:05:52,INTERBANK_SETTLEMENT,UPI,NPCI Interbank (AXIS -> KOTAK),IN,0,INTERBANK_CLEARING
TX_NPCI_118381,INDUS_ACC_20038,AXIS_ACC_20134,1328.18,2026-01-10 10:11:24,INTERBANK_SETTLEMENT,IMPS,NPCI Interbank (INDUS -> AXIS),IN,0,INTERBANK_CLEARING
TX_NPCI_118382,CANARA_ACC_20203,KOTAK_ACC_20150,2073.61,2026-01-10 10:44:30,INTERBANK_SETTLEMENT,NEFT,NPCI Interbank (CANARA -> KOTAK),IN,0,INTERBANK_CLEARING
TX_NPCI_118383,HDFC_ACC_20066,HDFC_ACC_20215,2302.62,2026-01-10 12:01:38,INTERBANK_SETTLEMENT,NEFT,NPCI Interbank (HDFC -> HDFC),IN,0,INTERBANK_CLEARING
TX_NPCI_118384,YES_ACC_20117,PNB_ACC_20057,11006.83,2026-01-10 10:56:00,INTERBANK_SETTLEMENT,UPI,NPCI Interbank (YES -> PNB),IN,0,INTERBANK_CLEARING
TX_NPCI_118385,INDUS_ACC_20093,CANARA_ACC_20012,25910.02,2026-01-10 12:02:22,INTERBANK_SETTLEMENT,UPI,NPCI Interbank (INDUS -> CANARA),IN,0,INTERBANK_CLEARING
TX_NPCI_118386,YES_ACC_20031,KOTAK_ACC_20085,3100.31,2026-01-10 12:57:54,INTERBANK_SETTLEMENT,UPI,NPCI Interbank (YES -> KOTAK),IN,0,INTERBANK_CLEARING
TX_NPCI_118387,KOTAK_ACC_20248,YES_ACC_20134,884.7,2026-01-10 09:50:30,INTERBANK_SETTLEMENT,NEFT,NPCI Interbank (KOTAK -> YES),IN,0,INTERBANK_CLEARING
TX_NPCI_118388,YES_ACC_20004,HDFC_ACC_20167,1267.91,2026-01-10 13:09:52,INTERBANK_SETTLEMENT,NEFT,NPCI Interbank (YES -> HDFC),IN,0,INTERBANK_CLEARING
TX_NPCI_118389,SBI_ACC_20013,AXIS_ACC_20062,1959.2,2026-01-10 09:06:30,INTERBANK_SETTLEMENT,UPI,NPCI Interbank (SBI -> AXIS),IN,0,INTERBANK_CLEARING
TX_NPCI_118390,ICICI_ACC_20025,YES_ACC_20118,709.0,2026-01-10 10:46:30,INTERBANK_SETTLEMENT,UPI,NPCI Interbank (ICICI -> YES),IN,0,INTERBANK_CLEARING
TX_NPCI_118391,ICICI_ACC_20032,CANARA_ACC_20071,593.05,2026-01-10 12:37:55,INTERBANK_SETTLEMENT,UPI,NPCI Interbank (ICICI -> CANARA),IN,0,INTERBANK_CLEARING
TX_NPCI_118392,KOTAK_ACC_20199,CANARA_ACC_20178,30228.87,2026-01-10 12:27:12,INTERBANK_SETTLEMENT,UPI,NPCI Interbank (KOTAK -> CANARA),IN,0,INTERBANK_CLEARING
TX_NPCI_118393,AXIS_ACC_20009,INDUS_ACC_20183,3509.17,2026-01-10 11:54:09,INTERBANK_SETTLEMENT,NEFT,NPCI Interbank (AXIS -> INDUS),IN,0,INTERBANK_CLEARING
TX_NPCI_118394,SBI_ACC_20077,ICICI_ACC_20184,898.06,2026-01-10 12:50:20,INTERBANK_SETTLEMENT,IMPS,NPCI Interbank (SBI -> ICICI),IN,0,INTERBANK_CLEARING
TX_NPCI_118395,PNB_ACC_20047,PNB_ACC_20206,6502.38,2026-01-10 12:39:35,INTERBANK_SETTLEMENT,IMPS,NPCI Interbank (PNB -> PNB),IN,0,INTERBANK_CLEARING
TX_NPCI_118396,HDFC_ACC_20161,KOTAK_ACC_20025,593.47,2026-01-10 11:55:12,INTERBANK_SETTLEMENT,IMPS,NPCI Interbank (HDFC -> KOTAK),IN,0,INTERBANK_CLEARING
TX_NPCI_118397,ICICI_ACC_20142,YES_ACC_20145,655.1,2026-01-10 11:33:07,INTERBANK_SETTLEMENT,UPI,NPCI Interbank (ICICI -> YES),IN,0,INTERBANK_CLEARING
TX_NPCI_118398,AXIS_ACC_20199,CANARA_ACC_20032,931.08,2026-01-10 09:29:52,INTERBANK_SETTLEMENT,UPI,NPCI Interbank (AXIS -> CANARA),IN,0,INTERBANK_CLEARING
TX_NPCI_118399,YES_ACC_20062,ICICI_ACC_20103,17772.65,2026-01-10 09:30:00,INTERBANK_SETTLEMENT,IMPS,NPCI Interbank (YES -> ICICI),IN,0,INTERBANK_CLEARING
TX_NPCI_118400,INDUS_ACC_20217,BOB_ACC_20137,1801.8,2026-01-10 08:56:20,INTERBANK_SETTLEMENT,UPI,NPCI Interbank (INDUS -> BOB),IN,0,INTERBANK_CLEARING
TX_NPCI_118401,KOTAK_ACC_20149,KOTAK_ACC_20073,130.31,2026-01-10 11:56:57,INTERBANK_SETTLEMENT,UPI,NPCI Interbank (KOTAK -> KOTAK),IN,0,INTERBANK_CLEARING
TX_NPCI_118402,AXIS_ACC_20050,HDFC_ACC_20237,10426.22,2026-01-10 12:31:12,INTERBANK_SETTLEMENT,UPI,NPCI Interbank (AXIS -> HDFC),IN,0,INTERBANK_CLEARING
TX_NPCI_118403,ICICI_ACC_20044,SBI_ACC_20071,1689.76,2026-01-10 09:41:51,INTERBANK_SETTLEMENT,UPI,NPCI Interbank (ICICI -> SBI),IN,0,INTERBANK_CLEARING
TX_NPCI_118404,CANARA_ACC_20041,SBI_ACC_20224,265.26,2026-01-10 13:06:00,INTERBANK_SETTLEMENT,UPI,NPCI Interbank (CANARA -> SBI),IN,0,INTERBANK_CLEARING
TX_NPCI_118405,KOTAK_ACC_20130,AXIS_ACC_20173,1669.0,2026-01-10 11:35:39,INTERBANK_SETTLEMENT,UPI,NPCI Interbank (KOTAK -> AXIS),IN,0,INTERBANK_CLEARING
TX_NPCI_118406,INDUS_ACC_20203,BOB_ACC_20199,4560.58,2026-01-10 11:01:52,INTERBANK_SETTLEMENT,UPI,NPCI Interbank (INDUS -> BOB),IN,0,INTERBANK_CLEARING
TX_NPCI_118407,CANARA_ACC_20249,YES_ACC_20067,3963.41,2026-01-10 09:42:27,INTERBANK_SETTLEMENT,IMPS,NPCI Interbank (CANARA -> YES),IN,0,INTERBANK_CLEARING
TX_NPCI_118408,AXIS_ACC_20013,KOTAK_ACC_20247,21122.58,2026-01-10 13:07:48,INTERBANK_SETTLEMENT,UPI,NPCI Interbank (AXIS -> KOTAK),IN,0,INTERBANK_CLEARING
TX_NPCI_118409,PNB_ACC_20014,SBI_ACC_20208,877.15,2026-01-10 13:42:30,INTERBANK_SETTLEMENT,UPI,NPCI Interbank (PNB -> SBI),IN,0,INTERBANK_CLEARING
TX_NPCI_118410,SBI_ACC_20161,PNB_ACC_20053,2581.34,2026-01-10 12:22:58,INTERBANK_SETTLEMENT,UPI,NPCI Interbank (SBI -> PNB),IN,0,INTERBANK_CLEARING
TX_NPCI_118411,KOTAK_ACC_20219,PNB_ACC_20213,1054.18,2026-01-10 13:09:09,INTERBANK_SETTLEMENT,UPI,NPCI Interbank (KOTAK -> PNB),IN,0,INTERBANK_CLEARING
TX_NPCI_118412,AXIS_ACC_20045,PNB_ACC_20226,383.51,2026-01-10 11:37:52,INTERBANK_SETTLEMENT,UPI,NPCI Interbank (AXIS -> PNB),IN,0,INTERBANK_CLEARING
TX_NPCI_118413,INDUS_ACC_20178,BOB_ACC_20234,7063.05,2026-01-10 12:47:05,INTERBANK_SETTLEMENT,UPI,NPCI Interbank (INDUS -> BOB),IN,0,INTERBANK_CLEARING
TX_NPCI_118414,ICICI_ACC_20095,INDUS_ACC_20021,4255.31,2026-01-10 12:59:00,INTERBANK_SETTLEMENT,UPI,NPCI Interbank (ICICI -> INDUS),IN,0,INTERBANK_CLEARING
TX_NPCI_118415,KOTAK_ACC_20139,HDFC_ACC_20166,3430.34,2026-01-10 11:04:16,INTERBANK_SETTLEMENT,UPI,NPCI Interbank (KOTAK -> HDFC),IN,0,INTERBANK_CLEARING
TX_NPCI_118416,ICICI_ACC_20014,CANARA_ACC_20036,4073.05,2026-01-10 09:43:48,INTERBANK_SETTLEMENT,UPI,NPCI Interbank (ICICI -> CANARA),IN,0,INTERBANK_CLEARING
TX_NPCI_118417,AXIS_ACC_20022,INDUS_ACC_20055,1072.16,2026-01-10 09:20:51,INTERBANK_SETTLEMENT,IMPS,NPCI Interbank (AXIS -> INDUS),IN,0,INTERBANK_CLEARING
TX_NPCI_118418,BOB_ACC_20053,BOB_ACC_20039,730.09,2026-01-10 12:37:36,INTERBANK_SETTLEMENT,IMPS,NPCI Interbank (BOB -> BOB),IN,0,INTERBANK_CLEARING
TX_NPCI_118419,BOB_ACC_20212,CANARA_ACC_20183,2553.39,2026-01-10 10:07:25,INTERBANK_SETTLEMENT,IMPS,NPCI Interbank (BOB -> CANARA),IN,0,INTERBANK_CLEARING
TX_NPCI_118420,KOTAK_ACC_20219,PNB_ACC_20243,9832.55,2026-01-10 10:30:48,INTERBANK_SETTLEMENT,UPI,NPCI Interbank (KOTAK -> PNB),IN,0,INTERBANK_CLEARING
TX_NPCI_118421,ICICI_ACC_20175,YES_ACC_20168,16809.38,2026-01-10 09:56:10,INTERBANK_SETTLEMENT,UPI,NPCI Interbank (ICICI -> YES),IN,0,INTERBANK_CLEARING
TX_NPCI_118422,YES_ACC_20001,CANARA_ACC_20242,6339.27,2026-01-10 08:58:10,INTERBANK_SETTLEMENT,UPI,NPCI Interbank (YES -> CANARA),IN,0,INTERBANK_CLEARING
TX_NPCI_118423,INDUS_ACC_20171,KOTAK_ACC_20032,2527.56,2026-01-10 11:41:21,INTERBANK_SETTLEMENT,UPI,NPCI Interbank (INDUS -> KOTAK),IN,0,INTERBANK_CLEARING
TX_NPCI_118424,SBI_ACC_20125,YES_ACC_20026,3373.62,2026-01-10 13:38:20,INTERBANK_SETTLEMENT,UPI,NPCI Interbank (SBI -> YES),IN,0,INTERBANK_CLEARING
TX_NPCI_118425,PNB_ACC_20184,BOB_ACC_20060,2474.79,2026-01-10 10:20:12,INTERBANK_SETTLEMENT,IMPS,NPCI Interbank (PNB -> BOB),IN,0,INTERBANK_CLEARING
TX_NPCI_118426,HDFC_ACC_20149,ICICI_ACC_20128,712.56,2026-01-10 10:20:24,INTERBANK_SETTLEMENT,UPI,NPCI Interbank (HDFC -> ICICI),IN,0,INTERBANK_CLEARING
TX_NPCI_118427,HDFC_ACC_20110,HDFC_ACC_20188,2513.87,2026-01-10 10:55:45,INTERBANK_SETTLEMENT,UPI,NPCI Interbank (HDFC -> HDFC),IN,0,INTERBANK_CLEARING
TX_NPCI_118428,SBI_ACC_20051,PNB_ACC_20019,491.87,2026-01-10 13:05:04,INTERBANK_SETTLEMENT,UPI,NPCI Interbank (SBI -> PNB),IN,0,INTERBANK_CLEARING
TX_NPCI_118429,ICICI_ACC_20090,INDUS_ACC_20199,2102.97,2026-01-10 09:34:00,INTERBANK_SETTLEMENT,NEFT,NPCI Interbank (ICICI -> INDUS),IN,0,INTERBANK_CLEARING
TX_NPCI_118430,KOTAK_ACC_20228,CANARA_ACC_20232,17384.36,2026-01-10 11:43:34,INTERBANK_SETTLEMENT,RTGS,NPCI Interbank (KOTAK -> CANARA),IN,0,INTERBANK_CLEARING
TX_NPCI_118431,INDUS_ACC_20078,INDUS_ACC_20098,6551.38,2026-01-10 10:33:11,INTERBANK_SETTLEMENT,IMPS,NPCI Interbank (INDUS -> INDUS),IN,0,INTERBANK_CLEARING
TX_NPCI_118432,PNB_ACC_20115,PNB_ACC_20080,806.14,2026-01-10 13:18:36,INTERBANK_SETTLEMENT,UPI,NPCI Interbank (PNB -> PNB),IN,0,INTERBANK_CLEARING
TX_NPCI_118433,HDFC_ACC_20065,BOB_ACC_20032,2237.43,2026-01-10 13:07:14,INTERBANK_SETTLEMENT,UPI,NPCI Interbank (HDFC -> BOB),IN,0,INTERBANK_CLEARING
TX_NPCI_118434,KOTAK_ACC_20081,CANARA_ACC_20170,896.72,2026-01-10 10:57:30,INTERBANK_SETTLEMENT,UPI,NPCI Interbank (KOTAK -> CANARA),IN,0,INTERBANK_CLEARING
TX_NPCI_118435,CANARA_ACC_20016,PNB_ACC_20020,2264.22,2026-01-10 08:59:15,INTERBANK_SETTLEMENT,IMPS,NPCI Interbank (CANARA -> PNB),IN,0,INTERBANK_CLEARING
TX_NPCI_118436,KOTAK_ACC_20115,BOB_ACC_20176,8512.83,2026-01-10 11:09:52,INTERBANK_SETTLEMENT,NEFT,NPCI Interbank (KOTAK -> BOB),IN,0,INTERBANK_CLEARING
TX_NPCI_118437,SBI_ACC_20244,KOTAK_ACC_20219,5343.36,2026-01-10 11:10:08,INTERBANK_SETTLEMENT,UPI,NPCI Interbank (SBI -> KOTAK),IN,0,INTERBANK_CLEARING
TX_NPCI_118438,AXIS_ACC_20087,KOTAK_ACC_20076,48096.89,2026-01-10 11:10:24,INTERBANK_SETTLEMENT,NEFT,NPCI Interbank (AXIS -> KOTAK),IN,0,INTERBANK_CLEARING
TX_NPCI_118439,ICICI_ACC_20143,ICICI_ACC_20005,10208.47,2026-01-10 12:57:55,INTERBANK_SETTLEMENT,IMPS,NPCI Interbank (ICICI -> ICICI),IN,0,INTERBANK_CLEARING
TX_NPCI_118440,AXIS_ACC_20043,ICICI_ACC_20145,3117.54,2026-01-10 12:58:20,INTERBANK_SETTLEMENT,UPI,NPCI Interbank (AXIS -> ICICI),IN,0,INTERBANK_CLEARING
TX_NPCI_118441,KOTAK_ACC_20082,CANARA_ACC_20116,5500.42,2026-01-10 11:59:00,INTERBANK_SETTLEMENT,UPI,NPCI Interbank (KOTAK -> CANARA),IN,0,INTERBANK_CLEARING
TX_NPCI_118442,INDUS_ACC_20210,CANARA_ACC_20050,1914.23,2026-01-10 12:47:12,INTERBANK_SETTLEMENT,UPI,NPCI Interbank (INDUS -> CANARA),IN,0,INTERBANK_CLEARING
TX_NPCI_118443,PNB_ACC_20133,ICICI_ACC_20140,630.8,2026-01-10 10:11:49,INTERBANK_SETTLEMENT,UPI,NPCI Interbank (PNB -> ICICI),IN,0,INTERBANK_CLEARING
TX_NPCI_118444,YES_ACC_20021,INDUS_ACC_20013,11695.18,2026-01-10 12:48:00,INTERBANK_SETTLEMENT,NEFT,NPCI Interbank (YES -> INDUS),IN,0,INTERBANK_CLEARING
TX_NPCI_118445,BOB_ACC_20249,YES_ACC_20051,8190.99,2026-01-10 13:12:26,INTERBANK_SETTLEMENT,NEFT,NPCI Interbank (BOB -> YES),IN,0,INTERBANK_CLEARING
TX_NPCI_118446,ICICI_ACC_20108,CANARA_ACC_20108,1827.56,2026-01-10 09:12:12,INTERBANK_SETTLEMENT,NEFT,NPCI Interbank (ICICI -> CANARA),IN,0,INTERBANK_CLEARING
TX_NPCI_118447,PNB_ACC_20179,AXIS_ACC_20168,3390.47,2026-01-10 13:37:24,INTERBANK_SETTLEMENT,UPI,NPCI Interbank (PNB -> AXIS),IN,0,INTERBANK_CLEARING
TX_NPCI_118448,HDFC_ACC_20148,CANARA_ACC_20211,10819.73,2026-01-10 12:25:28,INTERBANK_SETTLEMENT,NEFT,NPCI Interbank (HDFC -> CANARA),IN,0,INTERBANK_CLEARING
TX_NPCI_118449,PNB_ACC_20027,YES_ACC_20168,6738.7,2026-01-10 12:25:50,INTERBANK_SETTLEMENT,IMPS,NPCI Interbank (PNB -> YES),IN,0,INTERBANK_CLEARING
TX_NPCI_118450,ICICI_ACC_20102,HDFC_ACC_20142,421.69,2026-01-10 11:49:54,INTERBANK_SETTLEMENT,UPI,NPCI Interbank (ICICI -> HDFC),IN,0,INTERBANK_CLEARING
TX_NPCI_118451,ICICI_ACC_20202,AXIS_ACC_20091,3269.34,2026-01-10 12:26:34,INTERBANK_SETTLEMENT,UPI,NPCI Interbank (ICICI -> AXIS),IN,0,INTERBANK_CLEARING
TX_NPCI_118452,HDFC_ACC_20198,PNB_ACC_20171,1995.88,2026-01-10 11:14:08,INTERBANK_SETTLEMENT,UPI,NPCI Interbank (HDFC -> PNB),IN,0,INTERBANK_CLEARING
TX_NPCI_118453,AXIS_ACC_20112,KOTAK_ACC_20060,9279.85,2026-01-10 12:39:27,INTERBANK_SETTLEMENT,UPI,NPCI Interbank (AXIS -> KOTAK),IN,0,INTERBANK_CLEARING
TX_NPCI_118454,CANARA_ACC_20066,CANARA_ACC_20138,8410.63,2026-01-10 09:13:00,INTERBANK_SETTLEMENT,NEFT,NPCI Interbank (CANARA -> CANARA),IN,0,INTERBANK_CLEARING
TX_NPCI_118455,SBI_ACC_20187,CANARA_ACC_20124,11876.65,2026-01-10 13:16:46,INTERBANK_SETTLEMENT,UPI,NPCI Interbank (SBI -> CANARA),IN,0,INTERBANK_CLEARING
TX_NPCI_118456,ICICI_ACC_20110,YES_ACC_20003,638.12,2026-01-10 13:53:48,INTERBANK_SETTLEMENT,IMPS,NPCI Interbank (ICICI -> YES),IN,0,INTERBANK_CLEARING
TX_NPCI_118457,HDFC_ACC_20111,HDFC_ACC_20236,952.48,2026-01-10 09:13:18,INTERBANK_SETTLEMENT,UPI,NPCI Interbank (HDFC -> HDFC),IN,0,INTERBANK_CLEARING
TX_NPCI_118458,AXIS_ACC_20204,HDFC_ACC_20016,9291.91,2026-01-10 11:40:12,INTERBANK_SETTLEMENT,RTGS,NPCI Interbank (AXIS -> HDFC),IN,0,INTERBANK_CLEARING
TX_NPCI_118459,CANARA_ACC_20087,KOTAK_ACC_20116,1199.94,2026-01-10 09:01:15,INTERBANK_SETTLEMENT,UPI,NPCI Interbank (CANARA -> KOTAK),IN,0,INTERBANK_CLEARING
TX_NPCI_118460,BOB_ACC_20175,AXIS_ACC_20201,393.19,2026-01-10 13:31:12,INTERBANK_SETTLEMENT,NEFT,NPCI Interbank (BOB -> AXIS),IN,0,INTERBANK_CLEARING
TX_NPCI_118461,CANARA_ACC_20064,HDFC_ACC_20004,4624.46,2026-01-10 10:27:24,INTERBANK_SETTLEMENT,NEFT,NPCI Interbank (CANARA -> HDFC),IN,0,INTERBANK_CLEARING
TX_NPCI_118462,KOTAK_ACC_20149,YES_ACC_20101,1265.65,2026-01-10 09:38:24,INTERBANK_SETTLEMENT,UPI,NPCI Interbank (KOTAK -> YES),IN,0,INTERBANK_CLEARING
TX_NPCI_118463,CANARA_ACC_20212,KOTAK_ACC_20084,20905.11,2026-01-10 10:40:07,INTERBANK_SETTLEMENT,UPI,NPCI Interbank (CANARA -> KOTAK),IN,0,INTERBANK_CLEARING
TX_NPCI_118464,HDFC_ACC_20081,SBI_ACC_20043,3482.21,2026-01-10 12:56:00,INTERBANK_SETTLEMENT,UPI,NPCI Interbank (HDFC -> SBI),IN,0,INTERBANK_CLEARING
TX_NPCI_118465,YES_ACC_20051,HDFC_ACC_20189,2958.13,2026-01-10 12:44:03,INTERBANK_SETTLEMENT,UPI,NPCI Interbank (YES -> HDFC),IN,0,INTERBANK_CLEARING
TX_NPCI_118466,KOTAK_ACC_20025,AXIS_ACC_20237,1566.98,2026-01-10 09:01:50,INTERBANK_SETTLEMENT,IMPS,NPCI Interbank (KOTAK -> AXIS),IN,0,INTERBANK_CLEARING
TX_NPCI_118467,HDFC_ACC_20113,AXIS_ACC_20224,16465.17,2026-01-10 13:59:07,INTERBANK_SETTLEMENT,UPI,NPCI Interbank (HDFC -> AXIS),IN,0,INTERBANK_CLEARING
TX_NPCI_118468,SBI_ACC_20162,BOB_ACC_20000,3752.83,2026-01-10 11:06:00,INTERBANK_SETTLEMENT,UPI,NPCI Interbank (SBI -> BOB),IN,0,INTERBANK_CLEARING
TX_NPCI_118469,INDUS_ACC_20057,HDFC_ACC_20087,1494.88,2026-01-10 13:47:40,INTERBANK_SETTLEMENT,RTGS,NPCI Interbank (INDUS -> HDFC),IN,0,INTERBANK_CLEARING
TX_NPCI_118470,PNB_ACC_20031,BOB_ACC_20225,941.15,2026-01-10 13:35:42,INTERBANK_SETTLEMENT,IMPS,NPCI Interbank (PNB -> BOB),IN,0,INTERBANK_CLEARING
TX_NPCI_118471,YES_ACC_20029,YES_ACC_20109,2234.63,2026-01-10 12:09:00,INTERBANK_SETTLEMENT,UPI,NPCI Interbank (YES -> YES),IN,0,INTERBANK_CLEARING
TX_NPCI_118472,KOTAK_ACC_20020,SBI_ACC_20206,755.08,2026-01-10 11:31:56,INTERBANK_SETTLEMENT,NEFT,NPCI Interbank (KOTAK -> SBI),IN,0,INTERBANK_CLEARING
TX_NPCI_118473,ICICI_ACC_20050,PNB_ACC_20245,8388.8,2026-01-10 11:32:13,INTERBANK_SETTLEMENT,UPI,NPCI Interbank (ICICI -> PNB),IN,0,INTERBANK_CLEARING
TX_NPCI_118474,PNB_ACC_20192,KOTAK_ACC_20121,278.66,2026-01-10 10:42:30,INTERBANK_SETTLEMENT,UPI,NPCI Interbank (PNB -> KOTAK),IN,0,INTERBANK_CLEARING
TX_NPCI_118475,CANARA_ACC_20152,SBI_ACC_20193,2064.38,2026-01-10 09:52:39,INTERBANK_SETTLEMENT,UPI,NPCI Interbank (CANARA -> SBI),IN,0,INTERBANK_CLEARING
TX_NPCI_118476,YES_ACC_20089,ICICI_ACC_20208,5075.4,2026-01-10 10:17:52,INTERBANK_SETTLEMENT,UPI,NPCI Interbank (YES -> ICICI),IN,0,INTERBANK_CLEARING
TX_NPCI_118477,HDFC_ACC_20153,INDUS_ACC_20241,3679.54,2026-01-10 11:45:54,INTERBANK_SETTLEMENT,IMPS,NPCI Interbank (HDFC -> INDUS),IN,0,INTERBANK_CLEARING
TX_NPCI_118478,AXIS_ACC_20004,YES_ACC_20027,1032.01,2026-01-10 12:36:28,INTERBANK_SETTLEMENT,IMPS,NPCI Interbank (AXIS -> YES),IN,0,INTERBANK_CLEARING
TX_NPCI_118479,CANARA_ACC_20011,HDFC_ACC_20233,5390.05,2026-01-10 10:56:10,INTERBANK_SETTLEMENT,IMPS,NPCI Interbank (CANARA -> HDFC),IN,0,INTERBANK_CLEARING
TX_NPCI_118480,YES_ACC_20061,SBI_ACC_20101,842.82,2026-01-10 10:06:00,INTERBANK_SETTLEMENT,IMPS,NPCI Interbank (YES -> SBI),IN,0,INTERBANK_CLEARING
TX_NPCI_118481,INDUS_ACC_20121,PNB_ACC_20101,2375.92,2026-01-10 10:44:01,INTERBANK_SETTLEMENT,RTGS,NPCI Interbank (INDUS -> PNB),IN,0,INTERBANK_CLEARING
TX_NPCI_118482,SBI_ACC_20208,PNB_ACC_20127,5335.88,2026-01-10 09:28:26,INTERBANK_SETTLEMENT,RTGS,NPCI Interbank (SBI -> PNB),IN,0,INTERBANK_CLEARING
TX_NPCI_118483,AXIS_ACC_20079,YES_ACC_20234,4253.49,2026-01-10 10:06:30,INTERBANK_SETTLEMENT,NEFT,NPCI Interbank (AXIS -> YES),IN,0,INTERBANK_CLEARING
TX_NPCI_118484,PNB_ACC_20142,KOTAK_ACC_20244,1085.67,2026-01-10 10:19:20,INTERBANK_SETTLEMENT,UPI,NPCI Interbank (PNB -> KOTAK),IN,0,INTERBANK_CLEARING
TX_NPCI_118485,SBI_ACC_20110,HDFC_ACC_20209,10270.11,2026-01-10 13:29:46,INTERBANK_SETTLEMENT,UPI,NPCI Interbank (SBI -> HDFC),IN,0,INTERBANK_CLEARING
TX_NPCI_118486,SBI_ACC_20098,YES_ACC_20144,2708.18,2026-01-10 13:30:12,INTERBANK_SETTLEMENT,UPI,NPCI Interbank (SBI -> YES),IN,0,INTERBANK_CLEARING
TX_NPCI_118487,BOB_ACC_20233,AXIS_ACC_20133,5952.67,2026-01-10 13:43:21,INTERBANK_SETTLEMENT,UPI,NPCI Interbank (BOB -> AXIS),IN,0,INTERBANK_CLEARING
TX_NPCI_118488,BOB_ACC_20193,YES_ACC_20068,15289.49,2026-01-10 10:20:04,INTERBANK_SETTLEMENT,IMPS,NPCI Interbank (BOB -> YES),IN,0,INTERBANK_CLEARING
TX_NPCI_118489,BOB_ACC_20182,HDFC_ACC_20175,9330.32,2026-01-10 12:02:15,INTERBANK_SETTLEMENT,RTGS,NPCI Interbank (BOB -> HDFC),IN,0,INTERBANK_CLEARING
TX_NPCI_118490,INDUS_ACC_20020,PNB_ACC_20072,9359.58,2026-01-10 11:37:02,INTERBANK_SETTLEMENT,UPI,NPCI Interbank (INDUS -> PNB),IN,0,INTERBANK_CLEARING
TX_NPCI_118491,KOTAK_ACC_20201,PNB_ACC_20057,3075.48,2026-01-10 10:58:58,INTERBANK_SETTLEMENT,UPI,NPCI Interbank (KOTAK -> PNB),IN,0,INTERBANK_CLEARING
TX_NPCI_118492,AXIS_ACC_20162,HDFC_ACC_20130,6327.89,2026-01-10 10:08:00,INTERBANK_SETTLEMENT,UPI,NPCI Interbank (AXIS -> HDFC),IN,0,INTERBANK_CLEARING
TX_NPCI_118493,BOB_ACC_20210,HDFC_ACC_20040,3153.65,2026-01-10 13:20:25,INTERBANK_SETTLEMENT,IMPS,NPCI Interbank (BOB -> HDFC),IN,0,INTERBANK_CLEARING
TX_NPCI_118494,KOTAK_ACC_20084,ICICI_ACC_20129,571.81,2026-01-10 12:16:40,INTERBANK_SETTLEMENT,NEFT,NPCI Interbank (KOTAK -> ICICI),IN,0,INTERBANK_CLEARING
TX_NPCI_118495,HDFC_ACC_20097,PNB_ACC_20082,3509.72,2026-01-10 12:55:33,INTERBANK_SETTLEMENT,IMPS,NPCI Interbank (HDFC -> PNB),IN,0,INTERBANK_CLEARING
TX_NPCI_118496,PNB_ACC_20123,CANARA_ACC_20241,3319.71,2026-01-10 11:00:08,INTERBANK_SETTLEMENT,UPI,NPCI Interbank (PNB -> CANARA),IN,0,INTERBANK_CLEARING
TX_NPCI_118497,YES_ACC_20029,ICICI_ACC_20111,4917.11,2026-01-10 10:21:43,INTERBANK_SETTLEMENT,UPI,NPCI Interbank (YES -> ICICI),IN,0,INTERBANK_CLEARING
TX_NPCI_118498,BOB_ACC_20068,AXIS_ACC_20042,2093.1,2026-01-10 12:30:54,INTERBANK_SETTLEMENT,IMPS,NPCI Interbank (BOB -> AXIS),IN,0,INTERBANK_CLEARING
TX_NPCI_118499,HDFC_ACC_20238,CANARA_ACC_20004,978.73,2026-01-10 10:47:55,INTERBANK_SETTLEMENT,NEFT,NPCI Interbank (HDFC -> CANARA),IN,0,INTERBANK_CLEARING
TX_NPCI_118500,CANARA_ACC_20002,BOB_ACC_20099,5365.84,2026-01-10 11:01:04,INTERBANK_SETTLEMENT,NEFT,NPCI Interbank (CANARA -> BOB),IN,0,INTERBANK_CLEARING
TX_NPCI_118501,INDUS_ACC_20134,YES_ACC_20181,504.76,2026-01-10 09:04:45,INTERBANK_SETTLEMENT,UPI,NPCI Interbank (INDUS -> YES),IN,0,INTERBANK_CLEARING
TX_NPCI_118502,INDUS_ACC_20130,ICICI_ACC_20032,14052.88,2026-01-10 12:19:20,INTERBANK_SETTLEMENT,UPI,NPCI Interbank (INDUS -> ICICI),IN,0,INTERBANK_CLEARING
TX_NPCI_118503,AXIS_ACC_20013,AXIS_ACC_20007,1848.81,2026-01-10 12:45:38,INTERBANK_SETTLEMENT,IMPS,NPCI Interbank (AXIS -> AXIS),IN,0,INTERBANK_CLEARING
TX_NPCI_118504,BOB_ACC_20059,ICICI_ACC_20133,3276.84,2026-01-10 13:38:00,INTERBANK_SETTLEMENT,UPI,NPCI Interbank (BOB -> ICICI),IN,0,INTERBANK_CLEARING
TX_NPCI_118505,ICICI_ACC_20215,CANARA_ACC_20045,4770.8,2026-01-10 11:15:15,INTERBANK_SETTLEMENT,NEFT,NPCI Interbank (ICICI -> CANARA),IN,0,INTERBANK_CLEARING
TX_NPCI_118506,YES_ACC_20182,SBI_ACC_20243,4958.34,2026-01-10 11:15:30,INTERBANK_SETTLEMENT,NEFT,NPCI Interbank (YES -> SBI),IN,0,INTERBANK_CLEARING
TX_NPCI_118507,YES_ACC_20042,ICICI_ACC_20090,449.99,2026-01-10 11:41:51,INTERBANK_SETTLEMENT,UPI,NPCI Interbank (YES -> ICICI),IN,0,INTERBANK_CLEARING
TX_NPCI_118508,HDFC_ACC_20059,PNB_ACC_20185,6561.04,2026-01-10 12:21:20,INTERBANK_SETTLEMENT,UPI,NPCI Interbank (HDFC -> PNB),IN,0,INTERBANK_CLEARING
TX_NPCI_118509,YES_ACC_20103,PNB_ACC_20058,3511.45,2026-01-10 09:44:40,INTERBANK_SETTLEMENT,UPI,NPCI Interbank (YES -> PNB),IN,0,INTERBANK_CLEARING
TX_NPCI_118510,YES_ACC_20167,CANARA_ACC_20152,1138.75,2026-01-10 13:14:24,INTERBANK_SETTLEMENT,IMPS,NPCI Interbank (YES -> CANARA),IN,0,INTERBANK_CLEARING
TX_NPCI_118511,AXIS_ACC_20219,INDUS_ACC_20134,992.67,2026-01-10 09:18:42,INTERBANK_SETTLEMENT,UPI,NPCI Interbank (AXIS -> INDUS),IN,0,INTERBANK_CLEARING
TX_NPCI_118512,AXIS_ACC_20137,BOB_ACC_20042,1634.57,2026-01-10 10:50:44,INTERBANK_SETTLEMENT,IMPS,NPCI Interbank (AXIS -> BOB),IN,0,INTERBANK_CLEARING
TX_NPCI_118513,BOB_ACC_20247,CANARA_ACC_20053,513.63,2026-01-10 10:11:30,INTERBANK_SETTLEMENT,IMPS,NPCI Interbank (BOB -> CANARA),IN,0,INTERBANK_CLEARING
TX_NPCI_118514,BOB_ACC_20112,HDFC_ACC_20027,19278.02,2026-01-10 11:57:00,INTERBANK_SETTLEMENT,UPI,NPCI Interbank (BOB -> HDFC),IN,0,INTERBANK_CLEARING
TX_NPCI_118515,CANARA_ACC_20177,AXIS_ACC_20049,14521.44,2026-01-10 12:23:40,INTERBANK_SETTLEMENT,UPI,NPCI Interbank (CANARA -> AXIS),IN,0,INTERBANK_CLEARING
TX_NPCI_118516,PNB_ACC_20020,INDUS_ACC_20082,4196.64,2026-01-10 09:06:00,INTERBANK_SETTLEMENT,UPI,NPCI Interbank (PNB -> INDUS),IN,0,INTERBANK_CLEARING
TX_NPCI_118517,BOB_ACC_20240,INDUS_ACC_20175,1866.69,2026-01-10 12:50:46,INTERBANK_SETTLEMENT,UPI,NPCI Interbank (BOB -> INDUS),IN,0,INTERBANK_CLEARING
TX_NPCI_118518,KOTAK_ACC_20209,CANARA_ACC_20139,1926.52,2026-01-10 12:24:40,INTERBANK_SETTLEMENT,UPI,NPCI Interbank (KOTAK -> CANARA),IN,0,INTERBANK_CLEARING
TX_NPCI_118519,PNB_ACC_20234,CANARA_ACC_20175,6061.3,2026-01-10 12:11:45,INTERBANK_SETTLEMENT,IMPS,NPCI Interbank (PNB -> CANARA),IN,0,INTERBANK_CLEARING
TX_NPCI_118520,AXIS_ACC_20227,HDFC_ACC_20212,20118.44,2026-01-10 13:44:56,INTERBANK_SETTLEMENT,RTGS,NPCI Interbank (AXIS -> HDFC),IN,0,INTERBANK_CLEARING
TX_NPCI_118521,AXIS_ACC_20191,BOB_ACC_20033,1230.93,2026-01-10 13:32:05,INTERBANK_SETTLEMENT,UPI,NPCI Interbank (AXIS -> BOB),IN,0,INTERBANK_CLEARING
TX_NPCI_118522,PNB_ACC_20163,YES_ACC_20236,638.36,2026-01-10 09:33:06,INTERBANK_SETTLEMENT,UPI,NPCI Interbank (PNB -> YES),IN,0,INTERBANK_CLEARING
TX_NPCI_118523,SBI_ACC_20179,CANARA_ACC_20105,15633.46,2026-01-10 09:59:51,INTERBANK_SETTLEMENT,RTGS,NPCI Interbank (SBI -> CANARA),IN,0,INTERBANK_CLEARING
TX_NPCI_118524,INDUS_ACC_20120,ICICI_ACC_20150,285.84,2026-01-10 09:46:40,INTERBANK_SETTLEMENT,UPI,NPCI Interbank (INDUS -> ICICI),IN,0,INTERBANK_CLEARING
TX_NPCI_118525,YES_ACC_20248,AXIS_ACC_20016,727.61,2026-01-10 11:06:54,INTERBANK_SETTLEMENT,RTGS,NPCI Interbank (YES -> AXIS),IN,0,INTERBANK_CLEARING
TX_NPCI_118526,BOB_ACC_20015,CANARA_ACC_20222,1814.87,2026-01-10 09:06:50,INTERBANK_SETTLEMENT,NEFT,NPCI Interbank (BOB -> CANARA),IN,0,INTERBANK_CLEARING
TX_NPCI_118527,CANARA_ACC_20016,HDFC_ACC_20048,375.21,2026-01-10 11:07:22,INTERBANK_SETTLEMENT,UPI,NPCI Interbank (CANARA -> HDFC),IN,0,INTERBANK_CLEARING
TX_NPCI_118528,INDUS_ACC_20175,ICICI_ACC_20208,9270.37,2026-01-10 10:40:48,INTERBANK_SETTLEMENT,UPI,NPCI Interbank (INDUS -> ICICI),IN,0,INTERBANK_CLEARING
TX_NPCI_118529,PNB_ACC_20015,YES_ACC_20026,6824.58,2026-01-10 14:15:40,INTERBANK_SETTLEMENT,IMPS,NPCI Interbank (PNB -> YES),IN,0,INTERBANK_CLEARING
TX_NPCI_118530,CANARA_ACC_20104,BOB_ACC_20120,1224.45,2026-01-10 11:34:56,INTERBANK_SETTLEMENT,RTGS,NPCI Interbank (CANARA -> BOB),IN,0,INTERBANK_CLEARING
TX_NPCI_118531,BOB_ACC_20164,INDUS_ACC_20110,11333.71,2026-01-10 09:47:36,INTERBANK_SETTLEMENT,UPI,NPCI Interbank (BOB -> INDUS),IN,0,INTERBANK_CLEARING
TX_NPCI_118532,AXIS_ACC_20213,SBI_ACC_20104,13893.15,2026-01-10 13:36:40,INTERBANK_SETTLEMENT,UPI,NPCI Interbank (AXIS -> SBI),IN,0,INTERBANK_CLEARING
TX_NPCI_118533,BOB_ACC_20052,CANARA_ACC_20035,2130.68,2026-01-10 12:02:42,INTERBANK_SETTLEMENT,UPI,NPCI Interbank (BOB -> CANARA),IN,0,INTERBANK_CLEARING
TX_NPCI_118534,YES_ACC_20187,AXIS_ACC_20237,1421.12,2026-01-10 13:37:30,INTERBANK_SETTLEMENT,UPI,NPCI Interbank (YES -> AXIS),IN,0,INTERBANK_CLEARING
TX_NPCI_118535,INDUS_ACC_20147,INDUS_ACC_20005,36736.37,2026-01-10 13:10:53,INTERBANK_SETTLEMENT,UPI,NPCI Interbank (INDUS -> INDUS),IN,0,INTERBANK_CLEARING
TX_NPCI_118536,HDFC_ACC_20072,AXIS_ACC_20017,5798.73,2026-01-10 13:11:16,INTERBANK_SETTLEMENT,UPI,NPCI Interbank (HDFC -> AXIS),IN,0,INTERBANK_CLEARING
TX_NPCI_118537,CANARA_ACC_20236,AXIS_ACC_20174,3319.57,2026-01-10 10:15:30,INTERBANK_SETTLEMENT,IMPS,NPCI Interbank (CANARA -> AXIS),IN,0,INTERBANK_CLEARING
TX_NPCI_118538,YES_ACC_20096,PNB_ACC_20124,12534.69,2026-01-10 09:34:58,INTERBANK_SETTLEMENT,IMPS,NPCI Interbank (YES -> PNB),IN,0,INTERBANK_CLEARING
TX_NPCI_118539,PNB_ACC_20044,SBI_ACC_20033,3506.3,2026-01-10 10:29:25,INTERBANK_SETTLEMENT,IMPS,NPCI Interbank (PNB -> SBI),IN,0,INTERBANK_CLEARING
TX_NPCI_118540,SBI_ACC_20172,KOTAK_ACC_20176,1330.43,2026-01-10 14:07:12,INTERBANK_SETTLEMENT,UPI,NPCI Interbank (SBI -> KOTAK),IN,0,INTERBANK_CLEARING
TX_NPCI_118541,AXIS_ACC_20033,SBI_ACC_20067,2687.03,2026-01-10 14:34:53,INTERBANK_SETTLEMENT,UPI,NPCI Interbank (AXIS -> SBI),IN,0,INTERBANK_CLEARING
TX_NPCI_118542,SBI_ACC_20130,YES_ACC_20249,8487.8,2026-01-10 13:13:34,INTERBANK_SETTLEMENT,UPI,NPCI Interbank (SBI -> YES),IN,0,INTERBANK_CLEARING
TX_NPCI_118543,ICICI_ACC_20140,KOTAK_ACC_20054,223.49,2026-01-10 12:46:39,INTERBANK_SETTLEMENT,UPI,NPCI Interbank (ICICI -> KOTAK),IN,0,INTERBANK_CLEARING
TX_NPCI_118544,AXIS_ACC_20037,PNB_ACC_20007,1727.38,2026-01-10 13:41:40,INTERBANK_SETTLEMENT,UPI,NPCI Interbank (AXIS -> PNB),IN,0,INTERBANK_CLEARING
TX_NPCI_118545,HDFC_ACC_20069,BOB_ACC_20181,12831.63,2026-01-10 12:33:40,INTERBANK_SETTLEMENT,UPI,NPCI Interbank (HDFC -> BOB),IN,0,INTERBANK_CLEARING
TX_NPCI_118546,AXIS_ACC_20035,KOTAK_ACC_20119,1320.49,2026-01-10 12:34:00,INTERBANK_SETTLEMENT,IMPS,NPCI Interbank (AXIS -> KOTAK),IN,0,INTERBANK_CLEARING
TX_NPCI_118547,ICICI_ACC_20207,SBI_ACC_20094,15604.74,2026-01-10 10:17:10,INTERBANK_SETTLEMENT,UPI,NPCI Interbank (ICICI -> SBI),IN,0,INTERBANK_CLEARING
TX_NPCI_118548,SBI_ACC_20026,BOB_ACC_20092,13328.94,2026-01-10 13:02:08,INTERBANK_SETTLEMENT,UPI,NPCI Interbank (SBI -> BOB),IN,0,INTERBANK_CLEARING
TX_NPCI_118549,HDFC_ACC_20169,YES_ACC_20138,2256.04,2026-01-10 14:52:30,INTERBANK_SETTLEMENT,NEFT,NPCI Interbank (HDFC -> YES),IN,0,INTERBANK_CLEARING
TX_NPCI_118550,BOB_ACC_20032,CANARA_ACC_20004,1233.68,2026-01-10 14:53:00,INTERBANK_SETTLEMENT,UPI,NPCI Interbank (BOB -> CANARA),IN,0,INTERBANK_CLEARING
TX_NPCI_118551,CANARA_ACC_20104,INDUS_ACC_20070,1728.78,2026-01-10 12:08:06,INTERBANK_SETTLEMENT,UPI,NPCI Interbank (CANARA -> INDUS),IN,0,INTERBANK_CLEARING
TX_NPCI_118552,CANARA_ACC_20196,BOB_ACC_20095,59726.88,2026-01-10 10:45:36,INTERBANK_SETTLEMENT,UPI,NPCI Interbank (CANARA -> BOB),IN,0,INTERBANK_CLEARING
TX_NPCI_118553,AXIS_ACC_20196,PNB_ACC_20244,23139.8,2026-01-10 10:18:10,INTERBANK_SETTLEMENT,UPI,NPCI Interbank (AXIS -> PNB),IN,0,INTERBANK_CLEARING
TX_NPCI_118554,SBI_ACC_20146,ICICI_ACC_20162,2836.91,2026-01-10 10:18:20,INTERBANK_SETTLEMENT,RTGS,NPCI Interbank (SBI -> ICICI),IN,0,INTERBANK_CLEARING
TX_NPCI_118555,HDFC_ACC_20102,INDUS_ACC_20094,1176.4,2026-01-10 09:23:06,INTERBANK_SETTLEMENT,IMPS,NPCI Interbank (HDFC -> INDUS),IN,0,INTERBANK_CLEARING
TX_NPCI_118556,PNB_ACC_20125,HDFC_ACC_20112,2808.62,2026-01-10 09:50:56,INTERBANK_SETTLEMENT,UPI,NPCI Interbank (PNB -> HDFC),IN,0,INTERBANK_CLEARING
TX_NPCI_118557,ICICI_ACC_20053,AXIS_ACC_20175,3270.15,2026-01-10 14:42:37,INTERBANK_SETTLEMENT,IMPS,NPCI Interbank (ICICI -> AXIS),IN,0,INTERBANK_CLEARING
TX_NPCI_118558,INDUS_ACC_20159,INDUS_ACC_20134,548.93,2026-01-10 12:10:12,INTERBANK_SETTLEMENT,UPI,NPCI Interbank (INDUS -> INDUS),IN,0,INTERBANK_CLEARING
TX_NPCI_118559,KOTAK_ACC_20204,INDUS_ACC_20166,2686.65,2026-01-10 14:01:50,INTERBANK_SETTLEMENT,NEFT,NPCI Interbank (KOTAK -> INDUS),IN,0,INTERBANK_CLEARING
TX_NPCI_118560,AXIS_ACC_20068,AXIS_ACC_20098,11930.88,2026-01-10 09:09:40,INTERBANK_SETTLEMENT,UPI,NPCI Interbank (AXIS -> AXIS),IN,0,INTERBANK_CLEARING
TX_NPCI_118561,SBI_ACC_20034,HDFC_ACC_20114,281.68,2026-01-10 12:52:57,INTERBANK_SETTLEMENT,UPI,NPCI Interbank (SBI -> HDFC),IN,0,INTERBANK_CLEARING
TX_NPCI_118562,INDUS_ACC_20204,PNB_ACC_20100,6580.73,2026-01-10 14:59:00,INTERBANK_SETTLEMENT,UPI,NPCI Interbank (INDUS -> PNB),IN,0,INTERBANK_CLEARING
TX_NPCI_118563,AXIS_ACC_20213,SBI_ACC_20092,12705.08,2026-01-10 09:23:54,INTERBANK_SETTLEMENT,UPI,NPCI Interbank (AXIS -> SBI),IN,0,INTERBANK_CLEARING
TX_NPCI_118564,CANARA_ACC_20170,PNB_ACC_20200,1245.55,2026-01-10 14:18:00,INTERBANK_SETTLEMENT,UPI,NPCI Interbank (CANARA -> PNB),IN,0,INTERBANK_CLEARING
TX_NPCI_118565,BOB_ACC_20227,INDUS_ACC_20033,18638.99,2026-01-10 10:34:11,INTERBANK_SETTLEMENT,NEFT,NPCI Interbank (BOB -> INDUS),IN,0,INTERBANK_CLEARING
TX_NPCI_118566,BOB_ACC_20155,BOB_ACC_20066,1065.92,2026-01-10 10:20:20,INTERBANK_SETTLEMENT,RTGS,NPCI Interbank (BOB -> BOB),IN,0,INTERBANK_CLEARING
TX_NPCI_118567,PNB_ACC_20060,YES_ACC_20166,4143.51,2026-01-10 14:33:24,INTERBANK_SETTLEMENT,NEFT,NPCI Interbank (PNB -> YES),IN,0,INTERBANK_CLEARING
TX_NPCI_118568,AXIS_ACC_20197,AXIS_ACC_20127,1688.97,2026-01-10 11:02:52,INTERBANK_SETTLEMENT,UPI,NPCI Interbank (AXIS -> AXIS),IN,0,INTERBANK_CLEARING
TX_NPCI_118569,ICICI_ACC_20009,AXIS_ACC_20111,1688.51,2026-01-10 09:38:35,INTERBANK_SETTLEMENT,UPI,NPCI Interbank (ICICI -> AXIS),IN,0,INTERBANK_CLEARING
TX_NPCI_118570,BOB_ACC_20113,AXIS_ACC_20183,1163.56,2026-01-10 09:52:48,INTERBANK_SETTLEMENT,NEFT,NPCI Interbank (BOB -> AXIS),IN,0,INTERBANK_CLEARING
TX_NPCI_118571,YES_ACC_20157,SBI_ACC_20129,5643.67,2026-01-10 14:07:02,INTERBANK_SETTLEMENT,UPI,NPCI Interbank (YES -> SBI),IN,0,INTERBANK_CLEARING
TX_NPCI_118572,CANARA_ACC_20164,SBI_ACC_20020,6758.57,2026-01-10 12:42:40,INTERBANK_SETTLEMENT,NEFT,NPCI Interbank (CANARA -> SBI),IN,0,INTERBANK_CLEARING
TX_NPCI_118573,YES_ACC_20098,HDFC_ACC_20167,2259.04,2026-01-10 13:11:18,INTERBANK_SETTLEMENT,UPI,NPCI Interbank (YES -> HDFC),IN,0,INTERBANK_CLEARING
TX_NPCI_118574,BOB_ACC_20022,AXIS_ACC_20014,477.25,2026-01-10 13:25:50,INTERBANK_SETTLEMENT,UPI,NPCI Interbank (BOB -> AXIS),IN,0,INTERBANK_CLEARING
TX_NPCI_118575,PNB_ACC_20173,INDUS_ACC_20042,3959.23,2026-01-10 11:32:45,INTERBANK_SETTLEMENT,UPI,NPCI Interbank (PNB -> INDUS),IN,0,INTERBANK_CLEARING
TX_NPCI_118576,ICICI_ACC_20033,YES_ACC_20008,4049.78,2026-01-10 11:04:36,INTERBANK_SETTLEMENT,NEFT,NPCI Interbank (ICICI -> YES),IN,0,INTERBANK_CLEARING
TX_NPCI_118577,YES_ACC_20045,CANARA_ACC_20162,1881.72,2026-01-10 13:55:25,INTERBANK_SETTLEMENT,NEFT,NPCI Interbank (YES -> CANARA),IN,0,INTERBANK_CLEARING
TX_NPCI_118578,HDFC_ACC_20016,YES_ACC_20049,22940.92,2026-01-10 12:30:26,INTERBANK_SETTLEMENT,NEFT,NPCI Interbank (HDFC -> YES),IN,0,INTERBANK_CLEARING
TX_NPCI_118579,PNB_ACC_20142,INDUS_ACC_20248,373.64,2026-01-10 12:30:45,INTERBANK_SETTLEMENT,NEFT,NPCI Interbank (PNB -> INDUS),IN,0,INTERBANK_CLEARING
TX_NPCI_118580,YES_ACC_20056,HDFC_ACC_20105,170.59,2026-01-10 12:16:48,INTERBANK_SETTLEMENT,UPI,NPCI Interbank (YES -> HDFC),IN,0,INTERBANK_CLEARING
TX_NPCI_118581,CANARA_ACC_20215,BOB_ACC_20096,1015.36,2026-01-10 11:05:41,INTERBANK_SETTLEMENT,NEFT,NPCI Interbank (CANARA -> BOB),IN,0,INTERBANK_CLEARING
TX_NPCI_118582,YES_ACC_20153,PNB_ACC_20241,5724.49,2026-01-10 09:40:06,INTERBANK_SETTLEMENT,NEFT,NPCI Interbank (YES -> PNB),IN,0,INTERBANK_CLEARING
TX_NPCI_118583,CANARA_ACC_20122,CANARA_ACC_20176,687.45,2026-01-10 09:11:35,INTERBANK_SETTLEMENT,IMPS,NPCI Interbank (CANARA -> CANARA),IN,0,INTERBANK_CLEARING
TX_NPCI_118584,SBI_ACC_20236,ICICI_ACC_20135,752.07,2026-01-10 09:11:40,INTERBANK_SETTLEMENT,UPI,NPCI Interbank (SBI -> ICICI),IN,0,INTERBANK_CLEARING
TX_NPCI_118585,ICICI_ACC_20230,CANARA_ACC_20100,7640.56,2026-01-10 13:15:42,INTERBANK_SETTLEMENT,UPI,NPCI Interbank (ICICI -> CANARA),IN,0,INTERBANK_CLEARING
TX_NPCI_118586,ICICI_ACC_20060,PNB_ACC_20067,4251.63,2026-01-10 09:26:12,INTERBANK_SETTLEMENT,NEFT,NPCI Interbank (ICICI -> PNB),IN,0,INTERBANK_CLEARING
TX_NPCI_118587,HDFC_ACC_20043,HDFC_ACC_20044,3837.1,2026-01-10 11:21:22,INTERBANK_SETTLEMENT,RTGS,NPCI Interbank (HDFC -> HDFC),IN,0,INTERBANK_CLEARING
TX_NPCI_118588,HDFC_ACC_20018,AXIS_ACC_20105,6233.63,2026-01-10 09:26:24,INTERBANK_SETTLEMENT,UPI,NPCI Interbank (HDFC -> AXIS),IN,0,INTERBANK_CLEARING
TX_NPCI_118589,BOB_ACC_20135,ICICI_ACC_20223,1465.23,2026-01-10 09:12:05,INTERBANK_SETTLEMENT,UPI,NPCI Interbank (BOB -> ICICI),IN,0,INTERBANK_CLEARING
TX_NPCI_118590,AXIS_ACC_20238,YES_ACC_20152,1548.77,2026-01-10 13:46:24,INTERBANK_SETTLEMENT,UPI,NPCI Interbank (AXIS -> YES),IN,0,INTERBANK_CLEARING
TX_NPCI_118591,BOB_ACC_20238,YES_ACC_20107,6449.35,2026-01-10 14:44:36,INTERBANK_SETTLEMENT,NEFT,NPCI Interbank (BOB -> YES),IN,0,INTERBANK_CLEARING
TX_NPCI_118592,AXIS_ACC_20234,ICICI_ACC_20248,485.96,2026-01-10 10:53:36,INTERBANK_SETTLEMENT,UPI,NPCI Interbank (AXIS -> ICICI),IN,0,INTERBANK_CLEARING
TX_NPCI_118593,SBI_ACC_20052,SBI_ACC_20043,186.56,2026-01-10 10:53:48,INTERBANK_SETTLEMENT,UPI,NPCI Interbank (SBI -> SBI),IN,0,INTERBANK_CLEARING
TX_NPCI_118594,PNB_ACC_20068,ICICI_ACC_20002,1451.07,2026-01-10 13:19:00,INTERBANK_SETTLEMENT,UPI,NPCI Interbank (PNB -> ICICI),IN,0,INTERBANK_CLEARING
TX_NPCI_118595,INDUS_ACC_20024,ICICI_ACC_20123,7458.04,2026-01-10 09:27:06,INTERBANK_SETTLEMENT,UPI,NPCI Interbank (INDUS -> ICICI),IN,0,INTERBANK_CLEARING
TX_NPCI_118596,CANARA_ACC_20102,INDUS_ACC_20068,3316.52,2026-01-10 11:23:28,INTERBANK_SETTLEMENT,UPI,NPCI Interbank (CANARA -> INDUS),IN,0,INTERBANK_CLEARING
TX_NPCI_118597,BOB_ACC_20040,CANARA_ACC_20064,6827.75,2026-01-10 15:16:30,INTERBANK_SETTLEMENT,UPI,NPCI Interbank (BOB -> CANARA),IN,0,INTERBANK_CLEARING
TX_NPCI_118598,INDUS_ACC_20221,BOB_ACC_20247,217.12,2026-01-10 12:36:46,INTERBANK_SETTLEMENT,UPI,NPCI Interbank (INDUS -> BOB),IN,0,INTERBANK_CLEARING
TX_NPCI_118599,BOB_ACC_20044,SBI_ACC_20118,3563.85,2026-01-10 10:25:50,INTERBANK_SETTLEMENT,NEFT,NPCI Interbank (BOB -> SBI),IN,0,INTERBANK_CLEARING
TX_NPCI_118600,BOB_ACC_20211,BOB_ACC_20202,5348.85,2026-01-10 12:08:12,INTERBANK_SETTLEMENT,UPI,NPCI Interbank (BOB -> BOB),IN,0,INTERBANK_CLEARING
TX_NPCI_118601,PNB_ACC_20142,SBI_ACC_20047,482.53,2026-01-10 11:10:01,INTERBANK_SETTLEMENT,IMPS,NPCI Interbank (PNB -> SBI),IN,0,INTERBANK_CLEARING
TX_NPCI_118602,ICICI_ACC_20159,INDUS_ACC_20033,6866.91,2026-01-10 09:13:10,INTERBANK_SETTLEMENT,IMPS,NPCI Interbank (ICICI -> INDUS),IN,0,INTERBANK_CLEARING
TX_NPCI_118603,CANARA_ACC_20158,ICICI_ACC_20125,2134.9,2026-01-10 12:38:21,INTERBANK_SETTLEMENT,NEFT,NPCI Interbank (CANARA -> ICICI),IN,0,INTERBANK_CLEARING
TX_NPCI_118604,PNB_ACC_20048,AXIS_ACC_20178,97304.84,2026-01-10 10:26:40,INTERBANK_SETTLEMENT,UPI,NPCI Interbank (PNB -> AXIS),IN,0,INTERBANK_CLEARING
TX_NPCI_118605,KOTAK_ACC_20068,PNB_ACC_20013,178.99,2026-01-10 12:53:40,INTERBANK_SETTLEMENT,UPI,NPCI Interbank (KOTAK -> PNB),IN,0,INTERBANK_CLEARING
TX_NPCI_118606,ICICI_ACC_20192,INDUS_ACC_20156,12618.73,2026-01-10 09:42:54,INTERBANK_SETTLEMENT,UPI,NPCI Interbank (ICICI -> INDUS),IN,0,INTERBANK_CLEARING
TX_NPCI_118607,CANARA_ACC_20050,PNB_ACC_20036,1520.83,2026-01-10 09:28:18,INTERBANK_SETTLEMENT,UPI,NPCI Interbank (CANARA -> PNB),IN,0,INTERBANK_CLEARING
TX_NPCI_118608,SBI_ACC_20084,INDUS_ACC_20244,350.52,2026-01-10 14:08:20,INTERBANK_SETTLEMENT,IMPS,NPCI Interbank (SBI -> INDUS),IN,0,INTERBANK_CLEARING
TX_NPCI_118609,AXIS_ACC_20067,HDFC_ACC_20132,1296.8,2026-01-10 13:54:00,INTERBANK_SETTLEMENT,UPI,NPCI Interbank (AXIS -> HDFC),IN,0,INTERBANK_CLEARING
TX_NPCI_118610,CANARA_ACC_20155,ICICI_ACC_20012,3404.91,2026-01-10 10:57:12,INTERBANK_SETTLEMENT,RTGS,NPCI Interbank (CANARA -> ICICI),IN,0,INTERBANK_CLEARING
TX_NPCI_118611,PNB_ACC_20060,KOTAK_ACC_20067,8475.71,2026-01-10 12:11:19,INTERBANK_SETTLEMENT,UPI,NPCI Interbank (PNB -> KOTAK),IN,0,INTERBANK_CLEARING
TX_NPCI_118612,CANARA_ACC_20055,PNB_ACC_20214,19271.01,2026-01-10 14:24:48,INTERBANK_SETTLEMENT,UPI,NPCI Interbank (CANARA -> PNB),IN,0,INTERBANK_CLEARING
TX_NPCI_118613,AXIS_ACC_20234,INDUS_ACC_20018,13443.78,2026-01-10 10:13:21,INTERBANK_SETTLEMENT,UPI,NPCI Interbank (AXIS -> INDUS),IN,0,INTERBANK_CLEARING
TX_NPCI_118614,ICICI_ACC_20008,PNB_ACC_20240,766.28,2026-01-10 12:27:00,INTERBANK_SETTLEMENT,UPI,NPCI Interbank (ICICI -> PNB),IN,0,INTERBANK_CLEARING
TX_NPCI_118615,CANARA_ACC_20118,HDFC_ACC_20055,9472.97,2026-01-10 14:26:06,INTERBANK_SETTLEMENT,UPI,NPCI Interbank (CANARA -> HDFC),IN,0,INTERBANK_CLEARING
TX_NPCI_118616,AXIS_ACC_20085,KOTAK_ACC_20037,3903.16,2026-01-10 14:26:32,INTERBANK_SETTLEMENT,IMPS,NPCI Interbank (AXIS -> KOTAK),IN,0,INTERBANK_CLEARING
TX_NPCI_118617,SBI_ACC_20037,KOTAK_ACC_20071,1112.62,2026-01-10 15:11:37,INTERBANK_SETTLEMENT,UPI,NPCI Interbank (SBI -> KOTAK),IN,0,INTERBANK_CLEARING
TX_NPCI_118618,SBI_ACC_20174,PNB_ACC_20125,1892.6,2026-01-10 10:14:06,INTERBANK_SETTLEMENT,UPI,NPCI Interbank (SBI -> PNB),IN,0,INTERBANK_CLEARING
TX_NPCI_118619,CANARA_ACC_20003,CANARA_ACC_20165,1041.26,2026-01-10 10:44:05,INTERBANK_SETTLEMENT,IMPS,NPCI Interbank (CANARA -> CANARA),IN,0,INTERBANK_CLEARING
TX_NPCI_118620,INDUS_ACC_20161,HDFC_ACC_20177,2551.69,2026-01-10 12:43:44,INTERBANK_SETTLEMENT,UPI,NPCI Interbank (INDUS -> HDFC),IN,0,INTERBANK_CLEARING
TX_NPCI_118621,YES_ACC_20202,INDUS_ACC_20169,1016.79,2026-01-10 13:28:54,INTERBANK_SETTLEMENT,UPI,NPCI Interbank (YES -> INDUS),IN,0,INTERBANK_CLEARING
TX_NPCI_118622,PNB_ACC_20006,KOTAK_ACC_20207,710.81,2026-01-10 13:59:12,INTERBANK_SETTLEMENT,IMPS,NPCI Interbank (PNB -> KOTAK),IN,0,INTERBANK_CLEARING
TX_NPCI_118623,ICICI_ACC_20224,SBI_ACC_20181,4337.02,2026-01-10 10:29:50,INTERBANK_SETTLEMENT,IMPS,NPCI Interbank (ICICI -> SBI),IN,0,INTERBANK_CLEARING
TX_NPCI_118624,YES_ACC_20203,CANARA_ACC_20107,5189.94,2026-01-10 12:30:00,INTERBANK_SETTLEMENT,RTGS,NPCI Interbank (YES -> CANARA),IN,0,INTERBANK_CLEARING
TX_NPCI_118625,PNB_ACC_20188,HDFC_ACC_20244,1948.63,2026-01-10 13:45:23,INTERBANK_SETTLEMENT,UPI,NPCI Interbank (PNB -> HDFC),IN,0,INTERBANK_CLEARING
TX_NPCI_118626,PNB_ACC_20040,YES_ACC_20123,12596.59,2026-01-10 09:15:10,INTERBANK_SETTLEMENT,UPI,NPCI Interbank (PNB -> YES),IN,0,INTERBANK_CLEARING
TX_NPCI_118627,SBI_ACC_20046,AXIS_ACC_20232,1785.55,2026-01-10 10:45:33,INTERBANK_SETTLEMENT,UPI,NPCI Interbank (SBI -> AXIS),IN,0,INTERBANK_CLEARING
TX_NPCI_118628,SBI_ACC_20055,SBI_ACC_20150,1697.09,2026-01-10 09:30:24,INTERBANK_SETTLEMENT,IMPS,NPCI Interbank (SBI -> SBI),IN,0,INTERBANK_CLEARING
TX_NPCI_118629,HDFC_ACC_20012,HDFC_ACC_20012,5391.54,2026-01-10 09:15:25,INTERBANK_SETTLEMENT,UPI,NPCI Interbank (HDFC -> HDFC),IN,0,INTERBANK_CLEARING
TX_NPCI_118630,ICICI_ACC_20028,CANARA_ACC_20197,2082.01,2026-01-10 13:47:18,INTERBANK_SETTLEMENT,NEFT,NPCI Interbank (ICICI -> CANARA),IN,0,INTERBANK_CLEARING
TX_NPCI_118631,AXIS_ACC_20135,CANARA_ACC_20123,2702.03,2026-01-10 09:15:35,INTERBANK_SETTLEMENT,NEFT,NPCI Interbank (AXIS -> CANARA),IN,0,INTERBANK_CLEARING
TX_NPCI_118632,HDFC_ACC_20074,PNB_ACC_20026,118.57,2026-01-10 13:17:48,INTERBANK_SETTLEMENT,UPI,NPCI Interbank (HDFC -> PNB),IN,0,INTERBANK_CLEARING
TX_NPCI_118633,CANARA_ACC_20108,BOB_ACC_20093,2490.03,2026-01-10 12:47:51,INTERBANK_SETTLEMENT,NEFT,NPCI Interbank (CANARA -> BOB),IN,0,INTERBANK_CLEARING
TX_NPCI_118634,SBI_ACC_20231,HDFC_ACC_20100,272.43,2026-01-10 11:32:20,INTERBANK_SETTLEMENT,NEFT,NPCI Interbank (SBI -> HDFC),IN,0,INTERBANK_CLEARING
TX_NPCI_118635,KOTAK_ACC_20236,ICICI_ACC_20173,563.89,2026-01-10 10:31:50,INTERBANK_SETTLEMENT,UPI,NPCI Interbank (KOTAK -> ICICI),IN,0,INTERBANK_CLEARING
TX_NPCI_118636,PNB_ACC_20012,AXIS_ACC_20146,491.57,2026-01-10 12:03:12,INTERBANK_SETTLEMENT,UPI,NPCI Interbank (PNB -> AXIS),IN,0,INTERBANK_CLEARING
TX_NPCI_118637,BOB_ACC_20077,HDFC_ACC_20040,698.48,2026-01-10 13:04:20,INTERBANK_SETTLEMENT,UPI,NPCI Interbank (BOB -> HDFC),IN,0,INTERBANK_CLEARING
TX_NPCI_118638,SBI_ACC_20051,PNB_ACC_20242,1263.16,2026-01-10 10:32:20,INTERBANK_SETTLEMENT,UPI,NPCI Interbank (SBI -> PNB),IN,0,INTERBANK_CLEARING
TX_NPCI_118639,CANARA_ACC_20178,AXIS_ACC_20095,1361.32,2026-01-10 10:17:15,INTERBANK_SETTLEMENT,UPI,NPCI Interbank (CANARA -> AXIS),IN,0,INTERBANK_CLEARING
TX_NPCI_118640,YES_ACC_20202,PNB_ACC_20156,5416.09,2026-01-10 13:20:36,INTERBANK_SETTLEMENT,UPI,NPCI Interbank (YES -> PNB),IN,0,INTERBANK_CLEARING
TX_NPCI_118641,AXIS_ACC_20038,ICICI_ACC_20074,3187.1,2026-01-10 12:19:49,INTERBANK_SETTLEMENT,UPI,NPCI Interbank (AXIS -> ICICI),IN,0,INTERBANK_CLEARING
TX_NPCI_118642,INDUS_ACC_20046,SBI_ACC_20153,249.31,2026-01-10 12:20:06,INTERBANK_SETTLEMENT,UPI,NPCI Interbank (INDUS -> SBI),IN,0,INTERBANK_CLEARING
TX_NPCI_118643,CANARA_ACC_20229,KOTAK_ACC_20006,2697.16,2026-01-10 11:19:07,INTERBANK_SETTLEMENT,UPI,NPCI Interbank (CANARA -> KOTAK),IN,0,INTERBANK_CLEARING
TX_NPCI_118644,SBI_ACC_20074,SBI_ACC_20057,3575.66,2026-01-10 14:08:00,INTERBANK_SETTLEMENT,UPI,NPCI Interbank (SBI -> SBI),IN,0,INTERBANK_CLEARING
TX_NPCI_118645,HDFC_ACC_20111,SBI_ACC_20164,1645.37,2026-01-10 15:40:30,INTERBANK_SETTLEMENT,RTGS,NPCI Interbank (HDFC -> SBI),IN,0,INTERBANK_CLEARING
TX_NPCI_118646,BOB_ACC_20188,YES_ACC_20110,2268.64,2026-01-10 09:32:12,INTERBANK_SETTLEMENT,IMPS,NPCI Interbank (BOB -> YES),IN,0,INTERBANK_CLEARING
TX_NPCI_118647,SBI_ACC_20002,KOTAK_ACC_20041,3066.75,2026-01-10 12:52:17,INTERBANK_SETTLEMENT,IMPS,NPCI Interbank (SBI -> KOTAK),IN,0,INTERBANK_CLEARING
TX_NPCI_118648,HDFC_ACC_20089,BOB_ACC_20008,6109.01,2026-01-10 11:20:12,INTERBANK_SETTLEMENT,UPI,NPCI Interbank (HDFC -> BOB),IN,0,INTERBANK_CLEARING
TX_NPCI_118649,SBI_ACC_20044,PNB_ACC_20052,368.76,2026-01-10 13:23:45,INTERBANK_SETTLEMENT,UPI,NPCI Interbank (SBI -> PNB),IN,0,INTERBANK_CLEARING
TX_NPCI_118650,PNB_ACC_20091,YES_ACC_20030,1820.41,2026-01-10 11:05:12,INTERBANK_SETTLEMENT,UPI,NPCI Interbank (PNB -> YES),IN,0,INTERBANK_CLEARING
TX_NPCI_118651,HDFC_ACC_20064,AXIS_ACC_20244,14913.22,2026-01-10 13:39:54,INTERBANK_SETTLEMENT,NEFT,NPCI Interbank (HDFC -> AXIS),IN,0,INTERBANK_CLEARING
TX_NPCI_118652,CANARA_ACC_20021,CANARA_ACC_20168,13359.64,2026-01-10 10:34:40,INTERBANK_SETTLEMENT,UPI,NPCI Interbank (CANARA -> CANARA),IN,0,INTERBANK_CLEARING
TX_NPCI_118653,YES_ACC_20224,AXIS_ACC_20147,6775.88,2026-01-10 11:21:17,INTERBANK_SETTLEMENT,UPI,NPCI Interbank (YES -> AXIS),IN,0,INTERBANK_CLEARING
TX_NPCI_118654,PNB_ACC_20232,AXIS_ACC_20167,4647.99,2026-01-10 09:17:30,INTERBANK_SETTLEMENT,UPI,NPCI Interbank (PNB -> AXIS),IN,0,INTERBANK_CLEARING
TX_NPCI_118655,BOB_ACC_20088,BOB_ACC_20168,17775.24,2026-01-10 14:58:57,INTERBANK_SETTLEMENT,UPI,NPCI Interbank (BOB -> BOB),IN,0,INTERBANK_CLEARING
TX_NPCI_118656,YES_ACC_20123,ICICI_ACC_20099,24377.54,2026-01-10 11:53:00,INTERBANK_SETTLEMENT,UPI,NPCI Interbank (YES -> ICICI),IN,0,INTERBANK_CLEARING
TX_NPCI_118657,KOTAK_ACC_20026,HDFC_ACC_20108,2090.39,2026-01-10 13:42:06,INTERBANK_SETTLEMENT,UPI,NPCI Interbank (KOTAK -> HDFC),IN,0,INTERBANK_CLEARING
TX_NPCI_118658,CANARA_ACC_20206,ICICI_ACC_20180,762.56,2026-01-10 10:20:06,INTERBANK_SETTLEMENT,UPI,NPCI Interbank (CANARA -> ICICI),IN,0,INTERBANK_CLEARING
TX_NPCI_118659,INDUS_ACC_20162,ICICI_ACC_20074,1764.55,2026-01-10 10:51:25,INTERBANK_SETTLEMENT,UPI,NPCI Interbank (INDUS -> ICICI),IN,0,INTERBANK_CLEARING
TX_NPCI_118660,HDFC_ACC_20248,BOB_ACC_20171,100311.4,2026-01-10 14:45:36,INTERBANK_SETTLEMENT,UPI,NPCI Interbank (HDFC -> BOB),IN,0,INTERBANK_CLEARING
TX_NPCI_118661,AXIS_ACC_20058,BOB_ACC_20038,371.21,2026-01-10 14:30:25,INTERBANK_SETTLEMENT,UPI,NPCI Interbank (AXIS -> BOB),IN,0,INTERBANK_CLEARING
TX_NPCI_118662,PNB_ACC_20236,KOTAK_ACC_20188,1387.63,2026-01-10 13:59:34,INTERBANK_SETTLEMENT,UPI,NPCI Interbank (PNB -> KOTAK),IN,0,INTERBANK_CLEARING
TX_NPCI_118663,PNB_ACC_20161,PNB_ACC_20098,447.99,2026-01-10 09:18:15,INTERBANK_SETTLEMENT,UPI,NPCI Interbank (PNB -> PNB),IN,0,INTERBANK_CLEARING
TX_NPCI_118664,ICICI_ACC_20113,HDFC_ACC_20005,2834.77,2026-01-10 11:08:00,INTERBANK_SETTLEMENT,UPI,NPCI Interbank (ICICI -> HDFC),IN,0,INTERBANK_CLEARING
TX_NPCI_118665,INDUS_ACC_20214,ICICI_ACC_20107,576.38,2026-01-10 09:18:25,INTERBANK_SETTLEMENT,UPI,NPCI Interbank (INDUS -> ICICI),IN,0,INTERBANK_CLEARING
TX_NPCI_118666,SBI_ACC_20198,CANARA_ACC_20076,2142.01,2026-01-10 10:05:36,INTERBANK_SETTLEMENT,NEFT,NPCI Interbank (SBI -> CANARA),IN,0,INTERBANK_CLEARING
TX_NPCI_118667,YES_ACC_20163,INDUS_ACC_20125,235.07,2026-01-10 11:40:02,INTERBANK_SETTLEMENT,RTGS,NPCI Interbank (YES -> INDUS),IN,0,INTERBANK_CLEARING
TX_NPCI_118668,BOB_ACC_20248,CANARA_ACC_20134,5121.2,2026-01-10 13:14:40,INTERBANK_SETTLEMENT,NEFT,NPCI Interbank (BOB -> CANARA),IN,0,INTERBANK_CLEARING
TX_NPCI_118669,INDUS_ACC_20127,ICICI_ACC_20240,10580.99,2026-01-10 14:02:15,INTERBANK_SETTLEMENT,UPI,NPCI Interbank (INDUS -> ICICI),IN,0,INTERBANK_CLEARING
TX_NPCI_118670,AXIS_ACC_20182,AXIS_ACC_20158,1539.58,2026-01-10 11:40:44,INTERBANK_SETTLEMENT,UPI,NPCI Interbank (AXIS -> AXIS),IN,0,INTERBANK_CLEARING
TX_NPCI_118671,CANARA_ACC_20133,BOB_ACC_20205,2075.26,2026-01-10 14:34:35,INTERBANK_SETTLEMENT,NEFT,NPCI Interbank (CANARA -> BOB),IN,0,INTERBANK_CLEARING
TX_NPCI_118672,ICICI_ACC_20142,PNB_ACC_20131,2006.03,2026-01-10 11:57:00,INTERBANK_SETTLEMENT,IMPS,NPCI Interbank (ICICI -> PNB),IN,0,INTERBANK_CLEARING
TX_NPCI_118673,KOTAK_ACC_20177,BOB_ACC_20041,3032.35,2026-01-10 09:34:54,INTERBANK_SETTLEMENT,IMPS,NPCI Interbank (KOTAK -> BOB),IN,0,INTERBANK_CLEARING
TX_NPCI_118674,ICICI_ACC_20082,PNB_ACC_20225,2331.34,2026-01-10 12:13:20,INTERBANK_SETTLEMENT,RTGS,NPCI Interbank (ICICI -> PNB),IN,0,INTERBANK_CLEARING
TX_NPCI_118675,SBI_ACC_20200,AXIS_ACC_20083,6134.85,2026-01-10 13:48:42,INTERBANK_SETTLEMENT,IMPS,NPCI Interbank (SBI -> AXIS),IN,0,INTERBANK_CLEARING
TX_NPCI_118676,BOB_ACC_20016,PNB_ACC_20186,10717.65,2026-01-10 11:10:24,INTERBANK_SETTLEMENT,NEFT,NPCI Interbank (BOB -> PNB),IN,0,INTERBANK_CLEARING
TX_NPCI_118677,HDFC_ACC_20033,AXIS_ACC_20017,918.84,2026-01-10 10:54:43,INTERBANK_SETTLEMENT,UPI,NPCI Interbank (HDFC -> AXIS),IN,0,INTERBANK_CLEARING
TX_NPCI_118678,CANARA_ACC_20086,PNB_ACC_20019,1683.8,2026-01-10 11:42:36,INTERBANK_SETTLEMENT,IMPS,NPCI Interbank (CANARA -> PNB),IN,0,INTERBANK_CLEARING
TX_NPCI_118679,KOTAK_ACC_20242,AXIS_ACC_20016,7200.77,2026-01-10 13:02:25,INTERBANK_SETTLEMENT,IMPS,NPCI Interbank (KOTAK -> AXIS),IN,0,INTERBANK_CLEARING
TX_NPCI_118680,ICICI_ACC_20231,INDUS_ACC_20150,443.19,2026-01-10 14:22:24,INTERBANK_SETTLEMENT,UPI,NPCI Interbank (ICICI -> INDUS),IN,0,INTERBANK_CLEARING
TX_NPCI_118681,AXIS_ACC_20115,HDFC_ACC_20046,229.32,2026-01-10 13:03:03,INTERBANK_SETTLEMENT,UPI,NPCI Interbank (AXIS -> HDFC),IN,0,INTERBANK_CLEARING
TX_NPCI_118682,PNB_ACC_20235,KOTAK_ACC_20131,3202.15,2026-01-10 12:47:24,INTERBANK_SETTLEMENT,UPI,NPCI Interbank (PNB -> KOTAK),IN,0,INTERBANK_CLEARING
TX_NPCI_118683,INDUS_ACC_20030,INDUS_ACC_20145,4427.61,2026-01-10 14:55:34,INTERBANK_SETTLEMENT,UPI,NPCI Interbank (INDUS -> INDUS),IN,0,INTERBANK_CLEARING
TX_NPCI_118684,KOTAK_ACC_20026,INDUS_ACC_20030,1025.81,2026-01-10 14:56:00,INTERBANK_SETTLEMENT,NEFT,NPCI Interbank (KOTAK -> INDUS),IN,0,INTERBANK_CLEARING
TX_NPCI_118685,SBI_ACC_20004,CANARA_ACC_20124,1218.8,2026-01-10 12:48:18,INTERBANK_SETTLEMENT,UPI,NPCI Interbank (SBI -> CANARA),IN,0,INTERBANK_CLEARING
TX_NPCI_118686,PNB_ACC_20163,ICICI_ACC_20215,980.21,2026-01-10 11:44:28,INTERBANK_SETTLEMENT,UPI,NPCI Interbank (PNB -> ICICI),IN,0,INTERBANK_CLEARING
TX_NPCI_118687,INDUS_ACC_20217,HDFC_ACC_20194,862.37,2026-01-10 13:53:06,INTERBANK_SETTLEMENT,IMPS,NPCI Interbank (INDUS -> HDFC),IN,0,INTERBANK_CLEARING
TX_NPCI_118688,PNB_ACC_20092,SBI_ACC_20083,5609.38,2026-01-10 15:29:52,INTERBANK_SETTLEMENT,NEFT,NPCI Interbank (PNB -> SBI),IN,0,INTERBANK_CLEARING
TX_NPCI_118689,HDFC_ACC_20192,SBI_ACC_20199,591.94,2026-01-10 10:08:40,INTERBANK_SETTLEMENT,NEFT,NPCI Interbank (HDFC -> SBI),IN,0,INTERBANK_CLEARING
TX_NPCI_118690,SBI_ACC_20175,AXIS_ACC_20029,1774.67,2026-01-10 13:54:12,INTERBANK_SETTLEMENT,UPI,NPCI Interbank (SBI -> AXIS),IN,0,INTERBANK_CLEARING
TX_NPCI_118691,KOTAK_ACC_20081,YES_ACC_20118,823.53,2026-01-10 12:17:52,INTERBANK_SETTLEMENT,UPI,NPCI Interbank (KOTAK -> YES),IN,0,INTERBANK_CLEARING
TX_NPCI_118692,YES_ACC_20118,SBI_ACC_20026,425.67,2026-01-10 13:54:56,INTERBANK_SETTLEMENT,UPI,NPCI Interbank (YES -> SBI),IN,0,INTERBANK_CLEARING
TX_NPCI_118693,HDFC_ACC_20149,HDFC_ACC_20079,6934.15,2026-01-10 10:57:39,INTERBANK_SETTLEMENT,NEFT,NPCI Interbank (HDFC -> HDFC),IN,0,INTERBANK_CLEARING
TX_NPCI_118694,ICICI_ACC_20015,YES_ACC_20050,1307.94,2026-01-10 14:44:10,INTERBANK_SETTLEMENT,UPI,NPCI Interbank (ICICI -> YES),IN,0,INTERBANK_CLEARING
TX_NPCI_118695,INDUS_ACC_20002,INDUS_ACC_20111,3059.87,2026-01-10 12:51:18,INTERBANK_SETTLEMENT,NEFT,NPCI Interbank (INDUS -> INDUS),IN,0,INTERBANK_CLEARING
TX_NPCI_118696,ICICI_ACC_20120,CANARA_ACC_20158,399.54,2026-01-10 10:58:12,INTERBANK_SETTLEMENT,IMPS,NPCI Interbank (ICICI -> CANARA),IN,0,INTERBANK_CLEARING
TX_NPCI_118697,CANARA_ACC_20149,HDFC_ACC_20069,1001.92,2026-01-10 13:40:33,INTERBANK_SETTLEMENT,IMPS,NPCI Interbank (CANARA -> HDFC),IN,0,INTERBANK_CLEARING
TX_NPCI_118698,PNB_ACC_20189,INDUS_ACC_20015,6046.93,2026-01-10 15:18:18,INTERBANK_SETTLEMENT,RTGS,NPCI Interbank (PNB -> INDUS),IN,0,INTERBANK_CLEARING
TX_NPCI_118699,BOB_ACC_20166,PNB_ACC_20183,54432.99,2026-01-10 12:36:15,INTERBANK_SETTLEMENT,RTGS,NPCI Interbank (BOB -> PNB),IN,0,INTERBANK_CLEARING
TX_NPCI_118700,BOB_ACC_20192,HDFC_ACC_20226,227.82,2026-01-10 14:14:08,INTERBANK_SETTLEMENT,UPI,NPCI Interbank (BOB -> HDFC),IN,0,INTERBANK_CLEARING
TX_NPCI_118701,ICICI_ACC_20170,YES_ACC_20015,1917.3,2026-01-10 11:31:41,INTERBANK_SETTLEMENT,IMPS,NPCI Interbank (ICICI -> YES),IN,0,INTERBANK_CLEARING
TX_NPCI_118702,SBI_ACC_20163,HDFC_ACC_20026,4002.75,2026-01-10 14:31:12,INTERBANK_SETTLEMENT,UPI,NPCI Interbank (SBI -> HDFC),IN,0,INTERBANK_CLEARING
TX_NPCI_118703,AXIS_ACC_20198,INDUS_ACC_20056,1165.24,2026-01-10 12:04:45,INTERBANK_SETTLEMENT,UPI,NPCI Interbank (AXIS -> INDUS),IN,0,INTERBANK_CLEARING
TX_NPCI_118704,HDFC_ACC_20003,INDUS_ACC_20006,6764.38,2026-01-10 15:53:40,INTERBANK_SETTLEMENT,UPI,NPCI Interbank (HDFC -> INDUS),IN,0,INTERBANK_CLEARING
TX_NPCI_118705,SBI_ACC_20089,SBI_ACC_20198,862.57,2026-01-10 11:16:12,INTERBANK_SETTLEMENT,UPI,NPCI Interbank (SBI -> SBI),IN,0,INTERBANK_CLEARING
TX_NPCI_118706,ICICI_ACC_20040,SBI_ACC_20051,2935.45,2026-01-10 14:49:10,INTERBANK_SETTLEMENT,UPI,NPCI Interbank (ICICI -> SBI),IN,0,INTERBANK_CLEARING
TX_NPCI_118707,SBI_ACC_20136,BOB_ACC_20244,1304.42,2026-01-10 12:05:45,INTERBANK_SETTLEMENT,UPI,NPCI Interbank (SBI -> BOB),IN,0,INTERBANK_CLEARING
TX_NPCI_118708,CANARA_ACC_20219,CANARA_ACC_20058,10544.05,2026-01-10 15:39:12,INTERBANK_SETTLEMENT,IMPS,NPCI Interbank (CANARA -> CANARA),IN,0,INTERBANK_CLEARING
TX_NPCI_118709,HDFC_ACC_20050,KOTAK_ACC_20176,1083.95,2026-01-10 09:54:55,INTERBANK_SETTLEMENT,UPI,NPCI Interbank (HDFC -> KOTAK),IN,0,INTERBANK_CLEARING
TX_NPCI_118710,INDUS_ACC_20065,YES_ACC_20233,1599.99,2026-01-10 13:45:06,INTERBANK_SETTLEMENT,UPI,NPCI Interbank (INDUS -> YES),IN,0,INTERBANK_CLEARING
TX_NPCI_118711,KOTAK_ACC_20237,HDFC_ACC_20038,7591.82,2026-01-10 11:33:51,INTERBANK_SETTLEMENT,IMPS,NPCI Interbank (KOTAK -> HDFC),IN,0,INTERBANK_CLEARING
TX_NPCI_118712,BOB_ACC_20013,HDFC_ACC_20097,710.77,2026-01-10 10:11:44,INTERBANK_SETTLEMENT,UPI,NPCI Interbank (BOB -> HDFC),IN,0,INTERBANK_CLEARING
TX_NPCI_118713,ICICI_ACC_20249,HDFC_ACC_20149,2650.49,2026-01-10 10:28:21,INTERBANK_SETTLEMENT,UPI,NPCI Interbank (ICICI -> HDFC),IN,0,INTERBANK_CLEARING
TX_NPCI_118714,ICICI_ACC_20050,INDUS_ACC_20038,273.95,2026-01-10 11:51:00,INTERBANK_SETTLEMENT,IMPS,NPCI Interbank (ICICI -> INDUS),IN,0,INTERBANK_CLEARING
TX_NPCI_118715,SBI_ACC_20005,AXIS_ACC_20040,661.48,2026-01-10 09:22:35,INTERBANK_SETTLEMENT,IMPS,NPCI Interbank (SBI -> AXIS),IN,0,INTERBANK_CLEARING
TX_NPCI_118716,HDFC_ACC_20090,PNB_ACC_20155,3860.52,2026-01-10 14:36:48,INTERBANK_SETTLEMENT,UPI,NPCI Interbank (HDFC -> PNB),IN,0,INTERBANK_CLEARING
TX_NPCI_118717,ICICI_ACC_20149,CANARA_ACC_20178,743.35,2026-01-10 11:51:42,INTERBANK_SETTLEMENT,UPI,NPCI Interbank (ICICI -> CANARA),IN,0,INTERBANK_CLEARING
TX_NPCI_118718,HDFC_ACC_20008,HDFC_ACC_20085,1269.67,2026-01-10 14:04:28,INTERBANK_SETTLEMENT,UPI,NPCI Interbank (HDFC -> HDFC),IN,0,INTERBANK_CLEARING
TX_NPCI_118719,YES_ACC_20021,SBI_ACC_20047,4410.33,2026-01-10 14:21:25,INTERBANK_SETTLEMENT,NEFT,NPCI Interbank (YES -> SBI),IN,0,INTERBANK_CLEARING
TX_NPCI_118720,KOTAK_ACC_20179,KOTAK_ACC_20228,1218.01,2026-01-10 15:11:36,INTERBANK_SETTLEMENT,NEFT,NPCI Interbank (KOTAK -> KOTAK),IN,0,INTERBANK_CLEARING
TX_NPCI_118721,INDUS_ACC_20081,SBI_ACC_20106,6551.25,2026-01-10 11:02:47,INTERBANK_SETTLEMENT,IMPS,NPCI Interbank (INDUS -> SBI),IN,0,INTERBANK_CLEARING
TX_NPCI_118722,AXIS_ACC_20152,ICICI_ACC_20031,3161.48,2026-01-10 13:32:40,INTERBANK_SETTLEMENT,IMPS,NPCI Interbank (AXIS -> ICICI),IN,0,INTERBANK_CLEARING
TX_NPCI_118723,HDFC_ACC_20047,ICICI_ACC_20013,4116.75,2026-01-10 13:16:21,INTERBANK_SETTLEMENT,UPI,NPCI Interbank (HDFC -> ICICI),IN,0,INTERBANK_CLEARING
TX_NPCI_118724,PNB_ACC_20000,PNB_ACC_20158,10820.08,2026-01-10 14:40:00,INTERBANK_SETTLEMENT,NEFT,NPCI Interbank (PNB -> PNB),IN,0,INTERBANK_CLEARING
TX_NPCI_118725,KOTAK_ACC_20183,AXIS_ACC_20130,3582.4,2026-01-10 11:03:31,INTERBANK_SETTLEMENT,NEFT,NPCI Interbank (KOTAK -> AXIS),IN,0,INTERBANK_CLEARING
TX_NPCI_118726,CANARA_ACC_20071,INDUS_ACC_20140,15469.36,2026-01-10 14:57:30,INTERBANK_SETTLEMENT,UPI,NPCI Interbank (CANARA -> INDUS),IN,0,INTERBANK_CLEARING
TX_NPCI_118727,AXIS_ACC_20104,SBI_ACC_20095,7284.58,2026-01-10 09:40:18,INTERBANK_SETTLEMENT,UPI,NPCI Interbank (AXIS -> SBI),IN,0,INTERBANK_CLEARING
TX_NPCI_118728,INDUS_ACC_20186,BOB_ACC_20006,1302.26,2026-01-10 16:22:00,INTERBANK_SETTLEMENT,UPI,NPCI Interbank (INDUS -> BOB),IN,0,INTERBANK_CLEARING
TX_NPCI_118729,BOB_ACC_20172,SBI_ACC_20123,11519.28,2026-01-10 15:49:00,INTERBANK_SETTLEMENT,UPI,NPCI Interbank (BOB -> SBI),IN,0,INTERBANK_CLEARING
TX_NPCI_118730,PNB_ACC_20115,INDUS_ACC_20098,3349.74,2026-01-10 12:11:30,INTERBANK_SETTLEMENT,NEFT,NPCI Interbank (PNB -> INDUS),IN,0,INTERBANK_CLEARING
TX_NPCI_118731,AXIS_ACC_20033,KOTAK_ACC_20059,1519.88,2026-01-10 09:57:29,INTERBANK_SETTLEMENT,UPI,NPCI Interbank (AXIS -> KOTAK),IN,0,INTERBANK_CLEARING
TX_NPCI_118732,KOTAK_ACC_20005,KOTAK_ACC_20177,3408.62,2026-01-10 11:04:48,INTERBANK_SETTLEMENT,UPI,NPCI Interbank (KOTAK -> KOTAK),IN,0,INTERBANK_CLEARING
TX_NPCI_118733,YES_ACC_20124,HDFC_ACC_20034,9272.35,2026-01-10 11:38:37,INTERBANK_SETTLEMENT,UPI,NPCI Interbank (YES -> HDFC),IN,0,INTERBANK_CLEARING
TX_NPCI_118734,SBI_ACC_20209,PNB_ACC_20049,4213.52,2026-01-10 15:51:20,INTERBANK_SETTLEMENT,UPI,NPCI Interbank (SBI -> PNB),IN,0,INTERBANK_CLEARING
TX_NPCI_118735,PNB_ACC_20074,KOTAK_ACC_20145,21739.18,2026-01-10 14:44:24,INTERBANK_SETTLEMENT,IMPS,NPCI Interbank (PNB -> KOTAK),IN,0,INTERBANK_CLEARING
TX_NPCI_118736,INDUS_ACC_20022,HDFC_ACC_20020,8989.72,2026-01-10 10:14:56,INTERBANK_SETTLEMENT,IMPS,NPCI Interbank (INDUS -> HDFC),IN,0,INTERBANK_CLEARING
TX_NPCI_118737,CANARA_ACC_20235,KOTAK_ACC_20216,4572.39,2026-01-10 10:31:57,INTERBANK_SETTLEMENT,UPI,NPCI Interbank (CANARA -> KOTAK),IN,0,INTERBANK_CLEARING
TX_NPCI_118738,INDUS_ACC_20101,HDFC_ACC_20211,712.46,2026-01-10 16:27:00,INTERBANK_SETTLEMENT,RTGS,NPCI Interbank (INDUS -> HDFC),IN,0,INTERBANK_CLEARING
TX_NPCI_118739,AXIS_ACC_20190,ICICI_ACC_20136,1967.11,2026-01-10 10:49:10,INTERBANK_SETTLEMENT,IMPS,NPCI Interbank (AXIS -> ICICI),IN,0,INTERBANK_CLEARING
TX_NPCI_118740,ICICI_ACC_20049,PNB_ACC_20119,2659.78,2026-01-10 13:04:48,INTERBANK_SETTLEMENT,UPI,NPCI Interbank (ICICI -> PNB),IN,0,INTERBANK_CLEARING
TX_NPCI_118741,ICICI_ACC_20171,YES_ACC_20153,5630.52,2026-01-10 13:39:00,INTERBANK_SETTLEMENT,UPI,NPCI Interbank (ICICI -> YES),IN,0,INTERBANK_CLEARING
TX_NPCI_118742,PNB_ACC_20002,PNB_ACC_20222,5243.79,2026-01-10 09:24:50,INTERBANK_SETTLEMENT,UPI,NPCI Interbank (PNB -> PNB),IN,0,INTERBANK_CLEARING
TX_NPCI_118743,KOTAK_ACC_20003,CANARA_ACC_20055,2991.26,2026-01-10 13:56:39,INTERBANK_SETTLEMENT,UPI,NPCI Interbank (KOTAK -> CANARA),IN,0,INTERBANK_CLEARING
TX_NPCI_118744,KOTAK_ACC_20055,INDUS_ACC_20014,2819.8,2026-01-10 11:41:00,INTERBANK_SETTLEMENT,UPI,NPCI Interbank (KOTAK -> INDUS),IN,0,INTERBANK_CLEARING
TX_NPCI_118745,KOTAK_ACC_20128,BOB_ACC_20214,5793.83,2026-01-10 13:23:19,INTERBANK_SETTLEMENT,NEFT,NPCI Interbank (KOTAK -> BOB),IN,0,INTERBANK_CLEARING
TX_NPCI_118746,ICICI_ACC_20243,SBI_ACC_20121,871.05,2026-01-10 15:05:50,INTERBANK_SETTLEMENT,IMPS,NPCI Interbank (ICICI -> SBI),IN,0,INTERBANK_CLEARING
TX_NPCI_118747,INDUS_ACC_20037,CANARA_ACC_20119,18668.99,2026-01-10 16:14:27,INTERBANK_SETTLEMENT,UPI,NPCI Interbank (INDUS -> CANARA),IN,0,INTERBANK_CLEARING
TX_NPCI_118748,CANARA_ACC_20213,CANARA_ACC_20000,209.22,2026-01-10 13:58:24,INTERBANK_SETTLEMENT,IMPS,NPCI Interbank (CANARA -> CANARA),IN,0,INTERBANK_CLEARING
TX_NPCI_118749,HDFC_ACC_20225,ICICI_ACC_20159,13995.5,2026-01-10 16:15:25,INTERBANK_SETTLEMENT,UPI,NPCI Interbank (HDFC -> ICICI),IN,0,INTERBANK_CLEARING
TX_NPCI_118750,PNB_ACC_20155,HDFC_ACC_20013,2311.79,2026-01-10 14:33:18,INTERBANK_SETTLEMENT,NEFT,NPCI Interbank (PNB -> HDFC),IN,0,INTERBANK_CLEARING
TX_NPCI_118751,ICICI_ACC_20077,BOB_ACC_20036,8128.21,2026-01-10 13:08:06,INTERBANK_SETTLEMENT,IMPS,NPCI Interbank (ICICI -> BOB),IN,0,INTERBANK_CLEARING
TX_NPCI_118752,PNB_ACC_20209,ICICI_ACC_20051,3776.71,2026-01-10 09:25:40,INTERBANK_SETTLEMENT,NEFT,NPCI Interbank (PNB -> ICICI),IN,0,INTERBANK_CLEARING
TX_NPCI_118753,INDUS_ACC_20227,PNB_ACC_20217,3696.87,2026-01-10 09:42:54,INTERBANK_SETTLEMENT,NEFT,NPCI Interbank (INDUS -> PNB),IN,0,INTERBANK_CLEARING
TX_NPCI_118754,ICICI_ACC_20183,CANARA_ACC_20053,4746.23,2026-01-10 10:17:20,INTERBANK_SETTLEMENT,UPI,NPCI Interbank (ICICI -> CANARA),IN,0,INTERBANK_CLEARING
TX_NPCI_118755,KOTAK_ACC_20238,CANARA_ACC_20198,6443.74,2026-01-10 11:09:01,INTERBANK_SETTLEMENT,UPI,NPCI Interbank (KOTAK -> CANARA),IN,0,INTERBANK_CLEARING
TX_NPCI_118756,SBI_ACC_20111,HDFC_ACC_20204,1644.85,2026-01-10 14:18:24,INTERBANK_SETTLEMENT,UPI,NPCI Interbank (SBI -> HDFC),IN,0,INTERBANK_CLEARING
TX_NPCI_118757,KOTAK_ACC_20066,BOB_ACC_20183,8448.62,2026-01-10 09:43:18,INTERBANK_SETTLEMENT,UPI,NPCI Interbank (KOTAK -> BOB),IN,0,INTERBANK_CLEARING
TX_NPCI_118758,ICICI_ACC_20086,HDFC_ACC_20067,664.23,2026-01-10 16:37:00,INTERBANK_SETTLEMENT,UPI,NPCI Interbank (ICICI -> HDFC),IN,0,INTERBANK_CLEARING
TX_NPCI_118759,CANARA_ACC_20143,ICICI_ACC_20200,2425.04,2026-01-10 16:03:00,INTERBANK_SETTLEMENT,UPI,NPCI Interbank (CANARA -> ICICI),IN,0,INTERBANK_CLEARING
TX_NPCI_118760,CANARA_ACC_20117,SBI_ACC_20201,6655.27,2026-01-10 14:37:08,INTERBANK_SETTLEMENT,UPI,NPCI Interbank (CANARA -> SBI),IN,0,INTERBANK_CLEARING
TX_NPCI_118761,BOB_ACC_20109,ICICI_ACC_20040,8054.78,2026-01-10 12:53:49,INTERBANK_SETTLEMENT,UPI,NPCI Interbank (BOB -> ICICI),IN,0,INTERBANK_CLEARING
TX_NPCI_118762,CANARA_ACC_20239,KOTAK_ACC_20163,4242.66,2026-01-10 12:36:48,INTERBANK_SETTLEMENT,IMPS,NPCI Interbank (CANARA -> KOTAK),IN,0,INTERBANK_CLEARING
TX_NPCI_118763,YES_ACC_20221,ICICI_ACC_20109,1522.23,2026-01-10 09:26:35,INTERBANK_SETTLEMENT,UPI,NPCI Interbank (YES -> ICICI),IN,0,INTERBANK_CLEARING
TX_NPCI_118764,BOB_ACC_20014,BOB_ACC_20090,7158.45,2026-01-10 14:56:00,INTERBANK_SETTLEMENT,UPI,NPCI Interbank (BOB -> BOB),IN,0,INTERBANK_CLEARING
TX_NPCI_118765,SBI_ACC_20056,KOTAK_ACC_20197,1093.09,2026-01-10 11:28:12,INTERBANK_SETTLEMENT,UPI,NPCI Interbank (SBI -> KOTAK),IN,0,INTERBANK_CLEARING
TX_NPCI_118766,BOB_ACC_20014,YES_ACC_20100,19964.1,2026-01-10 10:01:34,INTERBANK_SETTLEMENT,UPI,NPCI Interbank (BOB -> YES),IN,0,INTERBANK_CLEARING
TX_NPCI_118767,BOB_ACC_20012,PNB_ACC_20122,2204.81,2026-01-10 11:28:36,INTERBANK_SETTLEMENT,IMPS,NPCI Interbank (BOB -> PNB),IN,0,INTERBANK_CLEARING
TX_NPCI_118768,SBI_ACC_20073,BOB_ACC_20015,384.69,2026-01-10 09:27:00,INTERBANK_SETTLEMENT,UPI,NPCI Interbank (SBI -> BOB),IN,0,INTERBANK_CLEARING
TX_NPCI_118769,AXIS_ACC_20124,AXIS_ACC_20055,581.95,2026-01-10 13:30:55,INTERBANK_SETTLEMENT,UPI,NPCI Interbank (AXIS -> AXIS),IN,0,INTERBANK_CLEARING
TX_NPCI_118770,HDFC_ACC_20001,SBI_ACC_20230,2571.83,2026-01-10 12:21:30,INTERBANK_SETTLEMENT,IMPS,NPCI Interbank (HDFC -> SBI),IN,0,INTERBANK_CLEARING
TX_NPCI_118771,AXIS_ACC_20133,AXIS_ACC_20106,2886.47,2026-01-10 14:41:21,INTERBANK_SETTLEMENT,RTGS,NPCI Interbank (AXIS -> AXIS),IN,0,INTERBANK_CLEARING
TX_NPCI_118772,CANARA_ACC_20134,AXIS_ACC_20175,25941.21,2026-01-10 15:51:36,INTERBANK_SETTLEMENT,IMPS,NPCI Interbank (CANARA -> AXIS),IN,0,INTERBANK_CLEARING
TX_NPCI_118773,BOB_ACC_20176,HDFC_ACC_20098,701.91,2026-01-10 12:22:15,INTERBANK_SETTLEMENT,NEFT,NPCI Interbank (BOB -> HDFC),IN,0,INTERBANK_CLEARING
TX_NPCI_118774,AXIS_ACC_20184,INDUS_ACC_20182,2558.96,2026-01-10 15:00:00,INTERBANK_SETTLEMENT,UPI,NPCI Interbank (AXIS -> INDUS),IN,0,INTERBANK_CLEARING
TX_NPCI_118775,AXIS_ACC_20140,BOB_ACC_20147,684.5,2026-01-10 12:57:47,INTERBANK_SETTLEMENT,UPI,NPCI Interbank (AXIS -> BOB),IN,0,INTERBANK_CLEARING
TX_NPCI_118776,SBI_ACC_20179,BOB_ACC_20000,1351.29,2026-01-10 09:45:12,INTERBANK_SETTLEMENT,UPI,NPCI Interbank (SBI -> BOB),IN,0,INTERBANK_CLEARING
TX_NPCI_118777,AXIS_ACC_20132,ICICI_ACC_20151,18412.16,2026-01-10 13:51:00,INTERBANK_SETTLEMENT,IMPS,NPCI Interbank (AXIS -> ICICI),IN,0,INTERBANK_CLEARING
TX_NPCI_118778,PNB_ACC_20233,HDFC_ACC_20016,624.15,2026-01-10 16:29:26,INTERBANK_SETTLEMENT,UPI,NPCI Interbank (PNB -> HDFC),IN,0,INTERBANK_CLEARING
TX_NPCI_118779,YES_ACC_20215,AXIS_ACC_20134,4936.69,2026-01-10 15:02:00,INTERBANK_SETTLEMENT,UPI,NPCI Interbank (YES -> AXIS),IN,0,INTERBANK_CLEARING
TX_NPCI_118780,SBI_ACC_20022,YES_ACC_20116,3910.77,2026-01-10 12:59:12,INTERBANK_SETTLEMENT,IMPS,NPCI Interbank (SBI -> YES),IN,0,INTERBANK_CLEARING
TX_NPCI_118781,YES_ACC_20198,PNB_ACC_20200,2370.83,2026-01-10 16:30:53,INTERBANK_SETTLEMENT,UPI,NPCI Interbank (YES -> PNB),IN,0,INTERBANK_CLEARING
TX_NPCI_118782,YES_ACC_20101,PNB_ACC_20128,4552.01,2026-01-10 09:28:10,INTERBANK_SETTLEMENT,NEFT,NPCI Interbank (YES -> PNB),IN,0,INTERBANK_CLEARING
TX_NPCI_118783,INDUS_ACC_20199,CANARA_ACC_20125,606.66,2026-01-10 15:38:54,INTERBANK_SETTLEMENT,UPI,NPCI Interbank (INDUS -> CANARA),IN,0,INTERBANK_CLEARING
TX_NPCI_118784,BOB_ACC_20014,SBI_ACC_20022,17811.28,2026-01-10 13:53:20,INTERBANK_SETTLEMENT,IMPS,NPCI Interbank (BOB -> SBI),IN,0,INTERBANK_CLEARING
TX_NPCI_118785,AXIS_ACC_20136,CANARA_ACC_20092,24583.1,2026-01-10 16:50:30,INTERBANK_SETTLEMENT,IMPS,NPCI Interbank (AXIS -> CANARA),IN,0,INTERBANK_CLEARING
TX_NPCI_118786,YES_ACC_20018,CANARA_ACC_20148,2582.53,2026-01-10 14:47:06,INTERBANK_SETTLEMENT,UPI,NPCI Interbank (YES -> CANARA),IN,0,INTERBANK_CLEARING
TX_NPCI_118787,AXIS_ACC_20030,BOB_ACC_20248,44699.94,2026-01-10 10:04:01,INTERBANK_SETTLEMENT,UPI,NPCI Interbank (AXIS -> BOB),IN,0,INTERBANK_CLEARING
TX_NPCI_118788,SBI_ACC_20075,PNB_ACC_20099,1511.97,2026-01-10 13:54:40,INTERBANK_SETTLEMENT,UPI,NPCI Interbank (SBI -> PNB),IN,0,INTERBANK_CLEARING
TX_NPCI_118789,BOB_ACC_20208,INDUS_ACC_20066,3946.24,2026-01-10 13:01:45,INTERBANK_SETTLEMENT,UPI,NPCI Interbank (BOB -> INDUS),IN,0,INTERBANK_CLEARING
TX_NPCI_118790,YES_ACC_20171,BOB_ACC_20144,13606.01,2026-01-10 15:41:56,INTERBANK_SETTLEMENT,NEFT,NPCI Interbank (YES -> BOB),IN,0,INTERBANK_CLEARING
TX_NPCI_118791,CANARA_ACC_20152,BOB_ACC_20068,1406.97,2026-01-10 11:15:37,INTERBANK_SETTLEMENT,UPI,NPCI Interbank (CANARA -> BOB),IN,0,INTERBANK_CLEARING
TX_NPCI_118792,HDFC_ACC_20187,AXIS_ACC_20095,465.05,2026-01-10 14:13:48,INTERBANK_SETTLEMENT,IMPS,NPCI Interbank (HDFC -> AXIS),IN,0,INTERBANK_CLEARING
TX_NPCI_118793,BOB_ACC_20210,PNB_ACC_20071,352.81,2026-01-10 10:40:21,INTERBANK_SETTLEMENT,IMPS,NPCI Interbank (BOB -> PNB),IN,0,INTERBANK_CLEARING
TX_NPCI_118794,SBI_ACC_20074,SBI_ACC_20084,28940.34,2026-01-10 15:25:50,INTERBANK_SETTLEMENT,UPI,NPCI Interbank (SBI -> SBI),IN,0,INTERBANK_CLEARING
TX_NPCI_118795,SBI_ACC_20027,KOTAK_ACC_20073,1293.58,2026-01-10 11:34:12,INTERBANK_SETTLEMENT,UPI,NPCI Interbank (SBI -> KOTAK),IN,0,INTERBANK_CLEARING
TX_NPCI_118796,AXIS_ACC_20107,HDFC_ACC_20191,1952.99,2026-01-10 16:20:16,INTERBANK_SETTLEMENT,IMPS,NPCI Interbank (AXIS -> HDFC),IN,0,INTERBANK_CLEARING
TX_NPCI_118797,PNB_ACC_20151,HDFC_ACC_20225,642.06,2026-01-10 13:21:54,INTERBANK_SETTLEMENT,UPI,NPCI Interbank (PNB -> HDFC),IN,0,INTERBANK_CLEARING
TX_NPCI_118798,BOB_ACC_20101,KOTAK_ACC_20169,7616.0,2026-01-10 14:51:42,INTERBANK_SETTLEMENT,UPI,NPCI Interbank (BOB -> KOTAK),IN,0,INTERBANK_CLEARING
TX_NPCI_118799,KOTAK_ACC_20138,SBI_ACC_20211,955.4,2026-01-10 16:21:40,INTERBANK_SETTLEMENT,UPI,NPCI Interbank (KOTAK -> SBI),IN,0,INTERBANK_CLEARING
TX_NPCI_118800,INDUS_ACC_20212,CANARA_ACC_20211,1353.55,2026-01-10 10:05:32,INTERBANK_SETTLEMENT,UPI,NPCI Interbank (INDUS -> CANARA),IN,0,INTERBANK_CLEARING
TX_NPCI_118801,AXIS_ACC_20040,AXIS_ACC_20031,3496.17,2026-01-10 14:34:54,INTERBANK_SETTLEMENT,UPI,NPCI Interbank (AXIS -> AXIS),IN,0,INTERBANK_CLEARING
TX_NPCI_118802,SBI_ACC_20138,AXIS_ACC_20086,680.72,2026-01-10 09:29:50,INTERBANK_SETTLEMENT,IMPS,NPCI Interbank (SBI -> AXIS),IN,0,INTERBANK_CLEARING
TX_NPCI_118803,BOB_ACC_20144,KOTAK_ACC_20030,1969.83,2026-01-10 14:17:39,INTERBANK_SETTLEMENT,UPI,NPCI Interbank (BOB -> KOTAK),IN,0,INTERBANK_CLEARING
TX_NPCI_118804,PNB_ACC_20044,HDFC_ACC_20026,13129.95,2026-01-10 12:30:00,INTERBANK_SETTLEMENT,UPI,NPCI Interbank (PNB -> HDFC),IN,0,INTERBANK_CLEARING
TX_NPCI_118805,CANARA_ACC_20036,AXIS_ACC_20054,4080.22,2026-01-10 14:54:23,INTERBANK_SETTLEMENT,UPI,NPCI Interbank (CANARA -> AXIS),IN,0,INTERBANK_CLEARING
TX_NPCI_118806,SBI_ACC_20162,CANARA_ACC_20118,2854.5,2026-01-10 16:06:54,INTERBANK_SETTLEMENT,UPI,NPCI Interbank (SBI -> CANARA),IN,0,INTERBANK_CLEARING
TX_NPCI_118807,INDUS_ACC_20123,SBI_ACC_20110,3158.45,2026-01-10 10:42:27,INTERBANK_SETTLEMENT,NEFT,NPCI Interbank (INDUS -> SBI),IN,0,INTERBANK_CLEARING
TX_NPCI_118808,ICICI_ACC_20012,KOTAK_ACC_20079,1530.02,2026-01-10 10:06:28,INTERBANK_SETTLEMENT,UPI,NPCI Interbank (ICICI -> KOTAK),IN,0,INTERBANK_CLEARING
TX_NPCI_118809,HDFC_ACC_20175,PNB_ACC_20034,26779.25,2026-01-10 11:55:05,INTERBANK_SETTLEMENT,UPI,NPCI Interbank (HDFC -> PNB),IN,0,INTERBANK_CLEARING
TX_NPCI_118810,SBI_ACC_20173,YES_ACC_20226,920.96,2026-01-10 16:26:48,INTERBANK_SETTLEMENT,UPI,NPCI Interbank (SBI -> YES),IN,0,INTERBANK_CLEARING
TX_NPCI_118811,BOB_ACC_20075,BOB_ACC_20146,3143.56,2026-01-10 15:14:48,INTERBANK_SETTLEMENT,IMPS,NPCI Interbank (BOB -> BOB),IN,0,INTERBANK_CLEARING
TX_NPCI_118812,BOB_ACC_20161,KOTAK_ACC_20014,2801.84,2026-01-10 16:09:36,INTERBANK_SETTLEMENT,NEFT,NPCI Interbank (BOB -> KOTAK),IN,0,INTERBANK_CLEARING
TX_NPCI_118813,HDFC_ACC_20133,CANARA_ACC_20147,8188.74,2026-01-10 17:04:30,INTERBANK_SETTLEMENT,IMPS,NPCI Interbank (HDFC -> CANARA),IN,0,INTERBANK_CLEARING
TX_NPCI_118814,INDUS_ACC_20234,INDUS_ACC_20196,9171.07,2026-01-10 11:01:40,INTERBANK_SETTLEMENT,UPI,NPCI Interbank (INDUS -> INDUS),IN,0,INTERBANK_CLEARING
TX_NPCI_118815,BOB_ACC_20180,AXIS_ACC_20249,2348.61,2026-01-10 17:05:30,INTERBANK_SETTLEMENT,IMPS,NPCI Interbank (BOB -> AXIS),IN,0,INTERBANK_CLEARING
TX_NPCI_118816,INDUS_ACC_20129,YES_ACC_20167,3459.22,2026-01-10 15:35:00,INTERBANK_SETTLEMENT,UPI,NPCI Interbank (INDUS -> YES),IN,0,INTERBANK_CLEARING
TX_NPCI_118817,PNB_ACC_20009,INDUS_ACC_20007,3620.04,2026-01-10 13:27:54,INTERBANK_SETTLEMENT,RTGS,NPCI Interbank (PNB -> INDUS),IN,0,INTERBANK_CLEARING
TX_NPCI_118818,ICICI_ACC_20193,ICICI_ACC_20180,159.72,2026-01-10 17:07:00,INTERBANK_SETTLEMENT,UPI,NPCI Interbank (ICICI -> ICICI),IN,0,INTERBANK_CLEARING
TX_NPCI_118819,SBI_ACC_20228,AXIS_ACC_20244,362.57,2026-01-10 14:05:00,INTERBANK_SETTLEMENT,UPI,NPCI Interbank (SBI -> AXIS),IN,0,INTERBANK_CLEARING
TX_NPCI_118820,PNB_ACC_20030,PNB_ACC_20121,1180.77,2026-01-10 11:20:56,INTERBANK_SETTLEMENT,UPI,NPCI Interbank (PNB -> PNB),IN,0,INTERBANK_CLEARING
TX_NPCI_118821,SBI_ACC_20176,YES_ACC_20133,1243.99,2026-01-10 13:10:49,INTERBANK_SETTLEMENT,UPI,NPCI Interbank (SBI -> YES),IN,0,INTERBANK_CLEARING
TX_NPCI_118822,INDUS_ACC_20062,YES_ACC_20227,578.74,2026-01-10 14:06:00,INTERBANK_SETTLEMENT,UPI,NPCI Interbank (INDUS -> YES),IN,0,INTERBANK_CLEARING
TX_NPCI_118823,CANARA_ACC_20153,BOB_ACC_20091,5999.91,2026-01-10 13:29:42,INTERBANK_SETTLEMENT,UPI,NPCI Interbank (CANARA -> BOB),IN,0,INTERBANK_CLEARING
TX_NPCI_118824,SBI_ACC_20078,BOB_ACC_20096,2446.81,2026-01-10 11:03:20,INTERBANK_SETTLEMENT,NEFT,NPCI Interbank (SBI -> BOB),IN,0,INTERBANK_CLEARING
TX_NPCI_118825,AXIS_ACC_20119,KOTAK_ACC_20065,1886.29,2026-01-10 16:15:27,INTERBANK_SETTLEMENT,UPI,NPCI Interbank (AXIS -> KOTAK),IN,0,INTERBANK_CLEARING
TX_NPCI_118826,PNB_ACC_20109,KOTAK_ACC_20223,540.56,2026-01-10 10:26:56,INTERBANK_SETTLEMENT,IMPS,NPCI Interbank (PNB -> KOTAK),IN,0,INTERBANK_CLEARING
TX_NPCI_118827,AXIS_ACC_20238,KOTAK_ACC_20183,2313.57,2026-01-10 11:22:13,INTERBANK_SETTLEMENT,IMPS,NPCI Interbank (AXIS -> KOTAK),IN,0,INTERBANK_CLEARING
TX_NPCI_118828,BOB_ACC_20141,SBI_ACC_20007,104.37,2026-01-10 10:27:12,INTERBANK_SETTLEMENT,UPI,NPCI Interbank (BOB -> SBI),IN,0,INTERBANK_CLEARING
TX_NPCI_118829,BOB_ACC_20212,HDFC_ACC_20147,2007.11,2026-01-10 11:04:10,INTERBANK_SETTLEMENT,UPI,NPCI Interbank (BOB -> HDFC),IN,0,INTERBANK_CLEARING
TX_NPCI_118830,ICICI_ACC_20066,SBI_ACC_20128,2632.85,2026-01-10 11:59:38,INTERBANK_SETTLEMENT,NEFT,NPCI Interbank (ICICI -> SBI),IN,0,INTERBANK_CLEARING
TX_NPCI_118831,HDFC_ACC_20117,PNB_ACC_20042,3262.66,2026-01-10 09:50:42,INTERBANK_SETTLEMENT,UPI,NPCI Interbank (HDFC -> PNB),IN,0,INTERBANK_CLEARING
TX_NPCI_118832,PNB_ACC_20043,INDUS_ACC_20116,373.56,2026-01-10 09:50:48,INTERBANK_SETTLEMENT,UPI,NPCI Interbank (PNB -> INDUS),IN,0,INTERBANK_CLEARING
TX_NPCI_118833,BOB_ACC_20161,ICICI_ACC_20140,3196.4,2026-01-10 10:09:23,INTERBANK_SETTLEMENT,IMPS,NPCI Interbank (BOB -> ICICI),IN,0,INTERBANK_CLEARING
TX_NPCI_118834,YES_ACC_20167,PNB_ACC_20013,699.44,2026-01-10 09:32:30,INTERBANK_SETTLEMENT,RTGS,NPCI Interbank (YES -> PNB),IN,0,INTERBANK_CLEARING
TX_NPCI_118835,INDUS_ACC_20060,YES_ACC_20228,920.61,2026-01-10 15:05:53,INTERBANK_SETTLEMENT,UPI,NPCI Interbank (INDUS -> YES),IN,0,INTERBANK_CLEARING
TX_NPCI_118836,CANARA_ACC_20241,CANARA_ACC_20134,5776.29,2026-01-10 11:23:52,INTERBANK_SETTLEMENT,RTGS,NPCI Interbank (CANARA -> CANARA),IN,0,INTERBANK_CLEARING
TX_NPCI_118837,INDUS_ACC_20237,BOB_ACC_20060,27362.71,2026-01-10 09:32:45,INTERBANK_SETTLEMENT,IMPS,NPCI Interbank (INDUS -> BOB),IN,0,INTERBANK_CLEARING
TX_NPCI_118838,AXIS_ACC_20129,CANARA_ACC_20123,2595.75,2026-01-10 16:58:26,INTERBANK_SETTLEMENT,UPI,NPCI Interbank (AXIS -> CANARA),IN,0,INTERBANK_CLEARING
TX_NPCI_118839,BOB_ACC_20175,BOB_ACC_20247,915.51,2026-01-10 14:30:15,INTERBANK_SETTLEMENT,IMPS,NPCI Interbank (BOB -> BOB),IN,0,INTERBANK_CLEARING
TX_NPCI_118840,ICICI_ACC_20248,AXIS_ACC_20086,3060.72,2026-01-10 13:53:24,INTERBANK_SETTLEMENT,NEFT,NPCI Interbank (ICICI -> AXIS),IN,0,INTERBANK_CLEARING
TX_NPCI_118841,CANARA_ACC_20228,CANARA_ACC_20219,7531.39,2026-01-10 11:06:10,INTERBANK_SETTLEMENT,UPI,NPCI Interbank (CANARA -> CANARA),IN,0,INTERBANK_CLEARING
TX_NPCI_118842,AXIS_ACC_20155,INDUS_ACC_20043,5142.0,2026-01-10 10:29:04,INTERBANK_SETTLEMENT,UPI,NPCI Interbank (AXIS -> INDUS),IN,0,INTERBANK_CLEARING
TX_NPCI_118843,YES_ACC_20006,HDFC_ACC_20006,65626.54,2026-01-10 14:31:39,INTERBANK_SETTLEMENT,RTGS,NPCI Interbank (YES -> HDFC),IN,0,INTERBANK_CLEARING
TX_NPCI_118844,AXIS_ACC_20219,BOB_ACC_20115,1034.42,2026-01-10 11:06:40,INTERBANK_SETTLEMENT,IMPS,NPCI Interbank (AXIS -> BOB),IN,0,INTERBANK_CLEARING
TX_NPCI_118845,KOTAK_ACC_20074,AXIS_ACC_20090,3303.3,2026-01-10 09:33:25,INTERBANK_SETTLEMENT,UPI,NPCI Interbank (KOTAK -> AXIS),IN,0,INTERBANK_CLEARING
TX_NPCI_118846,PNB_ACC_20135,HDFC_ACC_20131,15657.44,2026-01-10 17:21:00,INTERBANK_SETTLEMENT,UPI,NPCI Interbank (PNB -> HDFC),IN,0,INTERBANK_CLEARING
TX_NPCI_118847,AXIS_ACC_20249,ICICI_ACC_20156,14521.58,2026-01-10 14:33:03,INTERBANK_SETTLEMENT,UPI,NPCI Interbank (AXIS -> ICICI),IN,0,INTERBANK_CLEARING
TX_NPCI_118848,HDFC_ACC_20082,SBI_ACC_20067,235.08,2026-01-10 13:55:56,INTERBANK_SETTLEMENT,UPI,NPCI Interbank (HDFC -> SBI),IN,0,INTERBANK_CLEARING
TX_NPCI_118849,BOB_ACC_20029,CANARA_ACC_20019,2430.79,2026-01-10 16:26:15,INTERBANK_SETTLEMENT,NEFT,NPCI Interbank (BOB -> CANARA),IN,0,INTERBANK_CLEARING
TX_NPCI_118850,CANARA_ACC_20023,SBI_ACC_20104,14493.06,2026-01-10 17:04:14,INTERBANK_SETTLEMENT,IMPS,NPCI Interbank (CANARA -> SBI),IN,0,INTERBANK_CLEARING
TX_NPCI_118851,SBI_ACC_20249,CANARA_ACC_20224,78336.71,2026-01-10 13:38:06,INTERBANK_SETTLEMENT,UPI,NPCI Interbank (SBI -> CANARA),IN,0,INTERBANK_CLEARING
TX_NPCI_118852,BOB_ACC_20039,HDFC_ACC_20130,5679.14,2026-01-10 15:50:00,INTERBANK_SETTLEMENT,IMPS,NPCI Interbank (BOB -> HDFC),IN,0,INTERBANK_CLEARING
TX_NPCI_118853,KOTAK_ACC_20060,YES_ACC_20141,1569.58,2026-01-10 10:30:32,INTERBANK_SETTLEMENT,UPI,NPCI Interbank (KOTAK -> YES),IN,0,INTERBANK_CLEARING
TX_NPCI_118854,KOTAK_ACC_20023,SBI_ACC_20086,727.02,2026-01-10 16:09:40,INTERBANK_SETTLEMENT,UPI,NPCI Interbank (KOTAK -> SBI),IN,0,INTERBANK_CLEARING
TX_NPCI_118855,KOTAK_ACC_20234,SBI_ACC_20196,34978.61,2026-01-10 15:51:15,INTERBANK_SETTLEMENT,NEFT,NPCI Interbank (KOTAK -> SBI),IN,0,INTERBANK_CLEARING
TX_NPCI_118856,AXIS_ACC_20108,PNB_ACC_20214,5851.71,2026-01-10 11:27:32,INTERBANK_SETTLEMENT,IMPS,NPCI Interbank (AXIS -> PNB),IN,0,INTERBANK_CLEARING
TX_NPCI_118857,SBI_ACC_20117,SBI_ACC_20010,882.11,2026-01-10 15:14:19,INTERBANK_SETTLEMENT,NEFT,NPCI Interbank (SBI -> SBI),IN,0,INTERBANK_CLEARING
TX_NPCI_118858,PNB_ACC_20109,AXIS_ACC_20224,1912.59,2026-01-10 12:43:30,INTERBANK_SETTLEMENT,UPI,NPCI Interbank (PNB -> AXIS),IN,0,INTERBANK_CLEARING
TX_NPCI_118859,YES_ACC_20141,YES_ACC_20107,3541.21,2026-01-10 10:50:15,INTERBANK_SETTLEMENT,RTGS,NPCI Interbank (YES -> YES),IN,0,INTERBANK_CLEARING
TX_NPCI_118860,CANARA_ACC_20050,INDUS_ACC_20015,4687.09,2026-01-10 15:15:28,INTERBANK_SETTLEMENT,UPI,NPCI Interbank (CANARA -> INDUS),IN,0,INTERBANK_CLEARING
TX_NPCI_118861,YES_ACC_20103,YES_ACC_20013,829.2,2026-01-10 10:31:36,INTERBANK_SETTLEMENT,UPI,NPCI Interbank (YES -> YES),IN,0,INTERBANK_CLEARING
TX_NPCI_118862,KOTAK_ACC_20183,BOB_ACC_20233,1167.91,2026-01-10 15:35:12,INTERBANK_SETTLEMENT,UPI,NPCI Interbank (KOTAK -> BOB),IN,0,INTERBANK_CLEARING
TX_NPCI_118863,KOTAK_ACC_20153,PNB_ACC_20095,335.79,2026-01-10 14:19:40,INTERBANK_SETTLEMENT,UPI,NPCI Interbank (KOTAK -> PNB),IN,0,INTERBANK_CLEARING
TX_NPCI_118864,INDUS_ACC_20140,BOB_ACC_20042,8499.09,2026-01-10 17:11:00,INTERBANK_SETTLEMENT,NEFT,NPCI Interbank (INDUS -> BOB),IN,0,INTERBANK_CLEARING
TX_NPCI_118865,SBI_ACC_20143,INDUS_ACC_20210,1619.8,2026-01-10 13:23:17,INTERBANK_SETTLEMENT,IMPS,NPCI Interbank (SBI -> INDUS),IN,0,INTERBANK_CLEARING
TX_NPCI_118866,SBI_ACC_20157,KOTAK_ACC_20161,4270.93,2026-01-10 17:11:58,INTERBANK_SETTLEMENT,UPI,NPCI Interbank (SBI -> KOTAK),IN,0,INTERBANK_CLEARING
TX_NPCI_118867,CANARA_ACC_20233,CANARA_ACC_20055,13449.67,2026-01-10 13:04:48,INTERBANK_SETTLEMENT,IMPS,NPCI Interbank (CANARA -> CANARA),IN,0,INTERBANK_CLEARING
TX_NPCI_118868,AXIS_ACC_20006,AXIS_ACC_20244,3177.48,2026-01-10 09:54:24,INTERBANK_SETTLEMENT,UPI,NPCI Interbank (AXIS -> AXIS),IN,0,INTERBANK_CLEARING
TX_NPCI_118869,YES_ACC_20008,INDUS_ACC_20046,2131.19,2026-01-10 11:29:55,INTERBANK_SETTLEMENT,UPI,NPCI Interbank (YES -> INDUS),IN,0,INTERBANK_CLEARING
TX_NPCI_118870,PNB_ACC_20142,PNB_ACC_20223,3080.06,2026-01-10 14:41:06,INTERBANK_SETTLEMENT,UPI,NPCI Interbank (PNB -> PNB),IN,0,INTERBANK_CLEARING
TX_NPCI_118871,YES_ACC_20107,HDFC_ACC_20132,2632.88,2026-01-10 12:08:31,INTERBANK_SETTLEMENT,UPI,NPCI Interbank (YES -> HDFC),IN,0,INTERBANK_CLEARING
TX_NPCI_118872,BOB_ACC_20019,YES_ACC_20240,10887.8,2026-01-10 15:58:20,INTERBANK_SETTLEMENT,UPI,NPCI Interbank (BOB -> YES),IN,0,INTERBANK_CLEARING
TX_NPCI_118873,AXIS_ACC_20240,INDUS_ACC_20218,3543.98,2026-01-10 14:03:51,INTERBANK_SETTLEMENT,UPI,NPCI Interbank (AXIS -> INDUS),IN,0,INTERBANK_CLEARING
TX_NPCI_118874,AXIS_ACC_20172,HDFC_ACC_20030,1269.93,2026-01-10 10:52:30,INTERBANK_SETTLEMENT,UPI,NPCI Interbank (AXIS -> HDFC),IN,0,INTERBANK_CLEARING
TX_NPCI_118875,SBI_ACC_20090,BOB_ACC_20213,8581.97,2026-01-10 16:37:57,INTERBANK_SETTLEMENT,UPI,NPCI Interbank (SBI -> BOB),IN,0,INTERBANK_CLEARING
TX_NPCI_118876,YES_ACC_20063,PNB_ACC_20007,10684.84,2026-01-10 15:21:36,INTERBANK_SETTLEMENT,IMPS,NPCI Interbank (YES -> PNB),IN,0,INTERBANK_CLEARING
TX_NPCI_118877,ICICI_ACC_20057,SBI_ACC_20005,489.8,2026-01-10 10:33:44,INTERBANK_SETTLEMENT,NEFT,NPCI Interbank (ICICI -> SBI),IN,0,INTERBANK_CLEARING
TX_NPCI_118878,HDFC_ACC_20073,INDUS_ACC_20128,15357.21,2026-01-10 15:03:08,INTERBANK_SETTLEMENT,UPI,NPCI Interbank (HDFC -> INDUS),IN,0,INTERBANK_CLEARING
TX_NPCI_118879,HDFC_ACC_20005,SBI_ACC_20034,3780.66,2026-01-10 10:34:00,INTERBANK_SETTLEMENT,IMPS,NPCI Interbank (HDFC -> SBI),IN,0,INTERBANK_CLEARING
TX_NPCI_118880,YES_ACC_20205,ICICI_ACC_20227,3428.66,2026-01-10 17:18:44,INTERBANK_SETTLEMENT,RTGS,NPCI Interbank (YES -> ICICI),IN,0,INTERBANK_CLEARING
TX_NPCI_118881,YES_ACC_20044,YES_ACC_20110,8167.76,2026-01-10 12:49:15,INTERBANK_SETTLEMENT,RTGS,NPCI Interbank (YES -> YES),IN,0,INTERBANK_CLEARING
TX_NPCI_118882,BOB_ACC_20079,PNB_ACC_20199,1235.99,2026-01-10 10:15:06,INTERBANK_SETTLEMENT,UPI,NPCI Interbank (BOB -> PNB),IN,0,INTERBANK_CLEARING
TX_NPCI_118883,INDUS_ACC_20247,HDFC_ACC_20127,7669.43,2026-01-10 11:51:48,INTERBANK_SETTLEMENT,IMPS,NPCI Interbank (INDUS -> HDFC),IN,0,INTERBANK_CLEARING
TX_NPCI_118884,PNB_ACC_20139,CANARA_ACC_20168,1552.88,2026-01-10 11:32:40,INTERBANK_SETTLEMENT,UPI,NPCI Interbank (PNB -> CANARA),IN,0,INTERBANK_CLEARING
TX_NPCI_118885,KOTAK_ACC_20222,AXIS_ACC_20039,415.74,2026-01-10 10:54:09,INTERBANK_SETTLEMENT,UPI,NPCI Interbank (KOTAK -> AXIS),IN,0,INTERBANK_CLEARING
TX_NPCI_118886,CANARA_ACC_20130,SBI_ACC_20084,737.08,2026-01-10 10:54:18,INTERBANK_SETTLEMENT,NEFT,NPCI Interbank (CANARA -> SBI),IN,0,INTERBANK_CLEARING
TX_NPCI_118887,INDUS_ACC_20054,ICICI_ACC_20098,4819.5,2026-01-10 14:08:17,INTERBANK_SETTLEMENT,IMPS,NPCI Interbank (INDUS -> ICICI),IN,0,INTERBANK_CLEARING
TX_NPCI_118888,AXIS_ACC_20183,BOB_ACC_20026,784.81,2026-01-10 11:14:00,INTERBANK_SETTLEMENT,UPI,NPCI Interbank (AXIS -> BOB),IN,0,INTERBANK_CLEARING
TX_NPCI_118889,AXIS_ACC_20036,PNB_ACC_20079,16849.75,2026-01-10 17:42:30,INTERBANK_SETTLEMENT,IMPS,NPCI Interbank (AXIS -> PNB),IN,0,INTERBANK_CLEARING
TX_NPCI_118890,PNB_ACC_20045,PNB_ACC_20086,10169.42,2026-01-10 15:07:32,INTERBANK_SETTLEMENT,IMPS,NPCI Interbank (PNB -> PNB),IN,0,INTERBANK_CLEARING
TX_NPCI_118891,CANARA_ACC_20204,YES_ACC_20160,12089.92,2026-01-10 13:30:39,INTERBANK_SETTLEMENT,NEFT,NPCI Interbank (CANARA -> YES),IN,0,INTERBANK_CLEARING
TX_NPCI_118892,CANARA_ACC_20178,CANARA_ACC_20212,2834.82,2026-01-10 09:56:48,INTERBANK_SETTLEMENT,UPI,NPCI Interbank (CANARA -> CANARA),IN,0,INTERBANK_CLEARING
TX_NPCI_118893,PNB_ACC_20203,YES_ACC_20148,3325.69,2026-01-10 11:34:19,INTERBANK_SETTLEMENT,IMPS,NPCI Interbank (PNB -> YES),IN,0,INTERBANK_CLEARING
TX_NPCI_118894,BOB_ACC_20203,CANARA_ACC_20088,582.63,2026-01-10 14:49:30,INTERBANK_SETTLEMENT,UPI,NPCI Interbank (BOB -> CANARA),IN,0,INTERBANK_CLEARING
TX_NPCI_118895,HDFC_ACC_20219,AXIS_ACC_20188,8062.19,2026-01-10 12:33:14,INTERBANK_SETTLEMENT,UPI,NPCI Interbank (HDFC -> AXIS),IN,0,INTERBANK_CLEARING
TX_NPCI_118896,CANARA_ACC_20045,ICICI_ACC_20112,3849.89,2026-01-10 11:15:20,INTERBANK_SETTLEMENT,IMPS,NPCI Interbank (CANARA -> ICICI),IN,0,INTERBANK_CLEARING
TX_NPCI_118897,INDUS_ACC_20160,KOTAK_ACC_20102,4821.15,2026-01-10 10:16:51,INTERBANK_SETTLEMENT,UPI,NPCI Interbank (INDUS -> KOTAK),IN,0,INTERBANK_CLEARING
TX_NPCI_118898,PNB_ACC_20015,CANARA_ACC_20200,18508.29,2026-01-10 15:49:36,INTERBANK_SETTLEMENT,NEFT,NPCI Interbank (PNB -> CANARA),IN,0,INTERBANK_CLEARING
TX_NPCI_118899,CANARA_ACC_20175,KOTAK_ACC_20019,1179.5,2026-01-10 13:52:30,INTERBANK_SETTLEMENT,UPI,NPCI Interbank (CANARA -> KOTAK),IN,0,INTERBANK_CLEARING
TX_NPCI_118900,INDUS_ACC_20161,SBI_ACC_20013,2097.77,2026-01-10 17:48:00,INTERBANK_SETTLEMENT,NEFT,NPCI Interbank (INDUS -> SBI),IN,0,INTERBANK_CLEARING
TX_NPCI_118901,HDFC_ACC_20027,ICICI_ACC_20193,3611.96,2026-01-10 17:09:16,INTERBANK_SETTLEMENT,UPI,NPCI Interbank (HDFC -> ICICI),IN,0,INTERBANK_CLEARING
TX_NPCI_118902,PNB_ACC_20200,CANARA_ACC_20078,794.31,2026-01-10 10:56:42,INTERBANK_SETTLEMENT,RTGS,NPCI Interbank (PNB -> CANARA),IN,0,INTERBANK_CLEARING
TX_NPCI_118903,YES_ACC_20117,ICICI_ACC_20207,1948.63,2026-01-10 17:49:30,INTERBANK_SETTLEMENT,UPI,NPCI Interbank (YES -> ICICI),IN,0,INTERBANK_CLEARING
TX_NPCI_118904,CANARA_ACC_20230,KOTAK_ACC_20177,4409.6,2026-01-10 12:35:20,INTERBANK_SETTLEMENT,UPI,NPCI Interbank (CANARA -> KOTAK),IN,0,INTERBANK_CLEARING
TX_NPCI_118905,INDUS_ACC_20003,BOB_ACC_20179,1651.59,2026-01-10 11:56:12,INTERBANK_SETTLEMENT,NEFT,NPCI Interbank (INDUS -> BOB),IN,0,INTERBANK_CLEARING
TX_NPCI_118906,ICICI_ACC_20144,PNB_ACC_20026,11740.35,2026-01-10 10:57:18,INTERBANK_SETTLEMENT,RTGS,NPCI Interbank (ICICI -> PNB),IN,0,INTERBANK_CLEARING
TX_NPCI_118907,PNB_ACC_20143,YES_ACC_20199,398.17,2026-01-10 11:36:53,INTERBANK_SETTLEMENT,IMPS,NPCI Interbank (PNB -> YES),IN,0,INTERBANK_CLEARING
TX_NPCI_118908,AXIS_ACC_20046,YES_ACC_20206,9389.29,2026-01-10 10:18:08,INTERBANK_SETTLEMENT,IMPS,NPCI Interbank (AXIS -> YES),IN,0,INTERBANK_CLEARING
TX_NPCI_118909,KOTAK_ACC_20120,HDFC_ACC_20005,5396.05,2026-01-10 10:38:00,INTERBANK_SETTLEMENT,UPI,NPCI Interbank (KOTAK -> HDFC),IN,0,INTERBANK_CLEARING
TX_NPCI_118910,BOB_ACC_20031,PNB_ACC_20015,1233.25,2026-01-10 15:34:38,INTERBANK_SETTLEMENT,UPI,NPCI Interbank (BOB -> PNB),IN,0,INTERBANK_CLEARING
TX_NPCI_118911,KOTAK_ACC_20087,INDUS_ACC_20159,804.89,2026-01-10 17:33:43,INTERBANK_SETTLEMENT,IMPS,NPCI Interbank (KOTAK -> INDUS),IN,0,INTERBANK_CLEARING
TX_NPCI_118912,BOB_ACC_20030,BOB_ACC_20028,201.07,2026-01-10 15:15:36,INTERBANK_SETTLEMENT,UPI,NPCI Interbank (BOB -> BOB),IN,0,INTERBANK_CLEARING
TX_NPCI_118913,KOTAK_ACC_20124,KOTAK_ACC_20190,939.92,2026-01-10 09:39:05,INTERBANK_SETTLEMENT,IMPS,NPCI Interbank (KOTAK -> KOTAK),IN,0,INTERBANK_CLEARING
TX_NPCI_118914,INDUS_ACC_20073,HDFC_ACC_20146,8575.05,2026-01-10 16:35:40,INTERBANK_SETTLEMENT,IMPS,NPCI Interbank (INDUS -> HDFC),IN,0,INTERBANK_CLEARING
TX_NPCI_118915,KOTAK_ACC_20088,AXIS_ACC_20015,2281.75,2026-01-10 17:35:39,INTERBANK_SETTLEMENT,UPI,NPCI Interbank (KOTAK -> AXIS),IN,0,INTERBANK_CLEARING
TX_NPCI_118916,AXIS_ACC_20025,INDUS_ACC_20212,9853.45,2026-01-10 10:19:04,INTERBANK_SETTLEMENT,NEFT,NPCI Interbank (AXIS -> INDUS),IN,0,INTERBANK_CLEARING
TX_NPCI_118917,KOTAK_ACC_20080,PNB_ACC_20207,1159.98,2026-01-10 15:57:12,INTERBANK_SETTLEMENT,UPI,NPCI Interbank (KOTAK -> PNB),IN,0,INTERBANK_CLEARING
TX_NPCI_118918,PNB_ACC_20094,ICICI_ACC_20192,5701.74,2026-01-10 12:18:42,INTERBANK_SETTLEMENT,UPI,NPCI Interbank (PNB -> ICICI),IN,0,INTERBANK_CLEARING
TX_NPCI_118919,BOB_ACC_20206,YES_ACC_20080,1031.74,2026-01-10 14:58:15,INTERBANK_SETTLEMENT,UPI,NPCI Interbank (BOB -> YES),IN,0,INTERBANK_CLEARING
TX_NPCI_118920,SBI_ACC_20037,PNB_ACC_20071,766.1,2026-01-10 13:18:56,INTERBANK_SETTLEMENT,NEFT,NPCI Interbank (SBI -> PNB),IN,0,INTERBANK_CLEARING
TX_NPCI_118921,HDFC_ACC_20164,SBI_ACC_20221,2146.19,2026-01-10 10:19:39,INTERBANK_SETTLEMENT,UPI,NPCI Interbank (HDFC -> SBI),IN,0,INTERBANK_CLEARING
TX_NPCI_118922,PNB_ACC_20212,KOTAK_ACC_20156,1098.87,2026-01-10 10:19:46,INTERBANK_SETTLEMENT,UPI,NPCI Interbank (PNB -> KOTAK),IN,0,INTERBANK_CLEARING
TX_NPCI_118923,ICICI_ACC_20175,ICICI_ACC_20172,383.22,2026-01-10 15:39:37,INTERBANK_SETTLEMENT,IMPS,NPCI Interbank (ICICI -> ICICI),IN,0,INTERBANK_CLEARING
TX_NPCI_118924,KOTAK_ACC_20152,INDUS_ACC_20115,1961.02,2026-01-10 11:40:00,INTERBANK_SETTLEMENT,UPI,NPCI Interbank (KOTAK -> INDUS),IN,0,INTERBANK_CLEARING
TX_NPCI_118925,PNB_ACC_20090,KOTAK_ACC_20070,2773.1,2026-01-10 11:20:10,INTERBANK_SETTLEMENT,UPI,NPCI Interbank (PNB -> KOTAK),IN,0,INTERBANK_CLEARING
TX_NPCI_118926,PNB_ACC_20116,BOB_ACC_20047,11181.66,2026-01-10 18:01:00,INTERBANK_SETTLEMENT,UPI,NPCI Interbank (PNB -> BOB),IN,0,INTERBANK_CLEARING
TX_NPCI_118927,AXIS_ACC_20095,KOTAK_ACC_20207,7511.32,2026-01-10 14:00:54,INTERBANK_SETTLEMENT,UPI,NPCI Interbank (AXIS -> KOTAK),IN,0,INTERBANK_CLEARING
TX_NPCI_118928,SBI_ACC_20175,SBI_ACC_20201,10550.53,2026-01-10 13:01:00,INTERBANK_SETTLEMENT,UPI,NPCI Interbank (SBI -> SBI),IN,0,INTERBANK_CLEARING
TX_NPCI_118929,BOB_ACC_20152,YES_ACC_20234,5793.14,2026-01-10 09:40:25,INTERBANK_SETTLEMENT,NEFT,NPCI Interbank (BOB -> YES),IN,0,INTERBANK_CLEARING
TX_NPCI_118930,YES_ACC_20138,CANARA_ACC_20101,3637.8,2026-01-10 13:41:42,INTERBANK_SETTLEMENT,NEFT,NPCI Interbank (YES -> CANARA),IN,0,INTERBANK_CLEARING
TX_NPCI_118931,HDFC_ACC_20225,BOB_ACC_20131,558.51,2026-01-10 13:41:59,INTERBANK_SETTLEMENT,UPI,NPCI Interbank (HDFC -> BOB),IN,0,INTERBANK_CLEARING
TX_NPCI_118932,BOB_ACC_20107,SBI_ACC_20032,2921.48,2026-01-10 13:02:00,INTERBANK_SETTLEMENT,UPI,NPCI Interbank (BOB -> SBI),IN,0,INTERBANK_CLEARING
TX_NPCI_118933,BOB_ACC_20056,KOTAK_ACC_20204,4994.8,2026-01-10 10:00:54,INTERBANK_SETTLEMENT,RTGS,NPCI Interbank (BOB -> KOTAK),IN,0,INTERBANK_CLEARING
TX_NPCI_118934,HDFC_ACC_20211,SBI_ACC_20059,14029.61,2026-01-10 12:42:20,INTERBANK_SETTLEMENT,NEFT,NPCI Interbank (HDFC -> SBI),IN,0,INTERBANK_CLEARING
TX_NPCI_118935,SBI_ACC_20050,HDFC_ACC_20013,5561.07,2026-01-10 17:04:57,INTERBANK_SETTLEMENT,IMPS,NPCI Interbank (SBI -> HDFC),IN,0,INTERBANK_CLEARING
TX_NPCI_118936,HDFC_ACC_20099,HDFC_ACC_20242,10812.52,2026-01-10 17:25:36,INTERBANK_SETTLEMENT,UPI,NPCI Interbank (HDFC -> HDFC),IN,0,INTERBANK_CLEARING
TX_NPCI_118937,AXIS_ACC_20104,BOB_ACC_20131,707.4,2026-01-10 12:02:36,INTERBANK_SETTLEMENT,UPI,NPCI Interbank (AXIS -> BOB),IN,0,INTERBANK_CLEARING
TX_NPCI_118938,BOB_ACC_20135,INDUS_ACC_20103,1649.62,2026-01-10 12:43:16,INTERBANK_SETTLEMENT,UPI,NPCI Interbank (BOB -> INDUS),IN,0,INTERBANK_CLEARING
TX_NPCI_118939,AXIS_ACC_20031,KOTAK_ACC_20222,4085.59,2026-01-10 14:45:00,INTERBANK_SETTLEMENT,IMPS,NPCI Interbank (AXIS -> KOTAK),IN,0,INTERBANK_CLEARING
TX_NPCI_118940,AXIS_ACC_20207,BOB_ACC_20022,9829.5,2026-01-10 13:24:16,INTERBANK_SETTLEMENT,RTGS,NPCI Interbank (AXIS -> BOB),IN,0,INTERBANK_CLEARING
TX_NPCI_118941,ICICI_ACC_20065,HDFC_ACC_20049,2050.27,2026-01-10 11:22:50,INTERBANK_SETTLEMENT,UPI,NPCI Interbank (ICICI -> HDFC),IN,0,INTERBANK_CLEARING
TX_NPCI_118942,INDUS_ACC_20107,SBI_ACC_20146,2210.7,2026-01-10 17:08:06,INTERBANK_SETTLEMENT,NEFT,NPCI Interbank (INDUS -> SBI),IN,0,INTERBANK_CLEARING
TX_NPCI_118943,KOTAK_ACC_20228,AXIS_ACC_20179,5566.76,2026-01-10 10:01:54,INTERBANK_SETTLEMENT,UPI,NPCI Interbank (KOTAK -> AXIS),IN,0,INTERBANK_CLEARING
TX_NPCI_118944,KOTAK_ACC_20228,KOTAK_ACC_20169,632.04,2026-01-10 12:44:40,INTERBANK_SETTLEMENT,IMPS,NPCI Interbank (KOTAK -> KOTAK),IN,0,INTERBANK_CLEARING
TX_NPCI_118945,INDUS_ACC_20035,BOB_ACC_20165,16795.82,2026-01-10 18:10:30,INTERBANK_SETTLEMENT,UPI,NPCI Interbank (INDUS -> BOB),IN,0,INTERBANK_CLEARING
TX_NPCI_118946,HDFC_ACC_20003,SBI_ACC_20157,849.83,2026-01-10 10:22:34,INTERBANK_SETTLEMENT,UPI,NPCI Interbank (HDFC -> SBI),IN,0,INTERBANK_CLEARING
TX_NPCI_118947,SBI_ACC_20221,PNB_ACC_20009,244.13,2026-01-10 16:09:12,INTERBANK_SETTLEMENT,UPI,NPCI Interbank (SBI -> PNB),IN,0,INTERBANK_CLEARING
TX_NPCI_118948,ICICI_ACC_20202,INDUS_ACC_20160,2470.26,2026-01-10 12:04:48,INTERBANK_SETTLEMENT,IMPS,NPCI Interbank (ICICI -> INDUS),IN,0,INTERBANK_CLEARING
TX_NPCI_118949,PNB_ACC_20142,HDFC_ACC_20118,18735.03,2026-01-10 10:22:55,INTERBANK_SETTLEMENT,IMPS,NPCI Interbank (PNB -> HDFC),IN,0,INTERBANK_CLEARING
TX_NPCI_118950,SBI_ACC_20212,KOTAK_ACC_20078,4933.2,2026-01-10 10:43:28,INTERBANK_SETTLEMENT,UPI,NPCI Interbank (SBI -> KOTAK),IN,0,INTERBANK_CLEARING
TX_NPCI_118951,INDUS_ACC_20230,KOTAK_ACC_20205,6010.77,2026-01-10 12:25:51,INTERBANK_SETTLEMENT,IMPS,NPCI Interbank (INDUS -> KOTAK),IN,0,INTERBANK_CLEARING
TX_NPCI_118952,AXIS_ACC_20148,CANARA_ACC_20038,2564.87,2026-01-10 13:47:56,INTERBANK_SETTLEMENT,UPI,NPCI Interbank (AXIS -> CANARA),IN,0,INTERBANK_CLEARING
TX_NPCI_118953,CANARA_ACC_20016,KOTAK_ACC_20243,2032.75,2026-01-10 11:04:21,INTERBANK_SETTLEMENT,UPI,NPCI Interbank (CANARA -> KOTAK),IN,0,INTERBANK_CLEARING
TX_NPCI_118954,KOTAK_ACC_20124,BOB_ACC_20146,382.26,2026-01-10 12:47:00,INTERBANK_SETTLEMENT,NEFT,NPCI Interbank (KOTAK -> BOB),IN,0,INTERBANK_CLEARING
TX_NPCI_118955,PNB_ACC_20056,YES_ACC_20083,162.18,2026-01-10 10:03:06,INTERBANK_SETTLEMENT,RTGS,NPCI Interbank (PNB -> YES),IN,0,INTERBANK_CLEARING
TX_NPCI_118956,SBI_ACC_20245,PNB_ACC_20068,3088.77,2026-01-10 15:11:12,INTERBANK_SETTLEMENT,NEFT,NPCI Interbank (SBI -> PNB),IN,0,INTERBANK_CLEARING
TX_NPCI_118957,INDUS_ACC_20154,AXIS_ACC_20183,11790.61,2026-01-10 10:44:24,INTERBANK_SETTLEMENT,UPI,NPCI Interbank (INDUS -> AXIS),IN,0,INTERBANK_CLEARING
TX_NPCI_118958,YES_ACC_20000,PNB_ACC_20105,3688.45,2026-01-10 11:25:40,INTERBANK_SETTLEMENT,UPI,NPCI Interbank (YES -> PNB),IN,0,INTERBANK_CLEARING
TX_NPCI_118959,BOB_ACC_20048,ICICI_ACC_20156,5158.08,2026-01-10 16:55:10,INTERBANK_SETTLEMENT,UPI,NPCI Interbank (BOB -> ICICI),IN,0,INTERBANK_CLEARING
TX_NPCI_118960,SBI_ACC_20235,SBI_ACC_20006,16325.13,2026-01-10 16:35:00,INTERBANK_SETTLEMENT,RTGS,NPCI Interbank (SBI -> SBI),IN,0,INTERBANK_CLEARING
TX_NPCI_118961,INDUS_ACC_20073,YES_ACC_20196,3621.05,2026-01-10 17:16:39,INTERBANK_SETTLEMENT,IMPS,NPCI Interbank (INDUS -> YES),IN,0,INTERBANK_CLEARING
TX_NPCI_118962,HDFC_ACC_20193,YES_ACC_20137,2106.56,2026-01-10 15:13:18,INTERBANK_SETTLEMENT,IMPS,NPCI Interbank (HDFC -> YES),IN,0,INTERBANK_CLEARING
TX_NPCI_118963,BOB_ACC_20161,SBI_ACC_20059,913.94,2026-01-10 17:17:33,INTERBANK_SETTLEMENT,UPI,NPCI Interbank (BOB -> SBI),IN,0,INTERBANK_CLEARING
TX_NPCI_118964,AXIS_ACC_20091,BOB_ACC_20199,27629.94,2026-01-10 10:04:00,INTERBANK_SETTLEMENT,UPI,NPCI Interbank (AXIS -> BOB),IN,0,INTERBANK_CLEARING
TX_NPCI_118965,CANARA_ACC_20179,HDFC_ACC_20000,4591.02,2026-01-10 16:37:05,INTERBANK_SETTLEMENT,IMPS,NPCI Interbank (CANARA -> HDFC),IN,0,INTERBANK_CLEARING
TX_NPCI_118966,HDFC_ACC_20005,ICICI_ACC_20156,786.57,2026-01-10 17:18:54,INTERBANK_SETTLEMENT,UPI,NPCI Interbank (HDFC -> ICICI),IN,0,INTERBANK_CLEARING
TX_NPCI_118967,KOTAK_ACC_20224,KOTAK_ACC_20118,598.6,2026-01-10 15:56:29,INTERBANK_SETTLEMENT,UPI,NPCI Interbank (KOTAK -> KOTAK),IN,0,INTERBANK_CLEARING
TX_NPCI_118968,CANARA_ACC_20029,HDFC_ACC_20015,10978.31,2026-01-10 10:25:08,INTERBANK_SETTLEMENT,UPI,NPCI Interbank (CANARA -> HDFC),IN,0,INTERBANK_CLEARING
TX_NPCI_118969,BOB_ACC_20230,SBI_ACC_20099,702.8,2026-01-10 11:27:30,INTERBANK_SETTLEMENT,UPI,NPCI Interbank (BOB -> SBI),IN,0,INTERBANK_CLEARING
TX_NPCI_118970,HDFC_ACC_20225,CANARA_ACC_20244,22575.06,2026-01-10 15:57:38,INTERBANK_SETTLEMENT,IMPS,NPCI Interbank (HDFC -> CANARA),IN,0,INTERBANK_CLEARING
TX_NPCI_118971,AXIS_ACC_20014,INDUS_ACC_20106,89.32,2026-01-10 13:11:45,INTERBANK_SETTLEMENT,RTGS,NPCI Interbank (AXIS -> INDUS),IN,0,INTERBANK_CLEARING
TX_NPCI_118972,SBI_ACC_20223,YES_ACC_20150,13455.11,2026-01-10 14:56:00,INTERBANK_SETTLEMENT,RTGS,NPCI Interbank (SBI -> YES),IN,0,INTERBANK_CLEARING
TX_NPCI_118973,YES_ACC_20181,SBI_ACC_20135,4377.68,2026-01-10 13:53:53,INTERBANK_SETTLEMENT,UPI,NPCI Interbank (YES -> SBI),IN,0,INTERBANK_CLEARING
TX_NPCI_118974,HDFC_ACC_20026,ICICI_ACC_20120,2813.86,2026-01-10 16:20:00,INTERBANK_SETTLEMENT,UPI,NPCI Interbank (HDFC -> ICICI),IN,0,INTERBANK_CLEARING
TX_NPCI_118975,AXIS_ACC_20167,ICICI_ACC_20083,1977.23,2026-01-10 14:57:00,INTERBANK_SETTLEMENT,UPI,NPCI Interbank (AXIS -> ICICI),IN,0,INTERBANK_CLEARING
TX_NPCI_118976,YES_ACC_20018,CANARA_ACC_20015,23597.02,2026-01-10 17:23:24,INTERBANK_SETTLEMENT,IMPS,NPCI Interbank (YES -> CANARA),IN,0,INTERBANK_CLEARING
TX_NPCI_118977,PNB_ACC_20074,ICICI_ACC_20016,5701.42,2026-01-10 18:26:30,INTERBANK_SETTLEMENT,UPI,NPCI Interbank (PNB -> ICICI),IN,0,INTERBANK_CLEARING
TX_NPCI_118978,CANARA_ACC_20018,INDUS_ACC_20128,825.64,2026-01-10 14:16:12,INTERBANK_SETTLEMENT,IMPS,NPCI Interbank (CANARA -> INDUS),IN,0,INTERBANK_CLEARING
TX_NPCI_118979,PNB_ACC_20106,ICICI_ACC_20117,310.23,2026-01-10 13:34:40,INTERBANK_SETTLEMENT,IMPS,NPCI Interbank (PNB -> ICICI),IN,0,INTERBANK_CLEARING
TX_NPCI_118980,YES_ACC_20169,CANARA_ACC_20241,3019.23,2026-01-10 13:55:52,INTERBANK_SETTLEMENT,UPI,NPCI Interbank (YES -> CANARA),IN,0,INTERBANK_CLEARING
TX_NPCI_118981,PNB_ACC_20031,KOTAK_ACC_20233,2437.47,2026-01-10 09:44:45,INTERBANK_SETTLEMENT,NEFT,NPCI Interbank (PNB -> KOTAK),IN,0,INTERBANK_CLEARING
TX_NPCI_118982,INDUS_ACC_20023,INDUS_ACC_20022,393.92,2026-01-10 10:26:46,INTERBANK_SETTLEMENT,UPI,NPCI Interbank (INDUS -> INDUS),IN,0,INTERBANK_CLEARING
TX_NPCI_118983,AXIS_ACC_20163,KOTAK_ACC_20233,2283.64,2026-01-10 13:35:44,INTERBANK_SETTLEMENT,UPI,NPCI Interbank (AXIS -> KOTAK),IN,0,INTERBANK_CLEARING
TX_NPCI_118984,ICICI_ACC_20246,KOTAK_ACC_20215,1225.71,2026-01-10 13:15:00,INTERBANK_SETTLEMENT,UPI,NPCI Interbank (ICICI -> KOTAK),IN,0,INTERBANK_CLEARING
TX_NPCI_118985,BOB_ACC_20149,INDUS_ACC_20201,2467.96,2026-01-10 16:24:24,INTERBANK_SETTLEMENT,IMPS,NPCI Interbank (BOB -> INDUS),IN,0,INTERBANK_CLEARING
TX_NPCI_118986,BOB_ACC_20109,YES_ACC_20157,5831.96,2026-01-10 14:18:36,INTERBANK_SETTLEMENT,UPI,NPCI Interbank (BOB -> YES),IN,0,INTERBANK_CLEARING
TX_NPCI_118987,BOB_ACC_20119,SBI_ACC_20142,14634.43,2026-01-10 18:31:30,INTERBANK_SETTLEMENT,UPI,NPCI Interbank (BOB -> SBI),IN,0,INTERBANK_CLEARING
TX_NPCI_118988,CANARA_ACC_20248,HDFC_ACC_20003,7263.86,2026-01-10 11:30:40,INTERBANK_SETTLEMENT,UPI,NPCI Interbank (CANARA -> HDFC),IN,0,INTERBANK_CLEARING
TX_NPCI_118989,HDFC_ACC_20221,AXIS_ACC_20181,1026.87,2026-01-10 12:34:05,INTERBANK_SETTLEMENT,UPI,NPCI Interbank (HDFC -> AXIS),IN,0,INTERBANK_CLEARING
TX_NPCI_118990,INDUS_ACC_20074,KOTAK_ACC_20233,3799.78,2026-01-10 16:47:30,INTERBANK_SETTLEMENT,IMPS,NPCI Interbank (INDUS -> KOTAK),IN,0,INTERBANK_CLEARING
TX_NPCI_118991,YES_ACC_20060,SBI_ACC_20078,2632.6,2026-01-10 16:05:41,INTERBANK_SETTLEMENT,UPI,NPCI Interbank (YES -> SBI),IN,0,INTERBANK_CLEARING
TX_NPCI_118992,SBI_ACC_20025,AXIS_ACC_20018,493.46,2026-01-10 10:49:04,INTERBANK_SETTLEMENT,UPI,NPCI Interbank (SBI -> AXIS),IN,0,INTERBANK_CLEARING
TX_NPCI_118993,PNB_ACC_20220,YES_ACC_20123,3935.84,2026-01-10 13:38:24,INTERBANK_SETTLEMENT,IMPS,NPCI Interbank (PNB -> YES),IN,0,INTERBANK_CLEARING
TX_NPCI_118994,HDFC_ACC_20238,CANARA_ACC_20175,22652.08,2026-01-10 10:07:00,INTERBANK_SETTLEMENT,UPI,NPCI Interbank (HDFC -> CANARA),IN,0,INTERBANK_CLEARING
TX_NPCI_118995,YES_ACC_20235,CANARA_ACC_20005,2537.44,2026-01-10 17:10:46,INTERBANK_SETTLEMENT,UPI,NPCI Interbank (YES -> CANARA),IN,0,INTERBANK_CLEARING
TX_NPCI_118996,ICICI_ACC_20096,KOTAK_ACC_20003,360.32,2026-01-10 15:25:12,INTERBANK_SETTLEMENT,RTGS,NPCI Interbank (ICICI -> KOTAK),IN,0,INTERBANK_CLEARING
TX_NPCI_118997,BOB_ACC_20235,KOTAK_ACC_20038,2530.88,2026-01-10 17:11:38,INTERBANK_SETTLEMENT,NEFT,NPCI Interbank (BOB -> KOTAK),IN,0,INTERBANK_CLEARING
TX_NPCI_118998,HDFC_ACC_20038,AXIS_ACC_20202,568.81,2026-01-10 09:46:10,INTERBANK_SETTLEMENT,RTGS,NPCI Interbank (HDFC -> AXIS),IN,0,INTERBANK_CLEARING
TX_NPCI_118999,ICICI_ACC_20163,AXIS_ACC_20063,6879.67,2026-01-10 18:37:30,INTERBANK_SETTLEMENT,UPI,NPCI Interbank (ICICI -> AXIS),IN,0,INTERBANK_CLEARING
TX_NPCI_119000,PNB_ACC_20095,KOTAK_ACC_20115,4581.76,2026-01-10 16:51:40,INTERBANK_SETTLEMENT,UPI,NPCI Interbank (PNB -> KOTAK),IN,0,INTERBANK_CLEARING
TX_NPCI_119001,AXIS_ACC_20066,AXIS_ACC_20246,1988.05,2026-01-10 10:28:59,INTERBANK_SETTLEMENT,IMPS,NPCI Interbank (AXIS -> AXIS),IN,0,INTERBANK_CLEARING
TX_NPCI_119002,YES_ACC_20141,ICICI_ACC_20018,1640.25,2026-01-10 12:36:54,INTERBANK_SETTLEMENT,IMPS,NPCI Interbank (YES -> ICICI),IN,0,INTERBANK_CLEARING
TX_NPCI_119003,HDFC_ACC_20166,BOB_ACC_20182,1891.87,2026-01-10 11:11:51,INTERBANK_SETTLEMENT,UPI,NPCI Interbank (HDFC -> BOB),IN,0,INTERBANK_CLEARING
TX_NPCI_119004,YES_ACC_20234,AXIS_ACC_20021,2464.96,2026-01-10 13:20:00,INTERBANK_SETTLEMENT,NEFT,NPCI Interbank (YES -> AXIS),IN,0,INTERBANK_CLEARING
TX_NPCI_119005,KOTAK_ACC_20172,BOB_ACC_20098,966.15,2026-01-10 13:20:15,INTERBANK_SETTLEMENT,UPI,NPCI Interbank (KOTAK -> BOB),IN,0,INTERBANK_CLEARING
TX_NPCI_119006,SBI_ACC_20111,YES_ACC_20104,461.6,2026-01-10 14:24:36,INTERBANK_SETTLEMENT,IMPS,NPCI Interbank (SBI -> YES),IN,0,INTERBANK_CLEARING
TX_NPCI_119007,YES_ACC_20053,HDFC_ACC_20074,9570.48,2026-01-10 12:37:59,INTERBANK_SETTLEMENT,UPI,NPCI Interbank (YES -> HDFC),IN,0,INTERBANK_CLEARING
TX_NPCI_119008,INDUS_ACC_20134,CANARA_ACC_20083,1536.89,2026-01-10 17:59:12,INTERBANK_SETTLEMENT,UPI,NPCI Interbank (INDUS -> CANARA),IN,0,INTERBANK_CLEARING
TX_NPCI_119009,BOB_ACC_20175,YES_ACC_20084,2982.3,2026-01-10 12:59:50,INTERBANK_SETTLEMENT,UPI,NPCI Interbank (BOB -> YES),IN,0,INTERBANK_CLEARING
TX_NPCI_119010,BOB_ACC_20006,CANARA_ACC_20080,3436.95,2026-01-10 15:08:40,INTERBANK_SETTLEMENT,NEFT,NPCI Interbank (BOB -> CANARA),IN,0,INTERBANK_CLEARING
TX_NPCI_119011,AXIS_ACC_20149,ICICI_ACC_20120,3591.86,2026-01-10 15:30:27,INTERBANK_SETTLEMENT,UPI,NPCI Interbank (AXIS -> ICICI),IN,0,INTERBANK_CLEARING
TX_NPCI_119012,AXIS_ACC_20244,INDUS_ACC_20238,596.7,2026-01-10 16:56:40,INTERBANK_SETTLEMENT,UPI,NPCI Interbank (AXIS -> INDUS),IN,0,INTERBANK_CLEARING
TX_NPCI_119013,SBI_ACC_20229,HDFC_ACC_20155,326.68,2026-01-10 12:17:48,INTERBANK_SETTLEMENT,UPI,NPCI Interbank (SBI -> HDFC),IN,0,INTERBANK_CLEARING
TX_NPCI_119014,ICICI_ACC_20157,HDFC_ACC_20086,1204.2,2026-01-10 15:31:30,INTERBANK_SETTLEMENT,IMPS,NPCI Interbank (ICICI -> HDFC),IN,0,INTERBANK_CLEARING
TX_NPCI_119015,ICICI_ACC_20062,YES_ACC_20227,3923.95,2026-01-10 16:36:24,INTERBANK_SETTLEMENT,UPI,NPCI Interbank (ICICI -> YES),IN,0,INTERBANK_CLEARING
TX_NPCI_119016,AXIS_ACC_20159,ICICI_ACC_20184,1018.88,2026-01-10 17:41:24,INTERBANK_SETTLEMENT,UPI,NPCI Interbank (AXIS -> ICICI),IN,0,INTERBANK_CLEARING
TX_NPCI_119017,INDUS_ACC_20067,CANARA_ACC_20081,1594.15,2026-01-10 17:41:51,INTERBANK_SETTLEMENT,UPI,NPCI Interbank (INDUS -> CANARA),IN,0,INTERBANK_CLEARING
TX_NPCI_119018,HDFC_ACC_20019,INDUS_ACC_20178,31343.33,2026-01-10 10:52:32,INTERBANK_SETTLEMENT,NEFT,NPCI Interbank (HDFC -> INDUS),IN,0,INTERBANK_CLEARING
TX_NPCI_119019,INDUS_ACC_20167,PNB_ACC_20024,266.53,2026-01-10 10:09:30,INTERBANK_SETTLEMENT,UPI,NPCI Interbank (INDUS -> PNB),IN,0,INTERBANK_CLEARING
TX_NPCI_119020,CANARA_ACC_20043,ICICI_ACC_20042,986.3,2026-01-10 11:57:36,INTERBANK_SETTLEMENT,NEFT,NPCI Interbank (CANARA -> ICICI),IN,0,INTERBANK_CLEARING
TX_NPCI_119021,ICICI_ACC_20097,BOB_ACC_20195,23763.95,2026-01-10 14:29:06,INTERBANK_SETTLEMENT,IMPS,NPCI Interbank (ICICI -> BOB),IN,0,INTERBANK_CLEARING
TX_NPCI_119022,CANARA_ACC_20070,CANARA_ACC_20184,2313.42,2026-01-10 13:24:30,INTERBANK_SETTLEMENT,UPI,NPCI Interbank (CANARA -> CANARA),IN,0,INTERBANK_CLEARING
TX_NPCI_119023,BOB_ACC_20084,INDUS_ACC_20038,1046.09,2026-01-10 16:39:36,INTERBANK_SETTLEMENT,NEFT,NPCI Interbank (BOB -> INDUS),IN,0,INTERBANK_CLEARING
TX_NPCI_119024,KOTAK_ACC_20227,CANARA_ACC_20081,9922.13,2026-01-10 10:10:00,INTERBANK_SETTLEMENT,UPI,NPCI Interbank (KOTAK -> CANARA),IN,0,INTERBANK_CLEARING
TX_NPCI_119025,INDUS_ACC_20019,YES_ACC_20188,2607.84,2026-01-10 11:15:09,INTERBANK_SETTLEMENT,IMPS,NPCI Interbank (INDUS -> YES),IN,0,INTERBANK_CLEARING
TX_NPCI_119026,CANARA_ACC_20090,CANARA_ACC_20128,1606.85,2026-01-10 11:58:42,INTERBANK_SETTLEMENT,UPI,NPCI Interbank (CANARA -> CANARA),IN,0,INTERBANK_CLEARING
TX_NPCI_119027,BOB_ACC_20156,KOTAK_ACC_20076,3074.33,2026-01-10 14:09:11,INTERBANK_SETTLEMENT,NEFT,NPCI Interbank (BOB -> KOTAK),IN,0,INTERBANK_CLEARING
TX_NPCI_119028,YES_ACC_20204,HDFC_ACC_20035,1107.95,2026-01-10 15:36:24,INTERBANK_SETTLEMENT,UPI,NPCI Interbank (YES -> HDFC),IN,0,INTERBANK_CLEARING
TX_NPCI_119029,BOB_ACC_20136,HDFC_ACC_20001,719.83,2026-01-10 16:42:00,INTERBANK_SETTLEMENT,IMPS,NPCI Interbank (BOB -> HDFC),IN,0,INTERBANK_CLEARING
TX_NPCI_119030,YES_ACC_20237,INDUS_ACC_20092,2129.59,2026-01-10 18:31:14,INTERBANK_SETTLEMENT,UPI,NPCI Interbank (YES -> INDUS),IN,0,INTERBANK_CLEARING
TX_NPCI_119031,PNB_ACC_20168,CANARA_ACC_20243,725.46,2026-01-10 12:43:11,INTERBANK_SETTLEMENT,IMPS,NPCI Interbank (PNB -> CANARA),IN,0,INTERBANK_CLEARING
TX_NPCI_119032,INDUS_ACC_20112,HDFC_ACC_20013,2472.12,2026-01-10 17:05:00,INTERBANK_SETTLEMENT,NEFT,NPCI Interbank (INDUS -> HDFC),IN,0,INTERBANK_CLEARING
TX_NPCI_119033,HDFC_ACC_20017,AXIS_ACC_20037,3734.2,2026-01-10 09:49:05,INTERBANK_SETTLEMENT,UPI,NPCI Interbank (HDFC -> AXIS),IN,0,INTERBANK_CLEARING
TX_NPCI_119034,SBI_ACC_20092,HDFC_ACC_20114,6793.17,2026-01-10 11:38:20,INTERBANK_SETTLEMENT,UPI,NPCI Interbank (SBI -> HDFC),IN,0,INTERBANK_CLEARING
TX_NPCI_119035,BOB_ACC_20079,HDFC_ACC_20165,9447.54,2026-01-10 14:11:27,INTERBANK_SETTLEMENT,UPI,NPCI Interbank (BOB -> HDFC),IN,0,INTERBANK_CLEARING
TX_NPCI_119036,ICICI_ACC_20210,PNB_ACC_20091,1499.84,2026-01-10 14:55:28,INTERBANK_SETTLEMENT,UPI,NPCI Interbank (ICICI -> PNB),IN,0,INTERBANK_CLEARING
TX_NPCI_119037,CANARA_ACC_20025,KOTAK_ACC_20183,4443.94,2026-01-10 14:12:01,INTERBANK_SETTLEMENT,UPI,NPCI Interbank (CANARA -> KOTAK),IN,0,INTERBANK_CLEARING
TX_NPCI_119038,ICICI_ACC_20154,CANARA_ACC_20135,4407.35,2026-01-10 11:39:00,INTERBANK_SETTLEMENT,NEFT,NPCI Interbank (ICICI -> CANARA),IN,0,INTERBANK_CLEARING
TX_NPCI_119039,AXIS_ACC_20209,PNB_ACC_20026,3616.94,2026-01-10 13:28:45,INTERBANK_SETTLEMENT,NEFT,NPCI Interbank (AXIS -> PNB),IN,0,INTERBANK_CLEARING
TX_NPCI_119040,AXIS_ACC_20235,SBI_ACC_20205,1372.86,2026-01-10 12:45:08,INTERBANK_SETTLEMENT,UPI,NPCI Interbank (AXIS -> SBI),IN,0,INTERBANK_CLEARING
TX_NPCI_119041,KOTAK_ACC_20223,ICICI_ACC_20118,710.75,2026-01-10 16:24:51,INTERBANK_SETTLEMENT,UPI,NPCI Interbank (KOTAK -> ICICI),IN,0,INTERBANK_CLEARING
TX_NPCI_119042,INDUS_ACC_20083,AXIS_ACC_20229,4457.76,2026-01-10 12:23:36,INTERBANK_SETTLEMENT,NEFT,NPCI Interbank (INDUS -> AXIS),IN,0,INTERBANK_CLEARING
TX_NPCI_119043,HDFC_ACC_20011,PNB_ACC_20240,314.75,2026-01-10 18:59:30,INTERBANK_SETTLEMENT,UPI,NPCI Interbank (HDFC -> PNB),IN,0,INTERBANK_CLEARING
TX_NPCI_119044,KOTAK_ACC_20007,AXIS_ACC_20074,1769.75,2026-01-10 17:54:00,INTERBANK_SETTLEMENT,UPI,NPCI Interbank (KOTAK -> AXIS),IN,0,INTERBANK_CLEARING
TX_NPCI_119045,AXIS_ACC_20009,HDFC_ACC_20043,113.94,2026-01-10 13:30:15,INTERBANK_SETTLEMENT,UPI,NPCI Interbank (AXIS -> HDFC),IN,0,INTERBANK_CLEARING
TX_NPCI_119046,BOB_ACC_20095,SBI_ACC_20075,490.94,2026-01-10 13:30:30,INTERBANK_SETTLEMENT,UPI,NPCI Interbank (BOB -> SBI),IN,0,INTERBANK_CLEARING
TX_NPCI_119047,YES_ACC_20119,INDUS_ACC_20027,851.87,2026-01-10 17:55:21,INTERBANK_SETTLEMENT,UPI,NPCI Interbank (YES -> INDUS),IN,0,INTERBANK_CLEARING
TX_NPCI_119048,PNB_ACC_20164,BOB_ACC_20244,9100.36,2026-01-10 12:24:48,INTERBANK_SETTLEMENT,UPI,NPCI Interbank (PNB -> BOB),IN,0,INTERBANK_CLEARING
TX_NPCI_119049,KOTAK_ACC_20177,INDUS_ACC_20026,5573.23,2026-01-10 15:43:45,INTERBANK_SETTLEMENT,NEFT,NPCI Interbank (KOTAK -> INDUS),IN,0,INTERBANK_CLEARING
TX_NPCI_119050,ICICI_ACC_20210,CANARA_ACC_20021,1255.49,2026-01-10 15:22:00,INTERBANK_SETTLEMENT,UPI,NPCI Interbank (ICICI -> CANARA),IN,0,INTERBANK_CLEARING
TX_NPCI_119051,YES_ACC_20153,HDFC_ACC_20038,5856.13,2026-01-10 11:19:03,INTERBANK_SETTLEMENT,IMPS,NPCI Interbank (YES -> HDFC),IN,0,INTERBANK_CLEARING
TX_NPCI_119052,ICICI_ACC_20211,KOTAK_ACC_20138,7080.84,2026-01-10 15:22:40,INTERBANK_SETTLEMENT,UPI,NPCI Interbank (ICICI -> KOTAK),IN,0,INTERBANK_CLEARING
TX_NPCI_119053,YES_ACC_20208,CANARA_ACC_20061,2012.64,2026-01-10 17:58:03,INTERBANK_SETTLEMENT,NEFT,NPCI Interbank (YES -> CANARA),IN,0,INTERBANK_CLEARING
TX_NPCI_119054,AXIS_ACC_20088,SBI_ACC_20247,463.47,2026-01-10 12:26:00,INTERBANK_SETTLEMENT,UPI,NPCI Interbank (AXIS -> SBI),IN,0,INTERBANK_CLEARING
TX_NPCI_119055,BOB_ACC_20017,YES_ACC_20061,1901.7,2026-01-10 17:36:46,INTERBANK_SETTLEMENT,IMPS,NPCI Interbank (BOB -> YES),IN,0,INTERBANK_CLEARING
TX_NPCI_119056,PNB_ACC_20001,ICICI_ACC_20178,2170.1,2026-01-10 13:55:12,INTERBANK_SETTLEMENT,IMPS,NPCI Interbank (PNB -> ICICI),IN,0,INTERBANK_CLEARING
TX_NPCI_119057,ICICI_ACC_20025,YES_ACC_20168,556.16,2026-01-10 11:19:57,INTERBANK_SETTLEMENT,IMPS,NPCI Interbank (ICICI -> YES),IN,0,INTERBANK_CLEARING
TX_NPCI_119058,YES_ACC_20208,SBI_ACC_20044,3791.27,2026-01-10 15:24:40,INTERBANK_SETTLEMENT,UPI,NPCI Interbank (YES -> SBI),IN,0,INTERBANK_CLEARING
TX_NPCI_119059,SBI_ACC_20185,CANARA_ACC_20210,3414.46,2026-01-10 16:09:30,INTERBANK_SETTLEMENT,UPI,NPCI Interbank (SBI -> CANARA),IN,0,INTERBANK_CLEARING
TX_NPCI_119060,HDFC_ACC_20151,YES_ACC_20069,4163.25,2026-01-10 13:34:00,INTERBANK_SETTLEMENT,UPI,NPCI Interbank (HDFC -> YES),IN,0,INTERBANK_CLEARING
TX_NPCI_119061,CANARA_ACC_20056,BOB_ACC_20180,3410.82,2026-01-10 16:10:14,INTERBANK_SETTLEMENT,UPI,NPCI Interbank (CANARA -> BOB),IN,0,INTERBANK_CLEARING
TX_NPCI_119062,HDFC_ACC_20146,HDFC_ACC_20110,5859.45,2026-01-10 18:02:06,INTERBANK_SETTLEMENT,UPI,NPCI Interbank (HDFC -> HDFC),IN,0,INTERBANK_CLEARING
TX_NPCI_119063,AXIS_ACC_20094,PNB_ACC_20035,1968.07,2026-01-10 16:10:58,INTERBANK_SETTLEMENT,UPI,NPCI Interbank (AXIS -> PNB),IN,0,INTERBANK_CLEARING
TX_NPCI_119064,PNB_ACC_20005,INDUS_ACC_20189,3109.27,2026-01-10 17:40:40,INTERBANK_SETTLEMENT,IMPS,NPCI Interbank (PNB -> INDUS),IN,0,INTERBANK_CLEARING
TX_NPCI_119065,SBI_ACC_20230,PNB_ACC_20053,1514.3,2026-01-10 14:19:57,INTERBANK_SETTLEMENT,UPI,NPCI Interbank (SBI -> PNB),IN,0,INTERBANK_CLEARING
TX_NPCI_119066,BOB_ACC_20140,SBI_ACC_20156,1210.27,2026-01-10 11:21:18,INTERBANK_SETTLEMENT,UPI,NPCI Interbank (BOB -> SBI),IN,0,INTERBANK_CLEARING
TX_NPCI_119067,SBI_ACC_20127,BOB_ACC_20175,12159.91,2026-01-10 13:35:45,INTERBANK_SETTLEMENT,UPI,NPCI Interbank (SBI -> BOB),IN,0,INTERBANK_CLEARING
TX_NPCI_119068,YES_ACC_20197,PNB_ACC_20110,210.08,2026-01-10 11:44:00,INTERBANK_SETTLEMENT,UPI,NPCI Interbank (YES -> PNB),IN,0,INTERBANK_CLEARING
TX_NPCI_119069,AXIS_ACC_20154,INDUS_ACC_20137,6989.13,2026-01-10 18:05:15,INTERBANK_SETTLEMENT,UPI,NPCI Interbank (AXIS -> INDUS),IN,0,INTERBANK_CLEARING
TX_NPCI_119070,ICICI_ACC_20062,PNB_ACC_20130,1159.04,2026-01-10 11:44:20,INTERBANK_SETTLEMENT,UPI,NPCI Interbank (ICICI -> PNB),IN,0,INTERBANK_CLEARING
TX_NPCI_119071,PNB_ACC_20050,AXIS_ACC_20080,992.23,2026-01-10 14:21:39,INTERBANK_SETTLEMENT,UPI,NPCI Interbank (PNB -> AXIS),IN,0,INTERBANK_CLEARING
TX_NPCI_119072,KOTAK_ACC_20039,CANARA_ACC_20015,3340.56,2026-01-10 16:14:16,INTERBANK_SETTLEMENT,IMPS,NPCI Interbank (KOTAK -> CANARA),IN,0,INTERBANK_CLEARING
TX_NPCI_119073,KOTAK_ACC_20075,HDFC_ACC_20070,408.49,2026-01-10 16:37:07,INTERBANK_SETTLEMENT,UPI,NPCI Interbank (KOTAK -> HDFC),IN,0,INTERBANK_CLEARING
TX_NPCI_119074,ICICI_ACC_20208,SBI_ACC_20047,916.69,2026-01-10 14:45:00,INTERBANK_SETTLEMENT,UPI,NPCI Interbank (ICICI -> SBI),IN,0,INTERBANK_CLEARING
TX_NPCI_119075,PNB_ACC_20149,YES_ACC_20119,880.98,2026-01-10 13:15:14,INTERBANK_SETTLEMENT,IMPS,NPCI Interbank (PNB -> YES),IN,0,INTERBANK_CLEARING
TX_NPCI_119076,YES_ACC_20204,AXIS_ACC_20062,1871.18,2026-01-10 11:45:20,INTERBANK_SETTLEMENT,IMPS,NPCI Interbank (YES -> AXIS),IN,0,INTERBANK_CLEARING
TX_NPCI_119077,BOB_ACC_20022,ICICI_ACC_20027,929.86,2026-01-10 17:46:18,INTERBANK_SETTLEMENT,NEFT,NPCI Interbank (BOB -> ICICI),IN,0,INTERBANK_CLEARING
TX_NPCI_119078,CANARA_ACC_20221,SBI_ACC_20198,16669.61,2026-01-10 17:24:10,INTERBANK_SETTLEMENT,UPI,NPCI Interbank (CANARA -> SBI),IN,0,INTERBANK_CLEARING
TX_NPCI_119079,ICICI_ACC_20220,BOB_ACC_20138,21087.16,2026-01-10 18:54:55,INTERBANK_SETTLEMENT,UPI,NPCI Interbank (ICICI -> BOB),IN,0,INTERBANK_CLEARING
TX_NPCI_119080,YES_ACC_20234,KOTAK_ACC_20087,215.64,2026-01-10 10:15:36,INTERBANK_SETTLEMENT,UPI,NPCI Interbank (YES -> KOTAK),IN,0,INTERBANK_CLEARING
TX_NPCI_119081,YES_ACC_20059,ICICI_ACC_20236,4690.0,2026-01-10 18:55:53,INTERBANK_SETTLEMENT,IMPS,NPCI Interbank (YES -> ICICI),IN,0,INTERBANK_CLEARING
TX_NPCI_119082,HDFC_ACC_20249,INDUS_ACC_20031,6839.0,2026-01-10 11:23:42,INTERBANK_SETTLEMENT,UPI,NPCI Interbank (HDFC -> INDUS),IN,0,INTERBANK_CLEARING
TX_NPCI_119083,PNB_ACC_20247,INDUS_ACC_20116,4682.48,2026-01-10 13:39:45,INTERBANK_SETTLEMENT,IMPS,NPCI Interbank (PNB -> INDUS),IN,0,INTERBANK_CLEARING
TX_NPCI_119084,AXIS_ACC_20012,YES_ACC_20116,1107.95,2026-01-10 12:32:00,INTERBANK_SETTLEMENT,UPI,NPCI Interbank (AXIS -> YES),IN,0,INTERBANK_CLEARING
TX_NPCI_119085,YES_ACC_20142,YES_ACC_20223,1820.9,2026-01-10 11:24:09,INTERBANK_SETTLEMENT,IMPS,NPCI Interbank (YES -> YES),IN,0,INTERBANK_CLEARING
TX_NPCI_119086,YES_ACC_20246,INDUS_ACC_20164,994.33,2026-01-10 18:12:54,INTERBANK_SETTLEMENT,IMPS,NPCI Interbank (YES -> INDUS),IN,0,INTERBANK_CLEARING
TX_NPCI_119087,BOB_ACC_20074,YES_ACC_20107,1473.92,2026-01-10 18:36:04,INTERBANK_SETTLEMENT,UPI,NPCI Interbank (BOB -> YES),IN,0,INTERBANK_CLEARING
TX_NPCI_119088,PNB_ACC_20194,YES_ACC_20009,571.37,2026-01-10 09:53:40,INTERBANK_SETTLEMENT,IMPS,NPCI Interbank (PNB -> YES),IN,0,INTERBANK_CLEARING
TX_NPCI_119089,SBI_ACC_20024,ICICI_ACC_20153,2126.54,2026-01-10 14:04:00,INTERBANK_SETTLEMENT,IMPS,NPCI Interbank (SBI -> ICICI),IN,0,INTERBANK_CLEARING
TX_NPCI_119090,PNB_ACC_20094,SBI_ACC_20130,402.07,2026-01-10 11:24:54,INTERBANK_SETTLEMENT,IMPS,NPCI Interbank (PNB -> SBI),IN,0,INTERBANK_CLEARING
TX_NPCI_119091,AXIS_ACC_20221,INDUS_ACC_20043,1919.54,2026-01-10 17:52:22,INTERBANK_SETTLEMENT,IMPS,NPCI Interbank (AXIS -> INDUS),IN,0,INTERBANK_CLEARING
TX_NPCI_119092,HDFC_ACC_20163,YES_ACC_20037,545.5,2026-01-10 13:42:00,INTERBANK_SETTLEMENT,IMPS,NPCI Interbank (HDFC -> YES),IN,0,INTERBANK_CLEARING
TX_NPCI_119093,PNB_ACC_20203,PNB_ACC_20037,3128.1,2026-01-10 12:56:37,INTERBANK_SETTLEMENT,IMPS,NPCI Interbank (PNB -> PNB),IN,0,INTERBANK_CLEARING
TX_NPCI_119094,YES_ACC_20174,KOTAK_ACC_20233,1079.98,2026-01-10 14:28:10,INTERBANK_SETTLEMENT,UPI,NPCI Interbank (YES -> KOTAK),IN,0,INTERBANK_CLEARING
TX_NPCI_119095,KOTAK_ACC_20193,KOTAK_ACC_20033,3458.87,2026-01-10 12:34:12,INTERBANK_SETTLEMENT,UPI,NPCI Interbank (KOTAK -> KOTAK),IN,0,INTERBANK_CLEARING
TX_NPCI_119096,CANARA_ACC_20043,AXIS_ACC_20211,8936.48,2026-01-10 11:48:40,INTERBANK_SETTLEMENT,UPI,NPCI Interbank (CANARA -> AXIS),IN,0,INTERBANK_CLEARING
TX_NPCI_119097,AXIS_ACC_20126,SBI_ACC_20053,16437.76,2026-01-10 10:40:11,INTERBANK_SETTLEMENT,UPI,NPCI Interbank (AXIS -> SBI),IN,0,INTERBANK_CLEARING
TX_NPCI_119098,ICICI_ACC_20140,SBI_ACC_20073,117.49,2026-01-10 11:49:00,INTERBANK_SETTLEMENT,UPI,NPCI Interbank (ICICI -> SBI),IN,0,INTERBANK_CLEARING
TX_NPCI_119099,SBI_ACC_20055,SBI_ACC_20076,896.92,2026-01-10 09:54:35,INTERBANK_SETTLEMENT,UPI,NPCI Interbank (SBI -> SBI),IN,0,INTERBANK_CLEARING
TX_NPCI_119100,KOTAK_ACC_20047,INDUS_ACC_20210,1696.46,2026-01-10 13:21:04,INTERBANK_SETTLEMENT,NEFT,NPCI Interbank (KOTAK -> INDUS),IN,0,INTERBANK_CLEARING
TX_NPCI_119101,YES_ACC_20128,BOB_ACC_20018,4240.32,2026-01-10 11:49:30,INTERBANK_SETTLEMENT,NEFT,NPCI Interbank (YES -> BOB),IN,0,INTERBANK_CLEARING
TX_NPCI_119102,ICICI_ACC_20197,YES_ACC_20062,336.83,2026-01-10 15:39:20,INTERBANK_SETTLEMENT,UPI,NPCI Interbank (ICICI -> YES),IN,0,INTERBANK_CLEARING
TX_NPCI_119103,KOTAK_ACC_20174,YES_ACC_20005,751.06,2026-01-10 12:12:49,INTERBANK_SETTLEMENT,UPI,NPCI Interbank (KOTAK -> YES),IN,0,INTERBANK_CLEARING
TX_NPCI_119104,CANARA_ACC_20244,KOTAK_ACC_20210,2853.86,2026-01-10 12:59:00,INTERBANK_SETTLEMENT,UPI,NPCI Interbank (CANARA -> KOTAK),IN,0,INTERBANK_CLEARING
TX_NPCI_119105,INDUS_ACC_20209,ICICI_ACC_20038,2702.32,2026-01-10 15:40:20,INTERBANK_SETTLEMENT,IMPS,NPCI Interbank (INDUS -> ICICI),IN,0,INTERBANK_CLEARING
TX_NPCI_119106,PNB_ACC_20204,BOB_ACC_20142,3839.67,2026-01-10 13:45:30,INTERBANK_SETTLEMENT,IMPS,NPCI Interbank (PNB -> BOB),IN,0,INTERBANK_CLEARING
TX_NPCI_119107,CANARA_ACC_20245,ICICI_ACC_20127,4156.43,2026-01-10 13:22:42,INTERBANK_SETTLEMENT,IMPS,NPCI Interbank (CANARA -> ICICI),IN,0,INTERBANK_CLEARING
TX_NPCI_119108,BOB_ACC_20152,INDUS_ACC_20141,3664.01,2026-01-10 14:09:04,INTERBANK_SETTLEMENT,UPI,NPCI Interbank (BOB -> INDUS),IN,0,INTERBANK_CLEARING
TX_NPCI_119109,INDUS_ACC_20027,BOB_ACC_20247,3079.08,2026-01-10 15:41:40,INTERBANK_SETTLEMENT,UPI,NPCI Interbank (INDUS -> BOB),IN,0,INTERBANK_CLEARING
TX_NPCI_119110,SBI_ACC_20195,SBI_ACC_20174,2609.43,2026-01-10 12:37:12,INTERBANK_SETTLEMENT,UPI,NPCI Interbank (SBI -> SBI),IN,0,INTERBANK_CLEARING
TX_NPCI_119111,YES_ACC_20037,HDFC_ACC_20056,5419.27,2026-01-10 19:33:30,INTERBANK_SETTLEMENT,UPI,NPCI Interbank (YES -> HDFC),IN,0,INTERBANK_CLEARING
TX_NPCI_119112,BOB_ACC_20054,HDFC_ACC_20195,166.14,2026-01-10 13:47:00,INTERBANK_SETTLEMENT,UPI,NPCI Interbank (BOB -> HDFC),IN,0,INTERBANK_CLEARING
TX_NPCI_119113,CANARA_ACC_20067,ICICI_ACC_20190,15571.54,2026-01-10 11:05:12,INTERBANK_SETTLEMENT,IMPS,NPCI Interbank (CANARA -> ICICI),IN,0,INTERBANK_CLEARING
TX_NPCI_119114,KOTAK_ACC_20148,INDUS_ACC_20082,173.23,2026-01-10 19:35:00,INTERBANK_SETTLEMENT,IMPS,NPCI Interbank (KOTAK -> INDUS),IN,0,INTERBANK_CLEARING
TX_NPCI_119115,INDUS_ACC_20106,PNB_ACC_20002,668.48,2026-01-10 14:34:07,INTERBANK_SETTLEMENT,UPI,NPCI Interbank (INDUS -> PNB),IN,0,INTERBANK_CLEARING
TX_NPCI_119116,SBI_ACC_20036,YES_ACC_20071,1859.17,2026-01-10 11:52:00,INTERBANK_SETTLEMENT,UPI,NPCI Interbank (SBI -> YES),IN,0,INTERBANK_CLEARING
TX_NPCI_119117,PNB_ACC_20060,HDFC_ACC_20186,5470.56,2026-01-10 19:36:30,INTERBANK_SETTLEMENT,RTGS,NPCI Interbank (PNB -> HDFC),IN,0,INTERBANK_CLEARING
TX_NPCI_119118,BOB_ACC_20192,INDUS_ACC_20036,67.07,2026-01-10 10:19:24,INTERBANK_SETTLEMENT,UPI,NPCI Interbank (BOB -> INDUS),IN,0,INTERBANK_CLEARING
TX_NPCI_119119,AXIS_ACC_20214,KOTAK_ACC_20085,2359.61,2026-01-10 15:21:45,INTERBANK_SETTLEMENT,IMPS,NPCI Interbank (AXIS -> KOTAK),IN,0,INTERBANK_CLEARING
TX_NPCI_119120,BOB_ACC_20076,KOTAK_ACC_20019,6316.21,2026-01-10 15:45:20,INTERBANK_SETTLEMENT,RTGS,NPCI Interbank (BOB -> KOTAK),IN,0,INTERBANK_CLEARING
TX_NPCI_119121,CANARA_ACC_20042,KOTAK_ACC_20111,8049.95,2026-01-10 19:15:13,INTERBANK_SETTLEMENT,IMPS,NPCI Interbank (CANARA -> KOTAK),IN,0,INTERBANK_CLEARING
TX_NPCI_119122,KOTAK_ACC_20057,BOB_ACC_20112,1057.02,2026-01-10 13:49:30,INTERBANK_SETTLEMENT,IMPS,NPCI Interbank (KOTAK -> BOB),IN,0,INTERBANK_CLEARING
TX_NPCI_119123,PNB_ACC_20089,YES_ACC_20069,1701.04,2026-01-10 10:19:54,INTERBANK_SETTLEMENT,NEFT,NPCI Interbank (PNB -> YES),IN,0,INTERBANK_CLEARING
TX_NPCI_119124,KOTAK_ACC_20118,HDFC_ACC_20078,1165.17,2026-01-10 17:20:00,INTERBANK_SETTLEMENT,UPI,NPCI Interbank (KOTAK -> HDFC),IN,0,INTERBANK_CLEARING
TX_NPCI_119125,BOB_ACC_20003,HDFC_ACC_20044,1523.54,2026-01-10 13:03:33,INTERBANK_SETTLEMENT,UPI,NPCI Interbank (BOB -> HDFC),IN,0,INTERBANK_CLEARING
TX_NPCI_119126,ICICI_ACC_20189,BOB_ACC_20139,707.55,2026-01-10 11:30:18,INTERBANK_SETTLEMENT,UPI,NPCI Interbank (ICICI -> BOB),IN,0,INTERBANK_CLEARING
TX_NPCI_119127,PNB_ACC_20240,CANARA_ACC_20096,839.58,2026-01-10 18:54:44,INTERBANK_SETTLEMENT,UPI,NPCI Interbank (PNB -> CANARA),IN,0,INTERBANK_CLEARING
TX_NPCI_119128,HDFC_ACC_20080,HDFC_ACC_20090,4110.3,2026-01-10 16:11:24,INTERBANK_SETTLEMENT,UPI,NPCI Interbank (HDFC -> HDFC),IN,0,INTERBANK_CLEARING
TX_NPCI_119129,CANARA_ACC_20152,BOB_ACC_20015,2858.17,2026-01-10 09:57:05,INTERBANK_SETTLEMENT,UPI,NPCI Interbank (CANARA -> BOB),IN,0,INTERBANK_CLEARING
TX_NPCI_119130,YES_ACC_20030,INDUS_ACC_20207,4402.39,2026-01-10 16:12:06,INTERBANK_SETTLEMENT,IMPS,NPCI Interbank (YES -> INDUS),IN,0,INTERBANK_CLEARING
TX_NPCI_119131,YES_ACC_20241,KOTAK_ACC_20007,3155.23,2026-01-10 14:15:12,INTERBANK_SETTLEMENT,UPI,NPCI Interbank (YES -> KOTAK),IN,0,INTERBANK_CLEARING
TX_NPCI_119132,KOTAK_ACC_20109,CANARA_ACC_20239,5682.84,2026-01-10 10:20:48,INTERBANK_SETTLEMENT,IMPS,NPCI Interbank (KOTAK -> CANARA),IN,0,INTERBANK_CLEARING
TX_NPCI_119133,BOB_ACC_20003,SBI_ACC_20221,7001.34,2026-01-10 19:21:01,INTERBANK_SETTLEMENT,UPI,NPCI Interbank (BOB -> SBI),IN,0,INTERBANK_CLEARING
TX_NPCI_119134,ICICI_ACC_20186,INDUS_ACC_20131,301.85,2026-01-10 18:34:30,INTERBANK_SETTLEMENT,NEFT,NPCI Interbank (ICICI -> INDUS),IN,0,INTERBANK_CLEARING
TX_NPCI_119135,ICICI_ACC_20187,KOTAK_ACC_20203,875.53,2026-01-10 11:31:39,INTERBANK_SETTLEMENT,UPI,NPCI Interbank (ICICI -> KOTAK),IN,0,INTERBANK_CLEARING
TX_NPCI_119136,AXIS_ACC_20215,KOTAK_ACC_20127,1848.91,2026-01-10 17:24:48,INTERBANK_SETTLEMENT,UPI,NPCI Interbank (AXIS -> KOTAK),IN,0,INTERBANK_CLEARING
TX_NPCI_119137,BOB_ACC_20075,YES_ACC_20117,2375.08,2026-01-10 13:06:09,INTERBANK_SETTLEMENT,RTGS,NPCI Interbank (BOB -> YES),IN,0,INTERBANK_CLEARING
TX_NPCI_119138,ICICI_ACC_20016,ICICI_ACC_20094,1092.14,2026-01-10 13:53:30,INTERBANK_SETTLEMENT,UPI,NPCI Interbank (ICICI -> ICICI),IN,0,INTERBANK_CLEARING
TX_NPCI_119139,HDFC_ACC_20213,PNB_ACC_20163,7291.24,2026-01-10 13:53:45,INTERBANK_SETTLEMENT,UPI,NPCI Interbank (HDFC -> PNB),IN,0,INTERBANK_CLEARING
TX_NPCI_119140,BOB_ACC_20125,BOB_ACC_20035,26263.57,2026-01-10 13:30:24,INTERBANK_SETTLEMENT,UPI,NPCI Interbank (BOB -> BOB),IN,0,INTERBANK_CLEARING
TX_NPCI_119141,BOB_ACC_20185,PNB_ACC_20238,3051.52,2026-01-10 17:03:11,INTERBANK_SETTLEMENT,NEFT,NPCI Interbank (BOB -> PNB),IN,0,INTERBANK_CLEARING
TX_NPCI_119142,ICICI_ACC_20008,SBI_ACC_20024,2700.55,2026-01-10 18:38:06,INTERBANK_SETTLEMENT,UPI,NPCI Interbank (ICICI -> SBI),IN,0,INTERBANK_CLEARING
TX_NPCI_119143,SBI_ACC_20106,KOTAK_ACC_20219,6763.85,2026-01-10 14:42:03,INTERBANK_SETTLEMENT,UPI,NPCI Interbank (SBI -> KOTAK),IN,0,INTERBANK_CLEARING
TX_NPCI_119144,YES_ACC_20163,PNB_ACC_20195,260.08,2026-01-10 12:44:00,INTERBANK_SETTLEMENT,IMPS,NPCI Interbank (YES -> PNB),IN,0,INTERBANK_CLEARING
TX_NPCI_119145,YES_ACC_20240,ICICI_ACC_20129,2525.42,2026-01-10 19:03:08,INTERBANK_SETTLEMENT,RTGS,NPCI Interbank (YES -> ICICI),IN,0,INTERBANK_CLEARING
TX_NPCI_119146,INDUS_ACC_20130,CANARA_ACC_20206,7901.78,2026-01-10 13:31:48,INTERBANK_SETTLEMENT,NEFT,NPCI Interbank (INDUS -> CANARA),IN,0,INTERBANK_CLEARING
TX_NPCI_119147,YES_ACC_20094,INDUS_ACC_20004,1128.02,2026-01-10 13:55:45,INTERBANK_SETTLEMENT,RTGS,NPCI Interbank (YES -> INDUS),IN,0,INTERBANK_CLEARING
TX_NPCI_119148,PNB_ACC_20195,YES_ACC_20230,560.11,2026-01-10 18:17:04,INTERBANK_SETTLEMENT,UPI,NPCI Interbank (PNB -> YES),IN,0,INTERBANK_CLEARING
TX_NPCI_119149,YES_ACC_20188,PNB_ACC_20158,1952.83,2026-01-10 17:06:15,INTERBANK_SETTLEMENT,IMPS,NPCI Interbank (YES -> PNB),IN,0,INTERBANK_CLEARING
TX_NPCI_119150,BOB_ACC_20197,HDFC_ACC_20160,2269.19,2026-01-10 11:57:40,INTERBANK_SETTLEMENT,UPI,NPCI Interbank (BOB -> HDFC),IN,0,INTERBANK_CLEARING
TX_NPCI_119151,HDFC_ACC_20088,BOB_ACC_20071,820.26,2026-01-10 17:54:35,INTERBANK_SETTLEMENT,UPI,NPCI Interbank (HDFC -> BOB),IN,0,INTERBANK_CLEARING
TX_NPCI_119152,KOTAK_ACC_20235,INDUS_ACC_20044,30193.85,2026-01-10 16:19:48,INTERBANK_SETTLEMENT,IMPS,NPCI Interbank (KOTAK -> INDUS),IN,0,INTERBANK_CLEARING
TX_NPCI_119153,HDFC_ACC_20049,CANARA_ACC_20092,1374.11,2026-01-10 17:07:47,INTERBANK_SETTLEMENT,UPI,NPCI Interbank (HDFC -> CANARA),IN,0,INTERBANK_CLEARING
TX_NPCI_119154,SBI_ACC_20050,PNB_ACC_20012,611.31,2026-01-10 16:20:30,INTERBANK_SETTLEMENT,UPI,NPCI Interbank (SBI -> PNB),IN,0,INTERBANK_CLEARING
TX_NPCI_119155,INDUS_ACC_20210,CANARA_ACC_20000,2181.25,2026-01-10 15:33:09,INTERBANK_SETTLEMENT,UPI,NPCI Interbank (INDUS -> CANARA),IN,0,INTERBANK_CLEARING
TX_NPCI_119156,KOTAK_ACC_20036,ICICI_ACC_20192,7254.9,2026-01-10 13:58:00,INTERBANK_SETTLEMENT,UPI,NPCI Interbank (KOTAK -> ICICI),IN,0,INTERBANK_CLEARING
TX_NPCI_119157,KOTAK_ACC_20023,ICICI_ACC_20123,2492.14,2026-01-10 13:10:29,INTERBANK_SETTLEMENT,IMPS,NPCI Interbank (KOTAK -> ICICI),IN,0,INTERBANK_CLEARING
TX_NPCI_119158,AXIS_ACC_20098,CANARA_ACC_20039,4370.85,2026-01-10 18:45:18,INTERBANK_SETTLEMENT,UPI,NPCI Interbank (AXIS -> CANARA),IN,0,INTERBANK_CLEARING
TX_NPCI_119159,YES_ACC_20204,KOTAK_ACC_20176,857.64,2026-01-10 19:09:40,INTERBANK_SETTLEMENT,UPI,NPCI Interbank (YES -> KOTAK),IN,0,INTERBANK_CLEARING
TX_NPCI_119160,CANARA_ACC_20008,KOTAK_ACC_20113,14548.25,2026-01-10 15:10:48,INTERBANK_SETTLEMENT,UPI,NPCI Interbank (CANARA -> KOTAK),IN,0,INTERBANK_CLEARING
TX_NPCI_119161,HDFC_ACC_20077,AXIS_ACC_20035,4788.89,2026-01-10 09:59:45,INTERBANK_SETTLEMENT,NEFT,NPCI Interbank (HDFC -> AXIS),IN,0,INTERBANK_CLEARING
TX_NPCI_119162,ICICI_ACC_20081,AXIS_ACC_20190,8580.45,2026-01-10 19:59:00,INTERBANK_SETTLEMENT,UPI,NPCI Interbank (ICICI -> AXIS),IN,0,INTERBANK_CLEARING
TX_NPCI_119163,KOTAK_ACC_20189,KOTAK_ACC_20006,3782.7,2026-01-10 09:59:55,INTERBANK_SETTLEMENT,RTGS,NPCI Interbank (KOTAK -> KOTAK),IN,0,INTERBANK_CLEARING
TX_NPCI_119164,YES_ACC_20211,HDFC_ACC_20212,6567.32,2026-01-10 14:24:00,INTERBANK_SETTLEMENT,RTGS,NPCI Interbank (YES -> HDFC),IN,0,INTERBANK_CLEARING
TX_NPCI_119165,INDUS_ACC_20226,ICICI_ACC_20165,856.06,2026-01-10 18:24:26,INTERBANK_SETTLEMENT,UPI,NPCI Interbank (INDUS -> ICICI),IN,0,INTERBANK_CLEARING
TX_NPCI_119166,ICICI_ACC_20026,SBI_ACC_20228,1353.31,2026-01-10 10:24:12,INTERBANK_SETTLEMENT,UPI,NPCI Interbank (ICICI -> SBI),IN,0,INTERBANK_CLEARING
TX_NPCI_119167,KOTAK_ACC_20092,HDFC_ACC_20130,12280.61,2026-01-10 10:24:18,INTERBANK_SETTLEMENT,UPI,NPCI Interbank (KOTAK -> HDFC),IN,0,INTERBANK_CLEARING
TX_NPCI_119168,INDUS_ACC_20167,SBI_ACC_20100,15862.14,2026-01-10 16:25:24,INTERBANK_SETTLEMENT,UPI,NPCI Interbank (INDUS -> SBI),IN,0,INTERBANK_CLEARING
TX_NPCI_119169,ICICI_ACC_20159,ICICI_ACC_20042,616.17,2026-01-10 10:00:25,INTERBANK_SETTLEMENT,UPI,NPCI Interbank (ICICI -> ICICI),IN,0,INTERBANK_CLEARING
TX_NPCI_119170,SBI_ACC_20138,HDFC_ACC_20128,3293.42,2026-01-10 18:26:36,INTERBANK_SETTLEMENT,UPI,NPCI Interbank (SBI -> HDFC),IN,0,INTERBANK_CLEARING
TX_NPCI_119171,PNB_ACC_20125,ICICI_ACC_20035,1455.15,2026-01-10 14:01:45,INTERBANK_SETTLEMENT,UPI,NPCI Interbank (PNB -> ICICI),IN,0,INTERBANK_CLEARING
TX_NPCI_119172,ICICI_ACC_20183,YES_ACC_20096,1057.39,2026-01-10 16:26:48,INTERBANK_SETTLEMENT,UPI,NPCI Interbank (ICICI -> YES),IN,0,INTERBANK_CLEARING
TX_NPCI_119173,ICICI_ACC_20196,PNB_ACC_20112,3435.12,2026-01-10 11:13:12,INTERBANK_SETTLEMENT,UPI,NPCI Interbank (ICICI -> PNB),IN,0,INTERBANK_CLEARING
TX_NPCI_119174,YES_ACC_20064,INDUS_ACC_20011,9596.52,2026-01-10 17:15:50,INTERBANK_SETTLEMENT,NEFT,NPCI Interbank (YES -> INDUS),IN,0,INTERBANK_CLEARING
TX_NPCI_119175,YES_ACC_20176,HDFC_ACC_20231,4196.45,2026-01-10 12:01:50,INTERBANK_SETTLEMENT,UPI,NPCI Interbank (YES -> HDFC),IN,0,INTERBANK_CLEARING
TX_NPCI_119176,SBI_ACC_20131,HDFC_ACC_20171,1663.34,2026-01-10 12:26:12,INTERBANK_SETTLEMENT,UPI,NPCI Interbank (SBI -> HDFC),IN,0,INTERBANK_CLEARING
TX_NPCI_119177,BOB_ACC_20235,PNB_ACC_20066,4527.08,2026-01-10 13:14:49,INTERBANK_SETTLEMENT,UPI,NPCI Interbank (BOB -> PNB),IN,0,INTERBANK_CLEARING
TX_NPCI_119178,SBI_ACC_20228,AXIS_ACC_20249,1584.51,2026-01-10 10:25:24,INTERBANK_SETTLEMENT,UPI,NPCI Interbank (SBI -> AXIS),IN,0,INTERBANK_CLEARING
TX_NPCI_119179,CANARA_ACC_20224,CANARA_ACC_20157,4001.95,2026-01-10 11:14:00,INTERBANK_SETTLEMENT,IMPS,NPCI Interbank (CANARA -> CANARA),IN,0,INTERBANK_CLEARING
TX_NPCI_119180,KOTAK_ACC_20243,PNB_ACC_20213,13039.77,2026-01-10 12:26:56,INTERBANK_SETTLEMENT,UPI,NPCI Interbank (KOTAK -> PNB),IN,0,INTERBANK_CLEARING
TX_NPCI_119181,BOB_ACC_20169,KOTAK_ACC_20151,201.83,2026-01-10 13:39:58,INTERBANK_SETTLEMENT,UPI,NPCI Interbank (BOB -> KOTAK),IN,0,INTERBANK_CLEARING
TX_NPCI_119182,BOB_ACC_20192,ICICI_ACC_20170,6353.13,2026-01-10 15:41:42,INTERBANK_SETTLEMENT,UPI,NPCI Interbank (BOB -> ICICI),IN,0,INTERBANK_CLEARING
TX_NPCI_119183,BOB_ACC_20166,HDFC_ACC_20198,384.96,2026-01-10 19:20:52,INTERBANK_SETTLEMENT,UPI,NPCI Interbank (BOB -> HDFC),IN,0,INTERBANK_CLEARING
TX_NPCI_119184,HDFC_ACC_20066,INDUS_ACC_20099,10657.22,2026-01-10 18:57:00,INTERBANK_SETTLEMENT,IMPS,NPCI Interbank (HDFC -> INDUS),IN,0,INTERBANK_CLEARING
TX_NPCI_119185,INDUS_ACC_20110,AXIS_ACC_20057,1136.34,2026-01-10 14:53:57,INTERBANK_SETTLEMENT,UPI,NPCI Interbank (INDUS -> AXIS),IN,0,INTERBANK_CLEARING
TX_NPCI_119186,HDFC_ACC_20152,CANARA_ACC_20247,566.11,2026-01-10 18:33:32,INTERBANK_SETTLEMENT,UPI,NPCI Interbank (HDFC -> CANARA),IN,0,INTERBANK_CLEARING
TX_NPCI_119187,CANARA_ACC_20178,YES_ACC_20211,5621.33,2026-01-10 15:43:17,INTERBANK_SETTLEMENT,UPI,NPCI Interbank (CANARA -> YES),IN,0,INTERBANK_CLEARING
TX_NPCI_119188,KOTAK_ACC_20077,PNB_ACC_20129,3778.2,2026-01-10 11:39:36,INTERBANK_SETTLEMENT,UPI,NPCI Interbank (KOTAK -> PNB),IN,0,INTERBANK_CLEARING
TX_NPCI_119189,HDFC_ACC_20046,INDUS_ACC_20239,735.81,2026-01-10 14:06:15,INTERBANK_SETTLEMENT,UPI,NPCI Interbank (HDFC -> INDUS),IN,0,INTERBANK_CLEARING
TX_NPCI_119190,AXIS_ACC_20082,PNB_ACC_20075,542.62,2026-01-10 15:19:48,INTERBANK_SETTLEMENT,UPI,NPCI Interbank (AXIS -> PNB),IN,0,INTERBANK_CLEARING
TX_NPCI_119191,CANARA_ACC_20076,KOTAK_ACC_20007,1948.9,2026-01-10 19:00:09,INTERBANK_SETTLEMENT,UPI,NPCI Interbank (CANARA -> KOTAK),IN,0,INTERBANK_CLEARING
TX_NPCI_119192,KOTAK_ACC_20137,HDFC_ACC_20050,575.42,2026-01-10 14:31:28,INTERBANK_SETTLEMENT,UPI,NPCI Interbank (KOTAK -> HDFC),IN,0,INTERBANK_CLEARING
TX_NPCI_119193,AXIS_ACC_20045,HDFC_ACC_20029,682.82,2026-01-10 19:50:01,INTERBANK_SETTLEMENT,NEFT,NPCI Interbank (AXIS -> HDFC),IN,0,INTERBANK_CLEARING
TX_NPCI_119194,KOTAK_ACC_20060,YES_ACC_20204,2803.84,2026-01-10 18:37:00,INTERBANK_SETTLEMENT,UPI,NPCI Interbank (KOTAK -> YES),IN,0,INTERBANK_CLEARING
TX_NPCI_119195,SBI_ACC_20012,AXIS_ACC_20237,765.83,2026-01-10 16:34:51,INTERBANK_SETTLEMENT,UPI,NPCI Interbank (SBI -> AXIS),IN,0,INTERBANK_CLEARING
TX_NPCI_119196,PNB_ACC_20043,KOTAK_ACC_20124,4071.83,2026-01-10 14:08:00,INTERBANK_SETTLEMENT,UPI,NPCI Interbank (PNB -> KOTAK),IN,0,INTERBANK_CLEARING
TX_NPCI_119197,HDFC_ACC_20039,ICICI_ACC_20001,14591.18,2026-01-10 13:43:42,INTERBANK_SETTLEMENT,UPI,NPCI Interbank (HDFC -> ICICI),IN,0,INTERBANK_CLEARING
TX_NPCI_119198,PNB_ACC_20040,CANARA_ACC_20007,2042.1,2026-01-10 19:27:52,INTERBANK_SETTLEMENT,UPI,NPCI Interbank (PNB -> CANARA),IN,0,INTERBANK_CLEARING
TX_NPCI_119199,YES_ACC_20165,BOB_ACC_20066,2853.16,2026-01-10 19:28:20,INTERBANK_SETTLEMENT,NEFT,NPCI Interbank (YES -> BOB),IN,0,INTERBANK_CLEARING
TX_NPCI_119200,ICICI_ACC_20218,INDUS_ACC_20173,27493.81,2026-01-10 18:15:00,INTERBANK_SETTLEMENT,NEFT,NPCI Interbank (ICICI -> INDUS),IN,0,INTERBANK_CLEARING
TX_NPCI_119201,HDFC_ACC_20119,AXIS_ACC_20106,586.91,2026-01-10 15:23:06,INTERBANK_SETTLEMENT,UPI,NPCI Interbank (HDFC -> AXIS),IN,0,INTERBANK_CLEARING
TX_NPCI_119202,KOTAK_ACC_20226,CANARA_ACC_20137,10193.26,2026-01-10 12:30:58,INTERBANK_SETTLEMENT,UPI,NPCI Interbank (KOTAK -> CANARA),IN,0,INTERBANK_CLEARING
TX_NPCI_119203,ICICI_ACC_20222,BOB_ACC_20131,8822.22,2026-01-10 14:09:45,INTERBANK_SETTLEMENT,RTGS,NPCI Interbank (ICICI -> BOB),IN,0,INTERBANK_CLEARING
TX_NPCI_119204,AXIS_ACC_20006,HDFC_ACC_20028,6803.42,2026-01-10 10:03:20,INTERBANK_SETTLEMENT,NEFT,NPCI Interbank (AXIS -> HDFC),IN,0,INTERBANK_CLEARING
TX_NPCI_119205,ICICI_ACC_20101,YES_ACC_20131,11499.94,2026-01-10 12:56:12,INTERBANK_SETTLEMENT,IMPS,NPCI Interbank (ICICI -> YES),IN,0,INTERBANK_CLEARING
TX_NPCI_119206,PNB_ACC_20082,BOB_ACC_20161,3417.59,2026-01-10 14:10:30,INTERBANK_SETTLEMENT,NEFT,NPCI Interbank (PNB -> BOB),IN,0,INTERBANK_CLEARING
TX_NPCI_119207,HDFC_ACC_20125,HDFC_ACC_20223,1212.55,2026-01-10 12:07:10,INTERBANK_SETTLEMENT,UPI,NPCI Interbank (HDFC -> HDFC),IN,0,INTERBANK_CLEARING
TX_NPCI_119208,CANARA_ACC_20128,SBI_ACC_20028,9076.9,2026-01-10 19:32:32,INTERBANK_SETTLEMENT,UPI,NPCI Interbank (CANARA -> SBI),IN,0,INTERBANK_CLEARING
TX_NPCI_119209,PNB_ACC_20054,BOB_ACC_20154,9503.45,2026-01-10 10:28:30,INTERBANK_SETTLEMENT,RTGS,NPCI Interbank (PNB -> BOB),IN,0,INTERBANK_CLEARING
TX_NPCI_119210,AXIS_ACC_20205,SBI_ACC_20183,9194.65,2026-01-10 10:03:50,INTERBANK_SETTLEMENT,UPI,NPCI Interbank (AXIS -> SBI),IN,0,INTERBANK_CLEARING
TX_NPCI_119211,INDUS_ACC_20005,YES_ACC_20042,2574.48,2026-01-10 11:18:16,INTERBANK_SETTLEMENT,IMPS,NPCI Interbank (INDUS -> YES),IN,0,INTERBANK_CLEARING
TX_NPCI_119212,HDFC_ACC_20205,KOTAK_ACC_20240,1033.36,2026-01-10 19:34:24,INTERBANK_SETTLEMENT,UPI,NPCI Interbank (HDFC -> KOTAK),IN,0,INTERBANK_CLEARING
TX_NPCI_119213,BOB_ACC_20131,SBI_ACC_20229,3070.62,2026-01-10 18:20:25,INTERBANK_SETTLEMENT,IMPS,NPCI Interbank (BOB -> SBI),IN,0,INTERBANK_CLEARING
TX_NPCI_119214,KOTAK_ACC_20118,SBI_ACC_20117,7560.37,2026-01-10 12:33:10,INTERBANK_SETTLEMENT,UPI,NPCI Interbank (KOTAK -> SBI),IN,0,INTERBANK_CLEARING
TX_NPCI_119215,ICICI_ACC_20033,PNB_ACC_20031,8343.37,2026-01-10 18:46:06,INTERBANK_SETTLEMENT,IMPS,NPCI Interbank (ICICI -> PNB),IN,0,INTERBANK_CLEARING
TX_NPCI_119216,SBI_ACC_20086,BOB_ACC_20149,1457.37,2026-01-10 20:26:00,INTERBANK_SETTLEMENT,UPI,NPCI Interbank (SBI -> BOB),IN,0,INTERBANK_CLEARING
TX_NPCI_119217,SBI_ACC_20221,INDUS_ACC_20130,3563.32,2026-01-10 12:33:43,INTERBANK_SETTLEMENT,IMPS,NPCI Interbank (SBI -> INDUS),IN,0,INTERBANK_CLEARING
TX_NPCI_119218,AXIS_ACC_20212,CANARA_ACC_20158,507.48,2026-01-10 13:23:42,INTERBANK_SETTLEMENT,IMPS,NPCI Interbank (AXIS -> CANARA),IN,0,INTERBANK_CLEARING
TX_NPCI_119219,AXIS_ACC_20200,PNB_ACC_20151,7958.06,2026-01-10 10:54:25,INTERBANK_SETTLEMENT,NEFT,NPCI Interbank (AXIS -> PNB),IN,0,INTERBANK_CLEARING
TX_NPCI_119220,KOTAK_ACC_20231,HDFC_ACC_20030,953.4,2026-01-10 20:03:04,INTERBANK_SETTLEMENT,IMPS,NPCI Interbank (KOTAK -> HDFC),IN,0,INTERBANK_CLEARING
TX_NPCI_119221,YES_ACC_20044,ICICI_ACC_20243,6262.32,2026-01-10 16:43:57,INTERBANK_SETTLEMENT,UPI,NPCI Interbank (YES -> ICICI),IN,0,INTERBANK_CLEARING
TX_NPCI_119222,AXIS_ACC_20119,AXIS_ACC_20088,614.52,2026-01-10 17:59:12,INTERBANK_SETTLEMENT,IMPS,NPCI Interbank (AXIS -> AXIS),IN,0,INTERBANK_CLEARING
TX_NPCI_119223,HDFC_ACC_20050,AXIS_ACC_20218,8414.39,2026-01-10 15:29:42,INTERBANK_SETTLEMENT,UPI,NPCI Interbank (HDFC -> AXIS),IN,0,INTERBANK_CLEARING
TX_NPCI_119224,HDFC_ACC_20097,PNB_ACC_20165,3591.06,2026-01-10 11:20:00,INTERBANK_SETTLEMENT,UPI,NPCI Interbank (HDFC -> PNB),IN,0,INTERBANK_CLEARING
TX_NPCI_119225,PNB_ACC_20231,PNB_ACC_20152,955.63,2026-01-10 18:00:24,INTERBANK_SETTLEMENT,NEFT,NPCI Interbank (PNB -> PNB),IN,0,INTERBANK_CLEARING
TX_NPCI_119226,HDFC_ACC_20242,YES_ACC_20139,5594.99,2026-01-10 18:50:52,INTERBANK_SETTLEMENT,UPI,NPCI Interbank (HDFC -> YES),IN,0,INTERBANK_CLEARING
TX_NPCI_119227,PNB_ACC_20060,PNB_ACC_20067,1201.79,2026-01-10 17:11:06,INTERBANK_SETTLEMENT,UPI,NPCI Interbank (PNB -> PNB),IN,0,INTERBANK_CLEARING
TX_NPCI_119228,INDUS_ACC_20028,ICICI_ACC_20230,5999.71,2026-01-10 11:20:32,INTERBANK_SETTLEMENT,UPI,NPCI Interbank (INDUS -> ICICI),IN,0,INTERBANK_CLEARING
TX_NPCI_119229,KOTAK_ACC_20178,SBI_ACC_20053,1756.48,2026-01-10 15:31:30,INTERBANK_SETTLEMENT,IMPS,NPCI Interbank (KOTAK -> SBI),IN,0,INTERBANK_CLEARING
TX_NPCI_119230,AXIS_ACC_20233,BOB_ACC_20013,309.43,2026-01-10 15:56:54,INTERBANK_SETTLEMENT,UPI,NPCI Interbank (AXIS -> BOB),IN,0,INTERBANK_CLEARING
TX_NPCI_119231,KOTAK_ACC_20177,PNB_ACC_20118,750.77,2026-01-10 19:43:16,INTERBANK_SETTLEMENT,IMPS,NPCI Interbank (KOTAK -> PNB),IN,0,INTERBANK_CLEARING
TX_NPCI_119232,HDFC_ACC_20205,ICICI_ACC_20142,1456.08,2026-01-10 13:26:44,INTERBANK_SETTLEMENT,IMPS,NPCI Interbank (HDFC -> ICICI),IN,0,INTERBANK_CLEARING
TX_NPCI_119233,SBI_ACC_20226,AXIS_ACC_20144,12604.72,2026-01-10 15:32:42,INTERBANK_SETTLEMENT,UPI,NPCI Interbank (SBI -> AXIS),IN,0,INTERBANK_CLEARING
TX_NPCI_119234,SBI_ACC_20081,PNB_ACC_20200,7196.66,2026-01-10 20:09:50,INTERBANK_SETTLEMENT,UPI,NPCI Interbank (SBI -> PNB),IN,0,INTERBANK_CLEARING
TX_NPCI_119235,HDFC_ACC_20244,YES_ACC_20033,17130.81,2026-01-10 13:02:12,INTERBANK_SETTLEMENT,IMPS,NPCI Interbank (HDFC -> YES),IN,0,INTERBANK_CLEARING
TX_NPCI_119236,YES_ACC_20025,YES_ACC_20240,17753.93,2026-01-10 16:24:00,INTERBANK_SETTLEMENT,RTGS,NPCI Interbank (YES -> YES),IN,0,INTERBANK_CLEARING
TX_NPCI_119237,YES_ACC_20230,CANARA_ACC_20209,1284.72,2026-01-10 18:30:25,INTERBANK_SETTLEMENT,UPI,NPCI Interbank (YES -> CANARA),IN,0,INTERBANK_CLEARING
TX_NPCI_119238,ICICI_ACC_20130,CANARA_ACC_20243,1946.55,2026-01-10 16:24:40,INTERBANK_SETTLEMENT,IMPS,NPCI Interbank (ICICI -> CANARA),IN,0,INTERBANK_CLEARING
TX_NPCI_119239,INDUS_ACC_20219,PNB_ACC_20160,1489.9,2026-01-10 11:47:15,INTERBANK_SETTLEMENT,UPI,NPCI Interbank (INDUS -> PNB),IN,0,INTERBANK_CLEARING
TX_NPCI_119240,HDFC_ACC_20095,ICICI_ACC_20222,1090.28,2026-01-10 12:37:56,INTERBANK_SETTLEMENT,NEFT,NPCI Interbank (HDFC -> ICICI),IN,0,INTERBANK_CLEARING
TX_NPCI_119241,CANARA_ACC_20040,AXIS_ACC_20081,267.79,2026-01-10 13:53:58,INTERBANK_SETTLEMENT,UPI,NPCI Interbank (CANARA -> AXIS),IN,0,INTERBANK_CLEARING
TX_NPCI_119242,BOB_ACC_20140,INDUS_ACC_20249,2397.79,2026-01-10 13:03:36,INTERBANK_SETTLEMENT,UPI,NPCI Interbank (BOB -> INDUS),IN,0,INTERBANK_CLEARING
TX_NPCI_119243,ICICI_ACC_20050,AXIS_ACC_20001,521.82,2026-01-10 12:38:29,INTERBANK_SETTLEMENT,UPI,NPCI Interbank (ICICI -> AXIS),IN,0,INTERBANK_CLEARING
TX_NPCI_119244,HDFC_ACC_20089,PNB_ACC_20047,2342.55,2026-01-10 11:48:00,INTERBANK_SETTLEMENT,UPI,NPCI Interbank (HDFC -> PNB),IN,0,INTERBANK_CLEARING
TX_NPCI_119245,AXIS_ACC_20215,BOB_ACC_20059,30912.78,2026-01-10 11:48:09,INTERBANK_SETTLEMENT,NEFT,NPCI Interbank (AXIS -> BOB),IN,0,INTERBANK_CLEARING
TX_NPCI_119246,PNB_ACC_20169,BOB_ACC_20175,1324.49,2026-01-10 11:22:56,INTERBANK_SETTLEMENT,IMPS,NPCI Interbank (PNB -> BOB),IN,0,INTERBANK_CLEARING
TX_NPCI_119247,SBI_ACC_20139,PNB_ACC_20186,3083.22,2026-01-10 10:57:41,INTERBANK_SETTLEMENT,IMPS,NPCI Interbank (SBI -> PNB),IN,0,INTERBANK_CLEARING
TX_NPCI_119248,SBI_ACC_20145,YES_ACC_20123,7244.36,2026-01-10 14:21:00,INTERBANK_SETTLEMENT,RTGS,NPCI Interbank (SBI -> YES),IN,0,INTERBANK_CLEARING
TX_NPCI_119249,ICICI_ACC_20025,ICICI_ACC_20012,3416.42,2026-01-10 20:42:30,INTERBANK_SETTLEMENT,UPI,NPCI Interbank (ICICI -> ICICI),IN,0,INTERBANK_CLEARING
TX_NPCI_119250,CANARA_ACC_20177,BOB_ACC_20129,3466.78,2026-01-10 19:52:08,INTERBANK_SETTLEMENT,UPI,NPCI Interbank (CANARA -> BOB),IN,0,INTERBANK_CLEARING
TX_NPCI_119251,SBI_ACC_20085,CANARA_ACC_20012,1579.9,2026-01-10 16:03:33,INTERBANK_SETTLEMENT,IMPS,NPCI Interbank (SBI -> CANARA),IN,0,INTERBANK_CLEARING
TX_NPCI_119252,SBI_ACC_20213,AXIS_ACC_20161,1847.79,2026-01-10 10:32:48,INTERBANK_SETTLEMENT,UPI,NPCI Interbank (SBI -> AXIS),IN,0,INTERBANK_CLEARING
TX_NPCI_119253,HDFC_ACC_20056,HDFC_ACC_20032,771.23,2026-01-10 18:11:36,INTERBANK_SETTLEMENT,IMPS,NPCI Interbank (HDFC -> HDFC),IN,0,INTERBANK_CLEARING
TX_NPCI_119254,AXIS_ACC_20101,INDUS_ACC_20007,6736.22,2026-01-10 10:33:00,INTERBANK_SETTLEMENT,UPI,NPCI Interbank (AXIS -> INDUS),IN,0,INTERBANK_CLEARING
TX_NPCI_119255,AXIS_ACC_20245,YES_ACC_20102,301.93,2026-01-10 12:40:41,INTERBANK_SETTLEMENT,UPI,NPCI Interbank (AXIS -> YES),IN,0,INTERBANK_CLEARING
TX_NPCI_119256,ICICI_ACC_20000,INDUS_ACC_20115,7826.78,2026-01-10 10:58:44,INTERBANK_SETTLEMENT,UPI,NPCI Interbank (ICICI -> INDUS),IN,0,INTERBANK_CLEARING
TX_NPCI_119257,CANARA_ACC_20154,SBI_ACC_20063,452.85,2026-01-10 11:49:57,INTERBANK_SETTLEMENT,NEFT,NPCI Interbank (CANARA -> SBI),IN,0,INTERBANK_CLEARING
TX_NPCI_119258,KOTAK_ACC_20109,KOTAK_ACC_20155,7747.53,2026-01-10 19:30:18,INTERBANK_SETTLEMENT,IMPS,NPCI Interbank (KOTAK -> KOTAK),IN,0,INTERBANK_CLEARING
TX_NPCI_119259,BOB_ACC_20028,SBI_ACC_20012,1596.26,2026-01-10 15:14:55,INTERBANK_SETTLEMENT,IMPS,NPCI Interbank (BOB -> SBI),IN,0,INTERBANK_CLEARING
TX_NPCI_119260,AXIS_ACC_20061,HDFC_ACC_20113,556.55,2026-01-10 12:16:00,INTERBANK_SETTLEMENT,UPI,NPCI Interbank (AXIS -> HDFC),IN,0,INTERBANK_CLEARING
TX_NPCI_119261,CANARA_ACC_20219,SBI_ACC_20103,4891.03,2026-01-10 17:49:11,INTERBANK_SETTLEMENT,UPI,NPCI Interbank (CANARA -> SBI),IN,0,INTERBANK_CLEARING
TX_NPCI_119262,SBI_ACC_20228,YES_ACC_20020,7439.22,2026-01-10 10:08:10,INTERBANK_SETTLEMENT,RTGS,NPCI Interbank (SBI -> YES),IN,0,INTERBANK_CLEARING
TX_NPCI_119263,KOTAK_ACC_20084,BOB_ACC_20158,1442.75,2026-01-10 18:15:36,INTERBANK_SETTLEMENT,UPI,NPCI Interbank (KOTAK -> BOB),IN,0,INTERBANK_CLEARING
TX_NPCI_119264,ICICI_ACC_20223,SBI_ACC_20053,5794.9,2026-01-10 19:33:00,INTERBANK_SETTLEMENT,UPI,NPCI Interbank (ICICI -> SBI),IN,0,INTERBANK_CLEARING
TX_NPCI_119265,SBI_ACC_20147,KOTAK_ACC_20192,157.26,2026-01-10 19:07:46,INTERBANK_SETTLEMENT,NEFT,NPCI Interbank (SBI -> KOTAK),IN,0,INTERBANK_CLEARING
TX_NPCI_119266,YES_ACC_20084,CANARA_ACC_20082,500.34,2026-01-10 17:51:06,INTERBANK_SETTLEMENT,NEFT,NPCI Interbank (YES -> CANARA),IN,0,INTERBANK_CLEARING
TX_NPCI_119267,SBI_ACC_20231,HDFC_ACC_20071,11509.07,2026-01-10 20:25:47,INTERBANK_SETTLEMENT,UPI,NPCI Interbank (SBI -> HDFC),IN,0,INTERBANK_CLEARING
TX_NPCI_119268,SBI_ACC_20017,HDFC_ACC_20160,1866.08,2026-01-10 13:08:48,INTERBANK_SETTLEMENT,UPI,NPCI Interbank (SBI -> HDFC),IN,0,INTERBANK_CLEARING
TX_NPCI_119269,YES_ACC_20226,SBI_ACC_20026,261.22,2026-01-10 15:43:30,INTERBANK_SETTLEMENT,IMPS,NPCI Interbank (YES -> SBI),IN,0,INTERBANK_CLEARING
TX_NPCI_119270,HDFC_ACC_20062,SBI_ACC_20241,1055.07,2026-01-10 11:51:54,INTERBANK_SETTLEMENT,UPI,NPCI Interbank (HDFC -> SBI),IN,0,INTERBANK_CLEARING
TX_NPCI_119271,AXIS_ACC_20245,PNB_ACC_20075,805.87,2026-01-10 14:26:45,INTERBANK_SETTLEMENT,IMPS,NPCI Interbank (AXIS -> PNB),IN,0,INTERBANK_CLEARING
TX_NPCI_119272,ICICI_ACC_20171,AXIS_ACC_20053,1999.89,2026-01-10 19:10:48,INTERBANK_SETTLEMENT,UPI,NPCI Interbank (ICICI -> AXIS),IN,0,INTERBANK_CLEARING
TX_NPCI_119273,YES_ACC_20067,PNB_ACC_20155,1564.15,2026-01-10 20:28:41,INTERBANK_SETTLEMENT,UPI,NPCI Interbank (YES -> PNB),IN,0,INTERBANK_CLEARING
TX_NPCI_119274,ICICI_ACC_20202,CANARA_ACC_20211,3025.16,2026-01-10 11:26:40,INTERBANK_SETTLEMENT,UPI,NPCI Interbank (ICICI -> CANARA),IN,0,INTERBANK_CLEARING
TX_NPCI_119275,ICICI_ACC_20068,KOTAK_ACC_20199,2245.4,2026-01-10 14:01:54,INTERBANK_SETTLEMENT,UPI,NPCI Interbank (ICICI -> KOTAK),IN,0,INTERBANK_CLEARING
TX_NPCI_119276,PNB_ACC_20129,BOB_ACC_20157,12477.56,2026-01-10 17:03:12,INTERBANK_SETTLEMENT,UPI,NPCI Interbank (PNB -> BOB),IN,0,INTERBANK_CLEARING
TX_NPCI_119277,INDUS_ACC_20136,PNB_ACC_20086,4062.11,2026-01-10 14:02:22,INTERBANK_SETTLEMENT,IMPS,NPCI Interbank (INDUS -> PNB),IN,0,INTERBANK_CLEARING
TX_NPCI_119278,YES_ACC_20248,AXIS_ACC_20141,4226.82,2026-01-10 13:36:42,INTERBANK_SETTLEMENT,NEFT,NPCI Interbank (YES -> AXIS),IN,0,INTERBANK_CLEARING
TX_NPCI_119279,AXIS_ACC_20109,SBI_ACC_20030,9879.22,2026-01-10 17:56:05,INTERBANK_SETTLEMENT,UPI,NPCI Interbank (AXIS -> SBI),IN,0,INTERBANK_CLEARING
TX_NPCI_119280,YES_ACC_20046,BOB_ACC_20096,1530.7,2026-01-10 12:19:20,INTERBANK_SETTLEMENT,UPI,NPCI Interbank (YES -> BOB),IN,0,INTERBANK_CLEARING
TX_NPCI_119281,CANARA_ACC_20082,HDFC_ACC_20213,536.87,2026-01-10 11:53:33,INTERBANK_SETTLEMENT,UPI,NPCI Interbank (CANARA -> HDFC),IN,0,INTERBANK_CLEARING
TX_NPCI_119282,YES_ACC_20145,HDFC_ACC_20210,10387.56,2026-01-10 10:09:50,INTERBANK_SETTLEMENT,UPI,NPCI Interbank (YES -> HDFC),IN,0,INTERBANK_CLEARING
TX_NPCI_119283,AXIS_ACC_20030,ICICI_ACC_20229,2872.71,2026-01-10 11:53:51,INTERBANK_SETTLEMENT,IMPS,NPCI Interbank (AXIS -> ICICI),IN,0,INTERBANK_CLEARING
TX_NPCI_119284,HDFC_ACC_20237,HDFC_ACC_20118,2884.83,2026-01-10 16:40:00,INTERBANK_SETTLEMENT,UPI,NPCI Interbank (HDFC -> HDFC),IN,0,INTERBANK_CLEARING
TX_NPCI_119285,AXIS_ACC_20080,SBI_ACC_20199,1141.39,2026-01-10 14:30:15,INTERBANK_SETTLEMENT,UPI,NPCI Interbank (AXIS -> SBI),IN,0,INTERBANK_CLEARING
TX_NPCI_119286,SBI_ACC_20188,PNB_ACC_20009,1164.18,2026-01-10 16:40:40,INTERBANK_SETTLEMENT,UPI,NPCI Interbank (SBI -> PNB),IN,0,INTERBANK_CLEARING
TX_NPCI_119287,KOTAK_ACC_20221,AXIS_ACC_20005,6741.7,2026-01-10 11:28:24,INTERBANK_SETTLEMENT,NEFT,NPCI Interbank (KOTAK -> AXIS),IN,0,INTERBANK_CLEARING
TX_NPCI_119288,YES_ACC_20158,INDUS_ACC_20168,7955.25,2026-01-10 11:54:36,INTERBANK_SETTLEMENT,UPI,NPCI Interbank (YES -> INDUS),IN,0,INTERBANK_CLEARING
TX_NPCI_119289,HDFC_ACC_20196,CANARA_ACC_20237,6251.57,2026-01-10 17:59:55,INTERBANK_SETTLEMENT,UPI,NPCI Interbank (HDFC -> CANARA),IN,0,INTERBANK_CLEARING
TX_NPCI_119290,SBI_ACC_20036,KOTAK_ACC_20184,6320.5,2026-01-10 13:39:18,INTERBANK_SETTLEMENT,RTGS,NPCI Interbank (SBI -> KOTAK),IN,0,INTERBANK_CLEARING
TX_NPCI_119291,AXIS_ACC_20006,ICICI_ACC_20010,4831.13,2026-01-10 17:34:34,INTERBANK_SETTLEMENT,UPI,NPCI Interbank (AXIS -> ICICI),IN,0,INTERBANK_CLEARING
TX_NPCI_119292,PNB_ACC_20237,KOTAK_ACC_20130,2857.86,2026-01-10 18:27:12,INTERBANK_SETTLEMENT,UPI,NPCI Interbank (PNB -> KOTAK),IN,0,INTERBANK_CLEARING
TX_NPCI_119293,KOTAK_ACC_20153,ICICI_ACC_20119,1977.41,2026-01-10 21:04:30,INTERBANK_SETTLEMENT,IMPS,NPCI Interbank (KOTAK -> ICICI),IN,0,INTERBANK_CLEARING
TX_NPCI_119294,INDUS_ACC_20035,YES_ACC_20105,10429.45,2026-01-10 18:28:00,INTERBANK_SETTLEMENT,UPI,NPCI Interbank (INDUS -> YES),IN,0,INTERBANK_CLEARING
TX_NPCI_119295,AXIS_ACC_20051,AXIS_ACC_20040,1558.59,2026-01-10 13:14:12,INTERBANK_SETTLEMENT,RTGS,NPCI Interbank (AXIS -> AXIS),IN,0,INTERBANK_CLEARING
TX_NPCI_119296,INDUS_ACC_20044,ICICI_ACC_20161,3804.63,2026-01-10 14:59:12,INTERBANK_SETTLEMENT,UPI,NPCI Interbank (INDUS -> ICICI),IN,0,INTERBANK_CLEARING
TX_NPCI_119297,KOTAK_ACC_20185,HDFC_ACC_20176,930.0,2026-01-10 16:18:07,INTERBANK_SETTLEMENT,NEFT,NPCI Interbank (KOTAK -> HDFC),IN,0,INTERBANK_CLEARING
TX_NPCI_119298,SBI_ACC_20111,PNB_ACC_20235,1106.37,2026-01-10 14:07:16,INTERBANK_SETTLEMENT,UPI,NPCI Interbank (SBI -> PNB),IN,0,INTERBANK_CLEARING
TX_NPCI_119299,ICICI_ACC_20233,BOB_ACC_20202,1838.33,2026-01-10 19:22:30,INTERBANK_SETTLEMENT,UPI,NPCI Interbank (ICICI -> BOB),IN,0,INTERBANK_CLEARING
TX_NPCI_119300,BOB_ACC_20172,HDFC_ACC_20195,930.08,2026-01-10 11:56:24,INTERBANK_SETTLEMENT,UPI,NPCI Interbank (BOB -> HDFC),IN,0,INTERBANK_CLEARING
TX_NPCI_119301,INDUS_ACC_20220,BOB_ACC_20071,6357.7,2026-01-10 20:42:13,INTERBANK_SETTLEMENT,UPI,NPCI Interbank (INDUS -> BOB),IN,0,INTERBANK_CLEARING
TX_NPCI_119302,INDUS_ACC_20079,HDFC_ACC_20101,484.13,2026-01-10 18:04:54,INTERBANK_SETTLEMENT,UPI,NPCI Interbank (INDUS -> HDFC),IN,0,INTERBANK_CLEARING
TX_NPCI_119303,CANARA_ACC_20215,YES_ACC_20128,2749.23,2026-01-10 13:42:07,INTERBANK_SETTLEMENT,IMPS,NPCI Interbank (CANARA -> YES),IN,0,INTERBANK_CLEARING
TX_NPCI_119304,SBI_ACC_20150,YES_ACC_20219,2861.24,2026-01-10 12:23:20,INTERBANK_SETTLEMENT,NEFT,NPCI Interbank (SBI -> YES),IN,0,INTERBANK_CLEARING
TX_NPCI_119305,ICICI_ACC_20120,SBI_ACC_20004,277.84,2026-01-10 14:35:15,INTERBANK_SETTLEMENT,UPI,NPCI Interbank (ICICI -> SBI),IN,0,INTERBANK_CLEARING
TX_NPCI_119306,INDUS_ACC_20051,KOTAK_ACC_20226,1437.66,2026-01-10 13:42:46,INTERBANK_SETTLEMENT,UPI,NPCI Interbank (INDUS -> KOTAK),IN,0,INTERBANK_CLEARING
TX_NPCI_119307,YES_ACC_20053,HDFC_ACC_20194,3317.08,2026-01-10 19:25:58,INTERBANK_SETTLEMENT,NEFT,NPCI Interbank (YES -> HDFC),IN,0,INTERBANK_CLEARING
TX_NPCI_119308,AXIS_ACC_20173,YES_ACC_20028,4082.54,2026-01-10 10:38:24,INTERBANK_SETTLEMENT,UPI,NPCI Interbank (AXIS -> YES),IN,0,INTERBANK_CLEARING
TX_NPCI_119309,KOTAK_ACC_20183,CANARA_ACC_20246,1909.95,2026-01-10 16:48:20,INTERBANK_SETTLEMENT,UPI,NPCI Interbank (KOTAK -> CANARA),IN,0,INTERBANK_CLEARING
TX_NPCI_119310,YES_ACC_20202,KOTAK_ACC_20220,5498.69,2026-01-10 15:55:48,INTERBANK_SETTLEMENT,UPI,NPCI Interbank (YES -> KOTAK),IN,0,INTERBANK_CLEARING
TX_NPCI_119311,HDFC_ACC_20038,CANARA_ACC_20089,2140.56,2026-01-10 11:58:03,INTERBANK_SETTLEMENT,UPI,NPCI Interbank (HDFC -> CANARA),IN,0,INTERBANK_CLEARING
TX_NPCI_119312,INDUS_ACC_20075,YES_ACC_20170,2480.92,2026-01-10 18:08:44,INTERBANK_SETTLEMENT,UPI,NPCI Interbank (INDUS -> YES),IN,0,INTERBANK_CLEARING
TX_NPCI_119313,PNB_ACC_20122,AXIS_ACC_20204,3301.01,2026-01-10 16:49:40,INTERBANK_SETTLEMENT,IMPS,NPCI Interbank (PNB -> AXIS),IN,0,INTERBANK_CLEARING
TX_NPCI_119314,KOTAK_ACC_20108,HDFC_ACC_20167,7423.45,2026-01-10 17:43:00,INTERBANK_SETTLEMENT,RTGS,NPCI Interbank (KOTAK -> HDFC),IN,0,INTERBANK_CLEARING
TX_NPCI_119315,YES_ACC_20005,PNB_ACC_20214,1084.79,2026-01-10 13:44:43,INTERBANK_SETTLEMENT,IMPS,NPCI Interbank (YES -> PNB),IN,0,INTERBANK_CLEARING
TX_NPCI_119316,HDFC_ACC_20176,PNB_ACC_20094,1360.78,2026-01-10 18:36:48,INTERBANK_SETTLEMENT,UPI,NPCI Interbank (HDFC -> PNB),IN,0,INTERBANK_CLEARING
TX_NPCI_119317,HDFC_ACC_20109,PNB_ACC_20030,1093.7,2026-01-10 13:45:09,INTERBANK_SETTLEMENT,UPI,NPCI Interbank (HDFC -> PNB),IN,0,INTERBANK_CLEARING
TX_NPCI_119318,KOTAK_ACC_20046,ICICI_ACC_20059,1638.22,2026-01-10 19:30:44,INTERBANK_SETTLEMENT,UPI,NPCI Interbank (KOTAK -> ICICI),IN,0,INTERBANK_CLEARING
TX_NPCI_119319,ICICI_ACC_20158,CANARA_ACC_20112,13514.0,2026-01-10 13:45:35,INTERBANK_SETTLEMENT,UPI,NPCI Interbank (ICICI -> CANARA),IN,0,INTERBANK_CLEARING
TX_NPCI_119320,CANARA_ACC_20039,INDUS_ACC_20063,4852.6,2026-01-10 17:18:36,INTERBANK_SETTLEMENT,RTGS,NPCI Interbank (CANARA -> INDUS),IN,0,INTERBANK_CLEARING
TX_NPCI_119321,PNB_ACC_20185,AXIS_ACC_20045,628.1,2026-01-10 19:32:02,INTERBANK_SETTLEMENT,NEFT,NPCI Interbank (PNB -> AXIS),IN,0,INTERBANK_CLEARING
TX_NPCI_119322,HDFC_ACC_20039,AXIS_ACC_20181,1187.33,2026-01-10 11:59:42,INTERBANK_SETTLEMENT,NEFT,NPCI Interbank (HDFC -> AXIS),IN,0,INTERBANK_CLEARING
TX_NPCI_119323,INDUS_ACC_20149,CANARA_ACC_20168,3817.38,2026-01-10 17:46:18,INTERBANK_SETTLEMENT,UPI,NPCI Interbank (INDUS -> CANARA),IN,0,INTERBANK_CLEARING
TX_NPCI_119324,AXIS_ACC_20235,ICICI_ACC_20143,822.37,2026-01-10 16:53:20,INTERBANK_SETTLEMENT,UPI,NPCI Interbank (AXIS -> ICICI),IN,0,INTERBANK_CLEARING
TX_NPCI_119325,BOB_ACC_20147,INDUS_ACC_20201,1022.08,2026-01-10 19:07:05,INTERBANK_SETTLEMENT,UPI,NPCI Interbank (BOB -> INDUS),IN,0,INTERBANK_CLEARING
TX_NPCI_119326,AXIS_ACC_20091,BOB_ACC_20139,12258.21,2026-01-10 20:00:54,INTERBANK_SETTLEMENT,UPI,NPCI Interbank (AXIS -> BOB),IN,0,INTERBANK_CLEARING
TX_NPCI_119327,BOB_ACC_20062,CANARA_ACC_20077,1169.05,2026-01-10 15:07:28,INTERBANK_SETTLEMENT,RTGS,NPCI Interbank (BOB -> CANARA),IN,0,INTERBANK_CLEARING
TX_NPCI_119328,AXIS_ACC_20011,ICICI_ACC_20196,7674.05,2026-01-10 13:47:32,INTERBANK_SETTLEMENT,IMPS,NPCI Interbank (AXIS -> ICICI),IN,0,INTERBANK_CLEARING
TX_NPCI_119329,BOB_ACC_20158,KOTAK_ACC_20072,11008.11,2026-01-10 11:34:00,INTERBANK_SETTLEMENT,IMPS,NPCI Interbank (BOB -> KOTAK),IN,0,INTERBANK_CLEARING
TX_NPCI_119330,HDFC_ACC_20005,YES_ACC_20179,1012.16,2026-01-10 15:08:16,INTERBANK_SETTLEMENT,UPI,NPCI Interbank (HDFC -> YES),IN,0,INTERBANK_CLEARING
TX_NPCI_119331,YES_ACC_20072,HDFC_ACC_20209,838.86,2026-01-10 11:34:16,INTERBANK_SETTLEMENT,UPI,NPCI Interbank (YES -> HDFC),IN,0,INTERBANK_CLEARING
TX_NPCI_119332,BOB_ACC_20187,KOTAK_ACC_20081,1752.22,2026-01-10 17:22:48,INTERBANK_SETTLEMENT,UPI,NPCI Interbank (BOB -> KOTAK),IN,0,INTERBANK_CLEARING
TX_NPCI_119333,PNB_ACC_20214,AXIS_ACC_20098,660.93,2026-01-10 10:40:54,INTERBANK_SETTLEMENT,IMPS,NPCI Interbank (PNB -> AXIS),IN,0,INTERBANK_CLEARING
TX_NPCI_119334,AXIS_ACC_20113,INDUS_ACC_20208,2822.11,2026-01-10 12:01:30,INTERBANK_SETTLEMENT,IMPS,NPCI Interbank (AXIS -> INDUS),IN,0,INTERBANK_CLEARING
TX_NPCI_119335,CANARA_ACC_20058,ICICI_ACC_20113,1906.87,2026-01-10 16:03:18,INTERBANK_SETTLEMENT,NEFT,NPCI Interbank (CANARA -> ICICI),IN,0,INTERBANK_CLEARING
TX_NPCI_119336,SBI_ACC_20183,INDUS_ACC_20219,3761.96,2026-01-10 14:16:08,INTERBANK_SETTLEMENT,UPI,NPCI Interbank (SBI -> INDUS),IN,0,INTERBANK_CLEARING
TX_NPCI_119337,BOB_ACC_20093,INDUS_ACC_20204,13047.24,2026-01-10 14:43:15,INTERBANK_SETTLEMENT,UPI,NPCI Interbank (BOB -> INDUS),IN,0,INTERBANK_CLEARING
TX_NPCI_119338,HDFC_ACC_20225,PNB_ACC_20037,6509.27,2026-01-10 12:02:06,INTERBANK_SETTLEMENT,NEFT,NPCI Interbank (HDFC -> PNB),IN,0,INTERBANK_CLEARING
TX_NPCI_119339,CANARA_ACC_20183,BOB_ACC_20100,4390.01,2026-01-10 14:16:50,INTERBANK_SETTLEMENT,UPI,NPCI Interbank (CANARA -> BOB),IN,0,INTERBANK_CLEARING
TX_NPCI_119340,KOTAK_ACC_20152,INDUS_ACC_20232,230.61,2026-01-10 14:44:00,INTERBANK_SETTLEMENT,UPI,NPCI Interbank (KOTAK -> INDUS),IN,0,INTERBANK_CLEARING
TX_NPCI_119341,BOB_ACC_20153,BOB_ACC_20055,4154.93,2026-01-10 17:25:57,INTERBANK_SETTLEMENT,UPI,NPCI Interbank (BOB -> BOB),IN,0,INTERBANK_CLEARING
TX_NPCI_119342,YES_ACC_20071,SBI_ACC_20101,19286.36,2026-01-10 10:14:50,INTERBANK_SETTLEMENT,NEFT,NPCI Interbank (YES -> SBI),IN,0,INTERBANK_CLEARING
TX_NPCI_119343,INDUS_ACC_20215,SBI_ACC_20232,65.85,2026-01-10 16:05:42,INTERBANK_SETTLEMENT,IMPS,NPCI Interbank (INDUS -> SBI),IN,0,INTERBANK_CLEARING
TX_NPCI_119344,PNB_ACC_20236,ICICI_ACC_20105,5581.76,2026-01-10 21:03:00,INTERBANK_SETTLEMENT,UPI,NPCI Interbank (PNB -> ICICI),IN,0,INTERBANK_CLEARING
TX_NPCI_119345,HDFC_ACC_20124,ICICI_ACC_20028,2015.8,2026-01-10 20:36:28,INTERBANK_SETTLEMENT,NEFT,NPCI Interbank (HDFC -> ICICI),IN,0,INTERBANK_CLEARING
TX_NPCI_119346,SBI_ACC_20101,PNB_ACC_20068,880.29,2026-01-10 12:57:22,INTERBANK_SETTLEMENT,UPI,NPCI Interbank (SBI -> PNB),IN,0,INTERBANK_CLEARING
TX_NPCI_119347,SBI_ACC_20158,BOB_ACC_20165,6382.75,2026-01-10 20:10:21,INTERBANK_SETTLEMENT,RTGS,NPCI Interbank (SBI -> BOB),IN,0,INTERBANK_CLEARING
TX_NPCI_119348,YES_ACC_20144,SBI_ACC_20058,18989.61,2026-01-10 11:09:28,INTERBANK_SETTLEMENT,UPI,NPCI Interbank (YES -> SBI),IN,0,INTERBANK_CLEARING
TX_NPCI_119349,KOTAK_ACC_20180,CANARA_ACC_20167,6187.44,2026-01-10 14:46:15,INTERBANK_SETTLEMENT,IMPS,NPCI Interbank (KOTAK -> CANARA),IN,0,INTERBANK_CLEARING
TX_NPCI_119350,ICICI_ACC_20067,HDFC_ACC_20187,1563.32,2026-01-10 10:15:30,INTERBANK_SETTLEMENT,NEFT,NPCI Interbank (ICICI -> HDFC),IN,0,INTERBANK_CLEARING
TX_NPCI_119351,BOB_ACC_20203,HDFC_ACC_20136,786.69,2026-01-10 10:15:35,INTERBANK_SETTLEMENT,UPI,NPCI Interbank (BOB -> HDFC),IN,0,INTERBANK_CLEARING
TX_NPCI_119352,INDUS_ACC_20133,YES_ACC_20055,2903.15,2026-01-10 11:37:04,INTERBANK_SETTLEMENT,NEFT,NPCI Interbank (INDUS -> YES),IN,0,INTERBANK_CLEARING
TX_NPCI_119353,BOB_ACC_20000,BOB_ACC_20214,6959.08,2026-01-10 13:25:48,INTERBANK_SETTLEMENT,NEFT,NPCI Interbank (BOB -> BOB),IN,0,INTERBANK_CLEARING
TX_NPCI_119354,BOB_ACC_20104,CANARA_ACC_20217,1533.85,2026-01-10 14:20:20,INTERBANK_SETTLEMENT,UPI,NPCI Interbank (BOB -> CANARA),IN,0,INTERBANK_CLEARING
TX_NPCI_119355,ICICI_ACC_20054,YES_ACC_20103,1722.51,2026-01-10 13:26:12,INTERBANK_SETTLEMENT,UPI,NPCI Interbank (ICICI -> YES),IN,0,INTERBANK_CLEARING
TX_NPCI_119356,BOB_ACC_20129,AXIS_ACC_20206,72142.62,2026-01-10 11:10:24,INTERBANK_SETTLEMENT,UPI,NPCI Interbank (BOB -> AXIS),IN,0,INTERBANK_CLEARING
TX_NPCI_119357,YES_ACC_20081,PNB_ACC_20119,8905.13,2026-01-10 19:20:25,INTERBANK_SETTLEMENT,NEFT,NPCI Interbank (YES -> PNB),IN,0,INTERBANK_CLEARING
TX_NPCI_119358,CANARA_ACC_20168,YES_ACC_20046,9702.65,2026-01-10 16:10:12,INTERBANK_SETTLEMENT,UPI,NPCI Interbank (CANARA -> YES),IN,0,INTERBANK_CLEARING
TX_NPCI_119359,KOTAK_ACC_20152,AXIS_ACC_20173,423.12,2026-01-10 15:43:15,INTERBANK_SETTLEMENT,UPI,NPCI Interbank (KOTAK -> AXIS),IN,0,INTERBANK_CLEARING
TX_NPCI_119360,BOB_ACC_20035,YES_ACC_20086,1044.58,2026-01-10 17:05:20,INTERBANK_SETTLEMENT,IMPS,NPCI Interbank (BOB -> YES),IN,0,INTERBANK_CLEARING
TX_NPCI_119361,ICICI_ACC_20023,HDFC_ACC_20195,2669.42,2026-01-10 14:21:58,INTERBANK_SETTLEMENT,NEFT,NPCI Interbank (ICICI -> HDFC),IN,0,INTERBANK_CLEARING
TX_NPCI_119362,HDFC_ACC_20182,INDUS_ACC_20154,734.09,2026-01-10 18:55:12,INTERBANK_SETTLEMENT,UPI,NPCI Interbank (HDFC -> INDUS),IN,0,INTERBANK_CLEARING
TX_NPCI_119363,PNB_ACC_20043,BOB_ACC_20218,16655.18,2026-01-10 20:17:33,INTERBANK_SETTLEMENT,UPI,NPCI Interbank (PNB -> BOB),IN,0,INTERBANK_CLEARING
TX_NPCI_119364,INDUS_ACC_20199,AXIS_ACC_20079,13258.24,2026-01-10 20:45:20,INTERBANK_SETTLEMENT,NEFT,NPCI Interbank (INDUS -> AXIS),IN,0,INTERBANK_CLEARING
TX_NPCI_119365,BOB_ACC_20080,KOTAK_ACC_20208,1286.58,2026-01-10 20:18:27,INTERBANK_SETTLEMENT,IMPS,NPCI Interbank (BOB -> KOTAK),IN,0,INTERBANK_CLEARING
TX_NPCI_119366,SBI_ACC_20221,PNB_ACC_20118,20758.32,2026-01-10 18:56:48,INTERBANK_SETTLEMENT,IMPS,NPCI Interbank (SBI -> PNB),IN,0,INTERBANK_CLEARING
TX_NPCI_119367,KOTAK_ACC_20070,BOB_ACC_20154,2428.18,2026-01-10 15:18:08,INTERBANK_SETTLEMENT,IMPS,NPCI Interbank (KOTAK -> BOB),IN,0,INTERBANK_CLEARING
TX_NPCI_119368,PNB_ACC_20181,HDFC_ACC_20065,54571.53,2026-01-10 19:25:00,INTERBANK_SETTLEMENT,IMPS,NPCI Interbank (PNB -> HDFC),IN,0,INTERBANK_CLEARING
TX_NPCI_119369,SBI_ACC_20157,HDFC_ACC_20187,2903.36,2026-01-10 11:39:20,INTERBANK_SETTLEMENT,UPI,NPCI Interbank (SBI -> HDFC),IN,0,INTERBANK_CLEARING
TX_NPCI_119370,YES_ACC_20174,ICICI_ACC_20004,4872.84,2026-01-10 18:03:32,INTERBANK_SETTLEMENT,UPI,NPCI Interbank (YES -> ICICI),IN,0,INTERBANK_CLEARING
TX_NPCI_119371,BOB_ACC_20051,KOTAK_ACC_20126,13093.67,2026-01-10 15:19:12,INTERBANK_SETTLEMENT,UPI,NPCI Interbank (BOB -> KOTAK),IN,0,INTERBANK_CLEARING
TX_NPCI_119372,BOB_ACC_20211,ICICI_ACC_20177,11306.8,2026-01-10 13:02:08,INTERBANK_SETTLEMENT,NEFT,NPCI Interbank (BOB -> ICICI),IN,0,INTERBANK_CLEARING
TX_NPCI_119373,INDUS_ACC_20245,BOB_ACC_20175,4504.71,2026-01-10 15:47:13,INTERBANK_SETTLEMENT,UPI,NPCI Interbank (INDUS -> BOB),IN,0,INTERBANK_CLEARING
TX_NPCI_119374,BOB_ACC_20135,CANARA_ACC_20051,2060.35,2026-01-10 20:50:00,INTERBANK_SETTLEMENT,UPI,NPCI Interbank (BOB -> CANARA),IN,0,INTERBANK_CLEARING
TX_NPCI_119375,YES_ACC_20068,SBI_ACC_20126,4523.13,2026-01-10 21:17:59,INTERBANK_SETTLEMENT,UPI,NPCI Interbank (YES -> SBI),IN,0,INTERBANK_CLEARING
TX_NPCI_119376,AXIS_ACC_20047,HDFC_ACC_20192,916.52,2026-01-10 20:50:56,INTERBANK_SETTLEMENT,IMPS,NPCI Interbank (AXIS -> HDFC),IN,0,INTERBANK_CLEARING
TX_NPCI_119377,PNB_ACC_20126,KOTAK_ACC_20011,2929.42,2026-01-10 21:46:30,INTERBANK_SETTLEMENT,IMPS,NPCI Interbank (PNB -> KOTAK),IN,0,INTERBANK_CLEARING
TX_NPCI_119378,PNB_ACC_20160,HDFC_ACC_20204,644.73,2026-01-10 17:11:20,INTERBANK_SETTLEMENT,UPI,NPCI Interbank (PNB -> HDFC),IN,0,INTERBANK_CLEARING
TX_NPCI_119379,INDUS_ACC_20014,YES_ACC_20242,287.99,2026-01-10 17:11:40,INTERBANK_SETTLEMENT,UPI,NPCI Interbank (INDUS -> YES),IN,0,INTERBANK_CLEARING
TX_NPCI_119380,CANARA_ACC_20187,INDUS_ACC_20024,2592.85,2026-01-10 12:08:24,INTERBANK_SETTLEMENT,UPI,NPCI Interbank (CANARA -> INDUS),IN,0,INTERBANK_CLEARING
TX_NPCI_119381,SBI_ACC_20023,YES_ACC_20149,11100.37,2026-01-10 16:17:06,INTERBANK_SETTLEMENT,UPI,NPCI Interbank (SBI -> YES),IN,0,INTERBANK_CLEARING
TX_NPCI_119382,PNB_ACC_20229,SBI_ACC_20237,7412.82,2026-01-10 17:40:18,INTERBANK_SETTLEMENT,NEFT,NPCI Interbank (PNB -> SBI),IN,0,INTERBANK_CLEARING
TX_NPCI_119383,CANARA_ACC_20086,CANARA_ACC_20092,2212.12,2026-01-10 17:13:00,INTERBANK_SETTLEMENT,UPI,NPCI Interbank (CANARA -> CANARA),IN,0,INTERBANK_CLEARING
TX_NPCI_119384,INDUS_ACC_20138,HDFC_ACC_20160,19858.5,2026-01-10 15:50:20,INTERBANK_SETTLEMENT,UPI,NPCI Interbank (INDUS -> HDFC),IN,0,INTERBANK_CLEARING
TX_NPCI_119385,KOTAK_ACC_20038,SBI_ACC_20142,1232.9,2026-01-10 12:36:50,INTERBANK_SETTLEMENT,NEFT,NPCI Interbank (KOTAK -> SBI),IN,0,INTERBANK_CLEARING
TX_NPCI_119386,YES_ACC_20194,ICICI_ACC_20074,244.35,2026-01-10 21:51:00,INTERBANK_SETTLEMENT,UPI,NPCI Interbank (YES -> ICICI),IN,0,INTERBANK_CLEARING
TX_NPCI_119387,INDUS_ACC_20208,KOTAK_ACC_20011,177.95,2026-01-10 10:46:18,INTERBANK_SETTLEMENT,UPI,NPCI Interbank (INDUS -> KOTAK),IN,0,INTERBANK_CLEARING
TX_NPCI_119388,CANARA_ACC_20074,YES_ACC_20146,591.45,2026-01-10 18:10:08,INTERBANK_SETTLEMENT,UPI,NPCI Interbank (CANARA -> YES),IN,0,INTERBANK_CLEARING
TX_NPCI_119389,INDUS_ACC_20048,SBI_ACC_20243,6502.55,2026-01-10 11:14:15,INTERBANK_SETTLEMENT,UPI,NPCI Interbank (INDUS -> SBI),IN,0,INTERBANK_CLEARING
TX_NPCI_119390,ICICI_ACC_20092,YES_ACC_20164,1139.38,2026-01-10 10:18:50,INTERBANK_SETTLEMENT,IMPS,NPCI Interbank (ICICI -> YES),IN,0,INTERBANK_CLEARING
TX_NPCI_119391,YES_ACC_20048,BOB_ACC_20225,4243.53,2026-01-10 18:11:14,INTERBANK_SETTLEMENT,UPI,NPCI Interbank (YES -> BOB),IN,0,INTERBANK_CLEARING
TX_NPCI_119392,SBI_ACC_20246,PNB_ACC_20009,17597.99,2026-01-10 12:10:12,INTERBANK_SETTLEMENT,UPI,NPCI Interbank (SBI -> PNB),IN,0,INTERBANK_CLEARING
TX_NPCI_119393,BOB_ACC_20099,KOTAK_ACC_20086,651.9,2026-01-10 21:26:41,INTERBANK_SETTLEMENT,IMPS,NPCI Interbank (BOB -> KOTAK),IN,0,INTERBANK_CLEARING
TX_NPCI_119394,INDUS_ACC_20125,SBI_ACC_20086,4333.8,2026-01-10 19:08:00,INTERBANK_SETTLEMENT,NEFT,NPCI Interbank (INDUS -> SBI),IN,0,INTERBANK_CLEARING
TX_NPCI_119395,PNB_ACC_20047,KOTAK_ACC_20044,4659.93,2026-01-10 14:02:03,INTERBANK_SETTLEMENT,IMPS,NPCI Interbank (PNB -> KOTAK),IN,0,INTERBANK_CLEARING
TX_NPCI_119396,AXIS_ACC_20196,INDUS_ACC_20179,868.8,2026-01-10 13:06:32,INTERBANK_SETTLEMENT,UPI,NPCI Interbank (AXIS -> INDUS),IN,0,INTERBANK_CLEARING
TX_NPCI_119397,KOTAK_ACC_20113,AXIS_ACC_20034,12395.06,2026-01-10 18:41:19,INTERBANK_SETTLEMENT,IMPS,NPCI Interbank (KOTAK -> AXIS),IN,0,INTERBANK_CLEARING
TX_NPCI_119398,INDUS_ACC_20056,BOB_ACC_20040,1728.05,2026-01-10 18:41:42,INTERBANK_SETTLEMENT,IMPS,NPCI Interbank (INDUS -> BOB),IN,0,INTERBANK_CLEARING
TX_NPCI_119399,PNB_ACC_20148,ICICI_ACC_20092,1539.94,2026-01-10 11:43:20,INTERBANK_SETTLEMENT,UPI,NPCI Interbank (PNB -> ICICI),IN,0,INTERBANK_CLEARING
TX_NPCI_119400,INDUS_ACC_20115,HDFC_ACC_20160,30758.94,2026-01-10 18:42:28,INTERBANK_SETTLEMENT,IMPS,NPCI Interbank (INDUS -> HDFC),IN,0,INTERBANK_CLEARING
TX_NPCI_119401,CANARA_ACC_20068,CANARA_ACC_20139,4570.24,2026-01-10 10:47:42,INTERBANK_SETTLEMENT,UPI,NPCI Interbank (CANARA -> CANARA),IN,0,INTERBANK_CLEARING
TX_NPCI_119402,HDFC_ACC_20110,CANARA_ACC_20068,7408.24,2026-01-10 21:03:04,INTERBANK_SETTLEMENT,UPI,NPCI Interbank (HDFC -> CANARA),IN,0,INTERBANK_CLEARING
TX_NPCI_119403,SBI_ACC_20179,BOB_ACC_20046,12405.21,2026-01-10 19:11:36,INTERBANK_SETTLEMENT,UPI,NPCI Interbank (SBI -> BOB),IN,0,INTERBANK_CLEARING
TX_NPCI_119404,KOTAK_ACC_20108,YES_ACC_20052,1118.15,2026-01-10 15:28:00,INTERBANK_SETTLEMENT,UPI,NPCI Interbank (KOTAK -> YES),IN,0,INTERBANK_CLEARING
TX_NPCI_119405,SBI_ACC_20137,AXIS_ACC_20177,10935.67,2026-01-10 13:08:11,INTERBANK_SETTLEMENT,UPI,NPCI Interbank (SBI -> AXIS),IN,0,INTERBANK_CLEARING
TX_NPCI_119406,KOTAK_ACC_20188,SBI_ACC_20237,1336.39,2026-01-10 21:04:56,INTERBANK_SETTLEMENT,UPI,NPCI Interbank (KOTAK -> SBI),IN,0,INTERBANK_CLEARING
TX_NPCI_119407,AXIS_ACC_20238,SBI_ACC_20075,1269.59,2026-01-10 14:04:39,INTERBANK_SETTLEMENT,UPI,NPCI Interbank (AXIS -> SBI),IN,0,INTERBANK_CLEARING
TX_NPCI_119408,INDUS_ACC_20075,INDUS_ACC_20126,1760.93,2026-01-10 13:36:48,INTERBANK_SETTLEMENT,UPI,NPCI Interbank (INDUS -> INDUS),IN,0,INTERBANK_CLEARING
TX_NPCI_119409,SBI_ACC_20121,PNB_ACC_20024,1156.93,2026-01-10 20:10:10,INTERBANK_SETTLEMENT,UPI,NPCI Interbank (SBI -> PNB),IN,0,INTERBANK_CLEARING
TX_NPCI_119410,BOB_ACC_20057,BOB_ACC_20192,6545.86,2026-01-10 22:03:00,INTERBANK_SETTLEMENT,UPI,NPCI Interbank (BOB -> BOB),IN,0,INTERBANK_CLEARING
TX_NPCI_119411,SBI_ACC_20123,INDUS_ACC_20177,3363.22,2026-01-10 20:39:09,INTERBANK_SETTLEMENT,UPI,NPCI Interbank (SBI -> INDUS),IN,0,INTERBANK_CLEARING
TX_NPCI_119412,YES_ACC_20190,HDFC_ACC_20128,1353.61,2026-01-10 10:48:48,INTERBANK_SETTLEMENT,UPI,NPCI Interbank (YES -> HDFC),IN,0,INTERBANK_CLEARING
TX_NPCI_119413,ICICI_ACC_20081,CANARA_ACC_20040,5482.99,2026-01-10 10:20:45,INTERBANK_SETTLEMENT,UPI,NPCI Interbank (ICICI -> CANARA),IN,0,INTERBANK_CLEARING
TX_NPCI_119414,ICICI_ACC_20007,KOTAK_ACC_20215,1754.22,2026-01-10 17:23:20,INTERBANK_SETTLEMENT,UPI,NPCI Interbank (ICICI -> KOTAK),IN,0,INTERBANK_CLEARING
TX_NPCI_119415,BOB_ACC_20094,PNB_ACC_20231,1646.35,2026-01-10 16:27:18,INTERBANK_SETTLEMENT,UPI,NPCI Interbank (BOB -> PNB),IN,0,INTERBANK_CLEARING
TX_NPCI_119416,HDFC_ACC_20031,YES_ACC_20221,2587.43,2026-01-10 20:41:24,INTERBANK_SETTLEMENT,UPI,NPCI Interbank (HDFC -> YES),IN,0,INTERBANK_CLEARING
TX_NPCI_119417,CANARA_ACC_20019,CANARA_ACC_20239,4256.29,2026-01-10 11:45:44,INTERBANK_SETTLEMENT,UPI,NPCI Interbank (CANARA -> CANARA),IN,0,INTERBANK_CLEARING
TX_NPCI_119418,HDFC_ACC_20096,YES_ACC_20185,3896.43,2026-01-10 13:38:48,INTERBANK_SETTLEMENT,UPI,NPCI Interbank (HDFC -> YES),IN,0,INTERBANK_CLEARING
TX_NPCI_119419,AXIS_ACC_20165,ICICI_ACC_20198,1578.3,2026-01-10 11:17:45,INTERBANK_SETTLEMENT,NEFT,NPCI Interbank (AXIS -> ICICI),IN,0,INTERBANK_CLEARING
TX_NPCI_119420,CANARA_ACC_20195,SBI_ACC_20026,6744.84,2026-01-10 21:39:44,INTERBANK_SETTLEMENT,UPI,NPCI Interbank (CANARA -> SBI),IN,0,INTERBANK_CLEARING
TX_NPCI_119421,PNB_ACC_20076,BOB_ACC_20236,1868.94,2026-01-10 19:18:48,INTERBANK_SETTLEMENT,NEFT,NPCI Interbank (PNB -> BOB),IN,0,INTERBANK_CLEARING
TX_NPCI_119422,CANARA_ACC_20090,YES_ACC_20007,1112.11,2026-01-10 10:21:30,INTERBANK_SETTLEMENT,UPI,NPCI Interbank (CANARA -> YES),IN,0,INTERBANK_CLEARING
TX_NPCI_119423,AXIS_ACC_20007,KOTAK_ACC_20094,419.21,2026-01-10 13:11:29,INTERBANK_SETTLEMENT,UPI,NPCI Interbank (AXIS -> KOTAK),IN,0,INTERBANK_CLEARING
TX_NPCI_119424,YES_ACC_20068,AXIS_ACC_20028,7941.16,2026-01-10 16:58:20,INTERBANK_SETTLEMENT,UPI,NPCI Interbank (YES -> AXIS),IN,0,INTERBANK_CLEARING
TX_NPCI_119425,SBI_ACC_20154,ICICI_ACC_20089,2477.16,2026-01-10 14:36:54,INTERBANK_SETTLEMENT,UPI,NPCI Interbank (SBI -> ICICI),IN,0,INTERBANK_CLEARING
TX_NPCI_119426,ICICI_ACC_20130,SBI_ACC_20214,3143.36,2026-01-10 16:30:36,INTERBANK_SETTLEMENT,IMPS,NPCI Interbank (ICICI -> SBI),IN,0,INTERBANK_CLEARING
TX_NPCI_119427,INDUS_ACC_20142,HDFC_ACC_20014,8560.92,2026-01-10 14:37:22,INTERBANK_SETTLEMENT,IMPS,NPCI Interbank (INDUS -> HDFC),IN,0,INTERBANK_CLEARING
TX_NPCI_119428,CANARA_ACC_20055,CANARA_ACC_20144,1376.24,2026-01-10 12:15:36,INTERBANK_SETTLEMENT,UPI,NPCI Interbank (CANARA -> CANARA),IN,0,INTERBANK_CLEARING
TX_NPCI_119429,CANARA_ACC_20120,KOTAK_ACC_20219,469.06,2026-01-10 17:56:45,INTERBANK_SETTLEMENT,UPI,NPCI Interbank (CANARA -> KOTAK),IN,0,INTERBANK_CLEARING
TX_NPCI_119430,HDFC_ACC_20161,HDFC_ACC_20235,2653.77,2026-01-10 12:15:54,INTERBANK_SETTLEMENT,UPI,NPCI Interbank (HDFC -> HDFC),IN,0,INTERBANK_CLEARING
TX_NPCI_119431,HDFC_ACC_20087,CANARA_ACC_20227,3531.77,2026-01-10 19:51:15,INTERBANK_SETTLEMENT,RTGS,NPCI Interbank (HDFC -> CANARA),IN,0,INTERBANK_CLEARING
TX_NPCI_119432,YES_ACC_20008,PNB_ACC_20248,1780.38,2026-01-10 11:19:16,INTERBANK_SETTLEMENT,IMPS,NPCI Interbank (YES -> PNB),IN,0,INTERBANK_CLEARING
TX_NPCI_119433,YES_ACC_20175,ICICI_ACC_20004,14306.73,2026-01-10 19:23:36,INTERBANK_SETTLEMENT,NEFT,NPCI Interbank (YES -> ICICI),IN,0,INTERBANK_CLEARING
TX_NPCI_119434,CANARA_ACC_20208,INDUS_ACC_20137,123.54,2026-01-10 14:10:30,INTERBANK_SETTLEMENT,IMPS,NPCI Interbank (CANARA -> INDUS),IN,0,INTERBANK_CLEARING
TX_NPCI_119435,CANARA_ACC_20071,ICICI_ACC_20232,9358.76,2026-01-10 11:48:08,INTERBANK_SETTLEMENT,UPI,NPCI Interbank (CANARA -> ICICI),IN,0,INTERBANK_CLEARING
TX_NPCI_119436,ICICI_ACC_20035,BOB_ACC_20084,6306.8,2026-01-10 11:19:44,INTERBANK_SETTLEMENT,IMPS,NPCI Interbank (ICICI -> BOB),IN,0,INTERBANK_CLEARING
TX_NPCI_119437,INDUS_ACC_20217,BOB_ACC_20060,4222.26,2026-01-10 10:51:18,INTERBANK_SETTLEMENT,UPI,NPCI Interbank (INDUS -> BOB),IN,0,INTERBANK_CLEARING
TX_NPCI_119438,HDFC_ACC_20178,KOTAK_ACC_20070,44.56,2026-01-10 12:45:40,INTERBANK_SETTLEMENT,IMPS,NPCI Interbank (HDFC -> KOTAK),IN,0,INTERBANK_CLEARING
TX_NPCI_119439,INDUS_ACC_20108,CANARA_ACC_20226,11392.0,2026-01-10 15:37:20,INTERBANK_SETTLEMENT,IMPS,NPCI Interbank (INDUS -> CANARA),IN,0,INTERBANK_CLEARING
TX_NPCI_119440,HDFC_ACC_20142,KOTAK_ACC_20217,712.14,2026-01-10 13:14:36,INTERBANK_SETTLEMENT,UPI,NPCI Interbank (HDFC -> KOTAK),IN,0,INTERBANK_CLEARING
TX_NPCI_119441,SBI_ACC_20247,KOTAK_ACC_20020,1327.12,2026-01-10 17:32:20,INTERBANK_SETTLEMENT,IMPS,NPCI Interbank (SBI -> KOTAK),IN,0,INTERBANK_CLEARING
TX_NPCI_119442,HDFC_ACC_20180,PNB_ACC_20107,1988.8,2026-01-10 22:19:00,INTERBANK_SETTLEMENT,UPI,NPCI Interbank (HDFC -> PNB),IN,0,INTERBANK_CLEARING
TX_NPCI_119443,PNB_ACC_20034,PNB_ACC_20196,3979.46,2026-01-10 18:58:57,INTERBANK_SETTLEMENT,UPI,NPCI Interbank (PNB -> PNB),IN,0,INTERBANK_CLEARING
TX_NPCI_119444,CANARA_ACC_20027,HDFC_ACC_20173,5256.99,2026-01-10 11:20:40,INTERBANK_SETTLEMENT,NEFT,NPCI Interbank (CANARA -> HDFC),IN,0,INTERBANK_CLEARING
TX_NPCI_119445,KOTAK_ACC_20133,INDUS_ACC_20243,7125.31,2026-01-10 12:18:09,INTERBANK_SETTLEMENT,UPI,NPCI Interbank (KOTAK -> INDUS),IN,0,INTERBANK_CLEARING
TX_NPCI_119446,CANARA_ACC_20137,SBI_ACC_20222,6496.53,2026-01-10 20:26:12,INTERBANK_SETTLEMENT,UPI,NPCI Interbank (CANARA -> SBI),IN,0,INTERBANK_CLEARING
TX_NPCI_119447,BOB_ACC_20013,BOB_ACC_20203,3306.06,2026-01-10 18:31:46,INTERBANK_SETTLEMENT,UPI,NPCI Interbank (BOB -> BOB),IN,0,INTERBANK_CLEARING
TX_NPCI_119448,YES_ACC_20143,AXIS_ACC_20239,4020.28,2026-01-10 17:05:56,INTERBANK_SETTLEMENT,UPI,NPCI Interbank (YES -> AXIS),IN,0,INTERBANK_CLEARING
TX_NPCI_119449,BOB_ACC_20045,ICICI_ACC_20046,659.25,2026-01-10 13:45:00,INTERBANK_SETTLEMENT,NEFT,NPCI Interbank (BOB -> ICICI),IN,0,INTERBANK_CLEARING
TX_NPCI_119450,ICICI_ACC_20247,HDFC_ACC_20001,991.05,2026-01-10 18:04:06,INTERBANK_SETTLEMENT,IMPS,NPCI Interbank (ICICI -> HDFC),IN,0,INTERBANK_CLEARING
TX_NPCI_119451,HDFC_ACC_20050,PNB_ACC_20068,7147.75,2026-01-10 12:19:03,INTERBANK_SETTLEMENT,NEFT,NPCI Interbank (HDFC -> PNB),IN,0,INTERBANK_CLEARING
TX_NPCI_119452,CANARA_ACC_20117,KOTAK_ACC_20181,6665.17,2026-01-10 20:28:48,INTERBANK_SETTLEMENT,NEFT,NPCI Interbank (CANARA -> KOTAK),IN,0,INTERBANK_CLEARING
TX_NPCI_119453,HDFC_ACC_20225,BOB_ACC_20220,5817.11,2026-01-10 20:58:03,INTERBANK_SETTLEMENT,UPI,NPCI Interbank (HDFC -> BOB),IN,0,INTERBANK_CLEARING
TX_NPCI_119454,PNB_ACC_20112,YES_ACC_20115,1316.46,2026-01-10 12:48:20,INTERBANK_SETTLEMENT,RTGS,NPCI Interbank (PNB -> YES),IN,0,INTERBANK_CLEARING
TX_NPCI_119455,HDFC_ACC_20102,CANARA_ACC_20078,7277.85,2026-01-10 19:32:24,INTERBANK_SETTLEMENT,UPI,NPCI Interbank (HDFC -> CANARA),IN,0,INTERBANK_CLEARING
TX_NPCI_119456,BOB_ACC_20057,YES_ACC_20033,605.77,2026-01-10 11:50:56,INTERBANK_SETTLEMENT,IMPS,NPCI Interbank (BOB -> YES),IN,0,INTERBANK_CLEARING
TX_NPCI_119457,AXIS_ACC_20122,INDUS_ACC_20230,8891.33,2026-01-10 10:24:25,INTERBANK_SETTLEMENT,UPI,NPCI Interbank (AXIS -> INDUS),IN,0,INTERBANK_CLEARING
TX_NPCI_119458,KOTAK_ACC_20133,BOB_ACC_20116,1784.61,2026-01-10 11:51:12,INTERBANK_SETTLEMENT,IMPS,NPCI Interbank (KOTAK -> BOB),IN,0,INTERBANK_CLEARING
TX_NPCI_119459,AXIS_ACC_20240,YES_ACC_20135,18416.54,2026-01-10 10:53:30,INTERBANK_SETTLEMENT,RTGS,NPCI Interbank (AXIS -> YES),IN,0,INTERBANK_CLEARING
TX_NPCI_119460,KOTAK_ACC_20162,KOTAK_ACC_20184,393.18,2026-01-10 21:01:12,INTERBANK_SETTLEMENT,UPI,NPCI Interbank (KOTAK -> KOTAK),IN,0,INTERBANK_CLEARING
TX_NPCI_119461,YES_ACC_20030,INDUS_ACC_20191,20253.54,2026-01-10 16:41:06,INTERBANK_SETTLEMENT,IMPS,NPCI Interbank (YES -> INDUS),IN,0,INTERBANK_CLEARING
TX_NPCI_119462,HDFC_ACC_20182,AXIS_ACC_20156,1581.68,2026-01-10 14:45:32,INTERBANK_SETTLEMENT,IMPS,NPCI Interbank (HDFC -> AXIS),IN,0,INTERBANK_CLEARING
TX_NPCI_119463,BOB_ACC_20047,BOB_ACC_20045,1547.85,2026-01-10 12:49:50,INTERBANK_SETTLEMENT,IMPS,NPCI Interbank (BOB -> BOB),IN,0,INTERBANK_CLEARING
TX_NPCI_119464,AXIS_ACC_20126,BOB_ACC_20199,3083.46,2026-01-10 21:32:00,INTERBANK_SETTLEMENT,UPI,NPCI Interbank (AXIS -> BOB),IN,0,INTERBANK_CLEARING
TX_NPCI_119465,CANARA_ACC_20010,SBI_ACC_20012,1057.33,2026-01-10 20:34:26,INTERBANK_SETTLEMENT,NEFT,NPCI Interbank (CANARA -> SBI),IN,0,INTERBANK_CLEARING
TX_NPCI_119466,SBI_ACC_20092,INDUS_ACC_20212,2237.7,2026-01-10 15:44:32,INTERBANK_SETTLEMENT,UPI,NPCI Interbank (SBI -> INDUS),IN,0,INTERBANK_CLEARING
TX_NPCI_119467,INDUS_ACC_20178,AXIS_ACC_20083,1007.12,2026-01-10 16:13:51,INTERBANK_SETTLEMENT,UPI,NPCI Interbank (INDUS -> AXIS),IN,0,INTERBANK_CLEARING
TX_NPCI_119468,CANARA_ACC_20203,CANARA_ACC_20016,1052.29,2026-01-10 16:43:12,INTERBANK_SETTLEMENT,IMPS,NPCI Interbank (CANARA -> CANARA),IN,0,INTERBANK_CLEARING
TX_NPCI_119469,BOB_ACC_20153,BOB_ACC_20125,4377.63,2026-01-10 10:54:30,INTERBANK_SETTLEMENT,NEFT,NPCI Interbank (BOB -> BOB),IN,0,INTERBANK_CLEARING
TX_NPCI_119470,AXIS_ACC_20047,KOTAK_ACC_20158,827.26,2026-01-10 22:03:54,INTERBANK_SETTLEMENT,UPI,NPCI Interbank (AXIS -> KOTAK),IN,0,INTERBANK_CLEARING
TX_NPCI_119471,KOTAK_ACC_20092,PNB_ACC_20126,970.85,2026-01-10 10:54:42,INTERBANK_SETTLEMENT,UPI,NPCI Interbank (KOTAK -> PNB),IN,0,INTERBANK_CLEARING
TX_NPCI_119472,ICICI_ACC_20050,INDUS_ACC_20015,469.96,2026-01-10 13:20:28,INTERBANK_SETTLEMENT,IMPS,NPCI Interbank (ICICI -> INDUS),IN,0,INTERBANK_CLEARING
TX_NPCI_119473,INDUS_ACC_20191,ICICI_ACC_20151,1333.13,2026-01-10 15:46:24,INTERBANK_SETTLEMENT,IMPS,NPCI Interbank (INDUS -> ICICI),IN,0,INTERBANK_CLEARING
TX_NPCI_119474,ICICI_ACC_20052,ICICI_ACC_20122,11777.22,2026-01-10 17:14:10,INTERBANK_SETTLEMENT,NEFT,NPCI Interbank (ICICI -> ICICI),IN,0,INTERBANK_CLEARING
TX_NPCI_119475,BOB_ACC_20079,HDFC_ACC_20040,884.37,2026-01-10 10:25:55,INTERBANK_SETTLEMENT,RTGS,NPCI Interbank (BOB -> HDFC),IN,0,INTERBANK_CLEARING
TX_NPCI_119476,CANARA_ACC_20086,CANARA_ACC_20211,1014.39,2026-01-10 20:39:12,INTERBANK_SETTLEMENT,UPI,NPCI Interbank (CANARA -> CANARA),IN,0,INTERBANK_CLEARING
TX_NPCI_119477,AXIS_ACC_20195,HDFC_ACC_20109,3080.07,2026-01-10 18:42:46,INTERBANK_SETTLEMENT,RTGS,NPCI Interbank (AXIS -> HDFC),IN,0,INTERBANK_CLEARING
TX_NPCI_119478,KOTAK_ACC_20229,BOB_ACC_20169,1564.07,2026-01-10 10:26:10,INTERBANK_SETTLEMENT,UPI,NPCI Interbank (KOTAK -> BOB),IN,0,INTERBANK_CLEARING
TX_NPCI_119479,SBI_ACC_20052,BOB_ACC_20002,35375.87,2026-01-10 22:08:15,INTERBANK_SETTLEMENT,UPI,NPCI Interbank (SBI -> BOB),IN,0,INTERBANK_CLEARING
TX_NPCI_119480,YES_ACC_20188,ICICI_ACC_20035,2008.14,2026-01-10 17:45:20,INTERBANK_SETTLEMENT,NEFT,NPCI Interbank (YES -> ICICI),IN,0,INTERBANK_CLEARING
TX_NPCI_119481,ICICI_ACC_20013,CANARA_ACC_20237,3649.2,2026-01-10 19:42:48,INTERBANK_SETTLEMENT,UPI,NPCI Interbank (ICICI -> CANARA),IN,0,INTERBANK_CLEARING
TX_NPCI_119482,PNB_ACC_20180,AXIS_ACC_20206,7574.35,2026-01-10 14:50:12,INTERBANK_SETTLEMENT,IMPS,NPCI Interbank (PNB -> AXIS),IN,0,INTERBANK_CLEARING
TX_NPCI_119483,ICICI_ACC_20211,CANARA_ACC_20077,7401.91,2026-01-10 20:42:14,INTERBANK_SETTLEMENT,UPI,NPCI Interbank (ICICI -> CANARA),IN,0,INTERBANK_CLEARING
TX_NPCI_119484,PNB_ACC_20035,CANARA_ACC_20183,3229.06,2026-01-10 18:45:20,INTERBANK_SETTLEMENT,NEFT,NPCI Interbank (PNB -> CANARA),IN,0,INTERBANK_CLEARING
TX_NPCI_119485,YES_ACC_20177,INDUS_ACC_20141,2011.52,2026-01-10 15:20:15,INTERBANK_SETTLEMENT,IMPS,NPCI Interbank (YES -> INDUS),IN,0,INTERBANK_CLEARING
TX_NPCI_119486,CANARA_ACC_20247,BOB_ACC_20122,27690.21,2026-01-10 15:49:52,INTERBANK_SETTLEMENT,UPI,NPCI Interbank (CANARA -> BOB),IN,0,INTERBANK_CLEARING
TX_NPCI_119487,PNB_ACC_20137,HDFC_ACC_20153,2165.24,2026-01-10 12:24:27,INTERBANK_SETTLEMENT,IMPS,NPCI Interbank (PNB -> HDFC),IN,0,INTERBANK_CLEARING
TX_NPCI_119488,INDUS_ACC_20043,KOTAK_ACC_20139,1436.51,2026-01-10 16:49:12,INTERBANK_SETTLEMENT,UPI,NPCI Interbank (INDUS -> KOTAK),IN,0,INTERBANK_CLEARING
TX_NPCI_119489,CANARA_ACC_20231,PNB_ACC_20023,1124.37,2026-01-10 21:14:15,INTERBANK_SETTLEMENT,IMPS,NPCI Interbank (CANARA -> PNB),IN,0,INTERBANK_CLEARING
TX_NPCI_119490,BOB_ACC_20058,PNB_ACC_20153,307.3,2026-01-10 18:47:32,INTERBANK_SETTLEMENT,IMPS,NPCI Interbank (BOB -> PNB),IN,0,INTERBANK_CLEARING
TX_NPCI_119491,PNB_ACC_20043,AXIS_ACC_20053,6541.61,2026-01-10 14:22:51,INTERBANK_SETTLEMENT,UPI,NPCI Interbank (PNB -> AXIS),IN,0,INTERBANK_CLEARING
TX_NPCI_119492,PNB_ACC_20105,ICICI_ACC_20222,145.81,2026-01-10 18:18:48,INTERBANK_SETTLEMENT,UPI,NPCI Interbank (PNB -> ICICI),IN,0,INTERBANK_CLEARING
TX_NPCI_119493,HDFC_ACC_20184,HDFC_ACC_20094,2423.9,2026-01-10 11:55:52,INTERBANK_SETTLEMENT,UPI,NPCI Interbank (HDFC -> HDFC),IN,0,INTERBANK_CLEARING
TX_NPCI_119494,BOB_ACC_20190,YES_ACC_20182,1908.68,2026-01-10 15:52:00,INTERBANK_SETTLEMENT,IMPS,NPCI Interbank (BOB -> YES),IN,0,INTERBANK_CLEARING
TX_NPCI_119495,ICICI_ACC_20191,ICICI_ACC_20063,35880.82,2026-01-10 14:23:43,INTERBANK_SETTLEMENT,NEFT,NPCI Interbank (ICICI -> ICICI),IN,0,INTERBANK_CLEARING
TX_NPCI_119496,KOTAK_ACC_20078,HDFC_ACC_20041,270.97,2026-01-10 22:46:00,INTERBANK_SETTLEMENT,UPI,NPCI Interbank (KOTAK -> HDFC),IN,0,INTERBANK_CLEARING
TX_NPCI_119497,ICICI_ACC_20137,CANARA_ACC_20154,827.72,2026-01-10 16:51:54,INTERBANK_SETTLEMENT,IMPS,NPCI Interbank (ICICI -> CANARA),IN,0,INTERBANK_CLEARING
TX_NPCI_119498,AXIS_ACC_20157,INDUS_ACC_20089,2072.86,2026-01-10 21:47:52,INTERBANK_SETTLEMENT,UPI,NPCI Interbank (AXIS -> INDUS),IN,0,INTERBANK_CLEARING
TX_NPCI_119499,PNB_ACC_20193,KOTAK_ACC_20104,1925.55,2026-01-10 16:52:30,INTERBANK_SETTLEMENT,UPI,NPCI Interbank (PNB -> KOTAK),IN,0,INTERBANK_CLEARING
TX_NPCI_119500,AXIS_ACC_20031,PNB_ACC_20159,1262.12,2026-01-10 10:28:00,INTERBANK_SETTLEMENT,UPI,NPCI Interbank (AXIS -> PNB),IN,0,INTERBANK_CLEARING
TX_NPCI_119501,AXIS_ACC_20096,BOB_ACC_20206,2214.57,2026-01-10 17:52:20,INTERBANK_SETTLEMENT,IMPS,NPCI Interbank (AXIS -> BOB),IN,0,INTERBANK_CLEARING
TX_NPCI_119502,HDFC_ACC_20192,YES_ACC_20101,538.36,2026-01-10 14:25:14,INTERBANK_SETTLEMENT,NEFT,NPCI Interbank (HDFC -> YES),IN,0,INTERBANK_CLEARING
TX_NPCI_119503,PNB_ACC_20123,YES_ACC_20114,3746.7,2026-01-10 20:50:54,INTERBANK_SETTLEMENT,RTGS,NPCI Interbank (PNB -> YES),IN,0,INTERBANK_CLEARING
TX_NPCI_119504,KOTAK_ACC_20000,BOB_ACC_20012,150.54,2026-01-10 19:52:00,INTERBANK_SETTLEMENT,UPI,NPCI Interbank (KOTAK -> BOB),IN,0,INTERBANK_CLEARING
TX_NPCI_119505,ICICI_ACC_20167,PNB_ACC_20097,2366.29,2026-01-10 13:26:31,INTERBANK_SETTLEMENT,NEFT,NPCI Interbank (ICICI -> PNB),IN,0,INTERBANK_CLEARING
TX_NPCI_119506,AXIS_ACC_20020,YES_ACC_20105,1187.46,2026-01-10 16:24:54,INTERBANK_SETTLEMENT,UPI,NPCI Interbank (AXIS -> YES),IN,0,INTERBANK_CLEARING
TX_NPCI_119507,BOB_ACC_20144,CANARA_ACC_20016,8263.02,2026-01-10 22:21:47,INTERBANK_SETTLEMENT,UPI,NPCI Interbank (BOB -> CANARA),IN,0,INTERBANK_CLEARING
TX_NPCI_119508,INDUS_ACC_20028,INDUS_ACC_20237,20057.8,2026-01-10 12:27:36,INTERBANK_SETTLEMENT,IMPS,NPCI Interbank (INDUS -> INDUS),IN,0,INTERBANK_CLEARING
TX_NPCI_119509,AXIS_ACC_20052,CANARA_ACC_20120,1640.47,2026-01-10 17:55:00,INTERBANK_SETTLEMENT,UPI,NPCI Interbank (AXIS -> CANARA),IN,0,INTERBANK_CLEARING
TX_NPCI_119510,YES_ACC_20248,HDFC_ACC_20006,12950.26,2026-01-10 19:54:24,INTERBANK_SETTLEMENT,UPI,NPCI Interbank (YES -> HDFC),IN,0,INTERBANK_CLEARING
TX_NPCI_119511,ICICI_ACC_20090,YES_ACC_20022,1670.14,2026-01-10 22:53:30,INTERBANK_SETTLEMENT,UPI,NPCI Interbank (ICICI -> YES),IN,0,INTERBANK_CLEARING
TX_NPCI_119512,AXIS_ACC_20010,ICICI_ACC_20023,765.59,2026-01-10 13:27:48,INTERBANK_SETTLEMENT,UPI,NPCI Interbank (AXIS -> ICICI),IN,0,INTERBANK_CLEARING
TX_NPCI_119513,YES_ACC_20062,AXIS_ACC_20127,19832.64,2026-01-10 18:55:58,INTERBANK_SETTLEMENT,IMPS,NPCI Interbank (YES -> AXIS),IN,0,INTERBANK_CLEARING
TX_NPCI_119514,ICICI_ACC_20041,YES_ACC_20012,4559.33,2026-01-10 16:27:10,INTERBANK_SETTLEMENT,IMPS,NPCI Interbank (ICICI -> YES),IN,0,INTERBANK_CLEARING
TX_NPCI_119515,INDUS_ACC_20026,SBI_ACC_20159,2453.64,2026-01-10 18:56:42,INTERBANK_SETTLEMENT,UPI,NPCI Interbank (INDUS -> SBI),IN,0,INTERBANK_CLEARING
TX_NPCI_119516,ICICI_ACC_20019,KOTAK_ACC_20103,5567.01,2026-01-10 11:58:56,INTERBANK_SETTLEMENT,NEFT,NPCI Interbank (ICICI -> KOTAK),IN,0,INTERBANK_CLEARING
TX_NPCI_119517,KOTAK_ACC_20116,KOTAK_ACC_20158,3391.6,2026-01-10 20:27:05,INTERBANK_SETTLEMENT,RTGS,NPCI Interbank (KOTAK -> KOTAK),IN,0,INTERBANK_CLEARING
TX_NPCI_119518,CANARA_ACC_20139,CANARA_ACC_20153,2246.07,2026-01-10 16:58:12,INTERBANK_SETTLEMENT,UPI,NPCI Interbank (CANARA -> CANARA),IN,0,INTERBANK_CLEARING
TX_NPCI_119519,ICICI_ACC_20114,AXIS_ACC_20249,496.85,2026-01-10 13:59:00,INTERBANK_SETTLEMENT,IMPS,NPCI Interbank (ICICI -> AXIS),IN,0,INTERBANK_CLEARING
TX_NPCI_119520,KOTAK_ACC_20174,CANARA_ACC_20129,1764.03,2026-01-10 20:28:20,INTERBANK_SETTLEMENT,IMPS,NPCI Interbank (KOTAK -> CANARA),IN,0,INTERBANK_CLEARING
TX_NPCI_119521,KOTAK_ACC_20207,HDFC_ACC_20003,5155.95,2026-01-10 17:59:00,INTERBANK_SETTLEMENT,UPI,NPCI Interbank (KOTAK -> HDFC),IN,0,INTERBANK_CLEARING
TX_NPCI_119522,AXIS_ACC_20118,HDFC_ACC_20095,2106.27,2026-01-10 22:29:02,INTERBANK_SETTLEMENT,RTGS,NPCI Interbank (AXIS -> HDFC),IN,0,INTERBANK_CLEARING
TX_NPCI_119523,CANARA_ACC_20097,CANARA_ACC_20021,7206.88,2026-01-10 14:59:46,INTERBANK_SETTLEMENT,UPI,NPCI Interbank (CANARA -> CANARA),IN,0,INTERBANK_CLEARING
TX_NPCI_119524,KOTAK_ACC_20061,YES_ACC_20188,3867.59,2026-01-10 18:00:00,INTERBANK_SETTLEMENT,UPI,NPCI Interbank (KOTAK -> YES),IN,0,INTERBANK_CLEARING
TX_NPCI_119525,INDUS_ACC_20028,BOB_ACC_20131,850.85,2026-01-10 16:30:17,INTERBANK_SETTLEMENT,UPI,NPCI Interbank (INDUS -> BOB),IN,0,INTERBANK_CLEARING
TX_NPCI_119526,AXIS_ACC_20156,KOTAK_ACC_20135,501.19,2026-01-10 23:01:00,INTERBANK_SETTLEMENT,UPI,NPCI Interbank (AXIS -> KOTAK),IN,0,INTERBANK_CLEARING
TX_NPCI_119527,INDUS_ACC_20090,KOTAK_ACC_20093,2021.08,2026-01-10 16:00:48,INTERBANK_SETTLEMENT,UPI,NPCI Interbank (INDUS -> KOTAK),IN,0,INTERBANK_CLEARING
TX_NPCI_119528,INDUS_ACC_20205,PNB_ACC_20219,1301.05,2026-01-10 14:00:48,INTERBANK_SETTLEMENT,IMPS,NPCI Interbank (INDUS -> PNB),IN,0,INTERBANK_CLEARING
TX_NPCI_119529,PNB_ACC_20217,PNB_ACC_20087,3654.03,2026-01-10 21:02:10,INTERBANK_SETTLEMENT,UPI,NPCI Interbank (PNB -> PNB),IN,0,INTERBANK_CLEARING
TX_NPCI_119530,ICICI_ACC_20148,AXIS_ACC_20188,1030.95,2026-01-10 19:32:18,INTERBANK_SETTLEMENT,UPI,NPCI Interbank (ICICI -> AXIS),IN,0,INTERBANK_CLEARING
TX_NPCI_119531,PNB_ACC_20195,HDFC_ACC_20149,1166.23,2026-01-10 12:31:03,INTERBANK_SETTLEMENT,UPI,NPCI Interbank (PNB -> HDFC),IN,0,INTERBANK_CLEARING
TX_NPCI_119532,AXIS_ACC_20245,SBI_ACC_20057,8635.9,2026-01-10 12:01:04,INTERBANK_SETTLEMENT,UPI,NPCI Interbank (AXIS -> SBI),IN,0,INTERBANK_CLEARING
TX_NPCI_119533,ICICI_ACC_20134,BOB_ACC_20087,2915.64,2026-01-10 12:01:12,INTERBANK_SETTLEMENT,UPI,NPCI Interbank (ICICI -> BOB),IN,0,INTERBANK_CLEARING
TX_NPCI_119534,AXIS_ACC_20049,KOTAK_ACC_20229,1050.19,2026-01-10 11:01:00,INTERBANK_SETTLEMENT,NEFT,NPCI Interbank (AXIS -> KOTAK),IN,0,INTERBANK_CLEARING
TX_NPCI_119535,BOB_ACC_20011,SBI_ACC_20220,2492.82,2026-01-10 15:32:45,INTERBANK_SETTLEMENT,UPI,NPCI Interbank (BOB -> SBI),IN,0,INTERBANK_CLEARING
TX_NPCI_119536,YES_ACC_20081,HDFC_ACC_20040,12767.95,2026-01-10 16:33:24,INTERBANK_SETTLEMENT,UPI,NPCI Interbank (YES -> HDFC),IN,0,INTERBANK_CLEARING
TX_NPCI_119537,CANARA_ACC_20222,INDUS_ACC_20125,3472.2,2026-01-10 16:03:28,INTERBANK_SETTLEMENT,UPI,NPCI Interbank (CANARA -> INDUS),IN,0,INTERBANK_CLEARING
TX_NPCI_119538,SBI_ACC_20197,CANARA_ACC_20129,4971.82,2026-01-10 11:01:24,INTERBANK_SETTLEMENT,UPI,NPCI Interbank (SBI -> CANARA),IN,0,INTERBANK_CLEARING
TX_NPCI_119539,AXIS_ACC_20230,ICICI_ACC_20020,989.62,2026-01-10 11:31:45,INTERBANK_SETTLEMENT,IMPS,NPCI Interbank (AXIS -> ICICI),IN,0,INTERBANK_CLEARING
TX_NPCI_119540,HDFC_ACC_20225,HDFC_ACC_20177,8364.09,2026-01-10 12:02:08,INTERBANK_SETTLEMENT,IMPS,NPCI Interbank (HDFC -> HDFC),IN,0,INTERBANK_CLEARING
TX_NPCI_119541,YES_ACC_20077,BOB_ACC_20015,39407.94,2026-01-10 13:02:50,INTERBANK_SETTLEMENT,UPI,NPCI Interbank (YES -> BOB),IN,0,INTERBANK_CLEARING
TX_NPCI_119542,CANARA_ACC_20071,ICICI_ACC_20194,944.11,2026-01-10 16:04:48,INTERBANK_SETTLEMENT,UPI,NPCI Interbank (CANARA -> ICICI),IN,0,INTERBANK_CLEARING
TX_NPCI_119543,BOB_ACC_20133,BOB_ACC_20098,590.95,2026-01-10 16:05:04,INTERBANK_SETTLEMENT,RTGS,NPCI Interbank (BOB -> BOB),IN,0,INTERBANK_CLEARING
TX_NPCI_119544,BOB_ACC_20136,CANARA_ACC_20191,3012.88,2026-01-10 16:05:20,INTERBANK_SETTLEMENT,UPI,NPCI Interbank (BOB -> CANARA),IN,0,INTERBANK_CLEARING
TX_NPCI_119545,BOB_ACC_20140,ICICI_ACC_20091,6978.62,2026-01-10 22:09:48,INTERBANK_SETTLEMENT,IMPS,NPCI Interbank (BOB -> ICICI),IN,0,INTERBANK_CLEARING
TX_NPCI_119546,ICICI_ACC_20081,KOTAK_ACC_20204,2187.1,2026-01-10 18:37:42,INTERBANK_SETTLEMENT,IMPS,NPCI Interbank (ICICI -> KOTAK),IN,0,INTERBANK_CLEARING
TX_NPCI_119547,SBI_ACC_20110,AXIS_ACC_20203,689.63,2026-01-10 15:35:45,INTERBANK_SETTLEMENT,IMPS,NPCI Interbank (SBI -> AXIS),IN,0,INTERBANK_CLEARING
TX_NPCI_119548,SBI_ACC_20213,YES_ACC_20060,2142.44,2026-01-10 14:04:48,INTERBANK_SETTLEMENT,NEFT,NPCI Interbank (SBI -> YES),IN,0,INTERBANK_CLEARING
TX_NPCI_119549,PNB_ACC_20138,BOB_ACC_20082,5002.59,2026-01-10 13:34:35,INTERBANK_SETTLEMENT,IMPS,NPCI Interbank (PNB -> BOB),IN,0,INTERBANK_CLEARING
TX_NPCI_119550,PNB_ACC_20227,HDFC_ACC_20183,1497.51,2026-01-10 17:38:14,INTERBANK_SETTLEMENT,UPI,NPCI Interbank (PNB -> HDFC),IN,0,INTERBANK_CLEARING
TX_NPCI_119551,ICICI_ACC_20126,PNB_ACC_20107,5057.9,2026-01-10 22:12:36,INTERBANK_SETTLEMENT,NEFT,NPCI Interbank (ICICI -> PNB),IN,0,INTERBANK_CLEARING
TX_NPCI_119552,BOB_ACC_20036,CANARA_ACC_20228,9873.93,2026-01-10 20:41:40,INTERBANK_SETTLEMENT,UPI,NPCI Interbank (BOB -> CANARA),IN,0,INTERBANK_CLEARING
TX_NPCI_119553,CANARA_ACC_20219,ICICI_ACC_20023,3256.07,2026-01-10 21:43:03,INTERBANK_SETTLEMENT,IMPS,NPCI Interbank (CANARA -> ICICI),IN,0,INTERBANK_CLEARING
TX_NPCI_119554,KOTAK_ACC_20114,ICICI_ACC_20023,2360.11,2026-01-10 11:03:00,INTERBANK_SETTLEMENT,UPI,NPCI Interbank (KOTAK -> ICICI),IN,0,INTERBANK_CLEARING
TX_NPCI_119555,SBI_ACC_20160,HDFC_ACC_20088,6602.56,2026-01-10 20:42:55,INTERBANK_SETTLEMENT,RTGS,NPCI Interbank (SBI -> HDFC),IN,0,INTERBANK_CLEARING
TX_NPCI_119556,AXIS_ACC_20133,AXIS_ACC_20189,873.65,2026-01-10 17:09:36,INTERBANK_SETTLEMENT,UPI,NPCI Interbank (AXIS -> AXIS),IN,0,INTERBANK_CLEARING
TX_NPCI_119557,YES_ACC_20127,PNB_ACC_20246,776.15,2026-01-10 11:03:18,INTERBANK_SETTLEMENT,IMPS,NPCI Interbank (YES -> PNB),IN,0,INTERBANK_CLEARING
TX_NPCI_119558,KOTAK_ACC_20169,KOTAK_ACC_20044,1772.44,2026-01-10 16:39:38,INTERBANK_SETTLEMENT,IMPS,NPCI Interbank (KOTAK -> KOTAK),IN,0,INTERBANK_CLEARING
TX_NPCI_119559,BOB_ACC_20170,AXIS_ACC_20236,1352.55,2026-01-10 12:35:15,INTERBANK_SETTLEMENT,UPI,NPCI Interbank (BOB -> AXIS),IN,0,INTERBANK_CLEARING
TX_NPCI_119560,KOTAK_ACC_20038,ICICI_ACC_20140,930.75,2026-01-10 18:12:00,INTERBANK_SETTLEMENT,NEFT,NPCI Interbank (KOTAK -> ICICI),IN,0,INTERBANK_CLEARING
TX_NPCI_119561,AXIS_ACC_20010,HDFC_ACC_20079,21950.87,2026-01-10 20:14:48,INTERBANK_SETTLEMENT,IMPS,NPCI Interbank (AXIS -> HDFC),IN,0,INTERBANK_CLEARING
TX_NPCI_119562,CANARA_ACC_20144,CANARA_ACC_20076,33070.33,2026-01-10 19:44:34,INTERBANK_SETTLEMENT,UPI,NPCI Interbank (CANARA -> CANARA),IN,0,INTERBANK_CLEARING
TX_NPCI_119563,SBI_ACC_20224,INDUS_ACC_20118,1596.48,2026-01-10 14:38:27,INTERBANK_SETTLEMENT,RTGS,NPCI Interbank (SBI -> INDUS),IN,0,INTERBANK_CLEARING
TX_NPCI_119564,HDFC_ACC_20195,AXIS_ACC_20182,2724.56,2026-01-10 12:36:00,INTERBANK_SETTLEMENT,UPI,NPCI Interbank (HDFC -> AXIS),IN,0,INTERBANK_CLEARING
TX_NPCI_119565,HDFC_ACC_20188,PNB_ACC_20143,1948.06,2026-01-10 22:19:08,INTERBANK_SETTLEMENT,IMPS,NPCI Interbank (HDFC -> PNB),IN,0,INTERBANK_CLEARING
TX_NPCI_119566,ICICI_ACC_20062,KOTAK_ACC_20133,9218.79,2026-01-10 13:07:00,INTERBANK_SETTLEMENT,UPI,NPCI Interbank (ICICI -> KOTAK),IN,0,INTERBANK_CLEARING
TX_NPCI_119567,PNB_ACC_20024,INDUS_ACC_20106,11693.34,2026-01-10 13:07:10,INTERBANK_SETTLEMENT,UPI,NPCI Interbank (PNB -> INDUS),IN,0,INTERBANK_CLEARING
TX_NPCI_119568,BOB_ACC_20081,HDFC_ACC_20094,289.25,2026-01-10 20:17:36,INTERBANK_SETTLEMENT,UPI,NPCI Interbank (BOB -> HDFC),IN,0,INTERBANK_CLEARING
TX_NPCI_119569,KOTAK_ACC_20008,HDFC_ACC_20131,4320.87,2026-01-10 21:19:30,INTERBANK_SETTLEMENT,UPI,NPCI Interbank (KOTAK -> HDFC),IN,0,INTERBANK_CLEARING
TX_NPCI_119570,PNB_ACC_20058,HDFC_ACC_20007,508.68,2026-01-10 12:06:08,INTERBANK_SETTLEMENT,UPI,NPCI Interbank (PNB -> HDFC),IN,0,INTERBANK_CLEARING
TX_NPCI_119571,HDFC_ACC_20085,SBI_ACC_20141,20129.2,2026-01-10 11:04:42,INTERBANK_SETTLEMENT,NEFT,NPCI Interbank (HDFC -> SBI),IN,0,INTERBANK_CLEARING
TX_NPCI_119572,BOB_ACC_20027,BOB_ACC_20219,4139.36,2026-01-10 20:50:00,INTERBANK_SETTLEMENT,IMPS,NPCI Interbank (BOB -> BOB),IN,0,INTERBANK_CLEARING
TX_NPCI_119573,KOTAK_ACC_20076,KOTAK_ACC_20193,908.67,2026-01-10 23:24:30,INTERBANK_SETTLEMENT,IMPS,NPCI Interbank (KOTAK -> KOTAK),IN,0,INTERBANK_CLEARING
TX_NPCI_119574,ICICI_ACC_20069,KOTAK_ACC_20017,1826.97,2026-01-10 23:25:00,INTERBANK_SETTLEMENT,UPI,NPCI Interbank (ICICI -> KOTAK),IN,0,INTERBANK_CLEARING
TX_NPCI_119575,INDUS_ACC_20092,HDFC_ACC_20220,1725.42,2026-01-10 15:42:45,INTERBANK_SETTLEMENT,UPI,NPCI Interbank (INDUS -> HDFC),IN,0,INTERBANK_CLEARING
TX_NPCI_119576,INDUS_ACC_20004,INDUS_ACC_20112,4583.12,2026-01-10 15:12:08,INTERBANK_SETTLEMENT,UPI,NPCI Interbank (INDUS -> INDUS),IN,0,INTERBANK_CLEARING
TX_NPCI_119577,CANARA_ACC_20080,YES_ACC_20173,8521.05,2026-01-10 13:39:43,INTERBANK_SETTLEMENT,UPI,NPCI Interbank (CANARA -> YES),IN,0,INTERBANK_CLEARING
TX_NPCI_119578,HDFC_ACC_20023,BOB_ACC_20200,615.33,2026-01-10 17:16:12,INTERBANK_SETTLEMENT,UPI,NPCI Interbank (HDFC -> BOB),IN,0,INTERBANK_CLEARING
TX_NPCI_119579,BOB_ACC_20182,KOTAK_ACC_20147,22170.22,2026-01-10 13:09:10,INTERBANK_SETTLEMENT,IMPS,NPCI Interbank (BOB -> KOTAK),IN,0,INTERBANK_CLEARING
TX_NPCI_119580,KOTAK_ACC_20122,SBI_ACC_20035,16761.3,2026-01-10 10:34:40,INTERBANK_SETTLEMENT,UPI,NPCI Interbank (KOTAK -> SBI),IN,0,INTERBANK_CLEARING
TX_NPCI_119581,HDFC_ACC_20222,BOB_ACC_20199,853.73,2026-01-10 15:13:18,INTERBANK_SETTLEMENT,RTGS,NPCI Interbank (HDFC -> BOB),IN,0,INTERBANK_CLEARING
TX_NPCI_119582,PNB_ACC_20142,SBI_ACC_20226,2663.41,2026-01-10 18:19:20,INTERBANK_SETTLEMENT,UPI,NPCI Interbank (PNB -> SBI),IN,0,INTERBANK_CLEARING
TX_NPCI_119583,YES_ACC_20016,AXIS_ACC_20113,19014.75,2026-01-10 21:25:34,INTERBANK_SETTLEMENT,UPI,NPCI Interbank (YES -> AXIS),IN,0,INTERBANK_CLEARING
TX_NPCI_119584,PNB_ACC_20179,KOTAK_ACC_20090,10716.1,2026-01-10 14:43:00,INTERBANK_SETTLEMENT,IMPS,NPCI Interbank (PNB -> KOTAK),IN,0,INTERBANK_CLEARING
TX_NPCI_119585,ICICI_ACC_20121,YES_ACC_20248,1629.3,2026-01-10 17:18:18,INTERBANK_SETTLEMENT,UPI,NPCI Interbank (ICICI -> YES),IN,0,INTERBANK_CLEARING
TX_NPCI_119586,YES_ACC_20050,CANARA_ACC_20043,6484.75,2026-01-10 17:49:38,INTERBANK_SETTLEMENT,IMPS,NPCI Interbank (YES -> CANARA),IN,0,INTERBANK_CLEARING
TX_NPCI_119587,CANARA_ACC_20052,INDUS_ACC_20052,89021.92,2026-01-10 11:37:21,INTERBANK_SETTLEMENT,UPI,NPCI Interbank (CANARA -> INDUS),IN,0,INTERBANK_CLEARING
TX_NPCI_119588,YES_ACC_20230,ICICI_ACC_20110,2768.86,2026-01-10 21:58:48,INTERBANK_SETTLEMENT,UPI,NPCI Interbank (YES -> ICICI),IN,0,INTERBANK_CLEARING
TX_NPCI_119589,CANARA_ACC_20220,AXIS_ACC_20013,1142.33,2026-01-10 21:28:10,INTERBANK_SETTLEMENT,UPI,NPCI Interbank (CANARA -> AXIS),IN,0,INTERBANK_CLEARING
TX_NPCI_119590,KOTAK_ACC_20100,PNB_ACC_20198,3001.61,2026-01-10 11:06:36,INTERBANK_SETTLEMENT,UPI,NPCI Interbank (KOTAK -> PNB),IN,0,INTERBANK_CLEARING
TX_NPCI_119591,PNB_ACC_20017,BOB_ACC_20120,3280.87,2026-01-10 16:17:52,INTERBANK_SETTLEMENT,UPI,NPCI Interbank (PNB -> BOB),IN,0,INTERBANK_CLEARING
TX_NPCI_119592,CANARA_ACC_20056,ICICI_ACC_20176,1300.57,2026-01-10 21:29:28,INTERBANK_SETTLEMENT,UPI,NPCI Interbank (CANARA -> ICICI),IN,0,INTERBANK_CLEARING
TX_NPCI_119593,PNB_ACC_20078,SBI_ACC_20041,4146.21,2026-01-10 23:34:30,INTERBANK_SETTLEMENT,UPI,NPCI Interbank (PNB -> SBI),IN,0,INTERBANK_CLEARING
TX_NPCI_119594,YES_ACC_20152,ICICI_ACC_20133,541.7,2026-01-10 12:09:20,INTERBANK_SETTLEMENT,UPI,NPCI Interbank (YES -> ICICI),IN,0,INTERBANK_CLEARING
TX_NPCI_119595,CANARA_ACC_20214,ICICI_ACC_20113,1098.12,2026-01-10 20:28:24,INTERBANK_SETTLEMENT,UPI,NPCI Interbank (CANARA -> ICICI),IN,0,INTERBANK_CLEARING
TX_NPCI_119596,ICICI_ACC_20036,KOTAK_ACC_20050,6062.6,2026-01-10 12:40:48,INTERBANK_SETTLEMENT,UPI,NPCI Interbank (ICICI -> KOTAK),IN,0,INTERBANK_CLEARING
TX_NPCI_119597,KOTAK_ACC_20014,ICICI_ACC_20232,297.13,2026-01-10 15:17:02,INTERBANK_SETTLEMENT,IMPS,NPCI Interbank (KOTAK -> ICICI),IN,0,INTERBANK_CLEARING
TX_NPCI_119598,HDFC_ACC_20243,ICICI_ACC_20186,7214.16,2026-01-10 17:53:26,INTERBANK_SETTLEMENT,RTGS,NPCI Interbank (HDFC -> ICICI),IN,0,INTERBANK_CLEARING
TX_NPCI_119599,SBI_ACC_20054,ICICI_ACC_20171,218.25,2026-01-10 14:15:00,INTERBANK_SETTLEMENT,IMPS,NPCI Interbank (SBI -> ICICI),IN,0,INTERBANK_CLEARING
TX_NPCI_119600,SBI_ACC_20057,YES_ACC_20206,305.64,2026-01-10 10:36:20,INTERBANK_SETTLEMENT,RTGS,NPCI Interbank (SBI -> YES),IN,0,INTERBANK_CLEARING
TX_NPCI_119601,KOTAK_ACC_20070,CANARA_ACC_20068,1341.07,2026-01-10 12:41:33,INTERBANK_SETTLEMENT,IMPS,NPCI Interbank (KOTAK -> CANARA),IN,0,INTERBANK_CLEARING
TX_NPCI_119602,KOTAK_ACC_20025,SBI_ACC_20050,3443.48,2026-01-10 14:46:54,INTERBANK_SETTLEMENT,NEFT,NPCI Interbank (KOTAK -> SBI),IN,0,INTERBANK_CLEARING
TX_NPCI_119603,YES_ACC_20137,KOTAK_ACC_20114,11971.89,2026-01-10 21:34:14,INTERBANK_SETTLEMENT,IMPS,NPCI Interbank (YES -> KOTAK),IN,0,INTERBANK_CLEARING
TX_NPCI_119604,PNB_ACC_20233,PNB_ACC_20135,2615.33,2026-01-10 11:08:00,INTERBANK_SETTLEMENT,UPI,NPCI Interbank (PNB -> PNB),IN,0,INTERBANK_CLEARING
TX_NPCI_119605,SBI_ACC_20046,PNB_ACC_20221,1815.54,2026-01-10 10:36:45,INTERBANK_SETTLEMENT,UPI,NPCI Interbank (SBI -> PNB),IN,0,INTERBANK_CLEARING
TX_NPCI_119606,ICICI_ACC_20064,BOB_ACC_20078,4892.69,2026-01-10 15:50:30,INTERBANK_SETTLEMENT,IMPS,NPCI Interbank (ICICI -> BOB),IN,0,INTERBANK_CLEARING
TX_NPCI_119607,AXIS_ACC_20179,SBI_ACC_20145,858.27,2026-01-10 20:33:12,INTERBANK_SETTLEMENT,RTGS,NPCI Interbank (AXIS -> SBI),IN,0,INTERBANK_CLEARING
TX_NPCI_119608,ICICI_ACC_20248,AXIS_ACC_20203,2885.05,2026-01-10 18:59:24,INTERBANK_SETTLEMENT,UPI,NPCI Interbank (ICICI -> AXIS),IN,0,INTERBANK_CLEARING
TX_NPCI_119609,ICICI_ACC_20232,HDFC_ACC_20170,578.63,2026-01-10 22:39:40,INTERBANK_SETTLEMENT,UPI,NPCI Interbank (ICICI -> HDFC),IN,0,INTERBANK_CLEARING
TX_NPCI_119610,CANARA_ACC_20055,ICICI_ACC_20062,2694.88,2026-01-10 13:14:20,INTERBANK_SETTLEMENT,IMPS,NPCI Interbank (CANARA -> ICICI),IN,0,INTERBANK_CLEARING
TX_NPCI_119611,SBI_ACC_20182,HDFC_ACC_20027,2088.49,2026-01-10 12:43:03,INTERBANK_SETTLEMENT,UPI,NPCI Interbank (SBI -> HDFC),IN,0,INTERBANK_CLEARING
TX_NPCI_119612,INDUS_ACC_20073,ICICI_ACC_20089,929.72,2026-01-10 23:12:32,INTERBANK_SETTLEMENT,UPI,NPCI Interbank (INDUS -> ICICI),IN,0,INTERBANK_CLEARING
TX_NPCI_119613,SBI_ACC_20117,BOB_ACC_20133,2975.15,2026-01-10 16:55:13,INTERBANK_SETTLEMENT,UPI,NPCI Interbank (SBI -> BOB),IN,0,INTERBANK_CLEARING
TX_NPCI_119614,ICICI_ACC_20057,HDFC_ACC_20167,2952.06,2026-01-10 17:58:30,INTERBANK_SETTLEMENT,NEFT,NPCI Interbank (ICICI -> HDFC),IN,0,INTERBANK_CLEARING
TX_NPCI_119615,CANARA_ACC_20215,KOTAK_ACC_20015,10002.04,2026-01-10 23:45:30,INTERBANK_SETTLEMENT,UPI,NPCI Interbank (CANARA -> KOTAK),IN,0,INTERBANK_CLEARING
TX_NPCI_119616,SBI_ACC_20042,ICICI_ACC_20124,355.4,2026-01-10 15:21:28,INTERBANK_SETTLEMENT,NEFT,NPCI Interbank (SBI -> ICICI),IN,0,INTERBANK_CLEARING
TX_NPCI_119617,BOB_ACC_20217,AXIS_ACC_20249,2227.74,2026-01-10 14:50:09,INTERBANK_SETTLEMENT,UPI,NPCI Interbank (BOB -> AXIS),IN,0,INTERBANK_CLEARING
TX_NPCI_119618,AXIS_ACC_20203,CANARA_ACC_20219,980.13,2026-01-10 11:09:24,INTERBANK_SETTLEMENT,IMPS,NPCI Interbank (AXIS -> CANARA),IN,0,INTERBANK_CLEARING
TX_NPCI_119619,PNB_ACC_20166,PNB_ACC_20057,6930.69,2026-01-10 20:38:00,INTERBANK_SETTLEMENT,UPI,NPCI Interbank (PNB -> PNB),IN,0,INTERBANK_CLEARING
TX_NPCI_119620,PNB_ACC_20060,YES_ACC_20116,6031.16,2026-01-10 11:41:12,INTERBANK_SETTLEMENT,IMPS,NPCI Interbank (PNB -> YES),IN,0,INTERBANK_CLEARING
TX_NPCI_119621,AXIS_ACC_20086,CANARA_ACC_20115,4489.32,2026-01-10 11:09:42,INTERBANK_SETTLEMENT,IMPS,NPCI Interbank (AXIS -> CANARA),IN,0,INTERBANK_CLEARING
TX_NPCI_119622,ICICI_ACC_20052,INDUS_ACC_20054,1048.8,2026-01-10 18:01:02,INTERBANK_SETTLEMENT,UPI,NPCI Interbank (ICICI -> INDUS),IN,0,INTERBANK_CLEARING
TX_NPCI_119623,INDUS_ACC_20088,SBI_ACC_20147,7062.57,2026-01-10 13:48:09,INTERBANK_SETTLEMENT,UPI,NPCI Interbank (INDUS -> SBI),IN,0,INTERBANK_CLEARING
TX_NPCI_119624,BOB_ACC_20098,BOB_ACC_20112,389.1,2026-01-10 20:08:20,INTERBANK_SETTLEMENT,UPI,NPCI Interbank (BOB -> BOB),IN,0,INTERBANK_CLEARING
TX_NPCI_119625,SBI_ACC_20025,ICICI_ACC_20225,304.18,2026-01-10 21:12:05,INTERBANK_SETTLEMENT,UPI,NPCI Interbank (SBI -> ICICI),IN,0,INTERBANK_CLEARING
TX_NPCI_119626,PNB_ACC_20025,SBI_ACC_20004,527.93,2026-01-10 18:02:18,INTERBANK_SETTLEMENT,NEFT,NPCI Interbank (PNB -> SBI),IN,0,INTERBANK_CLEARING
TX_NPCI_119627,AXIS_ACC_20026,PNB_ACC_20111,2344.51,2026-01-10 15:55:45,INTERBANK_SETTLEMENT,UPI,NPCI Interbank (AXIS -> PNB),IN,0,INTERBANK_CLEARING
TX_NPCI_119628,ICICI_ACC_20033,BOB_ACC_20040,5487.33,2026-01-10 13:17:20,INTERBANK_SETTLEMENT,UPI,NPCI Interbank (ICICI -> BOB),IN,0,INTERBANK_CLEARING
TX_NPCI_119629,HDFC_ACC_20107,BOB_ACC_20079,68.63,2026-01-10 12:14:00,INTERBANK_SETTLEMENT,UPI,NPCI Interbank (HDFC -> BOB),IN,0,INTERBANK_CLEARING
TX_NPCI_119630,KOTAK_ACC_20058,YES_ACC_20071,11935.73,2026-01-10 22:49:28,INTERBANK_SETTLEMENT,UPI,NPCI Interbank (KOTAK -> YES),IN,0,INTERBANK_CLEARING
TX_NPCI_119631,CANARA_ACC_20025,HDFC_ACC_20179,2856.45,2026-01-10 11:42:29,INTERBANK_SETTLEMENT,UPI,NPCI Interbank (CANARA -> HDFC),IN,0,INTERBANK_CLEARING
TX_NPCI_119632,INDUS_ACC_20228,CANARA_ACC_20013,371.92,2026-01-10 23:54:00,INTERBANK_SETTLEMENT,RTGS,NPCI Interbank (INDUS -> CANARA),IN,0,INTERBANK_CLEARING
TX_NPCI_119633,ICICI_ACC_20106,PNB_ACC_20203,2754.9,2026-01-10 17:00:53,INTERBANK_SETTLEMENT,NEFT,NPCI Interbank (ICICI -> PNB),IN,0,INTERBANK_CLEARING
TX_NPCI_119634,HDFC_ACC_20024,AXIS_ACC_20239,9054.62,2026-01-10 22:51:20,INTERBANK_SETTLEMENT,IMPS,NPCI Interbank (HDFC -> AXIS),IN,0,INTERBANK_CLEARING
TX_NPCI_119635,KOTAK_ACC_20204,CANARA_ACC_20212,5010.69,2026-01-10 19:08:51,INTERBANK_SETTLEMENT,UPI,NPCI Interbank (KOTAK -> CANARA),IN,0,INTERBANK_CLEARING
TX_NPCI_119636,YES_ACC_20019,YES_ACC_20007,9126.04,2026-01-10 17:01:44,INTERBANK_SETTLEMENT,UPI,NPCI Interbank (YES -> YES),IN,0,INTERBANK_CLEARING
TX_NPCI_119637,SBI_ACC_20050,BOB_ACC_20167,473.67,2026-01-10 20:13:19,INTERBANK_SETTLEMENT,UPI,NPCI Interbank (SBI -> BOB),IN,0,INTERBANK_CLEARING
TX_NPCI_119638,ICICI_ACC_20115,SBI_ACC_20160,1485.04,2026-01-10 22:53:12,INTERBANK_SETTLEMENT,NEFT,NPCI Interbank (ICICI -> SBI),IN,0,INTERBANK_CLEARING
TX_NPCI_119639,ICICI_ACC_20054,PNB_ACC_20022,804.62,2026-01-10 17:02:35,INTERBANK_SETTLEMENT,NEFT,NPCI Interbank (ICICI -> PNB),IN,0,INTERBANK_CLEARING
TX_NPCI_119640,BOB_ACC_20224,PNB_ACC_20038,19169.89,2026-01-10 17:02:52,INTERBANK_SETTLEMENT,UPI,NPCI Interbank (BOB -> PNB),IN,0,INTERBANK_CLEARING
TX_NPCI_119641,PNB_ACC_20021,BOB_ACC_20230,5256.58,2026-01-10 19:42:54,INTERBANK_SETTLEMENT,IMPS,NPCI Interbank (PNB -> BOB),IN,0,INTERBANK_CLEARING
TX_NPCI_119642,BOB_ACC_20167,HDFC_ACC_20038,74340.53,2026-01-10 17:03:26,INTERBANK_SETTLEMENT,UPI,NPCI Interbank (BOB -> HDFC),IN,0,INTERBANK_CLEARING
TX_NPCI_119643,SBI_ACC_20231,BOB_ACC_20002,1392.52,2026-01-10 23:59:30,INTERBANK_SETTLEMENT,UPI,NPCI Interbank (SBI -> BOB),IN,0,INTERBANK_CLEARING
TX_NPCI_119644,INDUS_ACC_20083,INDUS_ACC_20242,1022.89,2026-01-10 14:24:00,INTERBANK_SETTLEMENT,UPI,NPCI Interbank (INDUS -> INDUS),IN,0,INTERBANK_CLEARING
TX_NPCI_119645,SBI_ACC_20122,CANARA_ACC_20058,2056.19,2026-01-10 19:44:22,INTERBANK_SETTLEMENT,UPI,NPCI Interbank (SBI -> CANARA),IN,0,INTERBANK_CLEARING
TX_NPCI_119646,YES_ACC_20198,YES_ACC_20201,12759.47,2026-01-10 14:24:24,INTERBANK_SETTLEMENT,UPI,NPCI Interbank (YES -> YES),IN,0,INTERBANK_CLEARING
TX_NPCI_119647,BOB_ACC_20088,AXIS_ACC_20227,1572.87,2026-01-10 18:08:57,INTERBANK_SETTLEMENT,UPI,NPCI Interbank (BOB -> AXIS),IN,0,INTERBANK_CLEARING
TX_NPCI_119648,BOB_ACC_20120,AXIS_ACC_20072,2833.66,2026-01-10 19:13:24,INTERBANK_SETTLEMENT,UPI,NPCI Interbank (BOB -> AXIS),IN,0,INTERBANK_CLEARING
TX_NPCI_119649,CANARA_ACC_20133,PNB_ACC_20086,2740.87,2026-01-10 21:22:05,INTERBANK_SETTLEMENT,UPI,NPCI Interbank (CANARA -> PNB),IN,0,INTERBANK_CLEARING
TX_NPCI_119650,YES_ACC_20093,AXIS_ACC_20121,2559.06,2026-01-10 19:46:12,INTERBANK_SETTLEMENT,IMPS,NPCI Interbank (YES -> AXIS),IN,0,INTERBANK_CLEARING
TX_NPCI_119651,KOTAK_ACC_20204,AXIS_ACC_20119,1115.57,2026-01-10 15:29:38,INTERBANK_SETTLEMENT,UPI,NPCI Interbank (KOTAK -> AXIS),IN,0,INTERBANK_CLEARING
TX_NPCI_119652,ICICI_ACC_20026,AXIS_ACC_20194,2069.89,2026-01-10 22:27:36,INTERBANK_SETTLEMENT,UPI,NPCI Interbank (ICICI -> AXIS),IN,0,INTERBANK_CLEARING
TX_NPCI_119653,ICICI_ACC_20147,BOB_ACC_20157,1966.24,2026-01-10 14:57:57,INTERBANK_SETTLEMENT,UPI,NPCI Interbank (ICICI -> BOB),IN,0,INTERBANK_CLEARING
TX_NPCI_119654,HDFC_ACC_20107,HDFC_ACC_20186,2418.55,2026-01-10 21:56:20,INTERBANK_SETTLEMENT,UPI,NPCI Interbank (HDFC -> HDFC),IN,0,INTERBANK_CLEARING
TX_NPCI_119655,CANARA_ACC_20028,INDUS_ACC_20024,7572.06,2026-01-10 23:33:19,INTERBANK_SETTLEMENT,UPI,NPCI Interbank (CANARA -> INDUS),IN,0,INTERBANK_CLEARING
TX_NPCI_119656,YES_ACC_20072,PNB_ACC_20128,20186.18,2026-01-10 14:26:24,INTERBANK_SETTLEMENT,IMPS,NPCI Interbank (YES -> PNB),IN,0,INTERBANK_CLEARING
TX_NPCI_119657,YES_ACC_20127,ICICI_ACC_20155,890.23,2026-01-10 19:48:46,INTERBANK_SETTLEMENT,UPI,NPCI Interbank (YES -> ICICI),IN,0,INTERBANK_CLEARING
TX_NPCI_119658,ICICI_ACC_20039,AXIS_ACC_20131,1524.78,2026-01-10 18:12:26,INTERBANK_SETTLEMENT,UPI,NPCI Interbank (ICICI -> AXIS),IN,0,INTERBANK_CLEARING
TX_NPCI_119659,HDFC_ACC_20245,CANARA_ACC_20175,906.86,2026-01-10 23:35:15,INTERBANK_SETTLEMENT,UPI,NPCI Interbank (HDFC -> CANARA),IN,0,INTERBANK_CLEARING
TX_NPCI_119660,PNB_ACC_20004,KOTAK_ACC_20015,3054.96,2026-01-10 20:22:08,INTERBANK_SETTLEMENT,UPI,NPCI Interbank (PNB -> KOTAK),IN,0,INTERBANK_CLEARING
TX_NPCI_119661,SBI_ACC_20230,AXIS_ACC_20003,1279.19,2026-01-10 11:45:59,INTERBANK_SETTLEMENT,NEFT,NPCI Interbank (SBI -> AXIS),IN,0,INTERBANK_CLEARING
TX_NPCI_119662,ICICI_ACC_20144,HDFC_ACC_20034,3254.38,2026-01-10 12:18:24,INTERBANK_SETTLEMENT,RTGS,NPCI Interbank (ICICI -> HDFC),IN,0,INTERBANK_CLEARING
TX_NPCI_119663,KOTAK_ACC_20051,INDUS_ACC_20015,9176.05,2026-01-10 15:00:07,INTERBANK_SETTLEMENT,IMPS,NPCI Interbank (KOTAK -> INDUS),IN,0,INTERBANK_CLEARING
TX_NPCI_119664,BOB_ACC_20146,YES_ACC_20203,117.8,2026-01-10 13:23:20,INTERBANK_SETTLEMENT,UPI,NPCI Interbank (BOB -> YES),IN,0,INTERBANK_CLEARING
TX_NPCI_119665,PNB_ACC_20179,BOB_ACC_20039,4403.42,2026-01-10 20:24:03,INTERBANK_SETTLEMENT,UPI,NPCI Interbank (PNB -> BOB),IN,0,INTERBANK_CLEARING
TX_NPCI_119666,YES_ACC_20051,KOTAK_ACC_20058,1404.98,2026-01-11 00:11:00,INTERBANK_SETTLEMENT,UPI,NPCI Interbank (YES -> KOTAK),IN,0,INTERBANK_CLEARING
TX_NPCI_119667,BOB_ACC_20059,ICICI_ACC_20038,4240.8,2026-01-11 00:11:30,INTERBANK_SETTLEMENT,IMPS,NPCI Interbank (BOB -> ICICI),IN,0,INTERBANK_CLEARING
TX_NPCI_119668,AXIS_ACC_20227,BOB_ACC_20217,832.34,2026-01-10 19:20:24,INTERBANK_SETTLEMENT,NEFT,NPCI Interbank (AXIS -> BOB),IN,0,INTERBANK_CLEARING
TX_NPCI_119669,SBI_ACC_20203,INDUS_ACC_20217,10254.92,2026-01-10 23:40:05,INTERBANK_SETTLEMENT,IMPS,NPCI Interbank (SBI -> INDUS),IN,0,INTERBANK_CLEARING
TX_NPCI_119670,KOTAK_ACC_20192,SBI_ACC_20081,7302.24,2026-01-10 19:53:32,INTERBANK_SETTLEMENT,RTGS,NPCI Interbank (KOTAK -> SBI),IN,0,INTERBANK_CLEARING
TX_NPCI_119671,PNB_ACC_20056,INDUS_ACC_20093,4827.2,2026-01-10 11:47:09,INTERBANK_SETTLEMENT,UPI,NPCI Interbank (PNB -> INDUS),IN,0,INTERBANK_CLEARING
TX_NPCI_119672,AXIS_ACC_20154,SBI_ACC_20078,6322.51,2026-01-10 12:19:44,INTERBANK_SETTLEMENT,UPI,NPCI Interbank (AXIS -> SBI),IN,0,INTERBANK_CLEARING
TX_NPCI_119673,ICICI_ACC_20017,SBI_ACC_20048,997.5,2026-01-10 20:27:07,INTERBANK_SETTLEMENT,IMPS,NPCI Interbank (ICICI -> SBI),IN,0,INTERBANK_CLEARING
TX_NPCI_119674,AXIS_ACC_20241,SBI_ACC_20079,1160.32,2026-01-10 23:42:30,INTERBANK_SETTLEMENT,UPI,NPCI Interbank (AXIS -> SBI),IN,0,INTERBANK_CLEARING
TX_NPCI_119675,ICICI_ACC_20085,CANARA_ACC_20179,6020.49,2026-01-10 12:52:39,INTERBANK_SETTLEMENT,UPI,NPCI Interbank (ICICI -> CANARA),IN,0,INTERBANK_CLEARING
TX_NPCI_119676,CANARA_ACC_20057,ICICI_ACC_20032,971.39,2026-01-10 12:20:16,INTERBANK_SETTLEMENT,NEFT,NPCI Interbank (CANARA -> ICICI),IN,0,INTERBANK_CLEARING
TX_NPCI_119677,INDUS_ACC_20147,PNB_ACC_20073,13832.3,2026-01-10 16:40:48,INTERBANK_SETTLEMENT,UPI,NPCI Interbank (INDUS -> PNB),IN,0,INTERBANK_CLEARING
TX_NPCI_119678,CANARA_ACC_20170,KOTAK_ACC_20075,1655.22,2026-01-10 22:39:18,INTERBANK_SETTLEMENT,UPI,NPCI Interbank (CANARA -> KOTAK),IN,0,INTERBANK_CLEARING
TX_NPCI_119679,PNB_ACC_20151,PNB_ACC_20182,4457.19,2026-01-11 00:17:30,INTERBANK_SETTLEMENT,UPI,NPCI Interbank (PNB -> PNB),IN,0,INTERBANK_CLEARING
TX_NPCI_119680,AXIS_ACC_20089,AXIS_ACC_20071,30305.95,2026-01-10 10:43:00,INTERBANK_SETTLEMENT,UPI,NPCI Interbank (AXIS -> AXIS),IN,0,INTERBANK_CLEARING
TX_NPCI_119681,AXIS_ACC_20122,HDFC_ACC_20078,1045.79,2026-01-10 16:09:15,INTERBANK_SETTLEMENT,IMPS,NPCI Interbank (AXIS -> HDFC),IN,0,INTERBANK_CLEARING
TX_NPCI_119682,KOTAK_ACC_20094,YES_ACC_20107,2650.53,2026-01-10 14:31:36,INTERBANK_SETTLEMENT,UPI,NPCI Interbank (KOTAK -> YES),IN,0,INTERBANK_CLEARING
TX_NPCI_119683,AXIS_ACC_20050,ICICI_ACC_20039,8647.45,2026-01-10 15:37:06,INTERBANK_SETTLEMENT,UPI,NPCI Interbank (AXIS -> ICICI),IN,0,INTERBANK_CLEARING
TX_NPCI_119684,BOB_ACC_20014,BOB_ACC_20071,7642.9,2026-01-10 20:31:20,INTERBANK_SETTLEMENT,RTGS,NPCI Interbank (BOB -> BOB),IN,0,INTERBANK_CLEARING
TX_NPCI_119685,ICICI_ACC_20030,SBI_ACC_20203,1646.85,2026-01-10 14:32:12,INTERBANK_SETTLEMENT,IMPS,NPCI Interbank (ICICI -> SBI),IN,0,INTERBANK_CLEARING
TX_NPCI_119686,ICICI_ACC_20116,HDFC_ACC_20184,1312.81,2026-01-10 11:48:54,INTERBANK_SETTLEMENT,RTGS,NPCI Interbank (ICICI -> HDFC),IN,0,INTERBANK_CLEARING
TX_NPCI_119687,KOTAK_ACC_20107,AXIS_ACC_20195,1845.0,2026-01-10 10:43:35,INTERBANK_SETTLEMENT,UPI,NPCI Interbank (KOTAK -> AXIS),IN,0,INTERBANK_CLEARING
TX_NPCI_119688,SBI_ACC_20048,CANARA_ACC_20197,13869.25,2026-01-10 16:43:44,INTERBANK_SETTLEMENT,UPI,NPCI Interbank (SBI -> CANARA),IN,0,INTERBANK_CLEARING
TX_NPCI_119689,ICICI_ACC_20166,KOTAK_ACC_20206,1745.98,2026-01-10 18:22:15,INTERBANK_SETTLEMENT,RTGS,NPCI Interbank (ICICI -> KOTAK),IN,0,INTERBANK_CLEARING
TX_NPCI_119690,KOTAK_ACC_20213,BOB_ACC_20240,2680.45,2026-01-10 18:22:34,INTERBANK_SETTLEMENT,UPI,NPCI Interbank (KOTAK -> BOB),IN,0,INTERBANK_CLEARING
TX_NPCI_119691,CANARA_ACC_20155,ICICI_ACC_20139,1462.43,2026-01-10 18:22:53,INTERBANK_SETTLEMENT,UPI,NPCI Interbank (CANARA -> ICICI),IN,0,INTERBANK_CLEARING
TX_NPCI_119692,YES_ACC_20073,HDFC_ACC_20037,5691.1,2026-01-10 12:22:24,INTERBANK_SETTLEMENT,IMPS,NPCI Interbank (YES -> HDFC),IN,0,INTERBANK_CLEARING
TX_NPCI_119693,YES_ACC_20119,KOTAK_ACC_20080,2941.37,2026-01-10 11:16:54,INTERBANK_SETTLEMENT,RTGS,NPCI Interbank (YES -> KOTAK),IN,0,INTERBANK_CLEARING
TX_NPCI_119694,HDFC_ACC_20121,YES_ACC_20125,732.07,2026-01-10 22:13:40,INTERBANK_SETTLEMENT,NEFT,NPCI Interbank (HDFC -> YES),IN,0,INTERBANK_CLEARING
TX_NPCI_119695,KOTAK_ACC_20011,ICICI_ACC_20179,763.12,2026-01-10 19:29:51,INTERBANK_SETTLEMENT,UPI,NPCI Interbank (KOTAK -> ICICI),IN,0,INTERBANK_CLEARING
TX_NPCI_119696,HDFC_ACC_20128,INDUS_ACC_20139,221.78,2026-01-10 20:03:04,INTERBANK_SETTLEMENT,UPI,NPCI Interbank (HDFC -> INDUS),IN,0,INTERBANK_CLEARING
TX_NPCI_119697,CANARA_ACC_20146,YES_ACC_20100,900.02,2026-01-10 18:57:40,INTERBANK_SETTLEMENT,UPI,NPCI Interbank (CANARA -> YES),IN,0,INTERBANK_CLEARING
TX_NPCI_119698,KOTAK_ACC_20116,YES_ACC_20087,6327.97,2026-01-10 18:58:00,INTERBANK_SETTLEMENT,NEFT,NPCI Interbank (KOTAK -> YES),IN,0,INTERBANK_CLEARING
TX_NPCI_119699,HDFC_ACC_20239,INDUS_ACC_20200,11950.31,2026-01-10 14:02:05,INTERBANK_SETTLEMENT,UPI,NPCI Interbank (HDFC -> INDUS),IN,0,INTERBANK_CLEARING
TX_NPCI_119700,BOB_ACC_20190,YES_ACC_20097,5556.2,2026-01-10 18:25:44,INTERBANK_SETTLEMENT,UPI,NPCI Interbank (BOB -> YES),IN,0,INTERBANK_CLEARING
TX_NPCI_119701,BOB_ACC_20089,BOB_ACC_20021,4748.38,2026-01-10 20:37:51,INTERBANK_SETTLEMENT,IMPS,NPCI Interbank (BOB -> BOB),IN,0,INTERBANK_CLEARING
TX_NPCI_119702,KOTAK_ACC_20237,SBI_ACC_20038,2096.8,2026-01-10 16:14:30,INTERBANK_SETTLEMENT,UPI,NPCI Interbank (KOTAK -> SBI),IN,0,INTERBANK_CLEARING
TX_NPCI_119703,BOB_ACC_20038,ICICI_ACC_20074,6185.09,2026-01-10 20:05:38,INTERBANK_SETTLEMENT,NEFT,NPCI Interbank (BOB -> ICICI),IN,0,INTERBANK_CLEARING
TX_NPCI_119704,PNB_ACC_20241,AXIS_ACC_20105,3441.06,2026-01-10 18:27:00,INTERBANK_SETTLEMENT,IMPS,NPCI Interbank (PNB -> AXIS),IN,0,INTERBANK_CLEARING
TX_NPCI_119705,INDUS_ACC_20002,CANARA_ACC_20041,21276.08,2026-01-11 00:30:30,INTERBANK_SETTLEMENT,IMPS,NPCI Interbank (INDUS -> CANARA),IN,0,INTERBANK_CLEARING
TX_NPCI_119706,BOB_ACC_20177,KOTAK_ACC_20073,2168.66,2026-01-10 20:06:44,INTERBANK_SETTLEMENT,UPI,NPCI Interbank (BOB -> KOTAK),IN,0,INTERBANK_CLEARING
TX_NPCI_119707,PNB_ACC_20218,PNB_ACC_20018,12229.54,2026-01-11 00:31:30,INTERBANK_SETTLEMENT,UPI,NPCI Interbank (PNB -> PNB),IN,0,INTERBANK_CLEARING
TX_NPCI_119708,YES_ACC_20148,PNB_ACC_20094,6966.98,2026-01-10 12:24:32,INTERBANK_SETTLEMENT,UPI,NPCI Interbank (YES -> PNB),IN,0,INTERBANK_CLEARING
TX_NPCI_119709,AXIS_ACC_20135,BOB_ACC_20038,5898.96,2026-01-10 19:34:45,INTERBANK_SETTLEMENT,IMPS,NPCI Interbank (AXIS -> BOB),IN,0,INTERBANK_CLEARING
TX_NPCI_119710,PNB_ACC_20231,YES_ACC_20092,218.37,2026-01-10 11:51:42,INTERBANK_SETTLEMENT,UPI,NPCI Interbank (PNB -> YES),IN,0,INTERBANK_CLEARING
TX_NPCI_119711,INDUS_ACC_20035,KOTAK_ACC_20180,7442.99,2026-01-10 21:47:55,INTERBANK_SETTLEMENT,UPI,NPCI Interbank (INDUS -> KOTAK),IN,0,INTERBANK_CLEARING
TX_NPCI_119712,PNB_ACC_20054,INDUS_ACC_20000,2094.33,2026-01-10 21:15:12,INTERBANK_SETTLEMENT,UPI,NPCI Interbank (PNB -> INDUS),IN,0,INTERBANK_CLEARING
TX_NPCI_119713,PNB_ACC_20247,PNB_ACC_20075,1432.66,2026-01-10 19:36:09,INTERBANK_SETTLEMENT,UPI,NPCI Interbank (PNB -> PNB),IN,0,INTERBANK_CLEARING
TX_NPCI_119714,INDUS_ACC_20149,KOTAK_ACC_20057,411.79,2026-01-10 14:38:00,INTERBANK_SETTLEMENT,RTGS,NPCI Interbank (INDUS -> KOTAK),IN,0,INTERBANK_CLEARING
TX_NPCI_119715,KOTAK_ACC_20177,YES_ACC_20142,2424.29,2026-01-10 19:03:40,INTERBANK_SETTLEMENT,UPI,NPCI Interbank (KOTAK -> YES),IN,0,INTERBANK_CLEARING
TX_NPCI_119716,YES_ACC_20199,INDUS_ACC_20052,2540.87,2026-01-10 19:37:12,INTERBANK_SETTLEMENT,UPI,NPCI Interbank (YES -> INDUS),IN,0,INTERBANK_CLEARING
TX_NPCI_119717,KOTAK_ACC_20148,BOB_ACC_20124,511.01,2026-01-10 19:37:33,INTERBANK_SETTLEMENT,UPI,NPCI Interbank (KOTAK -> BOB),IN,0,INTERBANK_CLEARING
TX_NPCI_119718,PNB_ACC_20101,YES_ACC_20190,416.57,2026-01-10 12:25:52,INTERBANK_SETTLEMENT,IMPS,NPCI Interbank (PNB -> YES),IN,0,INTERBANK_CLEARING
TX_NPCI_119719,ICICI_ACC_20077,CANARA_ACC_20142,4376.23,2026-01-10 22:57:45,INTERBANK_SETTLEMENT,RTGS,NPCI Interbank (ICICI -> CANARA),IN,0,INTERBANK_CLEARING
TX_NPCI_119720,INDUS_ACC_20086,AXIS_ACC_20186,6946.87,2026-01-10 10:46:20,INTERBANK_SETTLEMENT,IMPS,NPCI Interbank (INDUS -> AXIS),IN,0,INTERBANK_CLEARING
TX_NPCI_119721,HDFC_ACC_20182,CANARA_ACC_20103,3066.65,2026-01-10 22:25:22,INTERBANK_SETTLEMENT,UPI,NPCI Interbank (HDFC -> CANARA),IN,0,INTERBANK_CLEARING
TX_NPCI_119722,KOTAK_ACC_20208,YES_ACC_20143,9710.87,2026-01-11 00:39:00,INTERBANK_SETTLEMENT,NEFT,NPCI Interbank (KOTAK -> YES),IN,0,INTERBANK_CLEARING
TX_NPCI_119723,SBI_ACC_20181,BOB_ACC_20212,2200.28,2026-01-10 20:12:58,INTERBANK_SETTLEMENT,NEFT,NPCI Interbank (SBI -> BOB),IN,0,INTERBANK_CLEARING
TX_NPCI_119724,YES_ACC_20117,INDUS_ACC_20116,2286.5,2026-01-10 18:00:00,INTERBANK_SETTLEMENT,UPI,NPCI Interbank (YES -> INDUS),IN,0,INTERBANK_CLEARING
TX_NPCI_119725,SBI_ACC_20176,SBI_ACC_20219,812.05,2026-01-10 13:33:30,INTERBANK_SETTLEMENT,UPI,NPCI Interbank (SBI -> SBI),IN,0,INTERBANK_CLEARING
TX_NPCI_119726,BOB_ACC_20041,AXIS_ACC_20012,375.29,2026-01-10 12:26:56,INTERBANK_SETTLEMENT,IMPS,NPCI Interbank (BOB -> AXIS),IN,0,INTERBANK_CLEARING
TX_NPCI_119727,HDFC_ACC_20019,KOTAK_ACC_20210,22597.5,2026-01-10 10:46:55,INTERBANK_SETTLEMENT,UPI,NPCI Interbank (HDFC -> KOTAK),IN,0,INTERBANK_CLEARING
TX_NPCI_119728,INDUS_ACC_20076,ICICI_ACC_20217,9485.87,2026-01-11 00:08:36,INTERBANK_SETTLEMENT,UPI,NPCI Interbank (INDUS -> ICICI),IN,0,INTERBANK_CLEARING
TX_NPCI_119729,SBI_ACC_20058,SBI_ACC_20119,458.97,2026-01-10 15:47:50,INTERBANK_SETTLEMENT,IMPS,NPCI Interbank (SBI -> SBI),IN,0,INTERBANK_CLEARING
TX_NPCI_119730,ICICI_ACC_20077,KOTAK_ACC_20038,2942.17,2026-01-10 13:00:54,INTERBANK_SETTLEMENT,UPI,NPCI Interbank (ICICI -> KOTAK),IN,0,INTERBANK_CLEARING
TX_NPCI_119731,AXIS_ACC_20228,SBI_ACC_20150,2164.5,2026-01-10 15:48:18,INTERBANK_SETTLEMENT,UPI,NPCI Interbank (AXIS -> SBI),IN,0,INTERBANK_CLEARING
TX_NPCI_119732,SBI_ACC_20015,PNB_ACC_20143,1756.73,2026-01-10 18:02:24,INTERBANK_SETTLEMENT,IMPS,NPCI Interbank (SBI -> PNB),IN,0,INTERBANK_CLEARING
TX_NPCI_119733,AXIS_ACC_20119,SBI_ACC_20145,1493.95,2026-01-10 13:01:21,INTERBANK_SETTLEMENT,UPI,NPCI Interbank (AXIS -> SBI),IN,0,INTERBANK_CLEARING
TX_NPCI_119734,ICICI_ACC_20051,CANARA_ACC_20148,3856.53,2026-01-10 21:24:00,INTERBANK_SETTLEMENT,UPI,NPCI Interbank (ICICI -> CANARA),IN,0,INTERBANK_CLEARING
TX_NPCI_119735,PNB_ACC_20211,PNB_ACC_20044,6514.66,2026-01-10 16:22:45,INTERBANK_SETTLEMENT,UPI,NPCI Interbank (PNB -> PNB),IN,0,INTERBANK_CLEARING
TX_NPCI_119736,INDUS_ACC_20171,SBI_ACC_20136,3955.53,2026-01-10 13:01:48,INTERBANK_SETTLEMENT,NEFT,NPCI Interbank (INDUS -> SBI),IN,0,INTERBANK_CLEARING
TX_NPCI_119737,YES_ACC_20118,PNB_ACC_20179,2111.97,2026-01-10 12:28:24,INTERBANK_SETTLEMENT,RTGS,NPCI Interbank (YES -> PNB),IN,0,INTERBANK_CLEARING
TX_NPCI_119738,HDFC_ACC_20001,HDFC_ACC_20129,2020.96,2026-01-10 10:47:50,INTERBANK_SETTLEMENT,RTGS,NPCI Interbank (HDFC -> HDFC),IN,0,INTERBANK_CLEARING
TX_NPCI_119739,KOTAK_ACC_20232,YES_ACC_20076,7511.4,2026-01-10 11:21:30,INTERBANK_SETTLEMENT,UPI,NPCI Interbank (KOTAK -> YES),IN,0,INTERBANK_CLEARING
TX_NPCI_119740,SBI_ACC_20095,PNB_ACC_20133,4256.21,2026-01-10 20:52:48,INTERBANK_SETTLEMENT,UPI,NPCI Interbank (SBI -> PNB),IN,0,INTERBANK_CLEARING
TX_NPCI_119741,CANARA_ACC_20228,CANARA_ACC_20095,2663.05,2026-01-10 15:50:38,INTERBANK_SETTLEMENT,UPI,NPCI Interbank (CANARA -> CANARA),IN,0,INTERBANK_CLEARING
TX_NPCI_119742,HDFC_ACC_20014,ICICI_ACC_20193,2337.69,2026-01-10 19:46:18,INTERBANK_SETTLEMENT,IMPS,NPCI Interbank (HDFC -> ICICI),IN,0,INTERBANK_CLEARING
TX_NPCI_119743,ICICI_ACC_20206,YES_ACC_20192,3693.48,2026-01-10 22:01:15,INTERBANK_SETTLEMENT,UPI,NPCI Interbank (ICICI -> YES),IN,0,INTERBANK_CLEARING
TX_NPCI_119744,HDFC_ACC_20110,HDFC_ACC_20131,1391.28,2026-01-10 19:47:00,INTERBANK_SETTLEMENT,UPI,NPCI Interbank (HDFC -> HDFC),IN,0,INTERBANK_CLEARING
TX_NPCI_119745,PNB_ACC_20103,SBI_ACC_20089,6541.01,2026-01-10 20:54:43,INTERBANK_SETTLEMENT,IMPS,NPCI Interbank (PNB -> SBI),IN,0,INTERBANK_CLEARING
TX_NPCI_119746,AXIS_ACC_20137,HDFC_ACC_20086,671.13,2026-01-10 18:40:18,INTERBANK_SETTLEMENT,UPI,NPCI Interbank (AXIS -> HDFC),IN,0,INTERBANK_CLEARING
TX_NPCI_119747,PNB_ACC_20119,PNB_ACC_20067,1489.58,2026-01-10 11:56:01,INTERBANK_SETTLEMENT,UPI,NPCI Interbank (PNB -> PNB),IN,0,INTERBANK_CLEARING
TX_NPCI_119748,ICICI_ACC_20121,CANARA_ACC_20119,5081.32,2026-01-10 22:03:20,INTERBANK_SETTLEMENT,UPI,NPCI Interbank (ICICI -> CANARA),IN,0,INTERBANK_CLEARING
TX_NPCI_119749,BOB_ACC_20249,SBI_ACC_20048,626.75,2026-01-10 12:30:00,INTERBANK_SETTLEMENT,UPI,NPCI Interbank (BOB -> SBI),IN,0,INTERBANK_CLEARING
TX_NPCI_119750,INDUS_ACC_20200,CANARA_ACC_20179,369.59,2026-01-10 23:11:42,INTERBANK_SETTLEMENT,UPI,NPCI Interbank (INDUS -> CANARA),IN,0,INTERBANK_CLEARING
TX_NPCI_119751,CANARA_ACC_20242,SBI_ACC_20200,2632.51,2026-01-10 18:41:53,INTERBANK_SETTLEMENT,UPI,NPCI Interbank (CANARA -> SBI),IN,0,INTERBANK_CLEARING
TX_NPCI_119752,YES_ACC_20149,SBI_ACC_20079,318.7,2026-01-10 20:57:24,INTERBANK_SETTLEMENT,UPI,NPCI Interbank (YES -> SBI),IN,0,INTERBANK_CLEARING
TX_NPCI_119753,ICICI_ACC_20239,SBI_ACC_20034,513.6,2026-01-10 19:16:20,INTERBANK_SETTLEMENT,UPI,NPCI Interbank (ICICI -> SBI),IN,0,INTERBANK_CLEARING
TX_NPCI_119754,HDFC_ACC_20164,YES_ACC_20008,6050.6,2026-01-10 20:58:10,INTERBANK_SETTLEMENT,UPI,NPCI Interbank (HDFC -> YES),IN,0,INTERBANK_CLEARING
TX_NPCI_119755,INDUS_ACC_20036,AXIS_ACC_20127,1908.85,2026-01-10 20:24:42,INTERBANK_SETTLEMENT,NEFT,NPCI Interbank (INDUS -> AXIS),IN,0,INTERBANK_CLEARING
TX_NPCI_119756,INDUS_ACC_20163,BOB_ACC_20143,11413.87,2026-01-10 18:43:28,INTERBANK_SETTLEMENT,IMPS,NPCI Interbank (INDUS -> BOB),IN,0,INTERBANK_CLEARING
TX_NPCI_119757,AXIS_ACC_20073,HDFC_ACC_20161,574.92,2026-01-10 15:20:29,INTERBANK_SETTLEMENT,UPI,NPCI Interbank (AXIS -> HDFC),IN,0,INTERBANK_CLEARING
TX_NPCI_119758,BOB_ACC_20219,CANARA_ACC_20099,2180.39,2026-01-10 11:23:24,INTERBANK_SETTLEMENT,RTGS,NPCI Interbank (BOB -> CANARA),IN,0,INTERBANK_CLEARING
TX_NPCI_119759,SBI_ACC_20106,KOTAK_ACC_20135,3942.23,2026-01-11 00:57:30,INTERBANK_SETTLEMENT,UPI,NPCI Interbank (SBI -> KOTAK),IN,0,INTERBANK_CLEARING
TX_NPCI_119760,BOB_ACC_20072,PNB_ACC_20029,599.07,2026-01-10 21:34:24,INTERBANK_SETTLEMENT,UPI,NPCI Interbank (BOB -> PNB),IN,0,INTERBANK_CLEARING
TX_NPCI_119761,CANARA_ACC_20108,PNB_ACC_20064,8417.89,2026-01-10 12:31:36,INTERBANK_SETTLEMENT,UPI,NPCI Interbank (CANARA -> PNB),IN,0,INTERBANK_CLEARING
TX_NPCI_119762,AXIS_ACC_20100,HDFC_ACC_20223,4504.42,2026-01-10 13:05:42,INTERBANK_SETTLEMENT,RTGS,NPCI Interbank (AXIS -> HDFC),IN,0,INTERBANK_CLEARING
TX_NPCI_119763,ICICI_ACC_20111,HDFC_ACC_20062,353.84,2026-01-10 15:21:47,INTERBANK_SETTLEMENT,IMPS,NPCI Interbank (ICICI -> HDFC),IN,0,INTERBANK_CLEARING
TX_NPCI_119764,KOTAK_ACC_20020,INDUS_ACC_20193,2332.53,2026-01-11 00:26:00,INTERBANK_SETTLEMENT,IMPS,NPCI Interbank (KOTAK -> INDUS),IN,0,INTERBANK_CLEARING
TX_NPCI_119765,CANARA_ACC_20144,YES_ACC_20133,3878.28,2026-01-10 10:50:05,INTERBANK_SETTLEMENT,UPI,NPCI Interbank (CANARA -> YES),IN,0,INTERBANK_CLEARING
TX_NPCI_119766,SBI_ACC_20237,YES_ACC_20106,1202.23,2026-01-10 17:38:34,INTERBANK_SETTLEMENT,UPI,NPCI Interbank (SBI -> YES),IN,0,INTERBANK_CLEARING
TX_NPCI_119767,CANARA_ACC_20009,HDFC_ACC_20082,413.3,2026-01-10 14:48:36,INTERBANK_SETTLEMENT,UPI,NPCI Interbank (CANARA -> HDFC),IN,0,INTERBANK_CLEARING
TX_NPCI_119768,BOB_ACC_20141,ICICI_ACC_20035,3408.92,2026-01-10 19:21:20,INTERBANK_SETTLEMENT,NEFT,NPCI Interbank (BOB -> ICICI),IN,0,INTERBANK_CLEARING
TX_NPCI_119769,KOTAK_ACC_20201,CANARA_ACC_20085,34665.2,2026-01-10 23:20:15,INTERBANK_SETTLEMENT,UPI,NPCI Interbank (KOTAK -> CANARA),IN,0,INTERBANK_CLEARING
TX_NPCI_119770,INDUS_ACC_20016,SBI_ACC_20221,1533.98,2026-01-10 11:58:42,INTERBANK_SETTLEMENT,UPI,NPCI Interbank (INDUS -> SBI),IN,0,INTERBANK_CLEARING
TX_NPCI_119771,KOTAK_ACC_20168,SBI_ACC_20054,16043.99,2026-01-10 22:12:55,INTERBANK_SETTLEMENT,NEFT,NPCI Interbank (KOTAK -> SBI),IN,0,INTERBANK_CLEARING
TX_NPCI_119772,HDFC_ACC_20115,BOB_ACC_20056,989.55,2026-01-10 16:32:00,INTERBANK_SETTLEMENT,IMPS,NPCI Interbank (HDFC -> BOB),IN,0,INTERBANK_CLEARING
TX_NPCI_119773,SBI_ACC_20105,BOB_ACC_20202,3161.03,2026-01-10 11:24:54,INTERBANK_SETTLEMENT,UPI,NPCI Interbank (SBI -> BOB),IN,0,INTERBANK_CLEARING
TX_NPCI_119774,ICICI_ACC_20076,KOTAK_ACC_20138,6159.97,2026-01-10 17:06:40,INTERBANK_SETTLEMENT,UPI,NPCI Interbank (ICICI -> KOTAK),IN,0,INTERBANK_CLEARING
TX_NPCI_119775,HDFC_ACC_20094,HDFC_ACC_20004,2416.08,2026-01-10 14:16:01,INTERBANK_SETTLEMENT,NEFT,NPCI Interbank (HDFC -> HDFC),IN,0,INTERBANK_CLEARING
TX_NPCI_119776,KOTAK_ACC_20076,PNB_ACC_20180,1707.38,2026-01-10 17:41:24,INTERBANK_SETTLEMENT,UPI,NPCI Interbank (KOTAK -> PNB),IN,0,INTERBANK_CLEARING
TX_NPCI_119777,PNB_ACC_20038,INDUS_ACC_20241,5833.39,2026-01-10 21:41:12,INTERBANK_SETTLEMENT,UPI,NPCI Interbank (PNB -> INDUS),IN,0,INTERBANK_CLEARING
TX_NPCI_119778,SBI_ACC_20246,HDFC_ACC_20247,23617.57,2026-01-10 15:25:02,INTERBANK_SETTLEMENT,UPI,NPCI Interbank (SBI -> HDFC),IN,0,INTERBANK_CLEARING
TX_NPCI_119779,PNB_ACC_20143,BOB_ACC_20244,3500.65,2026-01-10 23:24:45,INTERBANK_SETTLEMENT,NEFT,NPCI Interbank (PNB -> BOB),IN,0,INTERBANK_CLEARING
TX_NPCI_119780,KOTAK_ACC_20228,INDUS_ACC_20073,1313.86,2026-01-10 18:16:48,INTERBANK_SETTLEMENT,UPI,NPCI Interbank (KOTAK -> INDUS),IN,0,INTERBANK_CLEARING
TX_NPCI_119781,SBI_ACC_20091,CANARA_ACC_20232,1943.6,2026-01-10 19:59:57,INTERBANK_SETTLEMENT,IMPS,NPCI Interbank (SBI -> CANARA),IN,0,INTERBANK_CLEARING
TX_NPCI_119782,ICICI_ACC_20042,ICICI_ACC_20077,50193.92,2026-01-10 22:51:48,INTERBANK_SETTLEMENT,UPI,NPCI Interbank (ICICI -> ICICI),IN,0,INTERBANK_CLEARING
TX_NPCI_119783,YES_ACC_20227,KOTAK_ACC_20048,2869.49,2026-01-10 20:00:39,INTERBANK_SETTLEMENT,IMPS,NPCI Interbank (YES -> KOTAK),IN,0,INTERBANK_CLEARING
TX_NPCI_119784,AXIS_ACC_20241,INDUS_ACC_20166,1195.96,2026-01-10 13:09:00,INTERBANK_SETTLEMENT,NEFT,NPCI Interbank (AXIS -> INDUS),IN,0,INTERBANK_CLEARING
TX_NPCI_119785,CANARA_ACC_20159,ICICI_ACC_20084,617.65,2026-01-10 21:44:24,INTERBANK_SETTLEMENT,UPI,NPCI Interbank (CANARA -> ICICI),IN,0,INTERBANK_CLEARING
TX_NPCI_119786,PNB_ACC_20194,HDFC_ACC_20070,272.85,2026-01-10 22:19:10,INTERBANK_SETTLEMENT,UPI,NPCI Interbank (PNB -> HDFC),IN,0,INTERBANK_CLEARING
TX_NPCI_119787,SBI_ACC_20241,INDUS_ACC_20226,3775.55,2026-01-10 23:28:21,INTERBANK_SETTLEMENT,UPI,NPCI Interbank (SBI -> INDUS),IN,0,INTERBANK_CLEARING
TX_NPCI_119788,SBI_ACC_20001,SBI_ACC_20099,5353.85,2026-01-10 15:27:12,INTERBANK_SETTLEMENT,IMPS,NPCI Interbank (SBI -> SBI),IN,0,INTERBANK_CLEARING
TX_NPCI_119789,BOB_ACC_20239,KOTAK_ACC_20212,1516.2,2026-01-10 19:28:20,INTERBANK_SETTLEMENT,UPI,NPCI Interbank (BOB -> KOTAK),IN,0,INTERBANK_CLEARING
TX_NPCI_119790,BOB_ACC_20248,BOB_ACC_20038,2397.15,2026-01-10 12:35:28,INTERBANK_SETTLEMENT,UPI,NPCI Interbank (BOB -> BOB),IN,0,INTERBANK_CLEARING
TX_NPCI_119791,HDFC_ACC_20217,HDFC_ACC_20111,599.11,2026-01-10 11:26:42,INTERBANK_SETTLEMENT,IMPS,NPCI Interbank (HDFC -> HDFC),IN,0,INTERBANK_CLEARING
TX_NPCI_119792,ICICI_ACC_20176,CANARA_ACC_20012,2862.68,2026-01-10 22:56:08,INTERBANK_SETTLEMENT,UPI,NPCI Interbank (ICICI -> CANARA),IN,0,INTERBANK_CLEARING
TX_NPCI_119793,PNB_ACC_20071,PNB_ACC_20029,4349.41,2026-01-11 00:05:32,INTERBANK_SETTLEMENT,IMPS,NPCI Interbank (PNB -> PNB),IN,0,INTERBANK_CLEARING
TX_NPCI_119794,BOB_ACC_20188,SBI_ACC_20059,1284.09,2026-01-10 21:48:00,INTERBANK_SETTLEMENT,IMPS,NPCI Interbank (BOB -> SBI),IN,0,INTERBANK_CLEARING
TX_NPCI_119795,YES_ACC_20243,SBI_ACC_20157,18555.9,2026-01-10 21:13:53,INTERBANK_SETTLEMENT,IMPS,NPCI Interbank (YES -> SBI),IN,0,INTERBANK_CLEARING
TX_NPCI_119796,SBI_ACC_20044,KOTAK_ACC_20024,893.79,2026-01-10 19:30:40,INTERBANK_SETTLEMENT,IMPS,NPCI Interbank (SBI -> KOTAK),IN,0,INTERBANK_CLEARING
TX_NPCI_119797,PNB_ACC_20041,INDUS_ACC_20025,3429.51,2026-01-10 10:52:45,INTERBANK_SETTLEMENT,UPI,NPCI Interbank (PNB -> INDUS),IN,0,INTERBANK_CLEARING
TX_NPCI_119798,BOB_ACC_20089,BOB_ACC_20234,6754.61,2026-01-10 21:49:36,INTERBANK_SETTLEMENT,UPI,NPCI Interbank (BOB -> BOB),IN,0,INTERBANK_CLEARING
TX_NPCI_119799,PNB_ACC_20015,KOTAK_ACC_20112,2224.42,2026-01-10 13:45:50,INTERBANK_SETTLEMENT,UPI,NPCI Interbank (PNB -> KOTAK),IN,0,INTERBANK_CLEARING
TX_NPCI_119800,CANARA_ACC_20231,AXIS_ACC_20235,1946.58,2026-01-10 20:41:12,INTERBANK_SETTLEMENT,UPI,NPCI Interbank (CANARA -> AXIS),IN,0,INTERBANK_CLEARING
TX_NPCI_119801,KOTAK_ACC_20170,KOTAK_ACC_20095,439.38,2026-01-10 21:16:11,INTERBANK_SETTLEMENT,UPI,NPCI Interbank (KOTAK -> KOTAK),IN,0,INTERBANK_CLEARING
TX_NPCI_119802,ICICI_ACC_20005,HDFC_ACC_20140,12441.71,2026-01-10 12:37:04,INTERBANK_SETTLEMENT,NEFT,NPCI Interbank (ICICI -> HDFC),IN,0,INTERBANK_CLEARING
TX_NPCI_119803,PNB_ACC_20145,PNB_ACC_20003,1990.47,2026-01-10 18:23:42,INTERBANK_SETTLEMENT,UPI,NPCI Interbank (PNB -> PNB),IN,0,INTERBANK_CLEARING
TX_NPCI_119804,SBI_ACC_20054,HDFC_ACC_20000,4651.0,2026-01-10 19:33:20,INTERBANK_SETTLEMENT,IMPS,NPCI Interbank (SBI -> HDFC),IN,0,INTERBANK_CLEARING
TX_NPCI_119805,CANARA_ACC_20102,KOTAK_ACC_20054,5471.26,2026-01-10 17:14:56,INTERBANK_SETTLEMENT,UPI,NPCI Interbank (CANARA -> KOTAK),IN,0,INTERBANK_CLEARING
TX_NPCI_119806,KOTAK_ACC_20216,HDFC_ACC_20058,1148.3,2026-01-10 15:31:06,INTERBANK_SETTLEMENT,UPI,NPCI Interbank (KOTAK -> HDFC),IN,0,INTERBANK_CLEARING
TX_NPCI_119807,HDFC_ACC_20078,ICICI_ACC_20209,1925.55,2026-01-10 17:50:11,INTERBANK_SETTLEMENT,IMPS,NPCI Interbank (HDFC -> ICICI),IN,0,INTERBANK_CLEARING
TX_NPCI_119808,AXIS_ACC_20006,INDUS_ACC_20031,12105.06,2026-01-10 11:28:24,INTERBANK_SETTLEMENT,NEFT,NPCI Interbank (AXIS -> INDUS),IN,0,INTERBANK_CLEARING
TX_NPCI_119809,YES_ACC_20001,CANARA_ACC_20153,638.65,2026-01-10 13:47:30,INTERBANK_SETTLEMENT,UPI,NPCI Interbank (YES -> CANARA),IN,0,INTERBANK_CLEARING
TX_NPCI_119810,YES_ACC_20234,INDUS_ACC_20238,31366.69,2026-01-10 12:38:08,INTERBANK_SETTLEMENT,UPI,NPCI Interbank (YES -> INDUS),IN,0,INTERBANK_CLEARING
TX_NPCI_119811,KOTAK_ACC_20103,SBI_ACC_20060,998.4,2026-01-10 23:04:22,INTERBANK_SETTLEMENT,UPI,NPCI Interbank (KOTAK -> SBI),IN,0,INTERBANK_CLEARING
TX_NPCI_119812,PNB_ACC_20139,INDUS_ACC_20117,592.64,2026-01-10 23:39:36,INTERBANK_SETTLEMENT,UPI,NPCI Interbank (PNB -> INDUS),IN,0,INTERBANK_CLEARING
TX_NPCI_119813,PNB_ACC_20150,PNB_ACC_20024,2860.55,2026-01-10 21:20:47,INTERBANK_SETTLEMENT,UPI,NPCI Interbank (PNB -> PNB),IN,0,INTERBANK_CLEARING
TX_NPCI_119814,SBI_ACC_20152,INDUS_ACC_20017,34544.99,2026-01-10 11:29:00,INTERBANK_SETTLEMENT,UPI,NPCI Interbank (SBI -> INDUS),IN,0,INTERBANK_CLEARING
TX_NPCI_119815,BOB_ACC_20010,INDUS_ACC_20136,246.37,2026-01-10 18:27:18,INTERBANK_SETTLEMENT,UPI,NPCI Interbank (BOB -> INDUS),IN,0,INTERBANK_CLEARING
TX_NPCI_119816,ICICI_ACC_20141,AXIS_ACC_20243,2060.66,2026-01-10 14:23:32,INTERBANK_SETTLEMENT,UPI,NPCI Interbank (ICICI -> AXIS),IN,0,INTERBANK_CLEARING
TX_NPCI_119817,PNB_ACC_20173,SBI_ACC_20075,4322.19,2026-01-10 13:13:57,INTERBANK_SETTLEMENT,UPI,NPCI Interbank (PNB -> SBI),IN,0,INTERBANK_CLEARING
TX_NPCI_119818,SBI_ACC_20011,HDFC_ACC_20079,2541.17,2026-01-10 11:29:24,INTERBANK_SETTLEMENT,NEFT,NPCI Interbank (SBI -> HDFC),IN,0,INTERBANK_CLEARING
TX_NPCI_119819,INDUS_ACC_20063,KOTAK_ACC_20220,3859.55,2026-01-10 19:03:25,INTERBANK_SETTLEMENT,UPI,NPCI Interbank (INDUS -> KOTAK),IN,0,INTERBANK_CLEARING
TX_NPCI_119820,CANARA_ACC_20096,HDFC_ACC_20006,1031.08,2026-01-10 22:33:20,INTERBANK_SETTLEMENT,UPI,NPCI Interbank (CANARA -> HDFC),IN,0,INTERBANK_CLEARING
TX_NPCI_119821,ICICI_ACC_20047,INDUS_ACC_20064,1188.37,2026-01-10 14:24:27,INTERBANK_SETTLEMENT,UPI,NPCI Interbank (ICICI -> INDUS),IN,0,INTERBANK_CLEARING
TX_NPCI_119822,AXIS_ACC_20247,AXIS_ACC_20078,2042.42,2026-01-10 15:34:34,INTERBANK_SETTLEMENT,NEFT,NPCI Interbank (AXIS -> AXIS),IN,0,INTERBANK_CLEARING
TX_NPCI_119823,PNB_ACC_20204,INDUS_ACC_20145,629.0,2026-01-10 21:24:37,INTERBANK_SETTLEMENT,UPI,NPCI Interbank (PNB -> INDUS),IN,0,INTERBANK_CLEARING
TX_NPCI_119824,CANARA_ACC_20057,ICICI_ACC_20244,2313.17,2026-01-10 18:30:00,INTERBANK_SETTLEMENT,UPI,NPCI Interbank (CANARA -> ICICI),IN,0,INTERBANK_CLEARING
TX_NPCI_119825,YES_ACC_20219,SBI_ACC_20072,1530.74,2026-01-10 15:35:13,INTERBANK_SETTLEMENT,UPI,NPCI Interbank (YES -> SBI),IN,0,INTERBANK_CLEARING
TX_NPCI_119826,ICICI_ACC_20149,PNB_ACC_20125,1388.45,2026-01-10 18:30:36,INTERBANK_SETTLEMENT,IMPS,NPCI Interbank (ICICI -> PNB),IN,0,INTERBANK_CLEARING
TX_NPCI_119827,CANARA_ACC_20201,BOB_ACC_20107,3585.34,2026-01-10 21:26:09,INTERBANK_SETTLEMENT,UPI,NPCI Interbank (CANARA -> BOB),IN,0,INTERBANK_CLEARING
TX_NPCI_119828,SBI_ACC_20085,PNB_ACC_20007,274.57,2026-01-10 13:15:36,INTERBANK_SETTLEMENT,NEFT,NPCI Interbank (SBI -> PNB),IN,0,INTERBANK_CLEARING
TX_NPCI_119829,YES_ACC_20059,ICICI_ACC_20099,1853.98,2026-01-10 17:56:25,INTERBANK_SETTLEMENT,UPI,NPCI Interbank (YES -> ICICI),IN,0,INTERBANK_CLEARING
TX_NPCI_119830,CANARA_ACC_20244,AXIS_ACC_20043,39372.56,2026-01-10 10:55:30,INTERBANK_SETTLEMENT,RTGS,NPCI Interbank (CANARA -> AXIS),IN,0,INTERBANK_CLEARING
TX_NPCI_119831,AXIS_ACC_20154,BOB_ACC_20209,662.93,2026-01-10 14:26:17,INTERBANK_SETTLEMENT,UPI,NPCI Interbank (AXIS -> BOB),IN,0,INTERBANK_CLEARING
TX_NPCI_119832,CANARA_ACC_20248,INDUS_ACC_20166,11414.05,2026-01-11 01:34:00,INTERBANK_SETTLEMENT,UPI,NPCI Interbank (CANARA -> INDUS),IN,0,INTERBANK_CLEARING
TX_NPCI_119833,YES_ACC_20230,YES_ACC_20007,2606.04,2026-01-10 23:13:54,INTERBANK_SETTLEMENT,IMPS,NPCI Interbank (YES -> YES),IN,0,INTERBANK_CLEARING
TX_NPCI_119834,CANARA_ACC_20233,YES_ACC_20229,1183.76,2026-01-10 13:16:30,INTERBANK_SETTLEMENT,UPI,NPCI Interbank (CANARA -> YES),IN,0,INTERBANK_CLEARING
TX_NPCI_119835,BOB_ACC_20047,ICICI_ACC_20062,500.31,2026-01-10 20:54:02,INTERBANK_SETTLEMENT,UPI,NPCI Interbank (BOB -> ICICI),IN,0,INTERBANK_CLEARING
TX_NPCI_119836,HDFC_ACC_20172,AXIS_ACC_20205,2885.98,2026-01-11 01:00:48,INTERBANK_SETTLEMENT,UPI,NPCI Interbank (HDFC -> AXIS),IN,0,INTERBANK_CLEARING
TX_NPCI_119837,YES_ACC_20203,BOB_ACC_20024,13961.75,2026-01-10 21:29:59,INTERBANK_SETTLEMENT,IMPS,NPCI Interbank (YES -> BOB),IN,0,INTERBANK_CLEARING
TX_NPCI_119838,AXIS_ACC_20089,SBI_ACC_20183,1529.88,2026-01-10 13:17:06,INTERBANK_SETTLEMENT,UPI,NPCI Interbank (AXIS -> SBI),IN,0,INTERBANK_CLEARING
TX_NPCI_119839,AXIS_ACC_20114,AXIS_ACC_20226,2214.64,2026-01-10 17:24:00,INTERBANK_SETTLEMENT,UPI,NPCI Interbank (AXIS -> AXIS),IN,0,INTERBANK_CLEARING
TX_NPCI_119840,BOB_ACC_20212,INDUS_ACC_20099,8204.56,2026-01-10 16:13:44,INTERBANK_SETTLEMENT,IMPS,NPCI Interbank (BOB -> INDUS),IN,0,INTERBANK_CLEARING
TX_NPCI_119841,KOTAK_ACC_20189,INDUS_ACC_20154,3674.03,2026-01-10 20:56:14,INTERBANK_SETTLEMENT,UPI,NPCI Interbank (KOTAK -> INDUS),IN,0,INTERBANK_CLEARING
TX_NPCI_119842,YES_ACC_20058,HDFC_ACC_20168,369.91,2026-01-10 16:14:12,INTERBANK_SETTLEMENT,UPI,NPCI Interbank (YES -> HDFC),IN,0,INTERBANK_CLEARING
TX_NPCI_119843,BOB_ACC_20217,PNB_ACC_20227,2748.1,2026-01-10 23:18:14,INTERBANK_SETTLEMENT,UPI,NPCI Interbank (BOB -> PNB),IN,0,INTERBANK_CLEARING
TX_NPCI_119844,HDFC_ACC_20197,YES_ACC_20001,14983.16,2026-01-10 18:36:00,INTERBANK_SETTLEMENT,UPI,NPCI Interbank (HDFC -> YES),IN,0,INTERBANK_CLEARING
TX_NPCI_119845,AXIS_ACC_20115,BOB_ACC_20037,2334.77,2026-01-10 16:50:15,INTERBANK_SETTLEMENT,UPI,NPCI Interbank (AXIS -> BOB),IN,0,INTERBANK_CLEARING
TX_NPCI_119846,AXIS_ACC_20242,HDFC_ACC_20183,90.94,2026-01-10 22:44:10,INTERBANK_SETTLEMENT,UPI,NPCI Interbank (AXIS -> HDFC),IN,0,INTERBANK_CLEARING
TX_NPCI_119847,AXIS_ACC_20243,INDUS_ACC_20055,3888.81,2026-01-11 01:06:07,INTERBANK_SETTLEMENT,UPI,NPCI Interbank (AXIS -> INDUS),IN,0,INTERBANK_CLEARING
TX_NPCI_119848,PNB_ACC_20136,INDUS_ACC_20188,1923.4,2026-01-10 16:15:36,INTERBANK_SETTLEMENT,NEFT,NPCI Interbank (PNB -> INDUS),IN,0,INTERBANK_CLEARING
TX_NPCI_119849,YES_ACC_20023,HDFC_ACC_20087,271.81,2026-01-10 18:02:05,INTERBANK_SETTLEMENT,IMPS,NPCI Interbank (YES -> HDFC),IN,0,INTERBANK_CLEARING
TX_NPCI_119850,BOB_ACC_20244,PNB_ACC_20057,325.37,2026-01-10 14:29:46,INTERBANK_SETTLEMENT,IMPS,NPCI Interbank (BOB -> PNB),IN,0,INTERBANK_CLEARING
TX_NPCI_119851,SBI_ACC_20229,AXIS_ACC_20247,7864.61,2026-01-10 23:57:09,INTERBANK_SETTLEMENT,UPI,NPCI Interbank (SBI -> AXIS),IN,0,INTERBANK_CLEARING
TX_NPCI_119852,INDUS_ACC_20197,SBI_ACC_20098,1013.48,2026-01-10 12:08:16,INTERBANK_SETTLEMENT,UPI,NPCI Interbank (INDUS -> SBI),IN,0,INTERBANK_CLEARING
TX_NPCI_119853,BOB_ACC_20008,SBI_ACC_20154,821.4,2026-01-10 13:54:50,INTERBANK_SETTLEMENT,IMPS,NPCI Interbank (BOB -> SBI),IN,0,INTERBANK_CLEARING
TX_NPCI_119854,SBI_ACC_20035,HDFC_ACC_20122,2338.43,2026-01-10 16:52:30,INTERBANK_SETTLEMENT,IMPS,NPCI Interbank (SBI -> HDFC),IN,0,INTERBANK_CLEARING
TX_NPCI_119855,PNB_ACC_20093,ICICI_ACC_20066,1126.6,2026-01-10 16:52:45,INTERBANK_SETTLEMENT,UPI,NPCI Interbank (PNB -> ICICI),IN,0,INTERBANK_CLEARING
TX_NPCI_119856,PNB_ACC_20021,YES_ACC_20185,2751.93,2026-01-10 11:33:12,INTERBANK_SETTLEMENT,IMPS,NPCI Interbank (PNB -> YES),IN,0,INTERBANK_CLEARING
TX_NPCI_119857,AXIS_ACC_20066,INDUS_ACC_20153,1913.59,2026-01-11 00:35:24,INTERBANK_SETTLEMENT,UPI,NPCI Interbank (AXIS -> INDUS),IN,0,INTERBANK_CLEARING
TX_NPCI_119858,CANARA_ACC_20223,KOTAK_ACC_20084,578.25,2026-01-10 15:06:48,INTERBANK_SETTLEMENT,IMPS,NPCI Interbank (CANARA -> KOTAK),IN,0,INTERBANK_CLEARING
TX_NPCI_119859,HDFC_ACC_20193,PNB_ACC_20105,1321.55,2026-01-10 19:16:05,INTERBANK_SETTLEMENT,UPI,NPCI Interbank (HDFC -> PNB),IN,0,INTERBANK_CLEARING
TX_NPCI_119860,BOB_ACC_20074,BOB_ACC_20150,4151.83,2026-01-11 00:01:12,INTERBANK_SETTLEMENT,UPI,NPCI Interbank (BOB -> BOB),IN,0,INTERBANK_CLEARING
TX_NPCI_119861,ICICI_ACC_20104,PNB_ACC_20020,2566.51,2026-01-10 21:03:34,INTERBANK_SETTLEMENT,UPI,NPCI Interbank (ICICI -> PNB),IN,0,INTERBANK_CLEARING
TX_NPCI_119862,HDFC_ACC_20046,YES_ACC_20125,2212.04,2026-01-10 18:05:46,INTERBANK_SETTLEMENT,UPI,NPCI Interbank (HDFC -> YES),IN,0,INTERBANK_CLEARING
TX_NPCI_119863,KOTAK_ACC_20139,YES_ACC_20081,24955.79,2026-01-10 12:45:12,INTERBANK_SETTLEMENT,UPI,NPCI Interbank (KOTAK -> YES),IN,0,INTERBANK_CLEARING
TX_NPCI_119864,AXIS_ACC_20242,SBI_ACC_20012,5867.86,2026-01-10 18:06:20,INTERBANK_SETTLEMENT,UPI,NPCI Interbank (AXIS -> SBI),IN,0,INTERBANK_CLEARING
TX_NPCI_119865,INDUS_ACC_20046,HDFC_ACC_20029,6788.12,2026-01-10 18:42:18,INTERBANK_SETTLEMENT,UPI,NPCI Interbank (INDUS -> HDFC),IN,0,INTERBANK_CLEARING
TX_NPCI_119866,ICICI_ACC_20132,BOB_ACC_20117,1999.87,2026-01-11 01:51:00,INTERBANK_SETTLEMENT,UPI,NPCI Interbank (ICICI -> BOB),IN,0,INTERBANK_CLEARING
TX_NPCI_119867,INDUS_ACC_20060,INDUS_ACC_20082,3178.53,2026-01-10 15:44:19,INTERBANK_SETTLEMENT,NEFT,NPCI Interbank (INDUS -> INDUS),IN,0,INTERBANK_CLEARING
TX_NPCI_119868,INDUS_ACC_20193,HDFC_ACC_20217,1454.88,2026-01-10 12:45:52,INTERBANK_SETTLEMENT,UPI,NPCI Interbank (INDUS -> HDFC),IN,0,INTERBANK_CLEARING
TX_NPCI_119869,KOTAK_ACC_20019,INDUS_ACC_20147,6204.68,2026-01-10 14:33:15,INTERBANK_SETTLEMENT,IMPS,NPCI Interbank (KOTAK -> INDUS),IN,0,INTERBANK_CLEARING
TX_NPCI_119870,INDUS_ACC_20194,AXIS_ACC_20049,2137.77,2026-01-10 13:21:54,INTERBANK_SETTLEMENT,UPI,NPCI Interbank (INDUS -> AXIS),IN,0,INTERBANK_CLEARING
TX_NPCI_119871,BOB_ACC_20231,SBI_ACC_20167,3187.06,2026-01-10 11:34:42,INTERBANK_SETTLEMENT,RTGS,NPCI Interbank (BOB -> SBI),IN,0,INTERBANK_CLEARING
TX_NPCI_119872,CANARA_ACC_20058,ICICI_ACC_20219,2959.38,2026-01-10 17:32:48,INTERBANK_SETTLEMENT,UPI,NPCI Interbank (CANARA -> ICICI),IN,0,INTERBANK_CLEARING
TX_NPCI_119873,SBI_ACC_20068,SBI_ACC_20098,2387.97,2026-01-11 01:54:30,INTERBANK_SETTLEMENT,UPI,NPCI Interbank (SBI -> SBI),IN,0,INTERBANK_CLEARING
TX_NPCI_119874,KOTAK_ACC_20106,CANARA_ACC_20241,82936.1,2026-01-10 15:10:00,INTERBANK_SETTLEMENT,UPI,NPCI Interbank (KOTAK -> CANARA),IN,0,INTERBANK_CLEARING
TX_NPCI_119875,PNB_ACC_20169,PNB_ACC_20108,1096.7,2026-01-10 21:44:33,INTERBANK_SETTLEMENT,UPI,NPCI Interbank (PNB -> PNB),IN,0,INTERBANK_CLEARING
TX_NPCI_119876,INDUS_ACC_20162,CANARA_ACC_20020,1084.79,2026-01-10 12:11:04,INTERBANK_SETTLEMENT,IMPS,NPCI Interbank (INDUS -> CANARA),IN,0,INTERBANK_CLEARING
TX_NPCI_119877,BOB_ACC_20141,SBI_ACC_20153,5613.42,2026-01-10 15:46:29,INTERBANK_SETTLEMENT,IMPS,NPCI Interbank (BOB -> SBI),IN,0,INTERBANK_CLEARING
TX_NPCI_119878,ICICI_ACC_20006,HDFC_ACC_20051,1194.88,2026-01-10 22:21:36,INTERBANK_SETTLEMENT,UPI,NPCI Interbank (ICICI -> HDFC),IN,0,INTERBANK_CLEARING
TX_NPCI_119879,SBI_ACC_20175,CANARA_ACC_20117,1720.4,2026-01-11 00:45:40,INTERBANK_SETTLEMENT,IMPS,NPCI Interbank (SBI -> CANARA),IN,0,INTERBANK_CLEARING
TX_NPCI_119880,INDUS_ACC_20097,AXIS_ACC_20086,662.69,2026-01-10 14:35:16,INTERBANK_SETTLEMENT,IMPS,NPCI Interbank (INDUS -> AXIS),IN,0,INTERBANK_CLEARING
TX_NPCI_119881,YES_ACC_20098,PNB_ACC_20090,4402.24,2026-01-10 18:47:06,INTERBANK_SETTLEMENT,UPI,NPCI Interbank (YES -> PNB),IN,0,INTERBANK_CLEARING
TX_NPCI_119882,KOTAK_ACC_20238,ICICI_ACC_20237,4469.84,2026-01-11 01:23:02,INTERBANK_SETTLEMENT,UPI,NPCI Interbank (KOTAK -> ICICI),IN,0,INTERBANK_CLEARING
TX_NPCI_119883,CANARA_ACC_20166,ICICI_ACC_20227,1671.99,2026-01-10 16:59:45,INTERBANK_SETTLEMENT,UPI,NPCI Interbank (CANARA -> ICICI),IN,0,INTERBANK_CLEARING
TX_NPCI_119884,SBI_ACC_20247,KOTAK_ACC_20082,5754.75,2026-01-10 17:00:00,INTERBANK_SETTLEMENT,UPI,NPCI Interbank (SBI -> KOTAK),IN,0,INTERBANK_CLEARING
TX_NPCI_119885,INDUS_ACC_20178,YES_ACC_20106,262.5,2026-01-11 02:00:30,INTERBANK_SETTLEMENT,UPI,NPCI Interbank (INDUS -> YES),IN,0,INTERBANK_CLEARING
TX_NPCI_119886,ICICI_ACC_20231,BOB_ACC_20214,1045.0,2026-01-11 01:24:58,INTERBANK_SETTLEMENT,NEFT,NPCI Interbank (ICICI -> BOB),IN,0,INTERBANK_CLEARING
TX_NPCI_119887,CANARA_ACC_20182,CANARA_ACC_20197,1990.27,2026-01-10 22:25:12,INTERBANK_SETTLEMENT,IMPS,NPCI Interbank (CANARA -> CANARA),IN,0,INTERBANK_CLEARING
TX_NPCI_119888,CANARA_ACC_20170,KOTAK_ACC_20018,597.8,2026-01-10 17:37:04,INTERBANK_SETTLEMENT,IMPS,NPCI Interbank (CANARA -> KOTAK),IN,0,INTERBANK_CLEARING
TX_NPCI_119889,PNB_ACC_20241,CANARA_ACC_20076,299.33,2026-01-10 18:13:25,INTERBANK_SETTLEMENT,NEFT,NPCI Interbank (PNB -> CANARA),IN,0,INTERBANK_CLEARING
TX_NPCI_119890,HDFC_ACC_20097,KOTAK_ACC_20134,1686.69,2026-01-10 21:50:18,INTERBANK_SETTLEMENT,UPI,NPCI Interbank (HDFC -> KOTAK),IN,0,INTERBANK_CLEARING
TX_NPCI_119891,SBI_ACC_20215,PNB_ACC_20112,5612.91,2026-01-10 18:13:59,INTERBANK_SETTLEMENT,UPI,NPCI Interbank (SBI -> PNB),IN,0,INTERBANK_CLEARING
TX_NPCI_119892,KOTAK_ACC_20130,BOB_ACC_20242,11367.69,2026-01-10 15:13:36,INTERBANK_SETTLEMENT,UPI,NPCI Interbank (KOTAK -> BOB),IN,0,INTERBANK_CLEARING
TX_NPCI_119893,PNB_ACC_20132,SBI_ACC_20052,1265.54,2026-01-11 01:28:21,INTERBANK_SETTLEMENT,UPI,NPCI Interbank (PNB -> SBI),IN,0,INTERBANK_CLEARING
TX_NPCI_119894,BOB_ACC_20208,ICICI_ACC_20181,5883.22,2026-01-10 20:39:30,INTERBANK_SETTLEMENT,UPI,NPCI Interbank (BOB -> ICICI),IN,0,INTERBANK_CLEARING
TX_NPCI_119895,SBI_ACC_20016,SBI_ACC_20238,5238.81,2026-01-10 21:52:13,INTERBANK_SETTLEMENT,UPI,NPCI Interbank (SBI -> SBI),IN,0,INTERBANK_CLEARING
TX_NPCI_119896,KOTAK_ACC_20247,ICICI_ACC_20143,10533.65,2026-01-10 17:03:00,INTERBANK_SETTLEMENT,UPI,NPCI Interbank (KOTAK -> ICICI),IN,0,INTERBANK_CLEARING
TX_NPCI_119897,KOTAK_ACC_20213,AXIS_ACC_20236,1603.22,2026-01-11 02:06:30,INTERBANK_SETTLEMENT,IMPS,NPCI Interbank (KOTAK -> AXIS),IN,0,INTERBANK_CLEARING
TX_NPCI_119898,AXIS_ACC_20226,SBI_ACC_20248,281.97,2026-01-10 14:02:20,INTERBANK_SETTLEMENT,UPI,NPCI Interbank (AXIS -> SBI),IN,0,INTERBANK_CLEARING
TX_NPCI_119899,YES_ACC_20203,KOTAK_ACC_20089,2655.06,2026-01-10 20:41:15,INTERBANK_SETTLEMENT,NEFT,NPCI Interbank (YES -> KOTAK),IN,0,INTERBANK_CLEARING
TX_NPCI_119900,KOTAK_ACC_20212,SBI_ACC_20171,723.03,2026-01-10 14:38:56,INTERBANK_SETTLEMENT,UPI,NPCI Interbank (KOTAK -> SBI),IN,0,INTERBANK_CLEARING
TX_NPCI_119901,KOTAK_ACC_20012,BOB_ACC_20037,1024.33,2026-01-10 19:29:23,INTERBANK_SETTLEMENT,IMPS,NPCI Interbank (KOTAK -> BOB),IN,0,INTERBANK_CLEARING
TX_NPCI_119902,PNB_ACC_20168,YES_ACC_20095,1700.26,2026-01-11 00:56:24,INTERBANK_SETTLEMENT,UPI,NPCI Interbank (PNB -> YES),IN,0,INTERBANK_CLEARING
TX_NPCI_119903,YES_ACC_20015,ICICI_ACC_20077,1625.04,2026-01-10 21:55:17,INTERBANK_SETTLEMENT,UPI,NPCI Interbank (YES -> ICICI),IN,0,INTERBANK_CLEARING
TX_NPCI_119904,INDUS_ACC_20209,YES_ACC_20075,2892.48,2026-01-10 18:17:40,INTERBANK_SETTLEMENT,UPI,NPCI Interbank (INDUS -> YES),IN,0,INTERBANK_CLEARING
TX_NPCI_119905,AXIS_ACC_20096,ICICI_ACC_20079,5674.78,2026-01-10 22:32:24,INTERBANK_SETTLEMENT,UPI,NPCI Interbank (AXIS -> ICICI),IN,0,INTERBANK_CLEARING
TX_NPCI_119906,BOB_ACC_20123,BOB_ACC_20065,1569.82,2026-01-11 02:11:00,INTERBANK_SETTLEMENT,RTGS,NPCI Interbank (BOB -> BOB),IN,0,INTERBANK_CLEARING
TX_NPCI_119907,YES_ACC_20179,SBI_ACC_20131,3923.88,2026-01-10 14:03:50,INTERBANK_SETTLEMENT,NEFT,NPCI Interbank (YES -> SBI),IN,0,INTERBANK_CLEARING
TX_NPCI_119908,YES_ACC_20222,ICICI_ACC_20155,2484.38,2026-01-10 22:33:36,INTERBANK_SETTLEMENT,NEFT,NPCI Interbank (YES -> ICICI),IN,0,INTERBANK_CLEARING
TX_NPCI_119909,PNB_ACC_20228,CANARA_ACC_20131,7499.51,2026-01-10 20:44:45,INTERBANK_SETTLEMENT,UPI,NPCI Interbank (PNB -> CANARA),IN,0,INTERBANK_CLEARING
TX_NPCI_119910,INDUS_ACC_20081,INDUS_ACC_20037,1946.31,2026-01-10 11:38:36,INTERBANK_SETTLEMENT,UPI,NPCI Interbank (INDUS -> INDUS),IN,0,INTERBANK_CLEARING
TX_NPCI_119911,CANARA_ACC_20057,CANARA_ACC_20008,2220.06,2026-01-10 15:53:51,INTERBANK_SETTLEMENT,RTGS,NPCI Interbank (CANARA -> CANARA),IN,0,INTERBANK_CLEARING
TX_NPCI_119912,KOTAK_ACC_20109,INDUS_ACC_20209,1557.32,2026-01-10 15:17:36,INTERBANK_SETTLEMENT,UPI,NPCI Interbank (KOTAK -> INDUS),IN,0,INTERBANK_CLEARING
TX_NPCI_119913,YES_ACC_20214,AXIS_ACC_20227,2008.82,2026-01-11 00:25:03,INTERBANK_SETTLEMENT,UPI,NPCI Interbank (YES -> AXIS),IN,0,INTERBANK_CLEARING
TX_NPCI_119914,SBI_ACC_20054,SBI_ACC_20096,953.19,2026-01-10 11:39:00,INTERBANK_SETTLEMENT,IMPS,NPCI Interbank (SBI -> SBI),IN,0,INTERBANK_CLEARING
TX_NPCI_119915,INDUS_ACC_20047,YES_ACC_20154,846.31,2026-01-10 17:44:16,INTERBANK_SETTLEMENT,UPI,NPCI Interbank (INDUS -> YES),IN,0,INTERBANK_CLEARING
TX_NPCI_119916,ICICI_ACC_20217,INDUS_ACC_20125,6191.41,2026-01-11 02:16:00,INTERBANK_SETTLEMENT,UPI,NPCI Interbank (ICICI -> INDUS),IN,0,INTERBANK_CLEARING
TX_NPCI_119917,HDFC_ACC_20248,ICICI_ACC_20199,665.25,2026-01-10 18:21:21,INTERBANK_SETTLEMENT,IMPS,NPCI Interbank (HDFC -> ICICI),IN,0,INTERBANK_CLEARING
TX_NPCI_119918,KOTAK_ACC_20032,KOTAK_ACC_20094,1664.13,2026-01-10 21:24:28,INTERBANK_SETTLEMENT,UPI,NPCI Interbank (KOTAK -> KOTAK),IN,0,INTERBANK_CLEARING
TX_NPCI_119919,AXIS_ACC_20043,INDUS_ACC_20232,8253.65,2026-01-10 15:19:00,INTERBANK_SETTLEMENT,UPI,NPCI Interbank (AXIS -> INDUS),IN,0,INTERBANK_CLEARING
TX_NPCI_119920,INDUS_ACC_20142,BOB_ACC_20130,1598.4,2026-01-10 21:25:12,INTERBANK_SETTLEMENT,UPI,NPCI Interbank (INDUS -> BOB),IN,0,INTERBANK_CLEARING
TX_NPCI_119921,YES_ACC_20236,PNB_ACC_20210,6597.78,2026-01-10 20:12:20,INTERBANK_SETTLEMENT,RTGS,NPCI Interbank (YES -> PNB),IN,0,INTERBANK_CLEARING
TX_NPCI_119922,CANARA_ACC_20095,YES_ACC_20151,1200.8,2026-01-10 20:12:40,INTERBANK_SETTLEMENT,UPI,NPCI Interbank (CANARA -> YES),IN,0,INTERBANK_CLEARING
TX_NPCI_119923,KOTAK_ACC_20249,INDUS_ACC_20069,691.32,2026-01-10 15:56:27,INTERBANK_SETTLEMENT,NEFT,NPCI Interbank (KOTAK -> INDUS),IN,0,INTERBANK_CLEARING
TX_NPCI_119924,CANARA_ACC_20089,PNB_ACC_20120,360.04,2026-01-10 14:06:40,INTERBANK_SETTLEMENT,NEFT,NPCI Interbank (CANARA -> PNB),IN,0,INTERBANK_CLEARING
TX_NPCI_119925,INDUS_ACC_20247,ICICI_ACC_20109,11793.09,2026-01-10 16:33:34,INTERBANK_SETTLEMENT,NEFT,NPCI Interbank (INDUS -> ICICI),IN,0,INTERBANK_CLEARING
TX_NPCI_119926,PNB_ACC_20084,ICICI_ACC_20182,623.75,2026-01-10 19:00:36,INTERBANK_SETTLEMENT,UPI,NPCI Interbank (PNB -> ICICI),IN,0,INTERBANK_CLEARING
TX_NPCI_119927,INDUS_ACC_20135,PNB_ACC_20144,5982.68,2026-01-10 22:41:12,INTERBANK_SETTLEMENT,UPI,NPCI Interbank (INDUS -> PNB),IN,0,INTERBANK_CLEARING
TX_NPCI_119928,SBI_ACC_20228,SBI_ACC_20127,735.14,2026-01-10 20:51:24,INTERBANK_SETTLEMENT,RTGS,NPCI Interbank (SBI -> SBI),IN,0,INTERBANK_CLEARING
TX_NPCI_119929,INDUS_ACC_20099,BOB_ACC_20242,11859.22,2026-01-11 00:32:15,INTERBANK_SETTLEMENT,NEFT,NPCI Interbank (INDUS -> BOB),IN,0,INTERBANK_CLEARING
TX_NPCI_119930,INDUS_ACC_20031,YES_ACC_20082,34480.16,2026-01-10 18:25:02,INTERBANK_SETTLEMENT,IMPS,NPCI Interbank (INDUS -> YES),IN,0,INTERBANK_CLEARING
TX_NPCI_119931,AXIS_ACC_20112,SBI_ACC_20227,322.52,2026-01-10 19:02:06,INTERBANK_SETTLEMENT,IMPS,NPCI Interbank (AXIS -> SBI),IN,0,INTERBANK_CLEARING
TX_NPCI_119932,PNB_ACC_20204,BOB_ACC_20115,664.01,2026-01-11 01:10:24,INTERBANK_SETTLEMENT,UPI,NPCI Interbank (PNB -> BOB),IN,0,INTERBANK_CLEARING
TX_NPCI_119933,YES_ACC_20098,YES_ACC_20097,6171.88,2026-01-10 22:43:36,INTERBANK_SETTLEMENT,IMPS,NPCI Interbank (YES -> YES),IN,0,INTERBANK_CLEARING
TX_NPCI_119934,SBI_ACC_20192,SBI_ACC_20229,4517.22,2026-01-10 21:30:20,INTERBANK_SETTLEMENT,IMPS,NPCI Interbank (SBI -> SBI),IN,0,INTERBANK_CLEARING
TX_NPCI_119935,SBI_ACC_20197,ICICI_ACC_20192,6200.01,2026-01-11 02:25:30,INTERBANK_SETTLEMENT,UPI,NPCI Interbank (SBI -> ICICI),IN,0,INTERBANK_CLEARING
TX_NPCI_119936,AXIS_ACC_20107,YES_ACC_20192,1225.98,2026-01-10 12:54:56,INTERBANK_SETTLEMENT,UPI,NPCI Interbank (AXIS -> YES),IN,0,INTERBANK_CLEARING
TX_NPCI_119937,HDFC_ACC_20080,ICICI_ACC_20143,26503.74,2026-01-10 17:13:15,INTERBANK_SETTLEMENT,RTGS,NPCI Interbank (HDFC -> ICICI),IN,0,INTERBANK_CLEARING
TX_NPCI_119938,YES_ACC_20224,BOB_ACC_20095,2812.02,2026-01-10 17:13:30,INTERBANK_SETTLEMENT,UPI,NPCI Interbank (YES -> BOB),IN,0,INTERBANK_CLEARING
TX_NPCI_119939,AXIS_ACC_20012,KOTAK_ACC_20046,566.6,2026-01-10 13:32:15,INTERBANK_SETTLEMENT,RTGS,NPCI Interbank (AXIS -> KOTAK),IN,0,INTERBANK_CLEARING
TX_NPCI_119940,HDFC_ACC_20237,HDFC_ACC_20015,1801.22,2026-01-11 00:37:12,INTERBANK_SETTLEMENT,IMPS,NPCI Interbank (HDFC -> HDFC),IN,0,INTERBANK_CLEARING
TX_NPCI_119941,KOTAK_ACC_20109,AXIS_ACC_20159,575.78,2026-01-10 18:28:09,INTERBANK_SETTLEMENT,NEFT,NPCI Interbank (KOTAK -> AXIS),IN,0,INTERBANK_CLEARING
TX_NPCI_119942,YES_ACC_20072,YES_ACC_20065,16467.26,2026-01-11 02:29:00,INTERBANK_SETTLEMENT,IMPS,NPCI Interbank (YES -> YES),IN,0,INTERBANK_CLEARING
TX_NPCI_119943,YES_ACC_20041,KOTAK_ACC_20170,1105.0,2026-01-10 19:42:41,INTERBANK_SETTLEMENT,NEFT,NPCI Interbank (YES -> KOTAK),IN,0,INTERBANK_CLEARING
TX_NPCI_119944,SBI_ACC_20026,PNB_ACC_20143,4407.14,2026-01-11 02:30:00,INTERBANK_SETTLEMENT,UPI,NPCI Interbank (SBI -> PNB),IN,0,INTERBANK_CLEARING
TX_NPCI_119945,ICICI_ACC_20096,YES_ACC_20148,1387.41,2026-01-11 01:53:29,INTERBANK_SETTLEMENT,NEFT,NPCI Interbank (ICICI -> YES),IN,0,INTERBANK_CLEARING
TX_NPCI_119946,ICICI_ACC_20025,HDFC_ACC_20176,1166.23,2026-01-11 01:53:58,INTERBANK_SETTLEMENT,IMPS,NPCI Interbank (ICICI -> HDFC),IN,0,INTERBANK_CLEARING
TX_NPCI_119947,YES_ACC_20007,YES_ACC_20134,246.58,2026-01-10 19:06:54,INTERBANK_SETTLEMENT,UPI,NPCI Interbank (YES -> YES),IN,0,INTERBANK_CLEARING
TX_NPCI_119948,INDUS_ACC_20070,BOB_ACC_20114,5003.08,2026-01-10 18:30:08,INTERBANK_SETTLEMENT,IMPS,NPCI Interbank (INDUS -> BOB),IN,0,INTERBANK_CLEARING
TX_NPCI_119949,AXIS_ACC_20014,CANARA_ACC_20032,11602.98,2026-01-10 22:50:00,INTERBANK_SETTLEMENT,IMPS,NPCI Interbank (AXIS -> CANARA),IN,0,INTERBANK_CLEARING
TX_NPCI_119950,AXIS_ACC_20118,BOB_ACC_20245,813.09,2026-01-10 21:36:12,INTERBANK_SETTLEMENT,UPI,NPCI Interbank (AXIS -> BOB),IN,0,INTERBANK_CLEARING
TX_NPCI_119951,HDFC_ACC_20204,YES_ACC_20090,382.12,2026-01-10 21:36:34,INTERBANK_SETTLEMENT,UPI,NPCI Interbank (HDFC -> YES),IN,0,INTERBANK_CLEARING
TX_NPCI_119952,ICICI_ACC_20110,YES_ACC_20230,6399.53,2026-01-11 00:05:28,INTERBANK_SETTLEMENT,IMPS,NPCI Interbank (ICICI -> YES),IN,0,INTERBANK_CLEARING
TX_NPCI_119953,SBI_ACC_20006,AXIS_ACC_20079,338.5,2026-01-10 22:14:27,INTERBANK_SETTLEMENT,UPI,NPCI Interbank (SBI -> AXIS),IN,0,INTERBANK_CLEARING
TX_NPCI_119954,HDFC_ACC_20234,ICICI_ACC_20113,10545.34,2026-01-10 17:54:40,INTERBANK_SETTLEMENT,UPI,NPCI Interbank (HDFC -> ICICI),IN,0,INTERBANK_CLEARING
TX_NPCI_119955,BOB_ACC_20227,BOB_ACC_20188,824.46,2026-01-11 02:35:30,INTERBANK_SETTLEMENT,UPI,NPCI Interbank (BOB -> BOB),IN,0,INTERBANK_CLEARING
TX_NPCI_119956,YES_ACC_20063,HDFC_ACC_20123,649.4,2026-01-10 19:09:36,INTERBANK_SETTLEMENT,UPI,NPCI Interbank (YES -> HDFC),IN,0,INTERBANK_CLEARING
TX_NPCI_119957,HDFC_ACC_20219,CANARA_ACC_20216,3288.4,2026-01-10 11:43:18,INTERBANK_SETTLEMENT,IMPS,NPCI Interbank (HDFC -> CANARA),IN,0,INTERBANK_CLEARING
TX_NPCI_119958,HDFC_ACC_20051,SBI_ACC_20216,702.21,2026-01-10 12:57:52,INTERBANK_SETTLEMENT,IMPS,NPCI Interbank (HDFC -> SBI),IN,0,INTERBANK_CLEARING
TX_NPCI_119959,PNB_ACC_20131,ICICI_ACC_20065,1044.68,2026-01-10 17:56:00,INTERBANK_SETTLEMENT,NEFT,NPCI Interbank (PNB -> ICICI),IN,0,INTERBANK_CLEARING
TX_NPCI_119960,HDFC_ACC_20180,ICICI_ACC_20016,3732.29,2026-01-10 17:56:16,INTERBANK_SETTLEMENT,UPI,NPCI Interbank (HDFC -> ICICI),IN,0,INTERBANK_CLEARING
TX_NPCI_119961,PNB_ACC_20178,AXIS_ACC_20137,132.3,2026-01-10 11:06:25,INTERBANK_SETTLEMENT,IMPS,NPCI Interbank (PNB -> AXIS),IN,0,INTERBANK_CLEARING
TX_NPCI_119962,KOTAK_ACC_20114,BOB_ACC_20247,17516.58,2026-01-10 14:50:18,INTERBANK_SETTLEMENT,IMPS,NPCI Interbank (KOTAK -> BOB),IN,0,INTERBANK_CLEARING
TX_NPCI_119963,YES_ACC_20155,CANARA_ACC_20188,2571.82,2026-01-11 00:10:14,INTERBANK_SETTLEMENT,IMPS,NPCI Interbank (YES -> CANARA),IN,0,INTERBANK_CLEARING
TX_NPCI_119964,HDFC_ACC_20099,PNB_ACC_20121,517.21,2026-01-10 16:05:20,INTERBANK_SETTLEMENT,RTGS,NPCI Interbank (HDFC -> PNB),IN,0,INTERBANK_CLEARING
TX_NPCI_119965,YES_ACC_20111,CANARA_ACC_20140,720.04,2026-01-10 22:19:03,INTERBANK_SETTLEMENT,UPI,NPCI Interbank (YES -> CANARA),IN,0,INTERBANK_CLEARING
TX_NPCI_119966,YES_ACC_20178,INDUS_ACC_20187,8022.26,2026-01-10 16:43:08,INTERBANK_SETTLEMENT,UPI,NPCI Interbank (YES -> INDUS),IN,0,INTERBANK_CLEARING
TX_NPCI_119967,BOB_ACC_20192,INDUS_ACC_20198,5020.39,2026-01-10 22:19:49,INTERBANK_SETTLEMENT,UPI,NPCI Interbank (BOB -> INDUS),IN,0,INTERBANK_CLEARING
TX_NPCI_119968,AXIS_ACC_20220,KOTAK_ACC_20166,12889.09,2026-01-10 15:28:48,INTERBANK_SETTLEMENT,RTGS,NPCI Interbank (AXIS -> KOTAK),IN,0,INTERBANK_CLEARING
TX_NPCI_119969,YES_ACC_20224,CANARA_ACC_20125,1075.68,2026-01-10 12:21:55,INTERBANK_SETTLEMENT,UPI,NPCI Interbank (YES -> CANARA),IN,0,INTERBANK_CLEARING
TX_NPCI_119970,HDFC_ACC_20165,SBI_ACC_20040,3483.88,2026-01-10 20:28:40,INTERBANK_SETTLEMENT,NEFT,NPCI Interbank (HDFC -> SBI),IN,0,INTERBANK_CLEARING
TX_NPCI_119971,AXIS_ACC_20066,YES_ACC_20028,4071.97,2026-01-10 11:44:42,INTERBANK_SETTLEMENT,UPI,NPCI Interbank (AXIS -> YES),IN,0,INTERBANK_CLEARING
TX_NPCI_119972,CANARA_ACC_20115,BOB_ACC_20069,5621.32,2026-01-10 12:59:44,INTERBANK_SETTLEMENT,IMPS,NPCI Interbank (CANARA -> BOB),IN,0,INTERBANK_CLEARING
TX_NPCI_119973,HDFC_ACC_20051,YES_ACC_20134,9440.25,2026-01-10 20:29:40,INTERBANK_SETTLEMENT,UPI,NPCI Interbank (HDFC -> YES),IN,0,INTERBANK_CLEARING
TX_NPCI_119974,INDUS_ACC_20124,CANARA_ACC_20246,1032.03,2026-01-10 21:07:30,INTERBANK_SETTLEMENT,UPI,NPCI Interbank (INDUS -> CANARA),IN,0,INTERBANK_CLEARING
TX_NPCI_119975,INDUS_ACC_20069,AXIS_ACC_20099,2128.12,2026-01-10 21:45:22,INTERBANK_SETTLEMENT,UPI,NPCI Interbank (INDUS -> AXIS),IN,0,INTERBANK_CLEARING
TX_NPCI_119976,CANARA_ACC_20105,YES_ACC_20136,1173.59,2026-01-10 23:00:48,INTERBANK_SETTLEMENT,UPI,NPCI Interbank (CANARA -> YES),IN,0,INTERBANK_CLEARING
TX_NPCI_119977,PNB_ACC_20057,HDFC_ACC_20021,2291.28,2026-01-10 18:00:48,INTERBANK_SETTLEMENT,NEFT,NPCI Interbank (PNB -> HDFC),IN,0,INTERBANK_CLEARING
TX_NPCI_119978,YES_ACC_20084,YES_ACC_20213,5642.71,2026-01-10 14:15:40,INTERBANK_SETTLEMENT,UPI,NPCI Interbank (YES -> YES),IN,0,INTERBANK_CLEARING
TX_NPCI_119979,CANARA_ACC_20236,HDFC_ACC_20000,335.34,2026-01-10 13:38:15,INTERBANK_SETTLEMENT,UPI,NPCI Interbank (CANARA -> HDFC),IN,0,INTERBANK_CLEARING
TX_NPCI_119980,AXIS_ACC_20189,INDUS_ACC_20240,9239.53,2026-01-10 16:08:48,INTERBANK_SETTLEMENT,IMPS,NPCI Interbank (AXIS -> INDUS),IN,0,INTERBANK_CLEARING
TX_NPCI_119981,BOB_ACC_20177,HDFC_ACC_20030,622.03,2026-01-10 13:38:33,INTERBANK_SETTLEMENT,IMPS,NPCI Interbank (BOB -> HDFC),IN,0,INTERBANK_CLEARING
TX_NPCI_119982,INDUS_ACC_20229,AXIS_ACC_20179,1687.76,2026-01-11 00:18:28,INTERBANK_SETTLEMENT,IMPS,NPCI Interbank (INDUS -> AXIS),IN,0,INTERBANK_CLEARING
TX_NPCI_119983,PNB_ACC_20204,HDFC_ACC_20139,10858.79,2026-01-10 16:47:06,INTERBANK_SETTLEMENT,IMPS,NPCI Interbank (PNB -> HDFC),IN,0,INTERBANK_CLEARING
TX_NPCI_119984,CANARA_ACC_20049,BOB_ACC_20194,3617.76,2026-01-10 17:25:00,INTERBANK_SETTLEMENT,RTGS,NPCI Interbank (CANARA -> BOB),IN,0,INTERBANK_CLEARING
TX_NPCI_119985,CANARA_ACC_20021,BOB_ACC_20191,3668.13,2026-01-10 11:08:25,INTERBANK_SETTLEMENT,UPI,NPCI Interbank (CANARA -> BOB),IN,0,INTERBANK_CLEARING
TX_NPCI_119986,BOB_ACC_20217,HDFC_ACC_20234,591.85,2026-01-10 20:34:00,INTERBANK_SETTLEMENT,IMPS,NPCI Interbank (BOB -> HDFC),IN,0,INTERBANK_CLEARING
TX_NPCI_119987,PNB_ACC_20114,BOB_ACC_20036,697.22,2026-01-11 00:58:21,INTERBANK_SETTLEMENT,IMPS,NPCI Interbank (PNB -> BOB),IN,0,INTERBANK_CLEARING
TX_NPCI_119988,KOTAK_ACC_20074,CANARA_ACC_20060,7551.55,2026-01-11 02:52:00,INTERBANK_SETTLEMENT,IMPS,NPCI Interbank (KOTAK -> CANARA),IN,0,INTERBANK_CLEARING
TX_NPCI_119989,INDUS_ACC_20016,YES_ACC_20101,1203.55,2026-01-10 11:46:30,INTERBANK_SETTLEMENT,NEFT,NPCI Interbank (INDUS -> YES),IN,0,INTERBANK_CLEARING
TX_NPCI_119990,HDFC_ACC_20134,ICICI_ACC_20140,1347.63,2026-01-10 20:35:20,INTERBANK_SETTLEMENT,UPI,NPCI Interbank (HDFC -> ICICI),IN,0,INTERBANK_CLEARING
TX_NPCI_119991,HDFC_ACC_20154,AXIS_ACC_20160,7760.03,2026-01-10 23:06:48,INTERBANK_SETTLEMENT,IMPS,NPCI Interbank (HDFC -> AXIS),IN,0,INTERBANK_CLEARING
TX_NPCI_119992,YES_ACC_20136,BOB_ACC_20123,692.36,2026-01-10 22:29:24,INTERBANK_SETTLEMENT,UPI,NPCI Interbank (YES -> BOB),IN,0,INTERBANK_CLEARING
TX_NPCI_119993,BOB_ACC_20045,BOB_ACC_20201,3371.4,2026-01-10 21:14:09,INTERBANK_SETTLEMENT,UPI,NPCI Interbank (BOB -> BOB),IN,0,INTERBANK_CLEARING
TX_NPCI_119994,AXIS_ACC_20177,YES_ACC_20163,2569.56,2026-01-10 16:11:50,INTERBANK_SETTLEMENT,UPI,NPCI Interbank (AXIS -> YES),IN,0,INTERBANK_CLEARING
TX_NPCI_119995,AXIS_ACC_20234,INDUS_ACC_20086,2432.75,2026-01-11 01:01:57,INTERBANK_SETTLEMENT,IMPS,NPCI Interbank (AXIS -> INDUS),IN,0,INTERBANK_CLEARING
TX_NPCI_119996,AXIS_ACC_20106,PNB_ACC_20061,1310.12,2026-01-10 13:40:48,INTERBANK_SETTLEMENT,IMPS,NPCI Interbank (AXIS -> PNB),IN,0,INTERBANK_CLEARING
TX_NPCI_119997,HDFC_ACC_20176,SBI_ACC_20239,1217.04,2026-01-10 19:59:47,INTERBANK_SETTLEMENT,IMPS,NPCI Interbank (HDFC -> SBI),IN,0,INTERBANK_CLEARING
TX_NPCI_119998,BOB_ACC_20210,YES_ACC_20087,669.12,2026-01-10 21:15:54,INTERBANK_SETTLEMENT,UPI,NPCI Interbank (BOB -> YES),IN,0,INTERBANK_CLEARING
TX_NPCI_119999,INDUS_ACC_20162,HDFC_ACC_20233,4355.51,2026-01-11 01:41:40,INTERBANK_SETTLEMENT,IMPS,NPCI Interbank (INDUS -> HDFC),IN,0,INTERBANK_CLEARING
TX_NPCI_120000,SBI_ACC_20074,CANARA_ACC_20127,1094.68,2026-01-11 00:26:16,INTERBANK_SETTLEMENT,UPI,NPCI Interbank (SBI -> CANARA),IN,0,INTERBANK_CLEARING
TX_NPCI_120001,BOB_ACC_20089,PNB_ACC_20247,7804.79,2026-01-10 12:25:39,INTERBANK_SETTLEMENT,NEFT,NPCI Interbank (BOB -> PNB),IN,0,INTERBANK_CLEARING
TX_NPCI_120002,SBI_ACC_20033,YES_ACC_20210,1864.1,2026-01-10 14:57:38,INTERBANK_SETTLEMENT,UPI,NPCI Interbank (SBI -> YES),IN,0,INTERBANK_CLEARING
TX_NPCI_120003,CANARA_ACC_20169,YES_ACC_20050,685.3,2026-01-10 13:03:52,INTERBANK_SETTLEMENT,UPI,NPCI Interbank (CANARA -> YES),IN,0,INTERBANK_CLEARING
TX_NPCI_120004,PNB_ACC_20211,YES_ACC_20131,1834.68,2026-01-10 16:52:00,INTERBANK_SETTLEMENT,NEFT,NPCI Interbank (PNB -> YES),IN,0,INTERBANK_CLEARING
TX_NPCI_120005,CANARA_ACC_20205,AXIS_ACC_20180,1490.66,2026-01-10 16:14:13,INTERBANK_SETTLEMENT,UPI,NPCI Interbank (CANARA -> AXIS),IN,0,INTERBANK_CLEARING
TX_NPCI_120006,YES_ACC_20093,KOTAK_ACC_20059,8192.09,2026-01-11 02:22:58,INTERBANK_SETTLEMENT,UPI,NPCI Interbank (YES -> KOTAK),IN,0,INTERBANK_CLEARING
TX_NPCI_120007,ICICI_ACC_20066,AXIS_ACC_20104,1567.44,2026-01-10 13:04:24,INTERBANK_SETTLEMENT,IMPS,NPCI Interbank (ICICI -> AXIS),IN,0,INTERBANK_CLEARING
TX_NPCI_120008,BOB_ACC_20184,ICICI_ACC_20144,1752.06,2026-01-10 23:51:40,INTERBANK_SETTLEMENT,NEFT,NPCI Interbank (BOB -> ICICI),IN,0,INTERBANK_CLEARING
TX_NPCI_120009,CANARA_ACC_20012,AXIS_ACC_20229,13277.9,2026-01-10 20:41:40,INTERBANK_SETTLEMENT,UPI,NPCI Interbank (CANARA -> AXIS),IN,0,INTERBANK_CLEARING
TX_NPCI_120010,ICICI_ACC_20030,KOTAK_ACC_20236,4491.4,2026-01-10 12:26:42,INTERBANK_SETTLEMENT,RTGS,NPCI Interbank (ICICI -> KOTAK),IN,0,INTERBANK_CLEARING
TX_NPCI_120011,HDFC_ACC_20130,SBI_ACC_20061,17948.24,2026-01-10 11:48:42,INTERBANK_SETTLEMENT,RTGS,NPCI Interbank (HDFC -> SBI),IN,0,INTERBANK_CLEARING
TX_NPCI_120012,AXIS_ACC_20040,AXIS_ACC_20150,11057.39,2026-01-10 23:53:20,INTERBANK_SETTLEMENT,UPI,NPCI Interbank (AXIS -> AXIS),IN,0,INTERBANK_CLEARING
TX_NPCI_120013,BOB_ACC_20213,YES_ACC_20065,841.68,2026-01-10 20:04:51,INTERBANK_SETTLEMENT,IMPS,NPCI Interbank (BOB -> YES),IN,0,INTERBANK_CLEARING
TX_NPCI_120014,ICICI_ACC_20162,YES_ACC_20246,8005.96,2026-01-10 17:32:30,INTERBANK_SETTLEMENT,NEFT,NPCI Interbank (ICICI -> YES),IN,0,INTERBANK_CLEARING
TX_NPCI_120015,BOB_ACC_20175,INDUS_ACC_20046,15219.97,2026-01-10 19:27:18,INTERBANK_SETTLEMENT,NEFT,NPCI Interbank (BOB -> INDUS),IN,0,INTERBANK_CLEARING
TX_NPCI_120016,KOTAK_ACC_20051,ICICI_ACC_20125,15357.75,2026-01-10 23:55:00,INTERBANK_SETTLEMENT,UPI,NPCI Interbank (KOTAK -> ICICI),IN,0,INTERBANK_CLEARING
TX_NPCI_120017,INDUS_ACC_20138,AXIS_ACC_20189,7988.16,2026-01-10 19:27:54,INTERBANK_SETTLEMENT,UPI,NPCI Interbank (INDUS -> AXIS),IN,0,INTERBANK_CLEARING
TX_NPCI_120018,HDFC_ACC_20109,AXIS_ACC_20107,7793.36,2026-01-10 15:38:48,INTERBANK_SETTLEMENT,UPI,NPCI Interbank (HDFC -> AXIS),IN,0,INTERBANK_CLEARING
TX_NPCI_120019,HDFC_ACC_20177,ICICI_ACC_20124,1697.32,2026-01-10 20:45:00,INTERBANK_SETTLEMENT,IMPS,NPCI Interbank (HDFC -> ICICI),IN,0,INTERBANK_CLEARING
TX_NPCI_120020,INDUS_ACC_20224,CANARA_ACC_20248,893.5,2026-01-10 22:01:52,INTERBANK_SETTLEMENT,UPI,NPCI Interbank (INDUS -> CANARA),IN,0,INTERBANK_CLEARING
TX_NPCI_120021,AXIS_ACC_20183,CANARA_ACC_20109,1599.33,2026-01-10 15:39:24,INTERBANK_SETTLEMENT,UPI,NPCI Interbank (AXIS -> CANARA),IN,0,INTERBANK_CLEARING
TX_NPCI_120022,KOTAK_ACC_20179,PNB_ACC_20214,331.04,2026-01-11 01:52:24,INTERBANK_SETTLEMENT,IMPS,NPCI Interbank (KOTAK -> PNB),IN,0,INTERBANK_CLEARING
TX_NPCI_120023,ICICI_ACC_20152,YES_ACC_20092,12226.42,2026-01-10 22:02:58,INTERBANK_SETTLEMENT,UPI,NPCI Interbank (ICICI -> YES),IN,0,INTERBANK_CLEARING
TX_NPCI_120024,CANARA_ACC_20024,HDFC_ACC_20071,1737.23,2026-01-10 16:18:20,INTERBANK_SETTLEMENT,UPI,NPCI Interbank (CANARA -> HDFC),IN,0,INTERBANK_CLEARING
TX_NPCI_120025,CANARA_ACC_20024,YES_ACC_20006,11494.19,2026-01-10 22:42:03,INTERBANK_SETTLEMENT,NEFT,NPCI Interbank (CANARA -> YES),IN,0,INTERBANK_CLEARING
TX_NPCI_120026,ICICI_ACC_20240,BOB_ACC_20163,556.8,2026-01-10 21:25:42,INTERBANK_SETTLEMENT,UPI,NPCI Interbank (ICICI -> BOB),IN,0,INTERBANK_CLEARING
TX_NPCI_120027,BOB_ACC_20243,ICICI_ACC_20089,8947.68,2026-01-10 13:45:27,INTERBANK_SETTLEMENT,UPI,NPCI Interbank (BOB -> ICICI),IN,0,INTERBANK_CLEARING
TX_NPCI_120028,SBI_ACC_20038,BOB_ACC_20027,1347.68,2026-01-10 23:21:36,INTERBANK_SETTLEMENT,UPI,NPCI Interbank (SBI -> BOB),IN,0,INTERBANK_CLEARING
TX_NPCI_120029,PNB_ACC_20218,INDUS_ACC_20206,522.57,2026-01-10 17:36:15,INTERBANK_SETTLEMENT,UPI,NPCI Interbank (PNB -> INDUS),IN,0,INTERBANK_CLEARING
TX_NPCI_120030,PNB_ACC_20130,ICICI_ACC_20182,17197.88,2026-01-11 01:17:42,INTERBANK_SETTLEMENT,UPI,NPCI Interbank (PNB -> ICICI),IN,0,INTERBANK_CLEARING
TX_NPCI_120031,CANARA_ACC_20244,CANARA_ACC_20130,9216.72,2026-01-11 00:39:42,INTERBANK_SETTLEMENT,UPI,NPCI Interbank (CANARA -> CANARA),IN,0,INTERBANK_CLEARING
TX_NPCI_120032,HDFC_ACC_20015,ICICI_ACC_20036,3146.83,2026-01-10 13:46:12,INTERBANK_SETTLEMENT,IMPS,NPCI Interbank (HDFC -> ICICI),IN,0,INTERBANK_CLEARING
TX_NPCI_120033,CANARA_ACC_20201,HDFC_ACC_20170,2542.05,2026-01-10 15:03:19,INTERBANK_SETTLEMENT,UPI,NPCI Interbank (CANARA -> HDFC),IN,0,INTERBANK_CLEARING
TX_NPCI_120034,KOTAK_ACC_20012,BOB_ACC_20152,4135.7,2026-01-11 03:15:00,INTERBANK_SETTLEMENT,NEFT,NPCI Interbank (KOTAK -> BOB),IN,0,INTERBANK_CLEARING
TX_NPCI_120035,YES_ACC_20051,AXIS_ACC_20027,3082.68,2026-01-10 22:07:22,INTERBANK_SETTLEMENT,UPI,NPCI Interbank (YES -> AXIS),IN,0,INTERBANK_CLEARING
TX_NPCI_120036,ICICI_ACC_20106,PNB_ACC_20198,943.19,2026-01-11 00:41:52,INTERBANK_SETTLEMENT,RTGS,NPCI Interbank (ICICI -> PNB),IN,0,INTERBANK_CLEARING
TX_NPCI_120037,CANARA_ACC_20061,SBI_ACC_20167,1488.52,2026-01-11 01:20:51,INTERBANK_SETTLEMENT,UPI,NPCI Interbank (CANARA -> SBI),IN,0,INTERBANK_CLEARING
TX_NPCI_120038,KOTAK_ACC_20106,CANARA_ACC_20087,25664.43,2026-01-11 03:17:00,INTERBANK_SETTLEMENT,IMPS,NPCI Interbank (KOTAK -> CANARA),IN,0,INTERBANK_CLEARING
TX_NPCI_120039,KOTAK_ACC_20171,PNB_ACC_20089,60269.9,2026-01-10 22:47:25,INTERBANK_SETTLEMENT,IMPS,NPCI Interbank (KOTAK -> PNB),IN,0,INTERBANK_CLEARING
TX_NPCI_120040,SBI_ACC_20199,HDFC_ACC_20169,15917.94,2026-01-10 20:52:00,INTERBANK_SETTLEMENT,RTGS,NPCI Interbank (SBI -> HDFC),IN,0,INTERBANK_CLEARING
TX_NPCI_120041,ICICI_ACC_20090,YES_ACC_20054,4332.36,2026-01-10 20:13:43,INTERBANK_SETTLEMENT,UPI,NPCI Interbank (ICICI -> YES),IN,0,INTERBANK_CLEARING
TX_NPCI_120042,BOB_ACC_20119,CANARA_ACC_20067,1627.34,2026-01-11 03:19:00,INTERBANK_SETTLEMENT,IMPS,NPCI Interbank (BOB -> CANARA),IN,0,INTERBANK_CLEARING
TX_NPCI_120043,PNB_ACC_20215,YES_ACC_20110,936.53,2026-01-11 02:02:12,INTERBANK_SETTLEMENT,UPI,NPCI Interbank (PNB -> YES),IN,0,INTERBANK_CLEARING
TX_NPCI_120044,HDFC_ACC_20136,KOTAK_ACC_20103,1013.6,2026-01-10 16:22:40,INTERBANK_SETTLEMENT,IMPS,NPCI Interbank (HDFC -> KOTAK),IN,0,INTERBANK_CLEARING
TX_NPCI_120045,SBI_ACC_20198,HDFC_ACC_20020,1256.49,2026-01-10 17:01:34,INTERBANK_SETTLEMENT,UPI,NPCI Interbank (SBI -> HDFC),IN,0,INTERBANK_CLEARING
TX_NPCI_120046,HDFC_ACC_20225,ICICI_ACC_20012,32253.98,2026-01-10 11:13:30,INTERBANK_SETTLEMENT,UPI,NPCI Interbank (HDFC -> ICICI),IN,0,INTERBANK_CLEARING
TX_NPCI_120047,HDFC_ACC_20106,SBI_ACC_20167,21322.94,2026-01-10 14:27:10,INTERBANK_SETTLEMENT,UPI,NPCI Interbank (HDFC -> SBI),IN,0,INTERBANK_CLEARING
TX_NPCI_120048,INDUS_ACC_20034,INDUS_ACC_20001,5976.16,2026-01-10 15:44:48,INTERBANK_SETTLEMENT,IMPS,NPCI Interbank (INDUS -> INDUS),IN,0,INTERBANK_CLEARING
TX_NPCI_120049,HDFC_ACC_20153,SBI_ACC_20200,770.67,2026-01-10 17:41:15,INTERBANK_SETTLEMENT,RTGS,NPCI Interbank (HDFC -> SBI),IN,0,INTERBANK_CLEARING
TX_NPCI_120050,AXIS_ACC_20204,ICICI_ACC_20041,7127.15,2026-01-11 00:09:10,INTERBANK_SETTLEMENT,IMPS,NPCI Interbank (AXIS -> ICICI),IN,0,INTERBANK_CLEARING
TX_NPCI_120051,ICICI_ACC_20089,PNB_ACC_20091,1832.91,2026-01-10 13:10:16,INTERBANK_SETTLEMENT,UPI,NPCI Interbank (ICICI -> PNB),IN,0,INTERBANK_CLEARING
TX_NPCI_120052,SBI_ACC_20240,ICICI_ACC_20128,184.27,2026-01-10 14:28:00,INTERBANK_SETTLEMENT,IMPS,NPCI Interbank (SBI -> ICICI),IN,0,INTERBANK_CLEARING
TX_NPCI_120053,AXIS_ACC_20141,PNB_ACC_20166,3444.45,2026-01-10 12:31:43,INTERBANK_SETTLEMENT,RTGS,NPCI Interbank (AXIS -> PNB),IN,0,INTERBANK_CLEARING
TX_NPCI_120054,AXIS_ACC_20138,CANARA_ACC_20188,888.65,2026-01-10 15:46:00,INTERBANK_SETTLEMENT,UPI,NPCI Interbank (AXIS -> CANARA),IN,0,INTERBANK_CLEARING
TX_NPCI_120055,PNB_ACC_20107,YES_ACC_20122,925.5,2026-01-10 17:42:45,INTERBANK_SETTLEMENT,UPI,NPCI Interbank (PNB -> YES),IN,0,INTERBANK_CLEARING
TX_NPCI_120056,INDUS_ACC_20040,AXIS_ACC_20240,1807.16,2026-01-10 23:32:48,INTERBANK_SETTLEMENT,IMPS,NPCI Interbank (INDUS -> AXIS),IN,0,INTERBANK_CLEARING
TX_NPCI_120057,PNB_ACC_20133,BOB_ACC_20173,1342.13,2026-01-10 15:46:36,INTERBANK_SETTLEMENT,UPI,NPCI Interbank (PNB -> BOB),IN,0,INTERBANK_CLEARING
TX_NPCI_120058,SBI_ACC_20004,SBI_ACC_20071,2342.31,2026-01-10 19:01:18,INTERBANK_SETTLEMENT,UPI,NPCI Interbank (SBI -> SBI),IN,0,INTERBANK_CLEARING
TX_NPCI_120059,INDUS_ACC_20248,CANARA_ACC_20036,2211.01,2026-01-11 00:51:50,INTERBANK_SETTLEMENT,UPI,NPCI Interbank (INDUS -> CANARA),IN,0,INTERBANK_CLEARING
TX_NPCI_120060,KOTAK_ACC_20014,HDFC_ACC_20116,256.99,2026-01-11 01:31:12,INTERBANK_SETTLEMENT,IMPS,NPCI Interbank (KOTAK -> HDFC),IN,0,INTERBANK_CLEARING
TX_NPCI_120061,PNB_ACC_20189,ICICI_ACC_20204,15128.47,2026-01-10 19:41:06,INTERBANK_SETTLEMENT,IMPS,NPCI Interbank (PNB -> ICICI),IN,0,INTERBANK_CLEARING
TX_NPCI_120062,AXIS_ACC_20011,AXIS_ACC_20184,749.91,2026-01-11 02:11:04,INTERBANK_SETTLEMENT,UPI,NPCI Interbank (AXIS -> AXIS),IN,0,INTERBANK_CLEARING
TX_NPCI_120063,BOB_ACC_20012,HDFC_ACC_20144,778.31,2026-01-10 13:11:52,INTERBANK_SETTLEMENT,UPI,NPCI Interbank (BOB -> HDFC),IN,0,INTERBANK_CLEARING
TX_NPCI_120064,BOB_ACC_20013,CANARA_ACC_20103,1645.4,2026-01-10 13:51:00,INTERBANK_SETTLEMENT,NEFT,NPCI Interbank (BOB -> CANARA),IN,0,INTERBANK_CLEARING
TX_NPCI_120065,PNB_ACC_20114,HDFC_ACC_20237,2143.08,2026-01-11 01:33:27,INTERBANK_SETTLEMENT,UPI,NPCI Interbank (PNB -> HDFC),IN,0,INTERBANK_CLEARING
TX_NPCI_120066,HDFC_ACC_20070,ICICI_ACC_20000,14055.59,2026-01-10 11:54:12,INTERBANK_SETTLEMENT,IMPS,NPCI Interbank (HDFC -> ICICI),IN,0,INTERBANK_CLEARING
TX_NPCI_120067,HDFC_ACC_20237,ICICI_ACC_20197,3372.16,2026-01-11 02:13:24,INTERBANK_SETTLEMENT,NEFT,NPCI Interbank (HDFC -> ICICI),IN,0,INTERBANK_CLEARING
TX_NPCI_120068,YES_ACC_20068,INDUS_ACC_20153,4816.29,2026-01-10 19:43:12,INTERBANK_SETTLEMENT,UPI,NPCI Interbank (YES -> INDUS),IN,0,INTERBANK_CLEARING
TX_NPCI_120069,PNB_ACC_20105,KOTAK_ACC_20126,3392.91,2026-01-11 01:35:15,INTERBANK_SETTLEMENT,NEFT,NPCI Interbank (PNB -> KOTAK),IN,0,INTERBANK_CLEARING
TX_NPCI_120070,BOB_ACC_20035,ICICI_ACC_20211,3221.99,2026-01-10 12:33:42,INTERBANK_SETTLEMENT,NEFT,NPCI Interbank (BOB -> ICICI),IN,0,INTERBANK_CLEARING
TX_NPCI_120071,YES_ACC_20038,CANARA_ACC_20042,3539.27,2026-01-10 17:07:38,INTERBANK_SETTLEMENT,IMPS,NPCI Interbank (YES -> CANARA),IN,0,INTERBANK_CLEARING
TX_NPCI_120072,AXIS_ACC_20133,ICICI_ACC_20198,240.02,2026-01-10 13:13:04,INTERBANK_SETTLEMENT,UPI,NPCI Interbank (AXIS -> ICICI),IN,0,INTERBANK_CLEARING
TX_NPCI_120073,YES_ACC_20032,INDUS_ACC_20150,1808.22,2026-01-10 11:15:45,INTERBANK_SETTLEMENT,UPI,NPCI Interbank (YES -> INDUS),IN,0,INTERBANK_CLEARING
TX_NPCI_120074,ICICI_ACC_20170,YES_ACC_20095,9844.94,2026-01-11 02:16:40,INTERBANK_SETTLEMENT,UPI,NPCI Interbank (ICICI -> YES),IN,0,INTERBANK_CLEARING
TX_NPCI_120075,AXIS_ACC_20026,INDUS_ACC_20037,276729.9,2026-01-11 02:56:19,INTERBANK_SETTLEMENT,NEFT,NPCI Interbank (AXIS -> INDUS),IN,0,INTERBANK_CLEARING
TX_NPCI_120076,HDFC_ACC_20055,HDFC_ACC_20215,575.26,2026-01-11 02:56:48,INTERBANK_SETTLEMENT,IMPS,NPCI Interbank (HDFC -> HDFC),IN,0,INTERBANK_CLEARING
TX_NPCI_120077,BOB_ACC_20214,ICICI_ACC_20023,4054.96,2026-01-10 20:25:07,INTERBANK_SETTLEMENT,UPI,NPCI Interbank (BOB -> ICICI),IN,0,INTERBANK_CLEARING
TX_NPCI_120078,CANARA_ACC_20194,SBI_ACC_20246,1229.97,2026-01-10 16:30:02,INTERBANK_SETTLEMENT,UPI,NPCI Interbank (CANARA -> SBI),IN,0,INTERBANK_CLEARING
TX_NPCI_120079,CANARA_ACC_20086,AXIS_ACC_20191,28486.41,2026-01-10 23:42:00,INTERBANK_SETTLEMENT,IMPS,NPCI Interbank (CANARA -> AXIS),IN,0,INTERBANK_CLEARING
TX_NPCI_120080,YES_ACC_20194,KOTAK_ACC_20068,480.8,2026-01-10 21:44:36,INTERBANK_SETTLEMENT,UPI,NPCI Interbank (YES -> KOTAK),IN,0,INTERBANK_CLEARING
TX_NPCI_120081,ICICI_ACC_20063,KOTAK_ACC_20136,5166.38,2026-01-10 13:14:16,INTERBANK_SETTLEMENT,UPI,NPCI Interbank (ICICI -> KOTAK),IN,0,INTERBANK_CLEARING
TX_NPCI_120082,ICICI_ACC_20215,CANARA_ACC_20210,450.95,2026-01-10 16:30:54,INTERBANK_SETTLEMENT,RTGS,NPCI Interbank (ICICI -> CANARA),IN,0,INTERBANK_CLEARING
TX_NPCI_120083,AXIS_ACC_20191,AXIS_ACC_20185,1665.23,2026-01-10 21:45:39,INTERBANK_SETTLEMENT,NEFT,NPCI Interbank (AXIS -> AXIS),IN,0,INTERBANK_CLEARING
TX_NPCI_120084,HDFC_ACC_20167,HDFC_ACC_20198,2342.15,2026-01-11 01:02:40,INTERBANK_SETTLEMENT,UPI,NPCI Interbank (HDFC -> HDFC),IN,0,INTERBANK_CLEARING
TX_NPCI_120085,YES_ACC_20161,SBI_ACC_20224,8809.89,2026-01-10 14:33:30,INTERBANK_SETTLEMENT,UPI,NPCI Interbank (YES -> SBI),IN,0,INTERBANK_CLEARING
TX_NPCI_120086,PNB_ACC_20144,ICICI_ACC_20211,670.08,2026-01-11 01:42:54,INTERBANK_SETTLEMENT,UPI,NPCI Interbank (PNB -> ICICI),IN,0,INTERBANK_CLEARING
TX_NPCI_120087,AXIS_ACC_20205,KOTAK_ACC_20058,5410.3,2026-01-10 14:33:50,INTERBANK_SETTLEMENT,UPI,NPCI Interbank (AXIS -> KOTAK),IN,0,INTERBANK_CLEARING
TX_NPCI_120088,AXIS_ACC_20019,ICICI_ACC_20157,2496.22,2026-01-11 01:43:48,INTERBANK_SETTLEMENT,UPI,NPCI Interbank (AXIS -> ICICI),IN,0,INTERBANK_CLEARING
TX_NPCI_120089,KOTAK_ACC_20223,YES_ACC_20217,3385.82,2026-01-11 03:03:05,INTERBANK_SETTLEMENT,UPI,NPCI Interbank (KOTAK -> YES),IN,0,INTERBANK_CLEARING
TX_NPCI_120090,YES_ACC_20060,ICICI_ACC_20229,7707.89,2026-01-10 12:36:02,INTERBANK_SETTLEMENT,IMPS,NPCI Interbank (YES -> ICICI),IN,0,INTERBANK_CLEARING
TX_NPCI_120091,INDUS_ACC_20021,AXIS_ACC_20182,523.71,2026-01-10 23:07:21,INTERBANK_SETTLEMENT,NEFT,NPCI Interbank (INDUS -> AXIS),IN,0,INTERBANK_CLEARING
TX_NPCI_120092,SBI_ACC_20177,HDFC_ACC_20163,6455.67,2026-01-10 23:07:44,INTERBANK_SETTLEMENT,IMPS,NPCI Interbank (SBI -> HDFC),IN,0,INTERBANK_CLEARING
TX_NPCI_120093,YES_ACC_20125,INDUS_ACC_20229,1233.13,2026-01-10 11:56:54,INTERBANK_SETTLEMENT,UPI,NPCI Interbank (YES -> INDUS),IN,0,INTERBANK_CLEARING
TX_NPCI_120094,PNB_ACC_20028,PNB_ACC_20043,9091.07,2026-01-10 21:49:30,INTERBANK_SETTLEMENT,UPI,NPCI Interbank (PNB -> PNB),IN,0,INTERBANK_CLEARING
TX_NPCI_120095,SBI_ACC_20248,HDFC_ACC_20078,3646.3,2026-01-10 15:14:41,INTERBANK_SETTLEMENT,UPI,NPCI Interbank (SBI -> HDFC),IN,0,INTERBANK_CLEARING
TX_NPCI_120096,AXIS_ACC_20026,SBI_ACC_20193,1898.02,2026-01-11 03:46:00,INTERBANK_SETTLEMENT,UPI,NPCI Interbank (AXIS -> SBI),IN,0,INTERBANK_CLEARING
TX_NPCI_120097,SBI_ACC_20043,INDUS_ACC_20189,1202.27,2026-01-10 13:55:57,INTERBANK_SETTLEMENT,UPI,NPCI Interbank (SBI -> INDUS),IN,0,INTERBANK_CLEARING
TX_NPCI_120098,YES_ACC_20244,AXIS_ACC_20244,6554.81,2026-01-10 19:52:12,INTERBANK_SETTLEMENT,UPI,NPCI Interbank (YES -> AXIS),IN,0,INTERBANK_CLEARING
TX_NPCI_120099,BOB_ACC_20237,KOTAK_ACC_20039,11082.72,2026-01-10 21:51:15,INTERBANK_SETTLEMENT,UPI,NPCI Interbank (BOB -> KOTAK),IN,0,INTERBANK_CLEARING
TX_NPCI_120100,INDUS_ACC_20105,KOTAK_ACC_20069,1287.66,2026-01-10 21:51:36,INTERBANK_SETTLEMENT,IMPS,NPCI Interbank (INDUS -> KOTAK),IN,0,INTERBANK_CLEARING
TX_NPCI_120101,ICICI_ACC_20007,INDUS_ACC_20086,626.65,2026-01-10 13:16:56,INTERBANK_SETTLEMENT,UPI,NPCI Interbank (ICICI -> INDUS),IN,0,INTERBANK_CLEARING
TX_NPCI_120102,INDUS_ACC_20198,CANARA_ACC_20214,5614.19,2026-01-10 23:11:34,INTERBANK_SETTLEMENT,IMPS,NPCI Interbank (INDUS -> CANARA),IN,0,INTERBANK_CLEARING
TX_NPCI_120103,CANARA_ACC_20016,ICICI_ACC_20122,429.13,2026-01-10 14:36:30,INTERBANK_SETTLEMENT,UPI,NPCI Interbank (CANARA -> ICICI),IN,0,INTERBANK_CLEARING
TX_NPCI_120104,YES_ACC_20075,AXIS_ACC_20192,509.48,2026-01-10 21:13:20,INTERBANK_SETTLEMENT,UPI,NPCI Interbank (YES -> AXIS),IN,0,INTERBANK_CLEARING
TX_NPCI_120105,AXIS_ACC_20204,AXIS_ACC_20066,681.82,2026-01-10 23:12:43,INTERBANK_SETTLEMENT,UPI,NPCI Interbank (AXIS -> AXIS),IN,0,INTERBANK_CLEARING
TX_NPCI_120106,CANARA_ACC_20184,HDFC_ACC_20087,1482.46,2026-01-10 19:14:54,INTERBANK_SETTLEMENT,UPI,NPCI Interbank (CANARA -> HDFC),IN,0,INTERBANK_CLEARING
TX_NPCI_120107,PNB_ACC_20081,YES_ACC_20142,490.98,2026-01-11 00:32:55,INTERBANK_SETTLEMENT,NEFT,NPCI Interbank (PNB -> YES),IN,0,INTERBANK_CLEARING
TX_NPCI_120108,CANARA_ACC_20129,SBI_ACC_20167,238.28,2026-01-10 21:14:40,INTERBANK_SETTLEMENT,UPI,NPCI Interbank (CANARA -> SBI),IN,0,INTERBANK_CLEARING
TX_NPCI_120109,INDUS_ACC_20099,SBI_ACC_20166,624.82,2026-01-10 19:15:45,INTERBANK_SETTLEMENT,UPI,NPCI Interbank (INDUS -> SBI),IN,0,INTERBANK_CLEARING
TX_NPCI_120110,PNB_ACC_20099,SBI_ACC_20241,5276.24,2026-01-10 22:34:52,INTERBANK_SETTLEMENT,UPI,NPCI Interbank (PNB -> SBI),IN,0,INTERBANK_CLEARING
TX_NPCI_120111,AXIS_ACC_20044,CANARA_ACC_20057,530.67,2026-01-10 19:56:06,INTERBANK_SETTLEMENT,UPI,NPCI Interbank (AXIS -> CANARA),IN,0,INTERBANK_CLEARING
TX_NPCI_120112,CANARA_ACC_20197,CANARA_ACC_20221,1622.42,2026-01-10 15:17:48,INTERBANK_SETTLEMENT,UPI,NPCI Interbank (CANARA -> CANARA),IN,0,INTERBANK_CLEARING
TX_NPCI_120113,HDFC_ACC_20089,YES_ACC_20137,25236.29,2026-01-10 11:58:54,INTERBANK_SETTLEMENT,UPI,NPCI Interbank (HDFC -> YES),IN,0,INTERBANK_CLEARING
TX_NPCI_120114,KOTAK_ACC_20094,BOB_ACC_20106,2300.75,2026-01-10 11:19:10,INTERBANK_SETTLEMENT,NEFT,NPCI Interbank (KOTAK -> BOB),IN,0,INTERBANK_CLEARING
TX_NPCI_120115,INDUS_ACC_20109,SBI_ACC_20179,3681.36,2026-01-11 01:16:06,INTERBANK_SETTLEMENT,UPI,NPCI Interbank (INDUS -> SBI),IN,0,INTERBANK_CLEARING
TX_NPCI_120116,AXIS_ACC_20086,CANARA_ACC_20198,784.27,2026-01-10 14:38:40,INTERBANK_SETTLEMENT,UPI,NPCI Interbank (AXIS -> CANARA),IN,0,INTERBANK_CLEARING
TX_NPCI_120117,PNB_ACC_20022,YES_ACC_20123,32734.01,2026-01-10 17:58:15,INTERBANK_SETTLEMENT,RTGS,NPCI Interbank (PNB -> YES),IN,0,INTERBANK_CLEARING
TX_NPCI_120118,KOTAK_ACC_20170,INDUS_ACC_20156,1274.68,2026-01-10 23:17:42,INTERBANK_SETTLEMENT,UPI,NPCI Interbank (KOTAK -> INDUS),IN,0,INTERBANK_CLEARING
TX_NPCI_120119,HDFC_ACC_20116,KOTAK_ACC_20079,1856.18,2026-01-10 18:38:40,INTERBANK_SETTLEMENT,IMPS,NPCI Interbank (HDFC -> KOTAK),IN,0,INTERBANK_CLEARING
TX_NPCI_120120,SBI_ACC_20119,ICICI_ACC_20093,11854.59,2026-01-10 20:38:44,INTERBANK_SETTLEMENT,RTGS,NPCI Interbank (SBI -> ICICI),IN,0,INTERBANK_CLEARING
TX_NPCI_120121,HDFC_ACC_20064,BOB_ACC_20047,1962.39,2026-01-10 19:19:09,INTERBANK_SETTLEMENT,NEFT,NPCI Interbank (HDFC -> BOB),IN,0,INTERBANK_CLEARING
TX_NPCI_120122,KOTAK_ACC_20194,INDUS_ACC_20077,2584.96,2026-01-10 16:39:34,INTERBANK_SETTLEMENT,UPI,NPCI Interbank (KOTAK -> INDUS),IN,0,INTERBANK_CLEARING
TX_NPCI_120123,HDFC_ACC_20166,INDUS_ACC_20127,1740.58,2026-01-11 02:39:32,INTERBANK_SETTLEMENT,NEFT,NPCI Interbank (HDFC -> INDUS),IN,0,INTERBANK_CLEARING
TX_NPCI_120124,BOB_ACC_20203,YES_ACC_20154,1754.96,2026-01-10 16:40:00,INTERBANK_SETTLEMENT,UPI,NPCI Interbank (BOB -> YES),IN,0,INTERBANK_CLEARING
TX_NPCI_120125,PNB_ACC_20098,CANARA_ACC_20011,3807.02,2026-01-11 00:00:24,INTERBANK_SETTLEMENT,UPI,NPCI Interbank (PNB -> CANARA),IN,0,INTERBANK_CLEARING
TX_NPCI_120126,KOTAK_ACC_20193,CANARA_ACC_20189,4738.76,2026-01-11 04:01:00,INTERBANK_SETTLEMENT,UPI,NPCI Interbank (KOTAK -> CANARA),IN,0,INTERBANK_CLEARING
TX_NPCI_120127,CANARA_ACC_20210,ICICI_ACC_20016,1127.89,2026-01-10 13:20:24,INTERBANK_SETTLEMENT,NEFT,NPCI Interbank (CANARA -> ICICI),IN,0,INTERBANK_CLEARING
TX_NPCI_120128,CANARA_ACC_20230,HDFC_ACC_20095,973.31,2026-01-10 13:20:32,INTERBANK_SETTLEMENT,UPI,NPCI Interbank (CANARA -> HDFC),IN,0,INTERBANK_CLEARING
TX_NPCI_120129,INDUS_ACC_20112,HDFC_ACC_20148,1175.02,2026-01-10 12:00:30,INTERBANK_SETTLEMENT,NEFT,NPCI Interbank (INDUS -> HDFC),IN,0,INTERBANK_CLEARING
TX_NPCI_120130,INDUS_ACC_20226,AXIS_ACC_20222,454.18,2026-01-10 23:22:18,INTERBANK_SETTLEMENT,UPI,NPCI Interbank (INDUS -> AXIS),IN,0,INTERBANK_CLEARING
TX_NPCI_120131,SBI_ACC_20188,INDUS_ACC_20218,361.94,2026-01-10 16:41:31,INTERBANK_SETTLEMENT,IMPS,NPCI Interbank (SBI -> INDUS),IN,0,INTERBANK_CLEARING
TX_NPCI_120132,CANARA_ACC_20170,ICICI_ACC_20151,3486.31,2026-01-10 22:02:48,INTERBANK_SETTLEMENT,UPI,NPCI Interbank (CANARA -> ICICI),IN,0,INTERBANK_CLEARING
TX_NPCI_120133,ICICI_ACC_20226,ICICI_ACC_20126,7527.48,2026-01-11 04:04:30,INTERBANK_SETTLEMENT,UPI,NPCI Interbank (ICICI -> ICICI),IN,0,INTERBANK_CLEARING
TX_NPCI_120134,AXIS_ACC_20235,SBI_ACC_20182,6941.37,2026-01-10 22:43:40,INTERBANK_SETTLEMENT,IMPS,NPCI Interbank (AXIS -> SBI),IN,0,INTERBANK_CLEARING
TX_NPCI_120135,BOB_ACC_20146,HDFC_ACC_20044,140.0,2026-01-10 23:24:13,INTERBANK_SETTLEMENT,UPI,NPCI Interbank (BOB -> HDFC),IN,0,INTERBANK_CLEARING
TX_NPCI_120136,ICICI_ACC_20211,BOB_ACC_20051,1818.78,2026-01-11 01:25:12,INTERBANK_SETTLEMENT,NEFT,NPCI Interbank (ICICI -> BOB),IN,0,INTERBANK_CLEARING
TX_NPCI_120137,BOB_ACC_20182,CANARA_ACC_20201,650.34,2026-01-11 02:46:04,INTERBANK_SETTLEMENT,UPI,NPCI Interbank (BOB -> CANARA),IN,0,INTERBANK_CLEARING
TX_NPCI_120138,CANARA_ACC_20088,PNB_ACC_20218,2900.05,2026-01-10 12:01:24,INTERBANK_SETTLEMENT,IMPS,NPCI Interbank (CANARA -> PNB),IN,0,INTERBANK_CLEARING
TX_NPCI_120139,ICICI_ACC_20119,YES_ACC_20121,1478.25,2026-01-10 16:03:00,INTERBANK_SETTLEMENT,UPI,NPCI Interbank (ICICI -> YES),IN,0,INTERBANK_CLEARING
TX_NPCI_120140,PNB_ACC_20012,PNB_ACC_20234,4965.62,2026-01-10 12:01:36,INTERBANK_SETTLEMENT,IMPS,NPCI Interbank (PNB -> PNB),IN,0,INTERBANK_CLEARING
TX_NPCI_120141,YES_ACC_20019,HDFC_ACC_20198,2385.15,2026-01-10 15:23:07,INTERBANK_SETTLEMENT,NEFT,NPCI Interbank (YES -> HDFC),IN,0,INTERBANK_CLEARING
TX_NPCI_120142,BOB_ACC_20229,INDUS_ACC_20177,250.84,2026-01-11 01:27:48,INTERBANK_SETTLEMENT,UPI,NPCI Interbank (BOB -> INDUS),IN,0,INTERBANK_CLEARING
TX_NPCI_120143,INDUS_ACC_20181,INDUS_ACC_20151,764.71,2026-01-10 21:26:20,INTERBANK_SETTLEMENT,IMPS,NPCI Interbank (INDUS -> INDUS),IN,0,INTERBANK_CLEARING
TX_NPCI_120144,PNB_ACC_20152,AXIS_ACC_20166,2457.6,2026-01-10 11:21:40,INTERBANK_SETTLEMENT,UPI,NPCI Interbank (PNB -> AXIS),IN,0,INTERBANK_CLEARING
TX_NPCI_120145,PNB_ACC_20083,YES_ACC_20019,2719.31,2026-01-10 21:27:00,INTERBANK_SETTLEMENT,UPI,NPCI Interbank (PNB -> YES),IN,0,INTERBANK_CLEARING
TX_NPCI_120146,HDFC_ACC_20064,PNB_ACC_20087,451.78,2026-01-10 12:02:12,INTERBANK_SETTLEMENT,UPI,NPCI Interbank (HDFC -> PNB),IN,0,INTERBANK_CLEARING
TX_NPCI_120147,PNB_ACC_20215,KOTAK_ACC_20106,386.16,2026-01-10 18:46:08,INTERBANK_SETTLEMENT,UPI,NPCI Interbank (PNB -> KOTAK),IN,0,INTERBANK_CLEARING
TX_NPCI_120148,AXIS_ACC_20116,ICICI_ACC_20145,2611.02,2026-01-10 14:03:36,INTERBANK_SETTLEMENT,NEFT,NPCI Interbank (AXIS -> ICICI),IN,0,INTERBANK_CLEARING
TX_NPCI_120149,KOTAK_ACC_20132,SBI_ACC_20165,452.87,2026-01-10 13:23:20,INTERBANK_SETTLEMENT,UPI,NPCI Interbank (KOTAK -> SBI),IN,0,INTERBANK_CLEARING
TX_NPCI_120150,KOTAK_ACC_20184,AXIS_ACC_20120,329.52,2026-01-10 19:27:22,INTERBANK_SETTLEMENT,IMPS,NPCI Interbank (KOTAK -> AXIS),IN,0,INTERBANK_CLEARING
TX_NPCI_120151,INDUS_ACC_20240,HDFC_ACC_20037,1430.57,2026-01-10 12:43:09,INTERBANK_SETTLEMENT,UPI,NPCI Interbank (INDUS -> HDFC),IN,0,INTERBANK_CLEARING
TX_NPCI_120152,YES_ACC_20035,ICICI_ACC_20014,1358.13,2026-01-11 00:11:12,INTERBANK_SETTLEMENT,UPI,NPCI Interbank (YES -> ICICI),IN,0,INTERBANK_CLEARING
TX_NPCI_120153,BOB_ACC_20087,KOTAK_ACC_20174,850.58,2026-01-10 14:04:21,INTERBANK_SETTLEMENT,UPI,NPCI Interbank (BOB -> KOTAK),IN,0,INTERBANK_CLEARING
TX_NPCI_120154,INDUS_ACC_20044,BOB_ACC_20110,1048.92,2026-01-10 17:27:00,INTERBANK_SETTLEMENT,IMPS,NPCI Interbank (INDUS -> BOB),IN,0,INTERBANK_CLEARING
TX_NPCI_120155,KOTAK_ACC_20133,ICICI_ACC_20054,2481.46,2026-01-10 12:43:37,INTERBANK_SETTLEMENT,UPI,NPCI Interbank (KOTAK -> ICICI),IN,0,INTERBANK_CLEARING
TX_NPCI_120156,KOTAK_ACC_20093,HDFC_ACC_20228,1028.45,2026-01-11 00:12:48,INTERBANK_SETTLEMENT,IMPS,NPCI Interbank (KOTAK -> HDFC),IN,0,INTERBANK_CLEARING
TX_NPCI_120157,ICICI_ACC_20157,AXIS_ACC_20100,2656.69,2026-01-10 21:31:00,INTERBANK_SETTLEMENT,UPI,NPCI Interbank (ICICI -> AXIS),IN,0,INTERBANK_CLEARING
TX_NPCI_120158,ICICI_ACC_20072,INDUS_ACC_20070,1546.02,2026-01-10 12:43:58,INTERBANK_SETTLEMENT,NEFT,NPCI Interbank (ICICI -> INDUS),IN,0,INTERBANK_CLEARING
TX_NPCI_120159,PNB_ACC_20190,PNB_ACC_20055,2984.48,2026-01-10 19:29:55,INTERBANK_SETTLEMENT,UPI,NPCI Interbank (PNB -> PNB),IN,0,INTERBANK_CLEARING
TX_NPCI_120160,ICICI_ACC_20172,AXIS_ACC_20059,7001.27,2026-01-10 21:32:00,INTERBANK_SETTLEMENT,UPI,NPCI Interbank (ICICI -> AXIS),IN,0,INTERBANK_CLEARING
TX_NPCI_120161,ICICI_ACC_20039,AXIS_ACC_20085,6681.5,2026-01-10 22:12:57,INTERBANK_SETTLEMENT,UPI,NPCI Interbank (ICICI -> AXIS),IN,0,INTERBANK_CLEARING
TX_NPCI_120162,PNB_ACC_20097,CANARA_ACC_20210,11451.23,2026-01-10 20:11:24,INTERBANK_SETTLEMENT,UPI,NPCI Interbank (PNB -> CANARA),IN,0,INTERBANK_CLEARING
TX_NPCI_120163,AXIS_ACC_20179,YES_ACC_20128,6672.68,2026-01-11 02:17:33,INTERBANK_SETTLEMENT,IMPS,NPCI Interbank (AXIS -> YES),IN,0,INTERBANK_CLEARING
TX_NPCI_120164,ICICI_ACC_20228,CANARA_ACC_20244,3249.54,2026-01-11 04:20:00,INTERBANK_SETTLEMENT,UPI,NPCI Interbank (ICICI -> CANARA),IN,0,INTERBANK_CLEARING
TX_NPCI_120165,ICICI_ACC_20071,PNB_ACC_20050,1450.82,2026-01-11 00:57:05,INTERBANK_SETTLEMENT,NEFT,NPCI Interbank (ICICI -> PNB),IN,0,INTERBANK_CLEARING
TX_NPCI_120166,AXIS_ACC_20029,PNB_ACC_20244,1532.55,2026-01-10 21:34:00,INTERBANK_SETTLEMENT,UPI,NPCI Interbank (AXIS -> PNB),IN,0,INTERBANK_CLEARING
TX_NPCI_120167,HDFC_ACC_20129,PNB_ACC_20000,851.22,2026-01-10 22:55:46,INTERBANK_SETTLEMENT,RTGS,NPCI Interbank (HDFC -> PNB),IN,0,INTERBANK_CLEARING
TX_NPCI_120168,KOTAK_ACC_20206,BOB_ACC_20162,2453.9,2026-01-10 22:15:24,INTERBANK_SETTLEMENT,IMPS,NPCI Interbank (KOTAK -> BOB),IN,0,INTERBANK_CLEARING
TX_NPCI_120169,KOTAK_ACC_20098,YES_ACC_20160,5635.63,2026-01-10 23:37:15,INTERBANK_SETTLEMENT,UPI,NPCI Interbank (KOTAK -> YES),IN,0,INTERBANK_CLEARING
TX_NPCI_120170,YES_ACC_20033,AXIS_ACC_20067,1021.68,2026-01-10 14:47:40,INTERBANK_SETTLEMENT,UPI,NPCI Interbank (YES -> AXIS),IN,0,INTERBANK_CLEARING
TX_NPCI_120171,CANARA_ACC_20170,INDUS_ACC_20218,2334.0,2026-01-10 22:57:14,INTERBANK_SETTLEMENT,UPI,NPCI Interbank (CANARA -> INDUS),IN,0,INTERBANK_CLEARING
TX_NPCI_120172,ICICI_ACC_20104,ICICI_ACC_20219,1082.65,2026-01-10 23:38:24,INTERBANK_SETTLEMENT,UPI,NPCI Interbank (ICICI -> ICICI),IN,0,INTERBANK_CLEARING
TX_NPCI_120173,AXIS_ACC_20170,AXIS_ACC_20245,3137.64,2026-01-10 23:38:47,INTERBANK_SETTLEMENT,UPI,NPCI Interbank (AXIS -> AXIS),IN,0,INTERBANK_CLEARING
TX_NPCI_120174,AXIS_ACC_20068,INDUS_ACC_20052,1262.36,2026-01-11 01:00:50,INTERBANK_SETTLEMENT,NEFT,NPCI Interbank (AXIS -> INDUS),IN,0,INTERBANK_CLEARING
TX_NPCI_120175,INDUS_ACC_20094,BOB_ACC_20055,1004.84,2026-01-10 14:48:30,INTERBANK_SETTLEMENT,IMPS,NPCI Interbank (INDUS -> BOB),IN,0,INTERBANK_CLEARING
TX_NPCI_120176,INDUS_ACC_20239,CANARA_ACC_20175,1079.27,2026-01-10 21:37:20,INTERBANK_SETTLEMENT,UPI,NPCI Interbank (INDUS -> CANARA),IN,0,INTERBANK_CLEARING
TX_NPCI_120177,KOTAK_ACC_20175,SBI_ACC_20022,4464.87,2026-01-10 14:07:57,INTERBANK_SETTLEMENT,IMPS,NPCI Interbank (KOTAK -> SBI),IN,0,INTERBANK_CLEARING
TX_NPCI_120178,KOTAK_ACC_20220,HDFC_ACC_20041,2173.08,2026-01-11 00:21:36,INTERBANK_SETTLEMENT,RTGS,NPCI Interbank (KOTAK -> HDFC),IN,0,INTERBANK_CLEARING
TX_NPCI_120179,PNB_ACC_20005,KOTAK_ACC_20062,1459.57,2026-01-10 23:41:05,INTERBANK_SETTLEMENT,RTGS,NPCI Interbank (PNB -> KOTAK),IN,0,INTERBANK_CLEARING
TX_NPCI_120180,CANARA_ACC_20049,BOB_ACC_20201,3339.86,2026-01-10 16:52:08,INTERBANK_SETTLEMENT,IMPS,NPCI Interbank (CANARA -> BOB),IN,0,INTERBANK_CLEARING
TX_NPCI_120181,BOB_ACC_20079,ICICI_ACC_20157,1484.12,2026-01-10 12:46:39,INTERBANK_SETTLEMENT,UPI,NPCI Interbank (BOB -> ICICI),IN,0,INTERBANK_CLEARING
TX_NPCI_120182,ICICI_ACC_20210,CANARA_ACC_20246,9431.6,2026-01-11 00:23:12,INTERBANK_SETTLEMENT,IMPS,NPCI Interbank (ICICI -> CANARA),IN,0,INTERBANK_CLEARING
TX_NPCI_120183,ICICI_ACC_20199,HDFC_ACC_20073,758.51,2026-01-10 22:20:39,INTERBANK_SETTLEMENT,UPI,NPCI Interbank (ICICI -> HDFC),IN,0,INTERBANK_CLEARING
TX_NPCI_120184,KOTAK_ACC_20130,PNB_ACC_20247,1950.1,2026-01-11 00:24:00,INTERBANK_SETTLEMENT,IMPS,NPCI Interbank (KOTAK -> PNB),IN,0,INTERBANK_CLEARING
TX_NPCI_120185,YES_ACC_20032,AXIS_ACC_20189,452.27,2026-01-10 19:37:17,INTERBANK_SETTLEMENT,NEFT,NPCI Interbank (YES -> AXIS),IN,0,INTERBANK_CLEARING
TX_NPCI_120186,HDFC_ACC_20100,ICICI_ACC_20017,1609.62,2026-01-10 13:28:16,INTERBANK_SETTLEMENT,UPI,NPCI Interbank (HDFC -> ICICI),IN,0,INTERBANK_CLEARING
TX_NPCI_120187,YES_ACC_20236,ICICI_ACC_20212,325.2,2026-01-10 22:22:03,INTERBANK_SETTLEMENT,IMPS,NPCI Interbank (YES -> ICICI),IN,0,INTERBANK_CLEARING
TX_NPCI_120188,SBI_ACC_20153,HDFC_ACC_20047,5976.44,2026-01-10 11:25:20,INTERBANK_SETTLEMENT,UPI,NPCI Interbank (SBI -> HDFC),IN,0,INTERBANK_CLEARING
TX_NPCI_120189,HDFC_ACC_20246,CANARA_ACC_20176,6122.98,2026-01-10 21:00:35,INTERBANK_SETTLEMENT,UPI,NPCI Interbank (HDFC -> CANARA),IN,0,INTERBANK_CLEARING
TX_NPCI_120190,SBI_ACC_20067,BOB_ACC_20097,6254.17,2026-01-11 00:26:24,INTERBANK_SETTLEMENT,IMPS,NPCI Interbank (SBI -> BOB),IN,0,INTERBANK_CLEARING
TX_NPCI_120191,YES_ACC_20124,PNB_ACC_20093,2526.64,2026-01-11 03:11:16,INTERBANK_SETTLEMENT,UPI,NPCI Interbank (YES -> PNB),IN,0,INTERBANK_CLEARING
TX_NPCI_120192,KOTAK_ACC_20181,INDUS_ACC_20034,849.08,2026-01-10 11:25:40,INTERBANK_SETTLEMENT,NEFT,NPCI Interbank (KOTAK -> INDUS),IN,0,INTERBANK_CLEARING
TX_NPCI_120193,ICICI_ACC_20071,KOTAK_ACC_20020,934.11,2026-01-11 01:49:54,INTERBANK_SETTLEMENT,UPI,NPCI Interbank (ICICI -> KOTAK),IN,0,INTERBANK_CLEARING
TX_NPCI_120194,INDUS_ACC_20227,YES_ACC_20156,15309.16,2026-01-10 12:48:10,INTERBANK_SETTLEMENT,UPI,NPCI Interbank (INDUS -> YES),IN,0,INTERBANK_CLEARING
TX_NPCI_120195,INDUS_ACC_20101,KOTAK_ACC_20127,13668.0,2026-01-11 01:09:35,INTERBANK_SETTLEMENT,UPI,NPCI Interbank (INDUS -> KOTAK),IN,0,INTERBANK_CLEARING
TX_NPCI_120196,HDFC_ACC_20195,KOTAK_ACC_20177,2827.27,2026-01-10 20:21:36,INTERBANK_SETTLEMENT,RTGS,NPCI Interbank (HDFC -> KOTAK),IN,0,INTERBANK_CLEARING
TX_NPCI_120197,HDFC_ACC_20097,YES_ACC_20235,1314.54,2026-01-10 13:29:44,INTERBANK_SETTLEMENT,IMPS,NPCI Interbank (HDFC -> YES),IN,0,INTERBANK_CLEARING
TX_NPCI_120198,BOB_ACC_20159,INDUS_ACC_20020,12611.29,2026-01-11 03:14:32,INTERBANK_SETTLEMENT,UPI,NPCI Interbank (BOB -> INDUS),IN,0,INTERBANK_CLEARING
TX_NPCI_120199,SBI_ACC_20163,BOB_ACC_20179,1060.61,2026-01-10 13:30:00,INTERBANK_SETTLEMENT,UPI,NPCI Interbank (SBI -> BOB),IN,0,INTERBANK_CLEARING
TX_NPCI_120200,CANARA_ACC_20155,AXIS_ACC_20218,3211.9,2026-01-11 00:30:24,INTERBANK_SETTLEMENT,IMPS,NPCI Interbank (CANARA -> AXIS),IN,0,INTERBANK_CLEARING
TX_NPCI_120201,AXIS_ACC_20117,BOB_ACC_20055,12361.58,2026-01-10 21:04:23,INTERBANK_SETTLEMENT,UPI,NPCI Interbank (AXIS -> BOB),IN,0,INTERBANK_CLEARING
TX_NPCI_120202,INDUS_ACC_20048,YES_ACC_20011,894.62,2026-01-11 03:16:24,INTERBANK_SETTLEMENT,UPI,NPCI Interbank (INDUS -> YES),IN,0,INTERBANK_CLEARING
TX_NPCI_120203,KOTAK_ACC_20066,PNB_ACC_20116,6601.61,2026-01-11 02:35:33,INTERBANK_SETTLEMENT,UPI,NPCI Interbank (KOTAK -> PNB),IN,0,INTERBANK_CLEARING
TX_NPCI_120204,KOTAK_ACC_20211,ICICI_ACC_20067,4558.15,2026-01-10 16:57:20,INTERBANK_SETTLEMENT,NEFT,NPCI Interbank (KOTAK -> ICICI),IN,0,INTERBANK_CLEARING
TX_NPCI_120205,CANARA_ACC_20202,AXIS_ACC_20209,2327.57,2026-01-10 15:34:51,INTERBANK_SETTLEMENT,NEFT,NPCI Interbank (CANARA -> AXIS),IN,0,INTERBANK_CLEARING
TX_NPCI_120206,BOB_ACC_20183,SBI_ACC_20003,740.91,2026-01-10 16:16:24,INTERBANK_SETTLEMENT,NEFT,NPCI Interbank (BOB -> SBI),IN,0,INTERBANK_CLEARING
TX_NPCI_120207,HDFC_ACC_20081,AXIS_ACC_20198,1023.18,2026-01-10 21:47:40,INTERBANK_SETTLEMENT,UPI,NPCI Interbank (HDFC -> AXIS),IN,0,INTERBANK_CLEARING
TX_NPCI_120208,BOB_ACC_20245,HDFC_ACC_20233,3454.18,2026-01-11 04:42:00,INTERBANK_SETTLEMENT,IMPS,NPCI Interbank (BOB -> HDFC),IN,0,INTERBANK_CLEARING
TX_NPCI_120209,INDUS_ACC_20085,HDFC_ACC_20200,442.3,2026-01-10 12:08:30,INTERBANK_SETTLEMENT,UPI,NPCI Interbank (INDUS -> HDFC),IN,0,INTERBANK_CLEARING
TX_NPCI_120210,KOTAK_ACC_20222,BOB_ACC_20148,2855.19,2026-01-10 19:02:56,INTERBANK_SETTLEMENT,RTGS,NPCI Interbank (KOTAK -> BOB),IN,0,INTERBANK_CLEARING
TX_NPCI_120211,KOTAK_ACC_20028,KOTAK_ACC_20000,4671.62,2026-01-11 02:39:09,INTERBANK_SETTLEMENT,UPI,NPCI Interbank (KOTAK -> KOTAK),IN,0,INTERBANK_CLEARING
TX_NPCI_120212,BOB_ACC_20226,ICICI_ACC_20195,7960.64,2026-01-10 21:49:20,INTERBANK_SETTLEMENT,NEFT,NPCI Interbank (BOB -> ICICI),IN,0,INTERBANK_CLEARING
TX_NPCI_120213,BOB_ACC_20013,PNB_ACC_20116,455.76,2026-01-10 19:03:44,INTERBANK_SETTLEMENT,UPI,NPCI Interbank (BOB -> PNB),IN,0,INTERBANK_CLEARING
TX_NPCI_120214,PNB_ACC_20095,KOTAK_ACC_20116,11843.05,2026-01-10 14:55:00,INTERBANK_SETTLEMENT,IMPS,NPCI Interbank (PNB -> KOTAK),IN,0,INTERBANK_CLEARING
TX_NPCI_120215,ICICI_ACC_20154,YES_ACC_20047,18665.57,2026-01-10 11:27:35,INTERBANK_SETTLEMENT,IMPS,NPCI Interbank (ICICI -> YES),IN,0,INTERBANK_CLEARING
TX_NPCI_120216,BOB_ACC_20078,ICICI_ACC_20116,3992.54,2026-01-11 02:41:24,INTERBANK_SETTLEMENT,RTGS,NPCI Interbank (BOB -> ICICI),IN,0,INTERBANK_CLEARING
TX_NPCI_120217,ICICI_ACC_20169,ICICI_ACC_20133,702.29,2026-01-10 19:46:21,INTERBANK_SETTLEMENT,UPI,NPCI Interbank (ICICI -> ICICI),IN,0,INTERBANK_CLEARING
TX_NPCI_120218,BOB_ACC_20044,ICICI_ACC_20142,1646.27,2026-01-10 23:56:02,INTERBANK_SETTLEMENT,IMPS,NPCI Interbank (BOB -> ICICI),IN,0,INTERBANK_CLEARING
TX_NPCI_120219,AXIS_ACC_20011,HDFC_ACC_20222,2305.11,2026-01-10 11:27:55,INTERBANK_SETTLEMENT,IMPS,NPCI Interbank (AXIS -> HDFC),IN,0,INTERBANK_CLEARING
TX_NPCI_120220,CANARA_ACC_20242,KOTAK_ACC_20030,3376.37,2026-01-11 02:43:12,INTERBANK_SETTLEMENT,IMPS,NPCI Interbank (CANARA -> KOTAK),IN,0,INTERBANK_CLEARING
TX_NPCI_120221,PNB_ACC_20106,BOB_ACC_20247,2505.84,2026-01-10 21:10:43,INTERBANK_SETTLEMENT,NEFT,NPCI Interbank (PNB -> BOB),IN,0,INTERBANK_CLEARING
TX_NPCI_120222,BOB_ACC_20161,BOB_ACC_20160,3420.01,2026-01-10 18:24:30,INTERBANK_SETTLEMENT,UPI,NPCI Interbank (BOB -> BOB),IN,0,INTERBANK_CLEARING
TX_NPCI_120223,YES_ACC_20194,CANARA_ACC_20133,2188.79,2026-01-11 04:07:51,INTERBANK_SETTLEMENT,UPI,NPCI Interbank (YES -> CANARA),IN,0,INTERBANK_CLEARING
